Log file open, 04/12/22 11:28:20
LogWindows: Failed to load 'aqProf.dll' (GetLastError=126)
LogWindows: File 'aqProf.dll' does not exist
LogWindows: Failed to load 'VtuneApi.dll' (GetLastError=126)
LogWindows: File 'VtuneApi.dll' does not exist
LogWindows: Failed to load 'VtuneApi32e.dll' (GetLastError=126)
LogWindows: File 'VtuneApi32e.dll' does not exist
LogConsoleResponse: Display: Failed to find resolution value strings in scalability ini. Falling back to default.
LogConsoleResponse: Display: Failed to find resolution value strings in scalability ini. Falling back to default.
LogInit: Display: Running engine for game: P8_VR_Home
LogPlatformFile: Not using cached read wrapper
LogTaskGraph: Started task graph with 5 named threads and 47 total threads with 3 sets of task threads.
LogStats: Stats thread started at 0.186277
LogICUInternationalization: ICU TimeZone Detection - Raw Offset: +1:00, Platform Override: ''
LogInit: Display: Loading text-based GConfig....
LogPluginManager: Mounting plugin MeshPainting
LogPluginManager: Mounting plugin XGEController
LogPluginManager: Mounting plugin Paper2D
LogPluginManager: Mounting plugin LiveLink
LogPluginManager: Mounting plugin AISupport
LogPluginManager: Mounting plugin EnvironmentQueryEditor
LogPluginManager: Mounting plugin LightPropagationVolume
LogPluginManager: Mounting plugin GameplayCameras
LogPluginManager: Mounting plugin CameraShakePreviewer
LogPluginManager: Mounting plugin CLionSourceCodeAccess
LogPluginManager: Mounting plugin CodeLiteSourceCodeAccess
LogPluginManager: Mounting plugin AnimationSharing
LogPluginManager: Mounting plugin KDevelopSourceCodeAccess
LogPluginManager: Mounting plugin GitSourceControl
LogPluginManager: Mounting plugin PixWinPlugin
LogPluginManager: Mounting plugin NullSourceCodeAccess
LogPluginManager: Mounting plugin PlasticSourceControl
LogPluginManager: Mounting plugin PluginUtils
LogPluginManager: Mounting plugin PerforceSourceControl
LogPluginManager: Mounting plugin RiderSourceCodeAccess
LogPluginManager: Mounting plugin PropertyAccessNode
LogPluginManager: Mounting plugin TextureFormatOodle
LogPluginManager: Mounting plugin SubversionSourceControl
LogPluginManager: Mounting plugin UObjectPlugin
LogPluginManager: Mounting plugin VisualStudioCodeSourceCodeAccess
LogPluginManager: Mounting plugin XCodeSourceCodeAccess
LogPluginManager: Mounting plugin VisualStudioSourceCodeAccess
LogPluginManager: Mounting plugin OodleData
LogPluginManager: Mounting plugin OodleNetwork
LogPluginManager: Mounting plugin DatasmithContent
LogPluginManager: Mounting plugin DataprepEditor
LogPluginManager: Mounting plugin DatasmithImporter
LogPluginManager: Mounting plugin VariantManagerContent
LogPluginManager: Mounting plugin StaticMeshEditorExtension
LogPluginManager: Mounting plugin Niagara
LogPluginManager: Mounting plugin LuminPlatformFeatures
LogPluginManager: Mounting plugin MagicLeap
LogPluginManager: Mounting plugin MagicLeapLightEstimation
LogPluginManager: Mounting plugin VariantManager
LogPluginManager: Mounting plugin MagicLeapPassableWorld
LogPluginManager: Mounting plugin MagicLeapMedia
LogPluginManager: Mounting plugin MLSDK
LogPluginManager: Mounting plugin AlembicImporter
LogPluginManager: Mounting plugin BlastPlugin
LogPluginManager: Mounting plugin ChaosCloth
LogPluginManager: Mounting plugin ChaosClothEditor
LogPluginManager: Mounting plugin AutomationUtils
LogPluginManager: Mounting plugin ChaosNiagara
LogPluginManager: Mounting plugin ChaosEditor
LogPluginManager: Mounting plugin BackChannel
LogPluginManager: Mounting plugin CharacterAI
LogPluginManager: Mounting plugin ChaosSolverPlugin
LogPluginManager: Mounting plugin GeometryCache
LogPluginManager: Mounting plugin GeometryCollectionPlugin
LogPluginManager: Mounting plugin AndroidMedia
LogPluginManager: Mounting plugin AvfMedia
LogPluginManager: Mounting plugin ImgMedia
LogPluginManager: Mounting plugin ActorSequence
LogPluginManager: Mounting plugin LevelSequenceEditor
LogPluginManager: Mounting plugin MediaCompositing
LogPluginManager: Mounting plugin MatineeToLevelSequence
LogPluginManager: Mounting plugin TemplateSequence
LogPluginManager: Mounting plugin GeometryProcessing
LogPluginManager: Mounting plugin MediaPlayerEditor
LogPluginManager: Mounting plugin MotoSynth
LogPluginManager: Mounting plugin OpenImageDenoise
LogPluginManager: Mounting plugin WebMMedia
LogPluginManager: Mounting plugin WmfMedia
LogPluginManager: Mounting plugin TcpMessaging
LogPluginManager: Mounting plugin UdpMessaging
LogPluginManager: Mounting plugin PlatformCrypto
LogPluginManager: Mounting plugin ProxyLODPlugin
LogPluginManager: Mounting plugin PlanarCut
LogPluginManager: Mounting plugin PythonScriptPlugin
LogPluginManager: Mounting plugin SkeletalReduction
LogPluginManager: Mounting plugin LauncherChunkInstaller
LogPluginManager: Mounting plugin OnlineSubsystem
LogPluginManager: Mounting plugin OnlineSubsystemNull
LogPluginManager: Mounting plugin OnlineSubsystemUtils
LogPluginManager: Mounting plugin Takes
LogPluginManager: Mounting plugin ScreenshotTools
LogPluginManager: Mounting plugin ActorLayerUtilities
LogPluginManager: Mounting plugin AndroidMoviePlayer
LogPluginManager: Mounting plugin AndroidDeviceProfileSelector
LogPluginManager: Mounting plugin AndroidPermission
LogPluginManager: Mounting plugin AppleImageUtils
LogPluginManager: Mounting plugin AppleMoviePlayer
LogPluginManager: Mounting plugin ArchVisCharacter
LogPluginManager: Mounting plugin AssetTags
LogPluginManager: Mounting plugin AudioCapture
LogPluginManager: Mounting plugin AudioSynesthesia
LogPluginManager: Mounting plugin CableComponent
LogPluginManager: Mounting plugin CustomMeshComponent
LogPluginManager: Mounting plugin ChunkDownloader
LogPluginManager: Mounting plugin EditableMesh
LogPluginManager: Mounting plugin ExampleDeviceProfileSelector
LogPluginManager: Mounting plugin GoogleCloudMessaging
LogPluginManager: Mounting plugin GooglePAD
LogPluginManager: Mounting plugin LinuxDeviceProfileSelector
LogPluginManager: Mounting plugin IOSDeviceProfileSelector
LogPluginManager: Mounting plugin LocationServicesBPLibrary
LogPluginManager: Mounting plugin MobilePatchingUtils
LogPluginManager: Mounting plugin OpenXR
LogPluginManager: Mounting plugin OpenXREyeTracker
LogPluginManager: Mounting plugin OpenXRHandTracking
LogPluginManager: Mounting plugin ProceduralMeshComponent
LogPluginManager: Mounting plugin PropertyAccessEditor
LogPluginManager: Mounting plugin ResonanceAudio
LogPluginManager: Mounting plugin RuntimePhysXCooking
LogPluginManager: Mounting plugin PostSplashScreen
LogPluginManager: Mounting plugin PhysXVehicles
LogPluginManager: Mounting plugin SignificanceManager
LogPluginManager: Mounting plugin SoundFields
LogPluginManager: Mounting plugin Synthesis
LogPluginManager: Mounting plugin WebMMoviePlayer
LogPluginManager: Mounting plugin WindowsMoviePlayer
LogPluginManager: Mounting plugin AssetManagerEditor
LogPluginManager: Mounting plugin CryptoKeys
LogPluginManager: Mounting plugin CurveEditorTools
LogPluginManager: Mounting plugin DataValidation
LogPluginManager: Mounting plugin EditorScriptingUtilities
LogPluginManager: Mounting plugin FacialAnimation
LogPluginManager: Mounting plugin GameplayTagsEditor
LogPluginManager: Mounting plugin MacGraphicsSwitching
LogPluginManager: Mounting plugin GeometryMode
LogPluginManager: Mounting plugin MaterialAnalyzer
LogPluginManager: Mounting plugin MeshEditor
LogPluginManager: Mounting plugin MobileLauncherProfileWizard
LogPluginManager: Mounting plugin SpeedTreeImporter
LogPluginManager: Mounting plugin PluginBrowser
LogPluginManager: Mounting plugin OnlineSubsystemGooglePlay
LogPluginManager: Mounting plugin OnlineSubsystemIOS
LogPluginManager: Mounting plugin OculusOpenXR
LogPluginManager: Mounting plugin OculusVR
LogPluginManager: Mounting plugin ContentBrowserAssetDataSource
LogPluginManager: Mounting plugin ContentBrowserClassDataSource
LogPluginManager: Mounting plugin ContentBrowserFileDataSource
PixWinPlugin: PIX capture plugin failed to initialize! Check that the process is launched from PIX.
LogInit: Using libcurl 7.55.1-DEV
LogInit:  - built for x86_64-pc-win32
LogInit:  - supports SSL with OpenSSL/1.1.1
LogInit:  - supports HTTP deflate (compression) using libz 1.2.8
LogInit:  - other features:
LogInit:      CURL_VERSION_SSL
LogInit:      CURL_VERSION_LIBZ
LogInit:      CURL_VERSION_IPV6
LogInit:      CURL_VERSION_ASYNCHDNS
LogInit:      CURL_VERSION_LARGEFILE
LogInit:      CURL_VERSION_IDN
LogInit:  CurlRequestOptions (configurable via config and command line):
LogInit:  - bVerifyPeer = true  - Libcurl will verify peer certificate
LogInit:  - bUseHttpProxy = false  - Libcurl will NOT use HTTP proxy
LogInit:  - bDontReuseConnections = false  - Libcurl will reuse connections
LogInit:  - MaxHostConnections = 16  - Libcurl will limit the number of connections to a host
LogInit:  - LocalHostAddr = Default
LogInit:  - BufferSize = 65536
LogOnline: OSS: Creating online subsystem instance for: NULL
LogInit: WinSock: version 1.1 (2.2), MaxSocks=32767, MaxUdp=65467
LogOnline: OSS: TryLoadSubsystemAndSetDefault: Loaded subsystem for module [NULL]
LogOculusPluginWrapper: OculusPlugin initialized successfully
LogHMD: Failed initializing OVRPlugin 1.59.0
LogInit: Build: ++UE4+Release-4.27-CL-18319896
LogInit: Engine Version: 4.27.2-18319896+++UE4+Release-4.27
LogInit: Compatible Engine Version: 4.27.0-17155196+++UE4+Release-4.27
LogInit: Net CL: 17155196
LogInit: OS: Windows 10 (Release 2009) (), CPU: AMD Ryzen 9 5900HS with Radeon Graphics        , GPU: AMD Radeon(TM) Graphics
LogInit: Compiled (64-bit): Nov 30 2021 07:12:08
LogInit: Compiled with Visual C++: 19.24.28315.00
LogInit: Build Configuration: Development
LogInit: Branch Name: ++UE4+Release-4.27
LogInit: Command Line:  -EpicPortal -epicusername=Teirrken -epicuserid=dfb2d60c641c4fbc9eea0e112e889e93 -epiclocale=en -epicsandboxid=ue
LogInit: Base Directory: C:/Program Files/Epic Games/UE_4.27/Engine/Binaries/Win64/
LogInit: Allocator: TBB
LogInit: Installed Engine Build: 1
LogDevObjectVersion: Number of dev versions registered: 29
LogDevObjectVersion:   Dev-Blueprints (B0D832E4-1F89-4F0D-ACCF-7EB736FD4AA2): 10
LogDevObjectVersion:   Dev-Build (E1C64328-A22C-4D53-A36C-8E866417BD8C): 0
LogDevObjectVersion:   Dev-Core (375EC13C-06E4-48FB-B500-84F0262A717E): 4
LogDevObjectVersion:   Dev-Editor (E4B068ED-F494-42E9-A231-DA0B2E46BB41): 40
LogDevObjectVersion:   Dev-Framework (CFFC743F-43B0-4480-9391-14DF171D2073): 37
LogDevObjectVersion:   Dev-Mobile (B02B49B5-BB20-44E9-A304-32B752E40360): 3
LogDevObjectVersion:   Dev-Networking (A4E4105C-59A1-49B5-A7C5-40C4547EDFEE): 0
LogDevObjectVersion:   Dev-Online (39C831C9-5AE6-47DC-9A44-9C173E1C8E7C): 0
LogDevObjectVersion:   Dev-Physics (78F01B33-EBEA-4F98-B9B4-84EACCB95AA2): 14
LogDevObjectVersion:   Dev-Platform (6631380F-2D4D-43E0-8009-CF276956A95A): 0
LogDevObjectVersion:   Dev-Rendering (12F88B9F-8875-4AFC-A67C-D90C383ABD29): 45
LogDevObjectVersion:   Dev-Sequencer (7B5AE74C-D270-4C10-A958-57980B212A5A): 13
LogDevObjectVersion:   Dev-VR (D7296918-1DD6-4BDD-9DE2-64A83CC13884): 3
LogDevObjectVersion:   Dev-LoadTimes (C2A15278-BFE7-4AFE-6C17-90FF531DF755): 1
LogDevObjectVersion:   Private-Geometry (6EACA3D4-40EC-4CC1-B786-8BED09428FC5): 3
LogDevObjectVersion:   Dev-AnimPhys (29E575DD-E0A3-4627-9D10-D276232CDCEA): 17
LogDevObjectVersion:   Dev-Anim (AF43A65D-7FD3-4947-9873-3E8ED9C1BB05): 15
LogDevObjectVersion:   Dev-ReflectionCapture (6B266CEC-1EC7-4B8F-A30B-E4D90942FC07): 1
LogDevObjectVersion:   Dev-Automation (0DF73D61-A23F-47EA-B727-89E90C41499A): 1
LogDevObjectVersion:   FortniteMain (601D1886-AC64-4F84-AA16-D3DE0DEAC7D6): 47
LogDevObjectVersion:   FortniteRelease (E7086368-6B23-4C58-8439-1B7016265E91): 1
LogDevObjectVersion:   Dev-Enterprise (9DFFBCD6-494F-0158-E221-12823C92A888): 10
LogDevObjectVersion:   Dev-Niagara (F2AED0AC-9AFE-416F-8664-AA7FFA26D6FC): 1
LogDevObjectVersion:   Dev-Destruction (174F1F0B-B4C6-45A5-B13F-2EE8D0FB917D): 10
LogDevObjectVersion:   Dev-Physics-Ext (35F94A83-E258-406C-A318-09F59610247C): 41
LogDevObjectVersion:   Dev-PhysicsMaterial-Chaos (B68FC16E-8B1B-42E2-B453-215C058844FE): 1
LogDevObjectVersion:   Dev-CineCamera (B2E18506-4273-CFC2-A54E-F4BB758BBA07): 1
LogDevObjectVersion:   Dev-VirtualProduction (64F58936-FD1B-42BA-BA96-7289D5D0FA4E): 1
LogDevObjectVersion:   Dev-MediaFramework (6F0ED827-A609-4895-9C91-998D90180EA4): 2
LogInit: Presizing for max 25165824 objects, including 0 objects not considered by GC, pre-allocating 0 bytes for permanent pool.
LogConfig: Applying CVar settings from Section [/Script/Engine.StreamingSettings] File [C:/Users/dmock/Unreal projects/P8/P8ToBeAnnounced/P8_VR_Home/Saved/Config/Windows/Engine.ini]
LogConfig: Setting CVar [[s.MinBulkDataSizeForAsyncLoading:131072]]
LogConfig: Setting CVar [[s.AsyncLoadingThreadEnabled:0]]
LogConfig: Setting CVar [[s.EventDrivenLoaderEnabled:1]]
LogConfig: Setting CVar [[s.WarnIfTimeLimitExceeded:0]]
LogConfig: Setting CVar [[s.TimeLimitExceededMultiplier:1.5]]
LogConfig: Setting CVar [[s.TimeLimitExceededMinTime:0.005]]
LogConfig: Setting CVar [[s.UseBackgroundLevelStreaming:1]]
LogConfig: Setting CVar [[s.PriorityAsyncLoadingExtraTime:15.0]]
LogConfig: Setting CVar [[s.LevelStreamingActorsUpdateTimeLimit:5.0]]
LogConfig: Setting CVar [[s.PriorityLevelStreamingActorsUpdateExtraTime:5.0]]
LogConfig: Setting CVar [[s.LevelStreamingComponentsRegistrationGranularity:10]]
LogConfig: Setting CVar [[s.UnregisterComponentsTimeLimit:1.0]]
LogConfig: Setting CVar [[s.LevelStreamingComponentsUnregistrationGranularity:5]]
LogConfig: Setting CVar [[s.FlushStreamingOnExit:1]]
LogInit: Object subsystem initialized
LogConfig: Setting CVar [[con.DebugEarlyDefault:1]]
LogConfig: Setting CVar [[r.setres:1280x720]]
[2022.04.12-09.28.21:006][  0]LogConfig: Setting CVar [[r.VSync:0]]
[2022.04.12-09.28.21:006][  0]LogConfig: Setting CVar [[r.RHICmdBypass:0]]
[2022.04.12-09.28.21:006][  0]LogConfig: Applying CVar settings from Section [/Script/Engine.RendererSettings] File [C:/Users/dmock/Unreal projects/P8/P8ToBeAnnounced/P8_VR_Home/Saved/Config/Windows/Engine.ini]
[2022.04.12-09.28.21:006][  0]LogConfig: Setting CVar [[r.GPUCrashDebugging:0]]
[2022.04.12-09.28.21:006][  0]LogConfig: Setting CVar [[r.Mobile.DisableVertexFog:1]]
[2022.04.12-09.28.21:006][  0]LogConfig: Setting CVar [[r.Shadow.CSM.MaxMobileCascades:2]]
[2022.04.12-09.28.21:006][  0]LogConfig: Setting CVar [[r.MobileMSAA:4]]
[2022.04.12-09.28.21:006][  0]LogConfig: Setting CVar [[r.Mobile.AllowDitheredLODTransition:0]]
[2022.04.12-09.28.21:006][  0]LogConfig: Setting CVar [[r.Mobile.AllowSoftwareOcclusion:0]]
[2022.04.12-09.28.21:006][  0]LogConfig: Setting CVar [[r.Mobile.VirtualTextures:0]]
[2022.04.12-09.28.21:006][  0]LogConfig: Setting CVar [[r.DiscardUnusedQuality:0]]
[2022.04.12-09.28.21:006][  0]LogConfig: Setting CVar [[r.AllowOcclusionQueries:1]]
[2022.04.12-09.28.21:006][  0]LogConfig: Setting CVar [[r.MinScreenRadiusForLights:0.030000]]
[2022.04.12-09.28.21:006][  0]LogConfig: Setting CVar [[r.MinScreenRadiusForDepthPrepass:0.030000]]
[2022.04.12-09.28.21:006][  0]LogConfig: Setting CVar [[r.MinScreenRadiusForCSMDepth:0.010000]]
[2022.04.12-09.28.21:006][  0]LogConfig: Setting CVar [[r.PrecomputedVisibilityWarning:0]]
[2022.04.12-09.28.21:006][  0]LogConfig: Setting CVar [[r.TextureStreaming:1]]
[2022.04.12-09.28.21:006][  0]LogConfig: Setting CVar [[Compat.UseDXT5NormalMaps:0]]
[2022.04.12-09.28.21:006][  0]LogConfig: Setting CVar [[r.VirtualTextures:0]]
[2022.04.12-09.28.21:006][  0]LogConfig: Setting CVar [[r.VirtualTexturedLightmaps:0]]
[2022.04.12-09.28.21:006][  0]LogConfig: Setting CVar [[r.VT.TileSize:128]]
[2022.04.12-09.28.21:006][  0]LogConfig: Setting CVar [[r.VT.TileBorderSize:4]]
[2022.04.12-09.28.21:006][  0]LogConfig: Setting CVar [[r.vt.FeedbackFactor:16]]
[2022.04.12-09.28.21:006][  0]LogConfig: Setting CVar [[r.VT.EnableCompressZlib:1]]
[2022.04.12-09.28.21:006][  0]LogConfig: Setting CVar [[r.VT.EnableCompressCrunch:0]]
[2022.04.12-09.28.21:006][  0]LogConfig: Setting CVar [[r.ClearCoatNormal:0]]
[2022.04.12-09.28.21:006][  0]LogConfig: Setting CVar [[r.ReflectionCaptureResolution:128]]
[2022.04.12-09.28.21:006][  0]LogConfig: Setting CVar [[r.Mobile.ReflectionCaptureCompression:0]]
[2022.04.12-09.28.21:006][  0]LogConfig: Setting CVar [[r.ReflectionEnvironmentLightmapMixBasedOnRoughness:1]]
[2022.04.12-09.28.21:006][  0]LogConfig: Setting CVar [[r.ForwardShading:1]]
[2022.04.12-09.28.21:006][  0]LogConfig: Setting CVar [[r.VertexFoggingForOpaque:1]]
[2022.04.12-09.28.21:006][  0]LogConfig: Setting CVar [[r.AllowStaticLighting:1]]
[2022.04.12-09.28.21:006][  0]LogConfig: Setting CVar [[r.NormalMapsForStaticLighting:0]]
[2022.04.12-09.28.21:006][  0]LogConfig: Setting CVar [[r.GenerateMeshDistanceFields:0]]
[2022.04.12-09.28.21:006][  0]LogConfig: Setting CVar [[r.DistanceFieldBuild.EightBit:0]]
[2022.04.12-09.28.21:006][  0]LogConfig: Setting CVar [[r.GenerateLandscapeGIData:0]]
[2022.04.12-09.28.21:006][  0]LogConfig: Setting CVar [[r.DistanceFieldBuild.Compress:0]]
[2022.04.12-09.28.21:006][  0]LogConfig: Setting CVar [[r.TessellationAdaptivePixelsPerTriangle:48.000000]]
[2022.04.12-09.28.21:006][  0]LogConfig: Setting CVar [[r.SeparateTranslucency:0]]
[2022.04.12-09.28.21:006][  0]LogConfig: Setting CVar [[r.TranslucentSortPolicy:0]]
[2022.04.12-09.28.21:006][  0]LogConfig: Setting CVar [[r.CustomDepth:1]]
[2022.04.12-09.28.21:006][  0]LogConfig: Setting CVar [[r.CustomDepthTemporalAAJitter:1]]
[2022.04.12-09.28.21:006][  0]LogConfig: Setting CVar [[r.PostProcessing.PropagateAlpha:0]]
[2022.04.12-09.28.21:006][  0]LogConfig: Setting CVar [[r.DefaultFeature.Bloom:0]]
[2022.04.12-09.28.21:006][  0]LogConfig: Setting CVar [[r.DefaultFeature.AmbientOcclusion:0]]
[2022.04.12-09.28.21:006][  0]LogConfig: Setting CVar [[r.DefaultFeature.AmbientOcclusionStaticFraction:1]]
[2022.04.12-09.28.21:006][  0]LogConfig: Setting CVar [[r.DefaultFeature.AutoExposure:0]]
[2022.04.12-09.28.21:006][  0]LogConfig: Setting CVar [[r.DefaultFeature.AutoExposure.Method:0]]
[2022.04.12-09.28.21:006][  0]LogConfig: Setting CVar [[r.DefaultFeature.AutoExposure.Bias:1.000000]]
[2022.04.12-09.28.21:006][  0]LogConfig: Setting CVar [[r.DefaultFeature.AutoExposure.ExtendDefaultLuminanceRange:1]]
[2022.04.12-09.28.21:006][  0]LogConfig: Setting CVar [[r.UsePreExposure:1]]
[2022.04.12-09.28.21:006][  0]LogConfig: Setting CVar [[r.EyeAdaptation.EditorOnly:0]]
[2022.04.12-09.28.21:006][  0]LogConfig: Setting CVar [[r.DefaultFeature.MotionBlur:0]]
[2022.04.12-09.28.21:006][  0]LogConfig: Setting CVar [[r.DefaultFeature.LensFlare:0]]
[2022.04.12-09.28.21:006][  0]LogConfig: Setting CVar [[r.TemporalAA.Upsampling:0]]
[2022.04.12-09.28.21:006][  0]LogConfig: Setting CVar [[r.SSGI.Enable:0]]
[2022.04.12-09.28.21:006][  0]LogConfig: Setting CVar [[r.DefaultFeature.AntiAliasing:3]]
[2022.04.12-09.28.21:006][  0]LogConfig: Setting CVar [[r.DefaultFeature.LightUnits:1]]
[2022.04.12-09.28.21:006][  0]LogConfig: Setting CVar [[r.DefaultBackBufferPixelFormat:4]]
[2022.04.12-09.28.21:006][  0]LogConfig: Setting CVar [[r.Shadow.UnbuiltPreviewInGame:1]]
[2022.04.12-09.28.21:006][  0]LogConfig: Setting CVar [[r.StencilForLODDither:0]]
[2022.04.12-09.28.21:006][  0]LogConfig: Setting CVar [[r.EarlyZPass:3]]
[2022.04.12-09.28.21:006][  0]LogConfig: Setting CVar [[r.EarlyZPassOnlyMaterialMasking:0]]
[2022.04.12-09.28.21:006][  0]LogConfig: Setting CVar [[r.DBuffer:1]]
[2022.04.12-09.28.21:006][  0]LogConfig: Setting CVar [[r.ClearSceneMethod:1]]
[2022.04.12-09.28.21:006][  0]LogConfig: Setting CVar [[r.BasePassOutputsVelocity:0]]
[2022.04.12-09.28.21:006][  0]LogConfig: Setting CVar [[r.VertexDeformationOutputsVelocity:0]]
[2022.04.12-09.28.21:006][  0]LogConfig: Setting CVar [[r.SelectiveBasePassOutputs:0]]
[2022.04.12-09.28.21:006][  0]LogConfig: Setting CVar [[fx.GPUSimulationTextureSizeX:1024]]
[2022.04.12-09.28.21:006][  0]LogConfig: Setting CVar [[fx.GPUSimulationTextureSizeY:1024]]
[2022.04.12-09.28.21:006][  0]LogConfig: Setting CVar [[r.AllowGlobalClipPlane:0]]
[2022.04.12-09.28.21:006][  0]LogConfig: Setting CVar [[r.GBufferFormat:1]]
[2022.04.12-09.28.21:006][  0]LogConfig: Setting CVar [[r.MorphTarget.Mode:1]]
[2022.04.12-09.28.21:006][  0]LogConfig: Setting CVar [[vr.InstancedStereo:1]]
[2022.04.12-09.28.21:006][  0]LogConfig: Setting CVar [[r.MobileHDR:1]]
[2022.04.12-09.28.21:006][  0]LogConfig: Setting CVar [[vr.MobileMultiView:1]]
[2022.04.12-09.28.21:006][  0]LogConfig: Setting CVar [[r.Mobile.UseHWsRGBEncoding:1]]
[2022.04.12-09.28.21:006][  0]LogConfig: Setting CVar [[vr.RoundRobinOcclusion:0]]
[2022.04.12-09.28.21:006][  0]LogConfig: Setting CVar [[vr.ODSCapture:0]]
[2022.04.12-09.28.21:006][  0]LogConfig: Setting CVar [[r.MeshStreaming:0]]
[2022.04.12-09.28.21:006][  0]LogConfig: Setting CVar [[r.WireframeCullThreshold:5.000000]]
[2022.04.12-09.28.21:006][  0]LogConfig: Setting CVar [[r.RayTracing:0]]
[2022.04.12-09.28.21:006][  0]LogConfig: Setting CVar [[r.RayTracing.UseTextureLod:0]]
[2022.04.12-09.28.21:006][  0]LogConfig: Setting CVar [[r.SupportStationarySkylight:1]]
[2022.04.12-09.28.21:006][  0]LogConfig: Setting CVar [[r.SupportLowQualityLightmaps:1]]
[2022.04.12-09.28.21:006][  0]LogConfig: Setting CVar [[r.SupportPointLightWholeSceneShadows:1]]
[2022.04.12-09.28.21:007][  0]LogConfig: Setting CVar [[r.SupportAtmosphericFog:1]]
[2022.04.12-09.28.21:007][  0]LogConfig: Setting CVar [[r.SupportSkyAtmosphere:1]]
[2022.04.12-09.28.21:007][  0]LogConfig: Setting CVar [[r.SupportSkyAtmosphereAffectsHeightFog:0]]
[2022.04.12-09.28.21:007][  0]LogConfig: Setting CVar [[r.SkinCache.CompileShaders:0]]
[2022.04.12-09.28.21:007][  0]LogConfig: Setting CVar [[r.SkinCache.DefaultBehavior:1]]
[2022.04.12-09.28.21:007][  0]LogConfig: Setting CVar [[r.SkinCache.SceneMemoryLimitInMB:128.000000]]
[2022.04.12-09.28.21:007][  0]LogConfig: Setting CVar [[r.Mobile.EnableStaticAndCSMShadowReceivers:1]]
[2022.04.12-09.28.21:007][  0]LogConfig: Setting CVar [[r.Mobile.EnableMovableLightCSMShaderCulling:1]]
[2022.04.12-09.28.21:007][  0]LogConfig: Setting CVar [[r.Mobile.AllowDistanceFieldShadows:1]]
[2022.04.12-09.28.21:007][  0]LogConfig: Setting CVar [[r.Mobile.AllowMovableDirectionalLights:1]]
[2022.04.12-09.28.21:007][  0]LogConfig: Setting CVar [[r.MobileNumDynamicPointLights:4]]
[2022.04.12-09.28.21:007][  0]LogConfig: Setting CVar [[r.MobileDynamicPointLightsUseStaticBranch:1]]
[2022.04.12-09.28.21:007][  0]LogConfig: Setting CVar [[r.Mobile.EnableMovableSpotlights:0]]
[2022.04.12-09.28.21:007][  0]LogConfig: Setting CVar [[r.Mobile.EnableMovableSpotlightsShadow:0]]
[2022.04.12-09.28.21:007][  0]LogConfig: Setting CVar [[r.GPUSkin.Support16BitBoneIndex:0]]
[2022.04.12-09.28.21:007][  0]LogConfig: Setting CVar [[r.GPUSkin.Limit2BoneInfluences:0]]
[2022.04.12-09.28.21:007][  0]LogConfig: Setting CVar [[r.SupportDepthOnlyIndexBuffers:1]]
[2022.04.12-09.28.21:007][  0]LogConfig: Setting CVar [[r.SupportReversedIndexBuffers:1]]
[2022.04.12-09.28.21:007][  0]LogConfig: Setting CVar [[r.LightPropagationVolume:0]]
[2022.04.12-09.28.21:007][  0]LogConfig: Setting CVar [[r.Mobile.AmbientOcclusion:0]]
[2022.04.12-09.28.21:007][  0]LogConfig: Setting CVar [[r.GPUSkin.UnlimitedBoneInfluences:0]]
[2022.04.12-09.28.21:007][  0]LogConfig: Setting CVar [[r.GPUSkin.UnlimitedBoneInfluencesThreshold:8]]
[2022.04.12-09.28.21:007][  0]LogConfig: Setting CVar [[r.Mobile.PlanarReflectionMode:0]]
[2022.04.12-09.28.21:007][  0]LogConfig: Setting CVar [[r.Mobile.SupportGPUScene:1]]
[2022.04.12-09.28.21:007][  0]LogConfig: Applying CVar settings from Section [/Script/Engine.RendererOverrideSettings] File [C:/Users/dmock/Unreal projects/P8/P8ToBeAnnounced/P8_VR_Home/Saved/Config/Windows/Engine.ini]
[2022.04.12-09.28.21:007][  0]LogConfig: Applying CVar settings from Section [/Script/Engine.StreamingSettings] File [C:/Users/dmock/Unreal projects/P8/P8ToBeAnnounced/P8_VR_Home/Saved/Config/Windows/Engine.ini]
[2022.04.12-09.28.21:007][  0]LogConfig: Setting CVar [[s.MinBulkDataSizeForAsyncLoading:131072]]
[2022.04.12-09.28.21:007][  0]LogConfig: Setting CVar [[s.AsyncLoadingThreadEnabled:0]]
[2022.04.12-09.28.21:007][  0]LogConfig: Setting CVar [[s.EventDrivenLoaderEnabled:1]]
[2022.04.12-09.28.21:007][  0]LogConfig: Setting CVar [[s.WarnIfTimeLimitExceeded:0]]
[2022.04.12-09.28.21:007][  0]LogConfig: Setting CVar [[s.TimeLimitExceededMultiplier:1.5]]
[2022.04.12-09.28.21:007][  0]LogConfig: Setting CVar [[s.TimeLimitExceededMinTime:0.005]]
[2022.04.12-09.28.21:007][  0]LogConfig: Setting CVar [[s.UseBackgroundLevelStreaming:1]]
[2022.04.12-09.28.21:007][  0]LogConfig: Setting CVar [[s.PriorityAsyncLoadingExtraTime:15.0]]
[2022.04.12-09.28.21:007][  0]LogConfig: Setting CVar [[s.LevelStreamingActorsUpdateTimeLimit:5.0]]
[2022.04.12-09.28.21:007][  0]LogConfig: Setting CVar [[s.PriorityLevelStreamingActorsUpdateExtraTime:5.0]]
[2022.04.12-09.28.21:007][  0]LogConfig: Setting CVar [[s.LevelStreamingComponentsRegistrationGranularity:10]]
[2022.04.12-09.28.21:007][  0]LogConfig: Setting CVar [[s.UnregisterComponentsTimeLimit:1.0]]
[2022.04.12-09.28.21:007][  0]LogConfig: Setting CVar [[s.LevelStreamingComponentsUnregistrationGranularity:5]]
[2022.04.12-09.28.21:007][  0]LogConfig: Setting CVar [[s.FlushStreamingOnExit:1]]
[2022.04.12-09.28.21:007][  0]LogConfig: Applying CVar settings from Section [/Script/Engine.GarbageCollectionSettings] File [C:/Users/dmock/Unreal projects/P8/P8ToBeAnnounced/P8_VR_Home/Saved/Config/Windows/Engine.ini]
[2022.04.12-09.28.21:007][  0]LogConfig: Setting CVar [[gc.MaxObjectsNotConsideredByGC:1]]
[2022.04.12-09.28.21:007][  0]LogConfig: Setting CVar [[gc.SizeOfPermanentObjectPool:0]]
[2022.04.12-09.28.21:007][  0]LogConfig: Setting CVar [[gc.FlushStreamingOnGC:0]]
[2022.04.12-09.28.21:007][  0]LogConfig: Setting CVar [[gc.NumRetriesBeforeForcingGC:10]]
[2022.04.12-09.28.21:007][  0]LogConfig: Setting CVar [[gc.AllowParallelGC:1]]
[2022.04.12-09.28.21:007][  0]LogConfig: Setting CVar [[gc.TimeBetweenPurgingPendingKillObjects:61.1]]
[2022.04.12-09.28.21:007][  0]LogConfig: Setting CVar [[gc.MaxObjectsInEditor:25165824]]
[2022.04.12-09.28.21:007][  0]LogConfig: Setting CVar [[gc.IncrementalBeginDestroyEnabled:1]]
[2022.04.12-09.28.21:007][  0]LogConfig: Setting CVar [[gc.CreateGCClusters:1]]
[2022.04.12-09.28.21:007][  0]LogConfig: Setting CVar [[gc.MinGCClusterSize:5]]
[2022.04.12-09.28.21:007][  0]LogConfig: Setting CVar [[gc.ActorClusteringEnabled:0]]
[2022.04.12-09.28.21:007][  0]LogConfig: Setting CVar [[gc.BlueprintClusteringEnabled:0]]
[2022.04.12-09.28.21:007][  0]LogConfig: Setting CVar [[gc.UseDisregardForGCOnDedicatedServers:0]]
[2022.04.12-09.28.21:007][  0]LogConfig: Setting CVar [[gc.MultithreadedDestructionEnabled:1]]
[2022.04.12-09.28.21:007][  0]LogConfig: Applying CVar settings from Section [/Script/Engine.NetworkSettings] File [C:/Users/dmock/Unreal projects/P8/P8ToBeAnnounced/P8_VR_Home/Saved/Config/Windows/Engine.ini]
[2022.04.12-09.28.21:007][  0]LogConfig: Applying CVar settings from Section [/Script/UnrealEd.CookerSettings] File [C:/Users/dmock/Unreal projects/P8/P8ToBeAnnounced/P8_VR_Home/Saved/Config/Windows/Engine.ini]
[2022.04.12-09.28.21:011][  0]LogConfig: Applying CVar settings from Section [ViewDistanceQuality@3] File [C:/Users/dmock/Unreal projects/P8/P8ToBeAnnounced/P8_VR_Home/Saved/Config/Windows/Scalability.ini]
[2022.04.12-09.28.21:011][  0]LogConfig: Setting CVar [[r.SkeletalMeshLODBias:0]]
[2022.04.12-09.28.21:011][  0]LogConfig: Setting CVar [[r.ViewDistanceScale:1.0]]
[2022.04.12-09.28.21:011][  0]LogConfig: Applying CVar settings from Section [AntiAliasingQuality@3] File [C:/Users/dmock/Unreal projects/P8/P8ToBeAnnounced/P8_VR_Home/Saved/Config/Windows/Scalability.ini]
[2022.04.12-09.28.21:011][  0]LogConfig: Setting CVar [[r.PostProcessAAQuality:4]]
[2022.04.12-09.28.21:011][  0]LogConfig: Applying CVar settings from Section [ShadowQuality@3] File [C:/Users/dmock/Unreal projects/P8/P8ToBeAnnounced/P8_VR_Home/Saved/Config/Windows/Scalability.ini]
[2022.04.12-09.28.21:011][  0]LogConfig: Setting CVar [[r.LightFunctionQuality:1]]
[2022.04.12-09.28.21:011][  0]LogConfig: Setting CVar [[r.ShadowQuality:5]]
[2022.04.12-09.28.21:011][  0]LogConfig: Setting CVar [[r.Shadow.CSM.MaxCascades:10]]
[2022.04.12-09.28.21:011][  0]LogConfig: Setting CVar [[r.Shadow.MaxResolution:2048]]
[2022.04.12-09.28.21:011][  0]LogConfig: Setting CVar [[r.Shadow.MaxCSMResolution:2048]]
[2022.04.12-09.28.21:011][  0]LogConfig: Setting CVar [[r.Shadow.RadiusThreshold:0.01]]
[2022.04.12-09.28.21:011][  0]LogConfig: Setting CVar [[r.Shadow.DistanceScale:1.0]]
[2022.04.12-09.28.21:011][  0]LogConfig: Setting CVar [[r.Shadow.CSM.TransitionScale:1.0]]
[2022.04.12-09.28.21:011][  0]LogConfig: Setting CVar [[r.Shadow.PreShadowResolutionFactor:1.0]]
[2022.04.12-09.28.21:011][  0]LogConfig: Setting CVar [[r.DistanceFieldShadowing:1]]
[2022.04.12-09.28.21:011][  0]LogConfig: Setting CVar [[r.DistanceFieldAO:1]]
[2022.04.12-09.28.21:011][  0]LogConfig: Setting CVar [[r.AOQuality:2]]
[2022.04.12-09.28.21:011][  0]LogConfig: Setting CVar [[r.VolumetricFog:1]]
[2022.04.12-09.28.21:011][  0]LogConfig: Setting CVar [[r.VolumetricFog.GridPixelSize:8]]
[2022.04.12-09.28.21:011][  0]LogConfig: Setting CVar [[r.VolumetricFog.GridSizeZ:128]]
[2022.04.12-09.28.21:011][  0]LogConfig: Setting CVar [[r.VolumetricFog.HistoryMissSupersampleCount:4]]
[2022.04.12-09.28.21:011][  0]LogConfig: Setting CVar [[r.LightMaxDrawDistanceScale:1]]
[2022.04.12-09.28.21:011][  0]LogConfig: Setting CVar [[r.CapsuleShadows:1]]
[2022.04.12-09.28.21:011][  0]LogConfig: Applying CVar settings from Section [PostProcessQuality@3] File [C:/Users/dmock/Unreal projects/P8/P8ToBeAnnounced/P8_VR_Home/Saved/Config/Windows/Scalability.ini]
[2022.04.12-09.28.21:011][  0]LogConfig: Setting CVar [[r.MotionBlurQuality:4]]
[2022.04.12-09.28.21:011][  0]LogConfig: Setting CVar [[r.AmbientOcclusionMipLevelFactor:0.4]]
[2022.04.12-09.28.21:011][  0]LogConfig: Setting CVar [[r.AmbientOcclusionMaxQuality:100]]
[2022.04.12-09.28.21:011][  0]LogConfig: Setting CVar [[r.AmbientOcclusionLevels:-1]]
[2022.04.12-09.28.21:011][  0]LogConfig: Setting CVar [[r.AmbientOcclusionRadiusScale:1.0]]
[2022.04.12-09.28.21:011][  0]LogConfig: Setting CVar [[r.DepthOfFieldQuality:2]]
[2022.04.12-09.28.21:011][  0]LogConfig: Setting CVar [[r.RenderTargetPoolMin:400]]
[2022.04.12-09.28.21:011][  0]LogConfig: Setting CVar [[r.LensFlareQuality:2]]
[2022.04.12-09.28.21:011][  0]LogConfig: Setting CVar [[r.SceneColorFringeQuality:1]]
[2022.04.12-09.28.21:011][  0]LogConfig: Setting CVar [[r.EyeAdaptationQuality:2]]
[2022.04.12-09.28.21:011][  0]LogConfig: Setting CVar [[r.BloomQuality:5]]
[2022.04.12-09.28.21:011][  0]LogConfig: Setting CVar [[r.FastBlurThreshold:100]]
[2022.04.12-09.28.21:011][  0]LogConfig: Setting CVar [[r.Upscale.Quality:3]]
[2022.04.12-09.28.21:011][  0]LogConfig: Setting CVar [[r.Tonemapper.GrainQuantization:1]]
[2022.04.12-09.28.21:011][  0]LogConfig: Setting CVar [[r.LightShaftQuality:1]]
[2022.04.12-09.28.21:011][  0]LogConfig: Setting CVar [[r.Filter.SizeScale:1]]
[2022.04.12-09.28.21:011][  0]LogConfig: Setting CVar [[r.Tonemapper.Quality:5]]
[2022.04.12-09.28.21:011][  0]LogConfig: Setting CVar [[r.DOF.Gather.AccumulatorQuality:1        ; higher gathering accumulator quality]]
[2022.04.12-09.28.21:011][  0]LogConfig: Setting CVar [[r.DOF.Gather.PostfilterMethod:1          ; Median3x3 postfilering method]]
[2022.04.12-09.28.21:011][  0]LogConfig: Setting CVar [[r.DOF.Gather.EnableBokehSettings:0       ; no bokeh simulation when gathering]]
[2022.04.12-09.28.21:011][  0]LogConfig: Setting CVar [[r.DOF.Gather.RingCount:4                 ; medium number of samples when gathering]]
[2022.04.12-09.28.21:011][  0]LogConfig: Setting CVar [[r.DOF.Scatter.ForegroundCompositing:1    ; additive foreground scattering]]
[2022.04.12-09.28.21:011][  0]LogConfig: Setting CVar [[r.DOF.Scatter.BackgroundCompositing:2    ; additive background scattering]]
[2022.04.12-09.28.21:011][  0]LogConfig: Setting CVar [[r.DOF.Scatter.EnableBokehSettings:1      ; bokeh simulation when scattering]]
[2022.04.12-09.28.21:011][  0]LogConfig: Setting CVar [[r.DOF.Scatter.MaxSpriteRatio:0.1         ; only a maximum of 10% of scattered bokeh]]
[2022.04.12-09.28.21:011][  0]LogConfig: Setting CVar [[r.DOF.Recombine.Quality:1                ; cheap slight out of focus]]
[2022.04.12-09.28.21:011][  0]LogConfig: Setting CVar [[r.DOF.Recombine.EnableBokehSettings:0    ; no bokeh simulation on slight out of focus]]
[2022.04.12-09.28.21:011][  0]LogConfig: Setting CVar [[r.DOF.TemporalAAQuality:1                ; more stable temporal accumulation]]
[2022.04.12-09.28.21:011][  0]LogConfig: Setting CVar [[r.DOF.Kernel.MaxForegroundRadius:0.025]]
[2022.04.12-09.28.21:011][  0]LogConfig: Setting CVar [[r.DOF.Kernel.MaxBackgroundRadius:0.025]]
[2022.04.12-09.28.21:011][  0]LogConfig: Applying CVar settings from Section [TextureQuality@3] File [C:/Users/dmock/Unreal projects/P8/P8ToBeAnnounced/P8_VR_Home/Saved/Config/Windows/Scalability.ini]
[2022.04.12-09.28.21:011][  0]LogConfig: Setting CVar [[r.Streaming.MipBias:0]]
[2022.04.12-09.28.21:011][  0]LogConfig: Setting CVar [[r.Streaming.AmortizeCPUToGPUCopy:0]]
[2022.04.12-09.28.21:011][  0]LogConfig: Setting CVar [[r.Streaming.MaxNumTexturesToStreamPerFrame:0]]
[2022.04.12-09.28.21:011][  0]LogConfig: Setting CVar [[r.Streaming.Boost:1]]
[2022.04.12-09.28.21:011][  0]LogConfig: Setting CVar [[r.MaxAnisotropy:8]]
[2022.04.12-09.28.21:011][  0]LogConfig: Setting CVar [[r.VT.MaxAnisotropy:8]]
[2022.04.12-09.28.21:011][  0]LogConfig: Setting CVar [[r.Streaming.LimitPoolSizeToVRAM:0]]
[2022.04.12-09.28.21:011][  0]LogConfig: Setting CVar [[r.Streaming.PoolSize:1000]]
[2022.04.12-09.28.21:011][  0]LogConfig: Setting CVar [[r.Streaming.MaxEffectiveScreenSize:0]]
[2022.04.12-09.28.21:011][  0]LogConfig: Applying CVar settings from Section [EffectsQuality@3] File [C:/Users/dmock/Unreal projects/P8/P8ToBeAnnounced/P8_VR_Home/Saved/Config/Windows/Scalability.ini]
[2022.04.12-09.28.21:011][  0]LogConfig: Setting CVar [[r.TranslucencyLightingVolumeDim:64]]
[2022.04.12-09.28.21:011][  0]LogConfig: Setting CVar [[r.RefractionQuality:2]]
[2022.04.12-09.28.21:011][  0]LogConfig: Setting CVar [[r.SSR.Quality:3]]
[2022.04.12-09.28.21:011][  0]LogConfig: Setting CVar [[r.SSR.HalfResSceneColor:0]]
[2022.04.12-09.28.21:011][  0]LogConfig: Setting CVar [[r.SceneColorFormat:4]]
[2022.04.12-09.28.21:011][  0]LogConfig: Setting CVar [[r.DetailMode:2]]
[2022.04.12-09.28.21:011][  0]LogConfig: Setting CVar [[r.TranslucencyVolumeBlur:1]]
[2022.04.12-09.28.21:011][  0]LogConfig: Setting CVar [[r.MaterialQualityLevel:1 ; High quality]]
[2022.04.12-09.28.21:011][  0]LogConfig: Setting CVar [[r.AnisotropicMaterials:1]]
[2022.04.12-09.28.21:011][  0]LogConfig: Setting CVar [[r.SSS.Scale:1]]
[2022.04.12-09.28.21:011][  0]LogConfig: Setting CVar [[r.SSS.SampleSet:2]]
[2022.04.12-09.28.21:011][  0]LogConfig: Setting CVar [[r.SSS.Quality:1]]
[2022.04.12-09.28.21:011][  0]LogConfig: Setting CVar [[r.SSS.HalfRes:0]]
[2022.04.12-09.28.21:011][  0]LogConfig: Setting CVar [[r.SSGI.Quality:3]]
[2022.04.12-09.28.21:011][  0]LogConfig: Setting CVar [[r.EmitterSpawnRateScale:1.0]]
[2022.04.12-09.28.21:011][  0]LogConfig: Setting CVar [[r.ParticleLightQuality:2]]
[2022.04.12-09.28.21:011][  0]LogConfig: Setting CVar [[r.SkyAtmosphere.AerialPerspectiveLUT.FastApplyOnOpaque:1 ; Always have FastSkyLUT 1 in this case to avoid wrong sky]]
[2022.04.12-09.28.21:011][  0]LogConfig: Setting CVar [[r.SkyAtmosphere.AerialPerspectiveLUT.SampleCountMaxPerSlice:4]]
[2022.04.12-09.28.21:011][  0]LogConfig: Setting CVar [[r.SkyAtmosphere.AerialPerspectiveLUT.DepthResolution:16.0]]
[2022.04.12-09.28.21:011][  0]LogConfig: Setting CVar [[r.SkyAtmosphere.FastSkyLUT:1]]
[2022.04.12-09.28.21:011][  0]LogConfig: Setting CVar [[r.SkyAtmosphere.FastSkyLUT.SampleCountMin:4.0]]
[2022.04.12-09.28.21:011][  0]LogConfig: Setting CVar [[r.SkyAtmosphere.FastSkyLUT.SampleCountMax:128.0]]
[2022.04.12-09.28.21:011][  0]LogConfig: Setting CVar [[r.SkyAtmosphere.SampleCountMin:4.0]]
[2022.04.12-09.28.21:011][  0]LogConfig: Setting CVar [[r.SkyAtmosphere.SampleCountMax:128.0]]
[2022.04.12-09.28.21:011][  0]LogConfig: Setting CVar [[r.SkyAtmosphere.TransmittanceLUT.UseSmallFormat:0]]
[2022.04.12-09.28.21:011][  0]LogConfig: Setting CVar [[r.SkyAtmosphere.TransmittanceLUT.SampleCount:10.0]]
[2022.04.12-09.28.21:011][  0]LogConfig: Setting CVar [[r.SkyAtmosphere.MultiScatteringLUT.SampleCount:15.0]]
[2022.04.12-09.28.21:011][  0]LogConfig: Setting CVar [[r.SkyLight.RealTimeReflectionCapture:1]]
[2022.04.12-09.28.21:011][  0]LogConfig: Applying CVar settings from Section [FoliageQuality@3] File [C:/Users/dmock/Unreal projects/P8/P8ToBeAnnounced/P8_VR_Home/Saved/Config/Windows/Scalability.ini]
[2022.04.12-09.28.21:011][  0]LogConfig: Setting CVar [[foliage.DensityScale:1.0]]
[2022.04.12-09.28.21:011][  0]LogConfig: Setting CVar [[grass.DensityScale:1.0]]
[2022.04.12-09.28.21:011][  0]LogConfig: Applying CVar settings from Section [ShadingQuality@3] File [C:/Users/dmock/Unreal projects/P8/P8ToBeAnnounced/P8_VR_Home/Saved/Config/Windows/Scalability.ini]
[2022.04.12-09.28.21:011][  0]LogConfig: Setting CVar [[r.HairStrands.SkyLighting.IntegrationType:2]]
[2022.04.12-09.28.21:011][  0]LogConfig: Setting CVar [[r.HairStrands.SkyAO.SampleCount:4]]
[2022.04.12-09.28.21:011][  0]LogConfig: Setting CVar [[r.HairStrands.Visibility.MSAA.SamplePerPixel:4]]
[2022.04.12-09.28.21:011][  0]LogInit: Selected Device Profile: [Windows]
[2022.04.12-09.28.21:011][  0]LogInit: Applying CVar settings loaded from the selected device profile: [Windows]
[2022.04.12-09.28.21:011][  0]LogHAL: Display: Platform has ~ 16 GB [16542703616 / 17179869184 / 16], which maps to Larger [LargestMinGB=32, LargerMinGB=12, DefaultMinGB=8, SmallerMinGB=6, SmallestMinGB=0)
[2022.04.12-09.28.21:011][  0]LogInit: Going up to parent DeviceProfile []
[2022.04.12-09.28.21:011][  0]LogConfig: Applying CVar settings from Section [ViewDistanceQuality@3] File [C:/Users/dmock/Unreal projects/P8/P8ToBeAnnounced/P8_VR_Home/Saved/Config/Windows/Scalability.ini]
[2022.04.12-09.28.21:011][  0]LogConfig: Setting CVar [[r.SkeletalMeshLODBias:0]]
[2022.04.12-09.28.21:011][  0]LogConfig: Setting CVar [[r.ViewDistanceScale:1.0]]
[2022.04.12-09.28.21:011][  0]LogConfig: Applying CVar settings from Section [AntiAliasingQuality@3] File [C:/Users/dmock/Unreal projects/P8/P8ToBeAnnounced/P8_VR_Home/Saved/Config/Windows/Scalability.ini]
[2022.04.12-09.28.21:011][  0]LogConfig: Setting CVar [[r.PostProcessAAQuality:4]]
[2022.04.12-09.28.21:011][  0]LogConfig: Applying CVar settings from Section [ShadowQuality@3] File [C:/Users/dmock/Unreal projects/P8/P8ToBeAnnounced/P8_VR_Home/Saved/Config/Windows/Scalability.ini]
[2022.04.12-09.28.21:011][  0]LogConfig: Setting CVar [[r.LightFunctionQuality:1]]
[2022.04.12-09.28.21:011][  0]LogConfig: Setting CVar [[r.ShadowQuality:5]]
[2022.04.12-09.28.21:011][  0]LogConfig: Setting CVar [[r.Shadow.CSM.MaxCascades:10]]
[2022.04.12-09.28.21:011][  0]LogConfig: Setting CVar [[r.Shadow.MaxResolution:2048]]
[2022.04.12-09.28.21:011][  0]LogConfig: Setting CVar [[r.Shadow.MaxCSMResolution:2048]]
[2022.04.12-09.28.21:011][  0]LogConfig: Setting CVar [[r.Shadow.RadiusThreshold:0.01]]
[2022.04.12-09.28.21:011][  0]LogConfig: Setting CVar [[r.Shadow.DistanceScale:1.0]]
[2022.04.12-09.28.21:011][  0]LogConfig: Setting CVar [[r.Shadow.CSM.TransitionScale:1.0]]
[2022.04.12-09.28.21:011][  0]LogConfig: Setting CVar [[r.Shadow.PreShadowResolutionFactor:1.0]]
[2022.04.12-09.28.21:011][  0]LogConfig: Setting CVar [[r.DistanceFieldShadowing:1]]
[2022.04.12-09.28.21:011][  0]LogConfig: Setting CVar [[r.DistanceFieldAO:1]]
[2022.04.12-09.28.21:011][  0]LogConfig: Setting CVar [[r.AOQuality:2]]
[2022.04.12-09.28.21:012][  0]LogConfig: Setting CVar [[r.VolumetricFog:1]]
[2022.04.12-09.28.21:012][  0]LogConfig: Setting CVar [[r.VolumetricFog.GridPixelSize:8]]
[2022.04.12-09.28.21:012][  0]LogConfig: Setting CVar [[r.VolumetricFog.GridSizeZ:128]]
[2022.04.12-09.28.21:012][  0]LogConfig: Setting CVar [[r.VolumetricFog.HistoryMissSupersampleCount:4]]
[2022.04.12-09.28.21:012][  0]LogConfig: Setting CVar [[r.LightMaxDrawDistanceScale:1]]
[2022.04.12-09.28.21:012][  0]LogConfig: Setting CVar [[r.CapsuleShadows:1]]
[2022.04.12-09.28.21:012][  0]LogConfig: Applying CVar settings from Section [PostProcessQuality@3] File [C:/Users/dmock/Unreal projects/P8/P8ToBeAnnounced/P8_VR_Home/Saved/Config/Windows/Scalability.ini]
[2022.04.12-09.28.21:012][  0]LogConfig: Setting CVar [[r.MotionBlurQuality:4]]
[2022.04.12-09.28.21:012][  0]LogConfig: Setting CVar [[r.AmbientOcclusionMipLevelFactor:0.4]]
[2022.04.12-09.28.21:012][  0]LogConfig: Setting CVar [[r.AmbientOcclusionMaxQuality:100]]
[2022.04.12-09.28.21:012][  0]LogConfig: Setting CVar [[r.AmbientOcclusionLevels:-1]]
[2022.04.12-09.28.21:012][  0]LogConfig: Setting CVar [[r.AmbientOcclusionRadiusScale:1.0]]
[2022.04.12-09.28.21:012][  0]LogConfig: Setting CVar [[r.DepthOfFieldQuality:2]]
[2022.04.12-09.28.21:012][  0]LogConfig: Setting CVar [[r.RenderTargetPoolMin:400]]
[2022.04.12-09.28.21:012][  0]LogConfig: Setting CVar [[r.LensFlareQuality:2]]
[2022.04.12-09.28.21:012][  0]LogConfig: Setting CVar [[r.SceneColorFringeQuality:1]]
[2022.04.12-09.28.21:012][  0]LogConfig: Setting CVar [[r.EyeAdaptationQuality:2]]
[2022.04.12-09.28.21:012][  0]LogConfig: Setting CVar [[r.BloomQuality:5]]
[2022.04.12-09.28.21:012][  0]LogConfig: Setting CVar [[r.FastBlurThreshold:100]]
[2022.04.12-09.28.21:012][  0]LogConfig: Setting CVar [[r.Upscale.Quality:3]]
[2022.04.12-09.28.21:012][  0]LogConfig: Setting CVar [[r.Tonemapper.GrainQuantization:1]]
[2022.04.12-09.28.21:012][  0]LogConfig: Setting CVar [[r.LightShaftQuality:1]]
[2022.04.12-09.28.21:012][  0]LogConfig: Setting CVar [[r.Filter.SizeScale:1]]
[2022.04.12-09.28.21:012][  0]LogConfig: Setting CVar [[r.Tonemapper.Quality:5]]
[2022.04.12-09.28.21:012][  0]LogConfig: Setting CVar [[r.DOF.Gather.AccumulatorQuality:1        ; higher gathering accumulator quality]]
[2022.04.12-09.28.21:012][  0]LogConfig: Setting CVar [[r.DOF.Gather.PostfilterMethod:1          ; Median3x3 postfilering method]]
[2022.04.12-09.28.21:012][  0]LogConfig: Setting CVar [[r.DOF.Gather.EnableBokehSettings:0       ; no bokeh simulation when gathering]]
[2022.04.12-09.28.21:012][  0]LogConfig: Setting CVar [[r.DOF.Gather.RingCount:4                 ; medium number of samples when gathering]]
[2022.04.12-09.28.21:012][  0]LogConfig: Setting CVar [[r.DOF.Scatter.ForegroundCompositing:1    ; additive foreground scattering]]
[2022.04.12-09.28.21:012][  0]LogConfig: Setting CVar [[r.DOF.Scatter.BackgroundCompositing:2    ; additive background scattering]]
[2022.04.12-09.28.21:012][  0]LogConfig: Setting CVar [[r.DOF.Scatter.EnableBokehSettings:1      ; bokeh simulation when scattering]]
[2022.04.12-09.28.21:012][  0]LogConfig: Setting CVar [[r.DOF.Scatter.MaxSpriteRatio:0.1         ; only a maximum of 10% of scattered bokeh]]
[2022.04.12-09.28.21:012][  0]LogConfig: Setting CVar [[r.DOF.Recombine.Quality:1                ; cheap slight out of focus]]
[2022.04.12-09.28.21:012][  0]LogConfig: Setting CVar [[r.DOF.Recombine.EnableBokehSettings:0    ; no bokeh simulation on slight out of focus]]
[2022.04.12-09.28.21:012][  0]LogConfig: Setting CVar [[r.DOF.TemporalAAQuality:1                ; more stable temporal accumulation]]
[2022.04.12-09.28.21:012][  0]LogConfig: Setting CVar [[r.DOF.Kernel.MaxForegroundRadius:0.025]]
[2022.04.12-09.28.21:012][  0]LogConfig: Setting CVar [[r.DOF.Kernel.MaxBackgroundRadius:0.025]]
[2022.04.12-09.28.21:012][  0]LogConfig: Applying CVar settings from Section [TextureQuality@3] File [C:/Users/dmock/Unreal projects/P8/P8ToBeAnnounced/P8_VR_Home/Saved/Config/Windows/Scalability.ini]
[2022.04.12-09.28.21:012][  0]LogConfig: Setting CVar [[r.Streaming.MipBias:0]]
[2022.04.12-09.28.21:012][  0]LogConfig: Setting CVar [[r.Streaming.AmortizeCPUToGPUCopy:0]]
[2022.04.12-09.28.21:012][  0]LogConfig: Setting CVar [[r.Streaming.MaxNumTexturesToStreamPerFrame:0]]
[2022.04.12-09.28.21:012][  0]LogConfig: Setting CVar [[r.Streaming.Boost:1]]
[2022.04.12-09.28.21:012][  0]LogConfig: Setting CVar [[r.MaxAnisotropy:8]]
[2022.04.12-09.28.21:012][  0]LogConfig: Setting CVar [[r.VT.MaxAnisotropy:8]]
[2022.04.12-09.28.21:012][  0]LogConfig: Setting CVar [[r.Streaming.LimitPoolSizeToVRAM:0]]
[2022.04.12-09.28.21:012][  0]LogConfig: Setting CVar [[r.Streaming.PoolSize:1000]]
[2022.04.12-09.28.21:012][  0]LogConfig: Setting CVar [[r.Streaming.MaxEffectiveScreenSize:0]]
[2022.04.12-09.28.21:012][  0]LogConfig: Applying CVar settings from Section [EffectsQuality@3] File [C:/Users/dmock/Unreal projects/P8/P8ToBeAnnounced/P8_VR_Home/Saved/Config/Windows/Scalability.ini]
[2022.04.12-09.28.21:012][  0]LogConfig: Setting CVar [[r.TranslucencyLightingVolumeDim:64]]
[2022.04.12-09.28.21:012][  0]LogConfig: Setting CVar [[r.RefractionQuality:2]]
[2022.04.12-09.28.21:012][  0]LogConfig: Setting CVar [[r.SSR.Quality:3]]
[2022.04.12-09.28.21:012][  0]LogConfig: Setting CVar [[r.SSR.HalfResSceneColor:0]]
[2022.04.12-09.28.21:012][  0]LogConfig: Setting CVar [[r.SceneColorFormat:4]]
[2022.04.12-09.28.21:012][  0]LogConfig: Setting CVar [[r.DetailMode:2]]
[2022.04.12-09.28.21:012][  0]LogConfig: Setting CVar [[r.TranslucencyVolumeBlur:1]]
[2022.04.12-09.28.21:012][  0]LogConfig: Setting CVar [[r.MaterialQualityLevel:1 ; High quality]]
[2022.04.12-09.28.21:012][  0]LogConfig: Setting CVar [[r.AnisotropicMaterials:1]]
[2022.04.12-09.28.21:012][  0]LogConfig: Setting CVar [[r.SSS.Scale:1]]
[2022.04.12-09.28.21:012][  0]LogConfig: Setting CVar [[r.SSS.SampleSet:2]]
[2022.04.12-09.28.21:012][  0]LogConfig: Setting CVar [[r.SSS.Quality:1]]
[2022.04.12-09.28.21:012][  0]LogConfig: Setting CVar [[r.SSS.HalfRes:0]]
[2022.04.12-09.28.21:012][  0]LogConfig: Setting CVar [[r.SSGI.Quality:3]]
[2022.04.12-09.28.21:012][  0]LogConfig: Setting CVar [[r.EmitterSpawnRateScale:1.0]]
[2022.04.12-09.28.21:012][  0]LogConfig: Setting CVar [[r.ParticleLightQuality:2]]
[2022.04.12-09.28.21:012][  0]LogConfig: Setting CVar [[r.SkyAtmosphere.AerialPerspectiveLUT.FastApplyOnOpaque:1 ; Always have FastSkyLUT 1 in this case to avoid wrong sky]]
[2022.04.12-09.28.21:012][  0]LogConfig: Setting CVar [[r.SkyAtmosphere.AerialPerspectiveLUT.SampleCountMaxPerSlice:4]]
[2022.04.12-09.28.21:012][  0]LogConfig: Setting CVar [[r.SkyAtmosphere.AerialPerspectiveLUT.DepthResolution:16.0]]
[2022.04.12-09.28.21:012][  0]LogConfig: Setting CVar [[r.SkyAtmosphere.FastSkyLUT:1]]
[2022.04.12-09.28.21:012][  0]LogConfig: Setting CVar [[r.SkyAtmosphere.FastSkyLUT.SampleCountMin:4.0]]
[2022.04.12-09.28.21:012][  0]LogConfig: Setting CVar [[r.SkyAtmosphere.FastSkyLUT.SampleCountMax:128.0]]
[2022.04.12-09.28.21:012][  0]LogConfig: Setting CVar [[r.SkyAtmosphere.SampleCountMin:4.0]]
[2022.04.12-09.28.21:012][  0]LogConfig: Setting CVar [[r.SkyAtmosphere.SampleCountMax:128.0]]
[2022.04.12-09.28.21:012][  0]LogConfig: Setting CVar [[r.SkyAtmosphere.TransmittanceLUT.UseSmallFormat:0]]
[2022.04.12-09.28.21:012][  0]LogConfig: Setting CVar [[r.SkyAtmosphere.TransmittanceLUT.SampleCount:10.0]]
[2022.04.12-09.28.21:012][  0]LogConfig: Setting CVar [[r.SkyAtmosphere.MultiScatteringLUT.SampleCount:15.0]]
[2022.04.12-09.28.21:012][  0]LogConfig: Setting CVar [[r.SkyLight.RealTimeReflectionCapture:1]]
[2022.04.12-09.28.21:012][  0]LogConfig: Applying CVar settings from Section [FoliageQuality@3] File [C:/Users/dmock/Unreal projects/P8/P8ToBeAnnounced/P8_VR_Home/Saved/Config/Windows/Scalability.ini]
[2022.04.12-09.28.21:012][  0]LogConfig: Setting CVar [[foliage.DensityScale:1.0]]
[2022.04.12-09.28.21:012][  0]LogConfig: Setting CVar [[grass.DensityScale:1.0]]
[2022.04.12-09.28.21:012][  0]LogConfig: Applying CVar settings from Section [ShadingQuality@3] File [C:/Users/dmock/Unreal projects/P8/P8ToBeAnnounced/P8_VR_Home/Saved/Config/Windows/Scalability.ini]
[2022.04.12-09.28.21:012][  0]LogConfig: Setting CVar [[r.HairStrands.SkyLighting.IntegrationType:2]]
[2022.04.12-09.28.21:012][  0]LogConfig: Setting CVar [[r.HairStrands.SkyAO.SampleCount:4]]
[2022.04.12-09.28.21:012][  0]LogConfig: Setting CVar [[r.HairStrands.Visibility.MSAA.SamplePerPixel:4]]
[2022.04.12-09.28.21:012][  0]LogConfig: Applying CVar settings from Section [Startup] File [../../../Engine/Config/ConsoleVariables.ini]
[2022.04.12-09.28.21:013][  0]LogConfig: Setting CVar [[net.UseAdaptiveNetUpdateFrequency:0]]
[2022.04.12-09.28.21:013][  0]LogConfig: Setting CVar [[p.chaos.AllowCreatePhysxBodies:1]]
[2022.04.12-09.28.21:013][  0]LogConfig: Setting CVar [[fx.SkipVectorVMBackendOptimizations:1]]
[2022.04.12-09.28.21:013][  0]LogConfig: Applying CVar settings from Section [ConsoleVariables] File [C:/Users/dmock/Unreal projects/P8/P8ToBeAnnounced/P8_VR_Home/Saved/Config/Windows/Engine.ini]
[2022.04.12-09.28.21:013][  0]LogConfig: Applying CVar settings from Section [ConsoleVariables] File [C:/Users/dmock/Unreal projects/P8/P8ToBeAnnounced/P8_VR_Home/Saved/Config/Windows/Editor.ini]
[2022.04.12-09.28.21:013][  0]LogInit: Computer: DAVID
[2022.04.12-09.28.21:013][  0]LogInit: User: dmock
[2022.04.12-09.28.21:013][  0]LogInit: CPU Page size=4096, Cores=8
[2022.04.12-09.28.21:013][  0]LogInit: High frequency timer resolution =10.000000 MHz
[2022.04.12-09.28.21:013][  0]LogMemory: Memory total: Physical=15.4GB (16GB approx)
[2022.04.12-09.28.21:013][  0]LogMemory: Platform Memory Stats for Windows
[2022.04.12-09.28.21:013][  0]LogMemory: Process Physical Memory: 147.68 MB used, 147.68 MB peak
[2022.04.12-09.28.21:013][  0]LogMemory: Process Virtual Memory: 128.42 MB used, 128.42 MB peak
[2022.04.12-09.28.21:013][  0]LogMemory: Physical Memory: 8207.91 MB used,  7568.45 MB free, 15776.35 MB total
[2022.04.12-09.28.21:013][  0]LogMemory: Virtual Memory: 134208488.00 MB used,  9237.02 MB free, 134217728.00 MB total
[2022.04.12-09.28.21:017][  0]LogWindows: WindowsPlatformFeatures enabled
[2022.04.12-09.28.21:032][  0]LogInit: Physics initialised using underlying interface: PhysX
[2022.04.12-09.28.21:032][  0]LogInit: Using OS detected language (en-US).
[2022.04.12-09.28.21:032][  0]LogInit: Using OS detected locale (en-US).
[2022.04.12-09.28.21:034][  0]LogTextLocalizationManager: No specific localization for 'en-US' exists, so the 'en' localization will be used.
[2022.04.12-09.28.21:164][  0]LogInit: Setting process to per monitor DPI aware
[2022.04.12-09.28.21:171][  0]LogWindowsTextInputMethodSystem: Display: IME system deactivated.
[2022.04.12-09.28.21:178][  0]LogSlate: New Slate User Created.  User Index 0, Is Virtual User: 0
[2022.04.12-09.28.21:178][  0]LogSlate: Slate User Registered.  User Index 0, Is Virtual User: 0
[2022.04.12-09.28.21:260][  0]LogD3D11RHI: Loaded GFSDK_Aftermath_Lib.x64.dll
[2022.04.12-09.28.21:345][  0]LogHMD: Optional extension XR_VARJO_quad_views is not available
[2022.04.12-09.28.21:346][  0]LogHMD: Warning: Required extension XR_EXT_eye_gaze_interaction is not available
[2022.04.12-09.28.21:346][  0]LogHMD: Could not enable all required OpenXR extensions for OpenXREyeTracker on current system. This plugin will be loaded but ignored, but will be enabled on a target platform that supports the required extension.
[2022.04.12-09.28.21:848][  0]LogHMD: Failed to get an OpenXR system, result is XR_ERROR_FORM_FACTOR_UNAVAILABLE. Please check that your runtime supports VR headsets.
[2022.04.12-09.28.21:848][  0]LogD3D11RHI: D3D11 min allowed feature level: 11_0
[2022.04.12-09.28.21:848][  0]LogD3D11RHI: D3D11 max allowed feature level: 11_0
[2022.04.12-09.28.21:848][  0]LogD3D11RHI: D3D11 adapters:
[2022.04.12-09.28.21:915][  0]LogD3D11RHI:    0. 'NVIDIA GeForce RTX 3050 Ti Laptop GPU' (Feature Level 11_0)
[2022.04.12-09.28.21:915][  0]LogD3D11RHI:       3990/0/7888 MB DedicatedVideo/DedicatedSystem/SharedSystem, Outputs:1, VendorId:0x10de
[2022.04.12-09.28.21:934][  0]LogD3D11RHI:    1. 'AMD Radeon(TM) Graphics' (Feature Level 11_0)
[2022.04.12-09.28.21:934][  0]LogD3D11RHI:       496/0/7888 MB DedicatedVideo/DedicatedSystem/SharedSystem, Outputs:0, VendorId:0x1002
[2022.04.12-09.28.21:935][  0]LogD3D11RHI:    2. 'Microsoft Basic Render Driver' (Feature Level 11_0)
[2022.04.12-09.28.21:935][  0]LogD3D11RHI:       0/0/7888 MB DedicatedVideo/DedicatedSystem/SharedSystem, Outputs:0, VendorId:0x1414
[2022.04.12-09.28.21:935][  0]LogD3D11RHI: Chosen D3D11 Adapter:
[2022.04.12-09.28.21:935][  0]LogD3D11RHI:     Description : NVIDIA GeForce RTX 3050 Ti Laptop GPU
[2022.04.12-09.28.21:935][  0]LogD3D11RHI:     VendorId    : 10de
[2022.04.12-09.28.21:935][  0]LogD3D11RHI:     DeviceId    : 25a0
[2022.04.12-09.28.21:935][  0]LogD3D11RHI:     SubSysId    : 14ec1043
[2022.04.12-09.28.21:935][  0]LogD3D11RHI:     Revision    : 00a1
[2022.04.12-09.28.21:935][  0]LogD3D11RHI:     DedicatedVideoMemory : 4183818240 bytes
[2022.04.12-09.28.21:935][  0]LogD3D11RHI:     DedicatedSystemMemory : 0 bytes
[2022.04.12-09.28.21:935][  0]LogD3D11RHI:     SharedSystemMemory : 8271351808 bytes
[2022.04.12-09.28.21:935][  0]LogD3D11RHI:     AdapterLuid : 0 54226
[2022.04.12-09.28.21:941][  0]LogD3D11RHI: Creating new Direct3DDevice
[2022.04.12-09.28.21:941][  0]LogD3D11RHI:     GPU DeviceId: 0x25a0 (for the marketing name, search the web for "GPU Device Id")
[2022.04.12-09.28.21:941][  0]LogWindows: EnumDisplayDevices:
[2022.04.12-09.28.21:942][  0]LogWindows:    0. 'AMD Radeon(TM) Graphics' (P:1 D:1)
[2022.04.12-09.28.21:942][  0]LogWindows:    1. 'AMD Radeon(TM) Graphics' (P:0 D:0)
[2022.04.12-09.28.21:942][  0]LogWindows:    2. 'AMD Radeon(TM) Graphics' (P:0 D:0)
[2022.04.12-09.28.21:942][  0]LogWindows:    3. 'AMD Radeon(TM) Graphics' (P:0 D:0)
[2022.04.12-09.28.21:942][  0]LogWindows:    4. 'NVIDIA GeForce RTX 3050 Ti Laptop GPU' (P:0 D:0)
[2022.04.12-09.28.21:942][  0]LogWindows:    5. 'NVIDIA GeForce RTX 3050 Ti Laptop GPU' (P:0 D:0)
[2022.04.12-09.28.21:942][  0]LogWindows:    6. 'NVIDIA GeForce RTX 3050 Ti Laptop GPU' (P:0 D:0)
[2022.04.12-09.28.21:943][  0]LogWindows:    7. 'NVIDIA GeForce RTX 3050 Ti Laptop GPU' (P:0 D:0)
[2022.04.12-09.28.21:943][  0]LogWindows: DebugString: PrimaryIsNotTheChoosenAdapter PrimaryIsNotTheChoosenAdapter PrimaryIsNotTheChoosenAdapter PrimaryIsNotTheChoosenAdapter FoundDriverCount:4 
[2022.04.12-09.28.21:943][  0]LogD3D11RHI:     Adapter Name: NVIDIA GeForce RTX 3050 Ti Laptop GPU
[2022.04.12-09.28.21:943][  0]LogD3D11RHI:   Driver Version: 462.13 (internal:27.21.14.6213, unified:462.13)
[2022.04.12-09.28.21:943][  0]LogD3D11RHI:      Driver Date: 3-24-2021
[2022.04.12-09.28.21:943][  0]LogRHI: Texture pool is 2793 MB (70% of 3990 MB)
[2022.04.12-09.28.21:943][  0]LogD3D11RHI: Creating D3DDevice using adapter:
[2022.04.12-09.28.21:943][  0]LogD3D11RHI:     Description : NVIDIA GeForce RTX 3050 Ti Laptop GPU
[2022.04.12-09.28.21:943][  0]LogD3D11RHI:     VendorId    : 10de
[2022.04.12-09.28.21:943][  0]LogD3D11RHI:     DeviceId    : 25a0
[2022.04.12-09.28.21:943][  0]LogD3D11RHI:     SubSysId    : 14ec1043
[2022.04.12-09.28.21:943][  0]LogD3D11RHI:     Revision    : 00a1
[2022.04.12-09.28.21:943][  0]LogD3D11RHI:     DedicatedVideoMemory : 4183818240 bytes
[2022.04.12-09.28.21:943][  0]LogD3D11RHI:     DedicatedSystemMemory : 0 bytes
[2022.04.12-09.28.21:943][  0]LogD3D11RHI:     SharedSystemMemory : 8271351808 bytes
[2022.04.12-09.28.21:943][  0]LogD3D11RHI:     AdapterLuid : 0 54226
[2022.04.12-09.28.21:986][  0]LogD3D11RHI: RHI has support for 64 bit atomics
[2022.04.12-09.28.21:986][  0]LogD3D11RHI: Async texture creation enabled
[2022.04.12-09.28.21:986][  0]LogD3D11RHI: Array index from any shader is supported
[2022.04.12-09.28.21:999][  0]LogD3D11RHI: GPU Timing Frequency: 1000.000000 (Debug: 2 1)
[2022.04.12-09.28.22:009][  0]LogRHI: GeForceNow SDK initialized: 1
[2022.04.12-09.28.22:207][  0]LogTargetPlatformManager: Display: Loaded TargetPlatform 'AllDesktop'
[2022.04.12-09.28.22:225][  0]LogTargetPlatformManager: Display: Loaded TargetPlatform 'Android'
[2022.04.12-09.28.22:225][  0]LogTargetPlatformManager: Display: Loaded TargetPlatform 'Android_ASTC'
[2022.04.12-09.28.22:225][  0]LogTargetPlatformManager: Display: Loaded TargetPlatform 'Android_DXT'
[2022.04.12-09.28.22:225][  0]LogTargetPlatformManager: Display: Loaded TargetPlatform 'Android_ETC2'
[2022.04.12-09.28.22:225][  0]LogTargetPlatformManager: Display: Loaded TargetPlatform 'AndroidClient'
[2022.04.12-09.28.22:225][  0]LogTargetPlatformManager: Display: Loaded TargetPlatform 'Android_ASTCClient'
[2022.04.12-09.28.22:225][  0]LogTargetPlatformManager: Display: Loaded TargetPlatform 'Android_DXTClient'
[2022.04.12-09.28.22:225][  0]LogTargetPlatformManager: Display: Loaded TargetPlatform 'Android_ETC2Client'
[2022.04.12-09.28.22:225][  0]LogTargetPlatformManager: Display: Loaded TargetPlatform 'Android_Multi'
[2022.04.12-09.28.22:225][  0]LogTargetPlatformManager: Display: Loaded TargetPlatform 'Android_MultiClient'
[2022.04.12-09.28.22:241][  0]LogTargetPlatformManager: Display: Loaded TargetPlatform 'IOSClient'
[2022.04.12-09.28.22:241][  0]LogTargetPlatformManager: Display: Loaded TargetPlatform 'IOS'
[2022.04.12-09.28.22:249][  0]LogTargetPlatformManager: Display: Loaded TargetPlatform 'Linux'
[2022.04.12-09.28.22:252][  0]LogTargetPlatformManager: Display: Loaded TargetPlatform 'LinuxNoEditor'
[2022.04.12-09.28.22:256][  0]LogTargetPlatformManager: Display: Loaded TargetPlatform 'LinuxClient'
[2022.04.12-09.28.22:259][  0]LogTargetPlatformManager: Display: Loaded TargetPlatform 'LinuxServer'
[2022.04.12-09.28.22:267][  0]LogTargetPlatformManager: Display: Loaded TargetPlatform 'LinuxAArch64NoEditor'
[2022.04.12-09.28.22:271][  0]LogTargetPlatformManager: Display: Loaded TargetPlatform 'LinuxAArch64Client'
[2022.04.12-09.28.22:274][  0]LogTargetPlatformManager: Display: Loaded TargetPlatform 'LinuxAArch64Server'
[2022.04.12-09.28.22:295][  0]LogTargetPlatformManager: Display: Loaded TargetPlatform 'Lumin'
[2022.04.12-09.28.22:295][  0]LogTargetPlatformManager: Display: Loaded TargetPlatform 'LuminClient'
[2022.04.12-09.28.22:303][  0]LogTargetPlatformManager: Display: Loaded TargetPlatform 'MacNoEditor'
[2022.04.12-09.28.22:306][  0]LogTargetPlatformManager: Display: Loaded TargetPlatform 'Mac'
[2022.04.12-09.28.22:310][  0]LogTargetPlatformManager: Display: Loaded TargetPlatform 'MacClient'
[2022.04.12-09.28.22:314][  0]LogTargetPlatformManager: Display: Loaded TargetPlatform 'MacServer'
[2022.04.12-09.28.22:322][  0]LogTargetPlatformManager: Display: Loaded TargetPlatform 'TVOSClient'
[2022.04.12-09.28.22:322][  0]LogTargetPlatformManager: Display: Loaded TargetPlatform 'TVOS'
[2022.04.12-09.28.22:330][  0]LogTargetPlatformManager: Display: Loaded TargetPlatform 'WindowsNoEditor'
[2022.04.12-09.28.22:334][  0]LogTargetPlatformManager: Display: Loaded TargetPlatform 'Windows'
[2022.04.12-09.28.22:338][  0]LogTargetPlatformManager: Display: Loaded TargetPlatform 'WindowsClient'
[2022.04.12-09.28.22:342][  0]LogTargetPlatformManager: Display: Loaded TargetPlatform 'WindowsServer'
[2022.04.12-09.28.22:342][  0]LogTargetPlatformManager: Display: Building Assets For Windows
[2022.04.12-09.28.22:347][  0]LogAudioDebug: Display: Lib vorbis DLL was dynamically loaded.
[2022.04.12-09.28.22:371][  0]LogTextureFormatOodle: Display: Oodle Texture 2.9.0 init RDO Off
[2022.04.12-09.28.22:395][  0]LogRendererCore: Ray tracing is disabled. Reason: r.RayTracing=0.
[2022.04.12-09.28.22:395][  0]LogShaderCompilers: Guid format shader working directory is -30 characters bigger than the processId version (../../../../../../Users/dmock/Unreal projects/P8/P8ToBeAnnounced/P8_VR_Home/Intermediate/Shaders/WorkingDirectory/12036/).
[2022.04.12-09.28.22:395][  0]LogShaderCompilers: Cleaned the shader compiler working directory 'C:/Users/dmock/AppData/Local/Temp/UnrealShaderWorkingDir/DC19614947BB6769BCFDF1BCBB00801B/'.
[2022.04.12-09.28.22:395][  0]LogXGEController: Cannot use XGE Controller as Incredibuild is not installed on this machine.
[2022.04.12-09.28.22:395][  0]LogShaderCompilers: Cannot use XGE Shader Compiler as Incredibuild is not installed on this machine.
[2022.04.12-09.28.22:395][  0]LogShaderCompilers: Display: Using Local Shader Compiler.
[2022.04.12-09.28.22:937][  0]LogDerivedDataCache: Display: Max Cache Size: 512 MB
[2022.04.12-09.28.22:991][  0]LogDerivedDataCache: Loaded boot cache 0.05s 140MB C:/Users/dmock/AppData/Local/UnrealEngine/4.27/DerivedDataCache/Boot.ddc.
[2022.04.12-09.28.22:992][  0]LogDerivedDataCache: Display: Loaded Boot cache: C:/Users/dmock/AppData/Local/UnrealEngine/4.27/DerivedDataCache/Boot.ddc
[2022.04.12-09.28.22:992][  0]LogDerivedDataCache: FDerivedDataBackendGraph:  Pak pak cache file ../../../../../../Users/dmock/Unreal projects/P8/P8ToBeAnnounced/P8_VR_Home/DerivedDataCache/DDC.ddp not found, will not use a pak cache.
[2022.04.12-09.28.22:992][  0]LogDerivedDataCache: Unable to find inner node Pak for hierarchical cache Hierarchy.
[2022.04.12-09.28.22:992][  0]LogDerivedDataCache: FDerivedDataBackendGraph:  CompressedPak pak cache file ../../../../../../Users/dmock/Unreal projects/P8/P8ToBeAnnounced/P8_VR_Home/DerivedDataCache/Compressed.ddp not found, will not use a pak cache.
[2022.04.12-09.28.22:992][  0]LogDerivedDataCache: Unable to find inner node CompressedPak for hierarchical cache Hierarchy.
[2022.04.12-09.28.23:006][  0]LogDerivedDataCache: Display: Pak cache opened for reading ../../../Engine/DerivedDataCache/Compressed.ddp.
[2022.04.12-09.28.23:006][  0]LogDerivedDataCache: FDerivedDataBackendGraph:  EnterprisePak pak cache file ../../../Enterprise/DerivedDataCache/Compressed.ddp not found, will not use a pak cache.
[2022.04.12-09.28.23:006][  0]LogDerivedDataCache: Unable to find inner node EnterprisePak for hierarchical cache Hierarchy.
[2022.04.12-09.28.23:012][  0]LogDerivedDataCache: Speed tests for C:/Users/dmock/AppData/Local/UnrealEngine/Common/DerivedDataCache took 0.01 seconds
[2022.04.12-09.28.23:012][  0]LogDerivedDataCache: Display: Performance to C:/Users/dmock/AppData/Local/UnrealEngine/Common/DerivedDataCache: Latency=0.02ms. RandomReadSpeed=453.17MBs, RandomWriteSpeed=262.39MBs. Assigned SpeedClass 'Local'
[2022.04.12-09.28.23:013][  0]LogDerivedDataCache: Using Local data cache path C:/Users/dmock/AppData/Local/UnrealEngine/Common/DerivedDataCache: Writable
[2022.04.12-09.28.23:013][  0]LogDerivedDataCache: Shared data cache path not found in *engine.ini, will not use an Shared cache.
[2022.04.12-09.28.23:013][  0]LogDerivedDataCache: Unable to find inner node Shared for hierarchical cache Hierarchy.
[2022.04.12-09.28.23:047][  0]LogSlate: Using FreeType 2.10.0
[2022.04.12-09.28.23:047][  0]LogSlate: SlateFontServices - WITH_FREETYPE: 1, WITH_HARFBUZZ: 1
[2022.04.12-09.28.23:548][  0]LogHMD: Failed to get an OpenXR system, result is XR_ERROR_FORM_FACTOR_UNAVAILABLE. Please check that your runtime supports VR headsets.
[2022.04.12-09.28.23:568][  0]LogAssetRegistry: FAssetRegistry took 0.0032 seconds to start up
[2022.04.12-09.28.23:762][  0]LogInit: Selected Device Profile: [Windows]
[2022.04.12-09.28.23:762][  0]LogInit: Active device profile: [000001E89D28EA00][000001E898A3E4C0 49] Windows
[2022.04.12-09.28.23:762][  0]LogInit: Profiles: [000001E89D28EA00][000001E898A3E4C0 49] Windows, [000001E89D215800][000001E898A46640 49] WindowsNoEditor, [000001E89D28D800][000001E8958987C0 49] WindowsServer, [000001E89D216900][000001E8958A4940 49] WindowsClient, [000001E89D28EB00][000001E895C50AC0 49] IOS, [000001E89D215500][000001E895C5CC40 49] iPadAir, [000001E89D28D600][000001E895C98DC0 49] iPadAir2, [000001E89CFC3300][000001E898A43040 49] IPadPro, [000001E89CFC3400][000001E895CC1080 49] iPadAir3, [000001E89D28EF00][000001E895CC51C0 49] iPadAir4, [000001E89CFC1D00][000001E89B147300 49] iPadMini2, [000001E89D28D700][000001E89B14F480 49] iPadMini3, [000001E89CFC3900][000001E89B153600 49] iPadMini4, [000001E89D28DE00][000001E895807780 49] iPadMini5, [000001E89D03EC00][000001E89580FA40 49] iPhone6, [000001E89D03ED00][000001E89580BA80 49] iPodTouch6, [000001E89CFC0D00][000001E89B5521C0 49] iPhone7, [000001E89CFC0C00][000001E895838200 49] iPodTouch7, [000001E89D03DC00][000001E89B55E380 49] iPhone5S, [000001E89CFC3500][000001E89B56A500 49] iPhone6Plus, [000001E89D03F300][000001E89588E680 49] iPhone6S, [000001E89CFC0A00][000001E89B54E800 49] iPhone6SPlus, [000001E89D03EE00][000001E89AEEC980 49] iPhone7Plus, [000001E89CFC1600][000001E89AEF0B00 49] iPhoneSE, [000001E89D03DD00][000001E89AF14C80 49] iPhone8, [000001E89CFC2600][000001E89AF18E00 49] iPhone8Plus, [000001E89D03D200][000001E89AF1CF80 49] iPhoneX, [000001E89CFC1300][000001E89AF21100 49] iPhoneXS, [000001E89D03C200][000001E89B14B240 49] iPhoneXSMax, [000001E89CFC1E00][000001E89AF25380 49] iPhoneXR, [000001E89D03F400][000001E89AF294C0 49] iPhone11, [000001E89CFC3700][000001E89B20F640 49] iPhone11Pro, [000001E89D03D100][000001E89B2137C0 49] iPhone11ProMax, [000001E89CFC2B00][000001E89B217940 49] iPhoneSE2, [000001E89D03FF00][000001E89B975AC0 49] iPhone12Mini, [000001E89CFC0E00][000001E89B97C0C0 49] iPhone12, [000001E89D03CC00][000001E89AAD8240 49] iPhone12Pro, [000001E89CFC3200][000001E89AADC3C0 49] iPhone12ProMax, [000001E89D03FE00][000001E89AAE4540 49] iPadPro105, [000001E89CFC1700][000001E89AAE86C0 49] iPadPro129, [000001E89D03EF00][000001E895960840 49] iPadPro97, [000001E89CFC2100][000001E89B43C9C0 49] iPadPro2_129, [000001E89D03FB00][000001E89B440B40 49] iPad5, [000001E89CFC3F00][000001E89B444CC0 49] iPad6, [000001E89D03C300][000001E89B448E40 49] iPad7, [000001E89CFC1200][000001E89B44CFC0 49] iPad8, [000001E89D03F000][000001E89B451140 49] iPadPro11, [000001E89D4B8D00][000001E8959D52C0 49] iPadPro2_11, [000001E89D217600][000001E89AF2D400 49] iPadPro3_129, [000001E89D4B8300][000001E8959D9540 49] iPadPro4_129, [000001E89D216400][000001E8959DD680 49] AppleTV, [000001E89D4B8B00][000001E89AEBD7C0 49] AppleTV4K, [000001E89D216A00][000001E895A11940 49] TVOS, [000001E89D4B9700][000001E895A1DAC0 49] Mac, [000001E89D217A00][000001E8989E40C0 49] MacClient, [000001E89D4B9000][000001E89B1B8240 49] MacNoEditor, [000001E89D216F00][000001E89B1C03C0 49] MacServer, [000001E89D4B9600][000001E89B1C4540 49] Linux, [000001E89D215B00][000001E89B1C86C0 49] LinuxAArch64, [000001E89D4B9400][000001E89B1DA840 49] LinuxNoEditor, [000001E89D214600][000001E89AA929C0 49] LinuxAArch64NoEditor, [000001E89D4B8200][000001E89AAD0B40 49] LinuxClient, [000001E89D216700][000001E89DE5CCC0 49] LinuxAArch64Client, [000001E89D03C900][000001E89DEACE40 49] LinuxServer, [000001E89CFC2900][000001E89DEB0FC0 49] LinuxAArch64Server, [000001E89D03E400][000001E89AEF5140 49] Android, [000001E89CFC2200][000001E89AEF92C0 49] Android_Low, [000001E89D03D600][000001E89AEFD440 49] Android_Mid, [000001E89CFC2400][000001E895A0D580 49] Android_High, [000001E89D03FC00][000001E89AF016C0 49] Android_Default, [000001E89CFC1400][000001E89AF05800 49] Android_Adreno4xx, [000001E89D03D300][000001E89AF09940 49] Android_Adreno5xx_Low, [000001E89CFC2300][000001E89AF11AC0 49] Android_Adreno5xx, [000001E89D03C100][000001E89E19C0C0 49] Android_Adreno6xx, [000001E89CFC2A00][000001E89E1B4240 49] Android_Adreno6xx_Vulkan, [000001E89D03F600][000001E89E1C63C0 49] Android_Mali_T6xx, [000001E89CFC3A00][000001E89E1D0540 49] Android_Mali_T7xx, [000001E89D03E700][000001E89E1D46C0 49] Android_Mali_T8xx, [000001E89CFC2E00][000001E89B93C840 49] Android_Mali_G71, [000001E89D03D900][000001E89B9409C0 49] Android_Mali_G72, [000001E89CFC2500][000001E89B944B40 49] Android_Mali_G72_Vulkan, [000001E89D03C500][000001E89B948CC0 49] Android_Mali_G76, [000001E89CFC1100][000001E89B94CE40 49] Android_Mali_G76_Vulkan, [000001E89D03C800][000001E89B956FC0 49] Android_Mali_G77, [000001E89CFC1C00][000001E89AA8F140 49] Android_Mali_G77_Vulkan, [000001E89D03D400][000001E89B95B2C0 49] Android_Mali_G78, [000001E89CFC2700][000001E89B95F440 49] Android_Mali_G78_Vulkan, [000001E89D03D000][000001E89B9635C0 49] Android_Mali_G710, [000001E89CFC1800][000001E895999740 49] Android_Mali_G710_Vulkan, [000001E89D03CD00][000001E89AF0D880 49] Android_Vulkan_SM5, [000001E89CFC2000][000001E89599D9C0 49] Android_PowerVR_G6xxx, [000001E89D4B8400][000001E8959A1B00 49] Android_PowerVR_GT7xxx, [000001E89CFC1500][000001E8959A8100 49] Android_PowerVR_GE8xxx, [000001E89D4B8F00][000001E8959AC280 49] Android_PowerVR_GM9xxx, [000001E89CFC2C00][000001E8959B0400 49] Android_PowerVR_GM9xxx_Vulkan, [000001E89D28E700][000001E8959B4580 49] Android_TegraK1, [000001E89D215200][000001E8959B8700 49] Android_Unknown_Vulkan, [000001E89D28E200][000001E89AAE0880 49] Lumin, [000001E89D216C00][000001E89AAD4A00 49] Lumin_Desktop, [000001E89D28E600][000001E8959BCB80 49] HoloLens, 
[2022.04.12-09.28.23:864][  0]LogMeshReduction: Using QuadricMeshReduction for automatic static mesh reduction
[2022.04.12-09.28.23:864][  0]LogMeshReduction: Using SimplygonMeshReduction for automatic skeletal mesh reduction
[2022.04.12-09.28.23:864][  0]LogMeshReduction: Using ProxyLODMeshReduction for automatic mesh merging
[2022.04.12-09.28.23:864][  0]LogMeshReduction: No distributed automatic mesh merging module available
[2022.04.12-09.28.23:864][  0]LogMeshMerging: No distributed automatic mesh merging module available
[2022.04.12-09.28.23:878][  0]LogNetVersion: P8_VR_Home 1.0.0, NetCL: 17155196, EngineNetVer: 17, GameNetVer: 0 (Checksum: 1173850688)
[2022.04.12-09.28.24:130][  0]LogTexture: Default maximum texture size for cubemaps generated from long-lat sources has been changed from 512 to unlimited. In order to preserve old behaiour for '/Engine/MapTemplates/Sky/DaylightAmbientCubemap.DaylightAmbientCubemap', its maximum texture size has been explicitly set to 512.
[2022.04.12-09.28.24:168][  0]LogHMD: PokeAHoleMaterial loaded successfully
[2022.04.12-09.28.24:172][  0]LogUObjectArray: 17075 objects as part of root set at end of initial load.
[2022.04.12-09.28.24:172][  0]LogUObjectAllocator: 4275792 out of 0 bytes used by permanent object pool.
[2022.04.12-09.28.24:172][  0]LogUObjectArray: CloseDisregardForGC: 0/0 objects in disregard for GC pool
[2022.04.12-09.28.24:301][  0]LogNiagaraDebuggerClient: Niagara Debugger Client Initialized | Session: DC260C114B899E6A4A3E1D9F6CAC5C02 | Instance: B6CB7C994709022FA013F2844B782014 (DAVID-12036).
[2022.04.12-09.28.24:395][  0]LogTcpMessaging: Initializing TcpMessaging bridge
[2022.04.12-09.28.24:399][  0]LogUdpMessaging: Initializing bridge on interface 0.0.0.0:0 to multicast group 230.0.0.1:6666.
[2022.04.12-09.28.24:408][  0]LogPython: Using Python 3.7.7
[2022.04.12-09.28.24:969][  0]SourceControl: Source control is disabled
[2022.04.12-09.28.24:969][  0]SourceControl: Source control is disabled
[2022.04.12-09.28.24:972][  0]SourceControl: Source control is disabled
[2022.04.12-09.28.24:976][  0]SourceControl: Source control is disabled
[2022.04.12-09.28.24:981][  0]SourceControl: Source control is disabled
[2022.04.12-09.28.24:986][  0]LogUProjectInfo: Found projects:
[2022.04.12-09.28.24:991][  0]LogVSAccessor: Display: Unable to create Visual Studio setup instance: 80040154
[2022.04.12-09.28.24:991][  0]LogVSAccessor: Display: Unable to create Visual Studio setup instance: 80040154
[2022.04.12-09.28.24:992][  0]LogVSAccessor: Display: Unable to create Visual Studio setup instance: 80040154
[2022.04.12-09.28.25:015][  0]LogTexture: Default maximum texture size for cubemaps generated from long-lat sources has been changed from 512 to unlimited. In order to preserve old behaiour for '/Engine/EditorMaterials/AssetViewer/EpicQuadPanorama_CC+EV1.EpicQuadPanorama_CC+EV1', its maximum texture size has been explicitly set to 512.
[2022.04.12-09.28.25:381][  0]LogOpenImageDenoise: OIDN starting up
[2022.04.12-09.28.25:396][  0]LogAndroidPermission: UAndroidPermissionCallbackProxy::GetInstance
[2022.04.12-09.28.25:414][  0]LogAudioCaptureCore: Display: No Audio Capture implementations found. Audio input will be silent.
[2022.04.12-09.28.25:414][  0]LogAudioCaptureCore: Display: No Audio Capture implementations found. Audio input will be silent.
[2022.04.12-09.28.25:558][  0]LogOcInput: OculusInput pre-init called
[2022.04.12-09.28.25:680][  0]LogCollectionManager: Loaded 0 collections in 0.001120 seconds
[2022.04.12-09.28.25:729][  0]LogFileCache: Scanning file cache for directory 'C:/Users/dmock/Unreal projects/P8/P8ToBeAnnounced/P8_VR_Home/Saved/Collections/' took 0.00s
[2022.04.12-09.28.25:729][  0]LogFileCache: Scanning file cache for directory 'C:/Users/dmock/Unreal projects/P8/P8ToBeAnnounced/P8_VR_Home/Content/Developers/dmock/Collections/' took 0.00s
[2022.04.12-09.28.25:729][  0]LogFileCache: Scanning file cache for directory 'C:/Users/dmock/Unreal projects/P8/P8ToBeAnnounced/P8_VR_Home/Content/Collections/' took 0.00s
[2022.04.12-09.28.25:729][  0]LogEngine: Initializing Engine...
[2022.04.12-09.28.26:231][  0]LogHMD: Failed to get an OpenXR system, result is XR_ERROR_FORM_FACTOR_UNAVAILABLE. Please check that your runtime supports VR headsets.
[2022.04.12-09.28.26:231][  0]LogMagicLeap: Warning: VR disabled because ZI is not enabled.  To enable, in the editor, Edit -> Project Settings -> Plugins -> Magic Leap Plugin -> Enable Zero Iteration
[2022.04.12-09.28.26:231][  0]LogStats: UGameplayTagsManager::InitializeManager -  0.000 s
[2022.04.12-09.28.26:312][  0]LogInit: Initializing FReadOnlyCVARCache
[2022.04.12-09.28.26:319][  0]LogAIModule: Creating AISystem for world Untitled
[2022.04.12-09.28.26:326][  0]LogAudio: Display: Initializing Audio Device Manager...
[2022.04.12-09.28.26:329][  0]LogAudio: Display: Loading Default Audio Settings Objects...
[2022.04.12-09.28.26:329][  0]LogAudio: Display: No default SoundConcurrencyObject specified (or failed to load).
[2022.04.12-09.28.26:329][  0]LogAudio: Display: Audio Device Manager Initialized
[2022.04.12-09.28.26:329][  0]LogAudio: Display: Creating Audio Device:                 Id: 1, Scope: Shared, Realtime: True
[2022.04.12-09.28.26:329][  0]LogAudioMixer: Display: Audio Mixer Platform Settings:
[2022.04.12-09.28.26:329][  0]LogAudioMixer: Display: 	Sample Rate:						  48000
[2022.04.12-09.28.26:329][  0]LogAudioMixer: Display: 	Callback Buffer Frame Size Requested: 1024
[2022.04.12-09.28.26:329][  0]LogAudioMixer: Display: 	Callback Buffer Frame Size To Use:	  1024
[2022.04.12-09.28.26:329][  0]LogAudioMixer: Display: 	Number of buffers to queue:			  1
[2022.04.12-09.28.26:329][  0]LogAudioMixer: Display: 	Max Channels (voices):				  0
[2022.04.12-09.28.26:330][  0]LogAudioMixer: Display: 	Number of Async Source Workers:		  4
[2022.04.12-09.28.26:330][  0]LogAudio: Display: AudioDevice MaxSources: 32
[2022.04.12-09.28.26:330][  0]LogAudio: Display: Audio Spatialization Plugin: Resonance Audio is external send: 1
[2022.04.12-09.28.26:330][  0]LogAudio: Display: Audio Reverb Plugin: Resonance Audio
[2022.04.12-09.28.26:330][  0]LogAudio: Display: Audio Occlusion Plugin: None (built-in).
[2022.04.12-09.28.26:330][  0]LogAudioMixer: Display: Initializing audio mixer.
[2022.04.12-09.28.26:336][  0]LogAudioMixer: Display: 0: FrontLeft
[2022.04.12-09.28.26:336][  0]LogAudioMixer: Display: 1: FrontRight
[2022.04.12-09.28.26:460][  0]LogAudioMixer: Display: Using Audio Device Højttalere (Realtek(R) Audio)
[2022.04.12-09.28.26:461][  0]LogAudioMixer: Display: Initializing Sound Submixes...
[2022.04.12-09.28.26:463][  0]LogAudioMixer: Display: Creating Master Submix 'MasterSubmixDefault'
[2022.04.12-09.28.26:463][  0]LogAudioMixer: Display: Creating Master Submix 'MasterReverbSubmixDefault'
[2022.04.12-09.28.26:463][  0]LogAudioMixer: Display: Creating Master Submix 'MasterEQSubmixDefault'
[2022.04.12-09.28.26:465][  0]LogAudioMixer: FMixerPlatformXAudio2::StartAudioStream() called
[2022.04.12-09.28.26:465][  0]LogAudioMixer: Display: Output buffers initialized: Frames=1024, Channels=2, Samples=2048
[2022.04.12-09.28.26:466][  0]LogAudioMixer: Display: Starting AudioMixerPlatformInterface::RunInternal()
[2022.04.12-09.28.26:466][  0]LogAudioMixer: Display: FMixerPlatformXAudio2::SubmitBuffer() called for the first time
[2022.04.12-09.28.26:466][  0]LogInit: FAudioDevice initialized.
[2022.04.12-09.28.26:466][  0]LogAudio: Display: Audio Device (ID: 1) registered with world 'Untitled'.
[2022.04.12-09.28.26:466][  0]LogNetVersion: Set ProjectVersion to 1.0.0.0. Version Checksum will be recalculated on next use.
[2022.04.12-09.28.26:530][  0]LogDerivedDataCache: Saved boot cache 0.06s 140MB C:/Users/dmock/AppData/Local/UnrealEngine/4.27/DerivedDataCache/Boot.ddc.
[2022.04.12-09.28.26:532][  0]LogInit: Texture streaming: Enabled
[2022.04.12-09.28.26:542][  0]LogAnalytics: Display: [UEEditor.Rocket.Release] APIServer = https://datarouter.ol.epicgames.com/. AppVersion = 4.27.2-18319896+++UE4+Release-4.27
[2022.04.12-09.28.26:545][  0]LogEngineSessionManager: EngineSessionManager initialized
[2022.04.12-09.28.26:545][  0]LogEditorSessionSummary: Verbose: Initializing EditorSessionSummaryWriter for editor session tracking
[2022.04.12-09.28.26:546][  0]LogEditorSessionSummary: EditorSessionSummaryWriter initialized
[2022.04.12-09.28.26:571][  0]LogInit: Transaction tracking system initialized
[2022.04.12-09.28.26:587][  0]BlueprintLog: New page: Editor Load
[2022.04.12-09.28.26:636][  0]LocalizationService: Localization service is disabled
[2022.04.12-09.28.26:654][  0]TimingProfiler: Initialize
[2022.04.12-09.28.26:654][  0]TimingProfiler: OnSessionChanged
[2022.04.12-09.28.26:654][  0]LoadingProfiler: Initialize
[2022.04.12-09.28.26:654][  0]LoadingProfiler: OnSessionChanged
[2022.04.12-09.28.26:654][  0]NetworkingProfiler: Initialize
[2022.04.12-09.28.26:654][  0]NetworkingProfiler: OnSessionChanged
[2022.04.12-09.28.26:654][  0]MemoryProfiler: Initialize
[2022.04.12-09.28.26:654][  0]MemoryProfiler: OnSessionChanged
[2022.04.12-09.28.26:894][  0]LogVSAccessor: Display: Unable to create Visual Studio setup instance: 80040154
[2022.04.12-09.28.26:894][  0]LogVSAccessor: Display: Unable to create Visual Studio setup instance: 80040154
[2022.04.12-09.28.26:895][  0]LogVSAccessor: Display: Unable to create Visual Studio setup instance: 80040154
[2022.04.12-09.28.26:962][  0]LogCook: Display: CookSettings for Memory: MemoryMaxUsedVirtual 0MiB, MemoryMaxUsedPhysical 16384MiB, MemoryMinFreeVirtual 0MiB, MemoryMinFreePhysical 1024MiB
[2022.04.12-09.28.26:962][  0]LogCook: Display: Mobile HDR setting 1
[2022.04.12-09.28.27:112][  0]LogFileCache: Scanning file cache for directory 'C:/Users/dmock/Unreal projects/P8/P8ToBeAnnounced/P8_VR_Home/Content/' took 0.01s
[2022.04.12-09.28.27:112][  0]LogInit: Display: Engine is initialized. Leaving FEngineLoop::Init()
[2022.04.12-09.28.27:114][  0]SourceControl: Source control is disabled
[2022.04.12-09.28.27:114][  0]LogUnrealEdMisc: Loading editor; pre map load, took 7.345
[2022.04.12-09.28.27:114][  0]Cmd: MAP LOAD FILE="../../../../../../Users/dmock/Unreal projects/P8/P8ToBeAnnounced/P8_VR_Home/Content/VRTemplate/Maps/VRTemplateMap.umap" TEMPLATE=0 SHOWPROGRESS=1 FEATURELEVEL=3
[2022.04.12-09.28.27:116][  0]LightingResults: New page: Lighting Build
[2022.04.12-09.28.27:117][  0]LogWorld: UWorld::CleanupWorld for Untitled, bSessionEnded=true, bCleanupResources=true
[2022.04.12-09.28.27:117][  0]LogSlate: InvalidateAllWidgets triggered.  All widgets were invalidated
[2022.04.12-09.28.27:117][  0]MapCheck: New page: Map Check
[2022.04.12-09.28.27:117][  0]LightingResults: New page: Lighting Build
[2022.04.12-09.28.27:123][  0]LogAudio: Display: Audio Device unregistered from world 'None'.
[2022.04.12-09.28.27:125][  0]LogUObjectHash: Compacting FUObjectHashTables data took   0.70ms
[2022.04.12-09.28.27:509][  0]LogLinker: Warning: Asset '../../../../../../Users/dmock/Unreal projects/P8/P8ToBeAnnounced/P8_VR_Home/Content/Materials/PP_Outliner_M.uasset' has been saved with empty engine version. The asset will be loaded but may be incompatible.
[2022.04.12-09.28.27:511][  0]LogLinker: Warning: Asset '../../../../../../Users/dmock/Unreal projects/P8/P8ToBeAnnounced/P8_VR_Home/Content/Materials/MF_ConvolveTexture.uasset' has been saved with empty engine version. The asset will be loaded but may be incompatible.
[2022.04.12-09.28.27:512][  0]LogLinker: Warning: Asset '../../../../../../Users/dmock/Unreal projects/P8/P8ToBeAnnounced/P8_VR_Home/Content/Materials/MF_ExtractDepth.uasset' has been saved with empty engine version. The asset will be loaded but may be incompatible.
[2022.04.12-09.28.27:512][  0]LogLinker: Warning: Asset '../../../../../../Users/dmock/Unreal projects/P8/P8ToBeAnnounced/P8_VR_Home/Content/Materials/MF_SampleSceneTextureNeighbourUVs.uasset' has been saved with empty engine version. The asset will be loaded but may be incompatible.
[2022.04.12-09.28.27:623][  0]LogLinker: Warning: [AssetLog] C:\Users\dmock\Unreal projects\P8\P8ToBeAnnounced\P8_VR_Home\Content\ScriptsBluePrints\newfridge_actualFridge.uasset: Failed to load '/Game/ScriptsBluePrints/su': Can't find file.
[2022.04.12-09.28.27:624][  0]LogLinker: Warning: [AssetLog] C:\Users\dmock\Unreal projects\P8\P8ToBeAnnounced\P8_VR_Home\Content\ScriptsBluePrints\newfridge_actualFridge.uasset: Failed to load '/Game/ScriptsBluePrints/su': Can't find file.
[2022.04.12-09.28.27:624][  0]LogLinker: Warning: [AssetLog] C:\Users\dmock\Unreal projects\P8\P8ToBeAnnounced\P8_VR_Home\Content\ScriptsBluePrints\newfridge_actualFridge.uasset: Failed to load '/Game/ScriptsBluePrints/su': Can't find file.
[2022.04.12-09.28.27:625][  0]LogLinker: Warning: [AssetLog] C:\Users\dmock\Unreal projects\P8\P8ToBeAnnounced\P8_VR_Home\Content\ScriptsBluePrints\newfridge_Circle.uasset: Failed to load '/Game/ScriptsBluePrints/DefaultMaterial': Can't find file.
[2022.04.12-09.28.27:625][  0]LogLinker: Warning: [AssetLog] C:\Users\dmock\Unreal projects\P8\P8ToBeAnnounced\P8_VR_Home\Content\ScriptsBluePrints\newfridge_Circle.uasset: Failed to load '/Game/ScriptsBluePrints/DefaultMaterial': Can't find file.
[2022.04.12-09.28.27:625][  0]LogLinker: Warning: [AssetLog] C:\Users\dmock\Unreal projects\P8\P8ToBeAnnounced\P8_VR_Home\Content\ScriptsBluePrints\newfridge_Circle.uasset: Failed to load '/Game/ScriptsBluePrints/DefaultMaterial': Can't find file.
[2022.04.12-09.28.27:626][  0]LogLinker: Warning: [AssetLog] C:\Users\dmock\Unreal projects\P8\P8ToBeAnnounced\P8_VR_Home\Content\ScriptsBluePrints\newfridge_crankAndrobe.uasset: Failed to load '/Game/ScriptsBluePrints/inox1': Can't find file.
[2022.04.12-09.28.27:626][  0]LogLinker: Warning: [AssetLog] C:\Users\dmock\Unreal projects\P8\P8ToBeAnnounced\P8_VR_Home\Content\ScriptsBluePrints\newfridge_crankAndrobe.uasset: Failed to load '/Game/ScriptsBluePrints/inox1': Can't find file.
[2022.04.12-09.28.27:626][  0]LogLinker: Warning: [AssetLog] C:\Users\dmock\Unreal projects\P8\P8ToBeAnnounced\P8_VR_Home\Content\ScriptsBluePrints\newfridge_crankAndrobe.uasset: Failed to load '/Game/ScriptsBluePrints/inox1': Can't find file.
[2022.04.12-09.28.27:627][  0]LogLinker: Warning: [AssetLog] C:\Users\dmock\Unreal projects\P8\P8ToBeAnnounced\P8_VR_Home\Content\ScriptsBluePrints\newfridge_Cube.uasset: Failed to load '/Game/ScriptsBluePrints/inox1': Can't find file.
[2022.04.12-09.28.27:627][  0]LogLinker: Warning: [AssetLog] C:\Users\dmock\Unreal projects\P8\P8ToBeAnnounced\P8_VR_Home\Content\ScriptsBluePrints\newfridge_Cube.uasset: Failed to load '/Game/ScriptsBluePrints/inox1': Can't find file.
[2022.04.12-09.28.27:628][  0]LogLinker: Warning: [AssetLog] C:\Users\dmock\Unreal projects\P8\P8ToBeAnnounced\P8_VR_Home\Content\ScriptsBluePrints\newfridge_Cylinder.uasset: Failed to load '/Game/ScriptsBluePrints/Veneer_C02_120cm': Can't find file.
[2022.04.12-09.28.27:628][  0]LogLinker: Warning: [AssetLog] C:\Users\dmock\Unreal projects\P8\P8ToBeAnnounced\P8_VR_Home\Content\ScriptsBluePrints\newfridge_Cylinder.uasset: Failed to load '/Game/ScriptsBluePrints/Veneer_C02_120cm': Can't find file.
[2022.04.12-09.28.27:628][  0]LogLinker: Warning: [AssetLog] C:\Users\dmock\Unreal projects\P8\P8ToBeAnnounced\P8_VR_Home\Content\ScriptsBluePrints\newfridge_Cylinder.uasset: Failed to load '/Game/ScriptsBluePrints/Veneer_C02_120cm': Can't find file.
[2022.04.12-09.28.27:629][  0]LogLinker: Warning: [AssetLog] C:\Users\dmock\Unreal projects\P8\P8ToBeAnnounced\P8_VR_Home\Content\ScriptsBluePrints\newfridge_Cylinder_001.uasset: Failed to load '/Game/ScriptsBluePrints/3dce5eb1cce44beea64fd92ce66ce4f5': Can't find file.
[2022.04.12-09.28.27:629][  0]LogLinker: Warning: [AssetLog] C:\Users\dmock\Unreal projects\P8\P8ToBeAnnounced\P8_VR_Home\Content\ScriptsBluePrints\newfridge_Cylinder_001.uasset: Failed to load '/Game/ScriptsBluePrints/3dce5eb1cce44beea64fd92ce66ce4f5': Can't find file.
[2022.04.12-09.28.27:630][  0]LogLinker: Warning: [AssetLog] C:\Users\dmock\Unreal projects\P8\P8ToBeAnnounced\P8_VR_Home\Content\ScriptsBluePrints\newfridge_Cylinder_001.uasset: Failed to load '/Game/ScriptsBluePrints/inox1': Can't find file.
[2022.04.12-09.28.27:630][  0]LogLinker: Warning: [AssetLog] C:\Users\dmock\Unreal projects\P8\P8ToBeAnnounced\P8_VR_Home\Content\ScriptsBluePrints\newfridge_Cylinder_001.uasset: Failed to load '/Game/ScriptsBluePrints/3dce5eb1cce44beea64fd92ce66ce4f5': Can't find file.
[2022.04.12-09.28.27:630][  0]LogLinker: Warning: [AssetLog] C:\Users\dmock\Unreal projects\P8\P8ToBeAnnounced\P8_VR_Home\Content\ScriptsBluePrints\newfridge_Cylinder_001.uasset: Failed to load '/Game/ScriptsBluePrints/inox1': Can't find file.
[2022.04.12-09.28.27:631][  0]LogLinker: Warning: [AssetLog] C:\Users\dmock\Unreal projects\P8\P8ToBeAnnounced\P8_VR_Home\Content\ScriptsBluePrints\newfridge_Cylinder_002.uasset: Failed to load '/Game/ScriptsBluePrints/inox1': Can't find file.
[2022.04.12-09.28.27:631][  0]LogLinker: Warning: [AssetLog] C:\Users\dmock\Unreal projects\P8\P8ToBeAnnounced\P8_VR_Home\Content\ScriptsBluePrints\newfridge_Cylinder_002.uasset: Failed to load '/Game/ScriptsBluePrints/inox1': Can't find file.
[2022.04.12-09.28.27:632][  0]LogLinker: Warning: [AssetLog] C:\Users\dmock\Unreal projects\P8\P8ToBeAnnounced\P8_VR_Home\Content\ScriptsBluePrints\newfridge_Cylinder_012.uasset: Failed to load '/Game/ScriptsBluePrints/inox1': Can't find file.
[2022.04.12-09.28.27:632][  0]LogLinker: Warning: [AssetLog] C:\Users\dmock\Unreal projects\P8\P8ToBeAnnounced\P8_VR_Home\Content\ScriptsBluePrints\newfridge_Cylinder_012.uasset: Failed to load '/Game/ScriptsBluePrints/inox1': Can't find file.
[2022.04.12-09.28.27:633][  0]LogLinker: Warning: [AssetLog] C:\Users\dmock\Unreal projects\P8\P8ToBeAnnounced\P8_VR_Home\Content\ScriptsBluePrints\newfridge_Group_884_2.uasset: Failed to load '/Game/ScriptsBluePrints/Veneer_C02_120cm': Can't find file.
[2022.04.12-09.28.27:633][  0]LogLinker: Warning: [AssetLog] C:\Users\dmock\Unreal projects\P8\P8ToBeAnnounced\P8_VR_Home\Content\ScriptsBluePrints\newfridge_Group_884_2.uasset: Failed to load '/Game/ScriptsBluePrints/Veneer_C02_120cm': Can't find file.
[2022.04.12-09.28.27:634][  0]LogLinker: Warning: [AssetLog] C:\Users\dmock\Unreal projects\P8\P8ToBeAnnounced\P8_VR_Home\Content\ScriptsBluePrints\newfridge_Torus.uasset: Failed to load '/Game/ScriptsBluePrints/inox1': Can't find file.
[2022.04.12-09.28.27:634][  0]LogLinker: Warning: [AssetLog] C:\Users\dmock\Unreal projects\P8\P8ToBeAnnounced\P8_VR_Home\Content\ScriptsBluePrints\newfridge_Torus.uasset: Failed to load '/Game/ScriptsBluePrints/inox1': Can't find file.
[2022.04.12-09.28.27:678][  0]LogLinker: Warning: [AssetLog] C:\Users\dmock\Unreal projects\P8\P8ToBeAnnounced\P8_VR_Home\Content\ScriptsBluePrints\newfridge_Torus.uasset: Failed to load '/Game/ScriptsBluePrints/inox1': Can't find file.
[2022.04.12-09.28.27:679][  0]LoadErrors: Failed to load /Game/ScriptsBluePrints/inox1.inox1 Referenced by newfridge_Torus
[2022.04.12-09.28.27:679][  0]LogLinker: Warning: [AssetLog] C:\Users\dmock\Unreal projects\P8\P8ToBeAnnounced\P8_VR_Home\Content\ScriptsBluePrints\newfridge_Torus.uasset: Failed to load '/Game/ScriptsBluePrints/inox1': Can't find file.
[2022.04.12-09.28.27:679][  0]LoadErrors: Failed to load /Game/ScriptsBluePrints/inox1.inox1 Referenced by newfridge_Torus
[2022.04.12-09.28.27:679][  0]LogLinker: Warning: [AssetLog] C:\Users\dmock\Unreal projects\P8\P8ToBeAnnounced\P8_VR_Home\Content\ScriptsBluePrints\newfridge_Group_884_2.uasset: Failed to load '/Game/ScriptsBluePrints/Veneer_C02_120cm': Can't find file.
[2022.04.12-09.28.27:679][  0]LoadErrors: Failed to load /Game/ScriptsBluePrints/Veneer_C02_120cm.Veneer_C02_120cm Referenced by newfridge_Group_884_2
[2022.04.12-09.28.27:679][  0]LogLinker: Warning: [AssetLog] C:\Users\dmock\Unreal projects\P8\P8ToBeAnnounced\P8_VR_Home\Content\ScriptsBluePrints\newfridge_Group_884_2.uasset: Failed to load '/Game/ScriptsBluePrints/Veneer_C02_120cm': Can't find file.
[2022.04.12-09.28.27:679][  0]LoadErrors: Failed to load /Game/ScriptsBluePrints/Veneer_C02_120cm.Veneer_C02_120cm Referenced by newfridge_Group_884_2
[2022.04.12-09.28.27:679][  0]LogLinker: Warning: [AssetLog] C:\Users\dmock\Unreal projects\P8\P8ToBeAnnounced\P8_VR_Home\Content\ScriptsBluePrints\newfridge_Cylinder_012.uasset: Failed to load '/Game/ScriptsBluePrints/inox1': Can't find file.
[2022.04.12-09.28.27:679][  0]LoadErrors: Failed to load /Game/ScriptsBluePrints/inox1.inox1 Referenced by newfridge_Cylinder_012
[2022.04.12-09.28.27:679][  0]LogLinker: Warning: [AssetLog] C:\Users\dmock\Unreal projects\P8\P8ToBeAnnounced\P8_VR_Home\Content\ScriptsBluePrints\newfridge_Cylinder_012.uasset: Failed to load '/Game/ScriptsBluePrints/inox1': Can't find file.
[2022.04.12-09.28.27:680][  0]LoadErrors: Failed to load /Game/ScriptsBluePrints/inox1.inox1 Referenced by newfridge_Cylinder_012
[2022.04.12-09.28.27:680][  0]LogLinker: Warning: [AssetLog] C:\Users\dmock\Unreal projects\P8\P8ToBeAnnounced\P8_VR_Home\Content\ScriptsBluePrints\newfridge_Cylinder_002.uasset: Failed to load '/Game/ScriptsBluePrints/inox1': Can't find file.
[2022.04.12-09.28.27:680][  0]LoadErrors: Failed to load /Game/ScriptsBluePrints/inox1.inox1 Referenced by newfridge_Cylinder_002
[2022.04.12-09.28.27:680][  0]LogLinker: Warning: [AssetLog] C:\Users\dmock\Unreal projects\P8\P8ToBeAnnounced\P8_VR_Home\Content\ScriptsBluePrints\newfridge_Cylinder_002.uasset: Failed to load '/Game/ScriptsBluePrints/inox1': Can't find file.
[2022.04.12-09.28.27:680][  0]LoadErrors: Failed to load /Game/ScriptsBluePrints/inox1.inox1 Referenced by newfridge_Cylinder_002
[2022.04.12-09.28.27:680][  0]LogLinker: Warning: [AssetLog] C:\Users\dmock\Unreal projects\P8\P8ToBeAnnounced\P8_VR_Home\Content\ScriptsBluePrints\newfridge_Cylinder_001.uasset: Failed to load '/Game/ScriptsBluePrints/inox1': Can't find file.
[2022.04.12-09.28.27:680][  0]LoadErrors: Failed to load /Game/ScriptsBluePrints/inox1.inox1 Referenced by newfridge_Cylinder_001
[2022.04.12-09.28.27:680][  0]LogLinker: Warning: [AssetLog] C:\Users\dmock\Unreal projects\P8\P8ToBeAnnounced\P8_VR_Home\Content\ScriptsBluePrints\newfridge_Cylinder_001.uasset: Failed to load '/Game/ScriptsBluePrints/3dce5eb1cce44beea64fd92ce66ce4f5': Can't find file.
[2022.04.12-09.28.27:680][  0]LoadErrors: Failed to load /Game/ScriptsBluePrints/3dce5eb1cce44beea64fd92ce66ce4f5.3dce5eb1cce44beea64fd92ce66ce4f5 Referenced by newfridge_Cylinder_001
[2022.04.12-09.28.27:680][  0]LogLinker: Warning: [AssetLog] C:\Users\dmock\Unreal projects\P8\P8ToBeAnnounced\P8_VR_Home\Content\ScriptsBluePrints\newfridge_Cylinder_001.uasset: Failed to load '/Game/ScriptsBluePrints/inox1': Can't find file.
[2022.04.12-09.28.27:680][  0]LoadErrors: Failed to load /Game/ScriptsBluePrints/inox1.inox1 Referenced by newfridge_Cylinder_001
[2022.04.12-09.28.27:681][  0]LogLinker: Warning: [AssetLog] C:\Users\dmock\Unreal projects\P8\P8ToBeAnnounced\P8_VR_Home\Content\ScriptsBluePrints\newfridge_Cylinder_001.uasset: Failed to load '/Game/ScriptsBluePrints/3dce5eb1cce44beea64fd92ce66ce4f5': Can't find file.
[2022.04.12-09.28.27:681][  0]LoadErrors: Failed to load /Game/ScriptsBluePrints/3dce5eb1cce44beea64fd92ce66ce4f5.3dce5eb1cce44beea64fd92ce66ce4f5 Referenced by newfridge_Cylinder_001
[2022.04.12-09.28.27:681][  0]LogLinker: Warning: [AssetLog] C:\Users\dmock\Unreal projects\P8\P8ToBeAnnounced\P8_VR_Home\Content\ScriptsBluePrints\newfridge_Cylinder.uasset: Failed to load '/Game/ScriptsBluePrints/Veneer_C02_120cm': Can't find file.
[2022.04.12-09.28.27:681][  0]LoadErrors: Failed to load /Game/ScriptsBluePrints/Veneer_C02_120cm.Veneer_C02_120cm Referenced by newfridge_Cylinder
[2022.04.12-09.28.27:681][  0]LogLinker: Warning: [AssetLog] C:\Users\dmock\Unreal projects\P8\P8ToBeAnnounced\P8_VR_Home\Content\ScriptsBluePrints\newfridge_Cylinder.uasset: Failed to load '/Game/ScriptsBluePrints/Veneer_C02_120cm': Can't find file.
[2022.04.12-09.28.27:681][  0]LoadErrors: Failed to load /Game/ScriptsBluePrints/Veneer_C02_120cm.Veneer_C02_120cm Referenced by newfridge_Cylinder
[2022.04.12-09.28.27:681][  0]LogLinker: Warning: [AssetLog] C:\Users\dmock\Unreal projects\P8\P8ToBeAnnounced\P8_VR_Home\Content\ScriptsBluePrints\newfridge_Cube.uasset: Failed to load '/Game/ScriptsBluePrints/inox1': Can't find file.
[2022.04.12-09.28.27:681][  0]LoadErrors: Failed to load /Game/ScriptsBluePrints/inox1.inox1 Referenced by newfridge_Cube
[2022.04.12-09.28.27:681][  0]LogLinker: Warning: [AssetLog] C:\Users\dmock\Unreal projects\P8\P8ToBeAnnounced\P8_VR_Home\Content\ScriptsBluePrints\newfridge_Cube.uasset: Failed to load '/Game/ScriptsBluePrints/inox1': Can't find file.
[2022.04.12-09.28.27:681][  0]LoadErrors: Failed to load /Game/ScriptsBluePrints/inox1.inox1 Referenced by newfridge_Cube
[2022.04.12-09.28.27:682][  0]LogLinker: Warning: [AssetLog] C:\Users\dmock\Unreal projects\P8\P8ToBeAnnounced\P8_VR_Home\Content\ScriptsBluePrints\newfridge_crankAndrobe.uasset: Failed to load '/Game/ScriptsBluePrints/inox1': Can't find file.
[2022.04.12-09.28.27:682][  0]LoadErrors: Failed to load /Game/ScriptsBluePrints/inox1.inox1 Referenced by newfridge_crankAndrobe
[2022.04.12-09.28.27:682][  0]LogLinker: Warning: [AssetLog] C:\Users\dmock\Unreal projects\P8\P8ToBeAnnounced\P8_VR_Home\Content\ScriptsBluePrints\newfridge_crankAndrobe.uasset: Failed to load '/Game/ScriptsBluePrints/inox1': Can't find file.
[2022.04.12-09.28.27:682][  0]LoadErrors: Failed to load /Game/ScriptsBluePrints/inox1.inox1 Referenced by newfridge_crankAndrobe
[2022.04.12-09.28.27:682][  0]LogLinker: Warning: [AssetLog] C:\Users\dmock\Unreal projects\P8\P8ToBeAnnounced\P8_VR_Home\Content\ScriptsBluePrints\newfridge_Circle.uasset: Failed to load '/Game/ScriptsBluePrints/DefaultMaterial': Can't find file.
[2022.04.12-09.28.27:682][  0]LoadErrors: Failed to load /Game/ScriptsBluePrints/DefaultMaterial.DefaultMaterial Referenced by newfridge_Circle
[2022.04.12-09.28.27:682][  0]LogLinker: Warning: [AssetLog] C:\Users\dmock\Unreal projects\P8\P8ToBeAnnounced\P8_VR_Home\Content\ScriptsBluePrints\newfridge_Circle.uasset: Failed to load '/Game/ScriptsBluePrints/DefaultMaterial': Can't find file.
[2022.04.12-09.28.27:682][  0]LoadErrors: Failed to load /Game/ScriptsBluePrints/DefaultMaterial.DefaultMaterial Referenced by newfridge_Circle
[2022.04.12-09.28.27:682][  0]LogLinker: Warning: [AssetLog] C:\Users\dmock\Unreal projects\P8\P8ToBeAnnounced\P8_VR_Home\Content\ScriptsBluePrints\newfridge_actualFridge.uasset: Failed to load '/Game/ScriptsBluePrints/su': Can't find file.
[2022.04.12-09.28.27:682][  0]LoadErrors: Failed to load /Game/ScriptsBluePrints/su.su Referenced by newfridge_actualFridge
[2022.04.12-09.28.27:683][  0]LogLinker: Warning: [AssetLog] C:\Users\dmock\Unreal projects\P8\P8ToBeAnnounced\P8_VR_Home\Content\ScriptsBluePrints\newfridge_actualFridge.uasset: Failed to load '/Game/ScriptsBluePrints/su': Can't find file.
[2022.04.12-09.28.27:683][  0]LoadErrors: Failed to load /Game/ScriptsBluePrints/su.su Referenced by newfridge_actualFridge
[2022.04.12-09.28.27:910][  0]LogTexture: Display: Building textures: LQ_Lightmap_0_5 (OODLE_DXT1, 64X64)
[2022.04.12-09.28.27:910][  0]LogTexture: Display: Building textures: HQ_Lightmap0_5 (OODLE_AutoDXT, 64X64)
[2022.04.12-09.28.27:910][  0]LogTexture: Display: Building textures: LQ_Lightmap_0_2 (OODLE_DXT1, 1024X1024)
[2022.04.12-09.28.27:910][  0]LogTexture: Display: Building textures: HQ_Lightmap0_4 (OODLE_AutoDXT, 1024X1024)
[2022.04.12-09.28.27:910][  0]LogTexture: Display: Building textures: LQ_Lightmap_0_1 (OODLE_DXT1, 1024X1024)
[2022.04.12-09.28.27:910][  0]LogTexture: Display: Building textures: HQ_Lightmap0_1 (OODLE_AutoDXT, 1024X1024)
[2022.04.12-09.28.27:910][  0]LogTexture: Display: Building textures: HQ_Lightmap0_2 (OODLE_AutoDXT, 1024X1024)
[2022.04.12-09.28.27:910][  0]LogTexture: Display: Building textures: LQ_Lightmap_0_4 (OODLE_DXT1, 1024X1024)
[2022.04.12-09.28.27:910][  0]LogTexture: Display: Building textures: LQ_Lightmap_0_3 (OODLE_DXT1, 1024X1024)
[2022.04.12-09.28.27:910][  0]LogTexture: Display: Building textures: HQ_Lightmap0_3 (OODLE_AutoDXT, 1024X1024)
[2022.04.12-09.28.27:910][  0]LogTextureFormatOodle: Display: non-RDO encode 1024 x 1024 x 1 to format OODLE_AutoDXT (Oodle OodleTex_BC3) lambda=0 effort=20 
[2022.04.12-09.28.27:910][  0]LogTextureFormatOodle: Display: non-RDO encode 1024 x 1024 x 1 to format OODLE_AutoDXT (Oodle OodleTex_BC3) lambda=0 effort=20 
[2022.04.12-09.28.27:910][  0]LogTextureFormatOodle: Display: non-RDO encode 1024 x 1024 x 1 to format OODLE_DXT1 (Oodle OodleTex_BC1_WithTransparency) lambda=0 effort=20 
[2022.04.12-09.28.27:910][  0]LogTextureFormatOodle: Display: non-RDO encode 1024 x 1024 x 1 to format OODLE_DXT1 (Oodle OodleTex_BC1_WithTransparency) lambda=0 effort=20 
[2022.04.12-09.28.27:910][  0]LogTextureFormatOodle: Display: non-RDO encode 1024 x 1024 x 1 to format OODLE_AutoDXT (Oodle OodleTex_BC3) lambda=0 effort=20 
[2022.04.12-09.28.27:910][  0]LogTextureFormatOodle: Display: non-RDO encode 1024 x 1024 x 1 to format OODLE_DXT1 (Oodle OodleTex_BC1_WithTransparency) lambda=0 effort=20 
[2022.04.12-09.28.27:910][  0]LogTextureFormatOodle: Display: non-RDO encode 1024 x 1024 x 1 to format OODLE_AutoDXT (Oodle OodleTex_BC3) lambda=0 effort=20 
[2022.04.12-09.28.27:910][  0]LogTextureFormatOodle: Display: non-RDO encode 1024 x 1024 x 1 to format OODLE_DXT1 (Oodle OodleTex_BC1_WithTransparency) lambda=0 effort=20 
[2022.04.12-09.28.27:910][  0]LogPhysics: Warning: Failed to cook TriMesh: /Game/Marwa/shuttersNew/Group_658_001.Group_658_001.
[2022.04.12-09.28.27:910][  0]LogPhysics: Warning: Attempt to build physics data for /Game/Marwa/shuttersNew/Group_658_001.Group_658_001:BodySetup_0 when we are unable to.
[2022.04.12-09.28.27:912][  0]LogPhysics: Warning: Failed to cook TriMesh: /Game/Marwa/shuttersNew/Group_629_001.Group_629_001.
[2022.04.12-09.28.27:912][  0]LogPhysics: Warning: Attempt to build physics data for /Game/Marwa/shuttersNew/Group_629_001.Group_629_001:BodySetup_0 when we are unable to.
[2022.04.12-09.28.27:914][  0]LogPhysics: Warning: Failed to cook TriMesh: /Game/Marwa/shuttersNew/Group_621_001.Group_621_001.
[2022.04.12-09.28.27:914][  0]LogPhysics: Warning: Attempt to build physics data for /Game/Marwa/shuttersNew/Group_621_001.Group_621_001:BodySetup_0 when we are unable to.
[2022.04.12-09.28.27:931][  0]LogPhysics: Warning: Failed to cook TriMesh: /Game/Marwa/shuttersNew/Group_167_001.Group_167_001.
[2022.04.12-09.28.27:931][  0]LogPhysics: Warning: Attempt to build physics data for /Game/Marwa/shuttersNew/Group_167_001.Group_167_001:BodySetup_0 when we are unable to.
[2022.04.12-09.28.28:018][  0]LogPhysics: Warning: Failed to cook TriMesh: /Game/Marwa/shuttersNew/Group_688_2_001.Group_688_2_001.
[2022.04.12-09.28.28:018][  0]LogPhysics: Warning: Attempt to build physics data for /Game/Marwa/shuttersNew/Group_688_2_001.Group_688_2_001:BodySetup_0 when we are unable to.
[2022.04.12-09.28.28:291][  0]LogAudio: Display: Audio Device (ID: 1) registered with world 'VRTemplateMap'.
[2022.04.12-09.28.28:292][  0]LogAIModule: Creating AISystem for world VRTemplateMap
[2022.04.12-09.28.28:322][  0]PIE: Warning: AttachTo: '/Game/VRTemplate/Maps/VRTemplateMap.VRTemplateMap:PersistentLevel.Empty_002.DefaultSceneRoot1' is not static  (in blueprint "Blinds"), cannot attach '/Game/VRTemplate/Maps/VRTemplateMap.VRTemplateMap:PersistentLevel.Empty_002.DefaultSceneRoot' which is static to it. Aborting.
[2022.04.12-09.28.28:322][  0]PIE: Warning: AttachTo: '/Game/VRTemplate/Maps/VRTemplateMap.VRTemplateMap:PersistentLevel.Empty_002.DefaultSceneRoot1' is not static  (in blueprint "Blinds"), cannot attach '/Game/VRTemplate/Maps/VRTemplateMap.VRTemplateMap:PersistentLevel.Empty_002.DefaultSceneRoot' which is static to it. Aborting.
[2022.04.12-09.28.28:323][  0]LogEditorServer: Finished looking for orphan Actors (0.000 secs)
[2022.04.12-09.28.28:324][  0]LogNavigation: Warning: Recreating dtNavMesh instance due to saved navmesh origin (X=-1708.795 Y=-0.000 Z=10.000, usually the RecastNavMesh location) not being aligned with tile size (1000 uu) 
[2022.04.12-09.28.28:338][  0]LogUObjectHash: Compacting FUObjectHashTables data took   1.12ms
[2022.04.12-09.28.28:339][  0]Cmd: MAP CHECKDEP NOCLEARLOG
[2022.04.12-09.28.28:339][  0]MapCheck: Map check complete: 0 Error(s), 0 Warning(s), took 0.161ms to complete.
[2022.04.12-09.28.28:339][  0]LogFileHelpers: Loading map 'VRTemplateMap' took 1.225
[2022.04.12-09.28.28:341][  0]LogUnrealEdMisc: Total Editor Startup Time, took 8.571
[2022.04.12-09.28.28:432][  0]LogSlate: Updating window title bar state: overlay mode, drag disabled, window buttons hidden, title bar hidden
[2022.04.12-09.28.28:448][  0]LogSlate: Updating window title bar state: overlay mode, drag disabled, window buttons hidden, title bar hidden
[2022.04.12-09.28.28:461][  0]LogSlate: Updating window title bar state: overlay mode, drag disabled, window buttons hidden, title bar hidden
[2022.04.12-09.28.28:466][  0]LogSlate: Updating window title bar state: overlay mode, drag disabled, window buttons hidden, title bar hidden
[2022.04.12-09.28.28:478][  0]LogNativeClassHierarchy: Verbose: Native class hierarchy populated in 0.0086 seconds. Added 4030 classes and 980 folders.
[2022.04.12-09.28.28:481][  0]LogNativeClassHierarchy: Verbose: Native class hierarchy updated for 'WidgetCarousel' in 0.0003 seconds. Added 0 classes and 0 folders.
[2022.04.12-09.28.28:482][  0]LogPakFile: PakFile PrimaryIndexSize=187
[2022.04.12-09.28.28:482][  0]LogPakFile: PakFile PathHashIndexSize=101
[2022.04.12-09.28.28:482][  0]LogPakFile: PakFile FullDirectoryIndexSize=148
[2022.04.12-09.28.28:482][  0]LogShaderLibrary: Display: ShaderCodeLibraryPakFileMountedCallback: PakFile 'C:/Program Files/Epic Games/UE_4.27/FeaturePacks/FP_FirstPerson.upack' (chunk index -1, root 'root:/') mounted
[2022.04.12-09.28.28:482][  0]LogShaderLibrary: Display: ShaderCodeLibraryPakFileMountedCallback: pending pak file info (ChunkID:-1 Root:root:/ File:C:/Program Files/Epic Games/UE_4.27/FeaturePacks/FP_FirstPerson.upack)
[2022.04.12-09.28.28:482][  0]LogPakFile: OnPakFileMounted2Time == 0.000040
[2022.04.12-09.28.28:484][  0]LogPakFile: PakFile PrimaryIndexSize=189
[2022.04.12-09.28.28:484][  0]LogPakFile: PakFile PathHashIndexSize=101
[2022.04.12-09.28.28:484][  0]LogPakFile: PakFile FullDirectoryIndexSize=152
[2022.04.12-09.28.28:484][  0]LogShaderLibrary: Display: ShaderCodeLibraryPakFileMountedCallback: PakFile 'C:/Program Files/Epic Games/UE_4.27/FeaturePacks/FP_FirstPersonBP.upack' (chunk index -1, root 'root:/') mounted
[2022.04.12-09.28.28:484][  0]LogShaderLibrary: Display: ShaderCodeLibraryPakFileMountedCallback: pending pak file info (ChunkID:-1 Root:root:/ File:C:/Program Files/Epic Games/UE_4.27/FeaturePacks/FP_FirstPersonBP.upack)
[2022.04.12-09.28.28:484][  0]LogPakFile: OnPakFileMounted2Time == 0.000029
[2022.04.12-09.28.28:485][  0]LogPakFile: PakFile PrimaryIndexSize=191
[2022.04.12-09.28.28:485][  0]LogPakFile: PakFile PathHashIndexSize=101
[2022.04.12-09.28.28:485][  0]LogPakFile: PakFile FullDirectoryIndexSize=160
[2022.04.12-09.28.28:485][  0]LogShaderLibrary: Display: ShaderCodeLibraryPakFileMountedCallback: PakFile 'C:/Program Files/Epic Games/UE_4.27/FeaturePacks/MobileStarterContent.upack' (chunk index -1, root 'root:/') mounted
[2022.04.12-09.28.28:485][  0]LogShaderLibrary: Display: ShaderCodeLibraryPakFileMountedCallback: pending pak file info (ChunkID:-1 Root:root:/ File:C:/Program Files/Epic Games/UE_4.27/FeaturePacks/MobileStarterContent.upack)
[2022.04.12-09.28.28:485][  0]LogPakFile: OnPakFileMounted2Time == 0.000023
[2022.04.12-09.28.28:487][  0]LogPakFile: PakFile PrimaryIndexSize=185
[2022.04.12-09.28.28:487][  0]LogPakFile: PakFile PathHashIndexSize=101
[2022.04.12-09.28.28:487][  0]LogPakFile: PakFile FullDirectoryIndexSize=148
[2022.04.12-09.28.28:487][  0]LogShaderLibrary: Display: ShaderCodeLibraryPakFileMountedCallback: PakFile 'C:/Program Files/Epic Games/UE_4.27/FeaturePacks/StarterContent.upack' (chunk index -1, root 'root:/') mounted
[2022.04.12-09.28.28:487][  0]LogShaderLibrary: Display: ShaderCodeLibraryPakFileMountedCallback: pending pak file info (ChunkID:-1 Root:root:/ File:C:/Program Files/Epic Games/UE_4.27/FeaturePacks/StarterContent.upack)
[2022.04.12-09.28.28:487][  0]LogPakFile: OnPakFileMounted2Time == 0.000031
[2022.04.12-09.28.28:488][  0]LogPakFile: PakFile PrimaryIndexSize=190
[2022.04.12-09.28.28:488][  0]LogPakFile: PakFile PathHashIndexSize=101
[2022.04.12-09.28.28:488][  0]LogPakFile: PakFile FullDirectoryIndexSize=154
[2022.04.12-09.28.28:488][  0]LogShaderLibrary: Display: ShaderCodeLibraryPakFileMountedCallback: PakFile 'C:/Program Files/Epic Games/UE_4.27/FeaturePacks/TP_2DSideScroller.upack' (chunk index -1, root 'root:/') mounted
[2022.04.12-09.28.28:488][  0]LogShaderLibrary: Display: ShaderCodeLibraryPakFileMountedCallback: pending pak file info (ChunkID:-1 Root:root:/ File:C:/Program Files/Epic Games/UE_4.27/FeaturePacks/TP_2DSideScroller.upack)
[2022.04.12-09.28.28:488][  0]LogPakFile: OnPakFileMounted2Time == 0.000028
[2022.04.12-09.28.28:490][  0]LogPakFile: PakFile PrimaryIndexSize=192
[2022.04.12-09.28.28:490][  0]LogPakFile: PakFile PathHashIndexSize=101
[2022.04.12-09.28.28:490][  0]LogPakFile: PakFile FullDirectoryIndexSize=158
[2022.04.12-09.28.28:490][  0]LogShaderLibrary: Display: ShaderCodeLibraryPakFileMountedCallback: PakFile 'C:/Program Files/Epic Games/UE_4.27/FeaturePacks/TP_2DSideScrollerBP.upack' (chunk index -1, root 'root:/') mounted
[2022.04.12-09.28.28:490][  0]LogShaderLibrary: Display: ShaderCodeLibraryPakFileMountedCallback: pending pak file info (ChunkID:-1 Root:root:/ File:C:/Program Files/Epic Games/UE_4.27/FeaturePacks/TP_2DSideScrollerBP.upack)
[2022.04.12-09.28.28:490][  0]LogPakFile: OnPakFileMounted2Time == 0.000024
[2022.04.12-09.28.28:491][  0]LogPakFile: PakFile PrimaryIndexSize=182
[2022.04.12-09.28.28:491][  0]LogPakFile: PakFile PathHashIndexSize=101
[2022.04.12-09.28.28:491][  0]LogPakFile: PakFile FullDirectoryIndexSize=138
[2022.04.12-09.28.28:491][  0]LogShaderLibrary: Display: ShaderCodeLibraryPakFileMountedCallback: PakFile 'C:/Program Files/Epic Games/UE_4.27/FeaturePacks/TP_Flying.upack' (chunk index -1, root 'root:/') mounted
[2022.04.12-09.28.28:491][  0]LogShaderLibrary: Display: ShaderCodeLibraryPakFileMountedCallback: pending pak file info (ChunkID:-1 Root:root:/ File:C:/Program Files/Epic Games/UE_4.27/FeaturePacks/TP_Flying.upack)
[2022.04.12-09.28.28:491][  0]LogPakFile: OnPakFileMounted2Time == 0.000022
[2022.04.12-09.28.28:492][  0]LogPakFile: PakFile PrimaryIndexSize=184
[2022.04.12-09.28.28:492][  0]LogPakFile: PakFile PathHashIndexSize=101
[2022.04.12-09.28.28:492][  0]LogPakFile: PakFile FullDirectoryIndexSize=142
[2022.04.12-09.28.28:492][  0]LogShaderLibrary: Display: ShaderCodeLibraryPakFileMountedCallback: PakFile 'C:/Program Files/Epic Games/UE_4.27/FeaturePacks/TP_FlyingBP.upack' (chunk index -1, root 'root:/') mounted
[2022.04.12-09.28.28:492][  0]LogShaderLibrary: Display: ShaderCodeLibraryPakFileMountedCallback: pending pak file info (ChunkID:-1 Root:root:/ File:C:/Program Files/Epic Games/UE_4.27/FeaturePacks/TP_FlyingBP.upack)
[2022.04.12-09.28.28:492][  0]LogPakFile: OnPakFileMounted2Time == 0.000023
[2022.04.12-09.28.28:494][  0]LogPakFile: PakFile PrimaryIndexSize=188
[2022.04.12-09.28.28:494][  0]LogPakFile: PakFile PathHashIndexSize=101
[2022.04.12-09.28.28:494][  0]LogPakFile: PakFile FullDirectoryIndexSize=150
[2022.04.12-09.28.28:494][  0]LogShaderLibrary: Display: ShaderCodeLibraryPakFileMountedCallback: PakFile 'C:/Program Files/Epic Games/UE_4.27/FeaturePacks/TP_HandheldARBP.upack' (chunk index -1, root 'root:/') mounted
[2022.04.12-09.28.28:494][  0]LogShaderLibrary: Display: ShaderCodeLibraryPakFileMountedCallback: pending pak file info (ChunkID:-1 Root:root:/ File:C:/Program Files/Epic Games/UE_4.27/FeaturePacks/TP_HandheldARBP.upack)
[2022.04.12-09.28.28:494][  0]LogPakFile: OnPakFileMounted2Time == 0.000026
[2022.04.12-09.28.28:495][  0]LogPakFile: PakFile PrimaryIndexSize=182
[2022.04.12-09.28.28:495][  0]LogPakFile: PakFile PathHashIndexSize=101
[2022.04.12-09.28.28:495][  0]LogPakFile: PakFile FullDirectoryIndexSize=138
[2022.04.12-09.28.28:495][  0]LogShaderLibrary: Display: ShaderCodeLibraryPakFileMountedCallback: PakFile 'C:/Program Files/Epic Games/UE_4.27/FeaturePacks/TP_Puzzle.upack' (chunk index -1, root 'root:/') mounted
[2022.04.12-09.28.28:495][  0]LogShaderLibrary: Display: ShaderCodeLibraryPakFileMountedCallback: pending pak file info (ChunkID:-1 Root:root:/ File:C:/Program Files/Epic Games/UE_4.27/FeaturePacks/TP_Puzzle.upack)
[2022.04.12-09.28.28:495][  0]LogPakFile: OnPakFileMounted2Time == 0.000022
[2022.04.12-09.28.28:497][  0]LogPakFile: PakFile PrimaryIndexSize=184
[2022.04.12-09.28.28:497][  0]LogPakFile: PakFile PathHashIndexSize=101
[2022.04.12-09.28.28:497][  0]LogPakFile: PakFile FullDirectoryIndexSize=142
[2022.04.12-09.28.28:497][  0]LogShaderLibrary: Display: ShaderCodeLibraryPakFileMountedCallback: PakFile 'C:/Program Files/Epic Games/UE_4.27/FeaturePacks/TP_PuzzleBP.upack' (chunk index -1, root 'root:/') mounted
[2022.04.12-09.28.28:497][  0]LogShaderLibrary: Display: ShaderCodeLibraryPakFileMountedCallback: pending pak file info (ChunkID:-1 Root:root:/ File:C:/Program Files/Epic Games/UE_4.27/FeaturePacks/TP_PuzzleBP.upack)
[2022.04.12-09.28.28:497][  0]LogPakFile: OnPakFileMounted2Time == 0.000022
[2022.04.12-09.28.28:498][  0]LogPakFile: PakFile PrimaryIndexSize=183
[2022.04.12-09.28.28:498][  0]LogPakFile: PakFile PathHashIndexSize=101
[2022.04.12-09.28.28:498][  0]LogPakFile: PakFile FullDirectoryIndexSize=140
[2022.04.12-09.28.28:498][  0]LogShaderLibrary: Display: ShaderCodeLibraryPakFileMountedCallback: PakFile 'C:/Program Files/Epic Games/UE_4.27/FeaturePacks/TP_Rolling.upack' (chunk index -1, root 'root:/') mounted
[2022.04.12-09.28.28:498][  0]LogShaderLibrary: Display: ShaderCodeLibraryPakFileMountedCallback: pending pak file info (ChunkID:-1 Root:root:/ File:C:/Program Files/Epic Games/UE_4.27/FeaturePacks/TP_Rolling.upack)
[2022.04.12-09.28.28:498][  0]LogPakFile: OnPakFileMounted2Time == 0.000022
[2022.04.12-09.28.28:499][  0]LogPakFile: PakFile PrimaryIndexSize=185
[2022.04.12-09.28.28:499][  0]LogPakFile: PakFile PathHashIndexSize=101
[2022.04.12-09.28.28:499][  0]LogPakFile: PakFile FullDirectoryIndexSize=144
[2022.04.12-09.28.28:499][  0]LogShaderLibrary: Display: ShaderCodeLibraryPakFileMountedCallback: PakFile 'C:/Program Files/Epic Games/UE_4.27/FeaturePacks/TP_RollingBP.upack' (chunk index -1, root 'root:/') mounted
[2022.04.12-09.28.28:499][  0]LogShaderLibrary: Display: ShaderCodeLibraryPakFileMountedCallback: pending pak file info (ChunkID:-1 Root:root:/ File:C:/Program Files/Epic Games/UE_4.27/FeaturePacks/TP_RollingBP.upack)
[2022.04.12-09.28.28:499][  0]LogPakFile: OnPakFileMounted2Time == 0.000023
[2022.04.12-09.28.28:500][  0]LogPakFile: PakFile PrimaryIndexSize=188
[2022.04.12-09.28.28:500][  0]LogPakFile: PakFile PathHashIndexSize=101
[2022.04.12-09.28.28:500][  0]LogPakFile: PakFile FullDirectoryIndexSize=150
[2022.04.12-09.28.28:500][  0]LogShaderLibrary: Display: ShaderCodeLibraryPakFileMountedCallback: PakFile 'C:/Program Files/Epic Games/UE_4.27/FeaturePacks/TP_SideScroller.upack' (chunk index -1, root 'root:/') mounted
[2022.04.12-09.28.28:500][  0]LogShaderLibrary: Display: ShaderCodeLibraryPakFileMountedCallback: pending pak file info (ChunkID:-1 Root:root:/ File:C:/Program Files/Epic Games/UE_4.27/FeaturePacks/TP_SideScroller.upack)
[2022.04.12-09.28.28:500][  0]LogPakFile: OnPakFileMounted2Time == 0.000022
[2022.04.12-09.28.28:501][  0]LogPakFile: PakFile PrimaryIndexSize=190
[2022.04.12-09.28.28:501][  0]LogPakFile: PakFile PathHashIndexSize=101
[2022.04.12-09.28.28:501][  0]LogPakFile: PakFile FullDirectoryIndexSize=154
[2022.04.12-09.28.28:501][  0]LogShaderLibrary: Display: ShaderCodeLibraryPakFileMountedCallback: PakFile 'C:/Program Files/Epic Games/UE_4.27/FeaturePacks/TP_SideScrollerBP.upack' (chunk index -1, root 'root:/') mounted
[2022.04.12-09.28.28:501][  0]LogShaderLibrary: Display: ShaderCodeLibraryPakFileMountedCallback: pending pak file info (ChunkID:-1 Root:root:/ File:C:/Program Files/Epic Games/UE_4.27/FeaturePacks/TP_SideScrollerBP.upack)
[2022.04.12-09.28.28:501][  0]LogPakFile: OnPakFileMounted2Time == 0.000023
[2022.04.12-09.28.28:503][  0]LogPakFile: PakFile PrimaryIndexSize=187
[2022.04.12-09.28.28:503][  0]LogPakFile: PakFile PathHashIndexSize=101
[2022.04.12-09.28.28:503][  0]LogPakFile: PakFile FullDirectoryIndexSize=148
[2022.04.12-09.28.28:503][  0]LogShaderLibrary: Display: ShaderCodeLibraryPakFileMountedCallback: PakFile 'C:/Program Files/Epic Games/UE_4.27/FeaturePacks/TP_ThirdPerson.upack' (chunk index -1, root 'root:/') mounted
[2022.04.12-09.28.28:503][  0]LogShaderLibrary: Display: ShaderCodeLibraryPakFileMountedCallback: pending pak file info (ChunkID:-1 Root:root:/ File:C:/Program Files/Epic Games/UE_4.27/FeaturePacks/TP_ThirdPerson.upack)
[2022.04.12-09.28.28:503][  0]LogPakFile: OnPakFileMounted2Time == 0.000022
[2022.04.12-09.28.28:504][  0]LogPakFile: PakFile PrimaryIndexSize=189
[2022.04.12-09.28.28:504][  0]LogPakFile: PakFile PathHashIndexSize=101
[2022.04.12-09.28.28:504][  0]LogPakFile: PakFile FullDirectoryIndexSize=152
[2022.04.12-09.28.28:504][  0]LogShaderLibrary: Display: ShaderCodeLibraryPakFileMountedCallback: PakFile 'C:/Program Files/Epic Games/UE_4.27/FeaturePacks/TP_ThirdPersonBP.upack' (chunk index -1, root 'root:/') mounted
[2022.04.12-09.28.28:504][  0]LogShaderLibrary: Display: ShaderCodeLibraryPakFileMountedCallback: pending pak file info (ChunkID:-1 Root:root:/ File:C:/Program Files/Epic Games/UE_4.27/FeaturePacks/TP_ThirdPersonBP.upack)
[2022.04.12-09.28.28:504][  0]LogPakFile: OnPakFileMounted2Time == 0.000023
[2022.04.12-09.28.28:505][  0]LogPakFile: PakFile PrimaryIndexSize=183
[2022.04.12-09.28.28:505][  0]LogPakFile: PakFile PathHashIndexSize=101
[2022.04.12-09.28.28:505][  0]LogPakFile: PakFile FullDirectoryIndexSize=140
[2022.04.12-09.28.28:505][  0]LogShaderLibrary: Display: ShaderCodeLibraryPakFileMountedCallback: PakFile 'C:/Program Files/Epic Games/UE_4.27/FeaturePacks/TP_TopDown.upack' (chunk index -1, root 'root:/') mounted
[2022.04.12-09.28.28:505][  0]LogShaderLibrary: Display: ShaderCodeLibraryPakFileMountedCallback: pending pak file info (ChunkID:-1 Root:root:/ File:C:/Program Files/Epic Games/UE_4.27/FeaturePacks/TP_TopDown.upack)
[2022.04.12-09.28.28:505][  0]LogPakFile: OnPakFileMounted2Time == 0.000029
[2022.04.12-09.28.28:506][  0]LogPakFile: PakFile PrimaryIndexSize=185
[2022.04.12-09.28.28:506][  0]LogPakFile: PakFile PathHashIndexSize=101
[2022.04.12-09.28.28:506][  0]LogPakFile: PakFile FullDirectoryIndexSize=144
[2022.04.12-09.28.28:506][  0]LogShaderLibrary: Display: ShaderCodeLibraryPakFileMountedCallback: PakFile 'C:/Program Files/Epic Games/UE_4.27/FeaturePacks/TP_TopDownBP.upack' (chunk index -1, root 'root:/') mounted
[2022.04.12-09.28.28:506][  0]LogShaderLibrary: Display: ShaderCodeLibraryPakFileMountedCallback: pending pak file info (ChunkID:-1 Root:root:/ File:C:/Program Files/Epic Games/UE_4.27/FeaturePacks/TP_TopDownBP.upack)
[2022.04.12-09.28.28:506][  0]LogPakFile: OnPakFileMounted2Time == 0.000022
[2022.04.12-09.28.28:507][  0]LogPakFile: PakFile PrimaryIndexSize=185
[2022.04.12-09.28.28:507][  0]LogPakFile: PakFile PathHashIndexSize=101
[2022.04.12-09.28.28:507][  0]LogPakFile: PakFile FullDirectoryIndexSize=144
[2022.04.12-09.28.28:507][  0]LogShaderLibrary: Display: ShaderCodeLibraryPakFileMountedCallback: PakFile 'C:/Program Files/Epic Games/UE_4.27/FeaturePacks/TP_TwinStick.upack' (chunk index -1, root 'root:/') mounted
[2022.04.12-09.28.28:507][  0]LogShaderLibrary: Display: ShaderCodeLibraryPakFileMountedCallback: pending pak file info (ChunkID:-1 Root:root:/ File:C:/Program Files/Epic Games/UE_4.27/FeaturePacks/TP_TwinStick.upack)
[2022.04.12-09.28.28:507][  0]LogPakFile: OnPakFileMounted2Time == 0.000032
[2022.04.12-09.28.28:509][  0]LogPakFile: PakFile PrimaryIndexSize=187
[2022.04.12-09.28.28:509][  0]LogPakFile: PakFile PathHashIndexSize=101
[2022.04.12-09.28.28:509][  0]LogPakFile: PakFile FullDirectoryIndexSize=148
[2022.04.12-09.28.28:509][  0]LogShaderLibrary: Display: ShaderCodeLibraryPakFileMountedCallback: PakFile 'C:/Program Files/Epic Games/UE_4.27/FeaturePacks/TP_TwinStickBP.upack' (chunk index -1, root 'root:/') mounted
[2022.04.12-09.28.28:509][  0]LogShaderLibrary: Display: ShaderCodeLibraryPakFileMountedCallback: pending pak file info (ChunkID:-1 Root:root:/ File:C:/Program Files/Epic Games/UE_4.27/FeaturePacks/TP_TwinStickBP.upack)
[2022.04.12-09.28.28:509][  0]LogPakFile: OnPakFileMounted2Time == 0.000024
[2022.04.12-09.28.28:510][  0]LogPakFile: PakFile PrimaryIndexSize=183
[2022.04.12-09.28.28:510][  0]LogPakFile: PakFile PathHashIndexSize=101
[2022.04.12-09.28.28:510][  0]LogPakFile: PakFile FullDirectoryIndexSize=140
[2022.04.12-09.28.28:510][  0]LogShaderLibrary: Display: ShaderCodeLibraryPakFileMountedCallback: PakFile 'C:/Program Files/Epic Games/UE_4.27/FeaturePacks/TP_Vehicle.upack' (chunk index -1, root 'root:/') mounted
[2022.04.12-09.28.28:510][  0]LogShaderLibrary: Display: ShaderCodeLibraryPakFileMountedCallback: pending pak file info (ChunkID:-1 Root:root:/ File:C:/Program Files/Epic Games/UE_4.27/FeaturePacks/TP_Vehicle.upack)
[2022.04.12-09.28.28:510][  0]LogPakFile: OnPakFileMounted2Time == 0.000024
[2022.04.12-09.28.28:511][  0]LogPakFile: PakFile PrimaryIndexSize=186
[2022.04.12-09.28.28:511][  0]LogPakFile: PakFile PathHashIndexSize=101
[2022.04.12-09.28.28:511][  0]LogPakFile: PakFile FullDirectoryIndexSize=146
[2022.04.12-09.28.28:511][  0]LogShaderLibrary: Display: ShaderCodeLibraryPakFileMountedCallback: PakFile 'C:/Program Files/Epic Games/UE_4.27/FeaturePacks/TP_VehicleAdv.upack' (chunk index -1, root 'root:/') mounted
[2022.04.12-09.28.28:511][  0]LogShaderLibrary: Display: ShaderCodeLibraryPakFileMountedCallback: pending pak file info (ChunkID:-1 Root:root:/ File:C:/Program Files/Epic Games/UE_4.27/FeaturePacks/TP_VehicleAdv.upack)
[2022.04.12-09.28.28:511][  0]LogPakFile: OnPakFileMounted2Time == 0.000024
[2022.04.12-09.28.28:512][  0]LogPakFile: PakFile PrimaryIndexSize=188
[2022.04.12-09.28.28:512][  0]LogPakFile: PakFile PathHashIndexSize=101
[2022.04.12-09.28.28:512][  0]LogPakFile: PakFile FullDirectoryIndexSize=150
[2022.04.12-09.28.28:512][  0]LogShaderLibrary: Display: ShaderCodeLibraryPakFileMountedCallback: PakFile 'C:/Program Files/Epic Games/UE_4.27/FeaturePacks/TP_VehicleAdvBP.upack' (chunk index -1, root 'root:/') mounted
[2022.04.12-09.28.28:512][  0]LogShaderLibrary: Display: ShaderCodeLibraryPakFileMountedCallback: pending pak file info (ChunkID:-1 Root:root:/ File:C:/Program Files/Epic Games/UE_4.27/FeaturePacks/TP_VehicleAdvBP.upack)
[2022.04.12-09.28.28:512][  0]LogPakFile: OnPakFileMounted2Time == 0.000023
[2022.04.12-09.28.28:514][  0]LogPakFile: PakFile PrimaryIndexSize=185
[2022.04.12-09.28.28:514][  0]LogPakFile: PakFile PathHashIndexSize=101
[2022.04.12-09.28.28:514][  0]LogPakFile: PakFile FullDirectoryIndexSize=144
[2022.04.12-09.28.28:514][  0]LogShaderLibrary: Display: ShaderCodeLibraryPakFileMountedCallback: PakFile 'C:/Program Files/Epic Games/UE_4.27/FeaturePacks/TP_VehicleBP.upack' (chunk index -1, root 'root:/') mounted
[2022.04.12-09.28.28:514][  0]LogShaderLibrary: Display: ShaderCodeLibraryPakFileMountedCallback: pending pak file info (ChunkID:-1 Root:root:/ File:C:/Program Files/Epic Games/UE_4.27/FeaturePacks/TP_VehicleBP.upack)
[2022.04.12-09.28.28:514][  0]LogPakFile: OnPakFileMounted2Time == 0.000023
[2022.04.12-09.28.28:515][  0]LogPakFile: PakFile PrimaryIndexSize=192
[2022.04.12-09.28.28:515][  0]LogPakFile: PakFile PathHashIndexSize=101
[2022.04.12-09.28.28:515][  0]LogPakFile: PakFile FullDirectoryIndexSize=158
[2022.04.12-09.28.28:515][  0]LogShaderLibrary: Display: ShaderCodeLibraryPakFileMountedCallback: PakFile 'C:/Program Files/Epic Games/UE_4.27/FeaturePacks/TP_VirtualRealityBP.upack' (chunk index -1, root 'root:/') mounted
[2022.04.12-09.28.28:515][  0]LogShaderLibrary: Display: ShaderCodeLibraryPakFileMountedCallback: pending pak file info (ChunkID:-1 Root:root:/ File:C:/Program Files/Epic Games/UE_4.27/FeaturePacks/TP_VirtualRealityBP.upack)
[2022.04.12-09.28.28:515][  0]LogPakFile: OnPakFileMounted2Time == 0.000026
[2022.04.12-09.28.28:599][  0]LogNativeClassHierarchy: Verbose: Native class hierarchy updated for 'AddContentDialog' in 0.0003 seconds. Added 0 classes and 0 folders.
[2022.04.12-09.28.28:649][  0]LogSlate: Took 0.000106 seconds to synchronously load lazily loaded font '../../../Engine/Content/Slate/Fonts/Roboto-Regular.ttf' (155K)
[2022.04.12-09.28.28:650][  0]LogSlate: Took 0.000559 seconds to synchronously load lazily loaded font '../../../Engine/Content/Editor/Slate/Fonts/FontAwesome.ttf' (139K)
[2022.04.12-09.28.28:652][  0]LogSlate: Took 0.000115 seconds to synchronously load lazily loaded font '../../../Engine/Content/Slate/Fonts/Roboto-Bold.ttf' (160K)
[2022.04.12-09.28.28:708][  0]LogRenderer: Reallocating scene render targets to support 660x364 Format 10 NumSamples 4 (Frame:1).
[2022.04.12-09.28.28:812][  0]LogSlate: Took 0.000542 seconds to synchronously load lazily loaded font '../../../Engine/Content/Slate/Fonts/Roboto-Light.ttf' (167K)
[2022.04.12-09.28.28:949][  0]LogNativeClassHierarchy: Verbose: Native class hierarchy updated for 'HierarchicalLODOutliner' in 0.0003 seconds. Added 0 classes and 0 folders.
[2022.04.12-09.28.28:949][  0]LogLoad: (Engine Initialization) Total time: 9.18 seconds
[2022.04.12-09.28.28:949][  0]LogLoad: (Engine Initialization) Total Blueprint compile time: 0.00 seconds
[2022.04.12-09.28.29:017][  0]LogAssetRegistry: Asset discovery search completed in 5.4498 seconds
[2022.04.12-09.28.29:021][  0]LogCollectionManager: Fixed up redirectors for 0 collections in 0.000003 seconds (updated 0 objects)
[2022.04.12-09.28.29:024][  0]LogContentStreaming: Texture pool size now 1000 MB
[2022.04.12-09.28.29:102][  0]LogSlate: Took 0.000544 seconds to synchronously load lazily loaded font '../../../Engine/Content/Slate/Fonts/DroidSansMono.ttf' (77K)
[2022.04.12-09.28.29:112][  1]LogFileCache: Retrieving MD5 hashes for directory 'C:/Users/dmock/Unreal projects/P8/P8ToBeAnnounced/P8_VR_Home/Content/' took 0.14s
[2022.04.12-09.28.29:160][  1]LogResonanceAudio: Display: Resonance Audio Listener is initialized
[2022.04.12-09.28.29:977][ 35]LogSlate: Took 0.000130 seconds to synchronously load lazily loaded font '../../../Engine/Content/Slate/Fonts/Roboto-Light.ttf' (167K)
[2022.04.12-09.28.30:413][ 54]LogSlate: Window 'Message Log' being destroyed
[2022.04.12-09.28.30:416][ 54]LogSlate: Window 'Message Log' being destroyed
[2022.04.12-09.29.11:384][834]LogEditorViewport: Clicking on Actor (LMB): torque_wheel_v2_C (torque_wheel_v2)
[2022.04.12-09.30.39:448][ 63]LogEditorViewport: Clicking on Actor (LMB): StaticMeshActor (frame)
[2022.04.12-09.30.40:226][108]LogEditorViewport: Clicking on Actor (LMB): StaticMeshActor (Group82_4)
[2022.04.12-09.30.43:098][279]LogEditorViewport: Clicking on Actor (LMB): StaticMeshActor (frame)
[2022.04.12-09.30.51:537][784]LogEditorViewport: Clicking on Actor (LMB): StaticMeshActor (Group82_4)
[2022.04.12-09.30.58:553][203]LogEditorViewport: Clicking on Actor (LMB): StaticMeshActor (frame)
[2022.04.12-09.31.06:701][668]LogEditorViewport: Clicking on Actor (LMB): StaticMeshActor (door)
[2022.04.12-09.31.08:716][787]LogEditorViewport: Clicking on Actor (LMB): StaticMeshActor (Group82_4)
[2022.04.12-09.31.14:137][111]LogEditorViewport: Clicking on Actor (LMB): StaticMeshActor (Group82_4)
[2022.04.12-09.31.14:940][159]LogEditorViewport: Clicking on Actor (LMB): StaticMeshActor (Group82_4)
[2022.04.12-09.31.15:394][186]LogEditorViewport: Clicking on Actor (LMB): StaticMeshActor (Group82_4)
[2022.04.12-09.31.36:398][446]LogEditorViewport: Clicking on Actor (LMB): StaticMeshActor (Group82_4)
[2022.04.12-09.31.36:887][475]LogEditorViewport: Clicking on Actor (LMB): StaticMeshActor (Group82_4)
[2022.04.12-09.31.38:361][563]LogEditorViewport: Clicking on Actor (LMB): StaticMeshActor (frame)
[2022.04.12-09.31.41:968][777]Cmd: DELETE
[2022.04.12-09.31.41:968][777]Cmd: ACTOR DELETE
[2022.04.12-09.31.41:975][777]LogEditorActor: Deleted Actor: StaticMeshActor
[2022.04.12-09.31.41:981][777]LogUObjectHash: Compacting FUObjectHashTables data took   0.85ms
[2022.04.12-09.31.41:983][777]LogEditorActor: Deleted 1 Actors (0.015 secs)
[2022.04.12-09.31.44:496][928]Cmd: TRANSACTION UNDO
[2022.04.12-09.31.44:496][928]LogEditorTransaction: Undo Delete Actors
[2022.04.12-09.31.50:534][239]LogEditorViewport: Clicking on Actor (LMB): BP_Sky_Sphere_C (SkySpherePC2)
[2022.04.12-09.32.08:121][169]LogEditorViewport: Clicking on Actor (context menu): StaticMeshActor (Component13_2)
[2022.04.12-09.32.15:699][591]LogEditorViewport: Clicking on Actor (context menu): StaticMeshActor (Group_706_30)
[2022.04.12-09.32.31:293][371]LogEditorViewport: Clicking on Actor (context menu): StaticMeshActor (Component16_3)
[2022.04.12-09.32.32:376][431]LogEditorViewport: Clicking on Actor (LMB): StaticMeshActor (wallOuter)
[2022.04.12-09.32.33:214][479]LogEditorViewport: Clicking on Actor (LMB): StaticMeshActor (wallOuter)
[2022.04.12-09.32.33:798][513]LogEditorViewport: Clicking on Actor (context menu): StaticMeshActor (wallOuter)
[2022.04.12-09.32.34:579][558]LogEditorViewport: Clicking on Actor (LMB): StaticMeshActor (wallOuter)
[2022.04.12-09.32.35:241][597]LogEditorViewport: Clicking on Actor (LMB): StaticMeshActor (Component_28)
[2022.04.12-09.32.49:676][454]LogEditorViewport: Clicking on Actor (LMB): StaticMeshActor (Component_174)
[2022.04.12-09.33.27:282][684]LogAssetEditorSubsystem: Opening Asset editor for StaticMesh /Game/Marwa/ModelsNew/Component_13_001.Component_13_001
[2022.04.12-09.33.27:353][684]LogTexture: Default maximum texture size for cubemaps generated from long-lat sources has been changed from 512 to unlimited. In order to preserve old behaiour for '/Engine/MapTemplates/Sky/SunsetAmbientCubemap.SunsetAmbientCubemap', its maximum texture size has been explicitly set to 512.
[2022.04.12-09.33.27:776][684]LogRenderer: Reallocating scene render targets to support 1088x636 Format 10 NumSamples 4 (Frame:1).
[2022.04.12-09.33.27:776][684]LogSlate: Took 0.000493 seconds to synchronously load lazily loaded font '../../../Engine/Content/Slate/Fonts/Roboto-Italic.ttf' (157K)
[2022.04.12-09.34.14:716][465]LogSlate: Window 'Component_13_001' being destroyed
[2022.04.12-09.34.57:623][ 11]MapCheck: New page: Map Check
[2022.04.12-09.34.57:635][ 11]LightingResults: New page: Lighting Build - Apr 12, 2022, 1:34:57 PM
[2022.04.12-09.34.57:659][ 11]LogSwarmInterface: [OpenConnection] Registering TCP channel ...
[2022.04.12-09.34.57:697][ 11]LogSwarmInterface: [OpenConnection] Connecting to agent ...
[2022.04.12-09.34.57:705][ 11]LogSwarmInterface: [TryOpenConnection] Testing the Agent
[2022.04.12-09.34.58:217][ 11]LogSwarmInterface: [TryOpenConnection] Opening Connection to Agent
[2022.04.12-09.34.58:217][ 11]LogSwarmInterface: [TryOpenConnection] Local Process ID is 12036
[2022.04.12-09.35.00:408][ 11]LogStaticLightingSystem: Running Lightmass w/ ImmediateImport mode ENABLED
[2022.04.12-09.35.00:408][ 11]LogStaticLightingSystem: Running Lightmass w/ ImmediateProcess mode ENABLED
[2022.04.12-09.35.00:408][ 11]LogStaticLightingSystem: Running Lightmass w/ Sorting mode ENABLED
[2022.04.12-09.35.00:408][ 11]LogStaticLightingSystem: Running Lightmass w/ Mapping paddings ENABLED
[2022.04.12-09.35.00:408][ 11]LogStaticLightingSystem: Running Lightmass w/ Mapping debug paddings DISABLED
[2022.04.12-09.35.00:537][ 11]LogEditorBuildUtils: Build time 0:02
[2022.04.12-09.35.00:544][ 11]LogShaderCompilers: Display: === FShaderJobCache stats ===
[2022.04.12-09.35.00:544][ 11]LogShaderCompilers: Display: Total job queries 0, among them cache hits 0 (0.00%)
[2022.04.12-09.35.00:544][ 11]LogShaderCompilers: Display: Tracking 0 distinct input hashes that result in 0 distinct outputs (0.00%)
[2022.04.12-09.35.00:544][ 11]LogShaderCompilers: Display: RAM used: 0.00 MB (0.00 GB) of 819.20 MB (0.80 GB) budget. Usage: 0.00%
[2022.04.12-09.35.00:544][ 11]LogShaderCompilers: Display: ================================================
[2022.04.12-09.35.00:704][ 13]LogUObjectHash: Compacting FUObjectHashTables data took   0.79ms
[2022.04.12-09.35.02:009][ 60]LightingResults: Warning: Group_660_001 Object has overlapping UVs.
[2022.04.12-09.35.02:009][ 60]LightingResults: Group_660_001 Lightmap UV are overlapping by 27.7%. Please adjust content - Enable Error Coloring to visualize.
[2022.04.12-09.35.02:251][ 71]LightingResults: Warning: Group_697_001 Object has overlapping UVs.
[2022.04.12-09.35.02:251][ 71]LightingResults: Group_697_001 Lightmap UV are overlapping by 93.3%. Please adjust content - Enable Error Coloring to visualize.
[2022.04.12-09.35.02:297][ 73]LightingResults: Warning: Component_56_001 Object has overlapping UVs.
[2022.04.12-09.35.02:298][ 73]LightingResults: Component_56_001 Lightmap UV are overlapping by 20.9%. Please adjust content - Enable Error Coloring to visualize.
[2022.04.12-09.35.02:318][ 74]LightingResults: Warning: Group_741_001 Object has overlapping UVs.
[2022.04.12-09.35.02:318][ 74]LightingResults: Group_741_001 Lightmap UV are overlapping by 2.6%. Please adjust content - Enable Error Coloring to visualize.
[2022.04.12-09.35.02:318][ 74]LightingResults: Warning: Group_847_001 Object has overlapping UVs.
[2022.04.12-09.35.02:318][ 74]LightingResults: Group_847_001 Lightmap UV are overlapping by 30.5%. Please adjust content - Enable Error Coloring to visualize.
[2022.04.12-09.35.02:561][ 85]LightingResults: Warning: Group_742_001 Object has overlapping UVs.
[2022.04.12-09.35.02:561][ 85]LightingResults: Group_742_001 Lightmap UV are overlapping by 9.6%. Please adjust content - Enable Error Coloring to visualize.
[2022.04.12-09.35.02:649][ 90]LightingResults: Warning: Group_768_001 Object has overlapping UVs.
[2022.04.12-09.35.02:649][ 90]LightingResults: Group_768_001 Lightmap UV are overlapping by 35.7%. Please adjust content - Enable Error Coloring to visualize.
[2022.04.12-09.35.02:935][103]LightingResults: Warning: Group_133_001 Object has overlapping UVs.
[2022.04.12-09.35.02:935][103]LightingResults: Group_133_001 Lightmap UV are overlapping by 72.8%. Please adjust content - Enable Error Coloring to visualize.
[2022.04.12-09.35.02:968][105]LightingResults: Warning: Group_598_2_001 Object has overlapping UVs.
[2022.04.12-09.35.02:968][105]LightingResults: Group_598_2_001 Lightmap UV are overlapping by 86.5%. Please adjust content - Enable Error Coloring to visualize.
[2022.04.12-09.35.03:080][110]LightingResults: Warning: Group_590_001 Object has overlapping UVs.
[2022.04.12-09.35.03:080][110]LightingResults: Group_590_001 Lightmap UV are overlapping by 59.0%. Please adjust content - Enable Error Coloring to visualize.
[2022.04.12-09.35.03:167][114]LightingResults: Warning: Group_131_001 Object has overlapping UVs.
[2022.04.12-09.35.03:167][114]LightingResults: Group_131_001 Lightmap UV are overlapping by 55.9%. Please adjust content - Enable Error Coloring to visualize.
[2022.04.12-09.35.03:222][117]LightingResults: Warning: Group_764_001 Object has overlapping UVs.
[2022.04.12-09.35.03:222][117]LightingResults: Group_764_001 Lightmap UV are overlapping by 53.0%. Please adjust content - Enable Error Coloring to visualize.
[2022.04.12-09.35.03:256][119]LightingResults: Warning: Group_131_001 Object has overlapping UVs.
[2022.04.12-09.35.03:256][119]LightingResults: Group_131_001 Lightmap UV are overlapping by 55.9%. Please adjust content - Enable Error Coloring to visualize.
[2022.04.12-09.35.03:334][123]LightingResults: Warning: Group_131_001 Object has overlapping UVs.
[2022.04.12-09.35.03:334][123]LightingResults: Group_131_001 Lightmap UV are overlapping by 55.9%. Please adjust content - Enable Error Coloring to visualize.
[2022.04.12-09.35.03:543][133]LightingResults: Warning: Group_629_001 Object has overlapping UVs.
[2022.04.12-09.35.03:543][133]LightingResults: Group_629_001 Lightmap UV are overlapping by 18.0%. Please adjust content - Enable Error Coloring to visualize.
[2022.04.12-09.35.04:485][189]Job is a success!
[2022.04.12-09.35.04:589][190]LogVolumetricLightmapImport: Imported Volumetric Lightmap in 0.005s
[2022.04.12-09.35.04:589][190]LogVolumetricLightmapImport:      Indirection Texture 16x16x16 = 0.0Mb
[2022.04.12-09.35.04:589][190]LogVolumetricLightmapImport:      BrickData (all levels) 0.0Mb
[2022.04.12-09.35.04:589][190]LogVolumetricLightmapImport:      Bricks at depth
[2022.04.12-09.35.04:589][190]LogVolumetricLightmapImport:          0: 12.5% covering 100.0% of volume
[2022.04.12-09.35.04:589][190]LogVolumetricLightmapImport:          1: 12.5% covering 1.6% of volume
[2022.04.12-09.35.04:589][190]LogVolumetricLightmapImport:          2: 75.0% covering 0.1% of volume
[2022.04.12-09.35.04:589][190]LogVolumetricLightmapImport:      Bricks in each level
[2022.04.12-09.35.04:589][190]LogVolumetricLightmapImport:          VRTemplateMap 			 8 bricks 	 100.0% (Persistent Level)
[2022.04.12-09.35.04:858][190]LogTexture: Display: Building textures: HQ_Lightmap1_1 (OODLE_AutoDXT, 1024X1024)
[2022.04.12-09.35.04:859][190]LogTexture: Display: Building textures: LQ_Lightmap_1_1 (OODLE_DXT1, 1024X1024)
[2022.04.12-09.35.04:859][190]LogTextureFormatOodle: Display: non-RDO encode 1024 x 1024 x 1 to format OODLE_AutoDXT (Oodle OodleTex_BC3) lambda=0 effort=20 
[2022.04.12-09.35.04:859][190]LogTexture: Display: Building textures: HQ_Lightmap1_2 (OODLE_AutoDXT, 1024X1024)
[2022.04.12-09.35.04:859][190]LogTexture: Display: Building textures: HQ_Lightmap1_3 (OODLE_AutoDXT, 1024X1024)
[2022.04.12-09.35.04:859][190]LogTexture: Display: Building textures: LQ_Lightmap_1_2 (OODLE_DXT1, 1024X1024)
[2022.04.12-09.35.04:859][190]LogTexture: Display: Building textures: LQ_Lightmap_1_3 (OODLE_DXT1, 1024X1024)
[2022.04.12-09.35.04:859][190]LogTexture: Display: Building textures: LQ_Lightmap_1_4 (OODLE_DXT1, 1024X1024)
[2022.04.12-09.35.04:859][190]LogTexture: Display: Building textures: HQ_Lightmap1_5 (OODLE_AutoDXT, 64X64)
[2022.04.12-09.35.04:859][190]LogTexture: Display: Building textures: HQ_Lightmap1_4 (OODLE_AutoDXT, 1024X1024)
[2022.04.12-09.35.04:859][190]LogTexture: Display: Building textures: LQ_Lightmap_1_5 (OODLE_DXT1, 64X64)
[2022.04.12-09.35.04:859][190]LogTextureFormatOodle: Display: non-RDO encode 1024 x 1024 x 1 to format OODLE_AutoDXT (Oodle OodleTex_BC3) lambda=0 effort=20 
[2022.04.12-09.35.04:859][190]LogTextureFormatOodle: Display: non-RDO encode 1024 x 1024 x 1 to format OODLE_AutoDXT (Oodle OodleTex_BC3) lambda=0 effort=20 
[2022.04.12-09.35.04:859][190]LogTextureFormatOodle: Display: non-RDO encode 1024 x 1024 x 1 to format OODLE_AutoDXT (Oodle OodleTex_BC3) lambda=0 effort=20 
[2022.04.12-09.35.04:859][190]LogTextureFormatOodle: Display: non-RDO encode 1024 x 1024 x 1 to format OODLE_DXT1 (Oodle OodleTex_BC1_WithTransparency) lambda=0 effort=20 
[2022.04.12-09.35.04:859][190]LogTextureFormatOodle: Display: non-RDO encode 1024 x 1024 x 1 to format OODLE_DXT1 (Oodle OodleTex_BC1_WithTransparency) lambda=0 effort=20 
[2022.04.12-09.35.04:859][190]LogTextureFormatOodle: Display: non-RDO encode 1024 x 1024 x 1 to format OODLE_DXT1 (Oodle OodleTex_BC1_WithTransparency) lambda=0 effort=20 
[2022.04.12-09.35.04:859][190]LogTextureFormatOodle: Display: non-RDO encode 1024 x 1024 x 1 to format OODLE_DXT1 (Oodle OodleTex_BC1_WithTransparency) lambda=0 effort=20 
[2022.04.12-09.35.05:031][190]LogTexture: Display: Building textures: ShadowMapTexture2D_1 (G8, 32X32)
[2022.04.12-09.35.05:031][190]LogTexture: Display: Building textures: ShadowMapTexture2D_0 (BGRA8, 1024X1024)
[2022.04.12-09.35.05:031][190]Lightmass on DAVID: 3.87 sec total, 206 ms importing, 55 ms setup, 488 ms photons, 3.08 sec processing, 0 ms extra exporting [394/394 mappings]. Threads: 46.2 sec total, 21.7 sec processing.
[2022.04.12-09.35.05:037][190]LogStaticLightingSystem: VRTemplateMap_BuiltData storing lightmap data for 394 meshes in 8 LightmapResourceClusters (49.2 Meshes per cluster).
[2022.04.12-09.35.05:049][190]LogUObjectHash: Compacting FUObjectHashTables data took   1.00ms
[2022.04.12-09.35.05:088][190]LogStaticLightingSystem: Illumination: 7.39 sec (203 ms encoding lightmaps, 124 ms encoding shadowmaps)
[2022.04.12-09.35.05:088][190]LogStaticLightingSystem: Lightmap texture memory:  8.0 MB (8.0 MB streaming, 0.0 MB non-streaming), 10 textures
[2022.04.12-09.35.05:088][190]LogStaticLightingSystem: Shadowmap texture memory: 5.3 MB (5.3 MB streaming, 0.0 MB non-streaming), 2 textures
[2022.04.12-09.35.05:387][190]DumpUnbuiltLightIteractions
[2022.04.12-09.35.05:387][190]Lights with unbuilt interactions: 0
[2022.04.12-09.35.05:387][190]
[2022.04.12-09.35.05:387][190]Primitives with unbuilt interactions: 0
[2022.04.12-09.35.05:435][191]Cmd: MAP CHECK NOTIFYRESULTS
[2022.04.12-09.35.05:435][191]MapCheck: New page: VRTemplateMap - Apr 12, 2022, 1:35:05 PM
[2022.04.12-09.35.05:435][191]MapCheck: Warning: Flap2_18 Static mesh actor has NULL StaticMesh property 
[2022.04.12-09.35.05:435][191]MapCheck: Warning: Flap3_21 Static mesh actor has NULL StaticMesh property 
[2022.04.12-09.35.05:435][191]MapCheck: Warning: Flap4_24 Static mesh actor has NULL StaticMesh property 
[2022.04.12-09.35.05:435][191]MapCheck: Warning: Flap_15 Static mesh actor has NULL StaticMesh property 
[2022.04.12-09.35.05:435][191]MapCheck: Warning: newfridge_Cube2_2 Static mesh actor has NULL StaticMesh property 
[2022.04.12-09.35.05:437][191]MapCheck: Map check complete: 0 Error(s), 5 Warning(s), took 1.928ms to complete.
[2022.04.12-09.35.08:820][381]LogSlate: Window 'Message Log' being destroyed
[2022.04.12-09.35.08:823][381]LogSlate: Window 'Message Log' being destroyed
[2022.04.12-09.36.00:465][469]LogEditorViewport: Clicking on Actor (LMB): StaticMeshActor (Group_364_36)
[2022.04.12-09.36.11:457][123]LogEditorViewport: Clicking on Actor (LMB): StaticMeshActor (Group_364_78)
[2022.04.12-09.36.17:473][481]LogEditorViewport: Clicking on Actor (LMB): StaticMeshActor (Group_610_50)
[2022.04.12-09.36.25:019][927]LogEditorViewport: Clicking on Actor (LMB): StaticMeshActor (Group_364_58)
[2022.04.12-09.36.36:755][629]LogEditorViewport: Clicking on Actor (LMB): StaticMeshActor (Group_40_2)
[2022.04.12-09.36.44:485][ 91]LogEditorViewport: Clicking on Actor (LMB): torque_wheel_v2_C (torque_wheel_v2)
[2022.04.12-09.38.30:379][537]LogUObjectHash: Compacting FUObjectHashTables data took   0.99ms
[2022.04.12-09.38.30:476][537]LogSavePackage: Moving '../../../../../../Users/dmock/Unreal projects/P8/P8ToBeAnnounced/P8_VR_Home/Saved/VRTemplateMap_Auto1974FC84A4EC1EA5CC3ECF48B4F962EF6.tmp' to '../../../../../../Users/dmock/Unreal projects/P8/P8ToBeAnnounced/P8_VR_Home/Saved/Autosaves/Game/VRTemplate/Maps/VRTemplateMap_Auto1.umap'
[2022.04.12-09.38.30:477][537]LogFileHelpers: Editor autosave (incl. external actors) for '/Game/VRTemplate/Maps/VRTemplateMap' took 0.103
[2022.04.12-09.38.30:477][537]LogFileHelpers: Editor autosave (incl. sublevels & external actors) for all levels took 0.103
[2022.04.12-09.39.25:020][171]LogEditorViewport: Clicking on Actor (context menu): StaticMeshActor (Component_28)
[2022.04.12-09.39.28:452][372]Cmd: CAMERA ALIGN ACTIVEVIEWPORTONLY
[2022.04.12-09.39.39:461][ 20]LogAssetEditorSubsystem: Opening Asset editor for StaticMesh /Game/Marwa/ModelsNew/Component_37_001.Component_37_001
[2022.04.12-09.40.44:227][881]MapCheck: New page: Map Check
[2022.04.12-09.40.44:239][881]LightingResults: New page: Lighting Build - Apr 12, 2022, 1:40:44 PM
[2022.04.12-09.40.44:243][881]LogSwarmInterface: [OpenConnection] Registering TCP channel ...
[2022.04.12-09.40.44:251][881]LogSwarmInterface: [OpenConnection] Connecting to agent ...
[2022.04.12-09.40.44:251][881]LogSwarmInterface: [TryOpenConnection] Testing the Agent
[2022.04.12-09.40.44:251][881]LogSwarmInterface: [TryOpenConnection] Opening Connection to Agent
[2022.04.12-09.40.44:251][881]LogSwarmInterface: [TryOpenConnection] Local Process ID is 12036
[2022.04.12-09.40.48:813][881]LogStaticLightingSystem: Running Lightmass w/ ImmediateImport mode ENABLED
[2022.04.12-09.40.48:813][881]LogStaticLightingSystem: Running Lightmass w/ ImmediateProcess mode ENABLED
[2022.04.12-09.40.48:813][881]LogStaticLightingSystem: Running Lightmass w/ Sorting mode ENABLED
[2022.04.12-09.40.48:813][881]LogStaticLightingSystem: Running Lightmass w/ Mapping paddings ENABLED
[2022.04.12-09.40.48:813][881]LogStaticLightingSystem: Running Lightmass w/ Mapping debug paddings DISABLED
[2022.04.12-09.40.48:916][881]LogEditorBuildUtils: Build time 0:04
[2022.04.12-09.40.48:920][881]LogShaderCompilers: Display: === FShaderJobCache stats ===
[2022.04.12-09.40.48:920][881]LogShaderCompilers: Display: Total job queries 0, among them cache hits 0 (0.00%)
[2022.04.12-09.40.48:920][881]LogShaderCompilers: Display: Tracking 0 distinct input hashes that result in 0 distinct outputs (0.00%)
[2022.04.12-09.40.48:920][881]LogShaderCompilers: Display: RAM used: 0.00 MB (0.00 GB) of 819.20 MB (0.80 GB) budget. Usage: 0.00%
[2022.04.12-09.40.48:920][881]LogShaderCompilers: Display: ================================================
[2022.04.12-09.40.48:964][882]LogUObjectHash: Compacting FUObjectHashTables data took   0.74ms
[2022.04.12-09.40.50:195][919]LightingResults: Warning: Group_660_001 Object has overlapping UVs.
[2022.04.12-09.40.50:195][919]LightingResults: Group_660_001 Lightmap UV are overlapping by 27.7%. Please adjust content - Enable Error Coloring to visualize.
[2022.04.12-09.40.50:438][929]LightingResults: Warning: Group_697_001 Object has overlapping UVs.
[2022.04.12-09.40.50:438][929]LightingResults: Group_697_001 Lightmap UV are overlapping by 93.3%. Please adjust content - Enable Error Coloring to visualize.
[2022.04.12-09.40.50:494][931]LightingResults: Warning: Group_741_001 Object has overlapping UVs.
[2022.04.12-09.40.50:494][931]LightingResults: Group_741_001 Lightmap UV are overlapping by 2.6%. Please adjust content - Enable Error Coloring to visualize.
[2022.04.12-09.40.50:494][931]LightingResults: Warning: Component_56_001 Object has overlapping UVs.
[2022.04.12-09.40.50:494][931]LightingResults: Component_56_001 Lightmap UV are overlapping by 20.9%. Please adjust content - Enable Error Coloring to visualize.
[2022.04.12-09.40.50:538][932]LightingResults: Warning: Group_847_001 Object has overlapping UVs.
[2022.04.12-09.40.50:538][932]LightingResults: Group_847_001 Lightmap UV are overlapping by 30.5%. Please adjust content - Enable Error Coloring to visualize.
[2022.04.12-09.40.50:759][942]LightingResults: Warning: Group_742_001 Object has overlapping UVs.
[2022.04.12-09.40.50:759][942]LightingResults: Group_742_001 Lightmap UV are overlapping by 9.6%. Please adjust content - Enable Error Coloring to visualize.
[2022.04.12-09.40.50:803][944]LightingResults: Warning: Group_768_001 Object has overlapping UVs.
[2022.04.12-09.40.50:803][944]LightingResults: Group_768_001 Lightmap UV are overlapping by 35.7%. Please adjust content - Enable Error Coloring to visualize.
[2022.04.12-09.40.51:101][957]LightingResults: Warning: Group_133_001 Object has overlapping UVs.
[2022.04.12-09.40.51:101][957]LightingResults: Group_133_001 Lightmap UV are overlapping by 72.8%. Please adjust content - Enable Error Coloring to visualize.
[2022.04.12-09.40.51:171][960]LightingResults: Warning: Group_598_2_001 Object has overlapping UVs.
[2022.04.12-09.40.51:171][960]LightingResults: Group_598_2_001 Lightmap UV are overlapping by 86.5%. Please adjust content - Enable Error Coloring to visualize.
[2022.04.12-09.40.51:257][964]LightingResults: Warning: Group_590_001 Object has overlapping UVs.
[2022.04.12-09.40.51:257][964]LightingResults: Group_590_001 Lightmap UV are overlapping by 59.0%. Please adjust content - Enable Error Coloring to visualize.
[2022.04.12-09.40.51:357][968]LightingResults: Warning: Group_131_001 Object has overlapping UVs.
[2022.04.12-09.40.51:357][968]LightingResults: Group_131_001 Lightmap UV are overlapping by 55.9%. Please adjust content - Enable Error Coloring to visualize.
[2022.04.12-09.40.51:401][970]LightingResults: Warning: Group_764_001 Object has overlapping UVs.
[2022.04.12-09.40.51:401][970]LightingResults: Group_764_001 Lightmap UV are overlapping by 53.0%. Please adjust content - Enable Error Coloring to visualize.
[2022.04.12-09.40.51:423][971]LightingResults: Warning: Group_131_001 Object has overlapping UVs.
[2022.04.12-09.40.51:423][971]LightingResults: Group_131_001 Lightmap UV are overlapping by 55.9%. Please adjust content - Enable Error Coloring to visualize.
[2022.04.12-09.40.51:467][973]LightingResults: Warning: Group_131_001 Object has overlapping UVs.
[2022.04.12-09.40.51:468][973]LightingResults: Group_131_001 Lightmap UV are overlapping by 55.9%. Please adjust content - Enable Error Coloring to visualize.
[2022.04.12-09.40.51:699][983]LightingResults: Warning: Group_629_001 Object has overlapping UVs.
[2022.04.12-09.40.51:699][983]LightingResults: Group_629_001 Lightmap UV are overlapping by 18.0%. Please adjust content - Enable Error Coloring to visualize.
[2022.04.12-09.40.52:466][ 27]Job is a success!
[2022.04.12-09.40.52:561][ 28]LogVolumetricLightmapImport: Imported Volumetric Lightmap in 0.004s
[2022.04.12-09.40.52:561][ 28]LogVolumetricLightmapImport:      Indirection Texture 16x16x16 = 0.0Mb
[2022.04.12-09.40.52:561][ 28]LogVolumetricLightmapImport:      BrickData (all levels) 0.0Mb
[2022.04.12-09.40.52:561][ 28]LogVolumetricLightmapImport:      Bricks at depth
[2022.04.12-09.40.52:561][ 28]LogVolumetricLightmapImport:          0: 12.5% covering 100.0% of volume
[2022.04.12-09.40.52:561][ 28]LogVolumetricLightmapImport:          1: 12.5% covering 1.6% of volume
[2022.04.12-09.40.52:561][ 28]LogVolumetricLightmapImport:          2: 75.0% covering 0.1% of volume
[2022.04.12-09.40.52:561][ 28]LogVolumetricLightmapImport:      Bricks in each level
[2022.04.12-09.40.52:561][ 28]LogVolumetricLightmapImport:          VRTemplateMap 			 8 bricks 	 100.0% (Persistent Level)
[2022.04.12-09.40.52:818][ 28]LogTexture: Display: Building textures: HQ_Lightmap0_1 (OODLE_AutoDXT, 1024X1024)
[2022.04.12-09.40.52:818][ 28]LogTexture: Display: Building textures: LQ_Lightmap_0_1 (OODLE_DXT1, 1024X1024)
[2022.04.12-09.40.52:818][ 28]LogTextureFormatOodle: Display: non-RDO encode 1024 x 1024 x 1 to format OODLE_AutoDXT (Oodle OodleTex_BC3) lambda=0 effort=20 
[2022.04.12-09.40.52:818][ 28]LogTexture: Display: Building textures: HQ_Lightmap0_2 (OODLE_AutoDXT, 1024X1024)
[2022.04.12-09.40.52:818][ 28]LogTexture: Display: Building textures: LQ_Lightmap_0_2 (OODLE_DXT1, 1024X1024)
[2022.04.12-09.40.52:818][ 28]LogTextureFormatOodle: Display: non-RDO encode 1024 x 1024 x 1 to format OODLE_DXT1 (Oodle OodleTex_BC1_WithTransparency) lambda=0 effort=20 
[2022.04.12-09.40.52:818][ 28]LogTexture: Display: Building textures: HQ_Lightmap0_3 (OODLE_AutoDXT, 1024X1024)
[2022.04.12-09.40.52:818][ 28]LogTexture: Display: Building textures: LQ_Lightmap_0_3 (OODLE_DXT1, 1024X1024)
[2022.04.12-09.40.52:818][ 28]LogTexture: Display: Building textures: HQ_Lightmap0_4 (OODLE_AutoDXT, 1024X1024)
[2022.04.12-09.40.52:818][ 28]LogTexture: Display: Building textures: LQ_Lightmap_0_4 (OODLE_DXT1, 1024X1024)
[2022.04.12-09.40.52:818][ 28]LogTexture: Display: Building textures: HQ_Lightmap0_5 (OODLE_AutoDXT, 64X64)
[2022.04.12-09.40.52:818][ 28]LogTextureFormatOodle: Display: non-RDO encode 1024 x 1024 x 1 to format OODLE_AutoDXT (Oodle OodleTex_BC3) lambda=0 effort=20 
[2022.04.12-09.40.52:818][ 28]LogTexture: Display: Building textures: LQ_Lightmap_0_5 (OODLE_DXT1, 64X64)
[2022.04.12-09.40.52:818][ 28]LogTextureFormatOodle: Display: non-RDO encode 1024 x 1024 x 1 to format OODLE_DXT1 (Oodle OodleTex_BC1_WithTransparency) lambda=0 effort=20 
[2022.04.12-09.40.52:818][ 28]LogTextureFormatOodle: Display: non-RDO encode 1024 x 1024 x 1 to format OODLE_AutoDXT (Oodle OodleTex_BC3) lambda=0 effort=20 
[2022.04.12-09.40.52:818][ 28]LogTextureFormatOodle: Display: non-RDO encode 1024 x 1024 x 1 to format OODLE_AutoDXT (Oodle OodleTex_BC3) lambda=0 effort=20 
[2022.04.12-09.40.52:818][ 28]LogTextureFormatOodle: Display: non-RDO encode 1024 x 1024 x 1 to format OODLE_DXT1 (Oodle OodleTex_BC1_WithTransparency) lambda=0 effort=20 
[2022.04.12-09.40.52:819][ 28]LogTextureFormatOodle: Display: non-RDO encode 1024 x 1024 x 1 to format OODLE_DXT1 (Oodle OodleTex_BC1_WithTransparency) lambda=0 effort=20 
[2022.04.12-09.40.52:987][ 28]LogTexture: Display: Building textures: ShadowMapTexture2D_3 (G8, 32X32)
[2022.04.12-09.40.52:987][ 28]LogTexture: Display: Building textures: ShadowMapTexture2D_2 (BGRA8, 1024X1024)
[2022.04.12-09.40.52:993][ 28]LogStaticLightingSystem: VRTemplateMap_BuiltData storing lightmap data for 394 meshes in 8 LightmapResourceClusters (49.2 Meshes per cluster).
[2022.04.12-09.40.53:001][ 28]Lightmass on DAVID: 3.67 sec total, 205 ms importing, 55 ms setup, 484 ms photons, 2.87 sec processing, 0 ms extra exporting [394/394 mappings]. Threads: 43.0 sec total, 21.8 sec processing.
[2022.04.12-09.40.53:006][ 28]LogUObjectHash: Compacting FUObjectHashTables data took   0.86ms
[2022.04.12-09.40.53:043][ 28]LogStaticLightingSystem: Illumination: 8.74 sec (184 ms encoding lightmaps, 129 ms encoding shadowmaps)
[2022.04.12-09.40.53:043][ 28]LogStaticLightingSystem: Lightmap texture memory:  8.0 MB (8.0 MB streaming, 0.0 MB non-streaming), 10 textures
[2022.04.12-09.40.53:043][ 28]LogStaticLightingSystem: Shadowmap texture memory: 5.3 MB (5.3 MB streaming, 0.0 MB non-streaming), 2 textures
[2022.04.12-09.40.53:815][ 28]DumpUnbuiltLightIteractions
[2022.04.12-09.40.53:815][ 28]Lights with unbuilt interactions: 0
[2022.04.12-09.40.53:815][ 28]
[2022.04.12-09.40.53:815][ 28]Primitives with unbuilt interactions: 0
[2022.04.12-09.40.53:857][ 29]Cmd: MAP CHECK NOTIFYRESULTS
[2022.04.12-09.40.53:857][ 29]MapCheck: New page: VRTemplateMap - Apr 12, 2022, 1:40:53 PM
[2022.04.12-09.40.53:857][ 29]MapCheck: Warning: Flap2_18 Static mesh actor has NULL StaticMesh property 
[2022.04.12-09.40.53:857][ 29]MapCheck: Warning: Flap3_21 Static mesh actor has NULL StaticMesh property 
[2022.04.12-09.40.53:857][ 29]MapCheck: Warning: Flap4_24 Static mesh actor has NULL StaticMesh property 
[2022.04.12-09.40.53:857][ 29]MapCheck: Warning: Flap_15 Static mesh actor has NULL StaticMesh property 
[2022.04.12-09.40.53:857][ 29]MapCheck: Warning: newfridge_Cube2_2 Static mesh actor has NULL StaticMesh property 
[2022.04.12-09.40.53:859][ 29]MapCheck: Map check complete: 0 Error(s), 5 Warning(s), took 1.801ms to complete.
[2022.04.12-09.40.55:568][118]LogSlate: Window 'Message Log' being destroyed
[2022.04.12-09.40.55:571][118]LogSlate: Window 'Message Log' being destroyed
[2022.04.12-09.41.18:176][468]MapCheck: New page: Map Check
[2022.04.12-09.41.18:189][468]Cmd: MAP REBUILD ALLVISIBLE
[2022.04.12-09.41.18:189][468]LogEditorServer: Rebuildmap Clear paths rebuilt
[2022.04.12-09.41.18:192][468]LogWorld: UWorld::CleanupWorld for VRTemplateMap, bSessionEnded=true, bCleanupResources=false
[2022.04.12-09.41.18:226][468]PIE: Warning: AttachTo: '/Game/VRTemplate/Maps/VRTemplateMap.VRTemplateMap:PersistentLevel.Empty_002.DefaultSceneRoot1' is not static  (in blueprint "Blinds"), cannot attach '/Game/VRTemplate/Maps/VRTemplateMap.VRTemplateMap:PersistentLevel.Empty_002.DefaultSceneRoot' which is static to it. Aborting.
[2022.04.12-09.41.18:226][468]PIE: Warning: AttachTo: '/Game/VRTemplate/Maps/VRTemplateMap.VRTemplateMap:PersistentLevel.Empty_002.DefaultSceneRoot1' is not static  (in blueprint "Blinds"), cannot attach '/Game/VRTemplate/Maps/VRTemplateMap.VRTemplateMap:PersistentLevel.Empty_002.DefaultSceneRoot' which is static to it. Aborting.
[2022.04.12-09.41.18:231][468]LogNavigationDataBuild: Display: UNavigationSystemV1::Build started...
[2022.04.12-09.41.18:231][468]LogNavigationDataBuild: Display:    Building navigation data using PHYSICS_INTERFACE_PHYSX.
[2022.04.12-09.41.18:231][468]LogNavigationDataBuild: Display:    Building navigation data using WITH_PHYSX.
[2022.04.12-09.41.18:231][468]LogNavigationDataBuild: Display:    Building NavData:  Name Default class /Script/NavigationSystem.RecastNavMesh agent radius 35.0.
[2022.04.12-09.41.18:231][468]LogNavigation: Warning: Recreating dtNavMesh instance due to saved navmesh origin (X=-1708.795 Y=-0.000 Z=10.000, usually the RecastNavMesh location) not being aligned with tile size (1000 uu) 
[2022.04.12-09.41.18:303][468]LogNavigationDataBuild: Display: UNavigationSystemV1::Build total execution time: 0.07s
[2022.04.12-09.41.18:313][468]LogUObjectHash: Compacting FUObjectHashTables data took   0.90ms
[2022.04.12-09.41.18:326][468]LogLevel: Display: Export Material TexCoord Scales took 0.010 seconds.
[2022.04.12-09.41.18:328][468]TextureStreamingBuild: Display: Build Texture Streaming took 0.003 seconds.
[2022.04.12-09.41.18:334][468]LogUObjectHash: Compacting FUObjectHashTables data took   0.32ms
[2022.04.12-09.41.18:336][468]LightingResults: New page: Lighting Build - Apr 12, 2022, 1:41:18 PM
[2022.04.12-09.41.18:341][468]LogSwarmInterface: [OpenConnection] Registering TCP channel ...
[2022.04.12-09.41.18:344][468]LogSwarmInterface: [OpenConnection] Connecting to agent ...
[2022.04.12-09.41.18:344][468]LogSwarmInterface: [TryOpenConnection] Testing the Agent
[2022.04.12-09.41.18:345][468]LogSwarmInterface: [TryOpenConnection] Opening Connection to Agent
[2022.04.12-09.41.18:345][468]LogSwarmInterface: [TryOpenConnection] Local Process ID is 12036
[2022.04.12-09.41.22:882][468]LogStaticLightingSystem: Running Lightmass w/ ImmediateImport mode ENABLED
[2022.04.12-09.41.22:882][468]LogStaticLightingSystem: Running Lightmass w/ ImmediateProcess mode ENABLED
[2022.04.12-09.41.22:882][468]LogStaticLightingSystem: Running Lightmass w/ Sorting mode ENABLED
[2022.04.12-09.41.22:882][468]LogStaticLightingSystem: Running Lightmass w/ Mapping paddings ENABLED
[2022.04.12-09.41.22:882][468]LogStaticLightingSystem: Running Lightmass w/ Mapping debug paddings DISABLED
[2022.04.12-09.41.22:966][468]Cmd: MAP CHECK DONTDISPLAYDIALOG
[2022.04.12-09.41.22:967][468]MapCheck: New page: VRTemplateMap - Apr 12, 2022, 1:41:22 PM
[2022.04.12-09.41.22:967][468]MapCheck: Warning: Flap2_18 Static mesh actor has NULL StaticMesh property 
[2022.04.12-09.41.22:967][468]MapCheck: Warning: Flap3_21 Static mesh actor has NULL StaticMesh property 
[2022.04.12-09.41.22:967][468]MapCheck: Warning: Flap4_24 Static mesh actor has NULL StaticMesh property 
[2022.04.12-09.41.22:967][468]MapCheck: Warning: Flap_15 Static mesh actor has NULL StaticMesh property 
[2022.04.12-09.41.22:967][468]MapCheck: Warning: newfridge_Cube2_2 Static mesh actor has NULL StaticMesh property 
[2022.04.12-09.41.22:968][468]MapCheck: Map check complete: 0 Error(s), 5 Warning(s), took 1.69ms to complete.
[2022.04.12-09.41.22:970][468]LogEditorBuildUtils: Build time 0:04
[2022.04.12-09.41.23:224][470]LogUObjectHash: Compacting FUObjectHashTables data took   0.85ms
[2022.04.12-09.41.24:447][509]LightingResults: Warning: Group_660_001 Object has overlapping UVs.
[2022.04.12-09.41.24:447][509]LightingResults: Group_660_001 Lightmap UV are overlapping by 27.7%. Please adjust content - Enable Error Coloring to visualize.
[2022.04.12-09.41.24:690][519]LightingResults: Warning: Group_697_001 Object has overlapping UVs.
[2022.04.12-09.41.24:690][519]LightingResults: Group_697_001 Lightmap UV are overlapping by 93.3%. Please adjust content - Enable Error Coloring to visualize.
[2022.04.12-09.41.24:767][522]LightingResults: Warning: Group_741_001 Object has overlapping UVs.
[2022.04.12-09.41.24:767][522]LightingResults: Group_741_001 Lightmap UV are overlapping by 2.6%. Please adjust content - Enable Error Coloring to visualize.
[2022.04.12-09.41.24:767][522]LightingResults: Warning: Group_847_001 Object has overlapping UVs.
[2022.04.12-09.41.24:767][522]LightingResults: Group_847_001 Lightmap UV are overlapping by 30.5%. Please adjust content - Enable Error Coloring to visualize.
[2022.04.12-09.41.24:767][522]LightingResults: Warning: Component_56_001 Object has overlapping UVs.
[2022.04.12-09.41.24:767][522]LightingResults: Component_56_001 Lightmap UV are overlapping by 20.9%. Please adjust content - Enable Error Coloring to visualize.
[2022.04.12-09.41.24:999][531]LightingResults: Warning: Group_742_001 Object has overlapping UVs.
[2022.04.12-09.41.24:999][531]LightingResults: Group_742_001 Lightmap UV are overlapping by 9.6%. Please adjust content - Enable Error Coloring to visualize.
[2022.04.12-09.41.25:077][534]LightingResults: Warning: Group_768_001 Object has overlapping UVs.
[2022.04.12-09.41.25:077][534]LightingResults: Group_768_001 Lightmap UV are overlapping by 35.7%. Please adjust content - Enable Error Coloring to visualize.
[2022.04.12-09.41.25:253][542]LogSlate: Window 'Message Log' being destroyed
[2022.04.12-09.41.25:268][542]LogSlate: Window 'Message Log' being destroyed
[2022.04.12-09.41.25:353][545]LightingResults: Warning: Group_133_001 Object has overlapping UVs.
[2022.04.12-09.41.25:353][545]LightingResults: Group_133_001 Lightmap UV are overlapping by 72.8%. Please adjust content - Enable Error Coloring to visualize.
[2022.04.12-09.41.25:453][549]LightingResults: Warning: Group_598_2_001 Object has overlapping UVs.
[2022.04.12-09.41.25:453][549]LightingResults: Group_598_2_001 Lightmap UV are overlapping by 86.5%. Please adjust content - Enable Error Coloring to visualize.
[2022.04.12-09.41.25:486][550]LightingResults: Warning: Group_590_001 Object has overlapping UVs.
[2022.04.12-09.41.25:486][550]LightingResults: Group_590_001 Lightmap UV are overlapping by 59.0%. Please adjust content - Enable Error Coloring to visualize.
[2022.04.12-09.41.25:652][558]LightingResults: Warning: Group_131_001 Object has overlapping UVs.
[2022.04.12-09.41.25:652][558]LightingResults: Group_131_001 Lightmap UV are overlapping by 55.9%. Please adjust content - Enable Error Coloring to visualize.
[2022.04.12-09.41.25:652][558]LightingResults: Warning: Group_764_001 Object has overlapping UVs.
[2022.04.12-09.41.25:652][558]LightingResults: Group_764_001 Lightmap UV are overlapping by 53.0%. Please adjust content - Enable Error Coloring to visualize.
[2022.04.12-09.41.25:718][560]LightingResults: Warning: Group_131_001 Object has overlapping UVs.
[2022.04.12-09.41.25:718][560]LightingResults: Group_131_001 Lightmap UV are overlapping by 55.9%. Please adjust content - Enable Error Coloring to visualize.
[2022.04.12-09.41.25:718][560]LightingResults: Warning: Group_131_001 Object has overlapping UVs.
[2022.04.12-09.41.25:718][560]LightingResults: Group_131_001 Lightmap UV are overlapping by 55.9%. Please adjust content - Enable Error Coloring to visualize.
[2022.04.12-09.41.25:949][571]LightingResults: Warning: Group_629_001 Object has overlapping UVs.
[2022.04.12-09.41.25:949][571]LightingResults: Group_629_001 Lightmap UV are overlapping by 18.0%. Please adjust content - Enable Error Coloring to visualize.
[2022.04.12-09.41.27:072][637]Job is a success!
[2022.04.12-09.41.27:170][638]LogVolumetricLightmapImport: Imported Volumetric Lightmap in 0.004s
[2022.04.12-09.41.27:170][638]LogVolumetricLightmapImport:      Indirection Texture 16x16x16 = 0.0Mb
[2022.04.12-09.41.27:170][638]LogVolumetricLightmapImport:      BrickData (all levels) 0.0Mb
[2022.04.12-09.41.27:170][638]LogVolumetricLightmapImport:      Bricks at depth
[2022.04.12-09.41.27:170][638]LogVolumetricLightmapImport:          0: 12.5% covering 100.0% of volume
[2022.04.12-09.41.27:170][638]LogVolumetricLightmapImport:          1: 12.5% covering 1.6% of volume
[2022.04.12-09.41.27:170][638]LogVolumetricLightmapImport:          2: 75.0% covering 0.1% of volume
[2022.04.12-09.41.27:170][638]LogVolumetricLightmapImport:      Bricks in each level
[2022.04.12-09.41.27:170][638]LogVolumetricLightmapImport:          VRTemplateMap 			 8 bricks 	 100.0% (Persistent Level)
[2022.04.12-09.41.27:433][638]LogTexture: Display: Building textures: HQ_Lightmap1_1 (OODLE_AutoDXT, 1024X1024)
[2022.04.12-09.41.27:433][638]LogTexture: Display: Building textures: LQ_Lightmap_1_1 (OODLE_DXT1, 1024X1024)
[2022.04.12-09.41.27:433][638]LogTextureFormatOodle: Display: non-RDO encode 1024 x 1024 x 1 to format OODLE_AutoDXT (Oodle OodleTex_BC3) lambda=0 effort=20 
[2022.04.12-09.41.27:433][638]LogTexture: Display: Building textures: HQ_Lightmap1_2 (OODLE_AutoDXT, 1024X1024)
[2022.04.12-09.41.27:433][638]LogTexture: Display: Building textures: LQ_Lightmap_1_2 (OODLE_DXT1, 1024X1024)
[2022.04.12-09.41.27:433][638]LogTexture: Display: Building textures: HQ_Lightmap1_3 (OODLE_AutoDXT, 1024X1024)
[2022.04.12-09.41.27:433][638]LogTextureFormatOodle: Display: non-RDO encode 1024 x 1024 x 1 to format OODLE_DXT1 (Oodle OodleTex_BC1_WithTransparency) lambda=0 effort=20 
[2022.04.12-09.41.27:433][638]LogTexture: Display: Building textures: LQ_Lightmap_1_3 (OODLE_DXT1, 1024X1024)
[2022.04.12-09.41.27:433][638]LogTexture: Display: Building textures: HQ_Lightmap1_4 (OODLE_AutoDXT, 1024X1024)
[2022.04.12-09.41.27:434][638]LogTexture: Display: Building textures: LQ_Lightmap_1_4 (OODLE_DXT1, 1024X1024)
[2022.04.12-09.41.27:434][638]LogTexture: Display: Building textures: HQ_Lightmap1_5 (OODLE_AutoDXT, 64X64)
[2022.04.12-09.41.27:434][638]LogTexture: Display: Building textures: LQ_Lightmap_1_5 (OODLE_DXT1, 64X64)
[2022.04.12-09.41.27:434][638]LogTextureFormatOodle: Display: non-RDO encode 1024 x 1024 x 1 to format OODLE_DXT1 (Oodle OodleTex_BC1_WithTransparency) lambda=0 effort=20 
[2022.04.12-09.41.27:434][638]LogTextureFormatOodle: Display: non-RDO encode 1024 x 1024 x 1 to format OODLE_AutoDXT (Oodle OodleTex_BC3) lambda=0 effort=20 
[2022.04.12-09.41.27:434][638]LogTextureFormatOodle: Display: non-RDO encode 1024 x 1024 x 1 to format OODLE_AutoDXT (Oodle OodleTex_BC3) lambda=0 effort=20 
[2022.04.12-09.41.27:434][638]LogTextureFormatOodle: Display: non-RDO encode 1024 x 1024 x 1 to format OODLE_DXT1 (Oodle OodleTex_BC1_WithTransparency) lambda=0 effort=20 
[2022.04.12-09.41.27:434][638]LogTextureFormatOodle: Display: non-RDO encode 1024 x 1024 x 1 to format OODLE_AutoDXT (Oodle OodleTex_BC3) lambda=0 effort=20 
[2022.04.12-09.41.27:434][638]LogTextureFormatOodle: Display: non-RDO encode 1024 x 1024 x 1 to format OODLE_DXT1 (Oodle OodleTex_BC1_WithTransparency) lambda=0 effort=20 
[2022.04.12-09.41.27:604][638]LogTexture: Display: Building textures: ShadowMapTexture2D_5 (G8, 32X32)
[2022.04.12-09.41.27:604][638]LogTexture: Display: Building textures: ShadowMapTexture2D_4 (BGRA8, 1024X1024)
[2022.04.12-09.41.27:604][638]Lightmass on DAVID: 4.03 sec total, 200 ms importing, 56 ms setup, 494 ms photons, 3.22 sec processing, 0 ms extra exporting [394/394 mappings]. Threads: 48.3 sec total, 21.9 sec processing.
[2022.04.12-09.41.27:610][638]LogStaticLightingSystem: VRTemplateMap_BuiltData storing lightmap data for 394 meshes in 8 LightmapResourceClusters (49.2 Meshes per cluster).
[2022.04.12-09.41.27:621][638]LogUObjectHash: Compacting FUObjectHashTables data took   0.86ms
[2022.04.12-09.41.27:660][638]LogStaticLightingSystem: Illumination: 9.26 sec (194 ms encoding lightmaps, 124 ms encoding shadowmaps)
[2022.04.12-09.41.27:660][638]LogStaticLightingSystem: Lightmap texture memory:  8.0 MB (8.0 MB streaming, 0.0 MB non-streaming), 10 textures
[2022.04.12-09.41.27:660][638]LogStaticLightingSystem: Shadowmap texture memory: 5.3 MB (5.3 MB streaming, 0.0 MB non-streaming), 2 textures
[2022.04.12-09.41.27:885][638]DumpUnbuiltLightIteractions
[2022.04.12-09.41.27:885][638]Lights with unbuilt interactions: 0
[2022.04.12-09.41.27:885][638]
[2022.04.12-09.41.27:885][638]Primitives with unbuilt interactions: 0
[2022.04.12-09.41.27:933][639]Cmd: MAP CHECK NOTIFYRESULTS
[2022.04.12-09.41.27:933][639]MapCheck: New page: VRTemplateMap - Apr 12, 2022, 1:41:27 PM
[2022.04.12-09.41.27:933][639]MapCheck: Warning: Flap2_18 Static mesh actor has NULL StaticMesh property 
[2022.04.12-09.41.27:933][639]MapCheck: Warning: Flap3_21 Static mesh actor has NULL StaticMesh property 
[2022.04.12-09.41.27:933][639]MapCheck: Warning: Flap4_24 Static mesh actor has NULL StaticMesh property 
[2022.04.12-09.41.27:933][639]MapCheck: Warning: Flap_15 Static mesh actor has NULL StaticMesh property 
[2022.04.12-09.41.27:933][639]MapCheck: Warning: newfridge_Cube2_2 Static mesh actor has NULL StaticMesh property 
[2022.04.12-09.41.27:935][639]MapCheck: Map check complete: 0 Error(s), 5 Warning(s), took 2.25ms to complete.
[2022.04.12-09.41.29:310][708]LogSlate: Window 'Message Log' being destroyed
[2022.04.12-09.41.29:313][708]LogSlate: Window 'Message Log' being destroyed
[2022.04.12-09.41.34:193][995]LogSavePackage: Moving '../../../../../../Users/dmock/Unreal projects/P8/P8ToBeAnnounced/P8_VR_Home/Saved/Component_37_0019421FB414B2DE6AB888FBC830195943F.tmp' to '../../../../../../Users/dmock/Unreal projects/P8/P8ToBeAnnounced/P8_VR_Home/Content/Marwa/ModelsNew/Component_37_001.uasset'
[2022.04.12-09.41.34:203][995]AssetCheck: New page: Asset Save: Component_37_001
[2022.04.12-09.41.34:203][995]LogContentValidation: Display: Validating StaticMesh /Game/Marwa/ModelsNew/Component_37_001.Component_37_001
[2022.04.12-09.41.36:662][140]LogSavePackage: Moving '../../../../../../Users/dmock/Unreal projects/P8/P8ToBeAnnounced/P8_VR_Home/Saved/Component_37_001833D91B44B603B06A36CFA8705C08E7D.tmp' to '../../../../../../Users/dmock/Unreal projects/P8/P8ToBeAnnounced/P8_VR_Home/Content/Marwa/ModelsNew/Component_37_001.uasset'
[2022.04.12-09.41.36:670][140]AssetCheck: New page: Asset Save: Component_37_001
[2022.04.12-09.41.36:670][140]LogContentValidation: Display: Validating StaticMesh /Game/Marwa/ModelsNew/Component_37_001.Component_37_001
[2022.04.12-09.41.41:637][432]MapCheck: New page: Map Check
[2022.04.12-09.41.41:652][432]LightingResults: New page: Lighting Build - Apr 12, 2022, 1:41:41 PM
[2022.04.12-09.41.41:659][432]LogSwarmInterface: [OpenConnection] Registering TCP channel ...
[2022.04.12-09.41.41:663][432]LogSwarmInterface: [OpenConnection] Connecting to agent ...
[2022.04.12-09.41.41:663][432]LogSwarmInterface: [TryOpenConnection] Testing the Agent
[2022.04.12-09.41.41:663][432]LogSwarmInterface: [TryOpenConnection] Opening Connection to Agent
[2022.04.12-09.41.41:663][432]LogSwarmInterface: [TryOpenConnection] Local Process ID is 12036
[2022.04.12-09.41.46:228][432]LogStaticLightingSystem: Running Lightmass w/ ImmediateImport mode ENABLED
[2022.04.12-09.41.46:228][432]LogStaticLightingSystem: Running Lightmass w/ ImmediateProcess mode ENABLED
[2022.04.12-09.41.46:228][432]LogStaticLightingSystem: Running Lightmass w/ Sorting mode ENABLED
[2022.04.12-09.41.46:228][432]LogStaticLightingSystem: Running Lightmass w/ Mapping paddings ENABLED
[2022.04.12-09.41.46:228][432]LogStaticLightingSystem: Running Lightmass w/ Mapping debug paddings DISABLED
[2022.04.12-09.41.46:305][432]LogEditorBuildUtils: Build time 0:04
[2022.04.12-09.41.46:346][433]LogUObjectHash: Compacting FUObjectHashTables data took   0.76ms
[2022.04.12-09.41.47:540][475]LightingResults: Warning: Group_660_001 Object has overlapping UVs.
[2022.04.12-09.41.47:540][475]LightingResults: Group_660_001 Lightmap UV are overlapping by 27.7%. Please adjust content - Enable Error Coloring to visualize.
[2022.04.12-09.41.47:803][487]LightingResults: Warning: Group_697_001 Object has overlapping UVs.
[2022.04.12-09.41.47:803][487]LightingResults: Group_697_001 Lightmap UV are overlapping by 93.3%. Please adjust content - Enable Error Coloring to visualize.
[2022.04.12-09.41.47:825][488]LightingResults: Warning: Group_741_001 Object has overlapping UVs.
[2022.04.12-09.41.47:825][488]LightingResults: Group_741_001 Lightmap UV are overlapping by 2.6%. Please adjust content - Enable Error Coloring to visualize.
[2022.04.12-09.41.47:851][489]LightingResults: Warning: Component_56_001 Object has overlapping UVs.
[2022.04.12-09.41.47:851][489]LightingResults: Component_56_001 Lightmap UV are overlapping by 20.9%. Please adjust content - Enable Error Coloring to visualize.
[2022.04.12-09.41.47:851][489]LightingResults: Warning: Group_847_001 Object has overlapping UVs.
[2022.04.12-09.41.47:851][489]LightingResults: Group_847_001 Lightmap UV are overlapping by 30.5%. Please adjust content - Enable Error Coloring to visualize.
[2022.04.12-09.41.48:067][499]LightingResults: Warning: Group_742_001 Object has overlapping UVs.
[2022.04.12-09.41.48:067][499]LightingResults: Group_742_001 Lightmap UV are overlapping by 9.6%. Please adjust content - Enable Error Coloring to visualize.
[2022.04.12-09.41.48:156][503]LightingResults: Warning: Group_768_001 Object has overlapping UVs.
[2022.04.12-09.41.48:156][503]LightingResults: Group_768_001 Lightmap UV are overlapping by 35.7%. Please adjust content - Enable Error Coloring to visualize.
[2022.04.12-09.41.48:432][516]LightingResults: Warning: Group_133_001 Object has overlapping UVs.
[2022.04.12-09.41.48:432][516]LightingResults: Group_133_001 Lightmap UV are overlapping by 72.8%. Please adjust content - Enable Error Coloring to visualize.
[2022.04.12-09.41.48:475][518]LightingResults: Warning: Group_598_2_001 Object has overlapping UVs.
[2022.04.12-09.41.48:475][518]LightingResults: Group_598_2_001 Lightmap UV are overlapping by 86.5%. Please adjust content - Enable Error Coloring to visualize.
[2022.04.12-09.41.48:542][521]LightingResults: Warning: Group_590_001 Object has overlapping UVs.
[2022.04.12-09.41.48:542][521]LightingResults: Group_590_001 Lightmap UV are overlapping by 59.0%. Please adjust content - Enable Error Coloring to visualize.
[2022.04.12-09.41.48:707][529]LightingResults: Warning: Group_131_001 Object has overlapping UVs.
[2022.04.12-09.41.48:707][529]LightingResults: Group_131_001 Lightmap UV are overlapping by 55.9%. Please adjust content - Enable Error Coloring to visualize.
[2022.04.12-09.41.48:773][532]LightingResults: Warning: Group_131_001 Object has overlapping UVs.
[2022.04.12-09.41.48:774][532]LightingResults: Group_131_001 Lightmap UV are overlapping by 55.9%. Please adjust content - Enable Error Coloring to visualize.
[2022.04.12-09.41.48:774][532]LightingResults: Warning: Group_764_001 Object has overlapping UVs.
[2022.04.12-09.41.48:774][532]LightingResults: Group_764_001 Lightmap UV are overlapping by 53.0%. Please adjust content - Enable Error Coloring to visualize.
[2022.04.12-09.41.48:819][534]LightingResults: Warning: Group_131_001 Object has overlapping UVs.
[2022.04.12-09.41.48:819][534]LightingResults: Group_131_001 Lightmap UV are overlapping by 55.9%. Please adjust content - Enable Error Coloring to visualize.
[2022.04.12-09.41.49:016][544]LightingResults: Warning: Group_629_001 Object has overlapping UVs.
[2022.04.12-09.41.49:016][544]LightingResults: Group_629_001 Lightmap UV are overlapping by 18.0%. Please adjust content - Enable Error Coloring to visualize.
[2022.04.12-09.41.50:009][603]Job is a success!
[2022.04.12-09.41.50:119][604]LogVolumetricLightmapImport: Imported Volumetric Lightmap in 0.004s
[2022.04.12-09.41.50:119][604]LogVolumetricLightmapImport:      Indirection Texture 16x16x16 = 0.0Mb
[2022.04.12-09.41.50:119][604]LogVolumetricLightmapImport:      BrickData (all levels) 0.0Mb
[2022.04.12-09.41.50:119][604]LogVolumetricLightmapImport:      Bricks at depth
[2022.04.12-09.41.50:119][604]LogVolumetricLightmapImport:          0: 12.5% covering 100.0% of volume
[2022.04.12-09.41.50:119][604]LogVolumetricLightmapImport:          1: 12.5% covering 1.6% of volume
[2022.04.12-09.41.50:119][604]LogVolumetricLightmapImport:          2: 75.0% covering 0.1% of volume
[2022.04.12-09.41.50:119][604]LogVolumetricLightmapImport:      Bricks in each level
[2022.04.12-09.41.50:119][604]LogVolumetricLightmapImport:          VRTemplateMap 			 8 bricks 	 100.0% (Persistent Level)
[2022.04.12-09.41.50:393][604]LogTexture: Display: Building textures: HQ_Lightmap0_1 (OODLE_AutoDXT, 1024X1024)
[2022.04.12-09.41.50:394][604]LogTexture: Display: Building textures: LQ_Lightmap_0_1 (OODLE_DXT1, 1024X1024)
[2022.04.12-09.41.50:394][604]LogTextureFormatOodle: Display: non-RDO encode 1024 x 1024 x 1 to format OODLE_AutoDXT (Oodle OodleTex_BC3) lambda=0 effort=20 
[2022.04.12-09.41.50:394][604]LogTexture: Display: Building textures: HQ_Lightmap0_2 (OODLE_AutoDXT, 1024X1024)
[2022.04.12-09.41.50:394][604]LogTexture: Display: Building textures: LQ_Lightmap_0_2 (OODLE_DXT1, 1024X1024)
[2022.04.12-09.41.50:394][604]LogTexture: Display: Building textures: HQ_Lightmap0_3 (OODLE_AutoDXT, 1024X1024)
[2022.04.12-09.41.50:394][604]LogTexture: Display: Building textures: LQ_Lightmap_0_3 (OODLE_DXT1, 1024X1024)
[2022.04.12-09.41.50:394][604]LogTextureFormatOodle: Display: non-RDO encode 1024 x 1024 x 1 to format OODLE_DXT1 (Oodle OodleTex_BC1_WithTransparency) lambda=0 effort=20 
[2022.04.12-09.41.50:394][604]LogTexture: Display: Building textures: HQ_Lightmap0_4 (OODLE_AutoDXT, 1024X1024)
[2022.04.12-09.41.50:394][604]LogTextureFormatOodle: Display: non-RDO encode 1024 x 1024 x 1 to format OODLE_AutoDXT (Oodle OodleTex_BC3) lambda=0 effort=20 
[2022.04.12-09.41.50:394][604]LogTexture: Display: Building textures: LQ_Lightmap_0_4 (OODLE_DXT1, 1024X1024)
[2022.04.12-09.41.50:394][604]LogTexture: Display: Building textures: LQ_Lightmap_0_5 (OODLE_DXT1, 64X64)
[2022.04.12-09.41.50:394][604]LogTexture: Display: Building textures: HQ_Lightmap0_5 (OODLE_AutoDXT, 64X64)
[2022.04.12-09.41.50:394][604]LogTextureFormatOodle: Display: non-RDO encode 1024 x 1024 x 1 to format OODLE_AutoDXT (Oodle OodleTex_BC3) lambda=0 effort=20 
[2022.04.12-09.41.50:394][604]LogTextureFormatOodle: Display: non-RDO encode 1024 x 1024 x 1 to format OODLE_DXT1 (Oodle OodleTex_BC1_WithTransparency) lambda=0 effort=20 
[2022.04.12-09.41.50:394][604]LogTextureFormatOodle: Display: non-RDO encode 1024 x 1024 x 1 to format OODLE_DXT1 (Oodle OodleTex_BC1_WithTransparency) lambda=0 effort=20 
[2022.04.12-09.41.50:394][604]LogTextureFormatOodle: Display: non-RDO encode 1024 x 1024 x 1 to format OODLE_AutoDXT (Oodle OodleTex_BC3) lambda=0 effort=20 
[2022.04.12-09.41.50:394][604]LogTextureFormatOodle: Display: non-RDO encode 1024 x 1024 x 1 to format OODLE_DXT1 (Oodle OodleTex_BC1_WithTransparency) lambda=0 effort=20 
[2022.04.12-09.41.50:562][604]LogTexture: Display: Building textures: ShadowMapTexture2D_7 (G8, 32X32)
[2022.04.12-09.41.50:562][604]LogTexture: Display: Building textures: ShadowMapTexture2D_6 (BGRA8, 1024X1024)
[2022.04.12-09.41.50:562][604]Lightmass on DAVID: 3.85 sec total, 193 ms importing, 35 ms setup, 486 ms photons, 3.09 sec processing, 0 ms extra exporting [394/394 mappings]. Threads: 46.4 sec total, 21.8 sec processing.
[2022.04.12-09.41.50:568][604]LogStaticLightingSystem: VRTemplateMap_BuiltData storing lightmap data for 394 meshes in 8 LightmapResourceClusters (49.2 Meshes per cluster).
[2022.04.12-09.41.50:580][604]LogUObjectHash: Compacting FUObjectHashTables data took   0.90ms
[2022.04.12-09.41.50:618][604]LogStaticLightingSystem: Illumination: 8.91 sec (210 ms encoding lightmaps, 121 ms encoding shadowmaps)
[2022.04.12-09.41.50:618][604]LogStaticLightingSystem: Lightmap texture memory:  8.0 MB (8.0 MB streaming, 0.0 MB non-streaming), 10 textures
[2022.04.12-09.41.50:618][604]LogStaticLightingSystem: Shadowmap texture memory: 5.3 MB (5.3 MB streaming, 0.0 MB non-streaming), 2 textures
[2022.04.12-09.41.51:227][604]DumpUnbuiltLightIteractions
[2022.04.12-09.41.51:227][604]Lights with unbuilt interactions: 0
[2022.04.12-09.41.51:227][604]
[2022.04.12-09.41.51:227][604]Primitives with unbuilt interactions: 0
[2022.04.12-09.41.51:274][605]Cmd: MAP CHECK NOTIFYRESULTS
[2022.04.12-09.41.51:274][605]MapCheck: New page: VRTemplateMap - Apr 12, 2022, 1:41:51 PM
[2022.04.12-09.41.51:275][605]MapCheck: Warning: Flap2_18 Static mesh actor has NULL StaticMesh property 
[2022.04.12-09.41.51:275][605]MapCheck: Warning: Flap3_21 Static mesh actor has NULL StaticMesh property 
[2022.04.12-09.41.51:275][605]MapCheck: Warning: Flap4_24 Static mesh actor has NULL StaticMesh property 
[2022.04.12-09.41.51:275][605]MapCheck: Warning: Flap_15 Static mesh actor has NULL StaticMesh property 
[2022.04.12-09.41.51:275][605]MapCheck: Warning: newfridge_Cube2_2 Static mesh actor has NULL StaticMesh property 
[2022.04.12-09.41.51:276][605]MapCheck: Map check complete: 0 Error(s), 5 Warning(s), took 1.81ms to complete.
[2022.04.12-09.41.55:309][834]LogSlate: Window 'Message Log' being destroyed
[2022.04.12-09.41.55:312][834]LogSlate: Window 'Message Log' being destroyed
[2022.04.12-09.42.13:240][908]Cmd: TRANSACTION UNDO
[2022.04.12-09.42.13:240][908]LogEditorTransaction: Undo Move Actors
[2022.04.12-09.42.22:774][468]LogEditorViewport: Clicking on Actor (LMB): StaticMeshActor (Component21_2)
[2022.04.12-09.42.23:667][519]LogEditorViewport: Clicking on Actor (LMB): StaticMeshActor (Component_323)
[2022.04.12-09.42.24:615][574]LogEditorViewport: Clicking on Actor (LMB): StaticMeshActor (Component13_2)
[2022.04.12-09.42.37:633][343]LogEditorViewport: Clicking on Actor (LMB): StaticMeshActor (Component_28)
[2022.04.12-09.42.40:597][519]LogEditorViewport: Clicking on Actor (LMB): StaticMeshActor (Component11_2)
[2022.04.12-09.42.44:094][727]Cmd: TRANSACTION UNDO
[2022.04.12-09.42.44:094][727]LogEditorTransaction: Undo Clicking on Actors
[2022.04.12-09.42.44:494][741]Cmd: TRANSACTION UNDO
[2022.04.12-09.42.44:494][741]LogEditorTransaction: Undo Move Actors
[2022.04.12-09.42.44:955][766]Cmd: TRANSACTION UNDO
[2022.04.12-09.42.44:955][766]LogEditorTransaction: Undo Clicking on Actors
[2022.04.12-09.42.45:332][785]Cmd: TRANSACTION UNDO
[2022.04.12-09.42.45:332][785]LogEditorTransaction: Undo Move Actors
[2022.04.12-09.42.48:950][  0]LogEditorViewport: Clicking on Actor (LMB): StaticMeshActor (wallOuter)
[2022.04.12-09.42.49:731][ 45]LogEditorViewport: Clicking on Actor (LMB): StaticMeshActor (Component_244)
[2022.04.12-09.44.45:274][971]LogEditorViewport: Clicking on Actor (context menu): StaticMeshActor (wallOuter)
[2022.04.12-09.44.46:187][ 22]LogEditorViewport: Clicking on Actor (LMB): StaticMeshActor (Group_590_2)
[2022.04.12-09.45.52:564][340]LogEditorViewport: Clicking on Actor (LMB): spawner_C (spawner)
[2022.04.12-09.46.59:961][106]LogAudioMixer: Warning: Changing default audio render device to new device: {0.0.0.00000000}.{f397263c-5154-4d60-9687-d69f2b540f01}.
[2022.04.12-09.47.00:289][106]LogAudioMixer: Resetting audio stream to device id 
[2022.04.12-09.47.00:300][106]LogAudioMixer: Display: 0: FrontLeft
[2022.04.12-09.47.00:300][106]LogAudioMixer: Display: 1: FrontRight
[2022.04.12-09.47.19:442][286]LogFactory: FactoryCreateFile: Texture with ReimportTextureFactory (0 0 C:\Users\dmock\Downloads\COLOURBOX8222527.jpg)
[2022.04.12-09.47.19:503][286]LogTexture: Display: Building textures: COLOURBOX8222527 (BGRA8, 4242X2828)
[2022.04.12-09.47.19:776][286]LogFactory: FactoryCreateFile: Texture with ReimportTextureFactory (0 0 C:\Users\dmock\Downloads\COLOURBOX8023224.jpg)
[2022.04.12-09.47.20:007][286]LogTexture: Display: Building textures: COLOURBOX8023224 (OODLE_AutoDXT, 6000X6000)
[2022.04.12-09.47.21:282][286]LogTextureFormatOodle: Display: non-RDO encode 6000 x 6000 x 1 to format OODLE_AutoDXT (Oodle OodleTex_BC1_WithTransparency) lambda=0 effort=20 
[2022.04.12-09.47.21:338][286]LogFactory: FactoryCreateFile: Texture with ReimportTextureFactory (0 0 C:\Users\dmock\Downloads\COLOURBOX5055723.jpg)
[2022.04.12-09.47.21:410][286]LogTexture: Display: Building textures: COLOURBOX5055723 (BGRA8, 2551X2592)
[2022.04.12-09.47.54:207][191]LogSavePackage: Moving '../../../../../../Users/dmock/Unreal projects/P8/P8ToBeAnnounced/P8_VR_Home/Saved/COLOURBOX505572344E630FF4A16132584B045B62A658383.tmp' to '../../../../../../Users/dmock/Unreal projects/P8/P8ToBeAnnounced/P8_VR_Home/Content/ScriptsBluePrints/CoalSpawner/PileOfCOal/COLOURBOX5055723.uasset'
[2022.04.12-09.47.56:188][191]LogSavePackage: Moving '../../../../../../Users/dmock/Unreal projects/P8/P8ToBeAnnounced/P8_VR_Home/Saved/COLOURBOX8023224970A05244793460706CFAA9439B063FF.tmp' to '../../../../../../Users/dmock/Unreal projects/P8/P8ToBeAnnounced/P8_VR_Home/Content/ScriptsBluePrints/CoalSpawner/PileOfCOal/COLOURBOX8023224.uasset'
[2022.04.12-09.47.56:404][191]LogSavePackage: Moving '../../../../../../Users/dmock/Unreal projects/P8/P8ToBeAnnounced/P8_VR_Home/Saved/COLOURBOX8222527BD8583F74621EF7A8987749C92417496.tmp' to '../../../../../../Users/dmock/Unreal projects/P8/P8ToBeAnnounced/P8_VR_Home/Content/ScriptsBluePrints/CoalSpawner/PileOfCOal/COLOURBOX8222527.uasset'
[2022.04.12-09.47.56:461][191]LogUObjectHash: Compacting FUObjectHashTables data took   0.84ms
[2022.04.12-09.47.56:468][191]LogUObjectHash: Compacting FUObjectHashTables data took   0.34ms
[2022.04.12-09.47.56:472][191]LogUObjectHash: Compacting FUObjectHashTables data took   0.30ms
[2022.04.12-09.47.56:485][191]LogUObjectHash: Compacting FUObjectHashTables data took   0.77ms
[2022.04.12-09.47.56:490][191]LogUObjectHash: Compacting FUObjectHashTables data took   0.33ms
[2022.04.12-09.47.56:551][191]AssetCheck: New page: Asset Save: multiple assets
[2022.04.12-09.47.56:551][191]LogContentValidation: Display: Validating Texture2D /Game/ScriptsBluePrints/CoalSpawner/PileOfCOal/COLOURBOX5055723.COLOURBOX5055723
[2022.04.12-09.47.56:551][191]LogContentValidation: Display: Validating Texture2D /Game/ScriptsBluePrints/CoalSpawner/PileOfCOal/COLOURBOX8023224.COLOURBOX8023224
[2022.04.12-09.47.56:551][191]LogContentValidation: Display: Validating Texture2D /Game/ScriptsBluePrints/CoalSpawner/PileOfCOal/COLOURBOX8222527.COLOURBOX8222527
[2022.04.12-09.48.06:549][785]LogAssetEditorSubsystem: Opening Asset editor for Material /Game/ScriptsBluePrints/CoalSpawner/PileOfCOal/material0.material0
[2022.04.12-09.48.06:550][785]LogMaterial: Display: Missing cached shadermap for material0 in PCD3D_SM5, Default, SM5 (DDC key hash: 3365A70D7D2DE23AA6B1662BFAD9194DBCEE4591), compiling. 
[2022.04.12-09.48.06:572][785]LogShaderCompilers: Display: Submitted 12 shader compile jobs with 'Normal' priority
[2022.04.12-09.48.06:616][785]LogMaterial: Display: Missing cached shadermap for material0 in PCD3D_SM5, Default, SM5 (DDC key hash: 1769190718DE74E5FBDFB9B512F835CDB2123B4E), compiling. 
[2022.04.12-09.48.06:617][785]LogMaterial: Display: Missing cached shadermap for material0 in PCD3D_SM5, Default, SM5 (DDC key hash: C7651D1B7278E4CFA5E61E63DD10572719000A14), compiling. 
[2022.04.12-09.48.06:619][785]LogMaterial: Display: Missing cached shadermap for FMatExpressionPreview MaterialExpressionTextureSample_0 in PCD3D_SM5, Default, SM5 (DDC key hash: 35E1C8A010E4070F593A0D645FA450225E9EBC92), compiling. 
[2022.04.12-09.48.06:620][785]LogMaterial: Display: Missing cached shadermap for FMatExpressionPreview MaterialExpressionTextureSample_1 in PCD3D_SM5, Default, SM5 (DDC key hash: 8346B68D2F9C0296F2EA718F3C394766DA24FE6B), compiling. 
[2022.04.12-09.48.06:636][785]MaterialEditorStats: Texture samplers: 0/16
[2022.04.12-09.48.06:636][785]MaterialEditorStats: Texture Lookups (Est.): VS(0), PS(2)
[2022.04.12-09.48.06:636][785]MaterialEditorStats: User interpolators: 2/4 Scalars (1/4 Vectors) (TexCoords: 2, Custom: 0)
[2022.04.12-09.48.06:643][785]LogSlate: Took 0.000172 seconds to synchronously load lazily loaded font '../../../Engine/Content/Slate/Fonts/Roboto-BoldCondensed.ttf' (158K)
[2022.04.12-09.48.06:703][786]LogShaderCompilers: Display: Submitted 2 shader compile jobs with 'ForceLocal' priority
[2022.04.12-09.48.06:703][786]LogShaderCompilers: Display: Worker (1/13): shaders left to compile 2
[2022.04.12-09.48.06:703][786]LogShaderCompilers: Display: Worker (2/13): shaders left to compile 1
[2022.04.12-09.48.06:703][786]LogShaderCompilers: Display: Started 2 'Local' shader compile jobs with 'ForceLocal' priority
[2022.04.12-09.48.06:704][786]LogShaderCompilers: Display: Submitted 10 shader compile jobs with 'Normal' priority
[2022.04.12-09.48.06:704][786]LogShaderCompilers: Display: Worker (3/13): shaders left to compile 10
[2022.04.12-09.48.06:704][786]LogShaderCompilers: Display: Worker (4/13): shaders left to compile 9
[2022.04.12-09.48.06:704][786]LogShaderCompilers: Display: Worker (5/13): shaders left to compile 8
[2022.04.12-09.48.06:704][786]LogShaderCompilers: Display: Worker (6/13): shaders left to compile 7
[2022.04.12-09.48.06:704][786]LogShaderCompilers: Display: Worker (7/13): shaders left to compile 6
[2022.04.12-09.48.06:704][786]LogShaderCompilers: Display: Worker (8/13): shaders left to compile 5
[2022.04.12-09.48.06:704][786]LogShaderCompilers: Display: Worker (9/13): shaders left to compile 4
[2022.04.12-09.48.06:704][786]LogShaderCompilers: Display: Worker (10/13): shaders left to compile 3
[2022.04.12-09.48.06:704][786]LogShaderCompilers: Display: Worker (11/13): shaders left to compile 2
[2022.04.12-09.48.06:704][786]LogShaderCompilers: Display: Worker (12/13): shaders left to compile 1
[2022.04.12-09.48.06:704][786]LogShaderCompilers: Display: Started 10 'Local' shader compile jobs with 'Normal' priority
[2022.04.12-09.48.06:718][787]LogShaderCompilers: Display: Submitted 2 shader compile jobs with 'ForceLocal' priority
[2022.04.12-09.48.08:506][834]LogShaderCompilers: Display: Worker (2/13): shaders left to compile 2
[2022.04.12-09.48.08:506][834]LogShaderCompilers: Display: Started 1 'Local' shader compile jobs with 'ForceLocal' priority
[2022.04.12-09.48.08:532][834]LogShaderCompilers: Display: === FShaderJobCache stats ===
[2022.04.12-09.48.08:532][834]LogShaderCompilers: Display: Total job queries 26, among them cache hits 0 (0.00%)
[2022.04.12-09.48.08:532][834]LogShaderCompilers: Display: Tracking 1 distinct input hashes that result in 1 distinct outputs (100.00%)
[2022.04.12-09.48.08:532][834]LogShaderCompilers: Display: RAM used: 0.01 MB (0.00 GB) of 819.20 MB (0.80 GB) budget. Usage: 0.00%
[2022.04.12-09.48.08:532][834]LogShaderCompilers: Display: ================================================
[2022.04.12-09.48.08:533][834]MaterialEditorStats: Texture samplers: 2/16
[2022.04.12-09.48.08:534][834]MaterialEditorStats: Texture Lookups (Est.): VS(0), PS(2)
[2022.04.12-09.48.08:534][834]MaterialEditorStats: User interpolators: 2/4 Scalars (1/4 Vectors) (TexCoords: 2, Custom: 0)
[2022.04.12-09.48.08:699][837]LogShaderCompilers: Display: Worker (5/13): shaders left to compile 1
[2022.04.12-09.48.08:699][837]LogShaderCompilers: Display: Started 1 'Local' shader compile jobs with 'ForceLocal' priority
[2022.04.12-09.48.08:855][838]LogAssetEditorSubsystem: Opening Asset editor for Material /Game/ScriptsBluePrints/CoalSpawner/PileOfCOal/material1.material1
[2022.04.12-09.48.08:859][838]LogMaterial: Display: Missing cached shadermap for material1 in PCD3D_SM5, Default, SM5 (DDC key hash: 7DC1E7940918333D46FB2BDA97C7EA25C67610E3), compiling. 
[2022.04.12-09.48.08:886][838]LogShaderCompilers: Display: Submitted 12 shader compile jobs with 'Normal' priority
[2022.04.12-09.48.08:892][838]LogShaderCompilers: Display: Worker (9/13): shaders left to compile 12
[2022.04.12-09.48.08:893][838]LogShaderCompilers: Display: Started 2 'Local' shader compile jobs with 'Normal' priority
[2022.04.12-09.48.09:055][838]LogMaterial: Display: Missing cached shadermap for material1 in PCD3D_SM5, Default, SM5 (DDC key hash: 925D5832890BF31FF165BD3E505947A54EFEF2D4), compiling. 
[2022.04.12-09.48.09:062][838]LogMaterial: Display: Missing cached shadermap for material1 in PCD3D_SM5, Default, SM5 (DDC key hash: 0E33B879029681058251E59F5638823E51E95F2B), compiling. 
[2022.04.12-09.48.09:069][838]LogMaterial: Display: Missing cached shadermap for FMatExpressionPreview MaterialExpressionTextureSample_0 in PCD3D_SM5, Default, SM5 (DDC key hash: 415BB013351601A1CCE0876AA6C97C71428E5A9B), compiling. 
[2022.04.12-09.48.09:073][838]LogMaterial: Display: Missing cached shadermap for FMatExpressionPreview MaterialExpressionTextureSample_1 in PCD3D_SM5, Default, SM5 (DDC key hash: EE6B1E34FC61FA28D52C344F148D3795362DA0B4), compiling. 
[2022.04.12-09.48.09:146][838]MaterialEditorStats: Texture samplers: 0/16
[2022.04.12-09.48.09:146][838]MaterialEditorStats: Texture Lookups (Est.): VS(0), PS(2)
[2022.04.12-09.48.09:146][838]MaterialEditorStats: User interpolators: 2/4 Scalars (1/4 Vectors) (TexCoords: 2, Custom: 0)
[2022.04.12-09.48.09:419][839]LogShaderCompilers: Display: Submitted 1 shader compile jobs with 'ForceLocal' priority
[2022.04.12-09.48.09:419][839]LogShaderCompilers: Display: Worker (3/13): shaders left to compile 1
[2022.04.12-09.48.09:419][839]LogShaderCompilers: Display: Started 1 'Local' shader compile jobs with 'ForceLocal' priority
[2022.04.12-09.48.09:419][839]LogShaderCompilers: Display: Submitted 9 shader compile jobs with 'Normal' priority
[2022.04.12-09.48.10:094][855]LogShaderCompilers: Display: Worker (5/13): shaders left to compile 9
[2022.04.12-09.48.10:095][855]LogShaderCompilers: Display: Started 1 'Local' shader compile jobs with 'Normal' priority
[2022.04.12-09.48.10:165][857]LogShaderCompilers: Display: Worker (2/13): shaders left to compile 8
[2022.04.12-09.48.10:166][857]LogShaderCompilers: Display: Started 1 'Local' shader compile jobs with 'Normal' priority
[2022.04.12-09.48.11:302][878]MaterialEditorStats: Texture samplers: 2/16
[2022.04.12-09.48.11:302][878]MaterialEditorStats: Texture Lookups (Est.): VS(0), PS(2)
[2022.04.12-09.48.11:302][878]MaterialEditorStats: User interpolators: 2/4 Scalars (1/4 Vectors) (TexCoords: 2, Custom: 0)
[2022.04.12-09.48.11:331][879]LogShaderCompilers: Display: Worker (9/13): shaders left to compile 7
[2022.04.12-09.48.11:332][879]LogShaderCompilers: Display: Started 1 'Local' shader compile jobs with 'Normal' priority
[2022.04.12-09.48.11:333][879]LogShaderCompilers: Display: Worker (2/13): shaders left to compile 6
[2022.04.12-09.48.11:333][879]LogShaderCompilers: Display: Started 1 'Local' shader compile jobs with 'Normal' priority
[2022.04.12-09.48.11:705][885]LogAssetEditorSubsystem: Opening Asset editor for Material /Game/ScriptsBluePrints/CoalSpawner/PileOfCOal/material2.material2
[2022.04.12-09.48.11:708][885]LogMaterial: Display: Missing cached shadermap for material2 in PCD3D_SM5, Default, SM5 (DDC key hash: 0C1C4C20F840FB3A3EF99CB6B0BB75CB30EB381A), compiling. 
[2022.04.12-09.48.11:730][885]LogShaderCompilers: Display: Submitted 12 shader compile jobs with 'Normal' priority
[2022.04.12-09.48.11:879][885]LogMaterial: Display: Missing cached shadermap for material2 in PCD3D_SM5, Default, SM5 (DDC key hash: E9D9E2F8D0922CD4589A96853C90C1CC066AB19F), compiling. 
[2022.04.12-09.48.11:885][885]LogMaterial: Display: Missing cached shadermap for material2 in PCD3D_SM5, Default, SM5 (DDC key hash: CAE95D6659F8F620637D78DF0E71469174D740F9), compiling. 
[2022.04.12-09.48.11:892][885]LogMaterial: Display: Missing cached shadermap for FMatExpressionPreview MaterialExpressionTextureSample_0 in PCD3D_SM5, Default, SM5 (DDC key hash: 9579AD7CBE6A5448020D293B46E4DAA14218E389), compiling. 
[2022.04.12-09.48.11:895][885]LogMaterial: Display: Missing cached shadermap for FMatExpressionPreview MaterialExpressionTextureSample_1 in PCD3D_SM5, Default, SM5 (DDC key hash: E20012C9EBB43286D026A0337C1289A21A0ED6D2), compiling. 
[2022.04.12-09.48.11:948][885]MaterialEditorStats: Texture samplers: 0/16
[2022.04.12-09.48.11:948][885]MaterialEditorStats: Texture Lookups (Est.): VS(0), PS(2)
[2022.04.12-09.48.11:948][885]MaterialEditorStats: User interpolators: 2/4 Scalars (1/4 Vectors) (TexCoords: 2, Custom: 0)
[2022.04.12-09.48.12:121][886]LogShaderCompilers: Display: Submitted 2 shader compile jobs with 'ForceLocal' priority
[2022.04.12-09.48.12:121][886]LogShaderCompilers: Display: Submitted 10 shader compile jobs with 'Normal' priority
[2022.04.12-09.48.14:753][937]LogShaderCompilers: Display: Submitted 2 shader compile jobs with 'ForceLocal' priority
[2022.04.12-09.48.19:208][119]LogShaderCompilers: Display: Worker (4/13): shaders left to compile 4
[2022.04.12-09.48.19:208][119]LogShaderCompilers: Display: Started 1 'Local' shader compile jobs with 'ForceLocal' priority
[2022.04.12-09.48.19:213][119]MaterialEditorStats: Texture samplers: 5/16
[2022.04.12-09.48.19:213][119]MaterialEditorStats: Texture Lookups (Est.): VS(0), PS(2)
[2022.04.12-09.48.19:213][119]MaterialEditorStats: User interpolators: 2/4 Scalars (1/4 Vectors) (TexCoords: 2, Custom: 0)
[2022.04.12-09.48.19:264][121]LogShaderCompilers: Display: Worker (1/13): shaders left to compile 3
[2022.04.12-09.48.19:264][121]LogShaderCompilers: Display: Started 1 'Local' shader compile jobs with 'ForceLocal' priority
[2022.04.12-09.48.19:300][122]MaterialEditorStats: Texture samplers: 6/16
[2022.04.12-09.48.19:300][122]MaterialEditorStats: Texture Lookups (Est.): VS(0), PS(2)
[2022.04.12-09.48.19:300][122]MaterialEditorStats: User interpolators: 2/4 Scalars (1/4 Vectors) (TexCoords: 2, Custom: 0)
[2022.04.12-09.48.19:496][125]LogShaderCompilers: Display: Worker (11/13): shaders left to compile 2
[2022.04.12-09.48.19:496][125]LogShaderCompilers: Display: Started 1 'Local' shader compile jobs with 'ForceLocal' priority
[2022.04.12-09.48.19:651][129]LogShaderCompilers: Display: Worker (10/13): shaders left to compile 1
[2022.04.12-09.48.19:651][129]LogShaderCompilers: Display: Started 1 'Local' shader compile jobs with 'ForceLocal' priority
[2022.04.12-09.48.19:651][129]LogShaderCompilers: Display: Worker (7/13): shaders left to compile 15
[2022.04.12-09.48.19:651][129]LogShaderCompilers: Display: Started 2 'Local' shader compile jobs with 'Normal' priority
[2022.04.12-09.48.20:113][142]LogShaderCompilers: Display: Worker (12/13): shaders left to compile 13
[2022.04.12-09.48.20:113][142]LogShaderCompilers: Display: Started 2 'Local' shader compile jobs with 'Normal' priority
[2022.04.12-09.48.20:141][143]LogShaderCompilers: Display: Worker (1/13): shaders left to compile 11
[2022.04.12-09.48.20:141][143]LogShaderCompilers: Display: Started 1 'Local' shader compile jobs with 'Normal' priority
[2022.04.12-09.48.20:219][145]LogShaderCompilers: Display: Worker (4/13): shaders left to compile 10
[2022.04.12-09.48.20:219][145]LogShaderCompilers: Display: Started 1 'Local' shader compile jobs with 'Normal' priority
[2022.04.12-09.48.20:611][154]LogShaderCompilers: Display: Worker (10/13): shaders left to compile 9
[2022.04.12-09.48.20:612][154]LogShaderCompilers: Display: Started 1 'Local' shader compile jobs with 'Normal' priority
[2022.04.12-09.48.20:680][155]MaterialEditorStats: Texture samplers: 2/16
[2022.04.12-09.48.20:680][155]MaterialEditorStats: Texture Lookups (Est.): VS(0), PS(2)
[2022.04.12-09.48.20:680][155]MaterialEditorStats: User interpolators: 2/4 Scalars (1/4 Vectors) (TexCoords: 2, Custom: 0)
[2022.04.12-09.48.20:704][156]LogShaderCompilers: Display: Worker (8/13): shaders left to compile 8
[2022.04.12-09.48.20:704][156]LogShaderCompilers: Display: Started 1 'Local' shader compile jobs with 'Normal' priority
[2022.04.12-09.48.20:830][158]MaterialEditorStats: Texture samplers: 7/16
[2022.04.12-09.48.20:831][158]MaterialEditorStats: Texture Lookups (Est.): VS(0), PS(2)
[2022.04.12-09.48.20:831][158]MaterialEditorStats: User interpolators: 2/4 Scalars (1/4 Vectors) (TexCoords: 2, Custom: 0)
[2022.04.12-09.48.20:972][161]LogShaderCompilers: Display: Worker (6/13): shaders left to compile 7
[2022.04.12-09.48.20:973][161]LogShaderCompilers: Display: Started 1 'Local' shader compile jobs with 'Normal' priority
[2022.04.12-09.48.21:061][162]MaterialEditorStats: Base pass shader: 800 instructions
[2022.04.12-09.48.21:061][162]MaterialEditorStats: Base pass shader with Surface Lightmap: 822 instructions
[2022.04.12-09.48.21:061][162]MaterialEditorStats: Base pass shader with Volumetric Lightmap: 867 instructions
[2022.04.12-09.48.21:061][162]MaterialEditorStats: Base pass vertex shader: 271 instructions
[2022.04.12-09.48.21:061][162]MaterialEditorStats: Texture samplers: 7/16
[2022.04.12-09.48.21:062][162]MaterialEditorStats: Texture Lookups (Est.): VS(0), PS(2)
[2022.04.12-09.48.21:062][162]MaterialEditorStats: User interpolators: 2/4 Scalars (1/4 Vectors) (TexCoords: 2, Custom: 0)
[2022.04.12-09.48.22:394][188]LogShaderCompilers: Display: Worker (10/13): shaders left to compile 6
[2022.04.12-09.48.22:394][188]LogShaderCompilers: Display: Started 1 'Local' shader compile jobs with 'Normal' priority
[2022.04.12-09.48.22:686][193]LogShaderCompilers: Display: Worker (3/13): shaders left to compile 5
[2022.04.12-09.48.22:686][193]LogShaderCompilers: Display: Started 1 'Local' shader compile jobs with 'Normal' priority
[2022.04.12-09.48.22:706][193]MaterialEditorStats: Texture samplers: 6/16
[2022.04.12-09.48.22:707][193]MaterialEditorStats: Texture Lookups (Est.): VS(0), PS(2)
[2022.04.12-09.48.22:708][193]MaterialEditorStats: User interpolators: 2/4 Scalars (1/4 Vectors) (TexCoords: 2, Custom: 0)
[2022.04.12-09.48.23:845][216]LogShaderCompilers: Display: Worker (5/13): shaders left to compile 4
[2022.04.12-09.48.23:845][216]LogShaderCompilers: Display: Started 1 'Local' shader compile jobs with 'Normal' priority
[2022.04.12-09.48.25:127][251]LogShaderCompilers: Display: Worker (9/13): shaders left to compile 3
[2022.04.12-09.48.25:127][251]LogShaderCompilers: Display: Started 1 'Local' shader compile jobs with 'Normal' priority
[2022.04.12-09.48.25:183][253]LogShaderCompilers: Display: Worker (2/13): shaders left to compile 2
[2022.04.12-09.48.25:183][253]LogShaderCompilers: Display: Started 1 'Local' shader compile jobs with 'Normal' priority
[2022.04.12-09.48.25:400][259]LogShaderCompilers: Display: Worker (5/13): shaders left to compile 1
[2022.04.12-09.48.25:400][259]LogShaderCompilers: Display: Started 1 'Local' shader compile jobs with 'Normal' priority
[2022.04.12-09.48.32:174][439]LogWorld: UWorld::CleanupWorld for World_9, bSessionEnded=true, bCleanupResources=true
[2022.04.12-09.48.32:175][439]LogSlate: InvalidateAllWidgets triggered.  All widgets were invalidated
[2022.04.12-09.48.33:000][474]MaterialEditorStats: Texture samplers: 5/16
[2022.04.12-09.48.33:000][474]MaterialEditorStats: Texture Lookups (Est.): VS(0), PS(2)
[2022.04.12-09.48.33:000][474]MaterialEditorStats: User interpolators: 2/4 Scalars (1/4 Vectors) (TexCoords: 2, Custom: 0)
[2022.04.12-09.48.33:248][486]MaterialEditorStats: Texture samplers: 6/16
[2022.04.12-09.48.33:249][486]MaterialEditorStats: Texture Lookups (Est.): VS(0), PS(2)
[2022.04.12-09.48.33:249][486]MaterialEditorStats: User interpolators: 2/4 Scalars (1/4 Vectors) (TexCoords: 2, Custom: 0)
[2022.04.12-09.48.34:713][566]MaterialEditorStats: Texture samplers: 7/16
[2022.04.12-09.48.34:713][566]MaterialEditorStats: Texture Lookups (Est.): VS(0), PS(2)
[2022.04.12-09.48.34:713][566]MaterialEditorStats: User interpolators: 2/4 Scalars (1/4 Vectors) (TexCoords: 2, Custom: 0)
[2022.04.12-09.48.34:832][573]MaterialEditorStats: Base pass shader: 800 instructions
[2022.04.12-09.48.34:832][573]MaterialEditorStats: Base pass shader with Surface Lightmap: 822 instructions
[2022.04.12-09.48.34:832][573]MaterialEditorStats: Base pass shader with Volumetric Lightmap: 867 instructions
[2022.04.12-09.48.34:832][573]MaterialEditorStats: Base pass vertex shader: 271 instructions
[2022.04.12-09.48.34:832][573]MaterialEditorStats: Texture samplers: 7/16
[2022.04.12-09.48.34:832][573]MaterialEditorStats: Texture Lookups (Est.): VS(0), PS(2)
[2022.04.12-09.48.34:832][573]MaterialEditorStats: User interpolators: 2/4 Scalars (1/4 Vectors) (TexCoords: 2, Custom: 0)
[2022.04.12-09.48.34:881][576]MaterialEditorStats: Texture samplers: 7/16
[2022.04.12-09.48.34:882][576]MaterialEditorStats: Texture Lookups (Est.): VS(0), PS(2)
[2022.04.12-09.48.34:882][576]MaterialEditorStats: User interpolators: 2/4 Scalars (1/4 Vectors) (TexCoords: 2, Custom: 0)
[2022.04.12-09.48.35:331][603]MaterialEditorStats: Base pass shader: 800 instructions
[2022.04.12-09.48.35:331][603]MaterialEditorStats: Base pass shader with Surface Lightmap: 822 instructions
[2022.04.12-09.48.35:331][603]MaterialEditorStats: Base pass shader with Volumetric Lightmap: 867 instructions
[2022.04.12-09.48.35:331][603]MaterialEditorStats: Base pass vertex shader: 271 instructions
[2022.04.12-09.48.35:331][603]MaterialEditorStats: Texture samplers: 7/16
[2022.04.12-09.48.35:331][603]MaterialEditorStats: Texture Lookups (Est.): VS(0), PS(2)
[2022.04.12-09.48.35:332][603]MaterialEditorStats: User interpolators: 2/4 Scalars (1/4 Vectors) (TexCoords: 2, Custom: 0)
[2022.04.12-09.48.42:810][ 46]LogMaterial: Display: Missing cached shadermap for material0 in PCD3D_SM5, Default, SM5 (DDC key hash: E198CAD62B402091D5237F14735A7AF6FCA9B698), compiling. 
[2022.04.12-09.48.42:811][ 46]LogMaterial: Display: Missing cached shadermap for FMatExpressionPreview MaterialExpressionTextureSample_0 in PCD3D_SM5, Default, SM5 (DDC key hash: E1981E8E08C1D582FE2FF23285EFB7CC479AB250), compiling. 
[2022.04.12-09.48.42:813][ 46]LogMaterial: Display: Missing cached shadermap for material0 in PCD3D_SM5, Default, SM5 (DDC key hash: E01070381EFA89C64BAFC65B99A2D7A40374E663), compiling. 
[2022.04.12-09.48.42:816][ 46]MaterialEditorStats: Texture samplers: 0/16
[2022.04.12-09.48.42:816][ 46]MaterialEditorStats: Texture Lookups (Est.): VS(0), PS(2)
[2022.04.12-09.48.42:816][ 46]MaterialEditorStats: User interpolators: 2/4 Scalars (1/4 Vectors) (TexCoords: 2, Custom: 0)
[2022.04.12-09.48.42:857][ 47]MaterialEditorStats: Base pass shader: 800 instructions
[2022.04.12-09.48.42:857][ 47]MaterialEditorStats: Base pass shader with Surface Lightmap: 822 instructions
[2022.04.12-09.48.42:857][ 47]MaterialEditorStats: Base pass shader with Volumetric Lightmap: 867 instructions
[2022.04.12-09.48.42:857][ 47]MaterialEditorStats: Base pass vertex shader: 271 instructions
[2022.04.12-09.48.42:857][ 47]MaterialEditorStats: Texture samplers: 7/16
[2022.04.12-09.48.42:857][ 47]MaterialEditorStats: Texture Lookups (Est.): VS(0), PS(2)
[2022.04.12-09.48.42:857][ 47]MaterialEditorStats: User interpolators: 2/4 Scalars (1/4 Vectors) (TexCoords: 2, Custom: 0)
[2022.04.12-09.48.52:490][624]LogMaterialEditor: Applying material material0
[2022.04.12-09.48.52:717][624]LogMaterial: Display: Missing cached shadermap for material0 in PCD3D_SM5, Default, SM5 (DDC key hash: CC794FF0CA80A97727BED116F1C16DB1E80F48FB), compiling. 
[2022.04.12-09.48.52:739][624]LogMaterial: Display: Missing cached shadermap for material0 in PCD3D_SM5, Default, SM5 (DDC key hash: BAB4778E89518721BB2F0B73A550CBB17EFFB78B), compiling. 
[2022.04.12-09.48.52:789][624]LogShaderCompilers: Display: Submitted 13 shader compile jobs with 'Normal' priority
[2022.04.12-09.48.52:799][624]LogShaderCompilers: Display: Worker (1/13): shaders left to compile 13
[2022.04.12-09.48.52:799][624]LogShaderCompilers: Display: Worker (2/13): shaders left to compile 11
[2022.04.12-09.48.52:799][624]LogShaderCompilers: Display: Worker (3/13): shaders left to compile 9
[2022.04.12-09.48.52:799][624]LogShaderCompilers: Display: Worker (4/13): shaders left to compile 7
[2022.04.12-09.48.52:799][624]LogShaderCompilers: Display: Worker (5/13): shaders left to compile 5
[2022.04.12-09.48.52:799][624]LogShaderCompilers: Display: Worker (6/13): shaders left to compile 3
[2022.04.12-09.48.52:799][624]LogShaderCompilers: Display: Worker (7/13): shaders left to compile 1
[2022.04.12-09.48.52:799][624]LogShaderCompilers: Display: Started 13 'Local' shader compile jobs with 'Normal' priority
[2022.04.12-09.48.52:801][624]LogUObjectHash: Compacting FUObjectHashTables data took   0.91ms
[2022.04.12-09.48.53:285][624]LogUObjectHash: Compacting FUObjectHashTables data took   1.77ms
[2022.04.12-09.48.53:312][624]MaterialEditorStats: Texture samplers: 7/16
[2022.04.12-09.48.53:312][624]MaterialEditorStats: Texture Lookups (Est.): VS(0), PS(2)
[2022.04.12-09.48.53:312][624]MaterialEditorStats: User interpolators: 2/4 Scalars (1/4 Vectors) (TexCoords: 2, Custom: 0)
[2022.04.12-09.49.00:427][ 22]MaterialEditorStats: Base pass shader: 800 instructions
[2022.04.12-09.49.00:427][ 22]MaterialEditorStats: Base pass shader with Surface Lightmap: 822 instructions
[2022.04.12-09.49.00:427][ 22]MaterialEditorStats: Base pass shader with Volumetric Lightmap: 867 instructions
[2022.04.12-09.49.00:427][ 22]MaterialEditorStats: Base pass vertex shader: 271 instructions
[2022.04.12-09.49.00:427][ 22]MaterialEditorStats: Texture samplers: 7/16
[2022.04.12-09.49.00:427][ 22]MaterialEditorStats: Texture Lookups (Est.): VS(0), PS(2)
[2022.04.12-09.49.00:427][ 22]MaterialEditorStats: User interpolators: 2/4 Scalars (1/4 Vectors) (TexCoords: 2, Custom: 0)
[2022.04.12-09.49.05:249][307]LogMaterial: Display: Missing cached shadermap for material0 in PCD3D_SM5, Default, SM5 (DDC key hash: D93647126C495A5FB89193393BEF553904F69A75), compiling. 
[2022.04.12-09.49.05:250][307]LogMaterial: Display: Missing cached shadermap for FMatExpressionPreview MaterialExpressionTextureSample_0 in PCD3D_SM5, Default, SM5 (DDC key hash: 53569429BEAD828C4DD229CCD9B44CFA96C63D23), compiling. 
[2022.04.12-09.49.05:252][307]LogMaterial: Display: Missing cached shadermap for material0 in PCD3D_SM5, Default, SM5 (DDC key hash: 4F469201D57487167B5960DE96BB17BEC32D1313), compiling. 
[2022.04.12-09.49.05:255][307]MaterialEditorStats: Texture samplers: 0/16
[2022.04.12-09.49.05:255][307]MaterialEditorStats: Texture Lookups (Est.): VS(0), PS(2)
[2022.04.12-09.49.05:255][307]MaterialEditorStats: User interpolators: 2/4 Scalars (1/4 Vectors) (TexCoords: 2, Custom: 0)
[2022.04.12-09.49.05:291][308]MaterialEditorStats: Base pass shader: 800 instructions
[2022.04.12-09.49.05:291][308]MaterialEditorStats: Base pass shader with Surface Lightmap: 822 instructions
[2022.04.12-09.49.05:291][308]MaterialEditorStats: Base pass shader with Volumetric Lightmap: 867 instructions
[2022.04.12-09.49.05:291][308]MaterialEditorStats: Base pass vertex shader: 271 instructions
[2022.04.12-09.49.05:291][308]MaterialEditorStats: Texture samplers: 7/16
[2022.04.12-09.49.05:291][308]MaterialEditorStats: Texture Lookups (Est.): VS(0), PS(2)
[2022.04.12-09.49.05:291][308]MaterialEditorStats: User interpolators: 2/4 Scalars (1/4 Vectors) (TexCoords: 2, Custom: 0)
[2022.04.12-09.49.07:682][452]LogMaterialEditor: Applying material material0
[2022.04.12-09.49.07:904][452]LogMaterial: Display: Missing cached shadermap for material0 in PCD3D_SM5, Default, SM5 (DDC key hash: 715292437AF154BF3BC547A9738A6E6829C4FAC0), compiling. 
[2022.04.12-09.49.07:922][452]LogMaterial: Display: Missing cached shadermap for material0 in PCD3D_SM5, Default, SM5 (DDC key hash: 5CE4A37EB3C250A688B6B512AA22EA2E1991AFCB), compiling. 
[2022.04.12-09.49.07:931][452]LogUObjectHash: Compacting FUObjectHashTables data took   0.39ms
[2022.04.12-09.49.08:095][452]LogUObjectHash: Compacting FUObjectHashTables data took   0.31ms
[2022.04.12-09.49.17:988][ 44]LogRenderer: Reallocating scene render targets to support 1904x1108 Format 10 NumSamples 4 (Frame:34190).
[2022.04.12-09.49.20:648][198]LogMaterial: Display: Missing cached shadermap for material0 in PCD3D_SM5, Default, SM5 (DDC key hash: CF1CE4F848DFCDFFF8D6CF292B08CF964C599851), compiling. 
[2022.04.12-09.49.20:651][198]LogMaterial: Display: Missing cached shadermap for FMatExpressionPreview MaterialExpressionTextureSample_0 in PCD3D_SM5, Default, SM5 (DDC key hash: 17B2F06D2028B65615BA92AF52C71DF7042660F8), compiling. 
[2022.04.12-09.49.20:653][198]LogMaterial: Display: Missing cached shadermap for material0 in PCD3D_SM5, Default, SM5 (DDC key hash: F4E7F2DCB2324C3125EFC1290894FE85293EAD22), compiling. 
[2022.04.12-09.49.20:656][198]MaterialEditorStats: Texture samplers: 0/16
[2022.04.12-09.49.20:656][198]MaterialEditorStats: Texture Lookups (Est.): VS(0), PS(2)
[2022.04.12-09.49.20:657][198]MaterialEditorStats: User interpolators: 2/4 Scalars (1/4 Vectors) (TexCoords: 2, Custom: 0)
[2022.04.12-09.49.20:691][199]MaterialEditorStats: Base pass shader: 800 instructions
[2022.04.12-09.49.20:691][199]MaterialEditorStats: Base pass shader with Surface Lightmap: 822 instructions
[2022.04.12-09.49.20:691][199]MaterialEditorStats: Base pass shader with Volumetric Lightmap: 867 instructions
[2022.04.12-09.49.20:691][199]MaterialEditorStats: Base pass vertex shader: 271 instructions
[2022.04.12-09.49.20:691][199]MaterialEditorStats: Texture samplers: 7/16
[2022.04.12-09.49.20:691][199]MaterialEditorStats: Texture Lookups (Est.): VS(0), PS(2)
[2022.04.12-09.49.20:691][199]MaterialEditorStats: User interpolators: 2/4 Scalars (1/4 Vectors) (TexCoords: 2, Custom: 0)
[2022.04.12-09.49.28:270][646]LogMaterialEditor: Applying material material0
[2022.04.12-09.49.28:490][646]LogMaterial: Display: Missing cached shadermap for material0 in PCD3D_SM5, Default, SM5 (DDC key hash: 837D09FA7D638CC7097013C9C847F3F584E45151), compiling. 
[2022.04.12-09.49.28:514][646]LogMaterial: Display: Missing cached shadermap for material0 in PCD3D_SM5, Default, SM5 (DDC key hash: F40392AF48F2454F819720267526DB5A487F62B2), compiling. 
[2022.04.12-09.49.28:523][646]LogUObjectHash: Compacting FUObjectHashTables data took   0.35ms
[2022.04.12-09.49.28:687][646]LogUObjectHash: Compacting FUObjectHashTables data took   0.38ms
[2022.04.12-09.49.41:141][385]Cmd: TRANSACTION UNDO
[2022.04.12-09.49.41:141][385]LogEditorTransaction: Undo Edit Texture
[2022.04.12-09.49.41:142][385]LogMaterial: Display: Missing cached shadermap for material0 in PCD3D_SM5, Default, SM5 (DDC key hash: C2CD64F378BFC5F214978A691E967879A295B225), compiling. 
[2022.04.12-09.49.41:159][385]LogMaterial: Display: Missing cached shadermap for material0 in PCD3D_SM5, Default, SM5 (DDC key hash: 4C5243AD64B4609C74229F536BC55910A473E440), compiling. 
[2022.04.12-09.49.41:160][385]LogMaterial: Display: Missing cached shadermap for FMatExpressionPreview MaterialExpressionTextureSample_0 in PCD3D_SM5, Default, SM5 (DDC key hash: B62C43A1597C60089868280B4A33545EAB0A3975), compiling. 
[2022.04.12-09.49.41:166][385]LogMaterial: Display: Missing cached shadermap for material1 in PCD3D_SM5, Default, SM5 (DDC key hash: 4AE84A549B7C0CE3316A0755EA5FFC7B9A9160E2), compiling. 
[2022.04.12-09.49.41:173][385]LogMaterial: Display: Missing cached shadermap for material2 in PCD3D_SM5, Default, SM5 (DDC key hash: 1BF38F11361830C7BC684F18532C5338AD97E491), compiling. 
[2022.04.12-09.49.41:179][385]MaterialEditorStats: Texture samplers: 0/16
[2022.04.12-09.49.41:179][385]MaterialEditorStats: Texture Lookups (Est.): VS(0), PS(2)
[2022.04.12-09.49.41:179][385]MaterialEditorStats: User interpolators: 2/4 Scalars (1/4 Vectors) (TexCoords: 2, Custom: 0)
[2022.04.12-09.49.41:179][385]MaterialEditorStats: Texture samplers: 0/16
[2022.04.12-09.49.41:179][385]MaterialEditorStats: Texture Lookups (Est.): VS(0), PS(2)
[2022.04.12-09.49.41:179][385]MaterialEditorStats: User interpolators: 2/4 Scalars (1/4 Vectors) (TexCoords: 2, Custom: 0)
[2022.04.12-09.49.41:179][385]MaterialEditorStats: Texture samplers: 0/16
[2022.04.12-09.49.41:179][385]MaterialEditorStats: Texture Lookups (Est.): VS(0), PS(2)
[2022.04.12-09.49.41:179][385]MaterialEditorStats: User interpolators: 2/4 Scalars (1/4 Vectors) (TexCoords: 2, Custom: 0)
[2022.04.12-09.49.41:280][388]MaterialEditorStats: Texture samplers: 7/16
[2022.04.12-09.49.41:280][388]MaterialEditorStats: Texture Lookups (Est.): VS(0), PS(2)
[2022.04.12-09.49.41:280][388]MaterialEditorStats: User interpolators: 2/4 Scalars (1/4 Vectors) (TexCoords: 2, Custom: 0)
[2022.04.12-09.49.41:321][389]MaterialEditorStats: Base pass shader: 800 instructions
[2022.04.12-09.49.41:321][389]MaterialEditorStats: Base pass shader with Surface Lightmap: 822 instructions
[2022.04.12-09.49.41:321][389]MaterialEditorStats: Base pass shader with Volumetric Lightmap: 867 instructions
[2022.04.12-09.49.41:321][389]MaterialEditorStats: Base pass vertex shader: 271 instructions
[2022.04.12-09.49.41:321][389]MaterialEditorStats: Texture samplers: 7/16
[2022.04.12-09.49.41:321][389]MaterialEditorStats: Texture Lookups (Est.): VS(0), PS(2)
[2022.04.12-09.49.41:321][389]MaterialEditorStats: User interpolators: 2/4 Scalars (1/4 Vectors) (TexCoords: 2, Custom: 0)
[2022.04.12-09.49.41:321][389]MaterialEditorStats: Texture samplers: 6/16
[2022.04.12-09.49.41:321][389]MaterialEditorStats: Texture Lookups (Est.): VS(0), PS(2)
[2022.04.12-09.49.41:321][389]MaterialEditorStats: User interpolators: 2/4 Scalars (1/4 Vectors) (TexCoords: 2, Custom: 0)
[2022.04.12-09.49.41:358][390]MaterialEditorStats: Texture samplers: 7/16
[2022.04.12-09.49.41:358][390]MaterialEditorStats: Texture Lookups (Est.): VS(0), PS(2)
[2022.04.12-09.49.41:358][390]MaterialEditorStats: User interpolators: 2/4 Scalars (1/4 Vectors) (TexCoords: 2, Custom: 0)
[2022.04.12-09.49.41:396][391]MaterialEditorStats: Texture samplers: 6/16
[2022.04.12-09.49.41:396][391]MaterialEditorStats: Texture Lookups (Est.): VS(0), PS(2)
[2022.04.12-09.49.41:396][391]MaterialEditorStats: User interpolators: 2/4 Scalars (1/4 Vectors) (TexCoords: 2, Custom: 0)
[2022.04.12-09.49.41:396][391]MaterialEditorStats: Base pass shader: 800 instructions
[2022.04.12-09.49.41:396][391]MaterialEditorStats: Base pass shader with Surface Lightmap: 822 instructions
[2022.04.12-09.49.41:396][391]MaterialEditorStats: Base pass shader with Volumetric Lightmap: 867 instructions
[2022.04.12-09.49.41:396][391]MaterialEditorStats: Base pass vertex shader: 271 instructions
[2022.04.12-09.49.41:396][391]MaterialEditorStats: Texture samplers: 7/16
[2022.04.12-09.49.41:396][391]MaterialEditorStats: Texture Lookups (Est.): VS(0), PS(2)
[2022.04.12-09.49.41:396][391]MaterialEditorStats: User interpolators: 2/4 Scalars (1/4 Vectors) (TexCoords: 2, Custom: 0)
[2022.04.12-09.49.41:435][392]MaterialEditorStats: Base pass shader: 800 instructions
[2022.04.12-09.49.41:435][392]MaterialEditorStats: Base pass shader with Surface Lightmap: 822 instructions
[2022.04.12-09.49.41:435][392]MaterialEditorStats: Base pass shader with Volumetric Lightmap: 867 instructions
[2022.04.12-09.49.41:435][392]MaterialEditorStats: Base pass vertex shader: 271 instructions
[2022.04.12-09.49.41:435][392]MaterialEditorStats: Texture samplers: 7/16
[2022.04.12-09.49.41:435][392]MaterialEditorStats: Texture Lookups (Est.): VS(0), PS(2)
[2022.04.12-09.49.41:435][392]MaterialEditorStats: User interpolators: 2/4 Scalars (1/4 Vectors) (TexCoords: 2, Custom: 0)
[2022.04.12-09.49.41:543][396]Cmd: TRANSACTION UNDO
[2022.04.12-09.49.41:543][396]LogEditorTransaction: Undo Edit Texture
[2022.04.12-09.49.41:545][396]LogMaterial: Display: Missing cached shadermap for material0 in PCD3D_SM5, Default, SM5 (DDC key hash: 830B407C444B5D62485B1912C213D634BFC0D61F), compiling. 
[2022.04.12-09.49.41:559][396]LogMaterial: Display: Missing cached shadermap for material0 in PCD3D_SM5, Default, SM5 (DDC key hash: 04B11E8C414B920F188E3FE8CA9A146224575FF8), compiling. 
[2022.04.12-09.49.41:560][396]LogMaterial: Display: Missing cached shadermap for FMatExpressionPreview MaterialExpressionTextureSample_0 in PCD3D_SM5, Default, SM5 (DDC key hash: 42D8BA07E903BF6CC1BB6F8C0BFA5CC03C10A476), compiling. 
[2022.04.12-09.49.41:562][396]LogMaterial: Display: Missing cached shadermap for material1 in PCD3D_SM5, Default, SM5 (DDC key hash: BD7A3ADDB0CA4BF5025E27C3EB2934062BF58F04), compiling. 
[2022.04.12-09.49.41:563][396]LogMaterial: Display: Missing cached shadermap for material2 in PCD3D_SM5, Default, SM5 (DDC key hash: 16E043655395A8CC7D26E17294E90A51EA1EC757), compiling. 
[2022.04.12-09.49.41:568][396]MaterialEditorStats: Texture samplers: 0/16
[2022.04.12-09.49.41:568][396]MaterialEditorStats: Texture Lookups (Est.): VS(0), PS(2)
[2022.04.12-09.49.41:568][396]MaterialEditorStats: User interpolators: 2/4 Scalars (1/4 Vectors) (TexCoords: 2, Custom: 0)
[2022.04.12-09.49.41:568][396]MaterialEditorStats: Texture samplers: 0/16
[2022.04.12-09.49.41:568][396]MaterialEditorStats: Texture Lookups (Est.): VS(0), PS(2)
[2022.04.12-09.49.41:568][396]MaterialEditorStats: User interpolators: 2/4 Scalars (1/4 Vectors) (TexCoords: 2, Custom: 0)
[2022.04.12-09.49.41:568][396]MaterialEditorStats: Texture samplers: 0/16
[2022.04.12-09.49.41:568][396]MaterialEditorStats: Texture Lookups (Est.): VS(0), PS(2)
[2022.04.12-09.49.41:568][396]MaterialEditorStats: User interpolators: 2/4 Scalars (1/4 Vectors) (TexCoords: 2, Custom: 0)
[2022.04.12-09.49.41:667][399]MaterialEditorStats: Texture samplers: 7/16
[2022.04.12-09.49.41:667][399]MaterialEditorStats: Texture Lookups (Est.): VS(0), PS(2)
[2022.04.12-09.49.41:667][399]MaterialEditorStats: User interpolators: 2/4 Scalars (1/4 Vectors) (TexCoords: 2, Custom: 0)
[2022.04.12-09.49.41:689][400]MaterialEditorStats: Base pass shader: 800 instructions
[2022.04.12-09.49.41:689][400]MaterialEditorStats: Base pass shader with Surface Lightmap: 822 instructions
[2022.04.12-09.49.41:689][400]MaterialEditorStats: Base pass shader with Volumetric Lightmap: 867 instructions
[2022.04.12-09.49.41:689][400]MaterialEditorStats: Base pass vertex shader: 271 instructions
[2022.04.12-09.49.41:689][400]MaterialEditorStats: Texture samplers: 7/16
[2022.04.12-09.49.41:689][400]MaterialEditorStats: Texture Lookups (Est.): VS(0), PS(2)
[2022.04.12-09.49.41:689][400]MaterialEditorStats: User interpolators: 2/4 Scalars (1/4 Vectors) (TexCoords: 2, Custom: 0)
[2022.04.12-09.49.41:689][400]MaterialEditorStats: Texture samplers: 6/16
[2022.04.12-09.49.41:689][400]MaterialEditorStats: Texture Lookups (Est.): VS(0), PS(2)
[2022.04.12-09.49.41:689][400]MaterialEditorStats: User interpolators: 2/4 Scalars (1/4 Vectors) (TexCoords: 2, Custom: 0)
[2022.04.12-09.49.41:713][401]MaterialEditorStats: Texture samplers: 7/16
[2022.04.12-09.49.41:713][401]MaterialEditorStats: Texture Lookups (Est.): VS(0), PS(2)
[2022.04.12-09.49.41:713][401]MaterialEditorStats: User interpolators: 2/4 Scalars (1/4 Vectors) (TexCoords: 2, Custom: 0)
[2022.04.12-09.49.41:732][402]MaterialEditorStats: Base pass shader: 800 instructions
[2022.04.12-09.49.41:732][402]MaterialEditorStats: Base pass shader with Surface Lightmap: 822 instructions
[2022.04.12-09.49.41:733][402]MaterialEditorStats: Base pass shader with Volumetric Lightmap: 867 instructions
[2022.04.12-09.49.41:733][402]MaterialEditorStats: Base pass vertex shader: 271 instructions
[2022.04.12-09.49.41:733][402]MaterialEditorStats: Texture samplers: 7/16
[2022.04.12-09.49.41:733][402]MaterialEditorStats: Texture Lookups (Est.): VS(0), PS(2)
[2022.04.12-09.49.41:733][402]MaterialEditorStats: User interpolators: 2/4 Scalars (1/4 Vectors) (TexCoords: 2, Custom: 0)
[2022.04.12-09.49.41:733][402]MaterialEditorStats: Texture samplers: 6/16
[2022.04.12-09.49.41:733][402]MaterialEditorStats: Texture Lookups (Est.): VS(0), PS(2)
[2022.04.12-09.49.41:733][402]MaterialEditorStats: User interpolators: 2/4 Scalars (1/4 Vectors) (TexCoords: 2, Custom: 0)
[2022.04.12-09.49.41:753][403]MaterialEditorStats: Base pass shader: 800 instructions
[2022.04.12-09.49.41:753][403]MaterialEditorStats: Base pass shader with Surface Lightmap: 822 instructions
[2022.04.12-09.49.41:753][403]MaterialEditorStats: Base pass shader with Volumetric Lightmap: 867 instructions
[2022.04.12-09.49.41:753][403]MaterialEditorStats: Base pass vertex shader: 271 instructions
[2022.04.12-09.49.41:753][403]MaterialEditorStats: Texture samplers: 7/16
[2022.04.12-09.49.41:753][403]MaterialEditorStats: Texture Lookups (Est.): VS(0), PS(2)
[2022.04.12-09.49.41:753][403]MaterialEditorStats: User interpolators: 2/4 Scalars (1/4 Vectors) (TexCoords: 2, Custom: 0)
[2022.04.12-09.49.41:884][411]Cmd: TRANSACTION UNDO
[2022.04.12-09.49.41:884][411]LogEditorTransaction: Undo Edit Texture
[2022.04.12-09.49.41:886][411]LogMaterial: Display: Missing cached shadermap for material0 in PCD3D_SM5, Default, SM5 (DDC key hash: 9A452514D69C030FE3EE44FD0EFEF0D138E43DF1), compiling. 
[2022.04.12-09.49.41:899][411]LogMaterial: Display: Missing cached shadermap for material0 in PCD3D_SM5, Default, SM5 (DDC key hash: 039226FED4D81CBCAA9EC7731F0FDDA9F4047034), compiling. 
[2022.04.12-09.49.41:900][411]LogMaterial: Display: Missing cached shadermap for FMatExpressionPreview MaterialExpressionTextureSample_0 in PCD3D_SM5, Default, SM5 (DDC key hash: D0D5CE94768410719E9A879B44F2E6FE163597EC), compiling. 
[2022.04.12-09.49.41:902][411]LogMaterial: Display: Missing cached shadermap for material1 in PCD3D_SM5, Default, SM5 (DDC key hash: 1FC704B5F6845823CD91FA7C85CBB26C3E72D203), compiling. 
[2022.04.12-09.49.41:904][411]LogMaterial: Display: Missing cached shadermap for material2 in PCD3D_SM5, Default, SM5 (DDC key hash: 395EAE6F47DDB92DA31077F09425CE91C3AD976D), compiling. 
[2022.04.12-09.49.41:909][411]MaterialEditorStats: Texture samplers: 0/16
[2022.04.12-09.49.41:909][411]MaterialEditorStats: Texture Lookups (Est.): VS(0), PS(2)
[2022.04.12-09.49.41:909][411]MaterialEditorStats: User interpolators: 2/4 Scalars (1/4 Vectors) (TexCoords: 2, Custom: 0)
[2022.04.12-09.49.41:909][411]MaterialEditorStats: Texture samplers: 0/16
[2022.04.12-09.49.41:909][411]MaterialEditorStats: Texture Lookups (Est.): VS(0), PS(2)
[2022.04.12-09.49.41:909][411]MaterialEditorStats: User interpolators: 2/4 Scalars (1/4 Vectors) (TexCoords: 2, Custom: 0)
[2022.04.12-09.49.41:909][411]MaterialEditorStats: Texture samplers: 0/16
[2022.04.12-09.49.41:909][411]MaterialEditorStats: Texture Lookups (Est.): VS(0), PS(2)
[2022.04.12-09.49.41:909][411]MaterialEditorStats: User interpolators: 2/4 Scalars (1/4 Vectors) (TexCoords: 2, Custom: 0)
[2022.04.12-09.49.41:980][414]MaterialEditorStats: Texture samplers: 7/16
[2022.04.12-09.49.41:981][414]MaterialEditorStats: Texture Lookups (Est.): VS(0), PS(2)
[2022.04.12-09.49.41:981][414]MaterialEditorStats: User interpolators: 2/4 Scalars (1/4 Vectors) (TexCoords: 2, Custom: 0)
[2022.04.12-09.49.42:004][415]MaterialEditorStats: Texture samplers: 7/16
[2022.04.12-09.49.42:004][415]MaterialEditorStats: Texture Lookups (Est.): VS(0), PS(2)
[2022.04.12-09.49.42:004][415]MaterialEditorStats: User interpolators: 2/4 Scalars (1/4 Vectors) (TexCoords: 2, Custom: 0)
[2022.04.12-09.49.42:028][416]MaterialEditorStats: Texture samplers: 6/16
[2022.04.12-09.49.42:028][416]MaterialEditorStats: Texture Lookups (Est.): VS(0), PS(2)
[2022.04.12-09.49.42:028][416]MaterialEditorStats: User interpolators: 2/4 Scalars (1/4 Vectors) (TexCoords: 2, Custom: 0)
[2022.04.12-09.49.42:028][416]MaterialEditorStats: Base pass shader: 800 instructions
[2022.04.12-09.49.42:028][416]MaterialEditorStats: Base pass shader with Surface Lightmap: 822 instructions
[2022.04.12-09.49.42:028][416]MaterialEditorStats: Base pass shader with Volumetric Lightmap: 867 instructions
[2022.04.12-09.49.42:028][416]MaterialEditorStats: Base pass vertex shader: 271 instructions
[2022.04.12-09.49.42:028][416]MaterialEditorStats: Texture samplers: 7/16
[2022.04.12-09.49.42:028][416]MaterialEditorStats: Texture Lookups (Est.): VS(0), PS(2)
[2022.04.12-09.49.42:028][416]MaterialEditorStats: User interpolators: 2/4 Scalars (1/4 Vectors) (TexCoords: 2, Custom: 0)
[2022.04.12-09.49.42:050][417]MaterialEditorStats: Texture samplers: 7/16
[2022.04.12-09.49.42:050][417]MaterialEditorStats: Texture Lookups (Est.): VS(0), PS(2)
[2022.04.12-09.49.42:050][417]MaterialEditorStats: User interpolators: 2/4 Scalars (1/4 Vectors) (TexCoords: 2, Custom: 0)
[2022.04.12-09.49.42:073][418]MaterialEditorStats: Base pass shader: 800 instructions
[2022.04.12-09.49.42:073][418]MaterialEditorStats: Base pass shader with Surface Lightmap: 822 instructions
[2022.04.12-09.49.42:073][418]MaterialEditorStats: Base pass shader with Volumetric Lightmap: 867 instructions
[2022.04.12-09.49.42:073][418]MaterialEditorStats: Base pass vertex shader: 271 instructions
[2022.04.12-09.49.42:073][418]MaterialEditorStats: Texture samplers: 7/16
[2022.04.12-09.49.42:073][418]MaterialEditorStats: Texture Lookups (Est.): VS(0), PS(2)
[2022.04.12-09.49.42:073][418]MaterialEditorStats: User interpolators: 2/4 Scalars (1/4 Vectors) (TexCoords: 2, Custom: 0)
[2022.04.12-09.49.42:073][418]MaterialEditorStats: Base pass shader: 800 instructions
[2022.04.12-09.49.42:073][418]MaterialEditorStats: Base pass shader with Surface Lightmap: 822 instructions
[2022.04.12-09.49.42:073][418]MaterialEditorStats: Base pass shader with Volumetric Lightmap: 867 instructions
[2022.04.12-09.49.42:073][418]MaterialEditorStats: Base pass vertex shader: 271 instructions
[2022.04.12-09.49.42:073][418]MaterialEditorStats: Texture samplers: 7/16
[2022.04.12-09.49.42:073][418]MaterialEditorStats: Texture Lookups (Est.): VS(0), PS(2)
[2022.04.12-09.49.42:073][418]MaterialEditorStats: User interpolators: 2/4 Scalars (1/4 Vectors) (TexCoords: 2, Custom: 0)
[2022.04.12-09.49.42:308][432]Cmd: TRANSACTION UNDO
[2022.04.12-09.49.42:308][432]LogEditorTransaction: Undo Clicking on Component (tree view)
[2022.04.12-09.49.42:323][432]LogMaterial: Display: Missing cached shadermap for material0 in PCD3D_SM5, Default, SM5 (DDC key hash: B0E3AC411D2A29C6019963AA809CF9B232590574), compiling. 
[2022.04.12-09.49.42:325][432]LogMaterial: Display: Missing cached shadermap for material1 in PCD3D_SM5, Default, SM5 (DDC key hash: 26A86E8450FD580D7FF3AADD1F228D78F5C46E3E), compiling. 
[2022.04.12-09.49.42:327][432]LogMaterial: Display: Missing cached shadermap for material2 in PCD3D_SM5, Default, SM5 (DDC key hash: A027990DB0A3D7C79FA0407966A452761B26308D), compiling. 
[2022.04.12-09.49.42:331][432]MaterialEditorStats: Texture samplers: 0/16
[2022.04.12-09.49.42:331][432]MaterialEditorStats: Texture Lookups (Est.): VS(0), PS(2)
[2022.04.12-09.49.42:331][432]MaterialEditorStats: User interpolators: 2/4 Scalars (1/4 Vectors) (TexCoords: 2, Custom: 0)
[2022.04.12-09.49.42:331][432]MaterialEditorStats: Texture samplers: 0/16
[2022.04.12-09.49.42:331][432]MaterialEditorStats: Texture Lookups (Est.): VS(0), PS(2)
[2022.04.12-09.49.42:331][432]MaterialEditorStats: User interpolators: 2/4 Scalars (1/4 Vectors) (TexCoords: 2, Custom: 0)
[2022.04.12-09.49.42:331][432]MaterialEditorStats: Texture samplers: 0/16
[2022.04.12-09.49.42:331][432]MaterialEditorStats: Texture Lookups (Est.): VS(0), PS(2)
[2022.04.12-09.49.42:331][432]MaterialEditorStats: User interpolators: 2/4 Scalars (1/4 Vectors) (TexCoords: 2, Custom: 0)
[2022.04.12-09.49.42:424][435]MaterialEditorStats: Texture samplers: 7/16
[2022.04.12-09.49.42:425][435]MaterialEditorStats: Texture Lookups (Est.): VS(0), PS(2)
[2022.04.12-09.49.42:425][435]MaterialEditorStats: User interpolators: 2/4 Scalars (1/4 Vectors) (TexCoords: 2, Custom: 0)
[2022.04.12-09.49.42:445][436]MaterialEditorStats: Base pass shader: 800 instructions
[2022.04.12-09.49.42:445][436]MaterialEditorStats: Base pass shader with Surface Lightmap: 822 instructions
[2022.04.12-09.49.42:445][436]MaterialEditorStats: Base pass shader with Volumetric Lightmap: 867 instructions
[2022.04.12-09.49.42:445][436]MaterialEditorStats: Base pass vertex shader: 271 instructions
[2022.04.12-09.49.42:445][436]MaterialEditorStats: Texture samplers: 7/16
[2022.04.12-09.49.42:445][436]MaterialEditorStats: Texture Lookups (Est.): VS(0), PS(2)
[2022.04.12-09.49.42:445][436]MaterialEditorStats: User interpolators: 2/4 Scalars (1/4 Vectors) (TexCoords: 2, Custom: 0)
[2022.04.12-09.49.42:445][436]MaterialEditorStats: Texture samplers: 6/16
[2022.04.12-09.49.42:445][436]MaterialEditorStats: Texture Lookups (Est.): VS(0), PS(2)
[2022.04.12-09.49.42:445][436]MaterialEditorStats: User interpolators: 2/4 Scalars (1/4 Vectors) (TexCoords: 2, Custom: 0)
[2022.04.12-09.49.42:464][437]MaterialEditorStats: Texture samplers: 7/16
[2022.04.12-09.49.42:464][437]MaterialEditorStats: Texture Lookups (Est.): VS(0), PS(2)
[2022.04.12-09.49.42:464][437]MaterialEditorStats: User interpolators: 2/4 Scalars (1/4 Vectors) (TexCoords: 2, Custom: 0)
[2022.04.12-09.49.42:484][438]MaterialEditorStats: Base pass shader: 800 instructions
[2022.04.12-09.49.42:484][438]MaterialEditorStats: Base pass shader with Surface Lightmap: 822 instructions
[2022.04.12-09.49.42:484][438]MaterialEditorStats: Base pass shader with Volumetric Lightmap: 867 instructions
[2022.04.12-09.49.42:484][438]MaterialEditorStats: Base pass vertex shader: 271 instructions
[2022.04.12-09.49.42:484][438]MaterialEditorStats: Texture samplers: 7/16
[2022.04.12-09.49.42:484][438]MaterialEditorStats: Texture Lookups (Est.): VS(0), PS(2)
[2022.04.12-09.49.42:484][438]MaterialEditorStats: User interpolators: 2/4 Scalars (1/4 Vectors) (TexCoords: 2, Custom: 0)
[2022.04.12-09.49.42:484][438]MaterialEditorStats: Texture samplers: 6/16
[2022.04.12-09.49.42:484][438]MaterialEditorStats: Texture Lookups (Est.): VS(0), PS(2)
[2022.04.12-09.49.42:484][438]MaterialEditorStats: User interpolators: 2/4 Scalars (1/4 Vectors) (TexCoords: 2, Custom: 0)
[2022.04.12-09.49.42:501][439]MaterialEditorStats: Base pass shader: 800 instructions
[2022.04.12-09.49.42:501][439]MaterialEditorStats: Base pass shader with Surface Lightmap: 822 instructions
[2022.04.12-09.49.42:501][439]MaterialEditorStats: Base pass shader with Volumetric Lightmap: 867 instructions
[2022.04.12-09.49.42:501][439]MaterialEditorStats: Base pass vertex shader: 271 instructions
[2022.04.12-09.49.42:501][439]MaterialEditorStats: Texture samplers: 7/16
[2022.04.12-09.49.42:501][439]MaterialEditorStats: Texture Lookups (Est.): VS(0), PS(2)
[2022.04.12-09.49.42:501][439]MaterialEditorStats: User interpolators: 2/4 Scalars (1/4 Vectors) (TexCoords: 2, Custom: 0)
[2022.04.12-09.49.43:034][471]Cmd: TRANSACTION UNDO
[2022.04.12-09.49.43:034][471]LogEditorTransaction: Undo Clicking on Component (tree view)
[2022.04.12-09.49.43:051][471]LogMaterial: Display: Missing cached shadermap for material0 in PCD3D_SM5, Default, SM5 (DDC key hash: 730135FB0104F4660BA7BFDADB2D02554331D2B4), compiling. 
[2022.04.12-09.49.43:052][471]LogMaterial: Display: Missing cached shadermap for material1 in PCD3D_SM5, Default, SM5 (DDC key hash: 6FE04EBA93BD4671232B66BFEB03AE596053DE08), compiling. 
[2022.04.12-09.49.43:054][471]LogMaterial: Display: Missing cached shadermap for material2 in PCD3D_SM5, Default, SM5 (DDC key hash: D5462057B744FFCB97CA3C93BD09424E61EDBF3F), compiling. 
[2022.04.12-09.49.43:058][471]MaterialEditorStats: Texture samplers: 0/16
[2022.04.12-09.49.43:058][471]MaterialEditorStats: Texture Lookups (Est.): VS(0), PS(2)
[2022.04.12-09.49.43:058][471]MaterialEditorStats: User interpolators: 2/4 Scalars (1/4 Vectors) (TexCoords: 2, Custom: 0)
[2022.04.12-09.49.43:058][471]MaterialEditorStats: Texture samplers: 0/16
[2022.04.12-09.49.43:058][471]MaterialEditorStats: Texture Lookups (Est.): VS(0), PS(2)
[2022.04.12-09.49.43:058][471]MaterialEditorStats: User interpolators: 2/4 Scalars (1/4 Vectors) (TexCoords: 2, Custom: 0)
[2022.04.12-09.49.43:058][471]MaterialEditorStats: Texture samplers: 0/16
[2022.04.12-09.49.43:058][471]MaterialEditorStats: Texture Lookups (Est.): VS(0), PS(2)
[2022.04.12-09.49.43:058][471]MaterialEditorStats: User interpolators: 2/4 Scalars (1/4 Vectors) (TexCoords: 2, Custom: 0)
[2022.04.12-09.49.43:116][474]MaterialEditorStats: Texture samplers: 7/16
[2022.04.12-09.49.43:116][474]MaterialEditorStats: Texture Lookups (Est.): VS(0), PS(2)
[2022.04.12-09.49.43:116][474]MaterialEditorStats: User interpolators: 2/4 Scalars (1/4 Vectors) (TexCoords: 2, Custom: 0)
[2022.04.12-09.49.43:134][475]MaterialEditorStats: Texture samplers: 7/16
[2022.04.12-09.49.43:134][475]MaterialEditorStats: Texture Lookups (Est.): VS(0), PS(2)
[2022.04.12-09.49.43:134][475]MaterialEditorStats: User interpolators: 2/4 Scalars (1/4 Vectors) (TexCoords: 2, Custom: 0)
[2022.04.12-09.49.43:153][476]MaterialEditorStats: Texture samplers: 6/16
[2022.04.12-09.49.43:153][476]MaterialEditorStats: Texture Lookups (Est.): VS(0), PS(2)
[2022.04.12-09.49.43:153][476]MaterialEditorStats: User interpolators: 2/4 Scalars (1/4 Vectors) (TexCoords: 2, Custom: 0)
[2022.04.12-09.49.43:153][476]MaterialEditorStats: Base pass shader: 800 instructions
[2022.04.12-09.49.43:153][476]MaterialEditorStats: Base pass shader with Surface Lightmap: 822 instructions
[2022.04.12-09.49.43:153][476]MaterialEditorStats: Base pass shader with Volumetric Lightmap: 867 instructions
[2022.04.12-09.49.43:154][476]MaterialEditorStats: Base pass vertex shader: 271 instructions
[2022.04.12-09.49.43:154][476]MaterialEditorStats: Texture samplers: 7/16
[2022.04.12-09.49.43:154][476]MaterialEditorStats: Texture Lookups (Est.): VS(0), PS(2)
[2022.04.12-09.49.43:154][476]MaterialEditorStats: User interpolators: 2/4 Scalars (1/4 Vectors) (TexCoords: 2, Custom: 0)
[2022.04.12-09.49.43:171][477]MaterialEditorStats: Texture samplers: 7/16
[2022.04.12-09.49.43:171][477]MaterialEditorStats: Texture Lookups (Est.): VS(0), PS(2)
[2022.04.12-09.49.43:171][477]MaterialEditorStats: User interpolators: 2/4 Scalars (1/4 Vectors) (TexCoords: 2, Custom: 0)
[2022.04.12-09.49.43:191][478]MaterialEditorStats: Base pass shader: 800 instructions
[2022.04.12-09.49.43:191][478]MaterialEditorStats: Base pass shader with Surface Lightmap: 822 instructions
[2022.04.12-09.49.43:191][478]MaterialEditorStats: Base pass shader with Volumetric Lightmap: 867 instructions
[2022.04.12-09.49.43:191][478]MaterialEditorStats: Base pass vertex shader: 271 instructions
[2022.04.12-09.49.43:191][478]MaterialEditorStats: Texture samplers: 7/16
[2022.04.12-09.49.43:191][478]MaterialEditorStats: Texture Lookups (Est.): VS(0), PS(2)
[2022.04.12-09.49.43:191][478]MaterialEditorStats: User interpolators: 2/4 Scalars (1/4 Vectors) (TexCoords: 2, Custom: 0)
[2022.04.12-09.49.43:191][478]MaterialEditorStats: Base pass shader: 800 instructions
[2022.04.12-09.49.43:191][478]MaterialEditorStats: Base pass shader with Surface Lightmap: 822 instructions
[2022.04.12-09.49.43:191][478]MaterialEditorStats: Base pass shader with Volumetric Lightmap: 867 instructions
[2022.04.12-09.49.43:191][478]MaterialEditorStats: Base pass vertex shader: 271 instructions
[2022.04.12-09.49.43:191][478]MaterialEditorStats: Texture samplers: 7/16
[2022.04.12-09.49.43:191][478]MaterialEditorStats: Texture Lookups (Est.): VS(0), PS(2)
[2022.04.12-09.49.43:191][478]MaterialEditorStats: User interpolators: 2/4 Scalars (1/4 Vectors) (TexCoords: 2, Custom: 0)
[2022.04.12-09.49.56:008][245]LogMaterialEditor: Applying material material0
[2022.04.12-09.49.56:229][245]LogMaterial: Display: Missing cached shadermap for material0 in PCD3D_SM5, Default, SM5 (DDC key hash: D433C698A96DD6492755FA017B0DE15CBB025B12), compiling. 
[2022.04.12-09.49.56:256][245]LogMaterial: Display: Missing cached shadermap for material0 in PCD3D_SM5, Default, SM5 (DDC key hash: FD3EAE2128C514213BE300718097419C539D8BD8), compiling. 
[2022.04.12-09.49.56:265][245]LogUObjectHash: Compacting FUObjectHashTables data took   0.42ms
[2022.04.12-09.49.56:429][245]LogUObjectHash: Compacting FUObjectHashTables data took   0.33ms
[2022.04.12-09.50.00:483][486]LogEditorViewport: Clicking on Actor (LMB): spawner_C (spawner)
[2022.04.12-09.50.12:578][205]Cmd: TRANSACTION UNDO
[2022.04.12-09.50.12:578][205]LogEditorTransaction: Undo Replace component used material
[2022.04.12-09.50.12:599][205]LogMaterial: Display: Missing cached shadermap for material0 in PCD3D_SM5, Default, SM5 (DDC key hash: F14B0CCB9F98CCA7FA2A5DAE41AEF95BCC44C896), compiling. 
[2022.04.12-09.50.12:603][205]LogMaterial: Display: Missing cached shadermap for material1 in PCD3D_SM5, Default, SM5 (DDC key hash: 420434A49E333F5BAE6FF79178B239998E37F546), compiling. 
[2022.04.12-09.50.12:606][205]LogMaterial: Display: Missing cached shadermap for material2 in PCD3D_SM5, Default, SM5 (DDC key hash: 716D608439FF09733710B6E0887C81E3C51B3058), compiling. 
[2022.04.12-09.50.12:612][205]MaterialEditorStats: Texture samplers: 0/16
[2022.04.12-09.50.12:612][205]MaterialEditorStats: Texture Lookups (Est.): VS(0), PS(2)
[2022.04.12-09.50.12:612][205]MaterialEditorStats: User interpolators: 2/4 Scalars (1/4 Vectors) (TexCoords: 2, Custom: 0)
[2022.04.12-09.50.12:612][205]MaterialEditorStats: Texture samplers: 0/16
[2022.04.12-09.50.12:612][205]MaterialEditorStats: Texture Lookups (Est.): VS(0), PS(2)
[2022.04.12-09.50.12:612][205]MaterialEditorStats: User interpolators: 2/4 Scalars (1/4 Vectors) (TexCoords: 2, Custom: 0)
[2022.04.12-09.50.12:612][205]MaterialEditorStats: Texture samplers: 0/16
[2022.04.12-09.50.12:612][205]MaterialEditorStats: Texture Lookups (Est.): VS(0), PS(2)
[2022.04.12-09.50.12:612][205]MaterialEditorStats: User interpolators: 2/4 Scalars (1/4 Vectors) (TexCoords: 2, Custom: 0)
[2022.04.12-09.50.12:739][208]MaterialEditorStats: Texture samplers: 7/16
[2022.04.12-09.50.12:739][208]MaterialEditorStats: Texture Lookups (Est.): VS(0), PS(2)
[2022.04.12-09.50.12:739][208]MaterialEditorStats: User interpolators: 2/4 Scalars (1/4 Vectors) (TexCoords: 2, Custom: 0)
[2022.04.12-09.50.12:780][209]MaterialEditorStats: Base pass shader: 800 instructions
[2022.04.12-09.50.12:780][209]MaterialEditorStats: Base pass shader with Surface Lightmap: 822 instructions
[2022.04.12-09.50.12:780][209]MaterialEditorStats: Base pass shader with Volumetric Lightmap: 867 instructions
[2022.04.12-09.50.12:780][209]MaterialEditorStats: Base pass vertex shader: 271 instructions
[2022.04.12-09.50.12:780][209]MaterialEditorStats: Texture samplers: 7/16
[2022.04.12-09.50.12:780][209]MaterialEditorStats: Texture Lookups (Est.): VS(0), PS(2)
[2022.04.12-09.50.12:780][209]MaterialEditorStats: User interpolators: 2/4 Scalars (1/4 Vectors) (TexCoords: 2, Custom: 0)
[2022.04.12-09.50.12:780][209]MaterialEditorStats: Texture samplers: 6/16
[2022.04.12-09.50.12:780][209]MaterialEditorStats: Texture Lookups (Est.): VS(0), PS(2)
[2022.04.12-09.50.12:780][209]MaterialEditorStats: User interpolators: 2/4 Scalars (1/4 Vectors) (TexCoords: 2, Custom: 0)
[2022.04.12-09.50.12:817][210]MaterialEditorStats: Texture samplers: 7/16
[2022.04.12-09.50.12:817][210]MaterialEditorStats: Texture Lookups (Est.): VS(0), PS(2)
[2022.04.12-09.50.12:817][210]MaterialEditorStats: User interpolators: 2/4 Scalars (1/4 Vectors) (TexCoords: 2, Custom: 0)
[2022.04.12-09.50.12:859][211]MaterialEditorStats: Base pass shader: 800 instructions
[2022.04.12-09.50.12:859][211]MaterialEditorStats: Base pass shader with Surface Lightmap: 822 instructions
[2022.04.12-09.50.12:859][211]MaterialEditorStats: Base pass shader with Volumetric Lightmap: 867 instructions
[2022.04.12-09.50.12:859][211]MaterialEditorStats: Base pass vertex shader: 271 instructions
[2022.04.12-09.50.12:859][211]MaterialEditorStats: Texture samplers: 7/16
[2022.04.12-09.50.12:859][211]MaterialEditorStats: Texture Lookups (Est.): VS(0), PS(2)
[2022.04.12-09.50.12:859][211]MaterialEditorStats: User interpolators: 2/4 Scalars (1/4 Vectors) (TexCoords: 2, Custom: 0)
[2022.04.12-09.50.12:859][211]MaterialEditorStats: Texture samplers: 6/16
[2022.04.12-09.50.12:859][211]MaterialEditorStats: Texture Lookups (Est.): VS(0), PS(2)
[2022.04.12-09.50.12:859][211]MaterialEditorStats: User interpolators: 2/4 Scalars (1/4 Vectors) (TexCoords: 2, Custom: 0)
[2022.04.12-09.50.12:901][212]MaterialEditorStats: Base pass shader: 800 instructions
[2022.04.12-09.50.12:901][212]MaterialEditorStats: Base pass shader with Surface Lightmap: 822 instructions
[2022.04.12-09.50.12:901][212]MaterialEditorStats: Base pass shader with Volumetric Lightmap: 867 instructions
[2022.04.12-09.50.12:901][212]MaterialEditorStats: Base pass vertex shader: 271 instructions
[2022.04.12-09.50.12:901][212]MaterialEditorStats: Texture samplers: 7/16
[2022.04.12-09.50.12:901][212]MaterialEditorStats: Texture Lookups (Est.): VS(0), PS(2)
[2022.04.12-09.50.12:901][212]MaterialEditorStats: User interpolators: 2/4 Scalars (1/4 Vectors) (TexCoords: 2, Custom: 0)
[2022.04.12-09.50.35:088][451]LogSlate: Window 'Message' being destroyed
[2022.04.12-09.50.35:091][451]Message dialog closed, result: No, title: Message, text: Would you like to apply the changes of the modified material to the original material?
/Game/ScriptsBluePrints/CoalSpawner/PileOfCOal/material0.material0
(Selecting 'No' will cause all changes to be lost!)
[2022.04.12-09.50.35:104][451]LogWorld: UWorld::CleanupWorld for World_13, bSessionEnded=true, bCleanupResources=true
[2022.04.12-09.50.35:105][451]LogSlate: InvalidateAllWidgets triggered.  All widgets were invalidated
[2022.04.12-09.50.38:122][566]LogSlate: Window 'Message' being destroyed
[2022.04.12-09.50.38:125][566]Message dialog closed, result: No, title: Message, text: Would you like to apply the changes of the modified material to the original material?
/Game/ScriptsBluePrints/CoalSpawner/PileOfCOal/material1.material1
(Selecting 'No' will cause all changes to be lost!)
[2022.04.12-09.50.38:137][566]LogWorld: UWorld::CleanupWorld for World_14, bSessionEnded=true, bCleanupResources=true
[2022.04.12-09.50.38:137][566]LogSlate: InvalidateAllWidgets triggered.  All widgets were invalidated
[2022.04.12-09.50.41:672][656]LogSlate: Window 'Message' being destroyed
[2022.04.12-09.50.41:675][656]Message dialog closed, result: No, title: Message, text: Would you like to apply the changes of the modified material to the original material?
/Game/ScriptsBluePrints/CoalSpawner/PileOfCOal/material2.material2
(Selecting 'No' will cause all changes to be lost!)
[2022.04.12-09.50.41:688][656]LogWorld: UWorld::CleanupWorld for World_15, bSessionEnded=true, bCleanupResources=true
[2022.04.12-09.50.41:688][656]LogSlate: InvalidateAllWidgets triggered.  All widgets were invalidated
[2022.04.12-09.52.07:626][430]LogUObjectHash: Compacting FUObjectHashTables data took   0.92ms
[2022.04.12-09.52.07:726][430]LogSavePackage: Moving '../../../../../../Users/dmock/Unreal projects/P8/P8ToBeAnnounced/P8_VR_Home/Saved/VRTemplateMap_Auto20CA75F2640A8D53A5BA70B942CCC0878.tmp' to '../../../../../../Users/dmock/Unreal projects/P8/P8ToBeAnnounced/P8_VR_Home/Saved/Autosaves/Game/VRTemplate/Maps/VRTemplateMap_Auto2.umap'
[2022.04.12-09.52.07:727][430]LogFileHelpers: Editor autosave (incl. external actors) for '/Game/VRTemplate/Maps/VRTemplateMap' took 0.108
[2022.04.12-09.52.07:727][430]LogFileHelpers: Editor autosave (incl. sublevels & external actors) for all levels took 0.108
[2022.04.12-09.52.07:728][430]OBJ SavePackage: Generating thumbnails for [1] asset(s) in package [/Game/ScriptsBluePrints/CoalSpawner/PileOfCOal/material0] ([1] browsable assets)...
[2022.04.12-09.52.07:742][430]OBJ SavePackage:     Rendered thumbnail for [Material /Game/ScriptsBluePrints/CoalSpawner/PileOfCOal/material0.material0]
[2022.04.12-09.52.07:742][430]OBJ SavePackage: Finished generating thumbnails for package [/Game/ScriptsBluePrints/CoalSpawner/PileOfCOal/material0]
[2022.04.12-09.52.07:747][430]LogSavePackage: Moving '../../../../../../Users/dmock/Unreal projects/P8/P8ToBeAnnounced/P8_VR_Home/Saved/material0_Auto200A747FA452F798855E36CBEE8507872.tmp' to '../../../../../../Users/dmock/Unreal projects/P8/P8ToBeAnnounced/P8_VR_Home/Saved/Autosaves/Game/ScriptsBluePrints/CoalSpawner/PileOfCOal/material0_Auto2.uasset'
[2022.04.12-09.52.07:748][430]LogFileHelpers: Auto-saving content packages took 0.020
[2022.04.12-10.03.40:096][523]LogAssetEditorSubsystem: Opening Asset editor for Material /Game/ScriptsBluePrints/CoalSpawner/PileOfCOal/Material_003.Material_003
[2022.04.12-10.03.40:097][523]LogMaterial: Display: Missing cached shadermap for Material_003 in PCD3D_SM5, Default, SM5 (DDC key hash: D7635210A0F0837C6AC516AF319913A94F1590DD), compiling. 
[2022.04.12-10.03.40:104][523]LogShaderCompilers: Display: Submitted 10 shader compile jobs with 'Normal' priority
[2022.04.12-10.03.40:143][523]LogMaterial: Display: Missing cached shadermap for Material_003 in PCD3D_SM5, Default, SM5 (DDC key hash: 3A57F7C5E94F80962D41F68EA80F8BDDCAC1770A), compiling. 
[2022.04.12-10.03.40:144][523]LogMaterial: Display: Missing cached shadermap for Material_003 in PCD3D_SM5, Default, SM5 (DDC key hash: E82A2E40B6628544EB40D6855DFBEFE411CBE9C4), compiling. 
[2022.04.12-10.03.40:146][523]LogMaterial: Display: Missing cached shadermap for FMatExpressionPreview MaterialExpressionTextureSample_0 in PCD3D_SM5, Default, SM5 (DDC key hash: E7816456CD94FBC13BCB65054A37331143359853), compiling. 
[2022.04.12-10.03.40:159][523]MaterialEditorStats: Texture samplers: 0/16
[2022.04.12-10.03.40:159][523]MaterialEditorStats: Texture Lookups (Est.): VS(0), PS(1)
[2022.04.12-10.03.40:159][523]MaterialEditorStats: User interpolators: 2/4 Scalars (1/4 Vectors) (TexCoords: 2, Custom: 0)
[2022.04.12-10.03.40:212][524]LogShaderCompilers: Display: Submitted 2 shader compile jobs with 'ForceLocal' priority
[2022.04.12-10.03.40:213][524]LogShaderCompilers: Display: Submitted 8 shader compile jobs with 'Normal' priority
[2022.04.12-10.03.40:213][524]LogShaderCompilers: Display: Worker (1/13): shaders left to compile 2
[2022.04.12-10.03.40:213][524]LogShaderCompilers: Display: Worker (2/13): shaders left to compile 1
[2022.04.12-10.03.40:213][524]LogShaderCompilers: Display: Worker (3/13): shaders left to compile 8
[2022.04.12-10.03.40:213][524]LogShaderCompilers: Display: Worker (4/13): shaders left to compile 7
[2022.04.12-10.03.40:213][524]LogShaderCompilers: Display: Worker (5/13): shaders left to compile 6
[2022.04.12-10.03.40:213][524]LogShaderCompilers: Display: Worker (6/13): shaders left to compile 5
[2022.04.12-10.03.40:213][524]LogShaderCompilers: Display: Worker (7/13): shaders left to compile 4
[2022.04.12-10.03.40:213][524]LogShaderCompilers: Display: Worker (8/13): shaders left to compile 3
[2022.04.12-10.03.40:213][524]LogShaderCompilers: Display: Worker (9/13): shaders left to compile 2
[2022.04.12-10.03.40:213][524]LogShaderCompilers: Display: Worker (10/13): shaders left to compile 1
[2022.04.12-10.03.40:213][524]LogShaderCompilers: Display: Started 8 'Local' shader compile jobs with 'Normal' priority
[2022.04.12-10.03.40:213][524]LogShaderCompilers: Display: Started 2 'Local' shader compile jobs with 'ForceLocal' priority
[2022.04.12-10.03.41:433][572]LogShaderCompilers: Display: === FShaderJobCache stats ===
[2022.04.12-10.03.41:434][572]LogShaderCompilers: Display: Total job queries 516, among them cache hits 405 (78.49%)
[2022.04.12-10.03.41:434][572]LogShaderCompilers: Display: Tracking 54 distinct input hashes that result in 24 distinct outputs (44.44%)
[2022.04.12-10.03.41:434][572]LogShaderCompilers: Display: RAM used: 0.43 MB (0.00 GB) of 819.20 MB (0.80 GB) budget. Usage: 0.05%
[2022.04.12-10.03.41:434][572]LogShaderCompilers: Display: ================================================
[2022.04.12-10.03.41:738][584]MaterialEditorStats: Texture samplers: 2/16
[2022.04.12-10.03.41:738][584]MaterialEditorStats: Texture Lookups (Est.): VS(0), PS(1)
[2022.04.12-10.03.41:738][584]MaterialEditorStats: User interpolators: 2/4 Scalars (1/4 Vectors) (TexCoords: 2, Custom: 0)
[2022.04.12-10.03.47:507][909]MaterialEditorStats: Texture samplers: 4/16
[2022.04.12-10.03.47:507][909]MaterialEditorStats: Texture Lookups (Est.): VS(0), PS(1)
[2022.04.12-10.03.47:507][909]MaterialEditorStats: User interpolators: 2/4 Scalars (1/4 Vectors) (TexCoords: 2, Custom: 0)
[2022.04.12-10.03.47:857][930]MaterialEditorStats: Texture samplers: 5/16
[2022.04.12-10.03.47:857][930]MaterialEditorStats: Texture Lookups (Est.): VS(0), PS(1)
[2022.04.12-10.03.47:857][930]MaterialEditorStats: User interpolators: 2/4 Scalars (1/4 Vectors) (TexCoords: 2, Custom: 0)
[2022.04.12-10.03.48:023][940]MaterialEditorStats: Base pass shader: 794 instructions
[2022.04.12-10.03.48:023][940]MaterialEditorStats: Base pass shader with Volumetric Lightmap: 861 instructions
[2022.04.12-10.03.48:023][940]MaterialEditorStats: Base pass vertex shader: 271 instructions
[2022.04.12-10.03.48:023][940]MaterialEditorStats: Texture samplers: 5/16
[2022.04.12-10.03.48:023][940]MaterialEditorStats: Texture Lookups (Est.): VS(0), PS(1)
[2022.04.12-10.03.48:023][940]MaterialEditorStats: User interpolators: 2/4 Scalars (1/4 Vectors) (TexCoords: 2, Custom: 0)
[2022.04.12-10.04.14:399][521]LogWorld: UWorld::CleanupWorld for World_16, bSessionEnded=true, bCleanupResources=true
[2022.04.12-10.04.14:399][521]LogSlate: InvalidateAllWidgets triggered.  All widgets were invalidated
[2022.04.12-10.28.59:115][426]LogUObjectHash: Compacting FUObjectHashTables data took   0.99ms
[2022.04.12-10.28.59:216][426]LogSavePackage: Moving '../../../../../../Users/dmock/Unreal projects/P8/P8ToBeAnnounced/P8_VR_Home/Saved/VRTemplateMap_Auto3AE1DB0374901CC803F3B598ED832B256.tmp' to '../../../../../../Users/dmock/Unreal projects/P8/P8ToBeAnnounced/P8_VR_Home/Saved/Autosaves/Game/VRTemplate/Maps/VRTemplateMap_Auto3.umap'
[2022.04.12-10.28.59:217][426]LogFileHelpers: Editor autosave (incl. external actors) for '/Game/VRTemplate/Maps/VRTemplateMap' took 0.108
[2022.04.12-10.28.59:217][426]LogFileHelpers: Editor autosave (incl. sublevels & external actors) for all levels took 0.108
[2022.04.12-10.29.10:537][516]LogEditorViewport: Clicking on Actor (LMB): BP_Sky_Sphere_C (SkySpherePC2)
[2022.04.12-10.37.02:782][189]LogEditorViewport: Clicking on Actor (LMB): torque_wheel_v2_C (torque_wheel_v2)
[2022.04.12-10.44.27:655][724]LogTcpMessaging: Started Connection to '127.0.0.1:6666'
[2022.04.12-10.44.50:975][ 85]Cmd: TRANSACTION UNDO
[2022.04.12-10.44.50:975][ 85]LogEditorTransaction: Undo Change Collision Profile
[2022.04.12-10.44.51:442][104]Cmd: TRANSACTION UNDO
[2022.04.12-10.44.51:442][104]LogEditorTransaction: Undo Change Collision Profile
[2022.04.12-10.44.51:887][128]Cmd: TRANSACTION UNDO
[2022.04.12-10.44.51:888][128]LogEditorTransaction: Undo Change Collision Profile
[2022.04.12-10.44.52:366][155]Cmd: TRANSACTION UNDO
[2022.04.12-10.44.52:367][155]LogEditorTransaction: Undo Edit Collision Profile Name
[2022.04.12-10.45.14:357][441]Cmd: TRANSACTION UNDO
[2022.04.12-10.45.14:357][441]LogEditorTransaction: Undo Change Collision Profile
[2022.04.12-10.45.15:274][486]Cmd: TRANSACTION UNDO
[2022.04.12-10.45.15:274][486]LogEditorTransaction: Undo Clicking on Component (tree view)
[2022.04.12-10.45.18:069][648]Cmd: TRANSACTION UNDO
[2022.04.12-10.45.18:069][648]LogEditorTransaction: Undo Edit Update Overlaps Method During Level Streaming
[2022.04.12-10.46.29:585][860]LogUObjectHash: Compacting FUObjectHashTables data took   1.00ms
[2022.04.12-10.46.29:700][860]LogSavePackage: Moving '../../../../../../Users/dmock/Unreal projects/P8/P8ToBeAnnounced/P8_VR_Home/Saved/VRTemplateMap_Auto4CF4B7EFA43ADAD751D790381AE79E632.tmp' to '../../../../../../Users/dmock/Unreal projects/P8/P8ToBeAnnounced/P8_VR_Home/Saved/Autosaves/Game/VRTemplate/Maps/VRTemplateMap_Auto4.umap'
[2022.04.12-10.46.29:702][860]LogFileHelpers: Editor autosave (incl. external actors) for '/Game/VRTemplate/Maps/VRTemplateMap' took 0.123
[2022.04.12-10.46.29:702][860]LogFileHelpers: Editor autosave (incl. sublevels & external actors) for all levels took 0.123
[2022.04.12-10.46.52:529][181]LogEditorViewport: Clicking on Actor (LMB): StaticMeshActor (Group43_2)
[2022.04.12-10.47.56:926][ 43]LogTcpMessaging: Started Connection to '127.0.0.1:6666'
[2022.04.12-10.48.32:551][998]LogUObjectHash: Compacting FUObjectHashTables data took   0.98ms
[2022.04.12-10.48.33:720][998]LogSlate: Window 'Save Content' being destroyed
[2022.04.12-10.48.33:744][998]LogSavePackage: Moving '../../../../../../Users/dmock/Unreal projects/P8/P8ToBeAnnounced/P8_VR_Home/Saved/material04F8064EC4FB54D7DC40657AA7183FBC4.tmp' to '../../../../../../Users/dmock/Unreal projects/P8/P8ToBeAnnounced/P8_VR_Home/Content/ScriptsBluePrints/CoalSpawner/PileOfCOal/material0.uasset'
[2022.04.12-10.48.33:750][998]LogUObjectHash: Compacting FUObjectHashTables data took   0.34ms
[2022.04.12-10.48.33:853][998]LogSavePackage: Moving '../../../../../../Users/dmock/Unreal projects/P8/P8ToBeAnnounced/P8_VR_Home/Saved/VRTemplateMap0B8F324F4E3A2F2E760D32AEBBB8D57E.tmp' to '../../../../../../Users/dmock/Unreal projects/P8/P8ToBeAnnounced/P8_VR_Home/Content/VRTemplate/Maps/VRTemplateMap.umap'
[2022.04.12-10.48.33:866][998]LogFileHelpers: Saving map 'VRTemplateMap' took 0.120
[2022.04.12-10.48.33:995][998]LogSavePackage: Moving '../../../../../../Users/dmock/Unreal projects/P8/P8ToBeAnnounced/P8_VR_Home/Saved/VRTemplateMap_BuiltData48777E744233E38D247CA1ACCB2603D8.tmp' to '../../../../../../Users/dmock/Unreal projects/P8/P8ToBeAnnounced/P8_VR_Home/Content/VRTemplate/Maps/VRTemplateMap_BuiltData.uasset'
[2022.04.12-10.48.34:103][998]LogSavePackage: Moving '../../../../../../Users/dmock/Unreal projects/P8/P8ToBeAnnounced/P8_VR_Home/Saved/VRTemplateMap_BuiltDataC0922CDA4F908AFD0FFB35895E07CDCC.tmp' to '../../../../../../Users/dmock/Unreal projects/P8/P8ToBeAnnounced/P8_VR_Home/Content/VRTemplate/Maps/VRTemplateMap_BuiltData.uasset'
[2022.04.12-10.48.34:184][998]LogWorld: UWorld::CleanupWorld for World_2, bSessionEnded=true, bCleanupResources=true
[2022.04.12-10.48.34:184][998]LogSlate: InvalidateAllWidgets triggered.  All widgets were invalidated
[2022.04.12-10.48.34:226][998]LogSlate: Window 'P8_VR_Home - Unreal Editor' being destroyed
[2022.04.12-10.48.34:361][998]AssetCheck: New page: Asset Save: multiple assets
[2022.04.12-10.48.34:362][998]LogContentValidation: Display: Validating Material /Game/ScriptsBluePrints/CoalSpawner/PileOfCOal/material0.material0
[2022.04.12-10.48.34:362][998]LogContentValidation: Display: Validating MapBuildDataRegistry /Game/VRTemplate/Maps/VRTemplateMap_BuiltData.VRTemplateMap_BuiltData
[2022.04.12-10.48.34:362][998]LogContentValidation: Display: Validating World /Game/VRTemplate/Maps/VRTemplateMap.VRTemplateMap
[2022.04.12-10.48.34:365][999]Cmd: QUIT_EDITOR
[2022.04.12-10.48.34:366][999]LogCore: Engine exit requested (reason: UUnrealEdEngine::CloseEditor())
[2022.04.12-10.48.34:369][999]LogCore: Engine exit requested (reason: EngineExit() was called; note: exit was already requested)
[2022.04.12-10.48.34:374][999]LogAudio: Display: Beginning Audio Device Manager Shutdown (Module: AudioMixerXAudio2)...
[2022.04.12-10.48.34:374][999]LogAudio: Display: Destroying 1 Remaining Audio Device(s)...
[2022.04.12-10.48.34:374][999]LogAudio: Display: Audio Device unregistered from world 'VRTemplateMap'.
[2022.04.12-10.48.34:375][999]LogResonanceAudio: Display: Resonance Audio Listener is shutdown
[2022.04.12-10.48.34:376][999]LogAudioMixer: FMixerPlatformXAudio2::StopAudioStream() called
[2022.04.12-10.48.34:379][999]LogAudioMixer: FMixerPlatformXAudio2::StopAudioStream() called
[2022.04.12-10.48.34:390][999]LogAudio: Display: Audio Device Manager Shutdown
[2022.04.12-10.48.34:390][999]LogWindowsTextInputMethodSystem: Display: IME system deactivated.
[2022.04.12-10.48.34:397][999]LogExit: Preparing to exit.
[2022.04.12-10.48.34:411][999]LogUObjectHash: Compacting FUObjectHashTables data took   1.02ms
[2022.04.12-10.48.35:037][999]LogActorComponent: UnregisterComponent: (None.None) Not registered. Aborting.
[2022.04.12-10.48.35:038][999]LogActorComponent: UnregisterComponent: (None.None) Not registered. Aborting.
[2022.04.12-10.48.35:038][999]LogActorComponent: UnregisterComponent: (None.None) Not registered. Aborting.
[2022.04.12-10.48.35:038][999]LogActorComponent: UnregisterComponent: (None.None) Not registered. Aborting.
[2022.04.12-10.48.35:038][999]LogActorComponent: UnregisterComponent: (None.None) Not registered. Aborting.
[2022.04.12-10.48.35:038][999]LogActorComponent: UnregisterComponent: (None.None) Not registered. Aborting.
[2022.04.12-10.48.35:038][999]LogActorComponent: UnregisterComponent: (None.None) Not registered. Aborting.
[2022.04.12-10.48.35:038][999]LogWorld: UWorld::CleanupWorld for None, bSessionEnded=true, bCleanupResources=true
[2022.04.12-10.48.35:038][999]LogActorComponent: UnregisterComponent: (None.None) Not registered. Aborting.
[2022.04.12-10.48.35:038][999]LogActorComponent: UnregisterComponent: (None.None) Not registered. Aborting.
[2022.04.12-10.48.35:038][999]LogActorComponent: UnregisterComponent: (None.None) Not registered. Aborting.
[2022.04.12-10.48.35:038][999]LogActorComponent: UnregisterComponent: (None.None) Not registered. Aborting.
[2022.04.12-10.48.35:038][999]LogActorComponent: UnregisterComponent: (None.None) Not registered. Aborting.
[2022.04.12-10.48.35:038][999]LogActorComponent: UnregisterComponent: (None.None) Not registered. Aborting.
[2022.04.12-10.48.35:038][999]LogActorComponent: UnregisterComponent: (None.None) Not registered. Aborting.
[2022.04.12-10.48.35:038][999]LogWorld: UWorld::CleanupWorld for None, bSessionEnded=true, bCleanupResources=true
[2022.04.12-10.48.35:038][999]LogActorComponent: UnregisterComponent: (None.None) Not registered. Aborting.
[2022.04.12-10.48.35:038][999]LogActorComponent: UnregisterComponent: (None.None) Not registered. Aborting.
[2022.04.12-10.48.35:038][999]LogActorComponent: UnregisterComponent: (None.None) Not registered. Aborting.
[2022.04.12-10.48.35:038][999]LogActorComponent: UnregisterComponent: (None.None) Not registered. Aborting.
[2022.04.12-10.48.35:038][999]LogActorComponent: UnregisterComponent: (None.None) Not registered. Aborting.
[2022.04.12-10.48.35:038][999]LogActorComponent: UnregisterComponent: (None.None) Not registered. Aborting.
[2022.04.12-10.48.35:038][999]LogActorComponent: UnregisterComponent: (None.None) Not registered. Aborting.
[2022.04.12-10.48.35:038][999]LogWorld: UWorld::CleanupWorld for None, bSessionEnded=true, bCleanupResources=true
[2022.04.12-10.48.35:038][999]LogActorComponent: UnregisterComponent: (None.None) Not registered. Aborting.
[2022.04.12-10.48.35:038][999]LogActorComponent: UnregisterComponent: (None.None) Not registered. Aborting.
[2022.04.12-10.48.35:038][999]LogActorComponent: UnregisterComponent: (None.None) Not registered. Aborting.
[2022.04.12-10.48.35:038][999]LogActorComponent: UnregisterComponent: (None.None) Not registered. Aborting.
[2022.04.12-10.48.35:038][999]LogActorComponent: UnregisterComponent: (None.None) Not registered. Aborting.
[2022.04.12-10.48.35:038][999]LogActorComponent: UnregisterComponent: (None.None) Not registered. Aborting.
[2022.04.12-10.48.35:038][999]LogActorComponent: UnregisterComponent: (None.None) Not registered. Aborting.
[2022.04.12-10.48.35:038][999]LogWorld: UWorld::CleanupWorld for None, bSessionEnded=true, bCleanupResources=true
[2022.04.12-10.48.35:038][999]LogActorComponent: UnregisterComponent: (None.None) Not registered. Aborting.
[2022.04.12-10.48.35:038][999]LogActorComponent: UnregisterComponent: (None.None) Not registered. Aborting.
[2022.04.12-10.48.35:038][999]LogActorComponent: UnregisterComponent: (None.None) Not registered. Aborting.
[2022.04.12-10.48.35:038][999]LogActorComponent: UnregisterComponent: (None.None) Not registered. Aborting.
[2022.04.12-10.48.35:038][999]LogActorComponent: UnregisterComponent: (None.None) Not registered. Aborting.
[2022.04.12-10.48.35:038][999]LogActorComponent: UnregisterComponent: (None.None) Not registered. Aborting.
[2022.04.12-10.48.35:038][999]LogActorComponent: UnregisterComponent: (None.None) Not registered. Aborting.
[2022.04.12-10.48.35:038][999]LogWorld: UWorld::CleanupWorld for None, bSessionEnded=true, bCleanupResources=true
[2022.04.12-10.48.35:038][999]LogActorComponent: UnregisterComponent: (None.None) Not registered. Aborting.
[2022.04.12-10.48.35:038][999]LogActorComponent: UnregisterComponent: (None.None) Not registered. Aborting.
[2022.04.12-10.48.35:039][999]LogActorComponent: UnregisterComponent: (None.None) Not registered. Aborting.
[2022.04.12-10.48.35:039][999]LogActorComponent: UnregisterComponent: (None.None) Not registered. Aborting.
[2022.04.12-10.48.35:039][999]LogActorComponent: UnregisterComponent: (None.None) Not registered. Aborting.
[2022.04.12-10.48.35:039][999]LogActorComponent: UnregisterComponent: (None.None) Not registered. Aborting.
[2022.04.12-10.48.35:039][999]LogActorComponent: UnregisterComponent: (None.None) Not registered. Aborting.
[2022.04.12-10.48.35:039][999]LogWorld: UWorld::CleanupWorld for None, bSessionEnded=true, bCleanupResources=true
[2022.04.12-10.48.35:039][999]LogActorComponent: UnregisterComponent: (None.None) Not registered. Aborting.
[2022.04.12-10.48.35:039][999]LogActorComponent: UnregisterComponent: (None.None) Not registered. Aborting.
[2022.04.12-10.48.35:039][999]LogActorComponent: UnregisterComponent: (None.None) Not registered. Aborting.
[2022.04.12-10.48.35:039][999]LogActorComponent: UnregisterComponent: (None.None) Not registered. Aborting.
[2022.04.12-10.48.35:039][999]LogActorComponent: UnregisterComponent: (None.None) Not registered. Aborting.
[2022.04.12-10.48.35:039][999]LogActorComponent: UnregisterComponent: (None.None) Not registered. Aborting.
[2022.04.12-10.48.35:039][999]LogActorComponent: UnregisterComponent: (None.None) Not registered. Aborting.
[2022.04.12-10.48.35:039][999]LogWorld: UWorld::CleanupWorld for None, bSessionEnded=true, bCleanupResources=true
[2022.04.12-10.48.35:039][999]LogActorComponent: UnregisterComponent: (None.None) Not registered. Aborting.
[2022.04.12-10.48.35:039][999]LogActorComponent: UnregisterComponent: (None.None) Not registered. Aborting.
[2022.04.12-10.48.35:039][999]LogActorComponent: UnregisterComponent: (None.None) Not registered. Aborting.
[2022.04.12-10.48.35:039][999]LogActorComponent: UnregisterComponent: (None.None) Not registered. Aborting.
[2022.04.12-10.48.35:039][999]LogActorComponent: UnregisterComponent: (None.None) Not registered. Aborting.
[2022.04.12-10.48.35:039][999]LogActorComponent: UnregisterComponent: (None.None) Not registered. Aborting.
[2022.04.12-10.48.35:039][999]LogActorComponent: UnregisterComponent: (None.None) Not registered. Aborting.
[2022.04.12-10.48.35:039][999]LogWorld: UWorld::CleanupWorld for None, bSessionEnded=true, bCleanupResources=true
[2022.04.12-10.48.35:039][999]LogActorComponent: UnregisterComponent: (None.None) Not registered. Aborting.
[2022.04.12-10.48.35:039][999]LogActorComponent: UnregisterComponent: (None.None) Not registered. Aborting.
[2022.04.12-10.48.35:039][999]LogActorComponent: UnregisterComponent: (None.None) Not registered. Aborting.
[2022.04.12-10.48.35:039][999]LogActorComponent: UnregisterComponent: (None.None) Not registered. Aborting.
[2022.04.12-10.48.35:039][999]LogActorComponent: UnregisterComponent: (None.None) Not registered. Aborting.
[2022.04.12-10.48.35:039][999]LogActorComponent: UnregisterComponent: (None.None) Not registered. Aborting.
[2022.04.12-10.48.35:039][999]LogActorComponent: UnregisterComponent: (None.None) Not registered. Aborting.
[2022.04.12-10.48.35:039][999]LogWorld: UWorld::CleanupWorld for None, bSessionEnded=true, bCleanupResources=true
[2022.04.12-10.48.35:039][999]LogActorComponent: UnregisterComponent: (None.None) Not registered. Aborting.
[2022.04.12-10.48.35:039][999]LogActorComponent: UnregisterComponent: (None.None) Not registered. Aborting.
[2022.04.12-10.48.35:039][999]LogActorComponent: UnregisterComponent: (None.None) Not registered. Aborting.
[2022.04.12-10.48.35:039][999]LogActorComponent: UnregisterComponent: (None.None) Not registered. Aborting.
[2022.04.12-10.48.35:039][999]LogActorComponent: UnregisterComponent: (None.None) Not registered. Aborting.
[2022.04.12-10.48.35:039][999]LogActorComponent: UnregisterComponent: (None.None) Not registered. Aborting.
[2022.04.12-10.48.35:039][999]LogActorComponent: UnregisterComponent: (None.None) Not registered. Aborting.
[2022.04.12-10.48.35:039][999]LogWorld: UWorld::CleanupWorld for None, bSessionEnded=true, bCleanupResources=true
[2022.04.12-10.48.35:039][999]LogActorComponent: UnregisterComponent: (None.None) Not registered. Aborting.
[2022.04.12-10.48.35:039][999]LogActorComponent: UnregisterComponent: (None.None) Not registered. Aborting.
[2022.04.12-10.48.35:039][999]LogActorComponent: UnregisterComponent: (None.None) Not registered. Aborting.
[2022.04.12-10.48.35:039][999]LogActorComponent: UnregisterComponent: (None.None) Not registered. Aborting.
[2022.04.12-10.48.35:039][999]LogActorComponent: UnregisterComponent: (None.None) Not registered. Aborting.
[2022.04.12-10.48.35:039][999]LogActorComponent: UnregisterComponent: (None.None) Not registered. Aborting.
[2022.04.12-10.48.35:039][999]LogActorComponent: UnregisterComponent: (None.None) Not registered. Aborting.
[2022.04.12-10.48.35:039][999]LogWorld: UWorld::CleanupWorld for None, bSessionEnded=true, bCleanupResources=true
[2022.04.12-10.48.35:073][999]LogDemo: Cleaned up 0 splitscreen connections with owner deletion
[2022.04.12-10.48.35:082][999]LogWorld: UWorld::CleanupWorld for None, bSessionEnded=true, bCleanupResources=true
[2022.04.12-10.48.35:082][999]LogExit: Editor shut down
[2022.04.12-10.48.35:084][999]LogExit: Transaction tracking system shut down
[2022.04.12-10.48.35:577][999]LogExit: Object subsystem successfully closed.
[2022.04.12-10.48.35:603][999]LogShaderCompilers: Display: === FShaderJobCache stats ===
[2022.04.12-10.48.35:603][999]LogShaderCompilers: Display: Total job queries 520, among them cache hits 409 (78.65%)
[2022.04.12-10.48.35:603][999]LogShaderCompilers: Display: Tracking 63 distinct input hashes that result in 30 distinct outputs (47.62%)
[2022.04.12-10.48.35:603][999]LogShaderCompilers: Display: RAM used: 0.58 MB (0.00 GB) of 819.20 MB (0.80 GB) budget. Usage: 0.07%
[2022.04.12-10.48.35:603][999]LogShaderCompilers: Display: ================================================
[2022.04.12-10.48.35:621][999]LogShaderCompilers: Display: Shaders left to compile 0
[2022.04.12-10.48.35:793][999]LogModuleManager: Shutting down and abandoning module HierarchicalLODUtilities (908)
[2022.04.12-10.48.35:793][999]LogModuleManager: Shutting down and abandoning module HierarchicalLODOutliner (906)
[2022.04.12-10.48.35:793][999]LogModuleManager: Shutting down and abandoning module EnvironmentLightingViewer (904)
[2022.04.12-10.48.35:794][999]LogModuleManager: Shutting down and abandoning module AddContentDialog (902)
[2022.04.12-10.48.35:796][999]LogModuleManager: Shutting down and abandoning module WidgetCarousel (901)
[2022.04.12-10.48.35:796][999]LogModuleManager: Shutting down and abandoning module EditorWidgets (898)
[2022.04.12-10.48.35:796][999]LogModuleManager: Shutting down and abandoning module SceneOutliner (896)
[2022.04.12-10.48.35:796][999]LogModuleManager: Shutting down and abandoning module StatsViewer (894)
[2022.04.12-10.48.35:796][999]LogModuleManager: Shutting down and abandoning module PIEPreviewDeviceProfileSelector (892)
[2022.04.12-10.48.35:797][999]LogModuleManager: Shutting down and abandoning module SequenceRecorderSections (890)
[2022.04.12-10.48.35:797][999]LogModuleManager: Shutting down and abandoning module AutomationWorker (888)
[2022.04.12-10.48.35:797][999]LogModuleManager: Shutting down and abandoning module OculusMR (886)
[2022.04.12-10.48.35:797][999]LogModuleManager: Shutting down and abandoning module TextureAlignMode (884)
[2022.04.12-10.48.35:797][999]LogModuleManager: Shutting down and abandoning module BspMode (882)
[2022.04.12-10.48.35:797][999]LogModuleManager: Shutting down and abandoning module GeometryMode (880)
[2022.04.12-10.48.35:797][999]LogModuleManager: Shutting down and abandoning module ResonanceAudioEditor (878)
[2022.04.12-10.48.35:797][999]LogModuleManager: Shutting down and abandoning module OpenXRInput (876)
[2022.04.12-10.48.35:797][999]LogModuleManager: Shutting down and abandoning module GooglePADEditor (874)
[2022.04.12-10.48.35:797][999]LogModuleManager: Shutting down and abandoning module AudioCaptureEditor (872)
[2022.04.12-10.48.35:797][999]LogModuleManager: Shutting down and abandoning module TakeRecorderSources (870)
[2022.04.12-10.48.35:798][999]LogModuleManager: Shutting down and abandoning module TakeRecorder (869)
[2022.04.12-10.48.35:798][999]LogModuleManager: Shutting down and abandoning module TakeTrackRecorders (866)
[2022.04.12-10.48.35:799][999]LogModuleManager: Shutting down and abandoning module TakesCore (864)
[2022.04.12-10.48.35:799][999]LogModuleManager: Shutting down and abandoning module PlanarCut (862)
[2022.04.12-10.48.35:799][999]LogModuleManager: Shutting down and abandoning module WmfMediaFactory (860)
[2022.04.12-10.48.35:799][999]LogModuleManager: Shutting down and abandoning module WmfMediaEditor (858)
[2022.04.12-10.48.35:799][999]LogModuleManager: Shutting down and abandoning module WebMMediaFactory (856)
[2022.04.12-10.48.35:799][999]LogModuleManager: Shutting down and abandoning module WebMMediaEditor (854)
[2022.04.12-10.48.35:800][999]LogModuleManager: Shutting down and abandoning module WebMMedia (852)
[2022.04.12-10.48.35:800][999]LogModuleManager: Shutting down and abandoning module MediaPlayerEditor (850)
[2022.04.12-10.48.35:800][999]LogModuleManager: Shutting down and abandoning module TemplateSequenceEditor (848)
[2022.04.12-10.48.35:800][999]LogModuleManager: Shutting down and abandoning module MatineeToLevelSequence (846)
[2022.04.12-10.48.35:800][999]LogModuleManager: Shutting down and abandoning module MediaCompositingEditor (844)
[2022.04.12-10.48.35:801][999]LogModuleManager: Shutting down and abandoning module SequenceRecorder (843)
[2022.04.12-10.48.35:801][999]LogModuleManager: Shutting down and abandoning module LevelSequenceEditor (840)
[2022.04.12-10.48.35:801][999]LogModuleManager: Shutting down and abandoning module ActorSequenceEditor (838)
[2022.04.12-10.48.35:801][999]LogModuleManager: Shutting down and abandoning module OpenExrWrapper (836)
[2022.04.12-10.48.35:801][999]LogModuleManager: Shutting down and abandoning module ImgMediaFactory (834)
[2022.04.12-10.48.35:801][999]LogModuleManager: Shutting down and abandoning module ImgMediaEditor (832)
[2022.04.12-10.48.35:801][999]LogModuleManager: Shutting down and abandoning module AvfMediaFactory (830)
[2022.04.12-10.48.35:802][999]LogModuleManager: Shutting down and abandoning module AvfMediaEditor (828)
[2022.04.12-10.48.35:802][999]LogModuleManager: Shutting down and abandoning module AndroidMediaFactory (826)
[2022.04.12-10.48.35:802][999]LogModuleManager: Shutting down and abandoning module AndroidMediaEditor (824)
[2022.04.12-10.48.35:802][999]LogModuleManager: Shutting down and abandoning module CharacterAI (822)
[2022.04.12-10.48.35:802][999]LogModuleManager: Shutting down and abandoning module MagicLeapMediaCodecFactory (820)
[2022.04.12-10.48.35:802][999]LogModuleManager: Shutting down and abandoning module MagicLeapMediaFactory (818)
[2022.04.12-10.48.35:802][999]LogModuleManager: Shutting down and abandoning module MagicLeapMediaEditor (816)
[2022.04.12-10.48.35:802][999]LogModuleManager: Shutting down and abandoning module CameraShakePreviewer (814)
[2022.04.12-10.48.35:802][999]LogModuleManager: Shutting down and abandoning module SmartSnapping (812)
[2022.04.12-10.48.35:802][999]LogModuleManager: Shutting down and abandoning module SessionServices (810)
[2022.04.12-10.48.35:802][999]LogModuleManager: Shutting down and abandoning module MeshPaint (808)
[2022.04.12-10.48.35:802][999]LogModuleManager: Shutting down and abandoning module VirtualTexturingEditor (806)
[2022.04.12-10.48.35:802][999]LogModuleManager: Shutting down and abandoning module FoliageEdit (804)
[2022.04.12-10.48.35:802][999]LogModuleManager: Shutting down and abandoning module LandscapeEditor (802)
[2022.04.12-10.48.35:804][999]LogModuleManager: Shutting down and abandoning module MeshPaintMode (800)
[2022.04.12-10.48.35:804][999]LogModuleManager: Shutting down and abandoning module SceneDepthPickerMode (798)
[2022.04.12-10.48.35:804][999]LogModuleManager: Shutting down and abandoning module ActorPickerMode (796)
[2022.04.12-10.48.35:804][999]LogModuleManager: Shutting down and abandoning module PlacementMode (794)
[2022.04.12-10.48.35:804][999]LogModuleManager: Shutting down and abandoning module ViewportSnapping (792)
[2022.04.12-10.48.35:804][999]LogModuleManager: Shutting down and abandoning module ViewportInteraction (790)
[2022.04.12-10.48.35:804][999]LogModuleManager: Shutting down and abandoning module ClothPainter (788)
[2022.04.12-10.48.35:804][999]LogModuleManager: Shutting down and abandoning module SkeletalMeshEditor (787)
[2022.04.12-10.48.35:804][999]LogModuleManager: Shutting down and abandoning module LogVisualizer (784)
[2022.04.12-10.48.35:804][999]LogModuleManager: Shutting down and abandoning module IntroTutorials (782)
[2022.04.12-10.48.35:805][999]LogModuleManager: Shutting down and abandoning module GameProjectGeneration (781)
[2022.04.12-10.48.35:805][999]LogModuleManager: Shutting down and abandoning module LuminPlatformEditor (778)
[2022.04.12-10.48.35:805][999]LogModuleManager: Shutting down and abandoning module IOSPlatformEditor (776)
[2022.04.12-10.48.35:805][999]LogModuleManager: Shutting down and abandoning module AndroidPlatformEditor (774)
[2022.04.12-10.48.35:805][999]LogModuleManager: Shutting down and abandoning module AndroidDeviceDetection (773)
[2022.04.12-10.48.37:198][999]LogModuleManager: Shutting down and abandoning module WindowsPlatformEditor (770)
[2022.04.12-10.48.37:198][999]LogModuleManager: Shutting down and abandoning module LuminRuntimeSettings (768)
[2022.04.12-10.48.37:198][999]LogModuleManager: Shutting down and abandoning module IOSRuntimeSettings (766)
[2022.04.12-10.48.37:198][999]LogModuleManager: Shutting down and abandoning module AndroidRuntimeSettings (764)
[2022.04.12-10.48.37:198][999]LogModuleManager: Shutting down and abandoning module TraceInsights (762)
[2022.04.12-10.48.37:198][999]MemoryProfiler: Shutdown
[2022.04.12-10.48.37:198][999]NetworkingProfiler: Shutdown
[2022.04.12-10.48.37:200][999]LoadingProfiler: Shutdown
[2022.04.12-10.48.37:200][999]TimingProfiler: Shutdown
[2022.04.12-10.48.37:200][999]LogModuleManager: Shutting down and abandoning module TraceServices (761)
[2022.04.12-10.48.37:200][999]LogModuleManager: Shutting down and abandoning module EditorInteractiveToolsFramework (758)
[2022.04.12-10.48.37:200][999]LogModuleManager: Shutting down and abandoning module TimeManagementEditor (756)
[2022.04.12-10.48.37:200][999]LogModuleManager: Shutting down and abandoning module InputBindingEditor (754)
[2022.04.12-10.48.37:200][999]LogModuleManager: Shutting down and abandoning module MergeActors (752)
[2022.04.12-10.48.37:200][999]LogModuleManager: Shutting down and abandoning module LocalizationDashboard (750)
[2022.04.12-10.48.37:200][999]LogModuleManager: Shutting down and abandoning module LocalizationService (749)
[2022.04.12-10.48.37:200][999]LogModuleManager: Shutting down and abandoning module HardwareTargeting (746)
[2022.04.12-10.48.37:200][999]LogModuleManager: Shutting down and abandoning module DeviceProfileEditor (744)
[2022.04.12-10.48.37:200][999]LogModuleManager: Shutting down and abandoning module UndoHistory (742)
[2022.04.12-10.48.37:200][999]LogModuleManager: Shutting down and abandoning module XmlParser (740)
[2022.04.12-10.48.37:200][999]LogModuleManager: Shutting down and abandoning module Blutility (738)
[2022.04.12-10.48.37:200][999]LogModuleManager: Shutting down and abandoning module ProjectSettingsViewer (736)
[2022.04.12-10.48.37:200][999]LogModuleManager: Shutting down and abandoning module ProjectTargetPlatformEditor (735)
[2022.04.12-10.48.37:201][999]LogModuleManager: Shutting down and abandoning module EditorSettingsViewer (732)
[2022.04.12-10.48.37:201][999]LogModuleManager: Shutting down and abandoning module InternationalizationSettings (731)
[2022.04.12-10.48.37:201][999]LogModuleManager: Shutting down and abandoning module SettingsEditor (728)
[2022.04.12-10.48.37:201][999]LogModuleManager: Shutting down and abandoning module ProjectLauncher (726)
[2022.04.12-10.48.37:201][999]LogModuleManager: Shutting down and abandoning module SessionFrontend (724)
[2022.04.12-10.48.37:201][999]LogModuleManager: Shutting down and abandoning module ProfilerClient (722)
[2022.04.12-10.48.37:201][999]LogModuleManager: Shutting down and abandoning module DeviceManager (720)
[2022.04.12-10.48.37:201][999]LogModuleManager: Shutting down and abandoning module TargetDeviceServices (719)
[2022.04.12-10.48.37:243][999]LogModuleManager: Shutting down and abandoning module AutomationController (716)
[2022.04.12-10.48.37:243][999]LogModuleManager: Shutting down and abandoning module AutomationWindow (714)
[2022.04.12-10.48.37:243][999]LogModuleManager: Shutting down and abandoning module Layers (712)
[2022.04.12-10.48.37:244][999]LogModuleManager: Shutting down and abandoning module ComponentVisualizers (710)
[2022.04.12-10.48.37:244][999]LogModuleManager: Shutting down and abandoning module DetailCustomizations (708)
[2022.04.12-10.48.37:244][999]LogModuleManager: Shutting down and abandoning module PackagesDialog (706)
[2022.04.12-10.48.37:245][999]LogModuleManager: Shutting down and abandoning module AnimationBlueprintEditor (704)
[2022.04.12-10.48.37:245][999]LogModuleManager: Shutting down and abandoning module Persona (702)
[2022.04.12-10.48.37:245][999]LogModuleManager: Shutting down and abandoning module AnimGraph (701)
[2022.04.12-10.48.37:246][999]LogModuleManager: Shutting down and abandoning module Kismet (698)
[2022.04.12-10.48.37:248][999]LogModuleManager: Shutting down and abandoning module KismetWidgets (697)
[2022.04.12-10.48.37:248][999]LogModuleManager: Shutting down and abandoning module GraphEditor (694)
[2022.04.12-10.48.37:248][999]LogModuleManager: Shutting down and abandoning module StructViewer (692)
[2022.04.12-10.48.37:248][999]LogModuleManager: Shutting down and abandoning module ClassViewer (690)
[2022.04.12-10.48.37:248][999]LogModuleManager: Shutting down and abandoning module Toolbox (688)
[2022.04.12-10.48.37:248][999]LogModuleManager: Shutting down and abandoning module ModuleUI (686)
[2022.04.12-10.48.37:248][999]LogModuleManager: Shutting down and abandoning module OutputLog (684)
[2022.04.12-10.48.37:250][999]LogModuleManager: Shutting down and abandoning module GammaUI (682)
[2022.04.12-10.48.37:250][999]LogModuleManager: Shutting down and abandoning module Documentation (680)
[2022.04.12-10.48.37:250][999]LogModuleManager: Shutting down and abandoning module LiveCoding (678)
[2022.04.12-10.48.37:250][999]LogModuleManager: Shutting down and abandoning module LevelSequence (676)
[2022.04.12-10.48.37:250][999]LogModuleManager: Shutting down and abandoning module MovieSceneTracks (674)
[2022.04.12-10.48.37:250][999]LogModuleManager: Shutting down and abandoning module MovieScene (672)
[2022.04.12-10.48.37:252][999]LogModuleManager: Shutting down and abandoning module StreamingPauseRendering (670)
[2022.04.12-10.48.37:252][999]LogModuleManager: Shutting down and abandoning module LauncherPlatform (668)
[2022.04.12-10.48.37:252][999]LogModuleManager: Shutting down and abandoning module AnalyticsET (666)
[2022.04.12-10.48.37:252][999]LogModuleManager: Shutting down and abandoning module PortalServices (664)
[2022.04.12-10.48.37:252][999]LogModuleManager: Shutting down and abandoning module PortalRpc (662)
[2022.04.12-10.48.37:252][999]LogModuleManager: Shutting down and abandoning module MessagingRpc (660)
[2022.04.12-10.48.37:252][999]LogModuleManager: Shutting down and abandoning module AudioMixerXAudio2 (658)
[2022.04.12-10.48.37:252][999]LogModuleManager: Shutting down and abandoning module AudioMixerCore (657)
[2022.04.12-10.48.37:252][999]LogModuleManager: Shutting down and abandoning module AIModule (654)
[2022.04.12-10.48.37:252][999]LogModuleManager: Shutting down and abandoning module GameplayDebugger (653)
[2022.04.12-10.48.37:253][999]LogModuleManager: Shutting down and abandoning module AITestSuite (651)
[2022.04.12-10.48.37:253][999]LogModuleManager: Shutting down and abandoning module NavigationSystem (649)
[2022.04.12-10.48.37:253][999]LogModuleManager: Shutting down and abandoning module ImageWriteQueue (646)
[2022.04.12-10.48.37:258][999]LogModuleManager: Shutting down and abandoning module ProfilerService (644)
[2022.04.12-10.48.37:298][999]LogModuleManager: Shutting down and abandoning module TaskGraph (642)
[2022.04.12-10.48.37:298][999]LogModuleManager: Shutting down and abandoning module AudioSynesthesiaEditor (640)
[2022.04.12-10.48.37:299][999]LogModuleManager: Shutting down and abandoning module ContentBrowserFileDataSource (638)
[2022.04.12-10.48.37:299][999]LogModuleManager: Shutting down and abandoning module ContentBrowserClassDataSource (636)
[2022.04.12-10.48.37:299][999]LogModuleManager: Shutting down and abandoning module ContentBrowserAssetDataSource (634)
[2022.04.12-10.48.37:299][999]LogModuleManager: Shutting down and abandoning module CollectionManager (633)
[2022.04.12-10.48.37:300][999]LogModuleManager: Shutting down and abandoning module OculusEditor (630)
[2022.04.12-10.48.37:302][999]LogModuleManager: Shutting down and abandoning module OculusInput (628)
[2022.04.12-10.48.37:302][999]LogModuleManager: Shutting down and abandoning module PluginBrowser (626)
[2022.04.12-10.48.37:303][999]LogModuleManager: Shutting down and abandoning module SpeedTreeImporter (624)
[2022.04.12-10.48.37:303][999]LogModuleManager: Shutting down and abandoning module MobileLauncherProfileWizard (622)
[2022.04.12-10.48.37:303][999]LogModuleManager: Shutting down and abandoning module PolygonModeling (620)
[2022.04.12-10.48.37:303][999]LogModuleManager: Shutting down and abandoning module MeshEditor (618)
[2022.04.12-10.48.37:303][999]LogModuleManager: Shutting down and abandoning module MaterialAnalyzer (616)
[2022.04.12-10.48.37:303][999]LogModuleManager: Shutting down and abandoning module EditorScriptingUtilities (614)
[2022.04.12-10.48.37:303][999]LogModuleManager: Shutting down and abandoning module CurveEditorTools (612)
[2022.04.12-10.48.37:304][999]LogModuleManager: Shutting down and abandoning module CryptoKeysOpenSSL (610)
[2022.04.12-10.48.37:304][999]LogModuleManager: Shutting down and abandoning module CryptoKeys (608)
[2022.04.12-10.48.37:304][999]LogModuleManager: Shutting down and abandoning module SynthesisEditor (606)
[2022.04.12-10.48.37:304][999]LogModuleManager: Shutting down and abandoning module Synthesis (604)
[2022.04.12-10.48.37:304][999]LogModuleManager: Shutting down and abandoning module ResonanceAudio (602)
[2022.04.12-10.48.37:304][999]LogModuleManager: Shutting down and abandoning module ProceduralMeshComponentEditor (600)
[2022.04.12-10.48.37:305][999]LogModuleManager: Shutting down and abandoning module ProceduralMeshComponent (598)
[2022.04.12-10.48.37:305][999]LogModuleManager: Shutting down and abandoning module OpenXREditor (596)
[2022.04.12-10.48.37:305][999]LogModuleManager: Shutting down and abandoning module MobilePatchingUtils (594)
[2022.04.12-10.48.37:305][999]LogModuleManager: Shutting down and abandoning module GooglePAD (592)
[2022.04.12-10.48.37:305][999]LogModuleManager: Shutting down and abandoning module EditableMesh (590)
[2022.04.12-10.48.37:305][999]LogModuleManager: Shutting down and abandoning module CustomMeshComponent (588)
[2022.04.12-10.48.37:305][999]LogModuleManager: Shutting down and abandoning module CableComponent (586)
[2022.04.12-10.48.37:305][999]LogModuleManager: Shutting down and abandoning module AudioCapture (584)
[2022.04.12-10.48.37:305][999]LogModuleManager: Shutting down and abandoning module AudioCaptureRtAudio (583)
[2022.04.12-10.48.37:305][999]LogModuleManager: Shutting down and abandoning module AssetTags (580)
[2022.04.12-10.48.37:305][999]LogModuleManager: Shutting down and abandoning module ArchVisCharacter (578)
[2022.04.12-10.48.37:305][999]LogModuleManager: Shutting down and abandoning module AppleImageUtilsBlueprintSupport (576)
[2022.04.12-10.48.37:305][999]LogModuleManager: Shutting down and abandoning module AppleImageUtils (574)
[2022.04.12-10.48.37:305][999]LogModuleManager: Shutting down and abandoning module AndroidPermission (572)
[2022.04.12-10.48.37:305][999]LogModuleManager: Shutting down and abandoning module ActorLayerUtilitiesEditor (570)
[2022.04.12-10.48.37:305][999]LogModuleManager: Shutting down and abandoning module ActorLayerUtilities (568)
[2022.04.12-10.48.37:305][999]LogModuleManager: Shutting down and abandoning module ScreenshotTools (566)
[2022.04.12-10.48.37:305][999]LogModuleManager: Shutting down and abandoning module TakeSequencer (564)
[2022.04.12-10.48.37:305][999]LogModuleManager: Shutting down and abandoning module TakeMovieScene (562)
[2022.04.12-10.48.37:305][999]LogModuleManager: Shutting down and abandoning module OpenImageDenoise (560)
[2022.04.12-10.48.37:305][999]LogOpenImageDenoise: OIDN shutting down
[2022.04.12-10.48.37:305][999]LogModuleManager: Shutting down and abandoning module MotoSynthEditor (558)
[2022.04.12-10.48.37:305][999]LogModuleManager: Shutting down and abandoning module MotoSynth (556)
[2022.04.12-10.48.37:305][999]LogModuleManager: Shutting down and abandoning module MeshConversion (554)
[2022.04.12-10.48.37:305][999]LogModuleManager: Shutting down and abandoning module DynamicMesh (552)
[2022.04.12-10.48.37:306][999]LogModuleManager: Shutting down and abandoning module GeometryAlgorithms (550)
[2022.04.12-10.48.37:306][999]LogModuleManager: Shutting down and abandoning module GeometricObjects (548)
[2022.04.12-10.48.37:306][999]LogModuleManager: Shutting down and abandoning module TemplateSequence (546)
[2022.04.12-10.48.37:306][999]LogModuleManager: Shutting down and abandoning module MediaCompositing (544)
[2022.04.12-10.48.37:306][999]LogModuleManager: Shutting down and abandoning module ImgMedia (542)
[2022.04.12-10.48.37:306][999]LogModuleManager: Shutting down and abandoning module GeometryCollectionTracks (540)
[2022.04.12-10.48.37:306][999]LogModuleManager: Shutting down and abandoning module GeometryCollectionSequencer (539)
[2022.04.12-10.48.37:306][999]LogModuleManager: Shutting down and abandoning module GeometryCollectionEditor (536)
[2022.04.12-10.48.37:306][999]LogModuleManager: Shutting down and abandoning module GeometryCacheTracks (534)
[2022.04.12-10.48.37:306][999]LogModuleManager: Shutting down and abandoning module GeometryCacheStreamer (532)
[2022.04.12-10.48.37:307][999]LogModuleManager: Shutting down and abandoning module GeometryCacheSequencer (530)
[2022.04.12-10.48.37:307][999]LogModuleManager: Shutting down and abandoning module ChaosSolverEditor (528)
[2022.04.12-10.48.37:307][999]LogModuleManager: Shutting down and abandoning module BackChannel (526)
[2022.04.12-10.48.37:307][999]LogModuleManager: Shutting down and abandoning module FractureEditor (524)
[2022.04.12-10.48.37:307][999]LogModuleManager: Shutting down and abandoning module ChaosNiagara (522)
[2022.04.12-10.48.37:307][999]LogModuleManager: Shutting down and abandoning module AutomationUtilsEditor (520)
[2022.04.12-10.48.37:307][999]LogModuleManager: Shutting down and abandoning module AutomationUtils (518)
[2022.04.12-10.48.37:307][999]LogModuleManager: Shutting down and abandoning module ChaosClothEditor (516)
[2022.04.12-10.48.37:308][999]LogModuleManager: Shutting down and abandoning module BlastCore (514)
[2022.04.12-10.48.37:308][999]LogModuleManager: Shutting down and abandoning module BlastAuthoring (512)
[2022.04.12-10.48.37:308][999]LogModuleManager: Shutting down and abandoning module AlembicImporter (510)
[2022.04.12-10.48.37:308][999]LogModuleManager: Shutting down and abandoning module AlembicLibrary (509)
[2022.04.12-10.48.37:308][999]LogModuleManager: Shutting down and abandoning module GeometryCache (508)
[2022.04.12-10.48.37:308][999]LogModuleManager: Shutting down and abandoning module GeometryCacheEd (507)
[2022.04.12-10.48.37:308][999]LogModuleManager: Shutting down and abandoning module MagicLeapSharedWorld (502)
[2022.04.12-10.48.37:308][999]LogModuleManager: Shutting down and abandoning module VariantManager (500)
[2022.04.12-10.48.37:309][999]LogModuleManager: Shutting down and abandoning module MagicLeapLightEstimation (498)
[2022.04.12-10.48.37:309][999]LogModuleManager: Shutting down and abandoning module MagicLeapHelperVulkan (496)
[2022.04.12-10.48.37:309][999]LogModuleManager: Shutting down and abandoning module MagicLeapHelperOpenGL (494)
[2022.04.12-10.48.37:309][999]LogModuleManager: Shutting down and abandoning module MagicLeapAudio (492)
[2022.04.12-10.48.37:309][999]LogModuleManager: Shutting down and abandoning module NiagaraEditorWidgets (490)
[2022.04.12-10.48.37:310][999]LogModuleManager: Shutting down and abandoning module StaticMeshEditorExtension (488)
[2022.04.12-10.48.37:310][999]LogModuleManager: Shutting down and abandoning module StaticMeshEditor (487)
[2022.04.12-10.48.37:310][999]LogModuleManager: Shutting down and abandoning module AdvancedPreviewScene (486)
[2022.04.12-10.48.37:310][999]LogModuleManager: Shutting down and abandoning module MeshProcessingLibrary (483)
[2022.04.12-10.48.37:311][999]LogModuleManager: Shutting down and abandoning module VariantManagerContentEditor (480)
[2022.04.12-10.48.37:311][999]LogModuleManager: Shutting down and abandoning module DirectLinkTest (478)
[2022.04.12-10.48.37:312][999]LogModuleManager: Shutting down and abandoning module DatasmithNativeTranslator (476)
[2022.04.12-10.48.37:312][999]LogModuleManager: Shutting down and abandoning module DatasmithTranslator (474)
[2022.04.12-10.48.37:312][999]LogModuleManager: Shutting down and abandoning module DatasmithImporter (472)
[2022.04.12-10.48.37:312][999]LogModuleManager: Shutting down and abandoning module FieldSystemEngine (471)
[2022.04.12-10.48.37:312][999]LogModuleManager: Shutting down and abandoning module DataprepEditorScriptingUtilities (468)
[2022.04.12-10.48.37:312][999]LogModuleManager: Shutting down and abandoning module DataprepLibraries (466)
[2022.04.12-10.48.37:312][999]LogModuleManager: Shutting down and abandoning module DataprepCore (464)
[2022.04.12-10.48.37:312][999]LogModuleManager: Shutting down and abandoning module DataprepEditor (462)
[2022.04.12-10.48.37:313][999]LogModuleManager: Shutting down and abandoning module DatasmithContentEditor (460)
[2022.04.12-10.48.37:314][999]LogModuleManager: Shutting down and abandoning module OodleNetworkHandlerComponent (458)
[2022.04.12-10.48.37:314][999]LogModuleManager: Shutting down and abandoning module VisualStudioSourceCodeAccess (456)
[2022.04.12-10.48.37:314][999]LogModuleManager: Shutting down and abandoning module VisualStudioCodeSourceCodeAccess (454)
[2022.04.12-10.48.37:314][999]LogModuleManager: Shutting down and abandoning module UObjectPlugin (452)
[2022.04.12-10.48.37:314][999]LogModuleManager: Shutting down and abandoning module SubversionSourceControl (450)
[2022.04.12-10.48.37:315][999]LogModuleManager: Shutting down and abandoning module RiderSourceCodeAccess (448)
[2022.04.12-10.48.37:315][999]LogModuleManager: Shutting down and abandoning module PerforceSourceControl (446)
[2022.04.12-10.48.37:316][999]LogModuleManager: Shutting down and abandoning module PluginUtils (444)
[2022.04.12-10.48.37:316][999]LogModuleManager: Shutting down and abandoning module PlasticSourceControl (442)
[2022.04.12-10.48.37:316][999]LogModuleManager: Shutting down and abandoning module GitSourceControl (440)
[2022.04.12-10.48.37:317][999]LogModuleManager: Shutting down and abandoning module SourceControl (439)
[2022.04.12-10.48.37:317][999]LogModuleManager: Shutting down and abandoning module AnimationSharingEd (436)
[2022.04.12-10.48.37:317][999]LogModuleManager: Shutting down and abandoning module CLionSourceCodeAccess (434)
[2022.04.12-10.48.37:317][999]LogModuleManager: Shutting down and abandoning module LightPropagationVolumeEditor (432)
[2022.04.12-10.48.37:317][999]LogModuleManager: Shutting down and abandoning module LiveLinkSequencer (430)
[2022.04.12-10.48.37:317][999]LogModuleManager: Shutting down and abandoning module LiveLinkMovieScene (428)
[2022.04.12-10.48.37:317][999]LogModuleManager: Shutting down and abandoning module LiveLinkGraphNode (426)
[2022.04.12-10.48.37:317][999]LogModuleManager: Shutting down and abandoning module LiveLinkEditor (424)
[2022.04.12-10.48.37:318][999]LogModuleManager: Shutting down and abandoning module LiveLinkComponents (422)
[2022.04.12-10.48.37:318][999]LogModuleManager: Shutting down and abandoning module LiveLink (420)
[2022.04.12-10.48.38:270][999]LogModuleManager: Shutting down and abandoning module PaperTiledImporter (418)
[2022.04.12-10.48.38:270][999]LogModuleManager: Shutting down and abandoning module PaperSpriteSheetImporter (416)
[2022.04.12-10.48.38:270][999]LogModuleManager: Shutting down and abandoning module Paper2DEditor (414)
[2022.04.12-10.48.38:271][999]LogModuleManager: Shutting down and abandoning module MeshPaintingToolset (412)
[2022.04.12-10.48.38:271][999]LogModuleManager: Shutting down and abandoning module MeshPaintEditorMode (410)
[2022.04.12-10.48.38:271][999]LogModuleManager: Shutting down and abandoning module P8_VR_Home (408)
[2022.04.12-10.48.38:271][999]LogModuleManager: Shutting down and abandoning module GameplayTagsEditor (406)
[2022.04.12-10.48.38:272][999]LogModuleManager: Shutting down and abandoning module FacialAnimationEditor (404)
[2022.04.12-10.48.38:272][999]LogModuleManager: Shutting down and abandoning module FacialAnimation (402)
[2022.04.12-10.48.38:272][999]LogModuleManager: Shutting down and abandoning module DataValidation (400)
[2022.04.12-10.48.38:272][999]LogModuleManager: Shutting down and abandoning module AssetManagerEditor (398)
[2022.04.12-10.48.38:272][999]LogModuleManager: Shutting down and abandoning module LevelEditor (397)
[2022.04.12-10.48.38:276][999]LogModuleManager: Shutting down and abandoning module PixelInspectorModule (396)
[2022.04.12-10.48.38:276][999]LogModuleManager: Shutting down and abandoning module CommonMenuExtensions (394)
[2022.04.12-10.48.38:276][999]LogModuleManager: Shutting down and abandoning module MainFrame (392)
[2022.04.12-10.48.38:276][999]LogModuleManager: Shutting down and abandoning module HotReload (391)
[2022.04.12-10.48.38:277][999]LogModuleManager: Shutting down and abandoning module ToolMenus (387)
[2022.04.12-10.48.38:277][999]LogModuleManager: Shutting down and abandoning module TreeMap (385)
[2022.04.12-10.48.38:277][999]LogModuleManager: Shutting down and abandoning module SoundFields (382)
[2022.04.12-10.48.38:277][999]LogModuleManager: Shutting down and abandoning module SignificanceManager (380)
[2022.04.12-10.48.38:277][999]LogModuleManager: Shutting down and abandoning module PhysXVehiclesEditor (378)
[2022.04.12-10.48.38:277][999]LogModuleManager: Shutting down and abandoning module RuntimePhysXCooking (374)
[2022.04.12-10.48.38:277][999]LogModuleManager: Shutting down and abandoning module PropertyAccessEditor (372)
[2022.04.12-10.48.38:277][999]LogModuleManager: Shutting down and abandoning module LocationServicesBPLibrary (370)
[2022.04.12-10.48.38:277][999]LogModuleManager: Shutting down and abandoning module AudioSynesthesia (368)
[2022.04.12-10.48.38:277][999]LogModuleManager: Shutting down and abandoning module AudioSynesthesiaCore (366)
[2022.04.12-10.48.38:277][999]LogModuleManager: Shutting down and abandoning module PythonScriptPlugin (364)
[2022.04.12-10.48.38:277][999]LogModuleManager: Shutting down and abandoning module UdpMessaging (362)
[2022.04.12-10.48.38:377][999]LogModuleManager: Shutting down and abandoning module TcpMessaging (360)
[2022.04.12-10.48.38:478][999]LogModuleManager: Shutting down and abandoning module ActorSequence (358)
[2022.04.12-10.48.38:478][999]LogModuleManager: Shutting down and abandoning module ImgMediaEngine (356)
[2022.04.12-10.48.38:478][999]LogModuleManager: Shutting down and abandoning module MagicLeapARPin (354)
[2022.04.12-10.48.38:478][999]LogModuleManager: Shutting down and abandoning module MagicLeapHandMeshing (352)
[2022.04.12-10.48.38:478][999]LogModuleManager: Shutting down and abandoning module MagicLeapSecureStorage (350)
[2022.04.12-10.48.38:478][999]LogModuleManager: Shutting down and abandoning module MagicLeapPrivileges (348)
[2022.04.12-10.48.38:478][999]LogModuleManager: Shutting down and abandoning module MagicLeapPlanes (346)
[2022.04.12-10.48.38:478][999]LogMagicLeapPlanes: Planes tracker already destroyed.
[2022.04.12-10.48.38:478][999]LogModuleManager: Shutting down and abandoning module MagicLeapImageTracker (344)
[2022.04.12-10.48.38:478][999]LogModuleManager: Shutting down and abandoning module MagicLeapIdentity (342)
[2022.04.12-10.48.38:479][999]LogModuleManager: Shutting down and abandoning module MagicLeapHandTracking (340)
[2022.04.12-10.48.38:479][999]LogModuleManager: Shutting down and abandoning module MagicLeapEyeTracker (338)
[2022.04.12-10.48.38:479][999]LogModuleManager: Shutting down and abandoning module MagicLeapController (336)
[2022.04.12-10.48.38:479][999]LogModuleManager: Shutting down and abandoning module MagicLeapARPinImpl (334)
[2022.04.12-10.48.38:479][999]LogModuleManager: Shutting down and abandoning module MagicLeapAR (332)
[2022.04.12-10.48.38:479][999]LogModuleManager: Shutting down and abandoning module NiagaraAnimNotifies (330)
[2022.04.12-10.48.38:479][999]LogModuleManager: Shutting down and abandoning module Niagara (328)
[2022.04.12-10.48.38:479][999]LogModuleManager: Shutting down and abandoning module SignalProcessing (327)
[2022.04.12-10.48.38:479][999]LogModuleManager: Shutting down and abandoning module NiagaraEditor (325)
[2022.04.12-10.48.38:480][999]LogModuleManager: Shutting down and abandoning module ContentBrowser (324)
[2022.04.12-10.48.38:480][999]LogModuleManager: Shutting down and abandoning module ContentBrowserData (323)
[2022.04.12-10.48.38:480][999]LogModuleManager: Shutting down and abandoning module NiagaraCore (318)
[2022.04.12-10.48.38:480][999]LogModuleManager: Shutting down and abandoning module PropertyAccessNode (316)
[2022.04.12-10.48.38:480][999]LogModuleManager: Shutting down and abandoning module AnimationSharing (314)
[2022.04.12-10.48.38:480][999]LogModuleManager: Shutting down and abandoning module GameplayCameras (312)
[2022.04.12-10.48.38:480][999]LogModuleManager: Shutting down and abandoning module LightPropagationVolumeRuntime (310)
[2022.04.12-10.48.38:480][999]LogModuleManager: Shutting down and abandoning module EnvironmentQueryEditor (308)
[2022.04.12-10.48.38:480][999]LogModuleManager: Shutting down and abandoning module Paper2D (306)
[2022.04.12-10.48.38:480][999]LogModuleManager: Shutting down and abandoning module WindowsMoviePlayer (304)
[2022.04.12-10.48.38:484][999]LogModuleManager: Shutting down and abandoning module WebMMoviePlayer (302)
[2022.04.12-10.48.38:484][999]LogModuleManager: Shutting down and abandoning module NetworkReplayStreaming (300)
[2022.04.12-10.48.38:484][999]LogModuleManager: Shutting down and abandoning module PacketHandler (298)
[2022.04.12-10.48.38:484][999]LogModuleManager: Shutting down and abandoning module ClothingSystemEditor (296)
[2022.04.12-10.48.38:484][999]LogModuleManager: Shutting down and abandoning module ClothingSystemRuntimeNv (294)
[2022.04.12-10.48.38:484][999]LogModuleManager: Shutting down and abandoning module MediaAssets (292)
[2022.04.12-10.48.38:484][999]LogModuleManager: Shutting down and abandoning module Overlay (290)
[2022.04.12-10.48.38:484][999]LogModuleManager: Shutting down and abandoning module OverlayEditor (289)
[2022.04.12-10.48.38:484][999]LogModuleManager: Shutting down and abandoning module VREditor (286)
[2022.04.12-10.48.38:485][999]LogModuleManager: Shutting down and abandoning module StringTableEditor (284)
[2022.04.12-10.48.38:485][999]LogModuleManager: Shutting down and abandoning module GameplayTasksEditor (282)
[2022.04.12-10.48.38:485][999]LogModuleManager: Shutting down and abandoning module BehaviorTreeEditor (280)
[2022.04.12-10.48.38:486][999]LogModuleManager: Shutting down and abandoning module FunctionalTesting (278)
[2022.04.12-10.48.38:486][999]LogModuleManager: Shutting down and abandoning module CollisionAnalyzer (276)
[2022.04.12-10.48.38:486][999]LogModuleManager: Shutting down and abandoning module WorkspaceMenuStructure (275)
[2022.04.12-10.48.38:486][999]LogModuleManager: Shutting down and abandoning module UMG (272)
[2022.04.12-10.48.38:486][999]LogModuleManager: Shutting down and abandoning module UMGEditor (271)
[2022.04.12-10.48.38:487][999]LogModuleManager: Shutting down and abandoning module MessageLog (269)
[2022.04.12-10.48.38:487][999]LogModuleManager: Shutting down and abandoning module SlateReflector (264)
[2022.04.12-10.48.38:489][999]LogModuleManager: Shutting down and abandoning module Slate (262)
[2022.04.12-10.48.38:489][999]LogModuleManager: Shutting down and abandoning module SlateCore (260)
[2022.04.12-10.48.38:489][999]LogModuleManager: Shutting down and abandoning module LandscapeEditorUtilities (258)
[2022.04.12-10.48.38:489][999]LogModuleManager: Shutting down and abandoning module UnrealEd (256)
[2022.04.12-10.48.38:489][999]LogModuleManager: Shutting down and abandoning module MRMesh (254)
[2022.04.12-10.48.38:489][999]LogModuleManager: Shutting down and abandoning module SourceCodeAccess (252)
[2022.04.12-10.48.38:489][999]LogModuleManager: Shutting down and abandoning module HeadMountedDisplay (250)
[2022.04.12-10.48.38:489][999]LogModuleManager: Shutting down and abandoning module XAudio2 (248)
[2022.04.12-10.48.38:489][999]LogModuleManager: Shutting down and abandoning module Networking (246)
[2022.04.12-10.48.38:489][999]LogModuleManager: Shutting down and abandoning module Core (244)
[2022.04.12-10.48.38:489][999]LogModuleManager: Shutting down and abandoning module MaterialEditor (242)
[2022.04.12-10.48.38:489][999]LogModuleManager: Shutting down and abandoning module MovieSceneTools (240)
[2022.04.12-10.48.38:490][999]LogModuleManager: Shutting down and abandoning module CurveEditor (239)
[2022.04.12-10.48.38:491][999]LogModuleManager: Shutting down and abandoning module Sequencer (237)
[2022.04.12-10.48.38:492][999]LogModuleManager: Shutting down and abandoning module EditorStyle (236)
[2022.04.12-10.48.38:493][999]LogModuleManager: Shutting down and abandoning module KismetCompiler (232)
[2022.04.12-10.48.38:493][999]LogModuleManager: Shutting down and abandoning module MeshBuilder (230)
[2022.04.12-10.48.38:493][999]LogModuleManager: Shutting down and abandoning module MeshUtilities (228)
[2022.04.12-10.48.38:493][999]LogModuleManager: Shutting down and abandoning module MeshMergeUtilities (227)
[2022.04.12-10.48.38:494][999]LogModuleManager: Shutting down and abandoning module MeshReductionInterface (226)
[2022.04.12-10.48.38:494][999]LogModuleManager: Shutting down and abandoning module MeshBoneReduction (225)
[2022.04.12-10.48.38:494][999]LogModuleManager: Shutting down and abandoning module SkeletalMeshReduction (223)
[2022.04.12-10.48.38:494][999]LogModuleManager: Shutting down and abandoning module ProxyLODMeshReduction (221)
[2022.04.12-10.48.38:495][999]LogModuleManager: Shutting down and abandoning module QuadricMeshReduction (219)
[2022.04.12-10.48.38:495][999]LogModuleManager: Shutting down and abandoning module MaterialBaking (215)
[2022.04.12-10.48.38:495][999]LogModuleManager: Shutting down and abandoning module NullInstallBundleManager (210)
[2022.04.12-10.48.38:495][999]LogModuleManager: Shutting down and abandoning module DerivedDataCache (208)
[2022.04.12-10.48.38:495][999]LogModuleManager: Shutting down and abandoning module TargetPlatform (206)
[2022.04.12-10.48.38:496][999]LogModuleManager: Shutting down and abandoning module VulkanShaderFormat (205)
[2022.04.12-10.48.38:496][999]LogModuleManager: Shutting down and abandoning module ShaderFormatVectorVM (203)
[2022.04.12-10.48.38:497][999]LogModuleManager: Shutting down and abandoning module ShaderFormatOpenGL (201)
[2022.04.12-10.48.38:497][999]LogModuleManager: Shutting down and abandoning module ShaderFormatD3D (199)
[2022.04.12-10.48.38:497][999]LogModuleManager: Shutting down and abandoning module MetalShaderFormat (197)
[2022.04.12-10.48.38:497][999]LogModuleManager: Shutting down and abandoning module TextureFormatOodle (195)
[2022.04.12-10.48.38:497][999]LogModuleManager: Shutting down and abandoning module TextureFormatUncompressed (193)
[2022.04.12-10.48.38:497][999]LogModuleManager: Shutting down and abandoning module TextureFormatPVR (191)
[2022.04.12-10.48.38:497][999]LogModuleManager: Shutting down and abandoning module TextureFormatETC2 (189)
[2022.04.12-10.48.38:497][999]LogModuleManager: Shutting down and abandoning module TextureFormatDXT (187)
[2022.04.12-10.48.38:498][999]LogModuleManager: Shutting down and abandoning module TextureFormatIntelISPCTexComp (185)
[2022.04.12-10.48.38:498][999]LogModuleManager: Shutting down and abandoning module TextureFormatASTC (183)
[2022.04.12-10.48.38:498][999]LogModuleManager: Shutting down and abandoning module ImageWrapper (182)
[2022.04.12-10.48.38:498][999]LogModuleManager: Shutting down and abandoning module AudioFormatOpus (179)
[2022.04.12-10.48.38:498][999]LogModuleManager: Shutting down and abandoning module AudioFormatOgg (177)
[2022.04.12-10.48.38:498][999]LogModuleManager: Shutting down and abandoning module AudioFormatADPCM (175)
[2022.04.12-10.48.38:498][999]LogModuleManager: Shutting down and abandoning module WindowsServerTargetPlatform (173)
[2022.04.12-10.48.38:498][999]LogModuleManager: Shutting down and abandoning module WindowsClientTargetPlatform (171)
[2022.04.12-10.48.38:498][999]LogModuleManager: Shutting down and abandoning module WindowsTargetPlatform (169)
[2022.04.12-10.48.38:498][999]LogModuleManager: Shutting down and abandoning module WindowsNoEditorTargetPlatform (167)
[2022.04.12-10.48.38:498][999]LogModuleManager: Shutting down and abandoning module TVOSTargetPlatform (165)
[2022.04.12-10.48.38:518][999]LogModuleManager: Shutting down and abandoning module MacServerTargetPlatform (163)
[2022.04.12-10.48.38:519][999]LogModuleManager: Shutting down and abandoning module MacClientTargetPlatform (161)
[2022.04.12-10.48.38:519][999]LogModuleManager: Shutting down and abandoning module MacTargetPlatform (159)
[2022.04.12-10.48.38:519][999]LogModuleManager: Shutting down and abandoning module MacNoEditorTargetPlatform (157)
[2022.04.12-10.48.38:519][999]LogModuleManager: Shutting down and abandoning module LuminTargetPlatform (155)
[2022.04.12-10.48.38:528][999]LogModuleManager: Shutting down and abandoning module LinuxAArch64ServerTargetPlatform (153)
[2022.04.12-10.48.38:528][999]LogModuleManager: Shutting down and abandoning module LinuxAArch64ClientTargetPlatform (151)
[2022.04.12-10.48.38:528][999]LogModuleManager: Shutting down and abandoning module LinuxAArch64NoEditorTargetPlatform (149)
[2022.04.12-10.48.38:528][999]LogModuleManager: Shutting down and abandoning module LinuxServerTargetPlatform (147)
[2022.04.12-10.48.38:528][999]LogModuleManager: Shutting down and abandoning module LinuxClientTargetPlatform (145)
[2022.04.12-10.48.38:528][999]LogModuleManager: Shutting down and abandoning module LinuxNoEditorTargetPlatform (143)
[2022.04.12-10.48.38:528][999]LogModuleManager: Shutting down and abandoning module LinuxTargetPlatform (141)
[2022.04.12-10.48.38:528][999]LogModuleManager: Shutting down and abandoning module Messaging (139)
[2022.04.12-10.48.38:528][999]LogModuleManager: Shutting down and abandoning module IOSTargetPlatform (137)
[2022.04.12-10.48.38:544][999]LogModuleManager: Shutting down and abandoning module AndroidTargetPlatform (135)
[2022.04.12-10.48.38:656][999]LogModuleManager: Shutting down and abandoning module AllDesktopTargetPlatform (133)
[2022.04.12-10.48.38:656][999]LogModuleManager: Shutting down and abandoning module D3D11RHI (130)
[2022.04.12-10.48.38:656][999]LogModuleManager: Shutting down and abandoning module InputCore (128)
[2022.04.12-10.48.38:656][999]LogModuleManager: Shutting down and abandoning module Settings (126)
[2022.04.12-10.48.38:656][999]LogModuleManager: Shutting down and abandoning module DirectoryWatcher (124)
[2022.04.12-10.48.38:657][999]LogModuleManager: Shutting down and abandoning module PhysXCooking (122)
[2022.04.12-10.48.38:657][999]LogModuleManager: Shutting down and abandoning module Chaos (120)
[2022.04.12-10.48.38:657][999]LogModuleManager: Shutting down and abandoning module WindowsPlatformFeatures (118)
[2022.04.12-10.48.38:658][999]LogModuleManager: Shutting down and abandoning module GameplayMediaEncoder (117)
[2022.04.12-10.48.38:658][999]LogModuleManager: Shutting down and abandoning module AVEncoder (116)
[2022.04.12-10.48.38:659][999]LogModuleManager: Shutting down and abandoning module OculusHMD (112)
[2022.04.12-10.48.38:659][999]LogModuleManager: Shutting down and abandoning module OculusOpenXRHMD (110)
[2022.04.12-10.48.38:659][999]LogModuleManager: Shutting down and abandoning module OpenXRHandTracking (108)
[2022.04.12-10.48.38:659][999]LogSlate: Slate User Destroyed.  User Index 0, Is Virtual User: 0
[2022.04.12-10.48.38:660][999]LogModuleManager: Shutting down and abandoning module OpenXREyeTracker (106)
[2022.04.12-10.48.38:660][999]LogModuleManager: Shutting down and abandoning module OpenXRAR (104)
[2022.04.12-10.48.38:660][999]LogModuleManager: Shutting down and abandoning module AugmentedReality (103)
[2022.04.12-10.48.38:660][999]LogModuleManager: Shutting down and abandoning module OpenXRHMD (100)
[2022.04.12-10.48.38:663][999]LogModuleManager: Shutting down and abandoning module ExampleDeviceProfileSelector (98)
[2022.04.12-10.48.38:663][999]LogModuleManager: Shutting down and abandoning module ChunkDownloader (96)
[2022.04.12-10.48.38:663][999]LogModuleManager: Shutting down and abandoning module OnlineBlueprintSupport (94)
[2022.04.12-10.48.38:663][999]LogModuleManager: Shutting down and abandoning module OnlineSubsystem (90)
[2022.04.12-10.48.38:667][999]LogModuleManager: Shutting down and abandoning module XMPP (85)
[2022.04.12-10.48.38:668][999]LogModuleManager: Shutting down and abandoning module WebSockets (84)
[2022.04.12-10.48.38:703][999]LogModuleManager: Shutting down and abandoning module HTTP (81)
[2022.04.12-10.48.38:703][999]LogHttp: Display: Http module shutting down, but needs to wait on 1 outstanding Http requests:
[2022.04.12-10.48.38:703][999]LogHttp: Display: 	verb=[POST] url=[https://datarouter.ol.epicgames.com/datarouter/api/v1/public/data?SessionID=%7BDEE61D74-4408-5C4C-2E21-7C97A963BA29%7D&AppID=UEEditor.Rocket.Release&AppVersion=4.27.2-18319896%2B%2B%2BUE4%2BRelease-4.27&UserID=f612e1f44212923d8799278296a31a83%7Cdfb2d60c641c4fbc9eea0e112e889e93%7Cf89af9e0-1ff1-47d8-a315-244fa8996bb9&AppEnvironment=datacollector-binary&UploadType=eteventstream] refs=[1] status=Processing
[2022.04.12-10.48.38:703][999]LogHttp: Display: cleaning up 1 outstanding Http requests.
[2022.04.12-10.48.38:720][999]LogModuleManager: Shutting down and abandoning module SSL (80)
[2022.04.12-10.48.38:722][999]LogModuleManager: Shutting down and abandoning module LauncherChunkInstaller (76)
[2022.04.12-10.48.38:722][999]LogModuleManager: Shutting down and abandoning module WmfMedia (74)
[2022.04.12-10.48.38:725][999]LogModuleManager: Shutting down and abandoning module Media (73)
[2022.04.12-10.48.38:725][999]LogModuleManager: Shutting down and abandoning module MediaInfo (72)
[2022.04.12-10.48.38:725][999]LogModuleManager: Shutting down and abandoning module ExrReaderGpu (68)
[2022.04.12-10.48.38:726][999]LogModuleManager: Shutting down and abandoning module ChaosCloth (66)
[2022.04.12-10.48.38:726][999]LogModuleManager: Shutting down and abandoning module MLSDK (64)
[2022.04.12-10.48.38:726][999]LogModuleManager: Shutting down and abandoning module MagicLeap (62)
[2022.04.12-10.48.38:726][999]LogModuleManager: Shutting down and abandoning module NiagaraVertexFactories (60)
[2022.04.12-10.48.38:726][999]LogModuleManager: Shutting down and abandoning module NiagaraShader (58)
[2022.04.12-10.48.38:726][999]LogModuleManager: Shutting down and abandoning module VariantManagerContent (56)
[2022.04.12-10.48.38:726][999]LogModuleManager: Shutting down and abandoning module DatasmithContent (54)
[2022.04.12-10.48.38:727][999]LogModuleManager: Shutting down and abandoning module PixWinPlugin (52)
[2022.04.12-10.48.38:727][999]LogModuleManager: Shutting down and abandoning module AISupportModule (50)
[2022.04.12-10.48.38:727][999]LogModuleManager: Shutting down and abandoning module DesktopPlatform (48)
[2022.04.12-10.48.38:727][999]LogModuleManager: Shutting down and abandoning module PythonScriptPluginPreload (46)
[2022.04.12-10.48.38:727][999]LogModuleManager: Shutting down and abandoning module PlatformCryptoOpenSSL (44)
[2022.04.12-10.48.38:727][999]LogModuleManager: Shutting down and abandoning module PlatformCryptoTypes (42)
[2022.04.12-10.48.38:727][999]LogModuleManager: Shutting down and abandoning module PlatformCrypto (40)
[2022.04.12-10.48.38:727][999]LogModuleManager: Shutting down and abandoning module OodleDataCompressionFormat (38)
[2022.04.12-10.48.38:728][999]LogModuleManager: Shutting down and abandoning module XGEController (36)
[2022.04.12-10.48.38:728][999]LogModuleManager: Shutting down and abandoning module AnimationModifiers (34)
[2022.04.12-10.48.38:728][999]LogModuleManager: Shutting down and abandoning module AudioEditor (32)
[2022.04.12-10.48.38:729][999]LogModuleManager: Shutting down and abandoning module PropertyEditor (31)
[2022.04.12-10.48.38:729][999]LogModuleManager: Shutting down and abandoning module TextureCompressor (28)
[2022.04.12-10.48.38:729][999]LogModuleManager: Shutting down and abandoning module RenderCore (26)
[2022.04.12-10.48.38:729][999]LogModuleManager: Shutting down and abandoning module Landscape (24)
[2022.04.12-10.48.38:729][999]LogModuleManager: Shutting down and abandoning module SlateRHIRenderer (22)
[2022.04.12-10.48.38:732][999]LogModuleManager: Shutting down and abandoning module AnimGraphRuntime (20)
[2022.04.12-10.48.38:732][999]LogModuleManager: Shutting down and abandoning module Renderer (18)
[2022.04.12-10.48.38:732][999]LogModuleManager: Shutting down and abandoning module Engine (16)
[2022.04.12-10.48.38:732][999]LogModuleManager: Shutting down and abandoning module CoreUObject (14)
[2022.04.12-10.48.38:732][999]LogModuleManager: Shutting down and abandoning module NetworkFile (12)
[2022.04.12-10.48.38:732][999]LogModuleManager: Shutting down and abandoning module CookedIterativeFile (10)
[2022.04.12-10.48.38:732][999]LogModuleManager: Shutting down and abandoning module StreamingFile (8)
[2022.04.12-10.48.38:732][999]LogModuleManager: Shutting down and abandoning module SandboxFile (6)
[2022.04.12-10.48.38:732][999]LogModuleManager: Shutting down and abandoning module PakFile (4)
[2022.04.12-10.48.38:732][999]LogModuleManager: Shutting down and abandoning module RSA (3)
[2022.04.12-10.48.38:733][999]LogContentStreaming: Display: There are 1 unreleased StreamingManagers
[2022.04.12-10.48.38:757][999]LogD3D11RHI: Shutdown
[2022.04.12-10.48.38:757][999]LogD3D11RHI: CleanupD3DDevice
[2022.04.12-10.48.38:769][999]LogExit: Exiting.
[2022.04.12-10.48.38:780][999]Log file closed, 04/12/22 12:48:38
