Log file open, 04/06/22 09:25:52
LogWindows: Failed to load 'aqProf.dll' (GetLastError=126)
LogWindows: File 'aqProf.dll' does not exist
LogWindows: Failed to load 'VtuneApi.dll' (GetLastError=126)
LogWindows: File 'VtuneApi.dll' does not exist
LogWindows: Failed to load 'VtuneApi32e.dll' (GetLastError=126)
LogWindows: File 'VtuneApi32e.dll' does not exist
LogConsoleResponse: Display: Failed to find resolution value strings in scalability ini. Falling back to default.
LogConsoleResponse: Display: Failed to find resolution value strings in scalability ini. Falling back to default.
LogInit: Display: Running engine for game: P8_VR_Home
LogPlatformFile: Not using cached read wrapper
LogTaskGraph: Started task graph with 5 named threads and 47 total threads with 3 sets of task threads.
LogStats: Stats thread started at 0.189061
LogICUInternationalization: ICU TimeZone Detection - Raw Offset: +1:00, Platform Override: ''
LogInit: Display: Loading text-based GConfig....
LogPluginManager: Mounting plugin MeshPainting
LogPluginManager: Mounting plugin XGEController
LogPluginManager: Mounting plugin Paper2D
LogPluginManager: Mounting plugin LiveLink
LogPluginManager: Mounting plugin AISupport
LogPluginManager: Mounting plugin EnvironmentQueryEditor
LogPluginManager: Mounting plugin LightPropagationVolume
LogPluginManager: Mounting plugin AnimationSharing
LogPluginManager: Mounting plugin CLionSourceCodeAccess
LogPluginManager: Mounting plugin CodeLiteSourceCodeAccess
LogPluginManager: Mounting plugin KDevelopSourceCodeAccess
LogPluginManager: Mounting plugin NullSourceCodeAccess
LogPluginManager: Mounting plugin PerforceSourceControl
LogPluginManager: Mounting plugin PixWinPlugin
LogPluginManager: Mounting plugin PluginUtils
LogPluginManager: Mounting plugin PropertyAccessNode
LogPluginManager: Mounting plugin SubversionSourceControl
LogPluginManager: Mounting plugin RiderSourceCodeAccess
LogPluginManager: Mounting plugin TextureFormatOodle
LogPluginManager: Mounting plugin UObjectPlugin
LogPluginManager: Mounting plugin OodleData
LogPluginManager: Mounting plugin PlasticSourceControl
LogPluginManager: Mounting plugin AlembicImporter
LogPluginManager: Mounting plugin AutomationUtils
LogPluginManager: Mounting plugin BackChannel
LogPluginManager: Mounting plugin BlastPlugin
LogPluginManager: Mounting plugin ChaosEditor
LogPluginManager: Mounting plugin ChaosClothEditor
LogPluginManager: Mounting plugin ChaosNiagara
LogPluginManager: Mounting plugin ChaosSolverPlugin
LogPluginManager: Mounting plugin ChaosCloth
LogPluginManager: Mounting plugin CharacterAI
LogPluginManager: Mounting plugin GeometryCache
LogPluginManager: Mounting plugin GitSourceControl
LogPluginManager: Mounting plugin AssetManagerEditor
LogPluginManager: Mounting plugin GeometryCollectionPlugin
LogPluginManager: Mounting plugin GeometryProcessing
LogPluginManager: Mounting plugin CryptoKeys
LogPluginManager: Mounting plugin CurveEditorTools
LogPluginManager: Mounting plugin DataValidation
LogPluginManager: Mounting plugin EditorScriptingUtilities
LogPluginManager: Mounting plugin FacialAnimation
LogPluginManager: Mounting plugin GameplayTagsEditor
LogPluginManager: Mounting plugin GeometryMode
LogPluginManager: Mounting plugin MacGraphicsSwitching
LogPluginManager: Mounting plugin VisualStudioCodeSourceCodeAccess
LogPluginManager: Mounting plugin VisualStudioSourceCodeAccess
LogPluginManager: Mounting plugin XCodeSourceCodeAccess
LogPluginManager: Mounting plugin MaterialAnalyzer
LogPluginManager: Mounting plugin MeshEditor
LogPluginManager: Mounting plugin MobileLauncherProfileWizard
LogPluginManager: Mounting plugin PluginBrowser
LogPluginManager: Mounting plugin SpeedTreeImporter
LogPluginManager: Mounting plugin OpenImageDenoise
LogPluginManager: Mounting plugin MotoSynth
LogPluginManager: Mounting plugin PlatformCrypto
LogPluginManager: Mounting plugin PlanarCut
LogPluginManager: Mounting plugin PythonScriptPlugin
LogPluginManager: Mounting plugin ProxyLODPlugin
LogPluginManager: Mounting plugin SkeletalReduction
LogPluginManager: Mounting plugin Niagara
LogPluginManager: Mounting plugin AndroidMedia
LogPluginManager: Mounting plugin AvfMedia
LogPluginManager: Mounting plugin ImgMedia
LogPluginManager: Mounting plugin MediaCompositing
LogPluginManager: Mounting plugin MediaPlayerEditor
LogPluginManager: Mounting plugin LuminPlatformFeatures
LogPluginManager: Mounting plugin WebMMedia
LogPluginManager: Mounting plugin MagicLeap
LogPluginManager: Mounting plugin WmfMedia
LogPluginManager: Mounting plugin MagicLeapMedia
LogPluginManager: Mounting plugin MagicLeapLightEstimation
LogPluginManager: Mounting plugin MagicLeapPassableWorld
LogPluginManager: Mounting plugin MLSDK
LogPluginManager: Mounting plugin TcpMessaging
LogPluginManager: Mounting plugin LevelSequenceEditor
LogPluginManager: Mounting plugin ActorSequence
LogPluginManager: Mounting plugin UdpMessaging
LogPluginManager: Mounting plugin MatineeToLevelSequence
LogPluginManager: Mounting plugin TemplateSequence
LogPluginManager: Mounting plugin OnlineSubsystem
LogPluginManager: Mounting plugin OnlineSubsystemNull
LogPluginManager: Mounting plugin OnlineSubsystemUtils
LogPluginManager: Mounting plugin ActorLayerUtilities
LogPluginManager: Mounting plugin AndroidDeviceProfileSelector
LogPluginManager: Mounting plugin AndroidMoviePlayer
LogPluginManager: Mounting plugin AndroidPermission
LogPluginManager: Mounting plugin AppleMoviePlayer
LogPluginManager: Mounting plugin AppleImageUtils
LogPluginManager: Mounting plugin ArchVisCharacter
LogPluginManager: Mounting plugin AssetTags
LogPluginManager: Mounting plugin AudioCapture
LogPluginManager: Mounting plugin AudioSynesthesia
LogPluginManager: Mounting plugin CableComponent
LogPluginManager: Mounting plugin ChunkDownloader
LogPluginManager: Mounting plugin LauncherChunkInstaller
LogPluginManager: Mounting plugin CustomMeshComponent
LogPluginManager: Mounting plugin EditableMesh
LogPluginManager: Mounting plugin ExampleDeviceProfileSelector
LogPluginManager: Mounting plugin GoogleCloudMessaging
LogPluginManager: Mounting plugin GooglePAD
LogPluginManager: Mounting plugin IOSDeviceProfileSelector
LogPluginManager: Mounting plugin LinuxDeviceProfileSelector
LogPluginManager: Mounting plugin LocationServicesBPLibrary
LogPluginManager: Mounting plugin MobilePatchingUtils
LogPluginManager: Mounting plugin OpenXREyeTracker
LogPluginManager: Mounting plugin OpenXRHandTracking
LogPluginManager: Mounting plugin OpenXR
LogPluginManager: Mounting plugin PhysXVehicles
LogPluginManager: Mounting plugin PostSplashScreen
LogPluginManager: Mounting plugin ProceduralMeshComponent
LogPluginManager: Mounting plugin PropertyAccessEditor
LogPluginManager: Mounting plugin ScreenshotTools
LogPluginManager: Mounting plugin ResonanceAudio
LogPluginManager: Mounting plugin RuntimePhysXCooking
LogPluginManager: Mounting plugin SignificanceManager
LogPluginManager: Mounting plugin SoundFields
LogPluginManager: Mounting plugin Synthesis
LogPluginManager: Mounting plugin WebMMoviePlayer
LogPluginManager: Mounting plugin WindowsMoviePlayer
LogPluginManager: Mounting plugin Takes
LogPluginManager: Mounting plugin DataprepEditor
LogPluginManager: Mounting plugin DatasmithContent
LogPluginManager: Mounting plugin DatasmithImporter
LogPluginManager: Mounting plugin StaticMeshEditorExtension
LogPluginManager: Mounting plugin VariantManager
LogPluginManager: Mounting plugin CameraShakePreviewer
LogPluginManager: Mounting plugin OodleNetwork
LogPluginManager: Mounting plugin VariantManagerContent
LogPluginManager: Mounting plugin GameplayCameras
LogPluginManager: Mounting plugin ContentBrowserAssetDataSource
LogPluginManager: Mounting plugin ContentBrowserClassDataSource
LogPluginManager: Mounting plugin ContentBrowserFileDataSource
LogPluginManager: Mounting plugin OnlineSubsystemIOS
LogPluginManager: Mounting plugin OnlineSubsystemGooglePlay
LogPluginManager: Mounting plugin OculusOpenXR
LogPluginManager: Mounting plugin OculusVR
PixWinPlugin: PIX capture plugin failed to initialize! Check that the process is launched from PIX.
LogInit: Using libcurl 7.55.1-DEV
LogInit:  - built for x86_64-pc-win32
LogInit:  - supports SSL with OpenSSL/1.1.1
LogInit:  - supports HTTP deflate (compression) using libz 1.2.8
LogInit:  - other features:
LogInit:      CURL_VERSION_SSL
LogInit:      CURL_VERSION_LIBZ
LogInit:      CURL_VERSION_IPV6
LogInit:      CURL_VERSION_ASYNCHDNS
LogInit:      CURL_VERSION_LARGEFILE
LogInit:      CURL_VERSION_IDN
LogInit:  CurlRequestOptions (configurable via config and command line):
LogInit:  - bVerifyPeer = true  - Libcurl will verify peer certificate
LogInit:  - bUseHttpProxy = false  - Libcurl will NOT use HTTP proxy
LogInit:  - bDontReuseConnections = false  - Libcurl will reuse connections
LogInit:  - MaxHostConnections = 16  - Libcurl will limit the number of connections to a host
LogInit:  - LocalHostAddr = Default
LogInit:  - BufferSize = 65536
LogOnline: OSS: Creating online subsystem instance for: NULL
LogInit: WinSock: version 1.1 (2.2), MaxSocks=32767, MaxUdp=65467
LogOnline: OSS: TryLoadSubsystemAndSetDefault: Loaded subsystem for module [NULL]
LogOculusPluginWrapper: OculusPlugin initialized successfully
LogHMD: Failed initializing OVRPlugin 1.59.0
LogInit: Build: ++UE4+Release-4.27-CL-18319896
LogInit: Engine Version: 4.27.2-18319896+++UE4+Release-4.27
LogInit: Compatible Engine Version: 4.27.0-17155196+++UE4+Release-4.27
LogInit: Net CL: 17155196
LogInit: OS: Windows 10 (Release 2009) (), CPU: AMD Ryzen 9 5900HS with Radeon Graphics        , GPU: AMD Radeon(TM) Graphics
LogInit: Compiled (64-bit): Nov 30 2021 07:12:08
LogInit: Compiled with Visual C++: 19.24.28315.00
LogInit: Build Configuration: Development
LogInit: Branch Name: ++UE4+Release-4.27
LogInit: Command Line:  -EpicPortal -epicusername=Teirrken -epicuserid=dfb2d60c641c4fbc9eea0e112e889e93 -epiclocale=en -epicsandboxid=ue
LogInit: Base Directory: C:/Program Files/Epic Games/UE_4.27/Engine/Binaries/Win64/
LogInit: Allocator: TBB
LogInit: Installed Engine Build: 1
LogDevObjectVersion: Number of dev versions registered: 29
LogDevObjectVersion:   Dev-Blueprints (B0D832E4-1F89-4F0D-ACCF-7EB736FD4AA2): 10
LogDevObjectVersion:   Dev-Build (E1C64328-A22C-4D53-A36C-8E866417BD8C): 0
LogDevObjectVersion:   Dev-Core (375EC13C-06E4-48FB-B500-84F0262A717E): 4
LogDevObjectVersion:   Dev-Editor (E4B068ED-F494-42E9-A231-DA0B2E46BB41): 40
LogDevObjectVersion:   Dev-Framework (CFFC743F-43B0-4480-9391-14DF171D2073): 37
LogDevObjectVersion:   Dev-Mobile (B02B49B5-BB20-44E9-A304-32B752E40360): 3
LogDevObjectVersion:   Dev-Networking (A4E4105C-59A1-49B5-A7C5-40C4547EDFEE): 0
LogDevObjectVersion:   Dev-Online (39C831C9-5AE6-47DC-9A44-9C173E1C8E7C): 0
LogDevObjectVersion:   Dev-Physics (78F01B33-EBEA-4F98-B9B4-84EACCB95AA2): 14
LogDevObjectVersion:   Dev-Platform (6631380F-2D4D-43E0-8009-CF276956A95A): 0
LogDevObjectVersion:   Dev-Rendering (12F88B9F-8875-4AFC-A67C-D90C383ABD29): 45
LogDevObjectVersion:   Dev-Sequencer (7B5AE74C-D270-4C10-A958-57980B212A5A): 13
LogDevObjectVersion:   Dev-VR (D7296918-1DD6-4BDD-9DE2-64A83CC13884): 3
LogDevObjectVersion:   Dev-LoadTimes (C2A15278-BFE7-4AFE-6C17-90FF531DF755): 1
LogDevObjectVersion:   Private-Geometry (6EACA3D4-40EC-4CC1-B786-8BED09428FC5): 3
LogDevObjectVersion:   Dev-AnimPhys (29E575DD-E0A3-4627-9D10-D276232CDCEA): 17
LogDevObjectVersion:   Dev-Anim (AF43A65D-7FD3-4947-9873-3E8ED9C1BB05): 15
LogDevObjectVersion:   Dev-ReflectionCapture (6B266CEC-1EC7-4B8F-A30B-E4D90942FC07): 1
LogDevObjectVersion:   Dev-Automation (0DF73D61-A23F-47EA-B727-89E90C41499A): 1
LogDevObjectVersion:   FortniteMain (601D1886-AC64-4F84-AA16-D3DE0DEAC7D6): 47
LogDevObjectVersion:   FortniteRelease (E7086368-6B23-4C58-8439-1B7016265E91): 1
LogDevObjectVersion:   Dev-Enterprise (9DFFBCD6-494F-0158-E221-12823C92A888): 10
LogDevObjectVersion:   Dev-Niagara (F2AED0AC-9AFE-416F-8664-AA7FFA26D6FC): 1
LogDevObjectVersion:   Dev-Destruction (174F1F0B-B4C6-45A5-B13F-2EE8D0FB917D): 10
LogDevObjectVersion:   Dev-Physics-Ext (35F94A83-E258-406C-A318-09F59610247C): 41
LogDevObjectVersion:   Dev-PhysicsMaterial-Chaos (B68FC16E-8B1B-42E2-B453-215C058844FE): 1
LogDevObjectVersion:   Dev-CineCamera (B2E18506-4273-CFC2-A54E-F4BB758BBA07): 1
LogDevObjectVersion:   Dev-VirtualProduction (64F58936-FD1B-42BA-BA96-7289D5D0FA4E): 1
LogDevObjectVersion:   Dev-MediaFramework (6F0ED827-A609-4895-9C91-998D90180EA4): 2
LogInit: Presizing for max 25165824 objects, including 0 objects not considered by GC, pre-allocating 0 bytes for permanent pool.
LogConfig: Applying CVar settings from Section [/Script/Engine.StreamingSettings] File [C:/Users/dmock/Unreal projects/P8/P8ToBeAnnounced/P8_VR_Home/Saved/Config/Windows/Engine.ini]
LogConfig: Setting CVar [[s.MinBulkDataSizeForAsyncLoading:131072]]
LogConfig: Setting CVar [[s.AsyncLoadingThreadEnabled:0]]
LogConfig: Setting CVar [[s.EventDrivenLoaderEnabled:1]]
LogConfig: Setting CVar [[s.WarnIfTimeLimitExceeded:0]]
LogConfig: Setting CVar [[s.TimeLimitExceededMultiplier:1.5]]
LogConfig: Setting CVar [[s.TimeLimitExceededMinTime:0.005]]
LogConfig: Setting CVar [[s.UseBackgroundLevelStreaming:1]]
LogConfig: Setting CVar [[s.PriorityAsyncLoadingExtraTime:15.0]]
LogConfig: Setting CVar [[s.LevelStreamingActorsUpdateTimeLimit:5.0]]
LogConfig: Setting CVar [[s.PriorityLevelStreamingActorsUpdateExtraTime:5.0]]
LogConfig: Setting CVar [[s.LevelStreamingComponentsRegistrationGranularity:10]]
LogConfig: Setting CVar [[s.UnregisterComponentsTimeLimit:1.0]]
LogConfig: Setting CVar [[s.LevelStreamingComponentsUnregistrationGranularity:5]]
LogConfig: Setting CVar [[s.FlushStreamingOnExit:1]]
LogInit: Object subsystem initialized
LogConfig: Setting CVar [[con.DebugEarlyDefault:1]]
LogConfig: Setting CVar [[r.setres:1280x720]]
[2022.04.06-07.25.53:064][  0]LogConfig: Setting CVar [[r.VSync:0]]
[2022.04.06-07.25.53:064][  0]LogConfig: Setting CVar [[r.RHICmdBypass:0]]
[2022.04.06-07.25.53:065][  0]LogConfig: Applying CVar settings from Section [/Script/Engine.RendererSettings] File [C:/Users/dmock/Unreal projects/P8/P8ToBeAnnounced/P8_VR_Home/Saved/Config/Windows/Engine.ini]
[2022.04.06-07.25.53:065][  0]LogConfig: Setting CVar [[r.GPUCrashDebugging:0]]
[2022.04.06-07.25.53:065][  0]LogConfig: Setting CVar [[r.Mobile.DisableVertexFog:1]]
[2022.04.06-07.25.53:065][  0]LogConfig: Setting CVar [[r.Shadow.CSM.MaxMobileCascades:2]]
[2022.04.06-07.25.53:065][  0]LogConfig: Setting CVar [[r.MobileMSAA:4]]
[2022.04.06-07.25.53:065][  0]LogConfig: Setting CVar [[r.Mobile.AllowDitheredLODTransition:0]]
[2022.04.06-07.25.53:065][  0]LogConfig: Setting CVar [[r.Mobile.AllowSoftwareOcclusion:0]]
[2022.04.06-07.25.53:065][  0]LogConfig: Setting CVar [[r.Mobile.VirtualTextures:0]]
[2022.04.06-07.25.53:065][  0]LogConfig: Setting CVar [[r.DiscardUnusedQuality:0]]
[2022.04.06-07.25.53:065][  0]LogConfig: Setting CVar [[r.AllowOcclusionQueries:1]]
[2022.04.06-07.25.53:065][  0]LogConfig: Setting CVar [[r.MinScreenRadiusForLights:0.030000]]
[2022.04.06-07.25.53:065][  0]LogConfig: Setting CVar [[r.MinScreenRadiusForDepthPrepass:0.030000]]
[2022.04.06-07.25.53:065][  0]LogConfig: Setting CVar [[r.MinScreenRadiusForCSMDepth:0.010000]]
[2022.04.06-07.25.53:065][  0]LogConfig: Setting CVar [[r.PrecomputedVisibilityWarning:0]]
[2022.04.06-07.25.53:065][  0]LogConfig: Setting CVar [[r.TextureStreaming:1]]
[2022.04.06-07.25.53:065][  0]LogConfig: Setting CVar [[Compat.UseDXT5NormalMaps:0]]
[2022.04.06-07.25.53:065][  0]LogConfig: Setting CVar [[r.VirtualTextures:0]]
[2022.04.06-07.25.53:065][  0]LogConfig: Setting CVar [[r.VirtualTexturedLightmaps:0]]
[2022.04.06-07.25.53:065][  0]LogConfig: Setting CVar [[r.VT.TileSize:128]]
[2022.04.06-07.25.53:065][  0]LogConfig: Setting CVar [[r.VT.TileBorderSize:4]]
[2022.04.06-07.25.53:065][  0]LogConfig: Setting CVar [[r.vt.FeedbackFactor:16]]
[2022.04.06-07.25.53:065][  0]LogConfig: Setting CVar [[r.VT.EnableCompressZlib:1]]
[2022.04.06-07.25.53:065][  0]LogConfig: Setting CVar [[r.VT.EnableCompressCrunch:0]]
[2022.04.06-07.25.53:065][  0]LogConfig: Setting CVar [[r.ClearCoatNormal:0]]
[2022.04.06-07.25.53:065][  0]LogConfig: Setting CVar [[r.ReflectionCaptureResolution:128]]
[2022.04.06-07.25.53:065][  0]LogConfig: Setting CVar [[r.Mobile.ReflectionCaptureCompression:0]]
[2022.04.06-07.25.53:065][  0]LogConfig: Setting CVar [[r.ReflectionEnvironmentLightmapMixBasedOnRoughness:1]]
[2022.04.06-07.25.53:065][  0]LogConfig: Setting CVar [[r.ForwardShading:1]]
[2022.04.06-07.25.53:065][  0]LogConfig: Setting CVar [[r.VertexFoggingForOpaque:1]]
[2022.04.06-07.25.53:065][  0]LogConfig: Setting CVar [[r.AllowStaticLighting:1]]
[2022.04.06-07.25.53:065][  0]LogConfig: Setting CVar [[r.NormalMapsForStaticLighting:0]]
[2022.04.06-07.25.53:065][  0]LogConfig: Setting CVar [[r.GenerateMeshDistanceFields:0]]
[2022.04.06-07.25.53:065][  0]LogConfig: Setting CVar [[r.DistanceFieldBuild.EightBit:0]]
[2022.04.06-07.25.53:065][  0]LogConfig: Setting CVar [[r.GenerateLandscapeGIData:0]]
[2022.04.06-07.25.53:065][  0]LogConfig: Setting CVar [[r.DistanceFieldBuild.Compress:0]]
[2022.04.06-07.25.53:065][  0]LogConfig: Setting CVar [[r.TessellationAdaptivePixelsPerTriangle:48.000000]]
[2022.04.06-07.25.53:065][  0]LogConfig: Setting CVar [[r.SeparateTranslucency:0]]
[2022.04.06-07.25.53:065][  0]LogConfig: Setting CVar [[r.TranslucentSortPolicy:0]]
[2022.04.06-07.25.53:065][  0]LogConfig: Setting CVar [[r.CustomDepth:1]]
[2022.04.06-07.25.53:065][  0]LogConfig: Setting CVar [[r.CustomDepthTemporalAAJitter:1]]
[2022.04.06-07.25.53:065][  0]LogConfig: Setting CVar [[r.PostProcessing.PropagateAlpha:0]]
[2022.04.06-07.25.53:065][  0]LogConfig: Setting CVar [[r.DefaultFeature.Bloom:0]]
[2022.04.06-07.25.53:065][  0]LogConfig: Setting CVar [[r.DefaultFeature.AmbientOcclusion:0]]
[2022.04.06-07.25.53:065][  0]LogConfig: Setting CVar [[r.DefaultFeature.AmbientOcclusionStaticFraction:1]]
[2022.04.06-07.25.53:065][  0]LogConfig: Setting CVar [[r.DefaultFeature.AutoExposure:0]]
[2022.04.06-07.25.53:065][  0]LogConfig: Setting CVar [[r.DefaultFeature.AutoExposure.Method:0]]
[2022.04.06-07.25.53:065][  0]LogConfig: Setting CVar [[r.DefaultFeature.AutoExposure.Bias:1.000000]]
[2022.04.06-07.25.53:065][  0]LogConfig: Setting CVar [[r.DefaultFeature.AutoExposure.ExtendDefaultLuminanceRange:1]]
[2022.04.06-07.25.53:065][  0]LogConfig: Setting CVar [[r.UsePreExposure:1]]
[2022.04.06-07.25.53:065][  0]LogConfig: Setting CVar [[r.EyeAdaptation.EditorOnly:0]]
[2022.04.06-07.25.53:065][  0]LogConfig: Setting CVar [[r.DefaultFeature.MotionBlur:0]]
[2022.04.06-07.25.53:065][  0]LogConfig: Setting CVar [[r.DefaultFeature.LensFlare:0]]
[2022.04.06-07.25.53:065][  0]LogConfig: Setting CVar [[r.TemporalAA.Upsampling:0]]
[2022.04.06-07.25.53:065][  0]LogConfig: Setting CVar [[r.SSGI.Enable:0]]
[2022.04.06-07.25.53:065][  0]LogConfig: Setting CVar [[r.DefaultFeature.AntiAliasing:3]]
[2022.04.06-07.25.53:065][  0]LogConfig: Setting CVar [[r.DefaultFeature.LightUnits:1]]
[2022.04.06-07.25.53:065][  0]LogConfig: Setting CVar [[r.DefaultBackBufferPixelFormat:4]]
[2022.04.06-07.25.53:065][  0]LogConfig: Setting CVar [[r.Shadow.UnbuiltPreviewInGame:1]]
[2022.04.06-07.25.53:065][  0]LogConfig: Setting CVar [[r.StencilForLODDither:0]]
[2022.04.06-07.25.53:065][  0]LogConfig: Setting CVar [[r.EarlyZPass:3]]
[2022.04.06-07.25.53:065][  0]LogConfig: Setting CVar [[r.EarlyZPassOnlyMaterialMasking:0]]
[2022.04.06-07.25.53:065][  0]LogConfig: Setting CVar [[r.DBuffer:1]]
[2022.04.06-07.25.53:065][  0]LogConfig: Setting CVar [[r.ClearSceneMethod:1]]
[2022.04.06-07.25.53:065][  0]LogConfig: Setting CVar [[r.BasePassOutputsVelocity:0]]
[2022.04.06-07.25.53:065][  0]LogConfig: Setting CVar [[r.VertexDeformationOutputsVelocity:0]]
[2022.04.06-07.25.53:065][  0]LogConfig: Setting CVar [[r.SelectiveBasePassOutputs:0]]
[2022.04.06-07.25.53:065][  0]LogConfig: Setting CVar [[fx.GPUSimulationTextureSizeX:1024]]
[2022.04.06-07.25.53:065][  0]LogConfig: Setting CVar [[fx.GPUSimulationTextureSizeY:1024]]
[2022.04.06-07.25.53:065][  0]LogConfig: Setting CVar [[r.AllowGlobalClipPlane:0]]
[2022.04.06-07.25.53:065][  0]LogConfig: Setting CVar [[r.GBufferFormat:1]]
[2022.04.06-07.25.53:065][  0]LogConfig: Setting CVar [[r.MorphTarget.Mode:1]]
[2022.04.06-07.25.53:065][  0]LogConfig: Setting CVar [[vr.InstancedStereo:1]]
[2022.04.06-07.25.53:065][  0]LogConfig: Setting CVar [[r.MobileHDR:0]]
[2022.04.06-07.25.53:065][  0]LogConfig: Setting CVar [[vr.MobileMultiView:1]]
[2022.04.06-07.25.53:065][  0]LogConfig: Setting CVar [[r.Mobile.UseHWsRGBEncoding:1]]
[2022.04.06-07.25.53:065][  0]LogConfig: Setting CVar [[vr.RoundRobinOcclusion:0]]
[2022.04.06-07.25.53:065][  0]LogConfig: Setting CVar [[vr.ODSCapture:0]]
[2022.04.06-07.25.53:065][  0]LogConfig: Setting CVar [[r.MeshStreaming:0]]
[2022.04.06-07.25.53:065][  0]LogConfig: Setting CVar [[r.WireframeCullThreshold:5.000000]]
[2022.04.06-07.25.53:065][  0]LogConfig: Setting CVar [[r.RayTracing:0]]
[2022.04.06-07.25.53:065][  0]LogConfig: Setting CVar [[r.RayTracing.UseTextureLod:0]]
[2022.04.06-07.25.53:065][  0]LogConfig: Setting CVar [[r.SupportStationarySkylight:1]]
[2022.04.06-07.25.53:065][  0]LogConfig: Setting CVar [[r.SupportLowQualityLightmaps:1]]
[2022.04.06-07.25.53:065][  0]LogConfig: Setting CVar [[r.SupportPointLightWholeSceneShadows:1]]
[2022.04.06-07.25.53:065][  0]LogConfig: Setting CVar [[r.SupportAtmosphericFog:1]]
[2022.04.06-07.25.53:065][  0]LogConfig: Setting CVar [[r.SupportSkyAtmosphere:1]]
[2022.04.06-07.25.53:065][  0]LogConfig: Setting CVar [[r.SupportSkyAtmosphereAffectsHeightFog:0]]
[2022.04.06-07.25.53:065][  0]LogConfig: Setting CVar [[r.SkinCache.CompileShaders:0]]
[2022.04.06-07.25.53:065][  0]LogConfig: Setting CVar [[r.SkinCache.DefaultBehavior:1]]
[2022.04.06-07.25.53:065][  0]LogConfig: Setting CVar [[r.SkinCache.SceneMemoryLimitInMB:128.000000]]
[2022.04.06-07.25.53:065][  0]LogConfig: Setting CVar [[r.Mobile.EnableStaticAndCSMShadowReceivers:1]]
[2022.04.06-07.25.53:065][  0]LogConfig: Setting CVar [[r.Mobile.EnableMovableLightCSMShaderCulling:1]]
[2022.04.06-07.25.53:065][  0]LogConfig: Setting CVar [[r.Mobile.AllowDistanceFieldShadows:1]]
[2022.04.06-07.25.53:065][  0]LogConfig: Setting CVar [[r.Mobile.AllowMovableDirectionalLights:1]]
[2022.04.06-07.25.53:065][  0]LogConfig: Setting CVar [[r.MobileNumDynamicPointLights:4]]
[2022.04.06-07.25.53:065][  0]LogConfig: Setting CVar [[r.MobileDynamicPointLightsUseStaticBranch:1]]
[2022.04.06-07.25.53:065][  0]LogConfig: Setting CVar [[r.Mobile.EnableMovableSpotlights:0]]
[2022.04.06-07.25.53:065][  0]LogConfig: Setting CVar [[r.Mobile.EnableMovableSpotlightsShadow:0]]
[2022.04.06-07.25.53:065][  0]LogConfig: Setting CVar [[r.GPUSkin.Support16BitBoneIndex:0]]
[2022.04.06-07.25.53:065][  0]LogConfig: Setting CVar [[r.GPUSkin.Limit2BoneInfluences:0]]
[2022.04.06-07.25.53:065][  0]LogConfig: Setting CVar [[r.SupportDepthOnlyIndexBuffers:1]]
[2022.04.06-07.25.53:065][  0]LogConfig: Setting CVar [[r.SupportReversedIndexBuffers:1]]
[2022.04.06-07.25.53:065][  0]LogConfig: Setting CVar [[r.LightPropagationVolume:0]]
[2022.04.06-07.25.53:065][  0]LogConfig: Setting CVar [[r.Mobile.AmbientOcclusion:0]]
[2022.04.06-07.25.53:065][  0]LogConfig: Setting CVar [[r.GPUSkin.UnlimitedBoneInfluences:0]]
[2022.04.06-07.25.53:065][  0]LogConfig: Setting CVar [[r.GPUSkin.UnlimitedBoneInfluencesThreshold:8]]
[2022.04.06-07.25.53:065][  0]LogConfig: Setting CVar [[r.Mobile.PlanarReflectionMode:0]]
[2022.04.06-07.25.53:065][  0]LogConfig: Setting CVar [[r.Mobile.SupportGPUScene:1]]
[2022.04.06-07.25.53:065][  0]LogConfig: Applying CVar settings from Section [/Script/Engine.RendererOverrideSettings] File [C:/Users/dmock/Unreal projects/P8/P8ToBeAnnounced/P8_VR_Home/Saved/Config/Windows/Engine.ini]
[2022.04.06-07.25.53:065][  0]LogConfig: Applying CVar settings from Section [/Script/Engine.StreamingSettings] File [C:/Users/dmock/Unreal projects/P8/P8ToBeAnnounced/P8_VR_Home/Saved/Config/Windows/Engine.ini]
[2022.04.06-07.25.53:065][  0]LogConfig: Setting CVar [[s.MinBulkDataSizeForAsyncLoading:131072]]
[2022.04.06-07.25.53:065][  0]LogConfig: Setting CVar [[s.AsyncLoadingThreadEnabled:0]]
[2022.04.06-07.25.53:065][  0]LogConfig: Setting CVar [[s.EventDrivenLoaderEnabled:1]]
[2022.04.06-07.25.53:065][  0]LogConfig: Setting CVar [[s.WarnIfTimeLimitExceeded:0]]
[2022.04.06-07.25.53:065][  0]LogConfig: Setting CVar [[s.TimeLimitExceededMultiplier:1.5]]
[2022.04.06-07.25.53:065][  0]LogConfig: Setting CVar [[s.TimeLimitExceededMinTime:0.005]]
[2022.04.06-07.25.53:065][  0]LogConfig: Setting CVar [[s.UseBackgroundLevelStreaming:1]]
[2022.04.06-07.25.53:065][  0]LogConfig: Setting CVar [[s.PriorityAsyncLoadingExtraTime:15.0]]
[2022.04.06-07.25.53:065][  0]LogConfig: Setting CVar [[s.LevelStreamingActorsUpdateTimeLimit:5.0]]
[2022.04.06-07.25.53:065][  0]LogConfig: Setting CVar [[s.PriorityLevelStreamingActorsUpdateExtraTime:5.0]]
[2022.04.06-07.25.53:065][  0]LogConfig: Setting CVar [[s.LevelStreamingComponentsRegistrationGranularity:10]]
[2022.04.06-07.25.53:065][  0]LogConfig: Setting CVar [[s.UnregisterComponentsTimeLimit:1.0]]
[2022.04.06-07.25.53:065][  0]LogConfig: Setting CVar [[s.LevelStreamingComponentsUnregistrationGranularity:5]]
[2022.04.06-07.25.53:065][  0]LogConfig: Setting CVar [[s.FlushStreamingOnExit:1]]
[2022.04.06-07.25.53:065][  0]LogConfig: Applying CVar settings from Section [/Script/Engine.GarbageCollectionSettings] File [C:/Users/dmock/Unreal projects/P8/P8ToBeAnnounced/P8_VR_Home/Saved/Config/Windows/Engine.ini]
[2022.04.06-07.25.53:065][  0]LogConfig: Setting CVar [[gc.MaxObjectsNotConsideredByGC:1]]
[2022.04.06-07.25.53:065][  0]LogConfig: Setting CVar [[gc.SizeOfPermanentObjectPool:0]]
[2022.04.06-07.25.53:065][  0]LogConfig: Setting CVar [[gc.FlushStreamingOnGC:0]]
[2022.04.06-07.25.53:065][  0]LogConfig: Setting CVar [[gc.NumRetriesBeforeForcingGC:10]]
[2022.04.06-07.25.53:065][  0]LogConfig: Setting CVar [[gc.AllowParallelGC:1]]
[2022.04.06-07.25.53:065][  0]LogConfig: Setting CVar [[gc.TimeBetweenPurgingPendingKillObjects:61.1]]
[2022.04.06-07.25.53:065][  0]LogConfig: Setting CVar [[gc.MaxObjectsInEditor:25165824]]
[2022.04.06-07.25.53:065][  0]LogConfig: Setting CVar [[gc.IncrementalBeginDestroyEnabled:1]]
[2022.04.06-07.25.53:066][  0]LogConfig: Setting CVar [[gc.CreateGCClusters:1]]
[2022.04.06-07.25.53:066][  0]LogConfig: Setting CVar [[gc.MinGCClusterSize:5]]
[2022.04.06-07.25.53:066][  0]LogConfig: Setting CVar [[gc.ActorClusteringEnabled:0]]
[2022.04.06-07.25.53:066][  0]LogConfig: Setting CVar [[gc.BlueprintClusteringEnabled:0]]
[2022.04.06-07.25.53:066][  0]LogConfig: Setting CVar [[gc.UseDisregardForGCOnDedicatedServers:0]]
[2022.04.06-07.25.53:066][  0]LogConfig: Setting CVar [[gc.MultithreadedDestructionEnabled:1]]
[2022.04.06-07.25.53:066][  0]LogConfig: Applying CVar settings from Section [/Script/Engine.NetworkSettings] File [C:/Users/dmock/Unreal projects/P8/P8ToBeAnnounced/P8_VR_Home/Saved/Config/Windows/Engine.ini]
[2022.04.06-07.25.53:066][  0]LogConfig: Applying CVar settings from Section [/Script/UnrealEd.CookerSettings] File [C:/Users/dmock/Unreal projects/P8/P8ToBeAnnounced/P8_VR_Home/Saved/Config/Windows/Engine.ini]
[2022.04.06-07.25.53:069][  0]LogConfig: Applying CVar settings from Section [ViewDistanceQuality@3] File [C:/Users/dmock/Unreal projects/P8/P8ToBeAnnounced/P8_VR_Home/Saved/Config/Windows/Scalability.ini]
[2022.04.06-07.25.53:069][  0]LogConfig: Setting CVar [[r.SkeletalMeshLODBias:0]]
[2022.04.06-07.25.53:069][  0]LogConfig: Setting CVar [[r.ViewDistanceScale:1.0]]
[2022.04.06-07.25.53:069][  0]LogConfig: Applying CVar settings from Section [AntiAliasingQuality@3] File [C:/Users/dmock/Unreal projects/P8/P8ToBeAnnounced/P8_VR_Home/Saved/Config/Windows/Scalability.ini]
[2022.04.06-07.25.53:069][  0]LogConfig: Setting CVar [[r.PostProcessAAQuality:4]]
[2022.04.06-07.25.53:069][  0]LogConfig: Applying CVar settings from Section [ShadowQuality@3] File [C:/Users/dmock/Unreal projects/P8/P8ToBeAnnounced/P8_VR_Home/Saved/Config/Windows/Scalability.ini]
[2022.04.06-07.25.53:069][  0]LogConfig: Setting CVar [[r.LightFunctionQuality:1]]
[2022.04.06-07.25.53:069][  0]LogConfig: Setting CVar [[r.ShadowQuality:5]]
[2022.04.06-07.25.53:069][  0]LogConfig: Setting CVar [[r.Shadow.CSM.MaxCascades:10]]
[2022.04.06-07.25.53:069][  0]LogConfig: Setting CVar [[r.Shadow.MaxResolution:2048]]
[2022.04.06-07.25.53:069][  0]LogConfig: Setting CVar [[r.Shadow.MaxCSMResolution:2048]]
[2022.04.06-07.25.53:069][  0]LogConfig: Setting CVar [[r.Shadow.RadiusThreshold:0.01]]
[2022.04.06-07.25.53:069][  0]LogConfig: Setting CVar [[r.Shadow.DistanceScale:1.0]]
[2022.04.06-07.25.53:069][  0]LogConfig: Setting CVar [[r.Shadow.CSM.TransitionScale:1.0]]
[2022.04.06-07.25.53:069][  0]LogConfig: Setting CVar [[r.Shadow.PreShadowResolutionFactor:1.0]]
[2022.04.06-07.25.53:069][  0]LogConfig: Setting CVar [[r.DistanceFieldShadowing:1]]
[2022.04.06-07.25.53:069][  0]LogConfig: Setting CVar [[r.DistanceFieldAO:1]]
[2022.04.06-07.25.53:069][  0]LogConfig: Setting CVar [[r.AOQuality:2]]
[2022.04.06-07.25.53:069][  0]LogConfig: Setting CVar [[r.VolumetricFog:1]]
[2022.04.06-07.25.53:069][  0]LogConfig: Setting CVar [[r.VolumetricFog.GridPixelSize:8]]
[2022.04.06-07.25.53:069][  0]LogConfig: Setting CVar [[r.VolumetricFog.GridSizeZ:128]]
[2022.04.06-07.25.53:069][  0]LogConfig: Setting CVar [[r.VolumetricFog.HistoryMissSupersampleCount:4]]
[2022.04.06-07.25.53:069][  0]LogConfig: Setting CVar [[r.LightMaxDrawDistanceScale:1]]
[2022.04.06-07.25.53:069][  0]LogConfig: Setting CVar [[r.CapsuleShadows:1]]
[2022.04.06-07.25.53:069][  0]LogConfig: Applying CVar settings from Section [PostProcessQuality@3] File [C:/Users/dmock/Unreal projects/P8/P8ToBeAnnounced/P8_VR_Home/Saved/Config/Windows/Scalability.ini]
[2022.04.06-07.25.53:069][  0]LogConfig: Setting CVar [[r.MotionBlurQuality:4]]
[2022.04.06-07.25.53:069][  0]LogConfig: Setting CVar [[r.AmbientOcclusionMipLevelFactor:0.4]]
[2022.04.06-07.25.53:069][  0]LogConfig: Setting CVar [[r.AmbientOcclusionMaxQuality:100]]
[2022.04.06-07.25.53:069][  0]LogConfig: Setting CVar [[r.AmbientOcclusionLevels:-1]]
[2022.04.06-07.25.53:069][  0]LogConfig: Setting CVar [[r.AmbientOcclusionRadiusScale:1.0]]
[2022.04.06-07.25.53:069][  0]LogConfig: Setting CVar [[r.DepthOfFieldQuality:2]]
[2022.04.06-07.25.53:069][  0]LogConfig: Setting CVar [[r.RenderTargetPoolMin:400]]
[2022.04.06-07.25.53:069][  0]LogConfig: Setting CVar [[r.LensFlareQuality:2]]
[2022.04.06-07.25.53:069][  0]LogConfig: Setting CVar [[r.SceneColorFringeQuality:1]]
[2022.04.06-07.25.53:069][  0]LogConfig: Setting CVar [[r.EyeAdaptationQuality:2]]
[2022.04.06-07.25.53:069][  0]LogConfig: Setting CVar [[r.BloomQuality:5]]
[2022.04.06-07.25.53:069][  0]LogConfig: Setting CVar [[r.FastBlurThreshold:100]]
[2022.04.06-07.25.53:069][  0]LogConfig: Setting CVar [[r.Upscale.Quality:3]]
[2022.04.06-07.25.53:069][  0]LogConfig: Setting CVar [[r.Tonemapper.GrainQuantization:1]]
[2022.04.06-07.25.53:069][  0]LogConfig: Setting CVar [[r.LightShaftQuality:1]]
[2022.04.06-07.25.53:069][  0]LogConfig: Setting CVar [[r.Filter.SizeScale:1]]
[2022.04.06-07.25.53:069][  0]LogConfig: Setting CVar [[r.Tonemapper.Quality:5]]
[2022.04.06-07.25.53:069][  0]LogConfig: Setting CVar [[r.DOF.Gather.AccumulatorQuality:1        ; higher gathering accumulator quality]]
[2022.04.06-07.25.53:069][  0]LogConfig: Setting CVar [[r.DOF.Gather.PostfilterMethod:1          ; Median3x3 postfilering method]]
[2022.04.06-07.25.53:069][  0]LogConfig: Setting CVar [[r.DOF.Gather.EnableBokehSettings:0       ; no bokeh simulation when gathering]]
[2022.04.06-07.25.53:069][  0]LogConfig: Setting CVar [[r.DOF.Gather.RingCount:4                 ; medium number of samples when gathering]]
[2022.04.06-07.25.53:069][  0]LogConfig: Setting CVar [[r.DOF.Scatter.ForegroundCompositing:1    ; additive foreground scattering]]
[2022.04.06-07.25.53:069][  0]LogConfig: Setting CVar [[r.DOF.Scatter.BackgroundCompositing:2    ; additive background scattering]]
[2022.04.06-07.25.53:069][  0]LogConfig: Setting CVar [[r.DOF.Scatter.EnableBokehSettings:1      ; bokeh simulation when scattering]]
[2022.04.06-07.25.53:069][  0]LogConfig: Setting CVar [[r.DOF.Scatter.MaxSpriteRatio:0.1         ; only a maximum of 10% of scattered bokeh]]
[2022.04.06-07.25.53:069][  0]LogConfig: Setting CVar [[r.DOF.Recombine.Quality:1                ; cheap slight out of focus]]
[2022.04.06-07.25.53:069][  0]LogConfig: Setting CVar [[r.DOF.Recombine.EnableBokehSettings:0    ; no bokeh simulation on slight out of focus]]
[2022.04.06-07.25.53:069][  0]LogConfig: Setting CVar [[r.DOF.TemporalAAQuality:1                ; more stable temporal accumulation]]
[2022.04.06-07.25.53:069][  0]LogConfig: Setting CVar [[r.DOF.Kernel.MaxForegroundRadius:0.025]]
[2022.04.06-07.25.53:069][  0]LogConfig: Setting CVar [[r.DOF.Kernel.MaxBackgroundRadius:0.025]]
[2022.04.06-07.25.53:069][  0]LogConfig: Applying CVar settings from Section [TextureQuality@3] File [C:/Users/dmock/Unreal projects/P8/P8ToBeAnnounced/P8_VR_Home/Saved/Config/Windows/Scalability.ini]
[2022.04.06-07.25.53:069][  0]LogConfig: Setting CVar [[r.Streaming.MipBias:0]]
[2022.04.06-07.25.53:069][  0]LogConfig: Setting CVar [[r.Streaming.AmortizeCPUToGPUCopy:0]]
[2022.04.06-07.25.53:069][  0]LogConfig: Setting CVar [[r.Streaming.MaxNumTexturesToStreamPerFrame:0]]
[2022.04.06-07.25.53:069][  0]LogConfig: Setting CVar [[r.Streaming.Boost:1]]
[2022.04.06-07.25.53:069][  0]LogConfig: Setting CVar [[r.MaxAnisotropy:8]]
[2022.04.06-07.25.53:069][  0]LogConfig: Setting CVar [[r.VT.MaxAnisotropy:8]]
[2022.04.06-07.25.53:069][  0]LogConfig: Setting CVar [[r.Streaming.LimitPoolSizeToVRAM:0]]
[2022.04.06-07.25.53:069][  0]LogConfig: Setting CVar [[r.Streaming.PoolSize:1000]]
[2022.04.06-07.25.53:069][  0]LogConfig: Setting CVar [[r.Streaming.MaxEffectiveScreenSize:0]]
[2022.04.06-07.25.53:069][  0]LogConfig: Applying CVar settings from Section [EffectsQuality@3] File [C:/Users/dmock/Unreal projects/P8/P8ToBeAnnounced/P8_VR_Home/Saved/Config/Windows/Scalability.ini]
[2022.04.06-07.25.53:069][  0]LogConfig: Setting CVar [[r.TranslucencyLightingVolumeDim:64]]
[2022.04.06-07.25.53:069][  0]LogConfig: Setting CVar [[r.RefractionQuality:2]]
[2022.04.06-07.25.53:069][  0]LogConfig: Setting CVar [[r.SSR.Quality:3]]
[2022.04.06-07.25.53:070][  0]LogConfig: Setting CVar [[r.SSR.HalfResSceneColor:0]]
[2022.04.06-07.25.53:070][  0]LogConfig: Setting CVar [[r.SceneColorFormat:4]]
[2022.04.06-07.25.53:070][  0]LogConfig: Setting CVar [[r.DetailMode:2]]
[2022.04.06-07.25.53:070][  0]LogConfig: Setting CVar [[r.TranslucencyVolumeBlur:1]]
[2022.04.06-07.25.53:070][  0]LogConfig: Setting CVar [[r.MaterialQualityLevel:1 ; High quality]]
[2022.04.06-07.25.53:070][  0]LogConfig: Setting CVar [[r.AnisotropicMaterials:1]]
[2022.04.06-07.25.53:070][  0]LogConfig: Setting CVar [[r.SSS.Scale:1]]
[2022.04.06-07.25.53:070][  0]LogConfig: Setting CVar [[r.SSS.SampleSet:2]]
[2022.04.06-07.25.53:070][  0]LogConfig: Setting CVar [[r.SSS.Quality:1]]
[2022.04.06-07.25.53:070][  0]LogConfig: Setting CVar [[r.SSS.HalfRes:0]]
[2022.04.06-07.25.53:070][  0]LogConfig: Setting CVar [[r.SSGI.Quality:3]]
[2022.04.06-07.25.53:070][  0]LogConfig: Setting CVar [[r.EmitterSpawnRateScale:1.0]]
[2022.04.06-07.25.53:070][  0]LogConfig: Setting CVar [[r.ParticleLightQuality:2]]
[2022.04.06-07.25.53:070][  0]LogConfig: Setting CVar [[r.SkyAtmosphere.AerialPerspectiveLUT.FastApplyOnOpaque:1 ; Always have FastSkyLUT 1 in this case to avoid wrong sky]]
[2022.04.06-07.25.53:070][  0]LogConfig: Setting CVar [[r.SkyAtmosphere.AerialPerspectiveLUT.SampleCountMaxPerSlice:4]]
[2022.04.06-07.25.53:070][  0]LogConfig: Setting CVar [[r.SkyAtmosphere.AerialPerspectiveLUT.DepthResolution:16.0]]
[2022.04.06-07.25.53:070][  0]LogConfig: Setting CVar [[r.SkyAtmosphere.FastSkyLUT:1]]
[2022.04.06-07.25.53:070][  0]LogConfig: Setting CVar [[r.SkyAtmosphere.FastSkyLUT.SampleCountMin:4.0]]
[2022.04.06-07.25.53:070][  0]LogConfig: Setting CVar [[r.SkyAtmosphere.FastSkyLUT.SampleCountMax:128.0]]
[2022.04.06-07.25.53:070][  0]LogConfig: Setting CVar [[r.SkyAtmosphere.SampleCountMin:4.0]]
[2022.04.06-07.25.53:070][  0]LogConfig: Setting CVar [[r.SkyAtmosphere.SampleCountMax:128.0]]
[2022.04.06-07.25.53:070][  0]LogConfig: Setting CVar [[r.SkyAtmosphere.TransmittanceLUT.UseSmallFormat:0]]
[2022.04.06-07.25.53:070][  0]LogConfig: Setting CVar [[r.SkyAtmosphere.TransmittanceLUT.SampleCount:10.0]]
[2022.04.06-07.25.53:070][  0]LogConfig: Setting CVar [[r.SkyAtmosphere.MultiScatteringLUT.SampleCount:15.0]]
[2022.04.06-07.25.53:070][  0]LogConfig: Setting CVar [[r.SkyLight.RealTimeReflectionCapture:1]]
[2022.04.06-07.25.53:070][  0]LogConfig: Applying CVar settings from Section [FoliageQuality@3] File [C:/Users/dmock/Unreal projects/P8/P8ToBeAnnounced/P8_VR_Home/Saved/Config/Windows/Scalability.ini]
[2022.04.06-07.25.53:070][  0]LogConfig: Setting CVar [[foliage.DensityScale:1.0]]
[2022.04.06-07.25.53:070][  0]LogConfig: Setting CVar [[grass.DensityScale:1.0]]
[2022.04.06-07.25.53:070][  0]LogConfig: Applying CVar settings from Section [ShadingQuality@3] File [C:/Users/dmock/Unreal projects/P8/P8ToBeAnnounced/P8_VR_Home/Saved/Config/Windows/Scalability.ini]
[2022.04.06-07.25.53:070][  0]LogConfig: Setting CVar [[r.HairStrands.SkyLighting.IntegrationType:2]]
[2022.04.06-07.25.53:070][  0]LogConfig: Setting CVar [[r.HairStrands.SkyAO.SampleCount:4]]
[2022.04.06-07.25.53:070][  0]LogConfig: Setting CVar [[r.HairStrands.Visibility.MSAA.SamplePerPixel:4]]
[2022.04.06-07.25.53:070][  0]LogInit: Selected Device Profile: [Windows]
[2022.04.06-07.25.53:070][  0]LogInit: Applying CVar settings loaded from the selected device profile: [Windows]
[2022.04.06-07.25.53:070][  0]LogHAL: Display: Platform has ~ 16 GB [16542703616 / 17179869184 / 16], which maps to Larger [LargestMinGB=32, LargerMinGB=12, DefaultMinGB=8, SmallerMinGB=6, SmallestMinGB=0)
[2022.04.06-07.25.53:070][  0]LogInit: Going up to parent DeviceProfile []
[2022.04.06-07.25.53:070][  0]LogConfig: Applying CVar settings from Section [ViewDistanceQuality@3] File [C:/Users/dmock/Unreal projects/P8/P8ToBeAnnounced/P8_VR_Home/Saved/Config/Windows/Scalability.ini]
[2022.04.06-07.25.53:070][  0]LogConfig: Setting CVar [[r.SkeletalMeshLODBias:0]]
[2022.04.06-07.25.53:070][  0]LogConfig: Setting CVar [[r.ViewDistanceScale:1.0]]
[2022.04.06-07.25.53:070][  0]LogConfig: Applying CVar settings from Section [AntiAliasingQuality@3] File [C:/Users/dmock/Unreal projects/P8/P8ToBeAnnounced/P8_VR_Home/Saved/Config/Windows/Scalability.ini]
[2022.04.06-07.25.53:070][  0]LogConfig: Setting CVar [[r.PostProcessAAQuality:4]]
[2022.04.06-07.25.53:070][  0]LogConfig: Applying CVar settings from Section [ShadowQuality@3] File [C:/Users/dmock/Unreal projects/P8/P8ToBeAnnounced/P8_VR_Home/Saved/Config/Windows/Scalability.ini]
[2022.04.06-07.25.53:070][  0]LogConfig: Setting CVar [[r.LightFunctionQuality:1]]
[2022.04.06-07.25.53:070][  0]LogConfig: Setting CVar [[r.ShadowQuality:5]]
[2022.04.06-07.25.53:070][  0]LogConfig: Setting CVar [[r.Shadow.CSM.MaxCascades:10]]
[2022.04.06-07.25.53:070][  0]LogConfig: Setting CVar [[r.Shadow.MaxResolution:2048]]
[2022.04.06-07.25.53:070][  0]LogConfig: Setting CVar [[r.Shadow.MaxCSMResolution:2048]]
[2022.04.06-07.25.53:070][  0]LogConfig: Setting CVar [[r.Shadow.RadiusThreshold:0.01]]
[2022.04.06-07.25.53:070][  0]LogConfig: Setting CVar [[r.Shadow.DistanceScale:1.0]]
[2022.04.06-07.25.53:070][  0]LogConfig: Setting CVar [[r.Shadow.CSM.TransitionScale:1.0]]
[2022.04.06-07.25.53:070][  0]LogConfig: Setting CVar [[r.Shadow.PreShadowResolutionFactor:1.0]]
[2022.04.06-07.25.53:070][  0]LogConfig: Setting CVar [[r.DistanceFieldShadowing:1]]
[2022.04.06-07.25.53:070][  0]LogConfig: Setting CVar [[r.DistanceFieldAO:1]]
[2022.04.06-07.25.53:070][  0]LogConfig: Setting CVar [[r.AOQuality:2]]
[2022.04.06-07.25.53:070][  0]LogConfig: Setting CVar [[r.VolumetricFog:1]]
[2022.04.06-07.25.53:070][  0]LogConfig: Setting CVar [[r.VolumetricFog.GridPixelSize:8]]
[2022.04.06-07.25.53:070][  0]LogConfig: Setting CVar [[r.VolumetricFog.GridSizeZ:128]]
[2022.04.06-07.25.53:070][  0]LogConfig: Setting CVar [[r.VolumetricFog.HistoryMissSupersampleCount:4]]
[2022.04.06-07.25.53:070][  0]LogConfig: Setting CVar [[r.LightMaxDrawDistanceScale:1]]
[2022.04.06-07.25.53:070][  0]LogConfig: Setting CVar [[r.CapsuleShadows:1]]
[2022.04.06-07.25.53:070][  0]LogConfig: Applying CVar settings from Section [PostProcessQuality@3] File [C:/Users/dmock/Unreal projects/P8/P8ToBeAnnounced/P8_VR_Home/Saved/Config/Windows/Scalability.ini]
[2022.04.06-07.25.53:070][  0]LogConfig: Setting CVar [[r.MotionBlurQuality:4]]
[2022.04.06-07.25.53:070][  0]LogConfig: Setting CVar [[r.AmbientOcclusionMipLevelFactor:0.4]]
[2022.04.06-07.25.53:070][  0]LogConfig: Setting CVar [[r.AmbientOcclusionMaxQuality:100]]
[2022.04.06-07.25.53:070][  0]LogConfig: Setting CVar [[r.AmbientOcclusionLevels:-1]]
[2022.04.06-07.25.53:070][  0]LogConfig: Setting CVar [[r.AmbientOcclusionRadiusScale:1.0]]
[2022.04.06-07.25.53:070][  0]LogConfig: Setting CVar [[r.DepthOfFieldQuality:2]]
[2022.04.06-07.25.53:070][  0]LogConfig: Setting CVar [[r.RenderTargetPoolMin:400]]
[2022.04.06-07.25.53:070][  0]LogConfig: Setting CVar [[r.LensFlareQuality:2]]
[2022.04.06-07.25.53:070][  0]LogConfig: Setting CVar [[r.SceneColorFringeQuality:1]]
[2022.04.06-07.25.53:070][  0]LogConfig: Setting CVar [[r.EyeAdaptationQuality:2]]
[2022.04.06-07.25.53:070][  0]LogConfig: Setting CVar [[r.BloomQuality:5]]
[2022.04.06-07.25.53:070][  0]LogConfig: Setting CVar [[r.FastBlurThreshold:100]]
[2022.04.06-07.25.53:070][  0]LogConfig: Setting CVar [[r.Upscale.Quality:3]]
[2022.04.06-07.25.53:070][  0]LogConfig: Setting CVar [[r.Tonemapper.GrainQuantization:1]]
[2022.04.06-07.25.53:070][  0]LogConfig: Setting CVar [[r.LightShaftQuality:1]]
[2022.04.06-07.25.53:070][  0]LogConfig: Setting CVar [[r.Filter.SizeScale:1]]
[2022.04.06-07.25.53:070][  0]LogConfig: Setting CVar [[r.Tonemapper.Quality:5]]
[2022.04.06-07.25.53:070][  0]LogConfig: Setting CVar [[r.DOF.Gather.AccumulatorQuality:1        ; higher gathering accumulator quality]]
[2022.04.06-07.25.53:070][  0]LogConfig: Setting CVar [[r.DOF.Gather.PostfilterMethod:1          ; Median3x3 postfilering method]]
[2022.04.06-07.25.53:070][  0]LogConfig: Setting CVar [[r.DOF.Gather.EnableBokehSettings:0       ; no bokeh simulation when gathering]]
[2022.04.06-07.25.53:070][  0]LogConfig: Setting CVar [[r.DOF.Gather.RingCount:4                 ; medium number of samples when gathering]]
[2022.04.06-07.25.53:070][  0]LogConfig: Setting CVar [[r.DOF.Scatter.ForegroundCompositing:1    ; additive foreground scattering]]
[2022.04.06-07.25.53:070][  0]LogConfig: Setting CVar [[r.DOF.Scatter.BackgroundCompositing:2    ; additive background scattering]]
[2022.04.06-07.25.53:070][  0]LogConfig: Setting CVar [[r.DOF.Scatter.EnableBokehSettings:1      ; bokeh simulation when scattering]]
[2022.04.06-07.25.53:070][  0]LogConfig: Setting CVar [[r.DOF.Scatter.MaxSpriteRatio:0.1         ; only a maximum of 10% of scattered bokeh]]
[2022.04.06-07.25.53:070][  0]LogConfig: Setting CVar [[r.DOF.Recombine.Quality:1                ; cheap slight out of focus]]
[2022.04.06-07.25.53:070][  0]LogConfig: Setting CVar [[r.DOF.Recombine.EnableBokehSettings:0    ; no bokeh simulation on slight out of focus]]
[2022.04.06-07.25.53:070][  0]LogConfig: Setting CVar [[r.DOF.TemporalAAQuality:1                ; more stable temporal accumulation]]
[2022.04.06-07.25.53:070][  0]LogConfig: Setting CVar [[r.DOF.Kernel.MaxForegroundRadius:0.025]]
[2022.04.06-07.25.53:070][  0]LogConfig: Setting CVar [[r.DOF.Kernel.MaxBackgroundRadius:0.025]]
[2022.04.06-07.25.53:070][  0]LogConfig: Applying CVar settings from Section [TextureQuality@3] File [C:/Users/dmock/Unreal projects/P8/P8ToBeAnnounced/P8_VR_Home/Saved/Config/Windows/Scalability.ini]
[2022.04.06-07.25.53:070][  0]LogConfig: Setting CVar [[r.Streaming.MipBias:0]]
[2022.04.06-07.25.53:070][  0]LogConfig: Setting CVar [[r.Streaming.AmortizeCPUToGPUCopy:0]]
[2022.04.06-07.25.53:070][  0]LogConfig: Setting CVar [[r.Streaming.MaxNumTexturesToStreamPerFrame:0]]
[2022.04.06-07.25.53:070][  0]LogConfig: Setting CVar [[r.Streaming.Boost:1]]
[2022.04.06-07.25.53:070][  0]LogConfig: Setting CVar [[r.MaxAnisotropy:8]]
[2022.04.06-07.25.53:070][  0]LogConfig: Setting CVar [[r.VT.MaxAnisotropy:8]]
[2022.04.06-07.25.53:070][  0]LogConfig: Setting CVar [[r.Streaming.LimitPoolSizeToVRAM:0]]
[2022.04.06-07.25.53:070][  0]LogConfig: Setting CVar [[r.Streaming.PoolSize:1000]]
[2022.04.06-07.25.53:070][  0]LogConfig: Setting CVar [[r.Streaming.MaxEffectiveScreenSize:0]]
[2022.04.06-07.25.53:070][  0]LogConfig: Applying CVar settings from Section [EffectsQuality@3] File [C:/Users/dmock/Unreal projects/P8/P8ToBeAnnounced/P8_VR_Home/Saved/Config/Windows/Scalability.ini]
[2022.04.06-07.25.53:070][  0]LogConfig: Setting CVar [[r.TranslucencyLightingVolumeDim:64]]
[2022.04.06-07.25.53:070][  0]LogConfig: Setting CVar [[r.RefractionQuality:2]]
[2022.04.06-07.25.53:070][  0]LogConfig: Setting CVar [[r.SSR.Quality:3]]
[2022.04.06-07.25.53:070][  0]LogConfig: Setting CVar [[r.SSR.HalfResSceneColor:0]]
[2022.04.06-07.25.53:070][  0]LogConfig: Setting CVar [[r.SceneColorFormat:4]]
[2022.04.06-07.25.53:070][  0]LogConfig: Setting CVar [[r.DetailMode:2]]
[2022.04.06-07.25.53:070][  0]LogConfig: Setting CVar [[r.TranslucencyVolumeBlur:1]]
[2022.04.06-07.25.53:070][  0]LogConfig: Setting CVar [[r.MaterialQualityLevel:1 ; High quality]]
[2022.04.06-07.25.53:070][  0]LogConfig: Setting CVar [[r.AnisotropicMaterials:1]]
[2022.04.06-07.25.53:070][  0]LogConfig: Setting CVar [[r.SSS.Scale:1]]
[2022.04.06-07.25.53:070][  0]LogConfig: Setting CVar [[r.SSS.SampleSet:2]]
[2022.04.06-07.25.53:070][  0]LogConfig: Setting CVar [[r.SSS.Quality:1]]
[2022.04.06-07.25.53:070][  0]LogConfig: Setting CVar [[r.SSS.HalfRes:0]]
[2022.04.06-07.25.53:070][  0]LogConfig: Setting CVar [[r.SSGI.Quality:3]]
[2022.04.06-07.25.53:070][  0]LogConfig: Setting CVar [[r.EmitterSpawnRateScale:1.0]]
[2022.04.06-07.25.53:070][  0]LogConfig: Setting CVar [[r.ParticleLightQuality:2]]
[2022.04.06-07.25.53:070][  0]LogConfig: Setting CVar [[r.SkyAtmosphere.AerialPerspectiveLUT.FastApplyOnOpaque:1 ; Always have FastSkyLUT 1 in this case to avoid wrong sky]]
[2022.04.06-07.25.53:070][  0]LogConfig: Setting CVar [[r.SkyAtmosphere.AerialPerspectiveLUT.SampleCountMaxPerSlice:4]]
[2022.04.06-07.25.53:070][  0]LogConfig: Setting CVar [[r.SkyAtmosphere.AerialPerspectiveLUT.DepthResolution:16.0]]
[2022.04.06-07.25.53:070][  0]LogConfig: Setting CVar [[r.SkyAtmosphere.FastSkyLUT:1]]
[2022.04.06-07.25.53:070][  0]LogConfig: Setting CVar [[r.SkyAtmosphere.FastSkyLUT.SampleCountMin:4.0]]
[2022.04.06-07.25.53:070][  0]LogConfig: Setting CVar [[r.SkyAtmosphere.FastSkyLUT.SampleCountMax:128.0]]
[2022.04.06-07.25.53:070][  0]LogConfig: Setting CVar [[r.SkyAtmosphere.SampleCountMin:4.0]]
[2022.04.06-07.25.53:071][  0]LogConfig: Setting CVar [[r.SkyAtmosphere.SampleCountMax:128.0]]
[2022.04.06-07.25.53:071][  0]LogConfig: Setting CVar [[r.SkyAtmosphere.TransmittanceLUT.UseSmallFormat:0]]
[2022.04.06-07.25.53:071][  0]LogConfig: Setting CVar [[r.SkyAtmosphere.TransmittanceLUT.SampleCount:10.0]]
[2022.04.06-07.25.53:071][  0]LogConfig: Setting CVar [[r.SkyAtmosphere.MultiScatteringLUT.SampleCount:15.0]]
[2022.04.06-07.25.53:071][  0]LogConfig: Setting CVar [[r.SkyLight.RealTimeReflectionCapture:1]]
[2022.04.06-07.25.53:071][  0]LogConfig: Applying CVar settings from Section [FoliageQuality@3] File [C:/Users/dmock/Unreal projects/P8/P8ToBeAnnounced/P8_VR_Home/Saved/Config/Windows/Scalability.ini]
[2022.04.06-07.25.53:071][  0]LogConfig: Setting CVar [[foliage.DensityScale:1.0]]
[2022.04.06-07.25.53:071][  0]LogConfig: Setting CVar [[grass.DensityScale:1.0]]
[2022.04.06-07.25.53:071][  0]LogConfig: Applying CVar settings from Section [ShadingQuality@3] File [C:/Users/dmock/Unreal projects/P8/P8ToBeAnnounced/P8_VR_Home/Saved/Config/Windows/Scalability.ini]
[2022.04.06-07.25.53:071][  0]LogConfig: Setting CVar [[r.HairStrands.SkyLighting.IntegrationType:2]]
[2022.04.06-07.25.53:071][  0]LogConfig: Setting CVar [[r.HairStrands.SkyAO.SampleCount:4]]
[2022.04.06-07.25.53:071][  0]LogConfig: Setting CVar [[r.HairStrands.Visibility.MSAA.SamplePerPixel:4]]
[2022.04.06-07.25.53:071][  0]LogConfig: Applying CVar settings from Section [Startup] File [../../../Engine/Config/ConsoleVariables.ini]
[2022.04.06-07.25.53:071][  0]LogConfig: Setting CVar [[net.UseAdaptiveNetUpdateFrequency:0]]
[2022.04.06-07.25.53:071][  0]LogConfig: Setting CVar [[p.chaos.AllowCreatePhysxBodies:1]]
[2022.04.06-07.25.53:071][  0]LogConfig: Setting CVar [[fx.SkipVectorVMBackendOptimizations:1]]
[2022.04.06-07.25.53:071][  0]LogConfig: Applying CVar settings from Section [ConsoleVariables] File [C:/Users/dmock/Unreal projects/P8/P8ToBeAnnounced/P8_VR_Home/Saved/Config/Windows/Engine.ini]
[2022.04.06-07.25.53:071][  0]LogConfig: Applying CVar settings from Section [ConsoleVariables] File [C:/Users/dmock/Unreal projects/P8/P8ToBeAnnounced/P8_VR_Home/Saved/Config/Windows/Editor.ini]
[2022.04.06-07.25.53:071][  0]LogInit: Computer: DAVID
[2022.04.06-07.25.53:071][  0]LogInit: User: dmock
[2022.04.06-07.25.53:071][  0]LogInit: CPU Page size=4096, Cores=8
[2022.04.06-07.25.53:071][  0]LogInit: High frequency timer resolution =10.000000 MHz
[2022.04.06-07.25.53:071][  0]LogMemory: Memory total: Physical=15.4GB (16GB approx)
[2022.04.06-07.25.53:071][  0]LogMemory: Platform Memory Stats for Windows
[2022.04.06-07.25.53:071][  0]LogMemory: Process Physical Memory: 147.13 MB used, 147.13 MB peak
[2022.04.06-07.25.53:071][  0]LogMemory: Process Virtual Memory: 129.04 MB used, 129.04 MB peak
[2022.04.06-07.25.53:071][  0]LogMemory: Physical Memory: 5473.68 MB used,  10302.68 MB free, 15776.35 MB total
[2022.04.06-07.25.53:071][  0]LogMemory: Virtual Memory: 134202280.00 MB used,  15444.79 MB free, 134217728.00 MB total
[2022.04.06-07.25.53:075][  0]LogWindows: WindowsPlatformFeatures enabled
[2022.04.06-07.25.53:093][  0]LogInit: Physics initialised using underlying interface: PhysX
[2022.04.06-07.25.53:094][  0]LogInit: Using OS detected language (en-US).
[2022.04.06-07.25.53:094][  0]LogInit: Using OS detected locale (en-US).
[2022.04.06-07.25.53:098][  0]LogTextLocalizationManager: No specific localization for 'en-US' exists, so the 'en' localization will be used.
[2022.04.06-07.25.53:226][  0]LogInit: Setting process to per monitor DPI aware
[2022.04.06-07.25.53:233][  0]LogWindowsTextInputMethodSystem: Display: IME system deactivated.
[2022.04.06-07.25.53:243][  0]LogSlate: New Slate User Created.  User Index 0, Is Virtual User: 0
[2022.04.06-07.25.53:243][  0]LogSlate: Slate User Registered.  User Index 0, Is Virtual User: 0
[2022.04.06-07.25.53:324][  0]LogD3D11RHI: Loaded GFSDK_Aftermath_Lib.x64.dll
[2022.04.06-07.25.53:405][  0]LogHMD: Optional extension XR_VARJO_quad_views is not available
[2022.04.06-07.25.53:405][  0]LogHMD: Warning: Required extension XR_EXT_eye_gaze_interaction is not available
[2022.04.06-07.25.53:405][  0]LogHMD: Could not enable all required OpenXR extensions for OpenXREyeTracker on current system. This plugin will be loaded but ignored, but will be enabled on a target platform that supports the required extension.
[2022.04.06-07.25.53:908][  0]LogHMD: Failed to get an OpenXR system, result is XR_ERROR_FORM_FACTOR_UNAVAILABLE. Please check that your runtime supports VR headsets.
[2022.04.06-07.25.53:908][  0]LogD3D11RHI: D3D11 min allowed feature level: 11_0
[2022.04.06-07.25.53:908][  0]LogD3D11RHI: D3D11 max allowed feature level: 11_0
[2022.04.06-07.25.53:908][  0]LogD3D11RHI: D3D11 adapters:
[2022.04.06-07.25.53:974][  0]LogD3D11RHI:    0. 'NVIDIA GeForce RTX 3050 Ti Laptop GPU' (Feature Level 11_0)
[2022.04.06-07.25.53:974][  0]LogD3D11RHI:       3990/0/7888 MB DedicatedVideo/DedicatedSystem/SharedSystem, Outputs:1, VendorId:0x10de
[2022.04.06-07.25.53:995][  0]LogD3D11RHI:    1. 'AMD Radeon(TM) Graphics' (Feature Level 11_0)
[2022.04.06-07.25.53:995][  0]LogD3D11RHI:       496/0/7888 MB DedicatedVideo/DedicatedSystem/SharedSystem, Outputs:0, VendorId:0x1002
[2022.04.06-07.25.53:997][  0]LogD3D11RHI:    2. 'Microsoft Basic Render Driver' (Feature Level 11_0)
[2022.04.06-07.25.53:997][  0]LogD3D11RHI:       0/0/7888 MB DedicatedVideo/DedicatedSystem/SharedSystem, Outputs:0, VendorId:0x1414
[2022.04.06-07.25.53:997][  0]LogD3D11RHI: Chosen D3D11 Adapter:
[2022.04.06-07.25.53:997][  0]LogD3D11RHI:     Description : NVIDIA GeForce RTX 3050 Ti Laptop GPU
[2022.04.06-07.25.53:997][  0]LogD3D11RHI:     VendorId    : 10de
[2022.04.06-07.25.53:997][  0]LogD3D11RHI:     DeviceId    : 25a0
[2022.04.06-07.25.53:997][  0]LogD3D11RHI:     SubSysId    : 14ec1043
[2022.04.06-07.25.53:997][  0]LogD3D11RHI:     Revision    : 00a1
[2022.04.06-07.25.53:997][  0]LogD3D11RHI:     DedicatedVideoMemory : 4183818240 bytes
[2022.04.06-07.25.53:997][  0]LogD3D11RHI:     DedicatedSystemMemory : 0 bytes
[2022.04.06-07.25.53:997][  0]LogD3D11RHI:     SharedSystemMemory : 8271351808 bytes
[2022.04.06-07.25.53:997][  0]LogD3D11RHI:     AdapterLuid : 0 53208
[2022.04.06-07.25.54:002][  0]LogD3D11RHI: Creating new Direct3DDevice
[2022.04.06-07.25.54:002][  0]LogD3D11RHI:     GPU DeviceId: 0x25a0 (for the marketing name, search the web for "GPU Device Id")
[2022.04.06-07.25.54:002][  0]LogWindows: EnumDisplayDevices:
[2022.04.06-07.25.54:002][  0]LogWindows:    0. 'AMD Radeon(TM) Graphics' (P:1 D:1)
[2022.04.06-07.25.54:002][  0]LogWindows:    1. 'AMD Radeon(TM) Graphics' (P:0 D:0)
[2022.04.06-07.25.54:002][  0]LogWindows:    2. 'AMD Radeon(TM) Graphics' (P:0 D:0)
[2022.04.06-07.25.54:003][  0]LogWindows:    3. 'AMD Radeon(TM) Graphics' (P:0 D:0)
[2022.04.06-07.25.54:003][  0]LogWindows:    4. 'NVIDIA GeForce RTX 3050 Ti Laptop GPU' (P:0 D:0)
[2022.04.06-07.25.54:003][  0]LogWindows:    5. 'NVIDIA GeForce RTX 3050 Ti Laptop GPU' (P:0 D:0)
[2022.04.06-07.25.54:003][  0]LogWindows:    6. 'NVIDIA GeForce RTX 3050 Ti Laptop GPU' (P:0 D:0)
[2022.04.06-07.25.54:003][  0]LogWindows:    7. 'NVIDIA GeForce RTX 3050 Ti Laptop GPU' (P:0 D:0)
[2022.04.06-07.25.54:003][  0]LogWindows: DebugString: PrimaryIsNotTheChoosenAdapter PrimaryIsNotTheChoosenAdapter PrimaryIsNotTheChoosenAdapter PrimaryIsNotTheChoosenAdapter FoundDriverCount:4 
[2022.04.06-07.25.54:003][  0]LogD3D11RHI:     Adapter Name: NVIDIA GeForce RTX 3050 Ti Laptop GPU
[2022.04.06-07.25.54:003][  0]LogD3D11RHI:   Driver Version: 462.13 (internal:27.21.14.6213, unified:462.13)
[2022.04.06-07.25.54:003][  0]LogD3D11RHI:      Driver Date: 3-24-2021
[2022.04.06-07.25.54:003][  0]LogRHI: Texture pool is 2793 MB (70% of 3990 MB)
[2022.04.06-07.25.54:003][  0]LogD3D11RHI: Creating D3DDevice using adapter:
[2022.04.06-07.25.54:003][  0]LogD3D11RHI:     Description : NVIDIA GeForce RTX 3050 Ti Laptop GPU
[2022.04.06-07.25.54:003][  0]LogD3D11RHI:     VendorId    : 10de
[2022.04.06-07.25.54:003][  0]LogD3D11RHI:     DeviceId    : 25a0
[2022.04.06-07.25.54:003][  0]LogD3D11RHI:     SubSysId    : 14ec1043
[2022.04.06-07.25.54:003][  0]LogD3D11RHI:     Revision    : 00a1
[2022.04.06-07.25.54:003][  0]LogD3D11RHI:     DedicatedVideoMemory : 4183818240 bytes
[2022.04.06-07.25.54:003][  0]LogD3D11RHI:     DedicatedSystemMemory : 0 bytes
[2022.04.06-07.25.54:003][  0]LogD3D11RHI:     SharedSystemMemory : 8271351808 bytes
[2022.04.06-07.25.54:003][  0]LogD3D11RHI:     AdapterLuid : 0 53208
[2022.04.06-07.25.54:046][  0]LogD3D11RHI: RHI has support for 64 bit atomics
[2022.04.06-07.25.54:046][  0]LogD3D11RHI: Async texture creation enabled
[2022.04.06-07.25.54:046][  0]LogD3D11RHI: Array index from any shader is supported
[2022.04.06-07.25.54:059][  0]LogD3D11RHI: GPU Timing Frequency: 1000.000000 (Debug: 2 1)
[2022.04.06-07.25.54:069][  0]LogRHI: GeForceNow SDK initialized: 1
[2022.04.06-07.25.54:266][  0]LogTargetPlatformManager: Display: Loaded TargetPlatform 'AllDesktop'
[2022.04.06-07.25.54:283][  0]LogTargetPlatformManager: Display: Loaded TargetPlatform 'Android'
[2022.04.06-07.25.54:283][  0]LogTargetPlatformManager: Display: Loaded TargetPlatform 'Android_ASTC'
[2022.04.06-07.25.54:283][  0]LogTargetPlatformManager: Display: Loaded TargetPlatform 'Android_DXT'
[2022.04.06-07.25.54:283][  0]LogTargetPlatformManager: Display: Loaded TargetPlatform 'Android_ETC2'
[2022.04.06-07.25.54:284][  0]LogTargetPlatformManager: Display: Loaded TargetPlatform 'AndroidClient'
[2022.04.06-07.25.54:284][  0]LogTargetPlatformManager: Display: Loaded TargetPlatform 'Android_ASTCClient'
[2022.04.06-07.25.54:284][  0]LogTargetPlatformManager: Display: Loaded TargetPlatform 'Android_DXTClient'
[2022.04.06-07.25.54:284][  0]LogTargetPlatformManager: Display: Loaded TargetPlatform 'Android_ETC2Client'
[2022.04.06-07.25.54:284][  0]LogTargetPlatformManager: Display: Loaded TargetPlatform 'Android_Multi'
[2022.04.06-07.25.54:284][  0]LogTargetPlatformManager: Display: Loaded TargetPlatform 'Android_MultiClient'
[2022.04.06-07.25.54:299][  0]LogTargetPlatformManager: Display: Loaded TargetPlatform 'IOSClient'
[2022.04.06-07.25.54:299][  0]LogTargetPlatformManager: Display: Loaded TargetPlatform 'IOS'
[2022.04.06-07.25.54:307][  0]LogTargetPlatformManager: Display: Loaded TargetPlatform 'Linux'
[2022.04.06-07.25.54:312][  0]LogTargetPlatformManager: Display: Loaded TargetPlatform 'LinuxNoEditor'
[2022.04.06-07.25.54:315][  0]LogTargetPlatformManager: Display: Loaded TargetPlatform 'LinuxClient'
[2022.04.06-07.25.54:319][  0]LogTargetPlatformManager: Display: Loaded TargetPlatform 'LinuxServer'
[2022.04.06-07.25.54:327][  0]LogTargetPlatformManager: Display: Loaded TargetPlatform 'LinuxAArch64NoEditor'
[2022.04.06-07.25.54:331][  0]LogTargetPlatformManager: Display: Loaded TargetPlatform 'LinuxAArch64Client'
[2022.04.06-07.25.54:335][  0]LogTargetPlatformManager: Display: Loaded TargetPlatform 'LinuxAArch64Server'
[2022.04.06-07.25.54:355][  0]LogTargetPlatformManager: Display: Loaded TargetPlatform 'Lumin'
[2022.04.06-07.25.54:355][  0]LogTargetPlatformManager: Display: Loaded TargetPlatform 'LuminClient'
[2022.04.06-07.25.54:362][  0]LogTargetPlatformManager: Display: Loaded TargetPlatform 'MacNoEditor'
[2022.04.06-07.25.54:366][  0]LogTargetPlatformManager: Display: Loaded TargetPlatform 'Mac'
[2022.04.06-07.25.54:369][  0]LogTargetPlatformManager: Display: Loaded TargetPlatform 'MacClient'
[2022.04.06-07.25.54:373][  0]LogTargetPlatformManager: Display: Loaded TargetPlatform 'MacServer'
[2022.04.06-07.25.54:382][  0]LogTargetPlatformManager: Display: Loaded TargetPlatform 'TVOSClient'
[2022.04.06-07.25.54:382][  0]LogTargetPlatformManager: Display: Loaded TargetPlatform 'TVOS'
[2022.04.06-07.25.54:390][  0]LogTargetPlatformManager: Display: Loaded TargetPlatform 'WindowsNoEditor'
[2022.04.06-07.25.54:394][  0]LogTargetPlatformManager: Display: Loaded TargetPlatform 'Windows'
[2022.04.06-07.25.54:398][  0]LogTargetPlatformManager: Display: Loaded TargetPlatform 'WindowsClient'
[2022.04.06-07.25.54:401][  0]LogTargetPlatformManager: Display: Loaded TargetPlatform 'WindowsServer'
[2022.04.06-07.25.54:401][  0]LogTargetPlatformManager: Display: Building Assets For Windows
[2022.04.06-07.25.54:407][  0]LogAudioDebug: Display: Lib vorbis DLL was dynamically loaded.
[2022.04.06-07.25.54:431][  0]LogTextureFormatOodle: Display: Oodle Texture 2.9.0 init RDO Off
[2022.04.06-07.25.54:456][  0]LogRendererCore: Ray tracing is disabled. Reason: r.RayTracing=0.
[2022.04.06-07.25.54:456][  0]LogShaderCompilers: Guid format shader working directory is -30 characters bigger than the processId version (../../../../../../Users/dmock/Unreal projects/P8/P8ToBeAnnounced/P8_VR_Home/Intermediate/Shaders/WorkingDirectory/25184/).
[2022.04.06-07.25.54:456][  0]LogShaderCompilers: Cleaned the shader compiler working directory 'C:/Users/dmock/AppData/Local/Temp/UnrealShaderWorkingDir/9F79C16A4BABFF2756C9B2B1979910E2/'.
[2022.04.06-07.25.54:456][  0]LogXGEController: Cannot use XGE Controller as Incredibuild is not installed on this machine.
[2022.04.06-07.25.54:456][  0]LogShaderCompilers: Cannot use XGE Shader Compiler as Incredibuild is not installed on this machine.
[2022.04.06-07.25.54:456][  0]LogShaderCompilers: Display: Using Local Shader Compiler.
[2022.04.06-07.25.54:990][  0]LogDerivedDataCache: Display: Max Cache Size: 512 MB
[2022.04.06-07.25.55:043][  0]LogDerivedDataCache: Loaded boot cache 0.05s 140MB C:/Users/dmock/AppData/Local/UnrealEngine/4.27/DerivedDataCache/Boot.ddc.
[2022.04.06-07.25.55:043][  0]LogDerivedDataCache: Display: Loaded Boot cache: C:/Users/dmock/AppData/Local/UnrealEngine/4.27/DerivedDataCache/Boot.ddc
[2022.04.06-07.25.55:044][  0]LogDerivedDataCache: FDerivedDataBackendGraph:  Pak pak cache file ../../../../../../Users/dmock/Unreal projects/P8/P8ToBeAnnounced/P8_VR_Home/DerivedDataCache/DDC.ddp not found, will not use a pak cache.
[2022.04.06-07.25.55:044][  0]LogDerivedDataCache: Unable to find inner node Pak for hierarchical cache Hierarchy.
[2022.04.06-07.25.55:044][  0]LogDerivedDataCache: FDerivedDataBackendGraph:  CompressedPak pak cache file ../../../../../../Users/dmock/Unreal projects/P8/P8ToBeAnnounced/P8_VR_Home/DerivedDataCache/Compressed.ddp not found, will not use a pak cache.
[2022.04.06-07.25.55:044][  0]LogDerivedDataCache: Unable to find inner node CompressedPak for hierarchical cache Hierarchy.
[2022.04.06-07.25.55:058][  0]LogDerivedDataCache: Display: Pak cache opened for reading ../../../Engine/DerivedDataCache/Compressed.ddp.
[2022.04.06-07.25.55:058][  0]LogDerivedDataCache: FDerivedDataBackendGraph:  EnterprisePak pak cache file ../../../Enterprise/DerivedDataCache/Compressed.ddp not found, will not use a pak cache.
[2022.04.06-07.25.55:058][  0]LogDerivedDataCache: Unable to find inner node EnterprisePak for hierarchical cache Hierarchy.
[2022.04.06-07.25.55:064][  0]LogDerivedDataCache: Speed tests for C:/Users/dmock/AppData/Local/UnrealEngine/Common/DerivedDataCache took 0.01 seconds
[2022.04.06-07.25.55:065][  0]LogDerivedDataCache: Display: Performance to C:/Users/dmock/AppData/Local/UnrealEngine/Common/DerivedDataCache: Latency=0.02ms. RandomReadSpeed=315.17MBs, RandomWriteSpeed=263.55MBs. Assigned SpeedClass 'Local'
[2022.04.06-07.25.55:065][  0]LogDerivedDataCache: Using Local data cache path C:/Users/dmock/AppData/Local/UnrealEngine/Common/DerivedDataCache: Writable
[2022.04.06-07.25.55:065][  0]LogDerivedDataCache: Shared data cache path not found in *engine.ini, will not use an Shared cache.
[2022.04.06-07.25.55:065][  0]LogDerivedDataCache: Unable to find inner node Shared for hierarchical cache Hierarchy.
[2022.04.06-07.25.55:099][  0]LogSlate: Using FreeType 2.10.0
[2022.04.06-07.25.55:099][  0]LogSlate: SlateFontServices - WITH_FREETYPE: 1, WITH_HARFBUZZ: 1
[2022.04.06-07.25.55:600][  0]LogHMD: Failed to get an OpenXR system, result is XR_ERROR_FORM_FACTOR_UNAVAILABLE. Please check that your runtime supports VR headsets.
[2022.04.06-07.25.55:617][  0]LogAssetRegistry: FAssetRegistry took 0.0024 seconds to start up
[2022.04.06-07.25.55:789][  0]LogInit: Selected Device Profile: [Windows]
[2022.04.06-07.25.55:789][  0]LogInit: Active device profile: [000001F135B26A00][000001F134234680 49] Windows
[2022.04.06-07.25.55:789][  0]LogInit: Profiles: [000001F135B26A00][000001F134234680 49] Windows, [000001F135AD5800][000001F13423C800 49] WindowsNoEditor, [000001F135B25800][000001F1325E0980 49] WindowsServer, [000001F135AD6900][000001F1325E4B00 49] WindowsClient, [000001F135B26B00][000001F1325E8C80 49] IOS, [000001F135AD5500][000001F1325ECE00 49] iPadAir, [000001F135B25600][000001F134238F40 49] iPadAir2, [000001F135A7B300][000001F1325F5180 49] IPadPro, [000001F135A7B400][000001F1325F11C0 49] iPadAir3, [000001F135B26F00][000001F133FB5300 49] iPadAir4, [000001F135A79D00][000001F133FBD480 49] iPadMini2, [000001F135B25700][000001F133FC1600 49] iPadMini3, [000001F135A7B900][000001F133FC5780 49] iPadMini4, [000001F135B25E00][000001F133FC9900 49] iPadMini5, [000001F135A92C00][000001F133FD1BC0 49] iPhone6, [000001F135A92D00][000001F133FCDC00 49] iPodTouch6, [000001F135A78D00][000001F133FD8340 49] iPhone7, [000001F135A78C00][000001F133FD4380 49] iPodTouch7, [000001F135A91C00][000001F133FDC500 49] iPhone5S, [000001F135A7B500][000001F133FE0680 49] iPhone6Plus, [000001F135A93300][000001F133FE4800 49] iPhone6S, [000001F135A78A00][000001F133FE8980 49] iPhone6SPlus, [000001F135A92E00][000001F133FECB00 49] iPhone7Plus, [000001F135A79600][000001F133FF0C80 49] iPhoneSE, [000001F135A91D00][000001F133FF4E00 49] iPhone8, [000001F135A7A600][000001F133FF8F80 49] iPhone8Plus, [000001F135A91200][000001F133FFD100 49] iPhoneX, [000001F135A79300][000001F133FB9240 49] iPhoneXS, [000001F135A90200][000001F136585380 49] iPhoneXSMax, [000001F135A79E00][000001F1365894C0 49] iPhoneXR, [000001F135A93400][000001F136595640 49] iPhone11, [000001F135A7B700][000001F1366097C0 49] iPhone11Pro, [000001F135A91100][000001F13660D940 49] iPhone11ProMax, [000001F135A7AB00][000001F136611AC0 49] iPhoneSE2, [000001F135A93F00][000001F1366140C0 49] iPhone12Mini, [000001F135A78E00][000001F136618240 49] iPhone12, [000001F135A90C00][000001F13661C3C0 49] iPhone12Pro, [000001F135A7B200][000001F136620540 49] iPhone12ProMax, [000001F135A93E00][000001F1366246C0 49] iPadPro105, [000001F135A79700][000001F136628840 49] iPadPro129, [000001F135A92F00][000001F13662C9C0 49] iPadPro97, [000001F135A7A100][000001F136630B40 49] iPadPro2_129, [000001F135A93B00][000001F136634CC0 49] iPad5, [000001F135A7BF00][000001F136638E40 49] iPad6, [000001F135A90300][000001F136644FC0 49] iPad7, [000001F135A79200][000001F136649140 49] iPad8, [000001F135A93000][000001F13664D2C0 49] iPadPro11, [000001F135B74D00][000001F136591400 49] iPadPro2_11, [000001F135AD7600][000001F12EC0F540 49] iPadPro3_129, [000001F135B74300][000001F13258F680 49] iPadPro4_129, [000001F135AD6400][000001F1325AB7C0 49] AppleTV, [000001F135B74B00][000001F1325B3940 49] AppleTV4K, [000001F135AD6A00][000001F1325B7AC0 49] TVOS, [000001F135B75700][000001F1325BA0C0 49] Mac, [000001F135AD7A00][000001F128BAE240 49] MacClient, [000001F135B75000][000001F128BB23C0 49] MacNoEditor, [000001F135AD6F00][000001F12EC12540 49] MacServer, [000001F135B75600][000001F12EC326C0 49] Linux, [000001F135AD5B00][000001F12EC36840 49] LinuxAArch64, [000001F135B75400][000001F12EC3A9C0 49] LinuxNoEditor, [000001F135AD4600][000001F12EC3EB40 49] LinuxAArch64NoEditor, [000001F135B74200][000001F12EC42CC0 49] LinuxClient, [000001F135AD6700][000001F133ED0E40 49] LinuxAArch64Client, [000001F135A90900][000001F133ED4FC0 49] LinuxServer, [000001F135A7A900][000001F133ED9140 49] LinuxAArch64Server, [000001F135A92400][000001F133EDD2C0 49] Android, [000001F135A7A200][000001F133EE1440 49] Android_Low, [000001F135A91600][000001F1325AF580 49] Android_Mid, [000001F135A7A400][000001F133EEF6C0 49] Android_High, [000001F135A93C00][000001F13659D800 49] Android_Default, [000001F135A79400][000001F1365B5940 49] Android_Adreno4xx, [000001F135A91300][000001F1365EDAC0 49] Android_Adreno5xx_Low, [000001F135A7A300][000001F1365F00C0 49] Android_Adreno5xx, [000001F135A90100][000001F1365F4240 49] Android_Adreno6xx, [000001F135A7AA00][000001F1365F83C0 49] Android_Adreno6xx_Vulkan, [000001F135A93600][000001F1365FC540 49] Android_Mali_T6xx, [000001F135A7BA00][000001F1366006C0 49] Android_Mali_T7xx, [000001F135A92700][000001F136604840 49] Android_Mali_T8xx, [000001F135A7AE00][000001F133F049C0 49] Android_Mali_G71, [000001F135A91900][000001F133F08B40 49] Android_Mali_G72, [000001F135A7A500][000001F133F14CC0 49] Android_Mali_G72_Vulkan, [000001F135A90500][000001F133F34E40 49] Android_Mali_G76, [000001F135A79100][000001F133F38FC0 49] Android_Mali_G76_Vulkan, [000001F135A90800][000001F133F45140 49] Android_Mali_G77, [000001F135A79C00][000001F133F492C0 49] Android_Mali_G77_Vulkan, [000001F135A91400][000001F133F57440 49] Android_Mali_G78, [000001F135A7A700][000001F133F5B5C0 49] Android_Mali_G78_Vulkan, [000001F135A91000][000001F133F5F740 49] Android_Mali_G710, [000001F135A79800][000001F1365E9880 49] Android_Mali_G710_Vulkan, [000001F135A90D00][000001F133F739C0 49] Android_Vulkan_SM5, [000001F135A7A000][000001F133F77B00 49] Android_PowerVR_G6xxx, [000001F135B74400][000001F128B72100 49] Android_PowerVR_GT7xxx, [000001F135A79500][000001F128B7A280 49] Android_PowerVR_GE8xxx, [000001F135B74F00][000001F12EB90400 49] Android_PowerVR_GM9xxx, [000001F135A7AC00][000001F12EBBC580 49] Android_PowerVR_GM9xxx_Vulkan, [000001F135B26700][000001F128B76700 49] Android_TegraK1, [000001F135AD5200][000001F12EBE0880 49] Android_Unknown_Vulkan, [000001F135B26200][000001F12EBE4A00 49] Lumin, [000001F135AD6C00][000001F13258AB80 49] Lumin_Desktop, [000001F135B26600][000001F12EC08D00 49] HoloLens, 
[2022.04.06-07.25.55:884][  0]LogMeshReduction: Using QuadricMeshReduction for automatic static mesh reduction
[2022.04.06-07.25.55:884][  0]LogMeshReduction: Using SimplygonMeshReduction for automatic skeletal mesh reduction
[2022.04.06-07.25.55:884][  0]LogMeshReduction: Using ProxyLODMeshReduction for automatic mesh merging
[2022.04.06-07.25.55:884][  0]LogMeshReduction: No distributed automatic mesh merging module available
[2022.04.06-07.25.55:884][  0]LogMeshMerging: No distributed automatic mesh merging module available
[2022.04.06-07.25.55:896][  0]LogNetVersion: P8_VR_Home 1.0.0, NetCL: 17155196, EngineNetVer: 17, GameNetVer: 0 (Checksum: 1173850688)
[2022.04.06-07.25.56:146][  0]LogTexture: Default maximum texture size for cubemaps generated from long-lat sources has been changed from 512 to unlimited. In order to preserve old behaiour for '/Engine/MapTemplates/Sky/DaylightAmbientCubemap.DaylightAmbientCubemap', its maximum texture size has been explicitly set to 512.
[2022.04.06-07.25.56:184][  0]LogHMD: PokeAHoleMaterial loaded successfully
[2022.04.06-07.25.56:188][  0]LogUObjectArray: 17075 objects as part of root set at end of initial load.
[2022.04.06-07.25.56:188][  0]LogUObjectAllocator: 4275792 out of 0 bytes used by permanent object pool.
[2022.04.06-07.25.56:188][  0]LogUObjectArray: CloseDisregardForGC: 0/0 objects in disregard for GC pool
[2022.04.06-07.25.56:379][  0]LogPython: Using Python 3.7.7
[2022.04.06-07.25.56:734][  0]LogNiagaraDebuggerClient: Niagara Debugger Client Initialized | Session: CFE8186049EF5D0A04C53C91D01F946B | Instance: 6CA2F21E4849D46135682AACCD4E9702 (DAVID-25184).
[2022.04.06-07.25.56:849][  0]LogTcpMessaging: Initializing TcpMessaging bridge
[2022.04.06-07.25.56:856][  0]LogUdpMessaging: Initializing bridge on interface 0.0.0.0:0 to multicast group 230.0.0.1:6666.
[2022.04.06-07.25.56:989][  0]SourceControl: Source control is disabled
[2022.04.06-07.25.56:989][  0]SourceControl: Source control is disabled
[2022.04.06-07.25.56:994][  0]SourceControl: Source control is disabled
[2022.04.06-07.25.57:002][  0]SourceControl: Source control is disabled
[2022.04.06-07.25.57:151][  0]SourceControl: Source control is disabled
[2022.04.06-07.25.57:200][  0]LogUProjectInfo: Found projects:
[2022.04.06-07.25.57:205][  0]LogVSAccessor: Display: Unable to create Visual Studio setup instance: 80040154
[2022.04.06-07.25.57:205][  0]LogVSAccessor: Display: Unable to create Visual Studio setup instance: 80040154
[2022.04.06-07.25.57:206][  0]LogVSAccessor: Display: Unable to create Visual Studio setup instance: 80040154
[2022.04.06-07.25.57:284][  0]LogOpenImageDenoise: OIDN starting up
[2022.04.06-07.25.57:329][  0]LogAndroidPermission: UAndroidPermissionCallbackProxy::GetInstance
[2022.04.06-07.25.57:347][  0]LogAudioCaptureCore: Display: No Audio Capture implementations found. Audio input will be silent.
[2022.04.06-07.25.57:348][  0]LogAudioCaptureCore: Display: No Audio Capture implementations found. Audio input will be silent.
[2022.04.06-07.25.57:530][  0]LogTexture: Default maximum texture size for cubemaps generated from long-lat sources has been changed from 512 to unlimited. In order to preserve old behaiour for '/Engine/EditorMaterials/AssetViewer/EpicQuadPanorama_CC+EV1.EpicQuadPanorama_CC+EV1', its maximum texture size has been explicitly set to 512.
[2022.04.06-07.25.58:670][  0]LogCollectionManager: Loaded 0 collections in 0.001089 seconds
[2022.04.06-07.25.58:689][  0]LogFileCache: Scanning file cache for directory 'C:/Users/dmock/Unreal projects/P8/P8ToBeAnnounced/P8_VR_Home/Saved/Collections/' took 0.00s
[2022.04.06-07.25.58:689][  0]LogFileCache: Scanning file cache for directory 'C:/Users/dmock/Unreal projects/P8/P8ToBeAnnounced/P8_VR_Home/Content/Developers/dmock/Collections/' took 0.00s
[2022.04.06-07.25.58:689][  0]LogFileCache: Scanning file cache for directory 'C:/Users/dmock/Unreal projects/P8/P8ToBeAnnounced/P8_VR_Home/Content/Collections/' took 0.00s
[2022.04.06-07.25.58:689][  0]LogOcInput: OculusInput pre-init called
[2022.04.06-07.25.59:096][  0]LogEngine: Initializing Engine...
[2022.04.06-07.25.59:598][  0]LogHMD: Failed to get an OpenXR system, result is XR_ERROR_FORM_FACTOR_UNAVAILABLE. Please check that your runtime supports VR headsets.
[2022.04.06-07.25.59:599][  0]LogMagicLeap: Warning: VR disabled because ZI is not enabled.  To enable, in the editor, Edit -> Project Settings -> Plugins -> Magic Leap Plugin -> Enable Zero Iteration
[2022.04.06-07.25.59:600][  0]LogStats: UGameplayTagsManager::InitializeManager -  0.000 s
[2022.04.06-07.25.59:680][  0]LogInit: Initializing FReadOnlyCVARCache
[2022.04.06-07.25.59:688][  0]LogAIModule: Creating AISystem for world Untitled
[2022.04.06-07.25.59:694][  0]LogAudio: Display: Initializing Audio Device Manager...
[2022.04.06-07.25.59:697][  0]LogAudio: Display: Loading Default Audio Settings Objects...
[2022.04.06-07.25.59:697][  0]LogAudio: Display: No default SoundConcurrencyObject specified (or failed to load).
[2022.04.06-07.25.59:697][  0]LogAudio: Display: Audio Device Manager Initialized
[2022.04.06-07.25.59:697][  0]LogAudio: Display: Creating Audio Device:                 Id: 1, Scope: Shared, Realtime: True
[2022.04.06-07.25.59:697][  0]LogAudioMixer: Display: Audio Mixer Platform Settings:
[2022.04.06-07.25.59:697][  0]LogAudioMixer: Display: 	Sample Rate:						  48000
[2022.04.06-07.25.59:697][  0]LogAudioMixer: Display: 	Callback Buffer Frame Size Requested: 1024
[2022.04.06-07.25.59:697][  0]LogAudioMixer: Display: 	Callback Buffer Frame Size To Use:	  1024
[2022.04.06-07.25.59:697][  0]LogAudioMixer: Display: 	Number of buffers to queue:			  1
[2022.04.06-07.25.59:697][  0]LogAudioMixer: Display: 	Max Channels (voices):				  0
[2022.04.06-07.25.59:697][  0]LogAudioMixer: Display: 	Number of Async Source Workers:		  4
[2022.04.06-07.25.59:697][  0]LogAudio: Display: AudioDevice MaxSources: 32
[2022.04.06-07.25.59:698][  0]LogAudio: Display: Audio Spatialization Plugin: Resonance Audio is external send: 1
[2022.04.06-07.25.59:698][  0]LogAudio: Display: Audio Reverb Plugin: Resonance Audio
[2022.04.06-07.25.59:698][  0]LogAudio: Display: Audio Occlusion Plugin: None (built-in).
[2022.04.06-07.25.59:698][  0]LogAudioMixer: Display: Initializing audio mixer.
[2022.04.06-07.25.59:705][  0]LogAudioMixer: Display: 0: FrontLeft
[2022.04.06-07.25.59:705][  0]LogAudioMixer: Display: 1: FrontRight
[2022.04.06-07.25.59:845][  0]LogAudioMixer: Display: Using Audio Device Højttalere (Realtek(R) Audio)
[2022.04.06-07.25.59:847][  0]LogAudioMixer: Display: Initializing Sound Submixes...
[2022.04.06-07.25.59:848][  0]LogAudioMixer: Display: Creating Master Submix 'MasterSubmixDefault'
[2022.04.06-07.25.59:848][  0]LogAudioMixer: Display: Creating Master Submix 'MasterReverbSubmixDefault'
[2022.04.06-07.25.59:849][  0]LogAudioMixer: Display: Creating Master Submix 'MasterEQSubmixDefault'
[2022.04.06-07.25.59:992][  0]LogAudioMixer: FMixerPlatformXAudio2::StartAudioStream() called
[2022.04.06-07.25.59:992][  0]LogAudioMixer: Display: Output buffers initialized: Frames=1024, Channels=2, Samples=2048
[2022.04.06-07.25.59:993][  0]LogAudioMixer: Display: Starting AudioMixerPlatformInterface::RunInternal()
[2022.04.06-07.25.59:993][  0]LogAudioMixer: Display: FMixerPlatformXAudio2::SubmitBuffer() called for the first time
[2022.04.06-07.25.59:993][  0]LogInit: FAudioDevice initialized.
[2022.04.06-07.25.59:993][  0]LogAudio: Display: Audio Device (ID: 1) registered with world 'Untitled'.
[2022.04.06-07.25.59:993][  0]LogNetVersion: Set ProjectVersion to 1.0.0.0. Version Checksum will be recalculated on next use.
[2022.04.06-07.26.04:415][  0]LogDerivedDataCache: Saved boot cache 4.42s 140MB C:/Users/dmock/AppData/Local/UnrealEngine/4.27/DerivedDataCache/Boot.ddc.
[2022.04.06-07.26.04:417][  0]LogInit: Texture streaming: Enabled
[2022.04.06-07.26.04:432][  0]LogAnalytics: Display: [UEEditor.Rocket.Release] APIServer = https://datarouter.ol.epicgames.com/. AppVersion = 4.27.2-18319896+++UE4+Release-4.27
[2022.04.06-07.26.04:436][  0]LogEngineSessionManager: EngineSessionManager initialized
[2022.04.06-07.26.04:436][  0]LogEditorSessionSummary: Verbose: Initializing EditorSessionSummaryWriter for editor session tracking
[2022.04.06-07.26.04:437][  0]LogEditorSessionSummary: EditorSessionSummaryWriter initialized
[2022.04.06-07.26.04:462][  0]LogInit: Transaction tracking system initialized
[2022.04.06-07.26.04:480][  0]BlueprintLog: New page: Editor Load
[2022.04.06-07.26.04:526][  0]LocalizationService: Localization service is disabled
[2022.04.06-07.26.04:546][  0]TimingProfiler: Initialize
[2022.04.06-07.26.04:546][  0]TimingProfiler: OnSessionChanged
[2022.04.06-07.26.04:546][  0]LoadingProfiler: Initialize
[2022.04.06-07.26.04:546][  0]LoadingProfiler: OnSessionChanged
[2022.04.06-07.26.04:546][  0]NetworkingProfiler: Initialize
[2022.04.06-07.26.04:546][  0]NetworkingProfiler: OnSessionChanged
[2022.04.06-07.26.04:546][  0]MemoryProfiler: Initialize
[2022.04.06-07.26.04:546][  0]MemoryProfiler: OnSessionChanged
[2022.04.06-07.26.04:782][  0]LogVSAccessor: Display: Unable to create Visual Studio setup instance: 80040154
[2022.04.06-07.26.04:782][  0]LogVSAccessor: Display: Unable to create Visual Studio setup instance: 80040154
[2022.04.06-07.26.04:782][  0]LogVSAccessor: Display: Unable to create Visual Studio setup instance: 80040154
[2022.04.06-07.26.04:921][  0]LogCook: Display: CookSettings for Memory: MemoryMaxUsedVirtual 0MiB, MemoryMaxUsedPhysical 16384MiB, MemoryMinFreeVirtual 0MiB, MemoryMinFreePhysical 1024MiB
[2022.04.06-07.26.04:921][  0]LogCook: Display: Mobile HDR setting 0
[2022.04.06-07.26.05:096][  0]LogFileCache: Scanning file cache for directory 'C:/Users/dmock/Unreal projects/P8/P8ToBeAnnounced/P8_VR_Home/Content/' took 0.01s
[2022.04.06-07.26.05:096][  0]LogInit: Display: Engine is initialized. Leaving FEngineLoop::Init()
[2022.04.06-07.26.05:098][  0]SourceControl: Source control is disabled
[2022.04.06-07.26.05:098][  0]LogUnrealEdMisc: Loading editor; pre map load, took 13.316
[2022.04.06-07.26.05:098][  0]Cmd: MAP LOAD FILE="../../../../../../Users/dmock/Unreal projects/P8/P8ToBeAnnounced/P8_VR_Home/Content/VRTemplate/Maps/VRTemplateMap.umap" TEMPLATE=0 SHOWPROGRESS=1 FEATURELEVEL=3
[2022.04.06-07.26.05:098][  0]LightingResults: New page: Lighting Build
[2022.04.06-07.26.05:099][  0]LogWorld: UWorld::CleanupWorld for Untitled, bSessionEnded=true, bCleanupResources=true
[2022.04.06-07.26.05:099][  0]LogSlate: InvalidateAllWidgets triggered.  All widgets were invalidated
[2022.04.06-07.26.05:100][  0]MapCheck: New page: Map Check
[2022.04.06-07.26.05:100][  0]LightingResults: New page: Lighting Build
[2022.04.06-07.26.05:126][  0]LogAudio: Display: Audio Device unregistered from world 'None'.
[2022.04.06-07.26.05:129][  0]LogUObjectHash: Compacting FUObjectHashTables data took   0.81ms
[2022.04.06-07.26.05:816][  0]LogLinker: Warning: Asset '../../../../../../Users/dmock/Unreal projects/P8/P8ToBeAnnounced/P8_VR_Home/Content/Materials/PP_Outliner_M.uasset' has been saved with empty engine version. The asset will be loaded but may be incompatible.
[2022.04.06-07.26.05:824][  0]LogLinker: Warning: Asset '../../../../../../Users/dmock/Unreal projects/P8/P8ToBeAnnounced/P8_VR_Home/Content/Materials/MF_ConvolveTexture.uasset' has been saved with empty engine version. The asset will be loaded but may be incompatible.
[2022.04.06-07.26.05:827][  0]LogLinker: Warning: Asset '../../../../../../Users/dmock/Unreal projects/P8/P8ToBeAnnounced/P8_VR_Home/Content/Materials/MF_ExtractDepth.uasset' has been saved with empty engine version. The asset will be loaded but may be incompatible.
[2022.04.06-07.26.05:832][  0]LogLinker: Warning: Asset '../../../../../../Users/dmock/Unreal projects/P8/P8ToBeAnnounced/P8_VR_Home/Content/Materials/MF_SampleSceneTextureNeighbourUVs.uasset' has been saved with empty engine version. The asset will be loaded but may be incompatible.
[2022.04.06-07.26.06:627][  0]LogPhysics: Warning: Failed to cook TriMesh: /Game/Marwa/shuttersNew/Group_688_2_001.Group_688_2_001.
[2022.04.06-07.26.06:627][  0]LogPhysics: Warning: Attempt to build physics data for /Game/Marwa/shuttersNew/Group_688_2_001.Group_688_2_001:BodySetup_0 when we are unable to.
[2022.04.06-07.26.06:653][  0]LogPhysics: Warning: Failed to cook TriMesh: /Game/Marwa/shuttersNew/Group_658_001.Group_658_001.
[2022.04.06-07.26.06:653][  0]LogPhysics: Warning: Attempt to build physics data for /Game/Marwa/shuttersNew/Group_658_001.Group_658_001:BodySetup_0 when we are unable to.
[2022.04.06-07.26.06:675][  0]LogPhysics: Warning: Failed to cook TriMesh: /Game/Marwa/shuttersNew/Group_629_001.Group_629_001.
[2022.04.06-07.26.06:675][  0]LogPhysics: Warning: Attempt to build physics data for /Game/Marwa/shuttersNew/Group_629_001.Group_629_001:BodySetup_0 when we are unable to.
[2022.04.06-07.26.06:692][  0]LogPhysics: Warning: Failed to cook TriMesh: /Game/Marwa/shuttersNew/Group_621_001.Group_621_001.
[2022.04.06-07.26.06:692][  0]LogPhysics: Warning: Attempt to build physics data for /Game/Marwa/shuttersNew/Group_621_001.Group_621_001:BodySetup_0 when we are unable to.
[2022.04.06-07.26.06:819][  0]LogPhysics: Warning: Failed to cook TriMesh: /Game/Marwa/shuttersNew/Group_167_001.Group_167_001.
[2022.04.06-07.26.06:819][  0]LogPhysics: Warning: Attempt to build physics data for /Game/Marwa/shuttersNew/Group_167_001.Group_167_001:BodySetup_0 when we are unable to.
[2022.04.06-07.26.07:815][  0]LogAudio: Display: Audio Device (ID: 1) registered with world 'VRTemplateMap'.
[2022.04.06-07.26.07:816][  0]LogAIModule: Creating AISystem for world VRTemplateMap
[2022.04.06-07.26.07:841][  0]LogEditorServer: Finished looking for orphan Actors (0.000 secs)
[2022.04.06-07.26.07:843][  0]LogNavigation: Warning: Recreating dtNavMesh instance due to saved navmesh origin (X=-1708.795 Y=-0.000 Z=10.000, usually the RecastNavMesh location) not being aligned with tile size (1000 uu) 
[2022.04.06-07.26.07:856][  0]LogUObjectHash: Compacting FUObjectHashTables data took   1.05ms
[2022.04.06-07.26.07:856][  0]Cmd: MAP CHECKDEP NOCLEARLOG
[2022.04.06-07.26.07:856][  0]MapCheck: Map check complete: 0 Error(s), 0 Warning(s), took 0.129ms to complete.
[2022.04.06-07.26.07:856][  0]LogFileHelpers: Loading map 'VRTemplateMap' took 2.758
[2022.04.06-07.26.07:861][  0]LogUnrealEdMisc: Total Editor Startup Time, took 16.078
[2022.04.06-07.26.07:988][  0]LogSlate: Updating window title bar state: overlay mode, drag disabled, window buttons hidden, title bar hidden
[2022.04.06-07.26.07:993][  0]LogSlate: Updating window title bar state: overlay mode, drag disabled, window buttons hidden, title bar hidden
[2022.04.06-07.26.07:998][  0]LogSlate: Updating window title bar state: overlay mode, drag disabled, window buttons hidden, title bar hidden
[2022.04.06-07.26.08:002][  0]LogSlate: Updating window title bar state: overlay mode, drag disabled, window buttons hidden, title bar hidden
[2022.04.06-07.26.08:027][  0]LogNativeClassHierarchy: Verbose: Native class hierarchy populated in 0.0084 seconds. Added 4030 classes and 980 folders.
[2022.04.06-07.26.08:030][  0]LogNativeClassHierarchy: Verbose: Native class hierarchy updated for 'WidgetCarousel' in 0.0002 seconds. Added 0 classes and 0 folders.
[2022.04.06-07.26.08:040][  0]LogPakFile: PakFile PrimaryIndexSize=187
[2022.04.06-07.26.08:040][  0]LogPakFile: PakFile PathHashIndexSize=101
[2022.04.06-07.26.08:040][  0]LogPakFile: PakFile FullDirectoryIndexSize=148
[2022.04.06-07.26.08:040][  0]LogShaderLibrary: Display: ShaderCodeLibraryPakFileMountedCallback: PakFile 'C:/Program Files/Epic Games/UE_4.27/FeaturePacks/FP_FirstPerson.upack' (chunk index -1, root 'root:/') mounted
[2022.04.06-07.26.08:040][  0]LogShaderLibrary: Display: ShaderCodeLibraryPakFileMountedCallback: pending pak file info (ChunkID:-1 Root:root:/ File:C:/Program Files/Epic Games/UE_4.27/FeaturePacks/FP_FirstPerson.upack)
[2022.04.06-07.26.08:040][  0]LogPakFile: OnPakFileMounted2Time == 0.000045
[2022.04.06-07.26.08:047][  0]LogPakFile: PakFile PrimaryIndexSize=189
[2022.04.06-07.26.08:047][  0]LogPakFile: PakFile PathHashIndexSize=101
[2022.04.06-07.26.08:047][  0]LogPakFile: PakFile FullDirectoryIndexSize=152
[2022.04.06-07.26.08:047][  0]LogShaderLibrary: Display: ShaderCodeLibraryPakFileMountedCallback: PakFile 'C:/Program Files/Epic Games/UE_4.27/FeaturePacks/FP_FirstPersonBP.upack' (chunk index -1, root 'root:/') mounted
[2022.04.06-07.26.08:047][  0]LogShaderLibrary: Display: ShaderCodeLibraryPakFileMountedCallback: pending pak file info (ChunkID:-1 Root:root:/ File:C:/Program Files/Epic Games/UE_4.27/FeaturePacks/FP_FirstPersonBP.upack)
[2022.04.06-07.26.08:047][  0]LogPakFile: OnPakFileMounted2Time == 0.000036
[2022.04.06-07.26.08:050][  0]LogPakFile: PakFile PrimaryIndexSize=191
[2022.04.06-07.26.08:050][  0]LogPakFile: PakFile PathHashIndexSize=101
[2022.04.06-07.26.08:050][  0]LogPakFile: PakFile FullDirectoryIndexSize=160
[2022.04.06-07.26.08:050][  0]LogShaderLibrary: Display: ShaderCodeLibraryPakFileMountedCallback: PakFile 'C:/Program Files/Epic Games/UE_4.27/FeaturePacks/MobileStarterContent.upack' (chunk index -1, root 'root:/') mounted
[2022.04.06-07.26.08:050][  0]LogShaderLibrary: Display: ShaderCodeLibraryPakFileMountedCallback: pending pak file info (ChunkID:-1 Root:root:/ File:C:/Program Files/Epic Games/UE_4.27/FeaturePacks/MobileStarterContent.upack)
[2022.04.06-07.26.08:050][  0]LogPakFile: OnPakFileMounted2Time == 0.000027
[2022.04.06-07.26.08:054][  0]LogPakFile: PakFile PrimaryIndexSize=185
[2022.04.06-07.26.08:054][  0]LogPakFile: PakFile PathHashIndexSize=101
[2022.04.06-07.26.08:054][  0]LogPakFile: PakFile FullDirectoryIndexSize=148
[2022.04.06-07.26.08:054][  0]LogShaderLibrary: Display: ShaderCodeLibraryPakFileMountedCallback: PakFile 'C:/Program Files/Epic Games/UE_4.27/FeaturePacks/StarterContent.upack' (chunk index -1, root 'root:/') mounted
[2022.04.06-07.26.08:054][  0]LogShaderLibrary: Display: ShaderCodeLibraryPakFileMountedCallback: pending pak file info (ChunkID:-1 Root:root:/ File:C:/Program Files/Epic Games/UE_4.27/FeaturePacks/StarterContent.upack)
[2022.04.06-07.26.08:054][  0]LogPakFile: OnPakFileMounted2Time == 0.000033
[2022.04.06-07.26.08:059][  0]LogPakFile: PakFile PrimaryIndexSize=190
[2022.04.06-07.26.08:059][  0]LogPakFile: PakFile PathHashIndexSize=101
[2022.04.06-07.26.08:059][  0]LogPakFile: PakFile FullDirectoryIndexSize=154
[2022.04.06-07.26.08:059][  0]LogShaderLibrary: Display: ShaderCodeLibraryPakFileMountedCallback: PakFile 'C:/Program Files/Epic Games/UE_4.27/FeaturePacks/TP_2DSideScroller.upack' (chunk index -1, root 'root:/') mounted
[2022.04.06-07.26.08:059][  0]LogShaderLibrary: Display: ShaderCodeLibraryPakFileMountedCallback: pending pak file info (ChunkID:-1 Root:root:/ File:C:/Program Files/Epic Games/UE_4.27/FeaturePacks/TP_2DSideScroller.upack)
[2022.04.06-07.26.08:059][  0]LogPakFile: OnPakFileMounted2Time == 0.000029
[2022.04.06-07.26.08:062][  0]LogPakFile: PakFile PrimaryIndexSize=192
[2022.04.06-07.26.08:062][  0]LogPakFile: PakFile PathHashIndexSize=101
[2022.04.06-07.26.08:062][  0]LogPakFile: PakFile FullDirectoryIndexSize=158
[2022.04.06-07.26.08:062][  0]LogShaderLibrary: Display: ShaderCodeLibraryPakFileMountedCallback: PakFile 'C:/Program Files/Epic Games/UE_4.27/FeaturePacks/TP_2DSideScrollerBP.upack' (chunk index -1, root 'root:/') mounted
[2022.04.06-07.26.08:062][  0]LogShaderLibrary: Display: ShaderCodeLibraryPakFileMountedCallback: pending pak file info (ChunkID:-1 Root:root:/ File:C:/Program Files/Epic Games/UE_4.27/FeaturePacks/TP_2DSideScrollerBP.upack)
[2022.04.06-07.26.08:062][  0]LogPakFile: OnPakFileMounted2Time == 0.000029
[2022.04.06-07.26.08:065][  0]LogPakFile: PakFile PrimaryIndexSize=182
[2022.04.06-07.26.08:065][  0]LogPakFile: PakFile PathHashIndexSize=101
[2022.04.06-07.26.08:065][  0]LogPakFile: PakFile FullDirectoryIndexSize=138
[2022.04.06-07.26.08:065][  0]LogShaderLibrary: Display: ShaderCodeLibraryPakFileMountedCallback: PakFile 'C:/Program Files/Epic Games/UE_4.27/FeaturePacks/TP_Flying.upack' (chunk index -1, root 'root:/') mounted
[2022.04.06-07.26.08:066][  0]LogShaderLibrary: Display: ShaderCodeLibraryPakFileMountedCallback: pending pak file info (ChunkID:-1 Root:root:/ File:C:/Program Files/Epic Games/UE_4.27/FeaturePacks/TP_Flying.upack)
[2022.04.06-07.26.08:066][  0]LogPakFile: OnPakFileMounted2Time == 0.000033
[2022.04.06-07.26.08:070][  0]LogPakFile: PakFile PrimaryIndexSize=184
[2022.04.06-07.26.08:070][  0]LogPakFile: PakFile PathHashIndexSize=101
[2022.04.06-07.26.08:070][  0]LogPakFile: PakFile FullDirectoryIndexSize=142
[2022.04.06-07.26.08:070][  0]LogShaderLibrary: Display: ShaderCodeLibraryPakFileMountedCallback: PakFile 'C:/Program Files/Epic Games/UE_4.27/FeaturePacks/TP_FlyingBP.upack' (chunk index -1, root 'root:/') mounted
[2022.04.06-07.26.08:070][  0]LogShaderLibrary: Display: ShaderCodeLibraryPakFileMountedCallback: pending pak file info (ChunkID:-1 Root:root:/ File:C:/Program Files/Epic Games/UE_4.27/FeaturePacks/TP_FlyingBP.upack)
[2022.04.06-07.26.08:070][  0]LogPakFile: OnPakFileMounted2Time == 0.000034
[2022.04.06-07.26.08:074][  0]LogPakFile: PakFile PrimaryIndexSize=188
[2022.04.06-07.26.08:074][  0]LogPakFile: PakFile PathHashIndexSize=101
[2022.04.06-07.26.08:074][  0]LogPakFile: PakFile FullDirectoryIndexSize=150
[2022.04.06-07.26.08:074][  0]LogShaderLibrary: Display: ShaderCodeLibraryPakFileMountedCallback: PakFile 'C:/Program Files/Epic Games/UE_4.27/FeaturePacks/TP_HandheldARBP.upack' (chunk index -1, root 'root:/') mounted
[2022.04.06-07.26.08:074][  0]LogShaderLibrary: Display: ShaderCodeLibraryPakFileMountedCallback: pending pak file info (ChunkID:-1 Root:root:/ File:C:/Program Files/Epic Games/UE_4.27/FeaturePacks/TP_HandheldARBP.upack)
[2022.04.06-07.26.08:074][  0]LogPakFile: OnPakFileMounted2Time == 0.000027
[2022.04.06-07.26.08:078][  0]LogPakFile: PakFile PrimaryIndexSize=182
[2022.04.06-07.26.08:078][  0]LogPakFile: PakFile PathHashIndexSize=101
[2022.04.06-07.26.08:078][  0]LogPakFile: PakFile FullDirectoryIndexSize=138
[2022.04.06-07.26.08:078][  0]LogShaderLibrary: Display: ShaderCodeLibraryPakFileMountedCallback: PakFile 'C:/Program Files/Epic Games/UE_4.27/FeaturePacks/TP_Puzzle.upack' (chunk index -1, root 'root:/') mounted
[2022.04.06-07.26.08:078][  0]LogShaderLibrary: Display: ShaderCodeLibraryPakFileMountedCallback: pending pak file info (ChunkID:-1 Root:root:/ File:C:/Program Files/Epic Games/UE_4.27/FeaturePacks/TP_Puzzle.upack)
[2022.04.06-07.26.08:078][  0]LogPakFile: OnPakFileMounted2Time == 0.000034
[2022.04.06-07.26.08:082][  0]LogPakFile: PakFile PrimaryIndexSize=184
[2022.04.06-07.26.08:082][  0]LogPakFile: PakFile PathHashIndexSize=101
[2022.04.06-07.26.08:082][  0]LogPakFile: PakFile FullDirectoryIndexSize=142
[2022.04.06-07.26.08:082][  0]LogShaderLibrary: Display: ShaderCodeLibraryPakFileMountedCallback: PakFile 'C:/Program Files/Epic Games/UE_4.27/FeaturePacks/TP_PuzzleBP.upack' (chunk index -1, root 'root:/') mounted
[2022.04.06-07.26.08:082][  0]LogShaderLibrary: Display: ShaderCodeLibraryPakFileMountedCallback: pending pak file info (ChunkID:-1 Root:root:/ File:C:/Program Files/Epic Games/UE_4.27/FeaturePacks/TP_PuzzleBP.upack)
[2022.04.06-07.26.08:082][  0]LogPakFile: OnPakFileMounted2Time == 0.000030
[2022.04.06-07.26.08:086][  0]LogPakFile: PakFile PrimaryIndexSize=183
[2022.04.06-07.26.08:086][  0]LogPakFile: PakFile PathHashIndexSize=101
[2022.04.06-07.26.08:086][  0]LogPakFile: PakFile FullDirectoryIndexSize=140
[2022.04.06-07.26.08:086][  0]LogShaderLibrary: Display: ShaderCodeLibraryPakFileMountedCallback: PakFile 'C:/Program Files/Epic Games/UE_4.27/FeaturePacks/TP_Rolling.upack' (chunk index -1, root 'root:/') mounted
[2022.04.06-07.26.08:086][  0]LogShaderLibrary: Display: ShaderCodeLibraryPakFileMountedCallback: pending pak file info (ChunkID:-1 Root:root:/ File:C:/Program Files/Epic Games/UE_4.27/FeaturePacks/TP_Rolling.upack)
[2022.04.06-07.26.08:086][  0]LogPakFile: OnPakFileMounted2Time == 0.000035
[2022.04.06-07.26.08:090][  0]LogPakFile: PakFile PrimaryIndexSize=185
[2022.04.06-07.26.08:090][  0]LogPakFile: PakFile PathHashIndexSize=101
[2022.04.06-07.26.08:090][  0]LogPakFile: PakFile FullDirectoryIndexSize=144
[2022.04.06-07.26.08:090][  0]LogShaderLibrary: Display: ShaderCodeLibraryPakFileMountedCallback: PakFile 'C:/Program Files/Epic Games/UE_4.27/FeaturePacks/TP_RollingBP.upack' (chunk index -1, root 'root:/') mounted
[2022.04.06-07.26.08:090][  0]LogShaderLibrary: Display: ShaderCodeLibraryPakFileMountedCallback: pending pak file info (ChunkID:-1 Root:root:/ File:C:/Program Files/Epic Games/UE_4.27/FeaturePacks/TP_RollingBP.upack)
[2022.04.06-07.26.08:090][  0]LogPakFile: OnPakFileMounted2Time == 0.000027
[2022.04.06-07.26.08:093][  0]LogPakFile: PakFile PrimaryIndexSize=188
[2022.04.06-07.26.08:094][  0]LogPakFile: PakFile PathHashIndexSize=101
[2022.04.06-07.26.08:094][  0]LogPakFile: PakFile FullDirectoryIndexSize=150
[2022.04.06-07.26.08:094][  0]LogShaderLibrary: Display: ShaderCodeLibraryPakFileMountedCallback: PakFile 'C:/Program Files/Epic Games/UE_4.27/FeaturePacks/TP_SideScroller.upack' (chunk index -1, root 'root:/') mounted
[2022.04.06-07.26.08:094][  0]LogShaderLibrary: Display: ShaderCodeLibraryPakFileMountedCallback: pending pak file info (ChunkID:-1 Root:root:/ File:C:/Program Files/Epic Games/UE_4.27/FeaturePacks/TP_SideScroller.upack)
[2022.04.06-07.26.08:094][  0]LogPakFile: OnPakFileMounted2Time == 0.000028
[2022.04.06-07.26.08:097][  0]LogPakFile: PakFile PrimaryIndexSize=190
[2022.04.06-07.26.08:097][  0]LogPakFile: PakFile PathHashIndexSize=101
[2022.04.06-07.26.08:097][  0]LogPakFile: PakFile FullDirectoryIndexSize=154
[2022.04.06-07.26.08:097][  0]LogShaderLibrary: Display: ShaderCodeLibraryPakFileMountedCallback: PakFile 'C:/Program Files/Epic Games/UE_4.27/FeaturePacks/TP_SideScrollerBP.upack' (chunk index -1, root 'root:/') mounted
[2022.04.06-07.26.08:097][  0]LogShaderLibrary: Display: ShaderCodeLibraryPakFileMountedCallback: pending pak file info (ChunkID:-1 Root:root:/ File:C:/Program Files/Epic Games/UE_4.27/FeaturePacks/TP_SideScrollerBP.upack)
[2022.04.06-07.26.08:097][  0]LogPakFile: OnPakFileMounted2Time == 0.000026
[2022.04.06-07.26.08:101][  0]LogPakFile: PakFile PrimaryIndexSize=187
[2022.04.06-07.26.08:101][  0]LogPakFile: PakFile PathHashIndexSize=101
[2022.04.06-07.26.08:101][  0]LogPakFile: PakFile FullDirectoryIndexSize=148
[2022.04.06-07.26.08:101][  0]LogShaderLibrary: Display: ShaderCodeLibraryPakFileMountedCallback: PakFile 'C:/Program Files/Epic Games/UE_4.27/FeaturePacks/TP_ThirdPerson.upack' (chunk index -1, root 'root:/') mounted
[2022.04.06-07.26.08:101][  0]LogShaderLibrary: Display: ShaderCodeLibraryPakFileMountedCallback: pending pak file info (ChunkID:-1 Root:root:/ File:C:/Program Files/Epic Games/UE_4.27/FeaturePacks/TP_ThirdPerson.upack)
[2022.04.06-07.26.08:101][  0]LogPakFile: OnPakFileMounted2Time == 0.000028
[2022.04.06-07.26.08:105][  0]LogPakFile: PakFile PrimaryIndexSize=189
[2022.04.06-07.26.08:105][  0]LogPakFile: PakFile PathHashIndexSize=101
[2022.04.06-07.26.08:105][  0]LogPakFile: PakFile FullDirectoryIndexSize=152
[2022.04.06-07.26.08:105][  0]LogShaderLibrary: Display: ShaderCodeLibraryPakFileMountedCallback: PakFile 'C:/Program Files/Epic Games/UE_4.27/FeaturePacks/TP_ThirdPersonBP.upack' (chunk index -1, root 'root:/') mounted
[2022.04.06-07.26.08:105][  0]LogShaderLibrary: Display: ShaderCodeLibraryPakFileMountedCallback: pending pak file info (ChunkID:-1 Root:root:/ File:C:/Program Files/Epic Games/UE_4.27/FeaturePacks/TP_ThirdPersonBP.upack)
[2022.04.06-07.26.08:105][  0]LogPakFile: OnPakFileMounted2Time == 0.000030
[2022.04.06-07.26.08:108][  0]LogPakFile: PakFile PrimaryIndexSize=183
[2022.04.06-07.26.08:109][  0]LogPakFile: PakFile PathHashIndexSize=101
[2022.04.06-07.26.08:109][  0]LogPakFile: PakFile FullDirectoryIndexSize=140
[2022.04.06-07.26.08:109][  0]LogShaderLibrary: Display: ShaderCodeLibraryPakFileMountedCallback: PakFile 'C:/Program Files/Epic Games/UE_4.27/FeaturePacks/TP_TopDown.upack' (chunk index -1, root 'root:/') mounted
[2022.04.06-07.26.08:109][  0]LogShaderLibrary: Display: ShaderCodeLibraryPakFileMountedCallback: pending pak file info (ChunkID:-1 Root:root:/ File:C:/Program Files/Epic Games/UE_4.27/FeaturePacks/TP_TopDown.upack)
[2022.04.06-07.26.08:109][  0]LogPakFile: OnPakFileMounted2Time == 0.000045
[2022.04.06-07.26.08:112][  0]LogPakFile: PakFile PrimaryIndexSize=185
[2022.04.06-07.26.08:112][  0]LogPakFile: PakFile PathHashIndexSize=101
[2022.04.06-07.26.08:112][  0]LogPakFile: PakFile FullDirectoryIndexSize=144
[2022.04.06-07.26.08:112][  0]LogShaderLibrary: Display: ShaderCodeLibraryPakFileMountedCallback: PakFile 'C:/Program Files/Epic Games/UE_4.27/FeaturePacks/TP_TopDownBP.upack' (chunk index -1, root 'root:/') mounted
[2022.04.06-07.26.08:112][  0]LogShaderLibrary: Display: ShaderCodeLibraryPakFileMountedCallback: pending pak file info (ChunkID:-1 Root:root:/ File:C:/Program Files/Epic Games/UE_4.27/FeaturePacks/TP_TopDownBP.upack)
[2022.04.06-07.26.08:112][  0]LogPakFile: OnPakFileMounted2Time == 0.000031
[2022.04.06-07.26.08:118][  0]LogPakFile: PakFile PrimaryIndexSize=185
[2022.04.06-07.26.08:118][  0]LogPakFile: PakFile PathHashIndexSize=101
[2022.04.06-07.26.08:118][  0]LogPakFile: PakFile FullDirectoryIndexSize=144
[2022.04.06-07.26.08:118][  0]LogShaderLibrary: Display: ShaderCodeLibraryPakFileMountedCallback: PakFile 'C:/Program Files/Epic Games/UE_4.27/FeaturePacks/TP_TwinStick.upack' (chunk index -1, root 'root:/') mounted
[2022.04.06-07.26.08:118][  0]LogShaderLibrary: Display: ShaderCodeLibraryPakFileMountedCallback: pending pak file info (ChunkID:-1 Root:root:/ File:C:/Program Files/Epic Games/UE_4.27/FeaturePacks/TP_TwinStick.upack)
[2022.04.06-07.26.08:118][  0]LogPakFile: OnPakFileMounted2Time == 0.000031
[2022.04.06-07.26.08:122][  0]LogPakFile: PakFile PrimaryIndexSize=187
[2022.04.06-07.26.08:122][  0]LogPakFile: PakFile PathHashIndexSize=101
[2022.04.06-07.26.08:122][  0]LogPakFile: PakFile FullDirectoryIndexSize=148
[2022.04.06-07.26.08:122][  0]LogShaderLibrary: Display: ShaderCodeLibraryPakFileMountedCallback: PakFile 'C:/Program Files/Epic Games/UE_4.27/FeaturePacks/TP_TwinStickBP.upack' (chunk index -1, root 'root:/') mounted
[2022.04.06-07.26.08:122][  0]LogShaderLibrary: Display: ShaderCodeLibraryPakFileMountedCallback: pending pak file info (ChunkID:-1 Root:root:/ File:C:/Program Files/Epic Games/UE_4.27/FeaturePacks/TP_TwinStickBP.upack)
[2022.04.06-07.26.08:122][  0]LogPakFile: OnPakFileMounted2Time == 0.000030
[2022.04.06-07.26.08:125][  0]LogPakFile: PakFile PrimaryIndexSize=183
[2022.04.06-07.26.08:125][  0]LogPakFile: PakFile PathHashIndexSize=101
[2022.04.06-07.26.08:125][  0]LogPakFile: PakFile FullDirectoryIndexSize=140
[2022.04.06-07.26.08:125][  0]LogShaderLibrary: Display: ShaderCodeLibraryPakFileMountedCallback: PakFile 'C:/Program Files/Epic Games/UE_4.27/FeaturePacks/TP_Vehicle.upack' (chunk index -1, root 'root:/') mounted
[2022.04.06-07.26.08:125][  0]LogShaderLibrary: Display: ShaderCodeLibraryPakFileMountedCallback: pending pak file info (ChunkID:-1 Root:root:/ File:C:/Program Files/Epic Games/UE_4.27/FeaturePacks/TP_Vehicle.upack)
[2022.04.06-07.26.08:125][  0]LogPakFile: OnPakFileMounted2Time == 0.000027
[2022.04.06-07.26.08:129][  0]LogPakFile: PakFile PrimaryIndexSize=186
[2022.04.06-07.26.08:129][  0]LogPakFile: PakFile PathHashIndexSize=101
[2022.04.06-07.26.08:129][  0]LogPakFile: PakFile FullDirectoryIndexSize=146
[2022.04.06-07.26.08:129][  0]LogShaderLibrary: Display: ShaderCodeLibraryPakFileMountedCallback: PakFile 'C:/Program Files/Epic Games/UE_4.27/FeaturePacks/TP_VehicleAdv.upack' (chunk index -1, root 'root:/') mounted
[2022.04.06-07.26.08:129][  0]LogShaderLibrary: Display: ShaderCodeLibraryPakFileMountedCallback: pending pak file info (ChunkID:-1 Root:root:/ File:C:/Program Files/Epic Games/UE_4.27/FeaturePacks/TP_VehicleAdv.upack)
[2022.04.06-07.26.08:129][  0]LogPakFile: OnPakFileMounted2Time == 0.000033
[2022.04.06-07.26.08:133][  0]LogPakFile: PakFile PrimaryIndexSize=188
[2022.04.06-07.26.08:133][  0]LogPakFile: PakFile PathHashIndexSize=101
[2022.04.06-07.26.08:133][  0]LogPakFile: PakFile FullDirectoryIndexSize=150
[2022.04.06-07.26.08:133][  0]LogShaderLibrary: Display: ShaderCodeLibraryPakFileMountedCallback: PakFile 'C:/Program Files/Epic Games/UE_4.27/FeaturePacks/TP_VehicleAdvBP.upack' (chunk index -1, root 'root:/') mounted
[2022.04.06-07.26.08:133][  0]LogShaderLibrary: Display: ShaderCodeLibraryPakFileMountedCallback: pending pak file info (ChunkID:-1 Root:root:/ File:C:/Program Files/Epic Games/UE_4.27/FeaturePacks/TP_VehicleAdvBP.upack)
[2022.04.06-07.26.08:133][  0]LogPakFile: OnPakFileMounted2Time == 0.000029
[2022.04.06-07.26.08:137][  0]LogPakFile: PakFile PrimaryIndexSize=185
[2022.04.06-07.26.08:137][  0]LogPakFile: PakFile PathHashIndexSize=101
[2022.04.06-07.26.08:137][  0]LogPakFile: PakFile FullDirectoryIndexSize=144
[2022.04.06-07.26.08:137][  0]LogShaderLibrary: Display: ShaderCodeLibraryPakFileMountedCallback: PakFile 'C:/Program Files/Epic Games/UE_4.27/FeaturePacks/TP_VehicleBP.upack' (chunk index -1, root 'root:/') mounted
[2022.04.06-07.26.08:137][  0]LogShaderLibrary: Display: ShaderCodeLibraryPakFileMountedCallback: pending pak file info (ChunkID:-1 Root:root:/ File:C:/Program Files/Epic Games/UE_4.27/FeaturePacks/TP_VehicleBP.upack)
[2022.04.06-07.26.08:137][  0]LogPakFile: OnPakFileMounted2Time == 0.000025
[2022.04.06-07.26.08:141][  0]LogPakFile: PakFile PrimaryIndexSize=192
[2022.04.06-07.26.08:141][  0]LogPakFile: PakFile PathHashIndexSize=101
[2022.04.06-07.26.08:141][  0]LogPakFile: PakFile FullDirectoryIndexSize=158
[2022.04.06-07.26.08:141][  0]LogShaderLibrary: Display: ShaderCodeLibraryPakFileMountedCallback: PakFile 'C:/Program Files/Epic Games/UE_4.27/FeaturePacks/TP_VirtualRealityBP.upack' (chunk index -1, root 'root:/') mounted
[2022.04.06-07.26.08:141][  0]LogShaderLibrary: Display: ShaderCodeLibraryPakFileMountedCallback: pending pak file info (ChunkID:-1 Root:root:/ File:C:/Program Files/Epic Games/UE_4.27/FeaturePacks/TP_VirtualRealityBP.upack)
[2022.04.06-07.26.08:141][  0]LogPakFile: OnPakFileMounted2Time == 0.000025
[2022.04.06-07.26.08:302][  0]LogNativeClassHierarchy: Verbose: Native class hierarchy updated for 'AddContentDialog' in 0.0003 seconds. Added 0 classes and 0 folders.
[2022.04.06-07.26.08:367][  0]LogSlate: Took 0.000168 seconds to synchronously load lazily loaded font '../../../Engine/Content/Slate/Fonts/Roboto-Regular.ttf' (155K)
[2022.04.06-07.26.08:373][  0]LogSlate: Took 0.005489 seconds to synchronously load lazily loaded font '../../../Engine/Content/Editor/Slate/Fonts/FontAwesome.ttf' (139K)
[2022.04.06-07.26.08:376][  0]LogSlate: Took 0.000162 seconds to synchronously load lazily loaded font '../../../Engine/Content/Slate/Fonts/Roboto-Bold.ttf' (160K)
[2022.04.06-07.26.08:465][  0]LogRenderer: Reallocating scene render targets to support 804x380 Format 10 NumSamples 4 (Frame:1).
[2022.04.06-07.26.08:526][  0]LogSlate: Took 0.003813 seconds to synchronously load lazily loaded font '../../../Engine/Content/Slate/Fonts/Roboto-Light.ttf' (167K)
[2022.04.06-07.26.08:610][  0]LogNativeClassHierarchy: Verbose: Native class hierarchy updated for 'HierarchicalLODOutliner' in 0.0003 seconds. Added 0 classes and 0 folders.
[2022.04.06-07.26.08:610][  0]LogLoad: (Engine Initialization) Total time: 16.83 seconds
[2022.04.06-07.26.08:610][  0]LogLoad: (Engine Initialization) Total Blueprint compile time: 0.00 seconds
[2022.04.06-07.26.08:669][  0]LogAssetRegistry: Asset discovery search completed in 13.0525 seconds
[2022.04.06-07.26.08:673][  0]LogCollectionManager: Fixed up redirectors for 0 collections in 0.000003 seconds (updated 0 objects)
[2022.04.06-07.26.08:676][  0]LogContentStreaming: Texture pool size now 1000 MB
[2022.04.06-07.26.08:723][  1]LogFileCache: Retrieving MD5 hashes for directory 'C:/Users/dmock/Unreal projects/P8/P8ToBeAnnounced/P8_VR_Home/Content/' took 0.09s
[2022.04.06-07.26.08:752][  1]LogResonanceAudio: Display: Resonance Audio Listener is initialized
[2022.04.06-07.26.09:632][ 51]LogSlate: Took 0.000106 seconds to synchronously load lazily loaded font '../../../Engine/Content/Slate/Fonts/Roboto-Light.ttf' (167K)
[2022.04.06-07.26.50:771][505]LogEditorViewport: Clicking on Actor (LMB): VentsButton_C (VentsButton)
[2022.04.06-07.26.51:900][569]LogSlate: Took 0.003657 seconds to synchronously load lazily loaded font '../../../Engine/Content/Slate/Fonts/Roboto-Italic.ttf' (157K)
[2022.04.06-07.26.54:363][714]LogAssetEditorSubsystem: Opening Asset editor for Blueprint /Game/FirstPersonBP/MyStuff/VentsButton.VentsButton
[2022.04.06-07.26.54:508][714]LogEnum: Warning: Enum name collision: 'GrabType::NewEnumerator0' is in both '/Game/ScriptsBluePrints/VRTemplate/Blueprints/GrabType.GrabType' and '/Game/VRTemplate/Blueprints/GrabType.GrabType'
[2022.04.06-07.26.54:508][714]LogEnum: Warning: Enum name collision: 'GrabType::NewEnumerator4' is in both '/Game/ScriptsBluePrints/VRTemplate/Blueprints/GrabType.GrabType' and '/Game/VRTemplate/Blueprints/GrabType.GrabType'
[2022.04.06-07.26.54:508][714]LogEnum: Warning: Enum name collision: 'GrabType::NewEnumerator1' is in both '/Game/ScriptsBluePrints/VRTemplate/Blueprints/GrabType.GrabType' and '/Game/VRTemplate/Blueprints/GrabType.GrabType'
[2022.04.06-07.26.54:508][714]LogEnum: Warning: Enum name collision: 'GrabType::NewEnumerator3' is in both '/Game/ScriptsBluePrints/VRTemplate/Blueprints/GrabType.GrabType' and '/Game/VRTemplate/Blueprints/GrabType.GrabType'
[2022.04.06-07.26.54:508][714]LogEnum: Warning: Enum name collision: 'GrabType::GrabType_MAX' is in both '/Game/ScriptsBluePrints/VRTemplate/Blueprints/GrabType.GrabType' and '/Game/VRTemplate/Blueprints/GrabType.GrabType'
[2022.04.06-07.26.54:508][714]LogEnum: Warning: Enum name collision: 'GrabType::NewEnumerator0' is in both '/Game/ScriptsBluePrints/VRTemplate/Blueprints/GrabType.GrabType' and '/Game/VRTemplate/Blueprints/GrabType.GrabType'
[2022.04.06-07.26.54:508][714]LogEnum: Warning: Enum name collision: 'GrabType::NewEnumerator4' is in both '/Game/ScriptsBluePrints/VRTemplate/Blueprints/GrabType.GrabType' and '/Game/VRTemplate/Blueprints/GrabType.GrabType'
[2022.04.06-07.26.54:508][714]LogEnum: Warning: Enum name collision: 'GrabType::NewEnumerator1' is in both '/Game/ScriptsBluePrints/VRTemplate/Blueprints/GrabType.GrabType' and '/Game/VRTemplate/Blueprints/GrabType.GrabType'
[2022.04.06-07.26.54:508][714]LogEnum: Warning: Enum name collision: 'GrabType::NewEnumerator3' is in both '/Game/ScriptsBluePrints/VRTemplate/Blueprints/GrabType.GrabType' and '/Game/VRTemplate/Blueprints/GrabType.GrabType'
[2022.04.06-07.26.54:788][714]LogNativeClassHierarchy: Verbose: Native class hierarchy updated for 'BlueprintGraph' in 0.0005 seconds. Added 126 classes and 0 folders.
[2022.04.06-07.26.55:464][714]LogSlate: Took 0.000124 seconds to synchronously load lazily loaded font '../../../Engine/Content/Slate/Fonts/Roboto-BoldCondensed.ttf' (158K)
[2022.04.06-07.27.04:345][178]LogSlate: Window 'VentsButton' being destroyed
[2022.04.06-07.27.32:895][889]LogAssetEditorSubsystem: Opening Asset editor for Blueprint /Game/ScriptsBluePrints/rotate_logic.rotate_logic
[2022.04.06-07.27.33:137][889]LogAssetEditorSubsystem: Opening Asset editor for Blueprint /Game/FirstPersonBP/MyStuff/Flap.Flap
[2022.04.06-07.27.33:396][889]LogAssetEditorSubsystem: Opening Asset editor for Blueprint /Game/ScriptsBluePrints/DoorsAndClosets2/Door.Door
[2022.04.06-07.27.33:645][889]LogAssetEditorSubsystem: Opening Asset editor for Blueprint /Game/FirstPersonBP/MyStuff/BlindsButton.BlindsButton
[2022.04.06-07.32.30:128][675]LogEditorTransaction: Undo Select Interpolation Mode
[2022.04.06-07.32.30:605][702]LogEditorTransaction: Undo Select Interpolation Mode
[2022.04.06-07.32.31:745][770]LogEditorTransaction: Undo Add Key(s)
[2022.04.06-07.32.34:428][931]LogEditorTransaction: Redo Add Key(s)
[2022.04.06-07.32.56:409][ 38]LogSavePackage: Moving '../../../../../../Users/dmock/Unreal projects/P8/P8ToBeAnnounced/P8_VR_Home/Saved/VentsButtonDEFCD1D74E5815DA5AEF15BBA9309939.tmp' to '../../../../../../Users/dmock/Unreal projects/P8/P8ToBeAnnounced/P8_VR_Home/Content/FirstPersonBP/MyStuff/VentsButton.uasset'
[2022.04.06-07.32.56:423][ 38]AssetCheck: New page: Asset Save: VentsButton
[2022.04.06-07.32.56:423][ 38]LogContentValidation: Display: Validating Blueprint /Game/FirstPersonBP/MyStuff/VentsButton.VentsButton
[2022.04.06-07.32.57:580][108]BlueprintLog: New page: Compile VentsButton
[2022.04.06-07.32.57:626][108]LogUObjectHash: Compacting FUObjectHashTables data took   2.48ms
[2022.04.06-07.32.57:655][108]LogSlate: Took 0.005461 seconds to synchronously load lazily loaded font '../../../Engine/Content/Slate/Fonts/DroidSansMono.ttf' (77K)
[2022.04.06-07.33.55:338][554]LogSavePackage: Moving '../../../../../../Users/dmock/Unreal projects/P8/P8ToBeAnnounced/P8_VR_Home/Saved/VentsButton960C9DA74C6A3FA603E09DB80373E26C.tmp' to '../../../../../../Users/dmock/Unreal projects/P8/P8ToBeAnnounced/P8_VR_Home/Content/FirstPersonBP/MyStuff/VentsButton.uasset'
[2022.04.06-07.33.55:347][554]AssetCheck: New page: Asset Save: VentsButton
[2022.04.06-07.33.55:347][554]LogContentValidation: Display: Validating Blueprint /Game/FirstPersonBP/MyStuff/VentsButton.VentsButton
[2022.04.06-07.34.30:985][689]LogSavePackage: Moving '../../../../../../Users/dmock/Unreal projects/P8/P8ToBeAnnounced/P8_VR_Home/Saved/VentsButton04E403E049D3FBD99F712286F7B7636B.tmp' to '../../../../../../Users/dmock/Unreal projects/P8/P8ToBeAnnounced/P8_VR_Home/Content/FirstPersonBP/MyStuff/VentsButton.uasset'
[2022.04.06-07.34.30:994][689]AssetCheck: New page: Asset Save: VentsButton
[2022.04.06-07.34.30:994][689]LogContentValidation: Display: Validating Blueprint /Game/FirstPersonBP/MyStuff/VentsButton.VentsButton
[2022.04.06-07.35.03:430][244]LogRenderer: Reallocating scene render targets to support 948x500 Format 10 NumSamples 4 (Frame:1).
[2022.04.06-07.37.14:596][ 56]Cmd: CAMERA ALIGN ACTIVEVIEWPORTONLY
[2022.04.06-07.37.39:111][525]LogEditorTransaction: Undo Create Pin Link
[2022.04.06-07.38.22:963][136]BlueprintLog: New page: Compile VentsButton
[2022.04.06-07.38.23:012][136]LogUObjectHash: Compacting FUObjectHashTables data took   2.63ms
[2022.04.06-07.39.09:007][879]LogUObjectHash: Compacting FUObjectHashTables data took   2.43ms
[2022.04.06-07.39.09:095][879]LogSavePackage: Moving '../../../../../../Users/dmock/Unreal projects/P8/P8ToBeAnnounced/P8_VR_Home/Saved/VRTemplateMap_Auto11E68FA9B421105BEA05F1FACADB2582E.tmp' to '../../../../../../Users/dmock/Unreal projects/P8/P8ToBeAnnounced/P8_VR_Home/Saved/Autosaves/Game/VRTemplate/Maps/VRTemplateMap_Auto1.umap'
[2022.04.06-07.39.09:096][879]LogFileHelpers: Editor autosave (incl. external actors) for '/Game/VRTemplate/Maps/VRTemplateMap' took 0.111
[2022.04.06-07.39.09:096][879]LogFileHelpers: Editor autosave (incl. sublevels & external actors) for all levels took 0.111
[2022.04.06-07.39.09:097][879]OBJ SavePackage: Generating thumbnails for [2] asset(s) in package [/Game/FirstPersonBP/MyStuff/VentsButton] ([2] browsable assets)...
[2022.04.06-07.39.09:105][879]OBJ SavePackage:     Rendered thumbnail for [Blueprint /Game/FirstPersonBP/MyStuff/VentsButton.VentsButton]
[2022.04.06-07.39.09:105][879]OBJ SavePackage: Finished generating thumbnails for package [/Game/FirstPersonBP/MyStuff/VentsButton]
[2022.04.06-07.39.09:114][879]LogSavePackage: Moving '../../../../../../Users/dmock/Unreal projects/P8/P8ToBeAnnounced/P8_VR_Home/Saved/VentsButton_Auto1C93DD8BF4A1DCB798C28779FFA118656.tmp' to '../../../../../../Users/dmock/Unreal projects/P8/P8ToBeAnnounced/P8_VR_Home/Saved/Autosaves/Game/FirstPersonBP/MyStuff/VentsButton_Auto1.uasset'
[2022.04.06-07.39.09:116][879]LogFileHelpers: Auto-saving content packages took 0.019
[2022.04.06-07.40.51:580][ 20]LogUObjectHash: Compacting FUObjectHashTables data took   0.57ms
[2022.04.06-07.40.52:450][ 20]LogSlate: Window 'Save Content' being destroyed
[2022.04.06-07.40.52:476][ 20]LogSavePackage: Moving '../../../../../../Users/dmock/Unreal projects/P8/P8ToBeAnnounced/P8_VR_Home/Saved/VentsButton891DC18A42160BC05A1ADC9A27601823.tmp' to '../../../../../../Users/dmock/Unreal projects/P8/P8ToBeAnnounced/P8_VR_Home/Content/FirstPersonBP/MyStuff/VentsButton.uasset'
[2022.04.06-07.40.52:498][ 20]LogUObjectHash: Compacting FUObjectHashTables data took   0.62ms
[2022.04.06-07.40.52:587][ 20]LogSavePackage: Moving '../../../../../../Users/dmock/Unreal projects/P8/P8ToBeAnnounced/P8_VR_Home/Saved/VRTemplateMapD345BD414CAE194E79EBE38291A6EFE9.tmp' to '../../../../../../Users/dmock/Unreal projects/P8/P8ToBeAnnounced/P8_VR_Home/Content/VRTemplate/Maps/VRTemplateMap.umap'
[2022.04.06-07.40.52:595][ 20]LogFileHelpers: Saving map 'VRTemplateMap' took 0.118
[2022.04.06-07.40.52:615][ 20]LogWorld: UWorld::CleanupWorld for World_3, bSessionEnded=true, bCleanupResources=true
[2022.04.06-07.40.52:616][ 20]LogSlate: InvalidateAllWidgets triggered.  All widgets were invalidated
[2022.04.06-07.40.52:666][ 20]LogWorld: UWorld::CleanupWorld for World_4, bSessionEnded=true, bCleanupResources=true
[2022.04.06-07.40.52:666][ 20]LogSlate: InvalidateAllWidgets triggered.  All widgets were invalidated
[2022.04.06-07.40.52:699][ 20]LogActorComponent: UnregisterComponent: (/Engine/Transient.EditorFloorComp) Not registered. Aborting.
[2022.04.06-07.40.52:699][ 20]LogWorld: UWorld::CleanupWorld for World_5, bSessionEnded=true, bCleanupResources=true
[2022.04.06-07.40.52:699][ 20]LogSlate: InvalidateAllWidgets triggered.  All widgets were invalidated
[2022.04.06-07.40.52:741][ 20]LogActorComponent: UnregisterComponent: (/Engine/Transient.EditorFloorComp) Not registered. Aborting.
[2022.04.06-07.40.52:741][ 20]LogWorld: UWorld::CleanupWorld for World_6, bSessionEnded=true, bCleanupResources=true
[2022.04.06-07.40.52:741][ 20]LogSlate: InvalidateAllWidgets triggered.  All widgets were invalidated
[2022.04.06-07.40.52:780][ 20]LogActorComponent: UnregisterComponent: (/Engine/Transient.EditorFloorComp) Not registered. Aborting.
[2022.04.06-07.40.52:780][ 20]LogWorld: UWorld::CleanupWorld for World_7, bSessionEnded=true, bCleanupResources=true
[2022.04.06-07.40.52:780][ 20]LogSlate: InvalidateAllWidgets triggered.  All widgets were invalidated
[2022.04.06-07.40.52:826][ 20]LogSlate: Window 'P8_VR_Home - Unreal Editor' being destroyed
[2022.04.06-07.40.52:907][ 20]AssetCheck: New page: Asset Save: multiple assets
[2022.04.06-07.40.52:907][ 20]LogContentValidation: Display: Validating Blueprint /Game/FirstPersonBP/MyStuff/VentsButton.VentsButton
[2022.04.06-07.40.52:907][ 20]LogContentValidation: Display: Validating World /Game/VRTemplate/Maps/VRTemplateMap.VRTemplateMap
[2022.04.06-07.40.52:908][ 21]Cmd: QUIT_EDITOR
[2022.04.06-07.40.52:908][ 21]LogCore: Engine exit requested (reason: UUnrealEdEngine::CloseEditor())
[2022.04.06-07.40.52:910][ 21]LogCore: Engine exit requested (reason: EngineExit() was called; note: exit was already requested)
[2022.04.06-07.40.52:911][ 21]LogAudio: Display: Beginning Audio Device Manager Shutdown (Module: AudioMixerXAudio2)...
[2022.04.06-07.40.52:911][ 21]LogAudio: Display: Destroying 1 Remaining Audio Device(s)...
[2022.04.06-07.40.52:911][ 21]LogAudio: Display: Audio Device unregistered from world 'VRTemplateMap'.
[2022.04.06-07.40.52:911][ 21]LogResonanceAudio: Display: Resonance Audio Listener is shutdown
[2022.04.06-07.40.52:911][ 21]LogAudioMixer: FMixerPlatformXAudio2::StopAudioStream() called
[2022.04.06-07.40.52:912][ 21]LogAudioMixer: FMixerPlatformXAudio2::StopAudioStream() called
[2022.04.06-07.40.52:924][ 21]LogAudio: Display: Audio Device Manager Shutdown
[2022.04.06-07.40.52:924][ 21]LogWindowsTextInputMethodSystem: Display: IME system deactivated.
[2022.04.06-07.40.52:927][ 21]LogExit: Preparing to exit.
[2022.04.06-07.40.53:289][ 21]LogUObjectHash: Compacting FUObjectHashTables data took   2.08ms
[2022.04.06-07.40.53:476][ 21]LogWorld: UWorld::CleanupWorld for World_0, bSessionEnded=true, bCleanupResources=true
[2022.04.06-07.40.53:477][ 21]LogWorld: UWorld::CleanupWorld for World_1, bSessionEnded=true, bCleanupResources=true
[2022.04.06-07.40.53:479][ 21]LogWorld: UWorld::CleanupWorld for World_2, bSessionEnded=true, bCleanupResources=true
[2022.04.06-07.40.53:480][ 21]LogWorld: UWorld::CleanupWorld for World_8, bSessionEnded=true, bCleanupResources=true
[2022.04.06-07.40.53:482][ 21]LogWorld: UWorld::CleanupWorld for World_9, bSessionEnded=true, bCleanupResources=true
[2022.04.06-07.40.53:494][ 21]LogDirectoryWatcher: Display: A directory notification failed, and we were unable to create a new request. GetLastError code [6] Handle [FFFFFFFFFFFFFFFF], Path [C:/Users/dmock/Unreal projects/P8/P8ToBeAnnounced/P8_VR_Home/Content/] 
[2022.04.06-07.40.53:535][ 21]LogDemo: Cleaned up 0 splitscreen connections with owner deletion
[2022.04.06-07.40.53:539][ 21]LogWorld: UWorld::CleanupWorld for None, bSessionEnded=true, bCleanupResources=true
[2022.04.06-07.40.53:539][ 21]LogExit: Editor shut down
[2022.04.06-07.40.53:539][ 21]LogExit: Transaction tracking system shut down
[2022.04.06-07.40.53:777][ 21]LogExit: Object subsystem successfully closed.
[2022.04.06-07.40.53:795][ 21]LogShaderCompilers: Display: === FShaderJobCache stats ===
[2022.04.06-07.40.53:795][ 21]LogShaderCompilers: Display: Total job queries 0, among them cache hits 0 (0.00%)
[2022.04.06-07.40.53:795][ 21]LogShaderCompilers: Display: Tracking 0 distinct input hashes that result in 0 distinct outputs (0.00%)
[2022.04.06-07.40.53:795][ 21]LogShaderCompilers: Display: RAM used: 0.00 MB (0.00 GB) of 819.20 MB (0.80 GB) budget. Usage: 0.00%
[2022.04.06-07.40.53:795][ 21]LogShaderCompilers: Display: ================================================
[2022.04.06-07.40.53:807][ 21]LogShaderCompilers: Display: Shaders left to compile 0
[2022.04.06-07.40.53:825][ 21]LogModuleManager: Shutting down and abandoning module BlueprintGraph (906)
[2022.04.06-07.40.53:825][ 21]LogModuleManager: Shutting down and abandoning module HierarchicalLODOutliner (904)
[2022.04.06-07.40.53:825][ 21]LogModuleManager: Shutting down and abandoning module AddContentDialog (902)
[2022.04.06-07.40.53:825][ 21]LogModuleManager: Shutting down and abandoning module WidgetCarousel (901)
[2022.04.06-07.40.53:825][ 21]LogModuleManager: Shutting down and abandoning module EditorWidgets (898)
[2022.04.06-07.40.53:825][ 21]LogModuleManager: Shutting down and abandoning module SceneOutliner (896)
[2022.04.06-07.40.53:825][ 21]LogModuleManager: Shutting down and abandoning module StatsViewer (894)
[2022.04.06-07.40.53:825][ 21]LogModuleManager: Shutting down and abandoning module PIEPreviewDeviceProfileSelector (892)
[2022.04.06-07.40.53:825][ 21]LogModuleManager: Shutting down and abandoning module SequenceRecorderSections (890)
[2022.04.06-07.40.53:825][ 21]LogModuleManager: Shutting down and abandoning module AutomationWorker (888)
[2022.04.06-07.40.53:825][ 21]LogModuleManager: Shutting down and abandoning module OculusMR (886)
[2022.04.06-07.40.53:825][ 21]LogModuleManager: Shutting down and abandoning module CameraShakePreviewer (884)
[2022.04.06-07.40.53:825][ 21]LogModuleManager: Shutting down and abandoning module TakeRecorderSources (882)
[2022.04.06-07.40.53:825][ 21]LogModuleManager: Shutting down and abandoning module TakeRecorder (881)
[2022.04.06-07.40.53:825][ 21]LogModuleManager: Shutting down and abandoning module TakeTrackRecorders (878)
[2022.04.06-07.40.53:825][ 21]LogModuleManager: Shutting down and abandoning module TakesCore (876)
[2022.04.06-07.40.53:825][ 21]LogModuleManager: Shutting down and abandoning module ResonanceAudioEditor (874)
[2022.04.06-07.40.53:825][ 21]LogModuleManager: Shutting down and abandoning module OpenXRInput (872)
[2022.04.06-07.40.53:825][ 21]LogModuleManager: Shutting down and abandoning module GooglePADEditor (870)
[2022.04.06-07.40.53:825][ 21]LogModuleManager: Shutting down and abandoning module AudioCaptureEditor (868)
[2022.04.06-07.40.53:825][ 21]LogModuleManager: Shutting down and abandoning module TemplateSequenceEditor (866)
[2022.04.06-07.40.53:825][ 21]LogModuleManager: Shutting down and abandoning module MatineeToLevelSequence (864)
[2022.04.06-07.40.53:825][ 21]LogModuleManager: Shutting down and abandoning module ActorSequenceEditor (862)
[2022.04.06-07.40.53:825][ 21]LogModuleManager: Shutting down and abandoning module LevelSequenceEditor (860)
[2022.04.06-07.40.53:825][ 21]LogModuleManager: Shutting down and abandoning module MagicLeapMediaCodecFactory (858)
[2022.04.06-07.40.53:825][ 21]LogModuleManager: Shutting down and abandoning module MagicLeapMediaFactory (856)
[2022.04.06-07.40.53:825][ 21]LogModuleManager: Shutting down and abandoning module MagicLeapMediaEditor (854)
[2022.04.06-07.40.53:825][ 21]LogModuleManager: Shutting down and abandoning module WmfMediaFactory (852)
[2022.04.06-07.40.53:826][ 21]LogModuleManager: Shutting down and abandoning module WmfMediaEditor (850)
[2022.04.06-07.40.53:826][ 21]LogModuleManager: Shutting down and abandoning module WebMMediaFactory (848)
[2022.04.06-07.40.53:826][ 21]LogModuleManager: Shutting down and abandoning module WebMMediaEditor (846)
[2022.04.06-07.40.53:826][ 21]LogModuleManager: Shutting down and abandoning module WebMMedia (844)
[2022.04.06-07.40.53:826][ 21]LogModuleManager: Shutting down and abandoning module MediaPlayerEditor (842)
[2022.04.06-07.40.53:826][ 21]LogModuleManager: Shutting down and abandoning module MediaCompositingEditor (840)
[2022.04.06-07.40.53:826][ 21]LogModuleManager: Shutting down and abandoning module SequenceRecorder (839)
[2022.04.06-07.40.53:826][ 21]LogModuleManager: Shutting down and abandoning module OpenExrWrapper (836)
[2022.04.06-07.40.53:826][ 21]LogModuleManager: Shutting down and abandoning module ImgMediaFactory (834)
[2022.04.06-07.40.53:826][ 21]LogModuleManager: Shutting down and abandoning module ImgMediaEditor (832)
[2022.04.06-07.40.53:826][ 21]LogModuleManager: Shutting down and abandoning module AvfMediaFactory (830)
[2022.04.06-07.40.53:826][ 21]LogModuleManager: Shutting down and abandoning module AvfMediaEditor (828)
[2022.04.06-07.40.53:826][ 21]LogModuleManager: Shutting down and abandoning module AndroidMediaFactory (826)
[2022.04.06-07.40.53:826][ 21]LogModuleManager: Shutting down and abandoning module AndroidMediaEditor (824)
[2022.04.06-07.40.53:826][ 21]LogModuleManager: Shutting down and abandoning module PlanarCut (822)
[2022.04.06-07.40.53:826][ 21]LogModuleManager: Shutting down and abandoning module TextureAlignMode (820)
[2022.04.06-07.40.53:826][ 21]LogModuleManager: Shutting down and abandoning module BspMode (818)
[2022.04.06-07.40.53:826][ 21]LogModuleManager: Shutting down and abandoning module GeometryMode (816)
[2022.04.06-07.40.53:826][ 21]LogModuleManager: Shutting down and abandoning module CharacterAI (814)
[2022.04.06-07.40.53:826][ 21]LogModuleManager: Shutting down and abandoning module SmartSnapping (812)
[2022.04.06-07.40.53:826][ 21]LogModuleManager: Shutting down and abandoning module SessionServices (810)
[2022.04.06-07.40.53:826][ 21]LogModuleManager: Shutting down and abandoning module MeshPaint (808)
[2022.04.06-07.40.53:826][ 21]LogModuleManager: Shutting down and abandoning module VirtualTexturingEditor (806)
[2022.04.06-07.40.53:826][ 21]LogModuleManager: Shutting down and abandoning module FoliageEdit (804)
[2022.04.06-07.40.53:826][ 21]LogModuleManager: Shutting down and abandoning module LandscapeEditor (802)
[2022.04.06-07.40.53:826][ 21]LogModuleManager: Shutting down and abandoning module MeshPaintMode (800)
[2022.04.06-07.40.53:826][ 21]LogModuleManager: Shutting down and abandoning module SceneDepthPickerMode (798)
[2022.04.06-07.40.53:826][ 21]LogModuleManager: Shutting down and abandoning module ActorPickerMode (796)
[2022.04.06-07.40.53:826][ 21]LogModuleManager: Shutting down and abandoning module PlacementMode (794)
[2022.04.06-07.40.53:826][ 21]LogModuleManager: Shutting down and abandoning module ViewportSnapping (792)
[2022.04.06-07.40.53:826][ 21]LogModuleManager: Shutting down and abandoning module ViewportInteraction (790)
[2022.04.06-07.40.53:826][ 21]LogModuleManager: Shutting down and abandoning module ClothPainter (788)
[2022.04.06-07.40.53:826][ 21]LogModuleManager: Shutting down and abandoning module SkeletalMeshEditor (787)
[2022.04.06-07.40.53:826][ 21]LogModuleManager: Shutting down and abandoning module LogVisualizer (784)
[2022.04.06-07.40.53:826][ 21]LogModuleManager: Shutting down and abandoning module IntroTutorials (782)
[2022.04.06-07.40.53:826][ 21]LogModuleManager: Shutting down and abandoning module GameProjectGeneration (781)
[2022.04.06-07.40.53:826][ 21]LogModuleManager: Shutting down and abandoning module LuminPlatformEditor (778)
[2022.04.06-07.40.53:826][ 21]LogModuleManager: Shutting down and abandoning module IOSPlatformEditor (776)
[2022.04.06-07.40.53:826][ 21]LogModuleManager: Shutting down and abandoning module AndroidPlatformEditor (774)
[2022.04.06-07.40.53:826][ 21]LogModuleManager: Shutting down and abandoning module AndroidDeviceDetection (773)
[2022.04.06-07.40.55:205][ 21]LogModuleManager: Shutting down and abandoning module WindowsPlatformEditor (770)
[2022.04.06-07.40.55:205][ 21]LogModuleManager: Shutting down and abandoning module LuminRuntimeSettings (768)
[2022.04.06-07.40.55:205][ 21]LogModuleManager: Shutting down and abandoning module IOSRuntimeSettings (766)
[2022.04.06-07.40.55:205][ 21]LogModuleManager: Shutting down and abandoning module AndroidRuntimeSettings (764)
[2022.04.06-07.40.55:205][ 21]LogModuleManager: Shutting down and abandoning module TraceInsights (762)
[2022.04.06-07.40.55:205][ 21]MemoryProfiler: Shutdown
[2022.04.06-07.40.55:205][ 21]NetworkingProfiler: Shutdown
[2022.04.06-07.40.55:205][ 21]LoadingProfiler: Shutdown
[2022.04.06-07.40.55:205][ 21]TimingProfiler: Shutdown
[2022.04.06-07.40.55:205][ 21]LogModuleManager: Shutting down and abandoning module TraceServices (761)
[2022.04.06-07.40.55:205][ 21]LogModuleManager: Shutting down and abandoning module EditorInteractiveToolsFramework (758)
[2022.04.06-07.40.55:205][ 21]LogModuleManager: Shutting down and abandoning module TimeManagementEditor (756)
[2022.04.06-07.40.55:205][ 21]LogModuleManager: Shutting down and abandoning module InputBindingEditor (754)
[2022.04.06-07.40.55:205][ 21]LogModuleManager: Shutting down and abandoning module MergeActors (752)
[2022.04.06-07.40.55:205][ 21]LogModuleManager: Shutting down and abandoning module LocalizationDashboard (750)
[2022.04.06-07.40.55:205][ 21]LogModuleManager: Shutting down and abandoning module LocalizationService (749)
[2022.04.06-07.40.55:205][ 21]LogModuleManager: Shutting down and abandoning module HardwareTargeting (746)
[2022.04.06-07.40.55:205][ 21]LogModuleManager: Shutting down and abandoning module DeviceProfileEditor (744)
[2022.04.06-07.40.55:205][ 21]LogModuleManager: Shutting down and abandoning module UndoHistory (742)
[2022.04.06-07.40.55:205][ 21]LogModuleManager: Shutting down and abandoning module XmlParser (740)
[2022.04.06-07.40.55:205][ 21]LogModuleManager: Shutting down and abandoning module Blutility (738)
[2022.04.06-07.40.55:205][ 21]LogModuleManager: Shutting down and abandoning module ProjectSettingsViewer (736)
[2022.04.06-07.40.55:205][ 21]LogModuleManager: Shutting down and abandoning module ProjectTargetPlatformEditor (735)
[2022.04.06-07.40.55:206][ 21]LogModuleManager: Shutting down and abandoning module EditorSettingsViewer (732)
[2022.04.06-07.40.55:206][ 21]LogModuleManager: Shutting down and abandoning module InternationalizationSettings (731)
[2022.04.06-07.40.55:206][ 21]LogModuleManager: Shutting down and abandoning module SettingsEditor (728)
[2022.04.06-07.40.55:206][ 21]LogModuleManager: Shutting down and abandoning module ProjectLauncher (726)
[2022.04.06-07.40.55:206][ 21]LogModuleManager: Shutting down and abandoning module SessionFrontend (724)
[2022.04.06-07.40.55:206][ 21]LogModuleManager: Shutting down and abandoning module ProfilerClient (722)
[2022.04.06-07.40.55:206][ 21]LogModuleManager: Shutting down and abandoning module DeviceManager (720)
[2022.04.06-07.40.55:206][ 21]LogModuleManager: Shutting down and abandoning module TargetDeviceServices (719)
[2022.04.06-07.40.55:238][ 21]LogModuleManager: Shutting down and abandoning module AutomationController (716)
[2022.04.06-07.40.55:238][ 21]LogModuleManager: Shutting down and abandoning module AutomationWindow (714)
[2022.04.06-07.40.55:238][ 21]LogModuleManager: Shutting down and abandoning module Layers (712)
[2022.04.06-07.40.55:238][ 21]LogModuleManager: Shutting down and abandoning module ComponentVisualizers (710)
[2022.04.06-07.40.55:238][ 21]LogModuleManager: Shutting down and abandoning module DetailCustomizations (708)
[2022.04.06-07.40.55:238][ 21]LogModuleManager: Shutting down and abandoning module PackagesDialog (706)
[2022.04.06-07.40.55:238][ 21]LogModuleManager: Shutting down and abandoning module AnimationBlueprintEditor (704)
[2022.04.06-07.40.55:238][ 21]LogModuleManager: Shutting down and abandoning module Persona (702)
[2022.04.06-07.40.55:238][ 21]LogModuleManager: Shutting down and abandoning module AnimGraph (701)
[2022.04.06-07.40.55:238][ 21]LogModuleManager: Shutting down and abandoning module Kismet (698)
[2022.04.06-07.40.55:244][ 21]LogModuleManager: Shutting down and abandoning module KismetWidgets (697)
[2022.04.06-07.40.55:244][ 21]LogModuleManager: Shutting down and abandoning module GraphEditor (694)
[2022.04.06-07.40.55:244][ 21]LogModuleManager: Shutting down and abandoning module StructViewer (692)
[2022.04.06-07.40.55:244][ 21]LogModuleManager: Shutting down and abandoning module ClassViewer (690)
[2022.04.06-07.40.55:244][ 21]LogModuleManager: Shutting down and abandoning module Toolbox (688)
[2022.04.06-07.40.55:244][ 21]LogModuleManager: Shutting down and abandoning module ModuleUI (686)
[2022.04.06-07.40.55:244][ 21]LogModuleManager: Shutting down and abandoning module OutputLog (684)
[2022.04.06-07.40.55:244][ 21]LogModuleManager: Shutting down and abandoning module GammaUI (682)
[2022.04.06-07.40.55:244][ 21]LogModuleManager: Shutting down and abandoning module Documentation (680)
[2022.04.06-07.40.55:244][ 21]LogModuleManager: Shutting down and abandoning module LiveCoding (678)
[2022.04.06-07.40.55:244][ 21]LogModuleManager: Shutting down and abandoning module LevelSequence (676)
[2022.04.06-07.40.55:244][ 21]LogModuleManager: Shutting down and abandoning module MovieSceneTracks (674)
[2022.04.06-07.40.55:245][ 21]LogModuleManager: Shutting down and abandoning module MovieScene (672)
[2022.04.06-07.40.55:245][ 21]LogModuleManager: Shutting down and abandoning module StreamingPauseRendering (670)
[2022.04.06-07.40.55:245][ 21]LogModuleManager: Shutting down and abandoning module LauncherPlatform (668)
[2022.04.06-07.40.55:245][ 21]LogModuleManager: Shutting down and abandoning module AnalyticsET (666)
[2022.04.06-07.40.55:245][ 21]LogModuleManager: Shutting down and abandoning module PortalServices (664)
[2022.04.06-07.40.55:245][ 21]LogModuleManager: Shutting down and abandoning module PortalRpc (662)
[2022.04.06-07.40.55:245][ 21]LogModuleManager: Shutting down and abandoning module MessagingRpc (660)
[2022.04.06-07.40.55:245][ 21]LogModuleManager: Shutting down and abandoning module AudioMixerXAudio2 (658)
[2022.04.06-07.40.55:245][ 21]LogModuleManager: Shutting down and abandoning module AudioMixerCore (657)
[2022.04.06-07.40.55:245][ 21]LogModuleManager: Shutting down and abandoning module AIModule (654)
[2022.04.06-07.40.55:245][ 21]LogModuleManager: Shutting down and abandoning module GameplayDebugger (653)
[2022.04.06-07.40.55:245][ 21]LogModuleManager: Shutting down and abandoning module AITestSuite (651)
[2022.04.06-07.40.55:245][ 21]LogModuleManager: Shutting down and abandoning module NavigationSystem (649)
[2022.04.06-07.40.55:245][ 21]LogModuleManager: Shutting down and abandoning module ImageWriteQueue (646)
[2022.04.06-07.40.55:250][ 21]LogModuleManager: Shutting down and abandoning module ProfilerService (644)
[2022.04.06-07.40.55:490][ 21]LogModuleManager: Shutting down and abandoning module TaskGraph (642)
[2022.04.06-07.40.55:490][ 21]LogModuleManager: Shutting down and abandoning module AudioSynesthesiaEditor (640)
[2022.04.06-07.40.55:490][ 21]LogModuleManager: Shutting down and abandoning module OculusEditor (638)
[2022.04.06-07.40.55:490][ 21]LogModuleManager: Shutting down and abandoning module OculusInput (636)
[2022.04.06-07.40.55:490][ 21]LogModuleManager: Shutting down and abandoning module ContentBrowserFileDataSource (634)
[2022.04.06-07.40.55:490][ 21]LogModuleManager: Shutting down and abandoning module ContentBrowserClassDataSource (632)
[2022.04.06-07.40.55:490][ 21]LogModuleManager: Shutting down and abandoning module ContentBrowserAssetDataSource (630)
[2022.04.06-07.40.55:490][ 21]LogModuleManager: Shutting down and abandoning module CollectionManager (629)
[2022.04.06-07.40.55:490][ 21]LogModuleManager: Shutting down and abandoning module OodleNetworkHandlerComponent (626)
[2022.04.06-07.40.55:490][ 21]LogModuleManager: Shutting down and abandoning module VariantManager (624)
[2022.04.06-07.40.55:494][ 21]LogModuleManager: Shutting down and abandoning module VariantManagerContentEditor (623)
[2022.04.06-07.40.55:494][ 21]LogModuleManager: Shutting down and abandoning module StaticMeshEditorExtension (620)
[2022.04.06-07.40.55:494][ 21]LogModuleManager: Shutting down and abandoning module StaticMeshEditor (619)
[2022.04.06-07.40.55:495][ 21]LogModuleManager: Shutting down and abandoning module AdvancedPreviewScene (618)
[2022.04.06-07.40.55:495][ 21]LogModuleManager: Shutting down and abandoning module MeshProcessingLibrary (615)
[2022.04.06-07.40.55:496][ 21]LogModuleManager: Shutting down and abandoning module DirectLinkTest (612)
[2022.04.06-07.40.55:496][ 21]LogModuleManager: Shutting down and abandoning module DatasmithNativeTranslator (610)
[2022.04.06-07.40.55:496][ 21]LogModuleManager: Shutting down and abandoning module DatasmithTranslator (608)
[2022.04.06-07.40.55:496][ 21]LogModuleManager: Shutting down and abandoning module DatasmithImporter (606)
[2022.04.06-07.40.55:496][ 21]LogModuleManager: Shutting down and abandoning module DatasmithContentEditor (604)
[2022.04.06-07.40.55:496][ 21]LogModuleManager: Shutting down and abandoning module DataprepEditorScriptingUtilities (602)
[2022.04.06-07.40.55:496][ 21]LogModuleManager: Shutting down and abandoning module DataprepLibraries (600)
[2022.04.06-07.40.55:496][ 21]LogModuleManager: Shutting down and abandoning module DataprepCore (598)
[2022.04.06-07.40.55:496][ 21]LogModuleManager: Shutting down and abandoning module DataprepEditor (596)
[2022.04.06-07.40.55:496][ 21]LogModuleManager: Shutting down and abandoning module TakeSequencer (594)
[2022.04.06-07.40.55:496][ 21]LogModuleManager: Shutting down and abandoning module TakeMovieScene (592)
[2022.04.06-07.40.55:496][ 21]LogModuleManager: Shutting down and abandoning module SynthesisEditor (590)
[2022.04.06-07.40.55:496][ 21]LogModuleManager: Shutting down and abandoning module Synthesis (588)
[2022.04.06-07.40.55:496][ 21]LogModuleManager: Shutting down and abandoning module ResonanceAudio (586)
[2022.04.06-07.40.55:496][ 21]LogModuleManager: Shutting down and abandoning module ScreenshotTools (584)
[2022.04.06-07.40.55:496][ 21]LogModuleManager: Shutting down and abandoning module ProceduralMeshComponentEditor (582)
[2022.04.06-07.40.55:496][ 21]LogModuleManager: Shutting down and abandoning module ProceduralMeshComponent (580)
[2022.04.06-07.40.55:496][ 21]LogModuleManager: Shutting down and abandoning module OpenXREditor (578)
[2022.04.06-07.40.55:496][ 21]LogModuleManager: Shutting down and abandoning module MobilePatchingUtils (576)
[2022.04.06-07.40.55:496][ 21]LogModuleManager: Shutting down and abandoning module GooglePAD (574)
[2022.04.06-07.40.55:496][ 21]LogModuleManager: Shutting down and abandoning module EditableMesh (572)
[2022.04.06-07.40.55:496][ 21]LogModuleManager: Shutting down and abandoning module CustomMeshComponent (570)
[2022.04.06-07.40.55:496][ 21]LogModuleManager: Shutting down and abandoning module CableComponent (568)
[2022.04.06-07.40.55:496][ 21]LogModuleManager: Shutting down and abandoning module AudioCapture (566)
[2022.04.06-07.40.55:496][ 21]LogModuleManager: Shutting down and abandoning module AudioCaptureRtAudio (565)
[2022.04.06-07.40.55:496][ 21]LogModuleManager: Shutting down and abandoning module AssetTags (562)
[2022.04.06-07.40.55:496][ 21]LogModuleManager: Shutting down and abandoning module ArchVisCharacter (560)
[2022.04.06-07.40.55:496][ 21]LogModuleManager: Shutting down and abandoning module AppleImageUtilsBlueprintSupport (558)
[2022.04.06-07.40.55:496][ 21]LogModuleManager: Shutting down and abandoning module AppleImageUtils (556)
[2022.04.06-07.40.55:496][ 21]LogModuleManager: Shutting down and abandoning module AndroidPermission (554)
[2022.04.06-07.40.55:496][ 21]LogModuleManager: Shutting down and abandoning module ActorLayerUtilitiesEditor (552)
[2022.04.06-07.40.55:496][ 21]LogModuleManager: Shutting down and abandoning module ActorLayerUtilities (550)
[2022.04.06-07.40.55:496][ 21]LogModuleManager: Shutting down and abandoning module TemplateSequence (548)
[2022.04.06-07.40.55:496][ 21]LogModuleManager: Shutting down and abandoning module MagicLeapSharedWorld (546)
[2022.04.06-07.40.55:496][ 21]LogModuleManager: Shutting down and abandoning module MagicLeapLightEstimation (544)
[2022.04.06-07.40.55:496][ 21]LogModuleManager: Shutting down and abandoning module MagicLeapHelperVulkan (542)
[2022.04.06-07.40.55:496][ 21]LogModuleManager: Shutting down and abandoning module MagicLeapHelperOpenGL (540)
[2022.04.06-07.40.55:496][ 21]LogModuleManager: Shutting down and abandoning module MagicLeapAudio (538)
[2022.04.06-07.40.55:496][ 21]LogModuleManager: Shutting down and abandoning module MediaCompositing (536)
[2022.04.06-07.40.55:496][ 21]LogModuleManager: Shutting down and abandoning module ImgMedia (534)
[2022.04.06-07.40.55:496][ 21]LogModuleManager: Shutting down and abandoning module NiagaraEditorWidgets (532)
[2022.04.06-07.40.55:497][ 21]LogModuleManager: Shutting down and abandoning module MotoSynthEditor (530)
[2022.04.06-07.40.55:497][ 21]LogModuleManager: Shutting down and abandoning module MotoSynth (528)
[2022.04.06-07.40.55:497][ 21]LogModuleManager: Shutting down and abandoning module OpenImageDenoise (526)
[2022.04.06-07.40.55:497][ 21]LogOpenImageDenoise: OIDN shutting down
[2022.04.06-07.40.55:497][ 21]LogModuleManager: Shutting down and abandoning module SpeedTreeImporter (524)
[2022.04.06-07.40.55:497][ 21]LogModuleManager: Shutting down and abandoning module PluginBrowser (522)
[2022.04.06-07.40.55:497][ 21]LogModuleManager: Shutting down and abandoning module MobileLauncherProfileWizard (520)
[2022.04.06-07.40.55:497][ 21]LogModuleManager: Shutting down and abandoning module PolygonModeling (518)
[2022.04.06-07.40.55:497][ 21]LogModuleManager: Shutting down and abandoning module MeshEditor (516)
[2022.04.06-07.40.55:497][ 21]LogModuleManager: Shutting down and abandoning module MaterialAnalyzer (514)
[2022.04.06-07.40.55:497][ 21]LogModuleManager: Shutting down and abandoning module VisualStudioSourceCodeAccess (512)
[2022.04.06-07.40.55:497][ 21]LogModuleManager: Shutting down and abandoning module VisualStudioCodeSourceCodeAccess (510)
[2022.04.06-07.40.55:497][ 21]LogModuleManager: Shutting down and abandoning module EditorScriptingUtilities (508)
[2022.04.06-07.40.55:497][ 21]LogModuleManager: Shutting down and abandoning module CurveEditorTools (506)
[2022.04.06-07.40.55:497][ 21]LogModuleManager: Shutting down and abandoning module CryptoKeysOpenSSL (504)
[2022.04.06-07.40.55:497][ 21]LogModuleManager: Shutting down and abandoning module CryptoKeys (502)
[2022.04.06-07.40.55:497][ 21]LogModuleManager: Shutting down and abandoning module MeshConversion (500)
[2022.04.06-07.40.55:497][ 21]LogModuleManager: Shutting down and abandoning module DynamicMesh (498)
[2022.04.06-07.40.55:497][ 21]LogModuleManager: Shutting down and abandoning module GeometryAlgorithms (496)
[2022.04.06-07.40.55:497][ 21]LogModuleManager: Shutting down and abandoning module GeometricObjects (494)
[2022.04.06-07.40.55:497][ 21]LogModuleManager: Shutting down and abandoning module GeometryCollectionTracks (492)
[2022.04.06-07.40.55:497][ 21]LogModuleManager: Shutting down and abandoning module GeometryCollectionSequencer (491)
[2022.04.06-07.40.55:497][ 21]LogModuleManager: Shutting down and abandoning module GeometryCollectionEditor (488)
[2022.04.06-07.40.55:497][ 21]LogModuleManager: Shutting down and abandoning module GitSourceControl (486)
[2022.04.06-07.40.55:497][ 21]LogModuleManager: Shutting down and abandoning module GeometryCacheTracks (484)
[2022.04.06-07.40.55:497][ 21]LogModuleManager: Shutting down and abandoning module GeometryCacheStreamer (482)
[2022.04.06-07.40.55:497][ 21]LogModuleManager: Shutting down and abandoning module GeometryCacheSequencer (480)
[2022.04.06-07.40.55:497][ 21]LogModuleManager: Shutting down and abandoning module ChaosSolverEditor (478)
[2022.04.06-07.40.55:497][ 21]LogModuleManager: Shutting down and abandoning module ChaosNiagara (476)
[2022.04.06-07.40.55:497][ 21]LogModuleManager: Shutting down and abandoning module ChaosClothEditor (474)
[2022.04.06-07.40.55:497][ 21]LogModuleManager: Shutting down and abandoning module FractureEditor (472)
[2022.04.06-07.40.55:497][ 21]LogModuleManager: Shutting down and abandoning module BlastCore (470)
[2022.04.06-07.40.55:497][ 21]LogModuleManager: Shutting down and abandoning module BlastAuthoring (468)
[2022.04.06-07.40.55:497][ 21]LogModuleManager: Shutting down and abandoning module FieldSystemEngine (467)
[2022.04.06-07.40.55:497][ 21]LogModuleManager: Shutting down and abandoning module BackChannel (464)
[2022.04.06-07.40.55:497][ 21]LogModuleManager: Shutting down and abandoning module AutomationUtilsEditor (462)
[2022.04.06-07.40.55:497][ 21]LogModuleManager: Shutting down and abandoning module AutomationUtils (460)
[2022.04.06-07.40.55:497][ 21]LogModuleManager: Shutting down and abandoning module AlembicImporter (458)
[2022.04.06-07.40.55:497][ 21]LogModuleManager: Shutting down and abandoning module AlembicLibrary (457)
[2022.04.06-07.40.55:497][ 21]LogModuleManager: Shutting down and abandoning module GeometryCache (456)
[2022.04.06-07.40.55:497][ 21]LogModuleManager: Shutting down and abandoning module GeometryCacheEd (455)
[2022.04.06-07.40.55:497][ 21]LogModuleManager: Shutting down and abandoning module PlasticSourceControl (450)
[2022.04.06-07.40.55:497][ 21]LogModuleManager: Shutting down and abandoning module UObjectPlugin (448)
[2022.04.06-07.40.55:497][ 21]LogModuleManager: Shutting down and abandoning module RiderSourceCodeAccess (446)
[2022.04.06-07.40.55:497][ 21]LogModuleManager: Shutting down and abandoning module SubversionSourceControl (444)
[2022.04.06-07.40.55:497][ 21]LogModuleManager: Shutting down and abandoning module PluginUtils (442)
[2022.04.06-07.40.55:497][ 21]LogModuleManager: Shutting down and abandoning module PerforceSourceControl (440)
[2022.04.06-07.40.55:497][ 21]LogModuleManager: Shutting down and abandoning module SourceControl (439)
[2022.04.06-07.40.55:497][ 21]LogModuleManager: Shutting down and abandoning module CLionSourceCodeAccess (436)
[2022.04.06-07.40.55:497][ 21]LogModuleManager: Shutting down and abandoning module AnimationSharingEd (434)
[2022.04.06-07.40.55:497][ 21]LogModuleManager: Shutting down and abandoning module LightPropagationVolumeEditor (432)
[2022.04.06-07.40.55:497][ 21]LogModuleManager: Shutting down and abandoning module LiveLinkSequencer (430)
[2022.04.06-07.40.55:497][ 21]LogModuleManager: Shutting down and abandoning module LiveLinkMovieScene (428)
[2022.04.06-07.40.55:497][ 21]LogModuleManager: Shutting down and abandoning module LiveLinkGraphNode (426)
[2022.04.06-07.40.55:497][ 21]LogModuleManager: Shutting down and abandoning module LiveLinkEditor (424)
[2022.04.06-07.40.55:497][ 21]LogModuleManager: Shutting down and abandoning module LiveLinkComponents (422)
[2022.04.06-07.40.55:497][ 21]LogModuleManager: Shutting down and abandoning module LiveLink (420)
[2022.04.06-07.40.56:365][ 21]LogModuleManager: Shutting down and abandoning module PaperTiledImporter (418)
[2022.04.06-07.40.56:365][ 21]LogModuleManager: Shutting down and abandoning module PaperSpriteSheetImporter (416)
[2022.04.06-07.40.56:365][ 21]LogModuleManager: Shutting down and abandoning module Paper2DEditor (414)
[2022.04.06-07.40.56:365][ 21]LogModuleManager: Shutting down and abandoning module MeshPaintingToolset (412)
[2022.04.06-07.40.56:365][ 21]LogModuleManager: Shutting down and abandoning module MeshPaintEditorMode (410)
[2022.04.06-07.40.56:365][ 21]LogModuleManager: Shutting down and abandoning module P8_VR_Home (408)
[2022.04.06-07.40.56:365][ 21]LogModuleManager: Shutting down and abandoning module GameplayCameras (406)
[2022.04.06-07.40.56:365][ 21]LogModuleManager: Shutting down and abandoning module SoundFields (404)
[2022.04.06-07.40.56:365][ 21]LogModuleManager: Shutting down and abandoning module SignificanceManager (402)
[2022.04.06-07.40.56:365][ 21]LogModuleManager: Shutting down and abandoning module RuntimePhysXCooking (400)
[2022.04.06-07.40.56:365][ 21]LogModuleManager: Shutting down and abandoning module PropertyAccessEditor (398)
[2022.04.06-07.40.56:365][ 21]LogModuleManager: Shutting down and abandoning module PhysXVehiclesEditor (396)
[2022.04.06-07.40.56:365][ 21]LogModuleManager: Shutting down and abandoning module LocationServicesBPLibrary (392)
[2022.04.06-07.40.56:365][ 21]LogModuleManager: Shutting down and abandoning module AudioSynesthesia (390)
[2022.04.06-07.40.56:365][ 21]LogModuleManager: Shutting down and abandoning module AudioSynesthesiaCore (388)
[2022.04.06-07.40.56:365][ 21]LogModuleManager: Shutting down and abandoning module UdpMessaging (386)
[2022.04.06-07.40.56:466][ 21]LogModuleManager: Shutting down and abandoning module ActorSequence (384)
[2022.04.06-07.40.56:466][ 21]LogModuleManager: Shutting down and abandoning module TcpMessaging (382)
[2022.04.06-07.40.56:567][ 21]LogModuleManager: Shutting down and abandoning module MagicLeapARPin (380)
[2022.04.06-07.40.56:567][ 21]LogModuleManager: Shutting down and abandoning module MagicLeapHandMeshing (378)
[2022.04.06-07.40.56:567][ 21]LogModuleManager: Shutting down and abandoning module MagicLeapSecureStorage (376)
[2022.04.06-07.40.56:567][ 21]LogModuleManager: Shutting down and abandoning module MagicLeapPrivileges (374)
[2022.04.06-07.40.56:567][ 21]LogModuleManager: Shutting down and abandoning module MagicLeapPlanes (372)
[2022.04.06-07.40.56:567][ 21]LogMagicLeapPlanes: Planes tracker already destroyed.
[2022.04.06-07.40.56:567][ 21]LogModuleManager: Shutting down and abandoning module MagicLeapImageTracker (370)
[2022.04.06-07.40.56:567][ 21]LogModuleManager: Shutting down and abandoning module MagicLeapIdentity (368)
[2022.04.06-07.40.56:567][ 21]LogModuleManager: Shutting down and abandoning module MagicLeapHandTracking (366)
[2022.04.06-07.40.56:567][ 21]LogModuleManager: Shutting down and abandoning module MagicLeapEyeTracker (364)
[2022.04.06-07.40.56:567][ 21]LogModuleManager: Shutting down and abandoning module MagicLeapController (362)
[2022.04.06-07.40.56:567][ 21]LogModuleManager: Shutting down and abandoning module MagicLeapARPinImpl (360)
[2022.04.06-07.40.56:567][ 21]LogModuleManager: Shutting down and abandoning module MagicLeapAR (358)
[2022.04.06-07.40.56:567][ 21]LogModuleManager: Shutting down and abandoning module ImgMediaEngine (356)
[2022.04.06-07.40.56:567][ 21]LogModuleManager: Shutting down and abandoning module NiagaraAnimNotifies (354)
[2022.04.06-07.40.56:567][ 21]LogModuleManager: Shutting down and abandoning module Niagara (352)
[2022.04.06-07.40.56:567][ 21]LogModuleManager: Shutting down and abandoning module SignalProcessing (351)
[2022.04.06-07.40.56:567][ 21]LogModuleManager: Shutting down and abandoning module NiagaraEditor (349)
[2022.04.06-07.40.56:567][ 21]LogModuleManager: Shutting down and abandoning module NiagaraCore (346)
[2022.04.06-07.40.56:567][ 21]LogModuleManager: Shutting down and abandoning module PythonScriptPlugin (344)
[2022.04.06-07.40.56:567][ 21]LogModuleManager: Shutting down and abandoning module GameplayTagsEditor (342)
[2022.04.06-07.40.56:567][ 21]LogModuleManager: Shutting down and abandoning module FacialAnimationEditor (340)
[2022.04.06-07.40.56:567][ 21]LogModuleManager: Shutting down and abandoning module FacialAnimation (338)
[2022.04.06-07.40.56:567][ 21]LogModuleManager: Shutting down and abandoning module DataValidation (336)
[2022.04.06-07.40.56:567][ 21]LogModuleManager: Shutting down and abandoning module AssetManagerEditor (334)
[2022.04.06-07.40.56:568][ 21]LogModuleManager: Shutting down and abandoning module LevelEditor (333)
[2022.04.06-07.40.56:569][ 21]LogModuleManager: Shutting down and abandoning module PixelInspectorModule (332)
[2022.04.06-07.40.56:569][ 21]LogModuleManager: Shutting down and abandoning module CommonMenuExtensions (330)
[2022.04.06-07.40.56:569][ 21]LogModuleManager: Shutting down and abandoning module MainFrame (328)
[2022.04.06-07.40.56:569][ 21]LogModuleManager: Shutting down and abandoning module HotReload (327)
[2022.04.06-07.40.56:569][ 21]LogModuleManager: Shutting down and abandoning module ToolMenus (323)
[2022.04.06-07.40.56:569][ 21]LogModuleManager: Shutting down and abandoning module ContentBrowser (321)
[2022.04.06-07.40.56:569][ 21]LogModuleManager: Shutting down and abandoning module ContentBrowserData (320)
[2022.04.06-07.40.56:569][ 21]LogModuleManager: Shutting down and abandoning module TreeMap (317)
[2022.04.06-07.40.56:569][ 21]LogModuleManager: Shutting down and abandoning module PropertyAccessNode (314)
[2022.04.06-07.40.56:569][ 21]LogModuleManager: Shutting down and abandoning module AnimationSharing (312)
[2022.04.06-07.40.56:569][ 21]LogModuleManager: Shutting down and abandoning module LightPropagationVolumeRuntime (310)
[2022.04.06-07.40.56:569][ 21]LogModuleManager: Shutting down and abandoning module EnvironmentQueryEditor (308)
[2022.04.06-07.40.56:569][ 21]LogModuleManager: Shutting down and abandoning module Paper2D (306)
[2022.04.06-07.40.56:569][ 21]LogModuleManager: Shutting down and abandoning module WindowsMoviePlayer (304)
[2022.04.06-07.40.56:570][ 21]LogModuleManager: Shutting down and abandoning module WebMMoviePlayer (302)
[2022.04.06-07.40.56:570][ 21]LogModuleManager: Shutting down and abandoning module NetworkReplayStreaming (300)
[2022.04.06-07.40.56:570][ 21]LogModuleManager: Shutting down and abandoning module PacketHandler (298)
[2022.04.06-07.40.56:570][ 21]LogModuleManager: Shutting down and abandoning module ClothingSystemEditor (296)
[2022.04.06-07.40.56:570][ 21]LogModuleManager: Shutting down and abandoning module ClothingSystemRuntimeNv (294)
[2022.04.06-07.40.56:570][ 21]LogModuleManager: Shutting down and abandoning module MediaAssets (292)
[2022.04.06-07.40.56:570][ 21]LogModuleManager: Shutting down and abandoning module Overlay (290)
[2022.04.06-07.40.56:570][ 21]LogModuleManager: Shutting down and abandoning module OverlayEditor (289)
[2022.04.06-07.40.56:570][ 21]LogModuleManager: Shutting down and abandoning module VREditor (286)
[2022.04.06-07.40.56:570][ 21]LogModuleManager: Shutting down and abandoning module StringTableEditor (284)
[2022.04.06-07.40.56:570][ 21]LogModuleManager: Shutting down and abandoning module GameplayTasksEditor (282)
[2022.04.06-07.40.56:570][ 21]LogModuleManager: Shutting down and abandoning module BehaviorTreeEditor (280)
[2022.04.06-07.40.56:570][ 21]LogModuleManager: Shutting down and abandoning module FunctionalTesting (278)
[2022.04.06-07.40.56:570][ 21]LogModuleManager: Shutting down and abandoning module CollisionAnalyzer (276)
[2022.04.06-07.40.56:570][ 21]LogModuleManager: Shutting down and abandoning module WorkspaceMenuStructure (275)
[2022.04.06-07.40.56:570][ 21]LogModuleManager: Shutting down and abandoning module UMG (272)
[2022.04.06-07.40.56:570][ 21]LogModuleManager: Shutting down and abandoning module UMGEditor (271)
[2022.04.06-07.40.56:570][ 21]LogModuleManager: Shutting down and abandoning module MessageLog (269)
[2022.04.06-07.40.56:570][ 21]LogModuleManager: Shutting down and abandoning module SlateReflector (264)
[2022.04.06-07.40.56:570][ 21]LogModuleManager: Shutting down and abandoning module Slate (262)
[2022.04.06-07.40.56:570][ 21]LogModuleManager: Shutting down and abandoning module SlateCore (260)
[2022.04.06-07.40.56:571][ 21]LogModuleManager: Shutting down and abandoning module LandscapeEditorUtilities (258)
[2022.04.06-07.40.56:571][ 21]LogModuleManager: Shutting down and abandoning module UnrealEd (256)
[2022.04.06-07.40.56:571][ 21]LogModuleManager: Shutting down and abandoning module MRMesh (254)
[2022.04.06-07.40.56:571][ 21]LogModuleManager: Shutting down and abandoning module SourceCodeAccess (252)
[2022.04.06-07.40.56:571][ 21]LogModuleManager: Shutting down and abandoning module HeadMountedDisplay (250)
[2022.04.06-07.40.56:571][ 21]LogModuleManager: Shutting down and abandoning module XAudio2 (248)
[2022.04.06-07.40.56:571][ 21]LogModuleManager: Shutting down and abandoning module Networking (246)
[2022.04.06-07.40.56:571][ 21]LogModuleManager: Shutting down and abandoning module Core (244)
[2022.04.06-07.40.56:571][ 21]LogModuleManager: Shutting down and abandoning module MaterialEditor (242)
[2022.04.06-07.40.56:571][ 21]LogModuleManager: Shutting down and abandoning module MovieSceneTools (240)
[2022.04.06-07.40.56:571][ 21]LogModuleManager: Shutting down and abandoning module CurveEditor (239)
[2022.04.06-07.40.56:571][ 21]LogModuleManager: Shutting down and abandoning module Sequencer (237)
[2022.04.06-07.40.56:571][ 21]LogModuleManager: Shutting down and abandoning module EditorStyle (236)
[2022.04.06-07.40.56:572][ 21]LogModuleManager: Shutting down and abandoning module KismetCompiler (232)
[2022.04.06-07.40.56:572][ 21]LogModuleManager: Shutting down and abandoning module MeshBuilder (230)
[2022.04.06-07.40.56:572][ 21]LogModuleManager: Shutting down and abandoning module MeshUtilities (228)
[2022.04.06-07.40.56:572][ 21]LogModuleManager: Shutting down and abandoning module MeshMergeUtilities (227)
[2022.04.06-07.40.56:572][ 21]LogModuleManager: Shutting down and abandoning module MeshReductionInterface (226)
[2022.04.06-07.40.56:572][ 21]LogModuleManager: Shutting down and abandoning module MeshBoneReduction (225)
[2022.04.06-07.40.56:572][ 21]LogModuleManager: Shutting down and abandoning module SkeletalMeshReduction (223)
[2022.04.06-07.40.56:572][ 21]LogModuleManager: Shutting down and abandoning module ProxyLODMeshReduction (221)
[2022.04.06-07.40.56:572][ 21]LogModuleManager: Shutting down and abandoning module QuadricMeshReduction (219)
[2022.04.06-07.40.56:572][ 21]LogModuleManager: Shutting down and abandoning module MaterialBaking (215)
[2022.04.06-07.40.56:572][ 21]LogModuleManager: Shutting down and abandoning module NullInstallBundleManager (210)
[2022.04.06-07.40.56:572][ 21]LogModuleManager: Shutting down and abandoning module DerivedDataCache (208)
[2022.04.06-07.40.56:572][ 21]LogModuleManager: Shutting down and abandoning module TargetPlatform (206)
[2022.04.06-07.40.56:572][ 21]LogModuleManager: Shutting down and abandoning module VulkanShaderFormat (205)
[2022.04.06-07.40.56:572][ 21]LogModuleManager: Shutting down and abandoning module ShaderFormatVectorVM (203)
[2022.04.06-07.40.56:572][ 21]LogModuleManager: Shutting down and abandoning module ShaderFormatOpenGL (201)
[2022.04.06-07.40.56:572][ 21]LogModuleManager: Shutting down and abandoning module ShaderFormatD3D (199)
[2022.04.06-07.40.56:572][ 21]LogModuleManager: Shutting down and abandoning module MetalShaderFormat (197)
[2022.04.06-07.40.56:572][ 21]LogModuleManager: Shutting down and abandoning module TextureFormatOodle (195)
[2022.04.06-07.40.56:572][ 21]LogModuleManager: Shutting down and abandoning module TextureFormatUncompressed (193)
[2022.04.06-07.40.56:572][ 21]LogModuleManager: Shutting down and abandoning module TextureFormatPVR (191)
[2022.04.06-07.40.56:572][ 21]LogModuleManager: Shutting down and abandoning module TextureFormatETC2 (189)
[2022.04.06-07.40.56:572][ 21]LogModuleManager: Shutting down and abandoning module TextureFormatDXT (187)
[2022.04.06-07.40.56:572][ 21]LogModuleManager: Shutting down and abandoning module TextureFormatIntelISPCTexComp (185)
[2022.04.06-07.40.56:572][ 21]LogModuleManager: Shutting down and abandoning module TextureFormatASTC (183)
[2022.04.06-07.40.56:572][ 21]LogModuleManager: Shutting down and abandoning module ImageWrapper (182)
[2022.04.06-07.40.56:572][ 21]LogModuleManager: Shutting down and abandoning module AudioFormatOpus (179)
[2022.04.06-07.40.56:572][ 21]LogModuleManager: Shutting down and abandoning module AudioFormatOgg (177)
[2022.04.06-07.40.56:572][ 21]LogModuleManager: Shutting down and abandoning module AudioFormatADPCM (175)
[2022.04.06-07.40.56:572][ 21]LogModuleManager: Shutting down and abandoning module WindowsServerTargetPlatform (173)
[2022.04.06-07.40.56:572][ 21]LogModuleManager: Shutting down and abandoning module WindowsClientTargetPlatform (171)
[2022.04.06-07.40.56:572][ 21]LogModuleManager: Shutting down and abandoning module WindowsTargetPlatform (169)
[2022.04.06-07.40.56:572][ 21]LogModuleManager: Shutting down and abandoning module WindowsNoEditorTargetPlatform (167)
[2022.04.06-07.40.56:572][ 21]LogModuleManager: Shutting down and abandoning module TVOSTargetPlatform (165)
[2022.04.06-07.40.56:573][ 21]LogModuleManager: Shutting down and abandoning module MacServerTargetPlatform (163)
[2022.04.06-07.40.56:573][ 21]LogModuleManager: Shutting down and abandoning module MacClientTargetPlatform (161)
[2022.04.06-07.40.56:573][ 21]LogModuleManager: Shutting down and abandoning module MacTargetPlatform (159)
[2022.04.06-07.40.56:573][ 21]LogModuleManager: Shutting down and abandoning module MacNoEditorTargetPlatform (157)
[2022.04.06-07.40.56:573][ 21]LogModuleManager: Shutting down and abandoning module LuminTargetPlatform (155)
[2022.04.06-07.40.56:573][ 21]LogModuleManager: Shutting down and abandoning module LinuxAArch64ServerTargetPlatform (153)
[2022.04.06-07.40.56:573][ 21]LogModuleManager: Shutting down and abandoning module LinuxAArch64ClientTargetPlatform (151)
[2022.04.06-07.40.56:573][ 21]LogModuleManager: Shutting down and abandoning module LinuxAArch64NoEditorTargetPlatform (149)
[2022.04.06-07.40.56:573][ 21]LogModuleManager: Shutting down and abandoning module LinuxServerTargetPlatform (147)
[2022.04.06-07.40.56:573][ 21]LogModuleManager: Shutting down and abandoning module LinuxClientTargetPlatform (145)
[2022.04.06-07.40.56:573][ 21]LogModuleManager: Shutting down and abandoning module LinuxNoEditorTargetPlatform (143)
[2022.04.06-07.40.56:573][ 21]LogModuleManager: Shutting down and abandoning module LinuxTargetPlatform (141)
[2022.04.06-07.40.56:573][ 21]LogModuleManager: Shutting down and abandoning module Messaging (139)
[2022.04.06-07.40.56:573][ 21]LogModuleManager: Shutting down and abandoning module IOSTargetPlatform (137)
[2022.04.06-07.40.56:574][ 21]LogModuleManager: Shutting down and abandoning module AndroidTargetPlatform (135)
[2022.04.06-07.40.56:576][ 21]LogModuleManager: Shutting down and abandoning module AllDesktopTargetPlatform (133)
[2022.04.06-07.40.56:576][ 21]LogModuleManager: Shutting down and abandoning module D3D11RHI (130)
[2022.04.06-07.40.56:576][ 21]LogModuleManager: Shutting down and abandoning module InputCore (128)
[2022.04.06-07.40.56:576][ 21]LogModuleManager: Shutting down and abandoning module Settings (126)
[2022.04.06-07.40.56:576][ 21]LogModuleManager: Shutting down and abandoning module DirectoryWatcher (124)
[2022.04.06-07.40.56:576][ 21]LogModuleManager: Shutting down and abandoning module PhysXCooking (122)
[2022.04.06-07.40.56:576][ 21]LogModuleManager: Shutting down and abandoning module Chaos (120)
[2022.04.06-07.40.56:576][ 21]LogModuleManager: Shutting down and abandoning module WindowsPlatformFeatures (118)
[2022.04.06-07.40.56:576][ 21]LogModuleManager: Shutting down and abandoning module GameplayMediaEncoder (117)
[2022.04.06-07.40.56:576][ 21]LogModuleManager: Shutting down and abandoning module AVEncoder (116)
[2022.04.06-07.40.56:576][ 21]LogModuleManager: Shutting down and abandoning module OculusHMD (112)
[2022.04.06-07.40.56:576][ 21]LogModuleManager: Shutting down and abandoning module OculusOpenXRHMD (110)
[2022.04.06-07.40.56:576][ 21]LogModuleManager: Shutting down and abandoning module VariantManagerContent (108)
[2022.04.06-07.40.56:576][ 21]LogModuleManager: Shutting down and abandoning module DatasmithContent (106)
[2022.04.06-07.40.56:577][ 21]LogModuleManager: Shutting down and abandoning module OpenXRAR (104)
[2022.04.06-07.40.56:577][ 21]LogModuleManager: Shutting down and abandoning module AugmentedReality (103)
[2022.04.06-07.40.56:577][ 21]LogModuleManager: Shutting down and abandoning module OpenXRHandTracking (100)
[2022.04.06-07.40.56:577][ 21]LogSlate: Slate User Destroyed.  User Index 0, Is Virtual User: 0
[2022.04.06-07.40.56:577][ 21]LogModuleManager: Shutting down and abandoning module OpenXRHMD (99)
[2022.04.06-07.40.56:579][ 21]LogModuleManager: Shutting down and abandoning module OpenXREyeTracker (96)
[2022.04.06-07.40.56:579][ 21]LogModuleManager: Shutting down and abandoning module ExampleDeviceProfileSelector (94)
[2022.04.06-07.40.56:579][ 21]LogModuleManager: Shutting down and abandoning module LauncherChunkInstaller (92)
[2022.04.06-07.40.56:579][ 21]LogModuleManager: Shutting down and abandoning module ChunkDownloader (90)
[2022.04.06-07.40.56:579][ 21]LogModuleManager: Shutting down and abandoning module OnlineBlueprintSupport (88)
[2022.04.06-07.40.56:579][ 21]LogModuleManager: Shutting down and abandoning module OnlineSubsystem (84)
[2022.04.06-07.40.56:580][ 21]LogModuleManager: Shutting down and abandoning module XMPP (79)
[2022.04.06-07.40.56:580][ 21]LogModuleManager: Shutting down and abandoning module WebSockets (78)
[2022.04.06-07.40.56:582][ 21]LogModuleManager: Shutting down and abandoning module HTTP (75)
[2022.04.06-07.40.56:582][ 21]LogHttp: Display: Http module shutting down, but needs to wait on 1 outstanding Http requests:
[2022.04.06-07.40.56:582][ 21]LogHttp: Display: 	verb=[POST] url=[https://datarouter.ol.epicgames.com/datarouter/api/v1/public/data?SessionID=%7B1EBD9554-43B9-5BC6-DDC0-2CAFD56B4A79%7D&AppID=UEEditor.Rocket.Release&AppVersion=4.27.2-18319896%2B%2B%2BUE4%2BRelease-4.27&UserID=f612e1f44212923d8799278296a31a83%7Cdfb2d60c641c4fbc9eea0e112e889e93%7Cf89af9e0-1ff1-47d8-a315-244fa8996bb9&AppEnvironment=datacollector-binary&UploadType=eteventstream] refs=[1] status=Processing
[2022.04.06-07.40.56:582][ 21]LogHttp: Display: cleaning up 1 outstanding Http requests.
[2022.04.06-07.40.56:610][ 21]LogModuleManager: Shutting down and abandoning module SSL (74)
[2022.04.06-07.40.56:611][ 21]LogModuleManager: Shutting down and abandoning module MLSDK (70)
[2022.04.06-07.40.56:611][ 21]LogModuleManager: Shutting down and abandoning module WmfMedia (68)
[2022.04.06-07.40.56:612][ 21]LogModuleManager: Shutting down and abandoning module Media (67)
[2022.04.06-07.40.56:613][ 21]LogModuleManager: Shutting down and abandoning module MediaInfo (66)
[2022.04.06-07.40.56:613][ 21]LogModuleManager: Shutting down and abandoning module MagicLeap (62)
[2022.04.06-07.40.56:613][ 21]LogModuleManager: Shutting down and abandoning module ExrReaderGpu (60)
[2022.04.06-07.40.56:613][ 21]LogModuleManager: Shutting down and abandoning module NiagaraVertexFactories (58)
[2022.04.06-07.40.56:613][ 21]LogModuleManager: Shutting down and abandoning module NiagaraShader (56)
[2022.04.06-07.40.56:613][ 21]LogModuleManager: Shutting down and abandoning module ChaosCloth (54)
[2022.04.06-07.40.56:613][ 21]LogModuleManager: Shutting down and abandoning module PixWinPlugin (52)
[2022.04.06-07.40.56:613][ 21]LogModuleManager: Shutting down and abandoning module AISupportModule (50)
[2022.04.06-07.40.56:613][ 21]LogModuleManager: Shutting down and abandoning module DesktopPlatform (48)
[2022.04.06-07.40.56:613][ 21]LogModuleManager: Shutting down and abandoning module PythonScriptPluginPreload (46)
[2022.04.06-07.40.56:613][ 21]LogModuleManager: Shutting down and abandoning module PlatformCryptoOpenSSL (44)
[2022.04.06-07.40.56:613][ 21]LogModuleManager: Shutting down and abandoning module PlatformCryptoTypes (42)
[2022.04.06-07.40.56:613][ 21]LogModuleManager: Shutting down and abandoning module PlatformCrypto (40)
[2022.04.06-07.40.56:613][ 21]LogModuleManager: Shutting down and abandoning module OodleDataCompressionFormat (38)
[2022.04.06-07.40.56:613][ 21]LogModuleManager: Shutting down and abandoning module XGEController (36)
[2022.04.06-07.40.56:613][ 21]LogModuleManager: Shutting down and abandoning module AnimationModifiers (34)
[2022.04.06-07.40.56:613][ 21]LogModuleManager: Shutting down and abandoning module AudioEditor (32)
[2022.04.06-07.40.56:613][ 21]LogModuleManager: Shutting down and abandoning module PropertyEditor (31)
[2022.04.06-07.40.56:613][ 21]LogModuleManager: Shutting down and abandoning module TextureCompressor (28)
[2022.04.06-07.40.56:613][ 21]LogModuleManager: Shutting down and abandoning module RenderCore (26)
[2022.04.06-07.40.56:613][ 21]LogModuleManager: Shutting down and abandoning module Landscape (24)
[2022.04.06-07.40.56:613][ 21]LogModuleManager: Shutting down and abandoning module SlateRHIRenderer (22)
[2022.04.06-07.40.56:614][ 21]LogModuleManager: Shutting down and abandoning module AnimGraphRuntime (20)
[2022.04.06-07.40.56:614][ 21]LogModuleManager: Shutting down and abandoning module Renderer (18)
[2022.04.06-07.40.56:614][ 21]LogModuleManager: Shutting down and abandoning module Engine (16)
[2022.04.06-07.40.56:614][ 21]LogModuleManager: Shutting down and abandoning module CoreUObject (14)
[2022.04.06-07.40.56:614][ 21]LogModuleManager: Shutting down and abandoning module NetworkFile (12)
[2022.04.06-07.40.56:614][ 21]LogModuleManager: Shutting down and abandoning module CookedIterativeFile (10)
[2022.04.06-07.40.56:614][ 21]LogModuleManager: Shutting down and abandoning module StreamingFile (8)
[2022.04.06-07.40.56:614][ 21]LogModuleManager: Shutting down and abandoning module SandboxFile (6)
[2022.04.06-07.40.56:614][ 21]LogModuleManager: Shutting down and abandoning module PakFile (4)
[2022.04.06-07.40.56:614][ 21]LogModuleManager: Shutting down and abandoning module RSA (3)
[2022.04.06-07.40.56:614][ 21]LogContentStreaming: Display: There are 1 unreleased StreamingManagers
[2022.04.06-07.40.56:634][ 21]LogD3D11RHI: Shutdown
[2022.04.06-07.40.56:634][ 21]LogD3D11RHI: CleanupD3DDevice
[2022.04.06-07.40.56:636][ 21]LogExit: Exiting.
[2022.04.06-07.40.56:646][ 21]Log file closed, 04/06/22 09:40:56
