Log file open, 03/08/22 14:14:59
LogWindows: Failed to load 'aqProf.dll' (GetLastError=126)
LogWindows: File 'aqProf.dll' does not exist
LogWindows: Failed to load 'VtuneApi.dll' (GetLastError=126)
LogWindows: File 'VtuneApi.dll' does not exist
LogWindows: Failed to load 'VtuneApi32e.dll' (GetLastError=126)
LogWindows: File 'VtuneApi32e.dll' does not exist
LogConsoleResponse: Display: Failed to find resolution value strings in scalability ini. Falling back to default.
LogConsoleResponse: Display: Failed to find resolution value strings in scalability ini. Falling back to default.
LogInit: Display: Running engine for game: P8_VR_Home
LogPlatformFile: Not using cached read wrapper
LogTaskGraph: Started task graph with 5 named threads and 23 total threads with 3 sets of task threads.
LogStats: Stats thread started at 0.431606
LogICUInternationalization: ICU TimeZone Detection - Raw Offset: +1:00, Platform Override: ''
LogInit: Display: Loading text-based GConfig....
LogPluginManager: Mounting plugin MeshPainting
LogPluginManager: Mounting plugin XGEController
LogPluginManager: Mounting plugin AISupport
LogPluginManager: Mounting plugin Paper2D
LogPluginManager: Mounting plugin EnvironmentQueryEditor
LogPluginManager: Mounting plugin LiveLink
LogPluginManager: Mounting plugin LightPropagationVolume
LogPluginManager: Mounting plugin CameraShakePreviewer
LogPluginManager: Mounting plugin OodleData
LogPluginManager: Mounting plugin GameplayCameras
LogPluginManager: Mounting plugin OodleNetwork
LogPluginManager: Mounting plugin AssetManagerEditor
LogPluginManager: Mounting plugin CurveEditorTools
LogPluginManager: Mounting plugin CryptoKeys
LogPluginManager: Mounting plugin DataValidation
LogPluginManager: Mounting plugin EditorScriptingUtilities
LogPluginManager: Mounting plugin FacialAnimation
LogPluginManager: Mounting plugin GeometryMode
LogPluginManager: Mounting plugin GameplayTagsEditor
LogPluginManager: Mounting plugin MacGraphicsSwitching
LogPluginManager: Mounting plugin MaterialAnalyzer
LogPluginManager: Mounting plugin MeshEditor
LogPluginManager: Mounting plugin PluginBrowser
LogPluginManager: Mounting plugin MobileLauncherProfileWizard
LogPluginManager: Mounting plugin AnimationSharing
LogPluginManager: Mounting plugin SpeedTreeImporter
LogPluginManager: Mounting plugin CLionSourceCodeAccess
LogPluginManager: Mounting plugin CodeLiteSourceCodeAccess
LogPluginManager: Mounting plugin KDevelopSourceCodeAccess
LogPluginManager: Mounting plugin GitSourceControl
LogPluginManager: Mounting plugin NullSourceCodeAccess
LogPluginManager: Mounting plugin PerforceSourceControl
LogPluginManager: Mounting plugin PixWinPlugin
LogPluginManager: Mounting plugin PlasticSourceControl
LogPluginManager: Mounting plugin DataprepEditor
LogPluginManager: Mounting plugin PluginUtils
LogPluginManager: Mounting plugin PropertyAccessNode
LogPluginManager: Mounting plugin RiderSourceCodeAccess
LogPluginManager: Mounting plugin SubversionSourceControl
LogPluginManager: Mounting plugin TextureFormatOodle
LogPluginManager: Mounting plugin UObjectPlugin
LogPluginManager: Mounting plugin DatasmithContent
LogPluginManager: Mounting plugin VisualStudioCodeSourceCodeAccess
LogPluginManager: Mounting plugin DatasmithImporter
LogPluginManager: Mounting plugin VisualStudioSourceCodeAccess
LogPluginManager: Mounting plugin XCodeSourceCodeAccess
LogPluginManager: Mounting plugin StaticMeshEditorExtension
LogPluginManager: Mounting plugin VariantManager
LogPluginManager: Mounting plugin VariantManagerContent
LogPluginManager: Mounting plugin AlembicImporter
LogPluginManager: Mounting plugin AutomationUtils
LogPluginManager: Mounting plugin BackChannel
LogPluginManager: Mounting plugin BlastPlugin
LogPluginManager: Mounting plugin ChaosCloth
LogPluginManager: Mounting plugin ChaosClothEditor
LogPluginManager: Mounting plugin ChaosEditor
LogPluginManager: Mounting plugin ChaosNiagara
LogPluginManager: Mounting plugin ChaosSolverPlugin
LogPluginManager: Mounting plugin CharacterAI
LogPluginManager: Mounting plugin GeometryCache
LogPluginManager: Mounting plugin GeometryCollectionPlugin
LogPluginManager: Mounting plugin GeometryProcessing
LogPluginManager: Mounting plugin MotoSynth
LogPluginManager: Mounting plugin LuminPlatformFeatures
LogPluginManager: Mounting plugin OpenImageDenoise
LogPluginManager: Mounting plugin MagicLeap
LogPluginManager: Mounting plugin Niagara
LogPluginManager: Mounting plugin MagicLeapLightEstimation
LogPluginManager: Mounting plugin MagicLeapMedia
LogPluginManager: Mounting plugin MagicLeapPassableWorld
LogPluginManager: Mounting plugin PlanarCut
LogPluginManager: Mounting plugin MLSDK
LogPluginManager: Mounting plugin PlatformCrypto
LogPluginManager: Mounting plugin ProxyLODPlugin
LogPluginManager: Mounting plugin PythonScriptPlugin
LogPluginManager: Mounting plugin SkeletalReduction
LogPluginManager: Mounting plugin AndroidMedia
LogPluginManager: Mounting plugin AvfMedia
LogPluginManager: Mounting plugin ImgMedia
LogPluginManager: Mounting plugin MediaCompositing
LogPluginManager: Mounting plugin MediaPlayerEditor
LogPluginManager: Mounting plugin WebMMedia
LogPluginManager: Mounting plugin WmfMedia
LogPluginManager: Mounting plugin ActorSequence
LogPluginManager: Mounting plugin TcpMessaging
LogPluginManager: Mounting plugin UdpMessaging
LogPluginManager: Mounting plugin LevelSequenceEditor
LogPluginManager: Mounting plugin MatineeToLevelSequence
LogPluginManager: Mounting plugin TemplateSequence
LogPluginManager: Mounting plugin OnlineSubsystem
LogPluginManager: Mounting plugin OnlineSubsystemNull
LogPluginManager: Mounting plugin OnlineSubsystemUtils
LogPluginManager: Mounting plugin LauncherChunkInstaller
LogPluginManager: Mounting plugin ActorLayerUtilities
LogPluginManager: Mounting plugin AndroidDeviceProfileSelector
LogPluginManager: Mounting plugin AndroidMoviePlayer
LogPluginManager: Mounting plugin AndroidPermission
LogPluginManager: Mounting plugin AppleImageUtils
LogPluginManager: Mounting plugin AppleMoviePlayer
LogPluginManager: Mounting plugin ArchVisCharacter
LogPluginManager: Mounting plugin AssetTags
LogPluginManager: Mounting plugin AudioCapture
LogPluginManager: Mounting plugin AudioSynesthesia
LogPluginManager: Mounting plugin CableComponent
LogPluginManager: Mounting plugin ChunkDownloader
LogPluginManager: Mounting plugin CustomMeshComponent
LogPluginManager: Mounting plugin EditableMesh
LogPluginManager: Mounting plugin ExampleDeviceProfileSelector
LogPluginManager: Mounting plugin GoogleCloudMessaging
LogPluginManager: Mounting plugin GooglePAD
LogPluginManager: Mounting plugin IOSDeviceProfileSelector
LogPluginManager: Mounting plugin LinuxDeviceProfileSelector
LogPluginManager: Mounting plugin LocationServicesBPLibrary
LogPluginManager: Mounting plugin MobilePatchingUtils
LogPluginManager: Mounting plugin OpenXR
LogPluginManager: Mounting plugin OpenXREyeTracker
LogPluginManager: Mounting plugin ScreenshotTools
LogPluginManager: Mounting plugin OpenXRHandTracking
LogPluginManager: Mounting plugin PhysXVehicles
LogPluginManager: Mounting plugin PostSplashScreen
LogPluginManager: Mounting plugin ProceduralMeshComponent
LogPluginManager: Mounting plugin PropertyAccessEditor
LogPluginManager: Mounting plugin ResonanceAudio
LogPluginManager: Mounting plugin RuntimePhysXCooking
LogPluginManager: Mounting plugin SignificanceManager
LogPluginManager: Mounting plugin SoundFields
LogPluginManager: Mounting plugin Synthesis
LogPluginManager: Mounting plugin WebMMoviePlayer
LogPluginManager: Mounting plugin WindowsMoviePlayer
LogPluginManager: Mounting plugin Takes
LogPluginManager: Mounting plugin ContentBrowserAssetDataSource
LogPluginManager: Mounting plugin ContentBrowserClassDataSource
LogPluginManager: Mounting plugin ContentBrowserFileDataSource
LogPluginManager: Mounting plugin OnlineSubsystemGooglePlay
LogPluginManager: Mounting plugin OnlineSubsystemIOS
LogPluginManager: Mounting plugin OculusOpenXR
LogPluginManager: Mounting plugin OculusVR
PixWinPlugin: PIX capture plugin failed to initialize! Check that the process is launched from PIX.
LogInit: Using libcurl 7.55.1-DEV
LogInit:  - built for x86_64-pc-win32
LogInit:  - supports SSL with OpenSSL/1.1.1
LogInit:  - supports HTTP deflate (compression) using libz 1.2.8
LogInit:  - other features:
LogInit:      CURL_VERSION_SSL
LogInit:      CURL_VERSION_LIBZ
LogInit:      CURL_VERSION_IPV6
LogInit:      CURL_VERSION_ASYNCHDNS
LogInit:      CURL_VERSION_LARGEFILE
LogInit:      CURL_VERSION_IDN
LogInit:  CurlRequestOptions (configurable via config and command line):
LogInit:  - bVerifyPeer = true  - Libcurl will verify peer certificate
LogInit:  - bUseHttpProxy = false  - Libcurl will NOT use HTTP proxy
LogInit:  - bDontReuseConnections = false  - Libcurl will reuse connections
LogInit:  - MaxHostConnections = 16  - Libcurl will limit the number of connections to a host
LogInit:  - LocalHostAddr = Default
LogInit:  - BufferSize = 65536
LogOnline: OSS: Creating online subsystem instance for: NULL
LogInit: WinSock: version 1.1 (2.2), MaxSocks=32767, MaxUdp=65467
LogOnline: OSS: TryLoadSubsystemAndSetDefault: Loaded subsystem for module [NULL]
LogOculusPluginWrapper: OculusPlugin initialized successfully
LogHMD: Failed initializing OVRPlugin 1.59.0
LogInit: Build: ++UE4+Release-4.27-CL-18319896
LogInit: Engine Version: 4.27.2-18319896+++UE4+Release-4.27
LogInit: Compatible Engine Version: 4.27.0-17155196+++UE4+Release-4.27
LogInit: Net CL: 17155196
LogInit: OS: Windows 10 (Release 2009) (), CPU: Intel(R) Core(TM) i7-6700HQ CPU @ 2.60GHz, GPU: NVIDIA GeForce GTX 1070
LogInit: Compiled (64-bit): Nov 30 2021 07:12:08
LogInit: Compiled with Visual C++: 19.24.28315.00
LogInit: Build Configuration: Development
LogInit: Branch Name: ++UE4+Release-4.27
LogInit: Command Line:  -EpicPortal -epicusername=qwe_oscar -epicuserid=32bc89cd799e41ec8c630bba4abf8911 -epiclocale=en -epicsandboxid=ue
LogInit: Base Directory: D:/Program Files/Epic Games/UE_4.27/Engine/Binaries/Win64/
LogInit: Allocator: TBB
LogInit: Installed Engine Build: 1
LogDevObjectVersion: Number of dev versions registered: 29
LogDevObjectVersion:   Dev-Blueprints (B0D832E4-1F89-4F0D-ACCF-7EB736FD4AA2): 10
LogDevObjectVersion:   Dev-Build (E1C64328-A22C-4D53-A36C-8E866417BD8C): 0
LogDevObjectVersion:   Dev-Core (375EC13C-06E4-48FB-B500-84F0262A717E): 4
LogDevObjectVersion:   Dev-Editor (E4B068ED-F494-42E9-A231-DA0B2E46BB41): 40
LogDevObjectVersion:   Dev-Framework (CFFC743F-43B0-4480-9391-14DF171D2073): 37
LogDevObjectVersion:   Dev-Mobile (B02B49B5-BB20-44E9-A304-32B752E40360): 3
LogDevObjectVersion:   Dev-Networking (A4E4105C-59A1-49B5-A7C5-40C4547EDFEE): 0
LogDevObjectVersion:   Dev-Online (39C831C9-5AE6-47DC-9A44-9C173E1C8E7C): 0
LogDevObjectVersion:   Dev-Physics (78F01B33-EBEA-4F98-B9B4-84EACCB95AA2): 14
LogDevObjectVersion:   Dev-Platform (6631380F-2D4D-43E0-8009-CF276956A95A): 0
LogDevObjectVersion:   Dev-Rendering (12F88B9F-8875-4AFC-A67C-D90C383ABD29): 45
LogDevObjectVersion:   Dev-Sequencer (7B5AE74C-D270-4C10-A958-57980B212A5A): 13
LogDevObjectVersion:   Dev-VR (D7296918-1DD6-4BDD-9DE2-64A83CC13884): 3
LogDevObjectVersion:   Dev-LoadTimes (C2A15278-BFE7-4AFE-6C17-90FF531DF755): 1
LogDevObjectVersion:   Private-Geometry (6EACA3D4-40EC-4CC1-B786-8BED09428FC5): 3
LogDevObjectVersion:   Dev-AnimPhys (29E575DD-E0A3-4627-9D10-D276232CDCEA): 17
LogDevObjectVersion:   Dev-Anim (AF43A65D-7FD3-4947-9873-3E8ED9C1BB05): 15
LogDevObjectVersion:   Dev-ReflectionCapture (6B266CEC-1EC7-4B8F-A30B-E4D90942FC07): 1
LogDevObjectVersion:   Dev-Automation (0DF73D61-A23F-47EA-B727-89E90C41499A): 1
LogDevObjectVersion:   FortniteMain (601D1886-AC64-4F84-AA16-D3DE0DEAC7D6): 47
LogDevObjectVersion:   FortniteRelease (E7086368-6B23-4C58-8439-1B7016265E91): 1
LogDevObjectVersion:   Dev-Enterprise (9DFFBCD6-494F-0158-E221-12823C92A888): 10
LogDevObjectVersion:   Dev-Niagara (F2AED0AC-9AFE-416F-8664-AA7FFA26D6FC): 1
LogDevObjectVersion:   Dev-Destruction (174F1F0B-B4C6-45A5-B13F-2EE8D0FB917D): 10
LogDevObjectVersion:   Dev-Physics-Ext (35F94A83-E258-406C-A318-09F59610247C): 41
LogDevObjectVersion:   Dev-PhysicsMaterial-Chaos (B68FC16E-8B1B-42E2-B453-215C058844FE): 1
LogDevObjectVersion:   Dev-CineCamera (B2E18506-4273-CFC2-A54E-F4BB758BBA07): 1
LogDevObjectVersion:   Dev-VirtualProduction (64F58936-FD1B-42BA-BA96-7289D5D0FA4E): 1
LogDevObjectVersion:   Dev-MediaFramework (6F0ED827-A609-4895-9C91-998D90180EA4): 2
LogInit: Presizing for max 25165824 objects, including 0 objects not considered by GC, pre-allocating 0 bytes for permanent pool.
LogConfig: Applying CVar settings from Section [/Script/Engine.StreamingSettings] File [C:/Users/qwe_o/P8ToBeAnnounced/P8_VR_Home/Saved/Config/Windows/Engine.ini]
LogConfig: Setting CVar [[s.MinBulkDataSizeForAsyncLoading:131072]]
LogConfig: Setting CVar [[s.AsyncLoadingThreadEnabled:0]]
LogConfig: Setting CVar [[s.EventDrivenLoaderEnabled:1]]
LogConfig: Setting CVar [[s.WarnIfTimeLimitExceeded:0]]
LogConfig: Setting CVar [[s.TimeLimitExceededMultiplier:1.5]]
LogConfig: Setting CVar [[s.TimeLimitExceededMinTime:0.005]]
LogConfig: Setting CVar [[s.UseBackgroundLevelStreaming:1]]
LogConfig: Setting CVar [[s.PriorityAsyncLoadingExtraTime:15.0]]
LogConfig: Setting CVar [[s.LevelStreamingActorsUpdateTimeLimit:5.0]]
LogConfig: Setting CVar [[s.PriorityLevelStreamingActorsUpdateExtraTime:5.0]]
LogConfig: Setting CVar [[s.LevelStreamingComponentsRegistrationGranularity:10]]
LogConfig: Setting CVar [[s.UnregisterComponentsTimeLimit:1.0]]
LogConfig: Setting CVar [[s.LevelStreamingComponentsUnregistrationGranularity:5]]
LogConfig: Setting CVar [[s.FlushStreamingOnExit:1]]
LogInit: Object subsystem initialized
LogConfig: Setting CVar [[con.DebugEarlyDefault:1]]
LogConfig: Setting CVar [[r.setres:1280x720]]
[2022.03.08-13.15.00:918][  0]LogConfig: Setting CVar [[r.VSync:0]]
[2022.03.08-13.15.00:918][  0]LogConfig: Setting CVar [[r.RHICmdBypass:0]]
[2022.03.08-13.15.00:918][  0]LogConfig: Applying CVar settings from Section [/Script/Engine.RendererSettings] File [C:/Users/qwe_o/P8ToBeAnnounced/P8_VR_Home/Saved/Config/Windows/Engine.ini]
[2022.03.08-13.15.00:918][  0]LogConfig: Setting CVar [[r.GPUCrashDebugging:0]]
[2022.03.08-13.15.00:918][  0]LogConfig: Setting CVar [[r.Mobile.DisableVertexFog:1]]
[2022.03.08-13.15.00:918][  0]LogConfig: Setting CVar [[r.Shadow.CSM.MaxMobileCascades:2]]
[2022.03.08-13.15.00:918][  0]LogConfig: Setting CVar [[r.MobileMSAA:4]]
[2022.03.08-13.15.00:918][  0]LogConfig: Setting CVar [[r.Mobile.AllowDitheredLODTransition:0]]
[2022.03.08-13.15.00:918][  0]LogConfig: Setting CVar [[r.Mobile.AllowSoftwareOcclusion:0]]
[2022.03.08-13.15.00:918][  0]LogConfig: Setting CVar [[r.Mobile.VirtualTextures:0]]
[2022.03.08-13.15.00:918][  0]LogConfig: Setting CVar [[r.DiscardUnusedQuality:0]]
[2022.03.08-13.15.00:918][  0]LogConfig: Setting CVar [[r.AllowOcclusionQueries:1]]
[2022.03.08-13.15.00:918][  0]LogConfig: Setting CVar [[r.MinScreenRadiusForLights:0.030000]]
[2022.03.08-13.15.00:918][  0]LogConfig: Setting CVar [[r.MinScreenRadiusForDepthPrepass:0.030000]]
[2022.03.08-13.15.00:918][  0]LogConfig: Setting CVar [[r.MinScreenRadiusForCSMDepth:0.010000]]
[2022.03.08-13.15.00:918][  0]LogConfig: Setting CVar [[r.PrecomputedVisibilityWarning:0]]
[2022.03.08-13.15.00:918][  0]LogConfig: Setting CVar [[r.TextureStreaming:1]]
[2022.03.08-13.15.00:918][  0]LogConfig: Setting CVar [[Compat.UseDXT5NormalMaps:0]]
[2022.03.08-13.15.00:919][  0]LogConfig: Setting CVar [[r.VirtualTextures:0]]
[2022.03.08-13.15.00:919][  0]LogConfig: Setting CVar [[r.VirtualTexturedLightmaps:0]]
[2022.03.08-13.15.00:919][  0]LogConfig: Setting CVar [[r.VT.TileSize:128]]
[2022.03.08-13.15.00:919][  0]LogConfig: Setting CVar [[r.VT.TileBorderSize:4]]
[2022.03.08-13.15.00:919][  0]LogConfig: Setting CVar [[r.vt.FeedbackFactor:16]]
[2022.03.08-13.15.00:919][  0]LogConfig: Setting CVar [[r.VT.EnableCompressZlib:1]]
[2022.03.08-13.15.00:919][  0]LogConfig: Setting CVar [[r.VT.EnableCompressCrunch:0]]
[2022.03.08-13.15.00:919][  0]LogConfig: Setting CVar [[r.ClearCoatNormal:0]]
[2022.03.08-13.15.00:919][  0]LogConfig: Setting CVar [[r.ReflectionCaptureResolution:128]]
[2022.03.08-13.15.00:919][  0]LogConfig: Setting CVar [[r.Mobile.ReflectionCaptureCompression:0]]
[2022.03.08-13.15.00:919][  0]LogConfig: Setting CVar [[r.ReflectionEnvironmentLightmapMixBasedOnRoughness:1]]
[2022.03.08-13.15.00:919][  0]LogConfig: Setting CVar [[r.ForwardShading:1]]
[2022.03.08-13.15.00:919][  0]LogConfig: Setting CVar [[r.VertexFoggingForOpaque:1]]
[2022.03.08-13.15.00:919][  0]LogConfig: Setting CVar [[r.AllowStaticLighting:1]]
[2022.03.08-13.15.00:919][  0]LogConfig: Setting CVar [[r.NormalMapsForStaticLighting:0]]
[2022.03.08-13.15.00:919][  0]LogConfig: Setting CVar [[r.GenerateMeshDistanceFields:0]]
[2022.03.08-13.15.00:919][  0]LogConfig: Setting CVar [[r.DistanceFieldBuild.EightBit:0]]
[2022.03.08-13.15.00:919][  0]LogConfig: Setting CVar [[r.GenerateLandscapeGIData:0]]
[2022.03.08-13.15.00:919][  0]LogConfig: Setting CVar [[r.DistanceFieldBuild.Compress:0]]
[2022.03.08-13.15.00:919][  0]LogConfig: Setting CVar [[r.TessellationAdaptivePixelsPerTriangle:48.000000]]
[2022.03.08-13.15.00:919][  0]LogConfig: Setting CVar [[r.SeparateTranslucency:0]]
[2022.03.08-13.15.00:919][  0]LogConfig: Setting CVar [[r.TranslucentSortPolicy:0]]
[2022.03.08-13.15.00:919][  0]LogConfig: Setting CVar [[r.CustomDepth:1]]
[2022.03.08-13.15.00:919][  0]LogConfig: Setting CVar [[r.CustomDepthTemporalAAJitter:1]]
[2022.03.08-13.15.00:919][  0]LogConfig: Setting CVar [[r.PostProcessing.PropagateAlpha:0]]
[2022.03.08-13.15.00:919][  0]LogConfig: Setting CVar [[r.DefaultFeature.Bloom:0]]
[2022.03.08-13.15.00:919][  0]LogConfig: Setting CVar [[r.DefaultFeature.AmbientOcclusion:0]]
[2022.03.08-13.15.00:919][  0]LogConfig: Setting CVar [[r.DefaultFeature.AmbientOcclusionStaticFraction:1]]
[2022.03.08-13.15.00:919][  0]LogConfig: Setting CVar [[r.DefaultFeature.AutoExposure:0]]
[2022.03.08-13.15.00:919][  0]LogConfig: Setting CVar [[r.DefaultFeature.AutoExposure.Method:0]]
[2022.03.08-13.15.00:919][  0]LogConfig: Setting CVar [[r.DefaultFeature.AutoExposure.Bias:1.000000]]
[2022.03.08-13.15.00:919][  0]LogConfig: Setting CVar [[r.DefaultFeature.AutoExposure.ExtendDefaultLuminanceRange:1]]
[2022.03.08-13.15.00:919][  0]LogConfig: Setting CVar [[r.UsePreExposure:1]]
[2022.03.08-13.15.00:919][  0]LogConfig: Setting CVar [[r.EyeAdaptation.EditorOnly:0]]
[2022.03.08-13.15.00:919][  0]LogConfig: Setting CVar [[r.DefaultFeature.MotionBlur:0]]
[2022.03.08-13.15.00:919][  0]LogConfig: Setting CVar [[r.DefaultFeature.LensFlare:0]]
[2022.03.08-13.15.00:919][  0]LogConfig: Setting CVar [[r.TemporalAA.Upsampling:0]]
[2022.03.08-13.15.00:919][  0]LogConfig: Setting CVar [[r.SSGI.Enable:0]]
[2022.03.08-13.15.00:919][  0]LogConfig: Setting CVar [[r.DefaultFeature.AntiAliasing:3]]
[2022.03.08-13.15.00:919][  0]LogConfig: Setting CVar [[r.DefaultFeature.LightUnits:1]]
[2022.03.08-13.15.00:919][  0]LogConfig: Setting CVar [[r.DefaultBackBufferPixelFormat:4]]
[2022.03.08-13.15.00:919][  0]LogConfig: Setting CVar [[r.Shadow.UnbuiltPreviewInGame:1]]
[2022.03.08-13.15.00:919][  0]LogConfig: Setting CVar [[r.StencilForLODDither:0]]
[2022.03.08-13.15.00:919][  0]LogConfig: Setting CVar [[r.EarlyZPass:3]]
[2022.03.08-13.15.00:920][  0]LogConfig: Setting CVar [[r.EarlyZPassOnlyMaterialMasking:0]]
[2022.03.08-13.15.00:920][  0]LogConfig: Setting CVar [[r.DBuffer:1]]
[2022.03.08-13.15.00:920][  0]LogConfig: Setting CVar [[r.ClearSceneMethod:1]]
[2022.03.08-13.15.00:920][  0]LogConfig: Setting CVar [[r.BasePassOutputsVelocity:0]]
[2022.03.08-13.15.00:920][  0]LogConfig: Setting CVar [[r.VertexDeformationOutputsVelocity:0]]
[2022.03.08-13.15.00:920][  0]LogConfig: Setting CVar [[r.SelectiveBasePassOutputs:0]]
[2022.03.08-13.15.00:920][  0]LogConfig: Setting CVar [[fx.GPUSimulationTextureSizeX:1024]]
[2022.03.08-13.15.00:920][  0]LogConfig: Setting CVar [[fx.GPUSimulationTextureSizeY:1024]]
[2022.03.08-13.15.00:920][  0]LogConfig: Setting CVar [[r.AllowGlobalClipPlane:0]]
[2022.03.08-13.15.00:920][  0]LogConfig: Setting CVar [[r.GBufferFormat:1]]
[2022.03.08-13.15.00:920][  0]LogConfig: Setting CVar [[r.MorphTarget.Mode:1]]
[2022.03.08-13.15.00:920][  0]LogConfig: Setting CVar [[vr.InstancedStereo:1]]
[2022.03.08-13.15.00:920][  0]LogConfig: Setting CVar [[r.MobileHDR:0]]
[2022.03.08-13.15.00:920][  0]LogConfig: Setting CVar [[vr.MobileMultiView:1]]
[2022.03.08-13.15.00:920][  0]LogConfig: Setting CVar [[r.Mobile.UseHWsRGBEncoding:1]]
[2022.03.08-13.15.00:920][  0]LogConfig: Setting CVar [[vr.RoundRobinOcclusion:0]]
[2022.03.08-13.15.00:920][  0]LogConfig: Setting CVar [[vr.ODSCapture:0]]
[2022.03.08-13.15.00:920][  0]LogConfig: Setting CVar [[r.MeshStreaming:0]]
[2022.03.08-13.15.00:920][  0]LogConfig: Setting CVar [[r.WireframeCullThreshold:5.000000]]
[2022.03.08-13.15.00:920][  0]LogConfig: Setting CVar [[r.RayTracing:0]]
[2022.03.08-13.15.00:920][  0]LogConfig: Setting CVar [[r.RayTracing.UseTextureLod:0]]
[2022.03.08-13.15.00:920][  0]LogConfig: Setting CVar [[r.SupportStationarySkylight:1]]
[2022.03.08-13.15.00:920][  0]LogConfig: Setting CVar [[r.SupportLowQualityLightmaps:1]]
[2022.03.08-13.15.00:920][  0]LogConfig: Setting CVar [[r.SupportPointLightWholeSceneShadows:1]]
[2022.03.08-13.15.00:920][  0]LogConfig: Setting CVar [[r.SupportAtmosphericFog:1]]
[2022.03.08-13.15.00:920][  0]LogConfig: Setting CVar [[r.SupportSkyAtmosphere:1]]
[2022.03.08-13.15.00:920][  0]LogConfig: Setting CVar [[r.SupportSkyAtmosphereAffectsHeightFog:0]]
[2022.03.08-13.15.00:920][  0]LogConfig: Setting CVar [[r.SkinCache.CompileShaders:0]]
[2022.03.08-13.15.00:920][  0]LogConfig: Setting CVar [[r.SkinCache.DefaultBehavior:1]]
[2022.03.08-13.15.00:920][  0]LogConfig: Setting CVar [[r.SkinCache.SceneMemoryLimitInMB:128.000000]]
[2022.03.08-13.15.00:920][  0]LogConfig: Setting CVar [[r.Mobile.EnableStaticAndCSMShadowReceivers:1]]
[2022.03.08-13.15.00:920][  0]LogConfig: Setting CVar [[r.Mobile.EnableMovableLightCSMShaderCulling:1]]
[2022.03.08-13.15.00:920][  0]LogConfig: Setting CVar [[r.Mobile.AllowDistanceFieldShadows:1]]
[2022.03.08-13.15.00:920][  0]LogConfig: Setting CVar [[r.Mobile.AllowMovableDirectionalLights:1]]
[2022.03.08-13.15.00:920][  0]LogConfig: Setting CVar [[r.MobileNumDynamicPointLights:4]]
[2022.03.08-13.15.00:920][  0]LogConfig: Setting CVar [[r.MobileDynamicPointLightsUseStaticBranch:1]]
[2022.03.08-13.15.00:920][  0]LogConfig: Setting CVar [[r.Mobile.EnableMovableSpotlights:0]]
[2022.03.08-13.15.00:920][  0]LogConfig: Setting CVar [[r.Mobile.EnableMovableSpotlightsShadow:0]]
[2022.03.08-13.15.00:920][  0]LogConfig: Setting CVar [[r.GPUSkin.Support16BitBoneIndex:0]]
[2022.03.08-13.15.00:920][  0]LogConfig: Setting CVar [[r.GPUSkin.Limit2BoneInfluences:0]]
[2022.03.08-13.15.00:920][  0]LogConfig: Setting CVar [[r.SupportDepthOnlyIndexBuffers:1]]
[2022.03.08-13.15.00:920][  0]LogConfig: Setting CVar [[r.SupportReversedIndexBuffers:1]]
[2022.03.08-13.15.00:920][  0]LogConfig: Setting CVar [[r.LightPropagationVolume:0]]
[2022.03.08-13.15.00:920][  0]LogConfig: Setting CVar [[r.Mobile.AmbientOcclusion:0]]
[2022.03.08-13.15.00:920][  0]LogConfig: Setting CVar [[r.GPUSkin.UnlimitedBoneInfluences:0]]
[2022.03.08-13.15.00:920][  0]LogConfig: Setting CVar [[r.GPUSkin.UnlimitedBoneInfluencesThreshold:8]]
[2022.03.08-13.15.00:921][  0]LogConfig: Setting CVar [[r.Mobile.PlanarReflectionMode:0]]
[2022.03.08-13.15.00:921][  0]LogConfig: Setting CVar [[r.Mobile.SupportGPUScene:1]]
[2022.03.08-13.15.00:921][  0]LogConfig: Applying CVar settings from Section [/Script/Engine.RendererOverrideSettings] File [C:/Users/qwe_o/P8ToBeAnnounced/P8_VR_Home/Saved/Config/Windows/Engine.ini]
[2022.03.08-13.15.00:921][  0]LogConfig: Applying CVar settings from Section [/Script/Engine.StreamingSettings] File [C:/Users/qwe_o/P8ToBeAnnounced/P8_VR_Home/Saved/Config/Windows/Engine.ini]
[2022.03.08-13.15.00:921][  0]LogConfig: Setting CVar [[s.MinBulkDataSizeForAsyncLoading:131072]]
[2022.03.08-13.15.00:921][  0]LogConfig: Setting CVar [[s.AsyncLoadingThreadEnabled:0]]
[2022.03.08-13.15.00:921][  0]LogConfig: Setting CVar [[s.EventDrivenLoaderEnabled:1]]
[2022.03.08-13.15.00:921][  0]LogConfig: Setting CVar [[s.WarnIfTimeLimitExceeded:0]]
[2022.03.08-13.15.00:921][  0]LogConfig: Setting CVar [[s.TimeLimitExceededMultiplier:1.5]]
[2022.03.08-13.15.00:921][  0]LogConfig: Setting CVar [[s.TimeLimitExceededMinTime:0.005]]
[2022.03.08-13.15.00:921][  0]LogConfig: Setting CVar [[s.UseBackgroundLevelStreaming:1]]
[2022.03.08-13.15.00:921][  0]LogConfig: Setting CVar [[s.PriorityAsyncLoadingExtraTime:15.0]]
[2022.03.08-13.15.00:921][  0]LogConfig: Setting CVar [[s.LevelStreamingActorsUpdateTimeLimit:5.0]]
[2022.03.08-13.15.00:921][  0]LogConfig: Setting CVar [[s.PriorityLevelStreamingActorsUpdateExtraTime:5.0]]
[2022.03.08-13.15.00:921][  0]LogConfig: Setting CVar [[s.LevelStreamingComponentsRegistrationGranularity:10]]
[2022.03.08-13.15.00:921][  0]LogConfig: Setting CVar [[s.UnregisterComponentsTimeLimit:1.0]]
[2022.03.08-13.15.00:921][  0]LogConfig: Setting CVar [[s.LevelStreamingComponentsUnregistrationGranularity:5]]
[2022.03.08-13.15.00:921][  0]LogConfig: Setting CVar [[s.FlushStreamingOnExit:1]]
[2022.03.08-13.15.00:921][  0]LogConfig: Applying CVar settings from Section [/Script/Engine.GarbageCollectionSettings] File [C:/Users/qwe_o/P8ToBeAnnounced/P8_VR_Home/Saved/Config/Windows/Engine.ini]
[2022.03.08-13.15.00:921][  0]LogConfig: Setting CVar [[gc.MaxObjectsNotConsideredByGC:1]]
[2022.03.08-13.15.00:921][  0]LogConfig: Setting CVar [[gc.SizeOfPermanentObjectPool:0]]
[2022.03.08-13.15.00:921][  0]LogConfig: Setting CVar [[gc.FlushStreamingOnGC:0]]
[2022.03.08-13.15.00:921][  0]LogConfig: Setting CVar [[gc.NumRetriesBeforeForcingGC:10]]
[2022.03.08-13.15.00:921][  0]LogConfig: Setting CVar [[gc.AllowParallelGC:1]]
[2022.03.08-13.15.00:921][  0]LogConfig: Setting CVar [[gc.TimeBetweenPurgingPendingKillObjects:61.1]]
[2022.03.08-13.15.00:921][  0]LogConfig: Setting CVar [[gc.MaxObjectsInEditor:25165824]]
[2022.03.08-13.15.00:921][  0]LogConfig: Setting CVar [[gc.IncrementalBeginDestroyEnabled:1]]
[2022.03.08-13.15.00:921][  0]LogConfig: Setting CVar [[gc.CreateGCClusters:1]]
[2022.03.08-13.15.00:921][  0]LogConfig: Setting CVar [[gc.MinGCClusterSize:5]]
[2022.03.08-13.15.00:921][  0]LogConfig: Setting CVar [[gc.ActorClusteringEnabled:0]]
[2022.03.08-13.15.00:921][  0]LogConfig: Setting CVar [[gc.BlueprintClusteringEnabled:0]]
[2022.03.08-13.15.00:921][  0]LogConfig: Setting CVar [[gc.UseDisregardForGCOnDedicatedServers:0]]
[2022.03.08-13.15.00:921][  0]LogConfig: Setting CVar [[gc.MultithreadedDestructionEnabled:1]]
[2022.03.08-13.15.00:921][  0]LogConfig: Applying CVar settings from Section [/Script/Engine.NetworkSettings] File [C:/Users/qwe_o/P8ToBeAnnounced/P8_VR_Home/Saved/Config/Windows/Engine.ini]
[2022.03.08-13.15.00:921][  0]LogConfig: Applying CVar settings from Section [/Script/UnrealEd.CookerSettings] File [C:/Users/qwe_o/P8ToBeAnnounced/P8_VR_Home/Saved/Config/Windows/Engine.ini]
[2022.03.08-13.15.00:929][  0]LogConfig: Applying CVar settings from Section [ViewDistanceQuality@3] File [C:/Users/qwe_o/P8ToBeAnnounced/P8_VR_Home/Saved/Config/Windows/Scalability.ini]
[2022.03.08-13.15.00:929][  0]LogConfig: Setting CVar [[r.SkeletalMeshLODBias:0]]
[2022.03.08-13.15.00:929][  0]LogConfig: Setting CVar [[r.ViewDistanceScale:1.0]]
[2022.03.08-13.15.00:929][  0]LogConfig: Applying CVar settings from Section [AntiAliasingQuality@3] File [C:/Users/qwe_o/P8ToBeAnnounced/P8_VR_Home/Saved/Config/Windows/Scalability.ini]
[2022.03.08-13.15.00:929][  0]LogConfig: Setting CVar [[r.PostProcessAAQuality:4]]
[2022.03.08-13.15.00:929][  0]LogConfig: Applying CVar settings from Section [ShadowQuality@3] File [C:/Users/qwe_o/P8ToBeAnnounced/P8_VR_Home/Saved/Config/Windows/Scalability.ini]
[2022.03.08-13.15.00:929][  0]LogConfig: Setting CVar [[r.LightFunctionQuality:1]]
[2022.03.08-13.15.00:929][  0]LogConfig: Setting CVar [[r.ShadowQuality:5]]
[2022.03.08-13.15.00:929][  0]LogConfig: Setting CVar [[r.Shadow.CSM.MaxCascades:10]]
[2022.03.08-13.15.00:929][  0]LogConfig: Setting CVar [[r.Shadow.MaxResolution:2048]]
[2022.03.08-13.15.00:929][  0]LogConfig: Setting CVar [[r.Shadow.MaxCSMResolution:2048]]
[2022.03.08-13.15.00:929][  0]LogConfig: Setting CVar [[r.Shadow.RadiusThreshold:0.01]]
[2022.03.08-13.15.00:929][  0]LogConfig: Setting CVar [[r.Shadow.DistanceScale:1.0]]
[2022.03.08-13.15.00:929][  0]LogConfig: Setting CVar [[r.Shadow.CSM.TransitionScale:1.0]]
[2022.03.08-13.15.00:929][  0]LogConfig: Setting CVar [[r.Shadow.PreShadowResolutionFactor:1.0]]
[2022.03.08-13.15.00:929][  0]LogConfig: Setting CVar [[r.DistanceFieldShadowing:1]]
[2022.03.08-13.15.00:930][  0]LogConfig: Setting CVar [[r.DistanceFieldAO:1]]
[2022.03.08-13.15.00:930][  0]LogConfig: Setting CVar [[r.AOQuality:2]]
[2022.03.08-13.15.00:930][  0]LogConfig: Setting CVar [[r.VolumetricFog:1]]
[2022.03.08-13.15.00:930][  0]LogConfig: Setting CVar [[r.VolumetricFog.GridPixelSize:8]]
[2022.03.08-13.15.00:930][  0]LogConfig: Setting CVar [[r.VolumetricFog.GridSizeZ:128]]
[2022.03.08-13.15.00:930][  0]LogConfig: Setting CVar [[r.VolumetricFog.HistoryMissSupersampleCount:4]]
[2022.03.08-13.15.00:930][  0]LogConfig: Setting CVar [[r.LightMaxDrawDistanceScale:1]]
[2022.03.08-13.15.00:930][  0]LogConfig: Setting CVar [[r.CapsuleShadows:1]]
[2022.03.08-13.15.00:930][  0]LogConfig: Applying CVar settings from Section [PostProcessQuality@3] File [C:/Users/qwe_o/P8ToBeAnnounced/P8_VR_Home/Saved/Config/Windows/Scalability.ini]
[2022.03.08-13.15.00:930][  0]LogConfig: Setting CVar [[r.MotionBlurQuality:4]]
[2022.03.08-13.15.00:930][  0]LogConfig: Setting CVar [[r.AmbientOcclusionMipLevelFactor:0.4]]
[2022.03.08-13.15.00:930][  0]LogConfig: Setting CVar [[r.AmbientOcclusionMaxQuality:100]]
[2022.03.08-13.15.00:930][  0]LogConfig: Setting CVar [[r.AmbientOcclusionLevels:-1]]
[2022.03.08-13.15.00:930][  0]LogConfig: Setting CVar [[r.AmbientOcclusionRadiusScale:1.0]]
[2022.03.08-13.15.00:930][  0]LogConfig: Setting CVar [[r.DepthOfFieldQuality:2]]
[2022.03.08-13.15.00:930][  0]LogConfig: Setting CVar [[r.RenderTargetPoolMin:400]]
[2022.03.08-13.15.00:930][  0]LogConfig: Setting CVar [[r.LensFlareQuality:2]]
[2022.03.08-13.15.00:930][  0]LogConfig: Setting CVar [[r.SceneColorFringeQuality:1]]
[2022.03.08-13.15.00:930][  0]LogConfig: Setting CVar [[r.EyeAdaptationQuality:2]]
[2022.03.08-13.15.00:930][  0]LogConfig: Setting CVar [[r.BloomQuality:5]]
[2022.03.08-13.15.00:930][  0]LogConfig: Setting CVar [[r.FastBlurThreshold:100]]
[2022.03.08-13.15.00:930][  0]LogConfig: Setting CVar [[r.Upscale.Quality:3]]
[2022.03.08-13.15.00:930][  0]LogConfig: Setting CVar [[r.Tonemapper.GrainQuantization:1]]
[2022.03.08-13.15.00:930][  0]LogConfig: Setting CVar [[r.LightShaftQuality:1]]
[2022.03.08-13.15.00:930][  0]LogConfig: Setting CVar [[r.Filter.SizeScale:1]]
[2022.03.08-13.15.00:930][  0]LogConfig: Setting CVar [[r.Tonemapper.Quality:5]]
[2022.03.08-13.15.00:930][  0]LogConfig: Setting CVar [[r.DOF.Gather.AccumulatorQuality:1        ; higher gathering accumulator quality]]
[2022.03.08-13.15.00:930][  0]LogConfig: Setting CVar [[r.DOF.Gather.PostfilterMethod:1          ; Median3x3 postfilering method]]
[2022.03.08-13.15.00:930][  0]LogConfig: Setting CVar [[r.DOF.Gather.EnableBokehSettings:0       ; no bokeh simulation when gathering]]
[2022.03.08-13.15.00:930][  0]LogConfig: Setting CVar [[r.DOF.Gather.RingCount:4                 ; medium number of samples when gathering]]
[2022.03.08-13.15.00:930][  0]LogConfig: Setting CVar [[r.DOF.Scatter.ForegroundCompositing:1    ; additive foreground scattering]]
[2022.03.08-13.15.00:930][  0]LogConfig: Setting CVar [[r.DOF.Scatter.BackgroundCompositing:2    ; additive background scattering]]
[2022.03.08-13.15.00:930][  0]LogConfig: Setting CVar [[r.DOF.Scatter.EnableBokehSettings:1      ; bokeh simulation when scattering]]
[2022.03.08-13.15.00:930][  0]LogConfig: Setting CVar [[r.DOF.Scatter.MaxSpriteRatio:0.1         ; only a maximum of 10% of scattered bokeh]]
[2022.03.08-13.15.00:930][  0]LogConfig: Setting CVar [[r.DOF.Recombine.Quality:1                ; cheap slight out of focus]]
[2022.03.08-13.15.00:930][  0]LogConfig: Setting CVar [[r.DOF.Recombine.EnableBokehSettings:0    ; no bokeh simulation on slight out of focus]]
[2022.03.08-13.15.00:930][  0]LogConfig: Setting CVar [[r.DOF.TemporalAAQuality:1                ; more stable temporal accumulation]]
[2022.03.08-13.15.00:930][  0]LogConfig: Setting CVar [[r.DOF.Kernel.MaxForegroundRadius:0.025]]
[2022.03.08-13.15.00:930][  0]LogConfig: Setting CVar [[r.DOF.Kernel.MaxBackgroundRadius:0.025]]
[2022.03.08-13.15.00:930][  0]LogConfig: Applying CVar settings from Section [TextureQuality@3] File [C:/Users/qwe_o/P8ToBeAnnounced/P8_VR_Home/Saved/Config/Windows/Scalability.ini]
[2022.03.08-13.15.00:930][  0]LogConfig: Setting CVar [[r.Streaming.MipBias:0]]
[2022.03.08-13.15.00:930][  0]LogConfig: Setting CVar [[r.Streaming.AmortizeCPUToGPUCopy:0]]
[2022.03.08-13.15.00:930][  0]LogConfig: Setting CVar [[r.Streaming.MaxNumTexturesToStreamPerFrame:0]]
[2022.03.08-13.15.00:930][  0]LogConfig: Setting CVar [[r.Streaming.Boost:1]]
[2022.03.08-13.15.00:931][  0]LogConfig: Setting CVar [[r.MaxAnisotropy:8]]
[2022.03.08-13.15.00:931][  0]LogConfig: Setting CVar [[r.VT.MaxAnisotropy:8]]
[2022.03.08-13.15.00:931][  0]LogConfig: Setting CVar [[r.Streaming.LimitPoolSizeToVRAM:0]]
[2022.03.08-13.15.00:931][  0]LogConfig: Setting CVar [[r.Streaming.PoolSize:1000]]
[2022.03.08-13.15.00:931][  0]LogConfig: Setting CVar [[r.Streaming.MaxEffectiveScreenSize:0]]
[2022.03.08-13.15.00:931][  0]LogConfig: Applying CVar settings from Section [EffectsQuality@3] File [C:/Users/qwe_o/P8ToBeAnnounced/P8_VR_Home/Saved/Config/Windows/Scalability.ini]
[2022.03.08-13.15.00:931][  0]LogConfig: Setting CVar [[r.TranslucencyLightingVolumeDim:64]]
[2022.03.08-13.15.00:931][  0]LogConfig: Setting CVar [[r.RefractionQuality:2]]
[2022.03.08-13.15.00:931][  0]LogConfig: Setting CVar [[r.SSR.Quality:3]]
[2022.03.08-13.15.00:931][  0]LogConfig: Setting CVar [[r.SSR.HalfResSceneColor:0]]
[2022.03.08-13.15.00:931][  0]LogConfig: Setting CVar [[r.SceneColorFormat:4]]
[2022.03.08-13.15.00:931][  0]LogConfig: Setting CVar [[r.DetailMode:2]]
[2022.03.08-13.15.00:931][  0]LogConfig: Setting CVar [[r.TranslucencyVolumeBlur:1]]
[2022.03.08-13.15.00:931][  0]LogConfig: Setting CVar [[r.MaterialQualityLevel:1 ; High quality]]
[2022.03.08-13.15.00:931][  0]LogConfig: Setting CVar [[r.AnisotropicMaterials:1]]
[2022.03.08-13.15.00:931][  0]LogConfig: Setting CVar [[r.SSS.Scale:1]]
[2022.03.08-13.15.00:931][  0]LogConfig: Setting CVar [[r.SSS.SampleSet:2]]
[2022.03.08-13.15.00:931][  0]LogConfig: Setting CVar [[r.SSS.Quality:1]]
[2022.03.08-13.15.00:931][  0]LogConfig: Setting CVar [[r.SSS.HalfRes:0]]
[2022.03.08-13.15.00:931][  0]LogConfig: Setting CVar [[r.SSGI.Quality:3]]
[2022.03.08-13.15.00:931][  0]LogConfig: Setting CVar [[r.EmitterSpawnRateScale:1.0]]
[2022.03.08-13.15.00:931][  0]LogConfig: Setting CVar [[r.ParticleLightQuality:2]]
[2022.03.08-13.15.00:931][  0]LogConfig: Setting CVar [[r.SkyAtmosphere.AerialPerspectiveLUT.FastApplyOnOpaque:1 ; Always have FastSkyLUT 1 in this case to avoid wrong sky]]
[2022.03.08-13.15.00:931][  0]LogConfig: Setting CVar [[r.SkyAtmosphere.AerialPerspectiveLUT.SampleCountMaxPerSlice:4]]
[2022.03.08-13.15.00:931][  0]LogConfig: Setting CVar [[r.SkyAtmosphere.AerialPerspectiveLUT.DepthResolution:16.0]]
[2022.03.08-13.15.00:931][  0]LogConfig: Setting CVar [[r.SkyAtmosphere.FastSkyLUT:1]]
[2022.03.08-13.15.00:931][  0]LogConfig: Setting CVar [[r.SkyAtmosphere.FastSkyLUT.SampleCountMin:4.0]]
[2022.03.08-13.15.00:931][  0]LogConfig: Setting CVar [[r.SkyAtmosphere.FastSkyLUT.SampleCountMax:128.0]]
[2022.03.08-13.15.00:931][  0]LogConfig: Setting CVar [[r.SkyAtmosphere.SampleCountMin:4.0]]
[2022.03.08-13.15.00:931][  0]LogConfig: Setting CVar [[r.SkyAtmosphere.SampleCountMax:128.0]]
[2022.03.08-13.15.00:931][  0]LogConfig: Setting CVar [[r.SkyAtmosphere.TransmittanceLUT.UseSmallFormat:0]]
[2022.03.08-13.15.00:931][  0]LogConfig: Setting CVar [[r.SkyAtmosphere.TransmittanceLUT.SampleCount:10.0]]
[2022.03.08-13.15.00:931][  0]LogConfig: Setting CVar [[r.SkyAtmosphere.MultiScatteringLUT.SampleCount:15.0]]
[2022.03.08-13.15.00:931][  0]LogConfig: Setting CVar [[r.SkyLight.RealTimeReflectionCapture:1]]
[2022.03.08-13.15.00:931][  0]LogConfig: Applying CVar settings from Section [FoliageQuality@3] File [C:/Users/qwe_o/P8ToBeAnnounced/P8_VR_Home/Saved/Config/Windows/Scalability.ini]
[2022.03.08-13.15.00:931][  0]LogConfig: Setting CVar [[foliage.DensityScale:1.0]]
[2022.03.08-13.15.00:931][  0]LogConfig: Setting CVar [[grass.DensityScale:1.0]]
[2022.03.08-13.15.00:931][  0]LogConfig: Applying CVar settings from Section [ShadingQuality@3] File [C:/Users/qwe_o/P8ToBeAnnounced/P8_VR_Home/Saved/Config/Windows/Scalability.ini]
[2022.03.08-13.15.00:931][  0]LogConfig: Setting CVar [[r.HairStrands.SkyLighting.IntegrationType:2]]
[2022.03.08-13.15.00:932][  0]LogConfig: Setting CVar [[r.HairStrands.SkyAO.SampleCount:4]]
[2022.03.08-13.15.00:932][  0]LogConfig: Setting CVar [[r.HairStrands.Visibility.MSAA.SamplePerPixel:4]]
[2022.03.08-13.15.00:932][  0]LogInit: Selected Device Profile: [Windows]
[2022.03.08-13.15.00:932][  0]LogInit: Applying CVar settings loaded from the selected device profile: [Windows]
[2022.03.08-13.15.00:932][  0]LogHAL: Display: Platform has ~ 16 GB [17112539136 / 17179869184 / 16], which maps to Larger [LargestMinGB=32, LargerMinGB=12, DefaultMinGB=8, SmallerMinGB=6, SmallestMinGB=0)
[2022.03.08-13.15.00:932][  0]LogInit: Going up to parent DeviceProfile []
[2022.03.08-13.15.00:932][  0]LogConfig: Applying CVar settings from Section [ViewDistanceQuality@3] File [C:/Users/qwe_o/P8ToBeAnnounced/P8_VR_Home/Saved/Config/Windows/Scalability.ini]
[2022.03.08-13.15.00:932][  0]LogConfig: Setting CVar [[r.SkeletalMeshLODBias:0]]
[2022.03.08-13.15.00:932][  0]LogConfig: Setting CVar [[r.ViewDistanceScale:1.0]]
[2022.03.08-13.15.00:932][  0]LogConfig: Applying CVar settings from Section [AntiAliasingQuality@3] File [C:/Users/qwe_o/P8ToBeAnnounced/P8_VR_Home/Saved/Config/Windows/Scalability.ini]
[2022.03.08-13.15.00:932][  0]LogConfig: Setting CVar [[r.PostProcessAAQuality:4]]
[2022.03.08-13.15.00:932][  0]LogConfig: Applying CVar settings from Section [ShadowQuality@3] File [C:/Users/qwe_o/P8ToBeAnnounced/P8_VR_Home/Saved/Config/Windows/Scalability.ini]
[2022.03.08-13.15.00:932][  0]LogConfig: Setting CVar [[r.LightFunctionQuality:1]]
[2022.03.08-13.15.00:932][  0]LogConfig: Setting CVar [[r.ShadowQuality:5]]
[2022.03.08-13.15.00:932][  0]LogConfig: Setting CVar [[r.Shadow.CSM.MaxCascades:10]]
[2022.03.08-13.15.00:932][  0]LogConfig: Setting CVar [[r.Shadow.MaxResolution:2048]]
[2022.03.08-13.15.00:933][  0]LogConfig: Setting CVar [[r.Shadow.MaxCSMResolution:2048]]
[2022.03.08-13.15.00:933][  0]LogConfig: Setting CVar [[r.Shadow.RadiusThreshold:0.01]]
[2022.03.08-13.15.00:933][  0]LogConfig: Setting CVar [[r.Shadow.DistanceScale:1.0]]
[2022.03.08-13.15.00:933][  0]LogConfig: Setting CVar [[r.Shadow.CSM.TransitionScale:1.0]]
[2022.03.08-13.15.00:933][  0]LogConfig: Setting CVar [[r.Shadow.PreShadowResolutionFactor:1.0]]
[2022.03.08-13.15.00:933][  0]LogConfig: Setting CVar [[r.DistanceFieldShadowing:1]]
[2022.03.08-13.15.00:933][  0]LogConfig: Setting CVar [[r.DistanceFieldAO:1]]
[2022.03.08-13.15.00:933][  0]LogConfig: Setting CVar [[r.AOQuality:2]]
[2022.03.08-13.15.00:933][  0]LogConfig: Setting CVar [[r.VolumetricFog:1]]
[2022.03.08-13.15.00:933][  0]LogConfig: Setting CVar [[r.VolumetricFog.GridPixelSize:8]]
[2022.03.08-13.15.00:933][  0]LogConfig: Setting CVar [[r.VolumetricFog.GridSizeZ:128]]
[2022.03.08-13.15.00:933][  0]LogConfig: Setting CVar [[r.VolumetricFog.HistoryMissSupersampleCount:4]]
[2022.03.08-13.15.00:933][  0]LogConfig: Setting CVar [[r.LightMaxDrawDistanceScale:1]]
[2022.03.08-13.15.00:933][  0]LogConfig: Setting CVar [[r.CapsuleShadows:1]]
[2022.03.08-13.15.00:933][  0]LogConfig: Applying CVar settings from Section [PostProcessQuality@3] File [C:/Users/qwe_o/P8ToBeAnnounced/P8_VR_Home/Saved/Config/Windows/Scalability.ini]
[2022.03.08-13.15.00:933][  0]LogConfig: Setting CVar [[r.MotionBlurQuality:4]]
[2022.03.08-13.15.00:933][  0]LogConfig: Setting CVar [[r.AmbientOcclusionMipLevelFactor:0.4]]
[2022.03.08-13.15.00:933][  0]LogConfig: Setting CVar [[r.AmbientOcclusionMaxQuality:100]]
[2022.03.08-13.15.00:933][  0]LogConfig: Setting CVar [[r.AmbientOcclusionLevels:-1]]
[2022.03.08-13.15.00:933][  0]LogConfig: Setting CVar [[r.AmbientOcclusionRadiusScale:1.0]]
[2022.03.08-13.15.00:933][  0]LogConfig: Setting CVar [[r.DepthOfFieldQuality:2]]
[2022.03.08-13.15.00:933][  0]LogConfig: Setting CVar [[r.RenderTargetPoolMin:400]]
[2022.03.08-13.15.00:933][  0]LogConfig: Setting CVar [[r.LensFlareQuality:2]]
[2022.03.08-13.15.00:933][  0]LogConfig: Setting CVar [[r.SceneColorFringeQuality:1]]
[2022.03.08-13.15.00:933][  0]LogConfig: Setting CVar [[r.EyeAdaptationQuality:2]]
[2022.03.08-13.15.00:933][  0]LogConfig: Setting CVar [[r.BloomQuality:5]]
[2022.03.08-13.15.00:933][  0]LogConfig: Setting CVar [[r.FastBlurThreshold:100]]
[2022.03.08-13.15.00:933][  0]LogConfig: Setting CVar [[r.Upscale.Quality:3]]
[2022.03.08-13.15.00:933][  0]LogConfig: Setting CVar [[r.Tonemapper.GrainQuantization:1]]
[2022.03.08-13.15.00:933][  0]LogConfig: Setting CVar [[r.LightShaftQuality:1]]
[2022.03.08-13.15.00:933][  0]LogConfig: Setting CVar [[r.Filter.SizeScale:1]]
[2022.03.08-13.15.00:933][  0]LogConfig: Setting CVar [[r.Tonemapper.Quality:5]]
[2022.03.08-13.15.00:933][  0]LogConfig: Setting CVar [[r.DOF.Gather.AccumulatorQuality:1        ; higher gathering accumulator quality]]
[2022.03.08-13.15.00:934][  0]LogConfig: Setting CVar [[r.DOF.Gather.PostfilterMethod:1          ; Median3x3 postfilering method]]
[2022.03.08-13.15.00:934][  0]LogConfig: Setting CVar [[r.DOF.Gather.EnableBokehSettings:0       ; no bokeh simulation when gathering]]
[2022.03.08-13.15.00:934][  0]LogConfig: Setting CVar [[r.DOF.Gather.RingCount:4                 ; medium number of samples when gathering]]
[2022.03.08-13.15.00:934][  0]LogConfig: Setting CVar [[r.DOF.Scatter.ForegroundCompositing:1    ; additive foreground scattering]]
[2022.03.08-13.15.00:934][  0]LogConfig: Setting CVar [[r.DOF.Scatter.BackgroundCompositing:2    ; additive background scattering]]
[2022.03.08-13.15.00:934][  0]LogConfig: Setting CVar [[r.DOF.Scatter.EnableBokehSettings:1      ; bokeh simulation when scattering]]
[2022.03.08-13.15.00:934][  0]LogConfig: Setting CVar [[r.DOF.Scatter.MaxSpriteRatio:0.1         ; only a maximum of 10% of scattered bokeh]]
[2022.03.08-13.15.00:934][  0]LogConfig: Setting CVar [[r.DOF.Recombine.Quality:1                ; cheap slight out of focus]]
[2022.03.08-13.15.00:934][  0]LogConfig: Setting CVar [[r.DOF.Recombine.EnableBokehSettings:0    ; no bokeh simulation on slight out of focus]]
[2022.03.08-13.15.00:934][  0]LogConfig: Setting CVar [[r.DOF.TemporalAAQuality:1                ; more stable temporal accumulation]]
[2022.03.08-13.15.00:934][  0]LogConfig: Setting CVar [[r.DOF.Kernel.MaxForegroundRadius:0.025]]
[2022.03.08-13.15.00:934][  0]LogConfig: Setting CVar [[r.DOF.Kernel.MaxBackgroundRadius:0.025]]
[2022.03.08-13.15.00:934][  0]LogConfig: Applying CVar settings from Section [TextureQuality@3] File [C:/Users/qwe_o/P8ToBeAnnounced/P8_VR_Home/Saved/Config/Windows/Scalability.ini]
[2022.03.08-13.15.00:934][  0]LogConfig: Setting CVar [[r.Streaming.MipBias:0]]
[2022.03.08-13.15.00:934][  0]LogConfig: Setting CVar [[r.Streaming.AmortizeCPUToGPUCopy:0]]
[2022.03.08-13.15.00:934][  0]LogConfig: Setting CVar [[r.Streaming.MaxNumTexturesToStreamPerFrame:0]]
[2022.03.08-13.15.00:934][  0]LogConfig: Setting CVar [[r.Streaming.Boost:1]]
[2022.03.08-13.15.00:934][  0]LogConfig: Setting CVar [[r.MaxAnisotropy:8]]
[2022.03.08-13.15.00:934][  0]LogConfig: Setting CVar [[r.VT.MaxAnisotropy:8]]
[2022.03.08-13.15.00:934][  0]LogConfig: Setting CVar [[r.Streaming.LimitPoolSizeToVRAM:0]]
[2022.03.08-13.15.00:934][  0]LogConfig: Setting CVar [[r.Streaming.PoolSize:1000]]
[2022.03.08-13.15.00:934][  0]LogConfig: Setting CVar [[r.Streaming.MaxEffectiveScreenSize:0]]
[2022.03.08-13.15.00:934][  0]LogConfig: Applying CVar settings from Section [EffectsQuality@3] File [C:/Users/qwe_o/P8ToBeAnnounced/P8_VR_Home/Saved/Config/Windows/Scalability.ini]
[2022.03.08-13.15.00:934][  0]LogConfig: Setting CVar [[r.TranslucencyLightingVolumeDim:64]]
[2022.03.08-13.15.00:934][  0]LogConfig: Setting CVar [[r.RefractionQuality:2]]
[2022.03.08-13.15.00:934][  0]LogConfig: Setting CVar [[r.SSR.Quality:3]]
[2022.03.08-13.15.00:934][  0]LogConfig: Setting CVar [[r.SSR.HalfResSceneColor:0]]
[2022.03.08-13.15.00:934][  0]LogConfig: Setting CVar [[r.SceneColorFormat:4]]
[2022.03.08-13.15.00:934][  0]LogConfig: Setting CVar [[r.DetailMode:2]]
[2022.03.08-13.15.00:934][  0]LogConfig: Setting CVar [[r.TranslucencyVolumeBlur:1]]
[2022.03.08-13.15.00:934][  0]LogConfig: Setting CVar [[r.MaterialQualityLevel:1 ; High quality]]
[2022.03.08-13.15.00:934][  0]LogConfig: Setting CVar [[r.AnisotropicMaterials:1]]
[2022.03.08-13.15.00:934][  0]LogConfig: Setting CVar [[r.SSS.Scale:1]]
[2022.03.08-13.15.00:934][  0]LogConfig: Setting CVar [[r.SSS.SampleSet:2]]
[2022.03.08-13.15.00:934][  0]LogConfig: Setting CVar [[r.SSS.Quality:1]]
[2022.03.08-13.15.00:934][  0]LogConfig: Setting CVar [[r.SSS.HalfRes:0]]
[2022.03.08-13.15.00:934][  0]LogConfig: Setting CVar [[r.SSGI.Quality:3]]
[2022.03.08-13.15.00:934][  0]LogConfig: Setting CVar [[r.EmitterSpawnRateScale:1.0]]
[2022.03.08-13.15.00:934][  0]LogConfig: Setting CVar [[r.ParticleLightQuality:2]]
[2022.03.08-13.15.00:934][  0]LogConfig: Setting CVar [[r.SkyAtmosphere.AerialPerspectiveLUT.FastApplyOnOpaque:1 ; Always have FastSkyLUT 1 in this case to avoid wrong sky]]
[2022.03.08-13.15.00:934][  0]LogConfig: Setting CVar [[r.SkyAtmosphere.AerialPerspectiveLUT.SampleCountMaxPerSlice:4]]
[2022.03.08-13.15.00:934][  0]LogConfig: Setting CVar [[r.SkyAtmosphere.AerialPerspectiveLUT.DepthResolution:16.0]]
[2022.03.08-13.15.00:935][  0]LogConfig: Setting CVar [[r.SkyAtmosphere.FastSkyLUT:1]]
[2022.03.08-13.15.00:935][  0]LogConfig: Setting CVar [[r.SkyAtmosphere.FastSkyLUT.SampleCountMin:4.0]]
[2022.03.08-13.15.00:935][  0]LogConfig: Setting CVar [[r.SkyAtmosphere.FastSkyLUT.SampleCountMax:128.0]]
[2022.03.08-13.15.00:935][  0]LogConfig: Setting CVar [[r.SkyAtmosphere.SampleCountMin:4.0]]
[2022.03.08-13.15.00:935][  0]LogConfig: Setting CVar [[r.SkyAtmosphere.SampleCountMax:128.0]]
[2022.03.08-13.15.00:935][  0]LogConfig: Setting CVar [[r.SkyAtmosphere.TransmittanceLUT.UseSmallFormat:0]]
[2022.03.08-13.15.00:935][  0]LogConfig: Setting CVar [[r.SkyAtmosphere.TransmittanceLUT.SampleCount:10.0]]
[2022.03.08-13.15.00:935][  0]LogConfig: Setting CVar [[r.SkyAtmosphere.MultiScatteringLUT.SampleCount:15.0]]
[2022.03.08-13.15.00:935][  0]LogConfig: Setting CVar [[r.SkyLight.RealTimeReflectionCapture:1]]
[2022.03.08-13.15.00:935][  0]LogConfig: Applying CVar settings from Section [FoliageQuality@3] File [C:/Users/qwe_o/P8ToBeAnnounced/P8_VR_Home/Saved/Config/Windows/Scalability.ini]
[2022.03.08-13.15.00:935][  0]LogConfig: Setting CVar [[foliage.DensityScale:1.0]]
[2022.03.08-13.15.00:935][  0]LogConfig: Setting CVar [[grass.DensityScale:1.0]]
[2022.03.08-13.15.00:935][  0]LogConfig: Applying CVar settings from Section [ShadingQuality@3] File [C:/Users/qwe_o/P8ToBeAnnounced/P8_VR_Home/Saved/Config/Windows/Scalability.ini]
[2022.03.08-13.15.00:935][  0]LogConfig: Setting CVar [[r.HairStrands.SkyLighting.IntegrationType:2]]
[2022.03.08-13.15.00:935][  0]LogConfig: Setting CVar [[r.HairStrands.SkyAO.SampleCount:4]]
[2022.03.08-13.15.00:935][  0]LogConfig: Setting CVar [[r.HairStrands.Visibility.MSAA.SamplePerPixel:4]]
[2022.03.08-13.15.00:935][  0]LogConfig: Applying CVar settings from Section [Startup] File [../../../Engine/Config/ConsoleVariables.ini]
[2022.03.08-13.15.00:935][  0]LogConfig: Setting CVar [[r.XGEShaderCompile:0]]
[2022.03.08-13.15.00:935][  0]LogConfig: Setting CVar [[net.UseAdaptiveNetUpdateFrequency:0]]
[2022.03.08-13.15.00:935][  0]LogConfig: Setting CVar [[p.chaos.AllowCreatePhysxBodies:1]]
[2022.03.08-13.15.00:935][  0]LogConfig: Setting CVar [[fx.SkipVectorVMBackendOptimizations:1]]
[2022.03.08-13.15.00:936][  0]LogConfig: Applying CVar settings from Section [ConsoleVariables] File [C:/Users/qwe_o/P8ToBeAnnounced/P8_VR_Home/Saved/Config/Windows/Engine.ini]
[2022.03.08-13.15.00:936][  0]LogConfig: Applying CVar settings from Section [ConsoleVariables] File [C:/Users/qwe_o/P8ToBeAnnounced/P8_VR_Home/Saved/Config/Windows/Editor.ini]
[2022.03.08-13.15.00:936][  0]LogInit: Computer: DESKTOP-28BR1PH
[2022.03.08-13.15.00:936][  0]LogInit: User: qweo
[2022.03.08-13.15.00:936][  0]LogInit: CPU Page size=4096, Cores=4
[2022.03.08-13.15.00:936][  0]LogInit: High frequency timer resolution =10.000000 MHz
[2022.03.08-13.15.00:936][  0]LogMemory: Memory total: Physical=15.9GB (16GB approx)
[2022.03.08-13.15.00:936][  0]LogMemory: Platform Memory Stats for Windows
[2022.03.08-13.15.00:936][  0]LogMemory: Process Physical Memory: 147.57 MB used, 147.57 MB peak
[2022.03.08-13.15.00:936][  0]LogMemory: Process Virtual Memory: 120.01 MB used, 120.01 MB peak
[2022.03.08-13.15.00:936][  0]LogMemory: Physical Memory: 6231.52 MB used,  10088.27 MB free, 16319.79 MB total
[2022.03.08-13.15.00:936][  0]LogMemory: Virtual Memory: 134197952.00 MB used,  19773.75 MB free, 134217728.00 MB total
[2022.03.08-13.15.00:944][  0]LogWindows: WindowsPlatformFeatures enabled
[2022.03.08-13.15.01:026][  0]LogInit: Physics initialised using underlying interface: PhysX
[2022.03.08-13.15.01:027][  0]LogInit: Using OS detected language (en-US).
[2022.03.08-13.15.01:027][  0]LogInit: Using OS detected locale (da-DK).
[2022.03.08-13.15.01:031][  0]LogTextLocalizationManager: No specific localization for 'en-US' exists, so the 'en' localization will be used.
[2022.03.08-13.15.01:354][  0]LogWindowsTextInputMethodSystem: Display: IME system deactivated.
[2022.03.08-13.15.01:369][  0]LogSlate: New Slate User Created.  User Index 0, Is Virtual User: 0
[2022.03.08-13.15.01:369][  0]LogSlate: Slate User Registered.  User Index 0, Is Virtual User: 0
[2022.03.08-13.15.01:663][  0]LogD3D11RHI: Loaded GFSDK_Aftermath_Lib.x64.dll
[2022.03.08-13.15.01:774][  0]LogHMD: Optional extension XR_VARJO_quad_views is not available
[2022.03.08-13.15.01:775][  0]LogHMD: Warning: Required extension XR_EXT_eye_gaze_interaction is not available
[2022.03.08-13.15.01:775][  0]LogHMD: Could not enable all required OpenXR extensions for OpenXREyeTracker on current system. This plugin will be loaded but ignored, but will be enabled on a target platform that supports the required extension.
[2022.03.08-13.15.01:823][  0]LogHMD: Failed to create an OpenXR instance, result is XR_ERROR_RUNTIME_FAILURE. Please check if you have an OpenXR runtime installed. The following extensions were enabled:
[2022.03.08-13.15.01:823][  0]LogHMD: - XR_KHR_D3D11_enable
[2022.03.08-13.15.01:823][  0]LogHMD: - XR_KHR_D3D12_enable
[2022.03.08-13.15.01:823][  0]LogHMD: - XR_KHR_opengl_enable
[2022.03.08-13.15.01:823][  0]LogHMD: - XR_KHR_vulkan_enable
[2022.03.08-13.15.01:823][  0]LogHMD: - XR_KHR_composition_layer_depth
[2022.03.08-13.15.01:823][  0]LogHMD: - XR_KHR_visibility_mask
[2022.03.08-13.15.01:823][  0]LogHMD: - XR_EXT_hand_tracking
[2022.03.08-13.15.01:823][  0]LogD3D11RHI: D3D11 min allowed feature level: 11_0
[2022.03.08-13.15.01:824][  0]LogD3D11RHI: D3D11 max allowed feature level: 11_0
[2022.03.08-13.15.01:824][  0]LogD3D11RHI: D3D11 adapters:
[2022.03.08-13.15.01:967][  0]LogD3D11RHI:    0. 'NVIDIA GeForce GTX 1070' (Feature Level 11_0)
[2022.03.08-13.15.01:967][  0]LogD3D11RHI:       8082/0/8159 MB DedicatedVideo/DedicatedSystem/SharedSystem, Outputs:1, VendorId:0x10de
[2022.03.08-13.15.01:977][  0]LogD3D11RHI:    1. 'Microsoft Basic Render Driver' (Feature Level 11_0)
[2022.03.08-13.15.01:977][  0]LogD3D11RHI:       0/0/8159 MB DedicatedVideo/DedicatedSystem/SharedSystem, Outputs:0, VendorId:0x1414
[2022.03.08-13.15.01:977][  0]LogD3D11RHI: Chosen D3D11 Adapter:
[2022.03.08-13.15.01:977][  0]LogD3D11RHI:     Description : NVIDIA GeForce GTX 1070
[2022.03.08-13.15.01:977][  0]LogD3D11RHI:     VendorId    : 10de
[2022.03.08-13.15.01:977][  0]LogD3D11RHI:     DeviceId    : 1be1
[2022.03.08-13.15.01:977][  0]LogD3D11RHI:     SubSysId    : 14701043
[2022.03.08-13.15.01:977][  0]LogD3D11RHI:     Revision    : 00a1
[2022.03.08-13.15.01:977][  0]LogD3D11RHI:     DedicatedVideoMemory : 8474591232 bytes
[2022.03.08-13.15.01:977][  0]LogD3D11RHI:     DedicatedSystemMemory : 0 bytes
[2022.03.08-13.15.01:977][  0]LogD3D11RHI:     SharedSystemMemory : 8556269568 bytes
[2022.03.08-13.15.01:977][  0]LogD3D11RHI:     AdapterLuid : 0 59221905
[2022.03.08-13.15.01:988][  0]LogD3D11RHI: Creating new Direct3DDevice
[2022.03.08-13.15.01:988][  0]LogD3D11RHI:     GPU DeviceId: 0x1be1 (for the marketing name, search the web for "GPU Device Id")
[2022.03.08-13.15.01:989][  0]LogWindows: EnumDisplayDevices:
[2022.03.08-13.15.01:989][  0]LogWindows:    0. 'NVIDIA GeForce GTX 1070' (P:1 D:1)
[2022.03.08-13.15.01:989][  0]LogWindows:    1. 'NVIDIA GeForce GTX 1070' (P:0 D:0)
[2022.03.08-13.15.01:990][  0]LogWindows:    2. 'NVIDIA GeForce GTX 1070' (P:0 D:0)
[2022.03.08-13.15.01:990][  0]LogWindows:    3. 'NVIDIA GeForce GTX 1070' (P:0 D:0)
[2022.03.08-13.15.01:991][  0]LogWindows: DebugString: FoundDriverCount:4 
[2022.03.08-13.15.01:991][  0]LogD3D11RHI:     Adapter Name: NVIDIA GeForce GTX 1070
[2022.03.08-13.15.01:991][  0]LogD3D11RHI:   Driver Version: 511.79 (internal:30.0.15.1179, unified:511.79)
[2022.03.08-13.15.01:991][  0]LogD3D11RHI:      Driver Date: 2-10-2022
[2022.03.08-13.15.01:991][  0]LogRHI: Texture pool is 5657 MB (70% of 8082 MB)
[2022.03.08-13.15.01:991][  0]LogD3D11RHI: Creating D3DDevice using adapter:
[2022.03.08-13.15.01:991][  0]LogD3D11RHI:     Description : NVIDIA GeForce GTX 1070
[2022.03.08-13.15.01:991][  0]LogD3D11RHI:     VendorId    : 10de
[2022.03.08-13.15.01:991][  0]LogD3D11RHI:     DeviceId    : 1be1
[2022.03.08-13.15.01:991][  0]LogD3D11RHI:     SubSysId    : 14701043
[2022.03.08-13.15.01:991][  0]LogD3D11RHI:     Revision    : 00a1
[2022.03.08-13.15.01:991][  0]LogD3D11RHI:     DedicatedVideoMemory : 8474591232 bytes
[2022.03.08-13.15.01:991][  0]LogD3D11RHI:     DedicatedSystemMemory : 0 bytes
[2022.03.08-13.15.01:991][  0]LogD3D11RHI:     SharedSystemMemory : 8556269568 bytes
[2022.03.08-13.15.01:991][  0]LogD3D11RHI:     AdapterLuid : 0 59221905
[2022.03.08-13.15.02:122][  0]LogD3D11RHI: RHI has support for 64 bit atomics
[2022.03.08-13.15.02:122][  0]LogD3D11RHI: Async texture creation enabled
[2022.03.08-13.15.02:122][  0]LogD3D11RHI: Array index from any shader is supported
[2022.03.08-13.15.02:152][  0]LogD3D11RHI: GPU Timing Frequency: 1000.000000 (Debug: 2 1)
[2022.03.08-13.15.02:226][  0]LogRHI: GeForceNow SDK initialized: 1
[2022.03.08-13.15.02:764][  0]LogTargetPlatformManager: Display: Loaded TargetPlatform 'AllDesktop'
[2022.03.08-13.15.02:800][  0]LogTargetPlatformManager: Display: Loaded TargetPlatform 'Android'
[2022.03.08-13.15.02:800][  0]LogTargetPlatformManager: Display: Loaded TargetPlatform 'Android_ASTC'
[2022.03.08-13.15.02:800][  0]LogTargetPlatformManager: Display: Loaded TargetPlatform 'Android_DXT'
[2022.03.08-13.15.02:800][  0]LogTargetPlatformManager: Display: Loaded TargetPlatform 'Android_ETC2'
[2022.03.08-13.15.02:800][  0]LogTargetPlatformManager: Display: Loaded TargetPlatform 'AndroidClient'
[2022.03.08-13.15.02:800][  0]LogTargetPlatformManager: Display: Loaded TargetPlatform 'Android_ASTCClient'
[2022.03.08-13.15.02:800][  0]LogTargetPlatformManager: Display: Loaded TargetPlatform 'Android_DXTClient'
[2022.03.08-13.15.02:800][  0]LogTargetPlatformManager: Display: Loaded TargetPlatform 'Android_ETC2Client'
[2022.03.08-13.15.02:800][  0]LogTargetPlatformManager: Display: Loaded TargetPlatform 'Android_Multi'
[2022.03.08-13.15.02:800][  0]LogTargetPlatformManager: Display: Loaded TargetPlatform 'Android_MultiClient'
[2022.03.08-13.15.02:831][  0]LogTargetPlatformManager: Display: Loaded TargetPlatform 'IOSClient'
[2022.03.08-13.15.02:831][  0]LogTargetPlatformManager: Display: Loaded TargetPlatform 'IOS'
[2022.03.08-13.15.02:848][  0]LogTargetPlatformManager: Display: Loaded TargetPlatform 'Linux'
[2022.03.08-13.15.02:855][  0]LogTargetPlatformManager: Display: Loaded TargetPlatform 'LinuxNoEditor'
[2022.03.08-13.15.02:862][  0]LogTargetPlatformManager: Display: Loaded TargetPlatform 'LinuxClient'
[2022.03.08-13.15.02:870][  0]LogTargetPlatformManager: Display: Loaded TargetPlatform 'LinuxServer'
[2022.03.08-13.15.02:886][  0]LogTargetPlatformManager: Display: Loaded TargetPlatform 'LinuxAArch64NoEditor'
[2022.03.08-13.15.02:894][  0]LogTargetPlatformManager: Display: Loaded TargetPlatform 'LinuxAArch64Client'
[2022.03.08-13.15.02:899][  0]LogTargetPlatformManager: Display: Loaded TargetPlatform 'LinuxAArch64Server'
[2022.03.08-13.15.02:930][  0]LogTargetPlatformManager: Display: Loaded TargetPlatform 'Lumin'
[2022.03.08-13.15.02:930][  0]LogTargetPlatformManager: Display: Loaded TargetPlatform 'LuminClient'
[2022.03.08-13.15.02:944][  0]LogTargetPlatformManager: Display: Loaded TargetPlatform 'MacNoEditor'
[2022.03.08-13.15.02:950][  0]LogTargetPlatformManager: Display: Loaded TargetPlatform 'Mac'
[2022.03.08-13.15.02:957][  0]LogTargetPlatformManager: Display: Loaded TargetPlatform 'MacClient'
[2022.03.08-13.15.02:963][  0]LogTargetPlatformManager: Display: Loaded TargetPlatform 'MacServer'
[2022.03.08-13.15.02:982][  0]LogTargetPlatformManager: Display: Loaded TargetPlatform 'TVOSClient'
[2022.03.08-13.15.02:982][  0]LogTargetPlatformManager: Display: Loaded TargetPlatform 'TVOS'
[2022.03.08-13.15.03:000][  0]LogTargetPlatformManager: Display: Loaded TargetPlatform 'WindowsNoEditor'
[2022.03.08-13.15.03:007][  0]LogTargetPlatformManager: Display: Loaded TargetPlatform 'Windows'
[2022.03.08-13.15.03:015][  0]LogTargetPlatformManager: Display: Loaded TargetPlatform 'WindowsClient'
[2022.03.08-13.15.03:023][  0]LogTargetPlatformManager: Display: Loaded TargetPlatform 'WindowsServer'
[2022.03.08-13.15.03:023][  0]LogTargetPlatformManager: Display: Building Assets For Windows
[2022.03.08-13.15.03:035][  0]LogAudioDebug: Display: Lib vorbis DLL was dynamically loaded.
[2022.03.08-13.15.03:075][  0]LogTextureFormatOodle: Display: Oodle Texture 2.9.0 init RDO Off
[2022.03.08-13.15.03:128][  0]LogRendererCore: Ray tracing is disabled. Reason: r.RayTracing=0.
[2022.03.08-13.15.03:128][  0]LogShaderCompilers: Guid format shader working directory is 4 characters bigger than the processId version (C:/Users/qwe_o/P8ToBeAnnounced/P8_VR_Home/Intermediate/Shaders/WorkingDirectory/13196/).
[2022.03.08-13.15.03:128][  0]LogShaderCompilers: Cleaned the shader compiler working directory 'C:/Users/qwe_o/AppData/Local/Temp/UnrealShaderWorkingDir/CF0501614001B260E0109491998C528D/'.
[2022.03.08-13.15.03:128][  0]LogXGEController: Cannot use XGE Controller as Incredibuild is not installed on this machine.
[2022.03.08-13.15.03:128][  0]LogShaderCompilers: Display: Using Local Shader Compiler.
[2022.03.08-13.15.04:388][  0]LogDerivedDataCache: Display: Max Cache Size: 512 MB
[2022.03.08-13.15.04:506][  0]LogDerivedDataCache: Loaded boot cache 0.12s 140MB C:/Users/qwe_o/AppData/Local/UnrealEngine/4.27/DerivedDataCache/Boot.ddc.
[2022.03.08-13.15.04:506][  0]LogDerivedDataCache: Display: Loaded Boot cache: C:/Users/qwe_o/AppData/Local/UnrealEngine/4.27/DerivedDataCache/Boot.ddc
[2022.03.08-13.15.04:507][  0]LogDerivedDataCache: FDerivedDataBackendGraph:  Pak pak cache file C:/Users/qwe_o/P8ToBeAnnounced/P8_VR_Home/DerivedDataCache/DDC.ddp not found, will not use a pak cache.
[2022.03.08-13.15.04:507][  0]LogDerivedDataCache: Unable to find inner node Pak for hierarchical cache Hierarchy.
[2022.03.08-13.15.04:507][  0]LogDerivedDataCache: FDerivedDataBackendGraph:  CompressedPak pak cache file C:/Users/qwe_o/P8ToBeAnnounced/P8_VR_Home/DerivedDataCache/Compressed.ddp not found, will not use a pak cache.
[2022.03.08-13.15.04:507][  0]LogDerivedDataCache: Unable to find inner node CompressedPak for hierarchical cache Hierarchy.
[2022.03.08-13.15.04:536][  0]LogDerivedDataCache: Display: Pak cache opened for reading ../../../Engine/DerivedDataCache/Compressed.ddp.
[2022.03.08-13.15.04:536][  0]LogDerivedDataCache: FDerivedDataBackendGraph:  EnterprisePak pak cache file ../../../Enterprise/DerivedDataCache/Compressed.ddp not found, will not use a pak cache.
[2022.03.08-13.15.04:536][  0]LogDerivedDataCache: Unable to find inner node EnterprisePak for hierarchical cache Hierarchy.
[2022.03.08-13.15.04:547][  0]LogDerivedDataCache: Speed tests for C:/Users/qwe_o/AppData/Local/UnrealEngine/Common/DerivedDataCache took 0.01 seconds
[2022.03.08-13.15.04:547][  0]LogDerivedDataCache: Display: Performance to C:/Users/qwe_o/AppData/Local/UnrealEngine/Common/DerivedDataCache: Latency=0.05ms. RandomReadSpeed=758.93MBs, RandomWriteSpeed=106.96MBs. Assigned SpeedClass 'Local'
[2022.03.08-13.15.04:550][  0]LogDerivedDataCache: Using Local data cache path C:/Users/qwe_o/AppData/Local/UnrealEngine/Common/DerivedDataCache: Writable
[2022.03.08-13.15.04:550][  0]LogDerivedDataCache: Shared data cache path not found in *engine.ini, will not use an Shared cache.
[2022.03.08-13.15.04:550][  0]LogDerivedDataCache: Unable to find inner node Shared for hierarchical cache Hierarchy.
[2022.03.08-13.15.04:639][  0]LogSlate: Using FreeType 2.10.0
[2022.03.08-13.15.04:640][  0]LogSlate: SlateFontServices - WITH_FREETYPE: 1, WITH_HARFBUZZ: 1
[2022.03.08-13.15.04:674][  0]LogHMD: Optional extension XR_VARJO_quad_views is not available
[2022.03.08-13.15.04:674][  0]LogHMD: Warning: Required extension XR_EXT_eye_gaze_interaction is not available
[2022.03.08-13.15.04:674][  0]LogHMD: Could not enable all required OpenXR extensions for OpenXREyeTracker on current system. This plugin will be loaded but ignored, but will be enabled on a target platform that supports the required extension.
[2022.03.08-13.15.04:734][  0]LogHMD: Failed to create an OpenXR instance, result is XR_ERROR_RUNTIME_FAILURE. Please check if you have an OpenXR runtime installed. The following extensions were enabled:
[2022.03.08-13.15.04:734][  0]LogHMD: - XR_KHR_D3D11_enable
[2022.03.08-13.15.04:734][  0]LogHMD: - XR_KHR_D3D12_enable
[2022.03.08-13.15.04:734][  0]LogHMD: - XR_KHR_opengl_enable
[2022.03.08-13.15.04:734][  0]LogHMD: - XR_KHR_vulkan_enable
[2022.03.08-13.15.04:734][  0]LogHMD: - XR_KHR_composition_layer_depth
[2022.03.08-13.15.04:734][  0]LogHMD: - XR_KHR_visibility_mask
[2022.03.08-13.15.04:734][  0]LogHMD: - XR_EXT_hand_tracking
[2022.03.08-13.15.04:790][  0]LogAssetRegistry: FAssetRegistry took 0.0084 seconds to start up
[2022.03.08-13.15.05:489][  0]LogInit: Selected Device Profile: [Windows]
[2022.03.08-13.15.05:490][  0]LogInit: Active device profile: [000001EFD5E2BB00][000001EFD6AAB600 49] Windows
[2022.03.08-13.15.05:490][  0]LogInit: Profiles: [000001EFD5E2BB00][000001EFD6AAB600 49] Windows, [000001EFD5DA0600][000001EFD6AB7780 49] WindowsNoEditor, [000001EFD5E28600][000001EFD6ABB900 49] WindowsServer, [000001EFD5DA3300][000001EFD6ABFA80 49] WindowsClient, [000001EFD5E2B200][000001EFD6AC3C00 49] IOS, [000001EFD5DA1000][000001EFD6AC6200 49] iPadAir, [000001EFD5E28F00][000001EFD6ACA380 49] iPadAir2, [000001EFD5D44300][000001EFD6AD2640 49] IPadPro, [000001EFD5D44400][000001EFD6ACE680 49] iPadAir3, [000001EFD5E2AC00][000001EFD6AD6800 49] iPadAir4, [000001EFD5D47600][000001EFD6ADA980 49] iPadMini2, [000001EFD5E29400][000001EFD6ADEB00 49] iPadMini3, [000001EFD5D45500][000001EFD6AE2C80 49] iPadMini4, [000001EFD5E2A400][000001EFD6AAEDC0 49] iPadMini5, [000001EFD5D37B00][000001EFD6AEB000 49] iPhone6, [000001EFD5D37C00][000001EFD6AE7040 49] iPodTouch6, [000001EFD5D47100][000001EFD6AF72C0 49] iPhone7, [000001EFD5D47000][000001EFD6AEF300 49] iPodTouch7, [000001EFD5D34B00][000001EFD6AFB480 49] iPhone5S, [000001EFD5D44B00][000001EFD6AFF600 49] iPhone6Plus, [000001EFD5D36E00][000001EFD6B03780 49] iPhone6S, [000001EFD5D47D00][000001EFD6B07900 49] iPhone6SPlus, [000001EFD5D35300][000001EFD6B0BA80 49] iPhone7Plus, [000001EFD5D45000][000001EFD568BC00 49] iPhoneSE, [000001EFD5D36600][000001EFD568E200 49] iPhone8, [000001EFD5D45800][000001EFD5692380 49] iPhone8Plus, [000001EFD5D35B00][000001EFD5696500 49] iPhoneX, [000001EFD5D44600][000001EFD569A680 49] iPhoneXS, [000001EFD5D34600][000001EFD569E800 49] iPhoneXSMax, [000001EFD5D46800][000001EFD56A2980 49] iPhoneXR, [000001EFD5D35D00][000001EFD56A6B00 49] iPhone11, [000001EFD5D46F00][000001EFD56AAC80 49] iPhone11Pro, [000001EFD5D37900][000001EFD56AEE00 49] iPhone11ProMax, [000001EFD5D46B00][000001EFD6AF2F40 49] iPhoneSE2, [000001EFD5D36400][000001EFD56B3080 49] iPhone12Mini, [000001EFD5D45900][000001EFD56B71C0 49] iPhone12, [000001EFD5D35C00][000001EFD56BB300 49] iPhone12Pro, [000001EFD5D46300][000001EFD56C3480 49] iPhone12ProMax, [000001EFD5D35700][000001EFD56C7600 49] iPadPro105, [000001EFD5D45600][000001EFD56CB780 49] iPadPro129, [000001EFD5D35600][000001EFD56CF900 49] iPadPro97, [000001EFD5D47B00][000001EFD56D3A80 49] iPadPro2_129, [000001EFD5D35E00][000001EFD56D7C00 49] iPad5, [000001EFD5D47E00][000001EFD56DA200 49] iPad6, [000001EFD5D37F00][000001EFD56DE380 49] iPad7, [000001EFD5D44E00][000001EFD56E2500 49] iPad8, [000001EFD5D34F00][000001EFD56E6680 49] iPadPro11, [000001EFD5D45100][000001EFD56EA800 49] iPadPro2_11, [000001EFD5D36100][000001EFD56EE980 49] iPadPro3_129, [000001EFD5D44C00][000001EFD56F2B00 49] iPadPro4_129, [000001EFD5D36200][000001EFD56F6C80 49] AppleTV, [000001EFD5D45B00][000001EFD56FAE00 49] AppleTV4K, [000001EFD5D35200][000001EFD551CF80 49] TVOS, [000001EFD5D45D00][000001EFD5521100 49] Mac, [000001EFD5D34100][000001EFD56BF240 49] MacClient, [000001EFD5D44D00][000001EFD5525380 49] MacNoEditor, [000001EFD5D35000][000001EFD55294C0 49] MacServer, [000001EFD5D44F00][000001EFD5531640 49] Linux, [000001EFD5D36300][000001EFD55357C0 49] LinuxAArch64, [000001EFD5D47800][000001EFD5539940 49] LinuxNoEditor, [000001EFD5D34200][000001EFD553DAC0 49] LinuxAArch64NoEditor, [000001EFD5D45300][000001EFD55400C0 49] LinuxClient, [000001EFD5D34800][000001EFD5544240 49] LinuxAArch64Client, [000001EFD5D47700][000001EFD55483C0 49] LinuxServer, [000001EFD5D35900][000001EFD554C540 49] LinuxAArch64Server, [000001EFD5D44200][000001EFD55506C0 49] Android, [000001EFD5DA2C00][000001EFD5554840 49] Android_Low, [000001EFD604C800][000001EFD55589C0 49] Android_Mid, [000001EFD5DA3400][000001EFD555CB40 49] Android_High, [000001EFD604C100][000001EFD5560CC0 49] Android_Default, [000001EFD5DA0300][000001EFD5564E40 49] Android_Adreno4xx, [000001EFD604D100][000001EFD5568FC0 49] Android_Adreno5xx_Low, [000001EFD5DA2000][000001EFD556D140 49] Android_Adreno5xx, [000001EFD604CD00][000001EFD55712C0 49] Android_Adreno6xx, [000001EFD5DA3100][000001EFD552D400 49] Android_Adreno6xx_Vulkan, [000001EFD604CC00][000001EFD5575540 49] Android_Mali_T6xx, [000001EFD5DA1C00][000001EFD5579680 49] Android_Mali_T7xx, [000001EFD604E000][000001EFD557D7C0 49] Android_Mali_T8xx, [000001EFD5DA0B00][000001EFD5585940 49] Android_Mali_G71, [000001EFD604CB00][000001EFD5589AC0 49] Android_Mali_G72, [000001EFD5DA1B00][000001EFD558C0C0 49] Android_Mali_G72_Vulkan, [000001EFD604D900][000001EFD5594240 49] Android_Mali_G76, [000001EFD5DA3E00][000001EFD55983C0 49] Android_Mali_G76_Vulkan, [000001EFD604C700][000001EFD4100540 49] Android_Mali_G77, [000001EFD5DA0C00][000001EFD412E6C0 49] Android_Mali_G77_Vulkan, [000001EFD604D200][000001EFD4162840 49] Android_Mali_G78, [000001EFD5DA0400][000001EFD41969C0 49] Android_Mali_G78_Vulkan, [000001EFD604D500][000001EFD41A6B40 49] Android_Mali_G710, [000001EFD5DA0500][000001EFD41AACC0 49] Android_Mali_G710_Vulkan, [000001EFD604CA00][000001EFD545AE40 49] Android_Vulkan_SM5, [000001EFD5DA3200][000001EFD54CEFC0 49] Android_PowerVR_G6xxx, [000001EFD604EE00][000001EFD54D3140 49] Android_PowerVR_GT7xxx, [000001EFD5D46A00][000001EFD560B2C0 49] Android_PowerVR_GE8xxx, [000001EFD604E900][000001EFD560F440 49] Android_PowerVR_GM9xxx, [000001EFD5D46000][000001EFD5581580 49] Android_PowerVR_GM9xxx_Vulkan, [000001EFD604DE00][000001EFD41336C0 49] Android_TegraK1, [000001EFD5D44100][000001EFD412B800 49] Android_Unknown_Vulkan, [000001EFD604C300][000001EFD5643940 49] Lumin, [000001EFD5D47A00][000001EFD564FAC0 49] Lumin_Desktop, [000001EFD604D000][000001EFD56520C0 49] HoloLens, 
[2022.03.08-13.15.05:771][  0]LogMeshReduction: Using QuadricMeshReduction for automatic static mesh reduction
[2022.03.08-13.15.05:771][  0]LogMeshReduction: Using SimplygonMeshReduction for automatic skeletal mesh reduction
[2022.03.08-13.15.05:771][  0]LogMeshReduction: Using ProxyLODMeshReduction for automatic mesh merging
[2022.03.08-13.15.05:771][  0]LogMeshReduction: No distributed automatic mesh merging module available
[2022.03.08-13.15.05:771][  0]LogMeshMerging: No distributed automatic mesh merging module available
[2022.03.08-13.15.05:827][  0]LogNetVersion: P8_VR_Home 1.0.0, NetCL: 17155196, EngineNetVer: 17, GameNetVer: 0 (Checksum: 1173850688)
[2022.03.08-13.15.06:724][  0]LogTexture: Default maximum texture size for cubemaps generated from long-lat sources has been changed from 512 to unlimited. In order to preserve old behaiour for '/Engine/MapTemplates/Sky/DaylightAmbientCubemap.DaylightAmbientCubemap', its maximum texture size has been explicitly set to 512.
[2022.03.08-13.15.06:818][  0]LogHMD: PokeAHoleMaterial loaded successfully
[2022.03.08-13.15.06:827][  0]LogUObjectArray: 17075 objects as part of root set at end of initial load.
[2022.03.08-13.15.06:827][  0]LogUObjectAllocator: 4275792 out of 0 bytes used by permanent object pool.
[2022.03.08-13.15.06:827][  0]LogUObjectArray: CloseDisregardForGC: 0/0 objects in disregard for GC pool
[2022.03.08-13.15.07:382][  0]LogNiagaraDebuggerClient: Niagara Debugger Client Initialized | Session: D6CE7A834F476B159078DC97320A0E82 | Instance: 4F9F73204D041C317407C5B5ACB0D287 (DESKTOP-28BR1PH-13196).
[2022.03.08-13.15.07:436][  0]LogPython: Using Python 3.7.7
[2022.03.08-13.15.08:112][  0]LogTcpMessaging: Initializing TcpMessaging bridge
[2022.03.08-13.15.08:118][  0]LogUdpMessaging: Initializing bridge on interface 0.0.0.0:0 to multicast group 230.0.0.1:6666.
[2022.03.08-13.15.08:897][  0]SourceControl: Source control is disabled
[2022.03.08-13.15.08:897][  0]SourceControl: Source control is disabled
[2022.03.08-13.15.08:901][  0]SourceControl: Source control is disabled
[2022.03.08-13.15.08:905][  0]SourceControl: Source control is disabled
[2022.03.08-13.15.09:025][  0]LogTexture: Default maximum texture size for cubemaps generated from long-lat sources has been changed from 512 to unlimited. In order to preserve old behaiour for '/Engine/EditorMaterials/AssetViewer/EpicQuadPanorama_CC+EV1.EpicQuadPanorama_CC+EV1', its maximum texture size has been explicitly set to 512.
[2022.03.08-13.15.09:117][  0]SourceControl: Source control is disabled
[2022.03.08-13.15.09:142][  0]LogUProjectInfo: Found projects:
[2022.03.08-13.15.10:230][  0]LogOpenImageDenoise: OIDN starting up
[2022.03.08-13.15.10:291][  0]LogAndroidPermission: UAndroidPermissionCallbackProxy::GetInstance
[2022.03.08-13.15.10:319][  0]LogAudioCaptureCore: Display: No Audio Capture implementations found. Audio input will be silent.
[2022.03.08-13.15.10:319][  0]LogAudioCaptureCore: Display: No Audio Capture implementations found. Audio input will be silent.
[2022.03.08-13.15.10:547][  0]LogCollectionManager: Loaded 0 collections in 0.000953 seconds
[2022.03.08-13.15.10:581][  0]LogFileCache: Scanning file cache for directory 'C:/Users/qwe_o/P8ToBeAnnounced/P8_VR_Home/Saved/Collections/' took 0.00s
[2022.03.08-13.15.10:581][  0]LogFileCache: Scanning file cache for directory 'C:/Users/qwe_o/P8ToBeAnnounced/P8_VR_Home/Content/Developers/qweo/Collections/' took 0.00s
[2022.03.08-13.15.10:581][  0]LogFileCache: Scanning file cache for directory 'C:/Users/qwe_o/P8ToBeAnnounced/P8_VR_Home/Content/Collections/' took 0.00s
[2022.03.08-13.15.10:581][  0]LogOcInput: OculusInput pre-init called
[2022.03.08-13.15.11:055][  0]LogEngine: Initializing Engine...
[2022.03.08-13.15.11:090][  0]LogHMD: Optional extension XR_VARJO_quad_views is not available
[2022.03.08-13.15.11:091][  0]LogHMD: Warning: Required extension XR_EXT_eye_gaze_interaction is not available
[2022.03.08-13.15.11:091][  0]LogHMD: Could not enable all required OpenXR extensions for OpenXREyeTracker on current system. This plugin will be loaded but ignored, but will be enabled on a target platform that supports the required extension.
[2022.03.08-13.15.11:140][  0]LogHMD: Failed to create an OpenXR instance, result is XR_ERROR_RUNTIME_FAILURE. Please check if you have an OpenXR runtime installed. The following extensions were enabled:
[2022.03.08-13.15.11:140][  0]LogHMD: - XR_KHR_D3D11_enable
[2022.03.08-13.15.11:140][  0]LogHMD: - XR_KHR_D3D12_enable
[2022.03.08-13.15.11:140][  0]LogHMD: - XR_KHR_opengl_enable
[2022.03.08-13.15.11:140][  0]LogHMD: - XR_KHR_vulkan_enable
[2022.03.08-13.15.11:140][  0]LogHMD: - XR_KHR_composition_layer_depth
[2022.03.08-13.15.11:140][  0]LogHMD: - XR_KHR_visibility_mask
[2022.03.08-13.15.11:140][  0]LogHMD: - XR_EXT_hand_tracking
[2022.03.08-13.15.11:141][  0]LogMagicLeap: Warning: VR disabled because ZI is not enabled.  To enable, in the editor, Edit -> Project Settings -> Plugins -> Magic Leap Plugin -> Enable Zero Iteration
[2022.03.08-13.15.11:142][  0]LogStats: UGameplayTagsManager::InitializeManager -  0.000 s
[2022.03.08-13.15.11:332][  0]LogInit: Initializing FReadOnlyCVARCache
[2022.03.08-13.15.11:342][  0]LogAIModule: Creating AISystem for world Untitled
[2022.03.08-13.15.11:362][  0]LogAudio: Display: Initializing Audio Device Manager...
[2022.03.08-13.15.11:368][  0]LogAudio: Display: Loading Default Audio Settings Objects...
[2022.03.08-13.15.11:369][  0]LogAudio: Display: No default SoundConcurrencyObject specified (or failed to load).
[2022.03.08-13.15.11:369][  0]LogAudio: Display: Audio Device Manager Initialized
[2022.03.08-13.15.11:369][  0]LogAudio: Display: Creating Audio Device:                 Id: 1, Scope: Shared, Realtime: True
[2022.03.08-13.15.11:370][  0]LogAudioMixer: Display: Audio Mixer Platform Settings:
[2022.03.08-13.15.11:370][  0]LogAudioMixer: Display: 	Sample Rate:						  48000
[2022.03.08-13.15.11:370][  0]LogAudioMixer: Display: 	Callback Buffer Frame Size Requested: 1024
[2022.03.08-13.15.11:370][  0]LogAudioMixer: Display: 	Callback Buffer Frame Size To Use:	  1024
[2022.03.08-13.15.11:370][  0]LogAudioMixer: Display: 	Number of buffers to queue:			  1
[2022.03.08-13.15.11:370][  0]LogAudioMixer: Display: 	Max Channels (voices):				  0
[2022.03.08-13.15.11:370][  0]LogAudioMixer: Display: 	Number of Async Source Workers:		  4
[2022.03.08-13.15.11:370][  0]LogAudio: Display: AudioDevice MaxSources: 32
[2022.03.08-13.15.11:370][  0]LogAudio: Display: Audio Spatialization Plugin: Resonance Audio is external send: 1
[2022.03.08-13.15.11:370][  0]LogAudio: Display: Audio Reverb Plugin: Resonance Audio
[2022.03.08-13.15.11:370][  0]LogAudio: Display: Audio Occlusion Plugin: None (built-in).
[2022.03.08-13.15.11:370][  0]LogAudioMixer: Display: Initializing audio mixer.
[2022.03.08-13.15.11:398][  0]LogAudioMixer: Display: 0: FrontLeft
[2022.03.08-13.15.11:398][  0]LogAudioMixer: Display: 1: FrontRight
[2022.03.08-13.15.11:514][  0]LogAudioMixer: Display: Using Audio Device Speakers (Realtek High Definition Audio)
[2022.03.08-13.15.11:518][  0]LogAudioMixer: Display: Initializing Sound Submixes...
[2022.03.08-13.15.11:523][  0]LogAudioMixer: Display: Creating Master Submix 'MasterSubmixDefault'
[2022.03.08-13.15.11:523][  0]LogAudioMixer: Display: Creating Master Submix 'MasterReverbSubmixDefault'
[2022.03.08-13.15.11:525][  0]LogAudioMixer: Display: Creating Master Submix 'MasterEQSubmixDefault'
[2022.03.08-13.15.11:546][  0]LogAudioMixer: FMixerPlatformXAudio2::StartAudioStream() called
[2022.03.08-13.15.11:547][  0]LogAudioMixer: Display: Output buffers initialized: Frames=1024, Channels=2, Samples=2048
[2022.03.08-13.15.11:548][  0]LogAudioMixer: Display: Starting AudioMixerPlatformInterface::RunInternal()
[2022.03.08-13.15.11:548][  0]LogAudioMixer: Display: FMixerPlatformXAudio2::SubmitBuffer() called for the first time
[2022.03.08-13.15.11:548][  0]LogInit: FAudioDevice initialized.
[2022.03.08-13.15.11:549][  0]LogAudio: Display: Audio Device (ID: 1) registered with world 'Untitled'.
[2022.03.08-13.15.11:549][  0]LogNetVersion: Set ProjectVersion to 1.0.0.0. Version Checksum will be recalculated on next use.
[2022.03.08-13.15.11:664][  0]LogDerivedDataCache: Saved boot cache 0.11s 140MB C:/Users/qwe_o/AppData/Local/UnrealEngine/4.27/DerivedDataCache/Boot.ddc.
[2022.03.08-13.15.11:668][  0]LogInit: Texture streaming: Enabled
[2022.03.08-13.15.11:689][  0]LogAnalytics: Display: [UEEditor.Rocket.Release] APIServer = https://datarouter.ol.epicgames.com/. AppVersion = 4.27.2-18319896+++UE4+Release-4.27
[2022.03.08-13.15.11:695][  0]LogEngineSessionManager: EngineSessionManager initialized
[2022.03.08-13.15.11:695][  0]LogEditorSessionSummary: Verbose: Initializing EditorSessionSummaryWriter for editor session tracking
[2022.03.08-13.15.11:699][  0]LogEditorSessionSummary: EditorSessionSummaryWriter initialized
[2022.03.08-13.15.11:753][  0]LogInit: Transaction tracking system initialized
[2022.03.08-13.15.11:789][  0]BlueprintLog: New page: Editor Load
[2022.03.08-13.15.11:861][  0]LocalizationService: Localization service is disabled
[2022.03.08-13.15.11:890][  0]TimingProfiler: Initialize
[2022.03.08-13.15.11:890][  0]TimingProfiler: OnSessionChanged
[2022.03.08-13.15.11:890][  0]LoadingProfiler: Initialize
[2022.03.08-13.15.11:890][  0]LoadingProfiler: OnSessionChanged
[2022.03.08-13.15.11:890][  0]NetworkingProfiler: Initialize
[2022.03.08-13.15.11:890][  0]NetworkingProfiler: OnSessionChanged
[2022.03.08-13.15.11:890][  0]MemoryProfiler: Initialize
[2022.03.08-13.15.11:890][  0]MemoryProfiler: OnSessionChanged
[2022.03.08-13.15.12:627][  0]LogCook: Display: CookSettings for Memory: MemoryMaxUsedVirtual 0MiB, MemoryMaxUsedPhysical 16384MiB, MemoryMinFreeVirtual 0MiB, MemoryMinFreePhysical 1024MiB
[2022.03.08-13.15.12:627][  0]LogCook: Display: Mobile HDR setting 0
[2022.03.08-13.15.13:003][  0]LogFileCache: Scanning file cache for directory 'C:/Users/qwe_o/P8ToBeAnnounced/P8_VR_Home/Content/' took 0.02s
[2022.03.08-13.15.13:003][  0]LogInit: Display: Engine is initialized. Leaving FEngineLoop::Init()
[2022.03.08-13.15.13:008][  0]SourceControl: Source control is disabled
[2022.03.08-13.15.13:008][  0]LogUnrealEdMisc: Loading editor; pre map load, took 15.174
[2022.03.08-13.15.13:008][  0]Cmd: MAP LOAD FILE="C:/Users/qwe_o/P8ToBeAnnounced/P8_VR_Home/Content/VRTemplate/Maps/VRTemplateMap.umap" TEMPLATE=0 SHOWPROGRESS=1 FEATURELEVEL=3
[2022.03.08-13.15.13:009][  0]LightingResults: New page: Lighting Build
[2022.03.08-13.15.13:011][  0]LogWorld: UWorld::CleanupWorld for Untitled, bSessionEnded=true, bCleanupResources=true
[2022.03.08-13.15.13:011][  0]LogSlate: InvalidateAllWidgets triggered.  All widgets were invalidated
[2022.03.08-13.15.13:011][  0]MapCheck: New page: Map Check
[2022.03.08-13.15.13:011][  0]LightingResults: New page: Lighting Build
[2022.03.08-13.15.13:020][  0]LogAudio: Display: Audio Device unregistered from world 'None'.
[2022.03.08-13.15.13:025][  0]LogUObjectHash: Compacting FUObjectHashTables data took   1.33ms
[2022.03.08-13.15.13:980][  0]LogLinker: Warning: Asset 'C:/Users/qwe_o/P8ToBeAnnounced/P8_VR_Home/Content/Materials/PP_Outliner_Inst.uasset' has been saved with empty engine version. The asset will be loaded but may be incompatible.
[2022.03.08-13.15.13:981][  0]LogLinker: Warning: Asset 'C:/Users/qwe_o/P8ToBeAnnounced/P8_VR_Home/Content/Materials/PP_Outliner_M.uasset' has been saved with empty engine version. The asset will be loaded but may be incompatible.
[2022.03.08-13.15.13:992][  0]LogLinker: Warning: Asset 'C:/Users/qwe_o/P8ToBeAnnounced/P8_VR_Home/Content/Materials/MF_ConvolveTexture.uasset' has been saved with empty engine version. The asset will be loaded but may be incompatible.
[2022.03.08-13.15.13:999][  0]LogLinker: Warning: Asset 'C:/Users/qwe_o/P8ToBeAnnounced/P8_VR_Home/Content/Materials/MF_ExtractDepth.uasset' has been saved with empty engine version. The asset will be loaded but may be incompatible.
[2022.03.08-13.15.14:001][  0]LogLinker: Warning: Asset 'C:/Users/qwe_o/P8ToBeAnnounced/P8_VR_Home/Content/Materials/MF_SampleSceneTextureNeighbourUVs.uasset' has been saved with empty engine version. The asset will be loaded but may be incompatible.
[2022.03.08-13.15.15:812][  0]LogPhysics: Warning: Failed to cook TriMesh: /Game/Marwa/ModelsNew/Group_688_2_001.Group_688_2_001.
[2022.03.08-13.15.15:812][  0]LogPhysics: Warning: Attempt to build physics data for /Game/Marwa/ModelsNew/Group_688_2_001.Group_688_2_001:BodySetup_0 when we are unable to.
[2022.03.08-13.15.15:824][  0]LogPhysicsCore: Warning: PHYSX: (D:\Build\++Fortnite\Sync\Engine\Source\ThirdParty\PhysX3\PhysX_3.4\Source\PhysXCooking\src\convex\QuickHullConvexHullLib.cpp 937) eINTERNAL_ERROR : QuickHullConvexHullLib::findSimplex: Simplex input points appers to be coplanar.
[2022.03.08-13.15.15:825][  0]LogPhysicsCore: Warning: PHYSX: (D:\Build\++Fortnite\Sync\Engine\Source\ThirdParty\PhysX3\PhysX_3.4\Source\PhysXCooking\src\convex\QuickHullConvexHullLib.cpp 937) eINTERNAL_ERROR : QuickHullConvexHullLib::findSimplex: Simplex input points appers to be coplanar.
[2022.03.08-13.15.15:825][  0]LogPhysics: Warning: Failed to cook convex: /Game/Marwa/ModelsNew/Group_658_001.Group_658_001 0 (FlipX:0). The remaining elements will not get cooked.
[2022.03.08-13.15.15:825][  0]LogPhysics: Warning: Failed to cook TriMesh: /Game/Marwa/ModelsNew/Group_658_001.Group_658_001.
[2022.03.08-13.15.15:825][  0]LogPhysics: Warning: Attempt to build physics data for /Game/Marwa/ModelsNew/Group_658_001.Group_658_001:BodySetup_0 when we are unable to.
[2022.03.08-13.15.15:832][  0]LogPhysics: Warning: Failed to cook TriMesh: /Game/Marwa/ModelsNew/Group_629_001.Group_629_001.
[2022.03.08-13.15.15:833][  0]LogPhysics: Warning: Attempt to build physics data for /Game/Marwa/ModelsNew/Group_629_001.Group_629_001:BodySetup_0 when we are unable to.
[2022.03.08-13.15.15:835][  0]LogPhysics: Warning: Failed to cook TriMesh: /Game/Marwa/ModelsNew/Group_621_001.Group_621_001.
[2022.03.08-13.15.15:835][  0]LogPhysics: Warning: Attempt to build physics data for /Game/Marwa/ModelsNew/Group_621_001.Group_621_001:BodySetup_0 when we are unable to.
[2022.03.08-13.15.15:845][  0]LogPhysicsCore: Warning: PHYSX: (D:\Build\++Fortnite\Sync\Engine\Source\ThirdParty\PhysX3\PhysX_3.4\Source\PhysXCooking\src\convex\QuickHullConvexHullLib.cpp 937) eINTERNAL_ERROR : QuickHullConvexHullLib::findSimplex: Simplex input points appers to be coplanar.
[2022.03.08-13.15.15:845][  0]LogPhysicsCore: Warning: PHYSX: (D:\Build\++Fortnite\Sync\Engine\Source\ThirdParty\PhysX3\PhysX_3.4\Source\PhysXCooking\src\convex\QuickHullConvexHullLib.cpp 937) eINTERNAL_ERROR : QuickHullConvexHullLib::findSimplex: Simplex input points appers to be coplanar.
[2022.03.08-13.15.15:845][  0]LogPhysics: Warning: Failed to cook convex: /Game/Marwa/ModelsNew/Group_579_001.Group_579_001 0 (FlipX:0). The remaining elements will not get cooked.
[2022.03.08-13.15.15:845][  0]LogPhysicsCore: Warning: PHYSX: (D:\Build\++Fortnite\Sync\Engine\Source\ThirdParty\PhysX3\PhysX_3.4\Source\PhysXCooking\src\convex\QuickHullConvexHullLib.cpp 937) eINTERNAL_ERROR : QuickHullConvexHullLib::findSimplex: Simplex input points appers to be coplanar.
[2022.03.08-13.15.15:845][  0]LogPhysicsCore: Warning: PHYSX: (D:\Build\++Fortnite\Sync\Engine\Source\ThirdParty\PhysX3\PhysX_3.4\Source\PhysXCooking\src\convex\QuickHullConvexHullLib.cpp 937) eINTERNAL_ERROR : QuickHullConvexHullLib::findSimplex: Simplex input points appers to be coplanar.
[2022.03.08-13.15.15:845][  0]LogPhysics: Warning: Failed to cook convex: /Game/Marwa/ModelsNew/Group_579_001.Group_579_001 0 (FlipX:1). The remaining elements will not get cooked.
[2022.03.08-13.15.15:846][  0]LogPhysics: Warning: Attempt to build physics data for /Game/Marwa/ModelsNew/Group_579_001.Group_579_001:BodySetup_0 when we are unable to.
[2022.03.08-13.15.16:365][  0]LogPhysics: Warning: Failed to cook TriMesh: /Game/Marwa/3D_model_from_marwa/Geometries/Group_688_2.Group_688_2.
[2022.03.08-13.15.16:365][  0]LogPhysics: Warning: Attempt to build physics data for /Game/Marwa/3D_model_from_marwa/Geometries/Group_688_2.Group_688_2:BodySetup_0 when we are unable to.
[2022.03.08-13.15.16:448][  0]LogPhysics: Warning: Failed to cook TriMesh: /Game/Marwa/3D_model_from_marwa/Geometries/Group_598_2.Group_598_2.
[2022.03.08-13.15.16:448][  0]LogPhysics: Warning: Attempt to build physics data for /Game/Marwa/3D_model_from_marwa/Geometries/Group_598_2.Group_598_2:BodySetup_0 when we are unable to.
[2022.03.08-13.15.16:573][  0]LogPhysics: Warning: Failed to cook TriMesh: /Game/Marwa/3D_model_from_marwa/Geometries/Group_132_2.Group_132_2.
[2022.03.08-13.15.16:573][  0]LogPhysics: Warning: Attempt to build physics data for /Game/Marwa/3D_model_from_marwa/Geometries/Group_132_2.Group_132_2:BodySetup_0 when we are unable to.
[2022.03.08-13.15.16:964][  0]LogAudio: Display: Audio Device (ID: 1) registered with world 'VRTemplateMap'.
[2022.03.08-13.15.16:966][  0]LogAIModule: Creating AISystem for world VRTemplateMap
[2022.03.08-13.15.16:992][  0]LogPhysics: Warning: PopulatePhysXGeometryAndTransform(Convex): ConvexElem is missing ConvexMesh
[2022.03.08-13.15.16:992][  0]LogPhysics: Warning: ForeachShape(Convex): ScaledElem[0] invalid
[2022.03.08-13.15.17:032][  0]LogPhysics: Warning: PopulatePhysXGeometryAndTransform(Convex): ConvexElem is missing ConvexMesh
[2022.03.08-13.15.17:032][  0]LogPhysics: Warning: ForeachShape(Convex): ScaledElem[0] invalid
[2022.03.08-13.15.17:032][  0]LogPhysics: Warning: PopulatePhysXGeometryAndTransform(Convex): ConvexElem is missing ConvexMesh
[2022.03.08-13.15.17:032][  0]LogPhysics: Warning: ForeachShape(Convex): ScaledElem[0] invalid
[2022.03.08-13.15.17:032][  0]LogPhysics: Warning: PopulatePhysXGeometryAndTransform(Convex): ConvexElem is missing ConvexMesh
[2022.03.08-13.15.17:032][  0]LogPhysics: Warning: ForeachShape(Convex): ScaledElem[0] invalid
[2022.03.08-13.15.17:091][  0]LogEditorServer: Finished looking for orphan Actors (0.000 secs)
[2022.03.08-13.15.17:093][  0]LogNavigation: Warning: Recreating dtNavMesh instance due to saved navmesh origin (X=-20.000 Y=0.000 Z=10.000, usually the RecastNavMesh location) not being aligned with tile size (1000 uu) 
[2022.03.08-13.15.17:185][  0]LogUObjectHash: Compacting FUObjectHashTables data took   3.55ms
[2022.03.08-13.15.17:185][  0]Cmd: MAP CHECKDEP NOCLEARLOG
[2022.03.08-13.15.17:186][  0]MapCheck: Map check complete: 0 Error(s), 0 Warning(s), took 0,674ms to complete.
[2022.03.08-13.15.17:186][  0]LogFileHelpers: Loading map 'VRTemplateMap' took 4.177
[2022.03.08-13.15.17:190][  0]LogUnrealEdMisc: Total Editor Startup Time, took 19.356
[2022.03.08-13.15.17:454][  0]LogSlate: Updating window title bar state: overlay mode, drag disabled, window buttons hidden, title bar hidden
[2022.03.08-13.15.17:470][  0]LogSlate: Updating window title bar state: overlay mode, drag disabled, window buttons hidden, title bar hidden
[2022.03.08-13.15.17:485][  0]LogSlate: Updating window title bar state: overlay mode, drag disabled, window buttons hidden, title bar hidden
[2022.03.08-13.15.17:502][  0]LogSlate: Updating window title bar state: overlay mode, drag disabled, window buttons hidden, title bar hidden
[2022.03.08-13.15.17:569][  0]LogNativeClassHierarchy: Verbose: Native class hierarchy populated in 0.0250 seconds. Added 4030 classes and 980 folders.
[2022.03.08-13.15.17:607][  0]LogNativeClassHierarchy: Verbose: Native class hierarchy updated for 'WidgetCarousel' in 0.0004 seconds. Added 0 classes and 0 folders.
[2022.03.08-13.15.17:676][  0]LogPakFile: PakFile PrimaryIndexSize=187
[2022.03.08-13.15.17:676][  0]LogPakFile: PakFile PathHashIndexSize=101
[2022.03.08-13.15.17:676][  0]LogPakFile: PakFile FullDirectoryIndexSize=148
[2022.03.08-13.15.17:676][  0]LogShaderLibrary: Display: ShaderCodeLibraryPakFileMountedCallback: PakFile 'D:/Program Files/Epic Games/UE_4.27/FeaturePacks/FP_FirstPerson.upack' (chunk index -1, root 'root:/') mounted
[2022.03.08-13.15.17:676][  0]LogShaderLibrary: Display: ShaderCodeLibraryPakFileMountedCallback: pending pak file info (ChunkID:-1 Root:root:/ File:D:/Program Files/Epic Games/UE_4.27/FeaturePacks/FP_FirstPerson.upack)
[2022.03.08-13.15.17:676][  0]LogPakFile: OnPakFileMounted2Time == 0.000080
[2022.03.08-13.15.17:688][  0]LogPakFile: PakFile PrimaryIndexSize=189
[2022.03.08-13.15.17:688][  0]LogPakFile: PakFile PathHashIndexSize=101
[2022.03.08-13.15.17:688][  0]LogPakFile: PakFile FullDirectoryIndexSize=152
[2022.03.08-13.15.17:688][  0]LogShaderLibrary: Display: ShaderCodeLibraryPakFileMountedCallback: PakFile 'D:/Program Files/Epic Games/UE_4.27/FeaturePacks/FP_FirstPersonBP.upack' (chunk index -1, root 'root:/') mounted
[2022.03.08-13.15.17:688][  0]LogShaderLibrary: Display: ShaderCodeLibraryPakFileMountedCallback: pending pak file info (ChunkID:-1 Root:root:/ File:D:/Program Files/Epic Games/UE_4.27/FeaturePacks/FP_FirstPersonBP.upack)
[2022.03.08-13.15.17:688][  0]LogPakFile: OnPakFileMounted2Time == 0.000067
[2022.03.08-13.15.17:698][  0]LogPakFile: PakFile PrimaryIndexSize=191
[2022.03.08-13.15.17:698][  0]LogPakFile: PakFile PathHashIndexSize=101
[2022.03.08-13.15.17:698][  0]LogPakFile: PakFile FullDirectoryIndexSize=160
[2022.03.08-13.15.17:698][  0]LogShaderLibrary: Display: ShaderCodeLibraryPakFileMountedCallback: PakFile 'D:/Program Files/Epic Games/UE_4.27/FeaturePacks/MobileStarterContent.upack' (chunk index -1, root 'root:/') mounted
[2022.03.08-13.15.17:698][  0]LogShaderLibrary: Display: ShaderCodeLibraryPakFileMountedCallback: pending pak file info (ChunkID:-1 Root:root:/ File:D:/Program Files/Epic Games/UE_4.27/FeaturePacks/MobileStarterContent.upack)
[2022.03.08-13.15.17:698][  0]LogPakFile: OnPakFileMounted2Time == 0.000056
[2022.03.08-13.15.17:701][  0]LogPakFile: PakFile PrimaryIndexSize=185
[2022.03.08-13.15.17:701][  0]LogPakFile: PakFile PathHashIndexSize=101
[2022.03.08-13.15.17:701][  0]LogPakFile: PakFile FullDirectoryIndexSize=148
[2022.03.08-13.15.17:701][  0]LogShaderLibrary: Display: ShaderCodeLibraryPakFileMountedCallback: PakFile 'D:/Program Files/Epic Games/UE_4.27/FeaturePacks/StarterContent.upack' (chunk index -1, root 'root:/') mounted
[2022.03.08-13.15.17:701][  0]LogShaderLibrary: Display: ShaderCodeLibraryPakFileMountedCallback: pending pak file info (ChunkID:-1 Root:root:/ File:D:/Program Files/Epic Games/UE_4.27/FeaturePacks/StarterContent.upack)
[2022.03.08-13.15.17:702][  0]LogPakFile: OnPakFileMounted2Time == 0.000106
[2022.03.08-13.15.17:704][  0]LogPakFile: PakFile PrimaryIndexSize=190
[2022.03.08-13.15.17:704][  0]LogPakFile: PakFile PathHashIndexSize=101
[2022.03.08-13.15.17:704][  0]LogPakFile: PakFile FullDirectoryIndexSize=154
[2022.03.08-13.15.17:704][  0]LogShaderLibrary: Display: ShaderCodeLibraryPakFileMountedCallback: PakFile 'D:/Program Files/Epic Games/UE_4.27/FeaturePacks/TP_2DSideScroller.upack' (chunk index -1, root 'root:/') mounted
[2022.03.08-13.15.17:704][  0]LogShaderLibrary: Display: ShaderCodeLibraryPakFileMountedCallback: pending pak file info (ChunkID:-1 Root:root:/ File:D:/Program Files/Epic Games/UE_4.27/FeaturePacks/TP_2DSideScroller.upack)
[2022.03.08-13.15.17:704][  0]LogPakFile: OnPakFileMounted2Time == 0.000050
[2022.03.08-13.15.17:726][  0]LogPakFile: PakFile PrimaryIndexSize=192
[2022.03.08-13.15.17:726][  0]LogPakFile: PakFile PathHashIndexSize=101
[2022.03.08-13.15.17:726][  0]LogPakFile: PakFile FullDirectoryIndexSize=158
[2022.03.08-13.15.17:726][  0]LogShaderLibrary: Display: ShaderCodeLibraryPakFileMountedCallback: PakFile 'D:/Program Files/Epic Games/UE_4.27/FeaturePacks/TP_2DSideScrollerBP.upack' (chunk index -1, root 'root:/') mounted
[2022.03.08-13.15.17:726][  0]LogShaderLibrary: Display: ShaderCodeLibraryPakFileMountedCallback: pending pak file info (ChunkID:-1 Root:root:/ File:D:/Program Files/Epic Games/UE_4.27/FeaturePacks/TP_2DSideScrollerBP.upack)
[2022.03.08-13.15.17:726][  0]LogPakFile: OnPakFileMounted2Time == 0.000058
[2022.03.08-13.15.17:732][  0]LogPakFile: PakFile PrimaryIndexSize=182
[2022.03.08-13.15.17:732][  0]LogPakFile: PakFile PathHashIndexSize=101
[2022.03.08-13.15.17:732][  0]LogPakFile: PakFile FullDirectoryIndexSize=138
[2022.03.08-13.15.17:732][  0]LogShaderLibrary: Display: ShaderCodeLibraryPakFileMountedCallback: PakFile 'D:/Program Files/Epic Games/UE_4.27/FeaturePacks/TP_Flying.upack' (chunk index -1, root 'root:/') mounted
[2022.03.08-13.15.17:732][  0]LogShaderLibrary: Display: ShaderCodeLibraryPakFileMountedCallback: pending pak file info (ChunkID:-1 Root:root:/ File:D:/Program Files/Epic Games/UE_4.27/FeaturePacks/TP_Flying.upack)
[2022.03.08-13.15.17:732][  0]LogPakFile: OnPakFileMounted2Time == 0.000066
[2022.03.08-13.15.17:749][  0]LogPakFile: PakFile PrimaryIndexSize=184
[2022.03.08-13.15.17:749][  0]LogPakFile: PakFile PathHashIndexSize=101
[2022.03.08-13.15.17:749][  0]LogPakFile: PakFile FullDirectoryIndexSize=142
[2022.03.08-13.15.17:749][  0]LogShaderLibrary: Display: ShaderCodeLibraryPakFileMountedCallback: PakFile 'D:/Program Files/Epic Games/UE_4.27/FeaturePacks/TP_FlyingBP.upack' (chunk index -1, root 'root:/') mounted
[2022.03.08-13.15.17:749][  0]LogShaderLibrary: Display: ShaderCodeLibraryPakFileMountedCallback: pending pak file info (ChunkID:-1 Root:root:/ File:D:/Program Files/Epic Games/UE_4.27/FeaturePacks/TP_FlyingBP.upack)
[2022.03.08-13.15.17:749][  0]LogPakFile: OnPakFileMounted2Time == 0.000056
[2022.03.08-13.15.17:767][  0]LogPakFile: PakFile PrimaryIndexSize=188
[2022.03.08-13.15.17:767][  0]LogPakFile: PakFile PathHashIndexSize=101
[2022.03.08-13.15.17:767][  0]LogPakFile: PakFile FullDirectoryIndexSize=150
[2022.03.08-13.15.17:767][  0]LogShaderLibrary: Display: ShaderCodeLibraryPakFileMountedCallback: PakFile 'D:/Program Files/Epic Games/UE_4.27/FeaturePacks/TP_HandheldARBP.upack' (chunk index -1, root 'root:/') mounted
[2022.03.08-13.15.17:767][  0]LogShaderLibrary: Display: ShaderCodeLibraryPakFileMountedCallback: pending pak file info (ChunkID:-1 Root:root:/ File:D:/Program Files/Epic Games/UE_4.27/FeaturePacks/TP_HandheldARBP.upack)
[2022.03.08-13.15.17:767][  0]LogPakFile: OnPakFileMounted2Time == 0.000090
[2022.03.08-13.15.17:802][  0]LogPakFile: PakFile PrimaryIndexSize=182
[2022.03.08-13.15.17:802][  0]LogPakFile: PakFile PathHashIndexSize=101
[2022.03.08-13.15.17:802][  0]LogPakFile: PakFile FullDirectoryIndexSize=138
[2022.03.08-13.15.17:802][  0]LogShaderLibrary: Display: ShaderCodeLibraryPakFileMountedCallback: PakFile 'D:/Program Files/Epic Games/UE_4.27/FeaturePacks/TP_Puzzle.upack' (chunk index -1, root 'root:/') mounted
[2022.03.08-13.15.17:802][  0]LogShaderLibrary: Display: ShaderCodeLibraryPakFileMountedCallback: pending pak file info (ChunkID:-1 Root:root:/ File:D:/Program Files/Epic Games/UE_4.27/FeaturePacks/TP_Puzzle.upack)
[2022.03.08-13.15.17:802][  0]LogPakFile: OnPakFileMounted2Time == 0.000075
[2022.03.08-13.15.17:812][  0]LogPakFile: PakFile PrimaryIndexSize=184
[2022.03.08-13.15.17:812][  0]LogPakFile: PakFile PathHashIndexSize=101
[2022.03.08-13.15.17:812][  0]LogPakFile: PakFile FullDirectoryIndexSize=142
[2022.03.08-13.15.17:812][  0]LogShaderLibrary: Display: ShaderCodeLibraryPakFileMountedCallback: PakFile 'D:/Program Files/Epic Games/UE_4.27/FeaturePacks/TP_PuzzleBP.upack' (chunk index -1, root 'root:/') mounted
[2022.03.08-13.15.17:812][  0]LogShaderLibrary: Display: ShaderCodeLibraryPakFileMountedCallback: pending pak file info (ChunkID:-1 Root:root:/ File:D:/Program Files/Epic Games/UE_4.27/FeaturePacks/TP_PuzzleBP.upack)
[2022.03.08-13.15.17:812][  0]LogPakFile: OnPakFileMounted2Time == 0.000073
[2022.03.08-13.15.17:829][  0]LogPakFile: PakFile PrimaryIndexSize=183
[2022.03.08-13.15.17:829][  0]LogPakFile: PakFile PathHashIndexSize=101
[2022.03.08-13.15.17:829][  0]LogPakFile: PakFile FullDirectoryIndexSize=140
[2022.03.08-13.15.17:829][  0]LogShaderLibrary: Display: ShaderCodeLibraryPakFileMountedCallback: PakFile 'D:/Program Files/Epic Games/UE_4.27/FeaturePacks/TP_Rolling.upack' (chunk index -1, root 'root:/') mounted
[2022.03.08-13.15.17:829][  0]LogShaderLibrary: Display: ShaderCodeLibraryPakFileMountedCallback: pending pak file info (ChunkID:-1 Root:root:/ File:D:/Program Files/Epic Games/UE_4.27/FeaturePacks/TP_Rolling.upack)
[2022.03.08-13.15.17:829][  0]LogPakFile: OnPakFileMounted2Time == 0.000065
[2022.03.08-13.15.17:832][  0]LogPakFile: PakFile PrimaryIndexSize=185
[2022.03.08-13.15.17:832][  0]LogPakFile: PakFile PathHashIndexSize=101
[2022.03.08-13.15.17:832][  0]LogPakFile: PakFile FullDirectoryIndexSize=144
[2022.03.08-13.15.17:832][  0]LogShaderLibrary: Display: ShaderCodeLibraryPakFileMountedCallback: PakFile 'D:/Program Files/Epic Games/UE_4.27/FeaturePacks/TP_RollingBP.upack' (chunk index -1, root 'root:/') mounted
[2022.03.08-13.15.17:832][  0]LogShaderLibrary: Display: ShaderCodeLibraryPakFileMountedCallback: pending pak file info (ChunkID:-1 Root:root:/ File:D:/Program Files/Epic Games/UE_4.27/FeaturePacks/TP_RollingBP.upack)
[2022.03.08-13.15.17:832][  0]LogPakFile: OnPakFileMounted2Time == 0.000063
[2022.03.08-13.15.17:834][  0]LogPakFile: PakFile PrimaryIndexSize=188
[2022.03.08-13.15.17:834][  0]LogPakFile: PakFile PathHashIndexSize=101
[2022.03.08-13.15.17:834][  0]LogPakFile: PakFile FullDirectoryIndexSize=150
[2022.03.08-13.15.17:834][  0]LogShaderLibrary: Display: ShaderCodeLibraryPakFileMountedCallback: PakFile 'D:/Program Files/Epic Games/UE_4.27/FeaturePacks/TP_SideScroller.upack' (chunk index -1, root 'root:/') mounted
[2022.03.08-13.15.17:834][  0]LogShaderLibrary: Display: ShaderCodeLibraryPakFileMountedCallback: pending pak file info (ChunkID:-1 Root:root:/ File:D:/Program Files/Epic Games/UE_4.27/FeaturePacks/TP_SideScroller.upack)
[2022.03.08-13.15.17:834][  0]LogPakFile: OnPakFileMounted2Time == 0.000060
[2022.03.08-13.15.17:836][  0]LogPakFile: PakFile PrimaryIndexSize=190
[2022.03.08-13.15.17:836][  0]LogPakFile: PakFile PathHashIndexSize=101
[2022.03.08-13.15.17:836][  0]LogPakFile: PakFile FullDirectoryIndexSize=154
[2022.03.08-13.15.17:836][  0]LogShaderLibrary: Display: ShaderCodeLibraryPakFileMountedCallback: PakFile 'D:/Program Files/Epic Games/UE_4.27/FeaturePacks/TP_SideScrollerBP.upack' (chunk index -1, root 'root:/') mounted
[2022.03.08-13.15.17:836][  0]LogShaderLibrary: Display: ShaderCodeLibraryPakFileMountedCallback: pending pak file info (ChunkID:-1 Root:root:/ File:D:/Program Files/Epic Games/UE_4.27/FeaturePacks/TP_SideScrollerBP.upack)
[2022.03.08-13.15.17:836][  0]LogPakFile: OnPakFileMounted2Time == 0.000062
[2022.03.08-13.15.17:838][  0]LogPakFile: PakFile PrimaryIndexSize=187
[2022.03.08-13.15.17:838][  0]LogPakFile: PakFile PathHashIndexSize=101
[2022.03.08-13.15.17:838][  0]LogPakFile: PakFile FullDirectoryIndexSize=148
[2022.03.08-13.15.17:838][  0]LogShaderLibrary: Display: ShaderCodeLibraryPakFileMountedCallback: PakFile 'D:/Program Files/Epic Games/UE_4.27/FeaturePacks/TP_ThirdPerson.upack' (chunk index -1, root 'root:/') mounted
[2022.03.08-13.15.17:838][  0]LogShaderLibrary: Display: ShaderCodeLibraryPakFileMountedCallback: pending pak file info (ChunkID:-1 Root:root:/ File:D:/Program Files/Epic Games/UE_4.27/FeaturePacks/TP_ThirdPerson.upack)
[2022.03.08-13.15.17:838][  0]LogPakFile: OnPakFileMounted2Time == 0.000061
[2022.03.08-13.15.17:840][  0]LogPakFile: PakFile PrimaryIndexSize=189
[2022.03.08-13.15.17:840][  0]LogPakFile: PakFile PathHashIndexSize=101
[2022.03.08-13.15.17:840][  0]LogPakFile: PakFile FullDirectoryIndexSize=152
[2022.03.08-13.15.17:840][  0]LogShaderLibrary: Display: ShaderCodeLibraryPakFileMountedCallback: PakFile 'D:/Program Files/Epic Games/UE_4.27/FeaturePacks/TP_ThirdPersonBP.upack' (chunk index -1, root 'root:/') mounted
[2022.03.08-13.15.17:840][  0]LogShaderLibrary: Display: ShaderCodeLibraryPakFileMountedCallback: pending pak file info (ChunkID:-1 Root:root:/ File:D:/Program Files/Epic Games/UE_4.27/FeaturePacks/TP_ThirdPersonBP.upack)
[2022.03.08-13.15.17:840][  0]LogPakFile: OnPakFileMounted2Time == 0.000059
[2022.03.08-13.15.17:842][  0]LogPakFile: PakFile PrimaryIndexSize=183
[2022.03.08-13.15.17:842][  0]LogPakFile: PakFile PathHashIndexSize=101
[2022.03.08-13.15.17:842][  0]LogPakFile: PakFile FullDirectoryIndexSize=140
[2022.03.08-13.15.17:843][  0]LogShaderLibrary: Display: ShaderCodeLibraryPakFileMountedCallback: PakFile 'D:/Program Files/Epic Games/UE_4.27/FeaturePacks/TP_TopDown.upack' (chunk index -1, root 'root:/') mounted
[2022.03.08-13.15.17:843][  0]LogShaderLibrary: Display: ShaderCodeLibraryPakFileMountedCallback: pending pak file info (ChunkID:-1 Root:root:/ File:D:/Program Files/Epic Games/UE_4.27/FeaturePacks/TP_TopDown.upack)
[2022.03.08-13.15.17:843][  0]LogPakFile: OnPakFileMounted2Time == 0.000152
[2022.03.08-13.15.17:845][  0]LogPakFile: PakFile PrimaryIndexSize=185
[2022.03.08-13.15.17:845][  0]LogPakFile: PakFile PathHashIndexSize=101
[2022.03.08-13.15.17:845][  0]LogPakFile: PakFile FullDirectoryIndexSize=144
[2022.03.08-13.15.17:845][  0]LogShaderLibrary: Display: ShaderCodeLibraryPakFileMountedCallback: PakFile 'D:/Program Files/Epic Games/UE_4.27/FeaturePacks/TP_TopDownBP.upack' (chunk index -1, root 'root:/') mounted
[2022.03.08-13.15.17:845][  0]LogShaderLibrary: Display: ShaderCodeLibraryPakFileMountedCallback: pending pak file info (ChunkID:-1 Root:root:/ File:D:/Program Files/Epic Games/UE_4.27/FeaturePacks/TP_TopDownBP.upack)
[2022.03.08-13.15.17:845][  0]LogPakFile: OnPakFileMounted2Time == 0.000062
[2022.03.08-13.15.17:847][  0]LogPakFile: PakFile PrimaryIndexSize=185
[2022.03.08-13.15.17:847][  0]LogPakFile: PakFile PathHashIndexSize=101
[2022.03.08-13.15.17:847][  0]LogPakFile: PakFile FullDirectoryIndexSize=144
[2022.03.08-13.15.17:847][  0]LogShaderLibrary: Display: ShaderCodeLibraryPakFileMountedCallback: PakFile 'D:/Program Files/Epic Games/UE_4.27/FeaturePacks/TP_TwinStick.upack' (chunk index -1, root 'root:/') mounted
[2022.03.08-13.15.17:847][  0]LogShaderLibrary: Display: ShaderCodeLibraryPakFileMountedCallback: pending pak file info (ChunkID:-1 Root:root:/ File:D:/Program Files/Epic Games/UE_4.27/FeaturePacks/TP_TwinStick.upack)
[2022.03.08-13.15.17:847][  0]LogPakFile: OnPakFileMounted2Time == 0.000060
[2022.03.08-13.15.17:861][  0]LogPakFile: PakFile PrimaryIndexSize=187
[2022.03.08-13.15.17:861][  0]LogPakFile: PakFile PathHashIndexSize=101
[2022.03.08-13.15.17:861][  0]LogPakFile: PakFile FullDirectoryIndexSize=148
[2022.03.08-13.15.17:861][  0]LogShaderLibrary: Display: ShaderCodeLibraryPakFileMountedCallback: PakFile 'D:/Program Files/Epic Games/UE_4.27/FeaturePacks/TP_TwinStickBP.upack' (chunk index -1, root 'root:/') mounted
[2022.03.08-13.15.17:861][  0]LogShaderLibrary: Display: ShaderCodeLibraryPakFileMountedCallback: pending pak file info (ChunkID:-1 Root:root:/ File:D:/Program Files/Epic Games/UE_4.27/FeaturePacks/TP_TwinStickBP.upack)
[2022.03.08-13.15.17:861][  0]LogPakFile: OnPakFileMounted2Time == 0.000074
[2022.03.08-13.15.17:864][  0]LogPakFile: PakFile PrimaryIndexSize=183
[2022.03.08-13.15.17:864][  0]LogPakFile: PakFile PathHashIndexSize=101
[2022.03.08-13.15.17:864][  0]LogPakFile: PakFile FullDirectoryIndexSize=140
[2022.03.08-13.15.17:864][  0]LogShaderLibrary: Display: ShaderCodeLibraryPakFileMountedCallback: PakFile 'D:/Program Files/Epic Games/UE_4.27/FeaturePacks/TP_Vehicle.upack' (chunk index -1, root 'root:/') mounted
[2022.03.08-13.15.17:864][  0]LogShaderLibrary: Display: ShaderCodeLibraryPakFileMountedCallback: pending pak file info (ChunkID:-1 Root:root:/ File:D:/Program Files/Epic Games/UE_4.27/FeaturePacks/TP_Vehicle.upack)
[2022.03.08-13.15.17:864][  0]LogPakFile: OnPakFileMounted2Time == 0.000080
[2022.03.08-13.15.17:882][  0]LogPakFile: PakFile PrimaryIndexSize=186
[2022.03.08-13.15.17:882][  0]LogPakFile: PakFile PathHashIndexSize=101
[2022.03.08-13.15.17:882][  0]LogPakFile: PakFile FullDirectoryIndexSize=146
[2022.03.08-13.15.17:882][  0]LogShaderLibrary: Display: ShaderCodeLibraryPakFileMountedCallback: PakFile 'D:/Program Files/Epic Games/UE_4.27/FeaturePacks/TP_VehicleAdv.upack' (chunk index -1, root 'root:/') mounted
[2022.03.08-13.15.17:882][  0]LogShaderLibrary: Display: ShaderCodeLibraryPakFileMountedCallback: pending pak file info (ChunkID:-1 Root:root:/ File:D:/Program Files/Epic Games/UE_4.27/FeaturePacks/TP_VehicleAdv.upack)
[2022.03.08-13.15.17:882][  0]LogPakFile: OnPakFileMounted2Time == 0.000060
[2022.03.08-13.15.17:886][  0]LogPakFile: PakFile PrimaryIndexSize=188
[2022.03.08-13.15.17:886][  0]LogPakFile: PakFile PathHashIndexSize=101
[2022.03.08-13.15.17:886][  0]LogPakFile: PakFile FullDirectoryIndexSize=150
[2022.03.08-13.15.17:886][  0]LogShaderLibrary: Display: ShaderCodeLibraryPakFileMountedCallback: PakFile 'D:/Program Files/Epic Games/UE_4.27/FeaturePacks/TP_VehicleAdvBP.upack' (chunk index -1, root 'root:/') mounted
[2022.03.08-13.15.17:886][  0]LogShaderLibrary: Display: ShaderCodeLibraryPakFileMountedCallback: pending pak file info (ChunkID:-1 Root:root:/ File:D:/Program Files/Epic Games/UE_4.27/FeaturePacks/TP_VehicleAdvBP.upack)
[2022.03.08-13.15.17:886][  0]LogPakFile: OnPakFileMounted2Time == 0.000159
[2022.03.08-13.15.17:888][  0]LogPakFile: PakFile PrimaryIndexSize=185
[2022.03.08-13.15.17:889][  0]LogPakFile: PakFile PathHashIndexSize=101
[2022.03.08-13.15.17:889][  0]LogPakFile: PakFile FullDirectoryIndexSize=144
[2022.03.08-13.15.17:889][  0]LogShaderLibrary: Display: ShaderCodeLibraryPakFileMountedCallback: PakFile 'D:/Program Files/Epic Games/UE_4.27/FeaturePacks/TP_VehicleBP.upack' (chunk index -1, root 'root:/') mounted
[2022.03.08-13.15.17:889][  0]LogShaderLibrary: Display: ShaderCodeLibraryPakFileMountedCallback: pending pak file info (ChunkID:-1 Root:root:/ File:D:/Program Files/Epic Games/UE_4.27/FeaturePacks/TP_VehicleBP.upack)
[2022.03.08-13.15.17:889][  0]LogPakFile: OnPakFileMounted2Time == 0.000055
[2022.03.08-13.15.17:892][  0]LogPakFile: PakFile PrimaryIndexSize=192
[2022.03.08-13.15.17:892][  0]LogPakFile: PakFile PathHashIndexSize=101
[2022.03.08-13.15.17:892][  0]LogPakFile: PakFile FullDirectoryIndexSize=158
[2022.03.08-13.15.17:892][  0]LogShaderLibrary: Display: ShaderCodeLibraryPakFileMountedCallback: PakFile 'D:/Program Files/Epic Games/UE_4.27/FeaturePacks/TP_VirtualRealityBP.upack' (chunk index -1, root 'root:/') mounted
[2022.03.08-13.15.17:892][  0]LogShaderLibrary: Display: ShaderCodeLibraryPakFileMountedCallback: pending pak file info (ChunkID:-1 Root:root:/ File:D:/Program Files/Epic Games/UE_4.27/FeaturePacks/TP_VirtualRealityBP.upack)
[2022.03.08-13.15.17:892][  0]LogPakFile: OnPakFileMounted2Time == 0.000053
[2022.03.08-13.15.18:672][  0]LogNativeClassHierarchy: Verbose: Native class hierarchy updated for 'AddContentDialog' in 0.0003 seconds. Added 0 classes and 0 folders.
[2022.03.08-13.15.18:708][  0]LogSlate: Took 0.000392 seconds to synchronously load lazily loaded font '../../../Engine/Content/Slate/Fonts/Roboto-Regular.ttf' (155K)
[2022.03.08-13.15.18:717][  0]LogSlate: Took 0.007196 seconds to synchronously load lazily loaded font '../../../Engine/Content/Editor/Slate/Fonts/FontAwesome.ttf' (139K)
[2022.03.08-13.15.18:721][  0]LogSlate: Took 0.000289 seconds to synchronously load lazily loaded font '../../../Engine/Content/Slate/Fonts/Roboto-Bold.ttf' (160K)
[2022.03.08-13.15.18:928][  0]LogRenderer: Reallocating scene render targets to support 1148x564 Format 10 NumSamples 4 (Frame:1).
[2022.03.08-13.15.19:260][  0]LogSlate: Took 0.042380 seconds to synchronously load lazily loaded font '../../../Engine/Content/Slate/Fonts/Roboto-Light.ttf' (167K)
[2022.03.08-13.15.19:406][  0]LogNativeClassHierarchy: Verbose: Native class hierarchy updated for 'HierarchicalLODOutliner' in 0.0005 seconds. Added 0 classes and 0 folders.
[2022.03.08-13.15.19:406][  0]LogLoad: (Engine Initialization) Total time: 21.57 seconds
[2022.03.08-13.15.19:406][  0]LogLoad: (Engine Initialization) Total Blueprint compile time: 0.00 seconds
[2022.03.08-13.15.19:497][  0]LogContentStreaming: Texture pool size now 1000 MB
[2022.03.08-13.15.19:532][  1]LogFileCache: Retrieving MD5 hashes for directory 'C:/Users/qwe_o/P8ToBeAnnounced/P8_VR_Home/Content/' took 0.10s
[2022.03.08-13.15.19:561][  1]LogAssetRegistry: Asset discovery search completed in 14.7732 seconds
[2022.03.08-13.15.19:575][  1]LogCollectionManager: Fixed up redirectors for 0 collections in 0.000007 seconds (updated 0 objects)
[2022.03.08-13.15.19:595][  1]LogResonanceAudio: Display: Resonance Audio Listener is initialized
[2022.03.08-13.16.17:739][116]LogEditorViewport: Clicking on Actor (LMB): StaticMeshActor (Group91_10)
[2022.03.08-13.16.52:652][185]LogEditorViewport: Clicking on Actor (LMB): Door90_C (Door90)
[2022.03.08-13.16.54:330][276]LogEditorViewport: Clicking on Actor (LMB): StaticMeshActor (Group91_10)
[2022.03.08-13.16.58:640][513]LogEditorViewport: Clicking on Actor (LMB): StaticMeshActor (Group89_2)
[2022.03.08-13.17.42:113][ 14]LogEditorViewport: Clicking on Actor (context menu): StaticMeshActor (Group83_2)
[2022.03.08-13.18.00:466][ 85]LogEditorViewport: Clicking on Actor (LMB): Door90_C (Door90)
[2022.03.08-13.18.04:075][270]LogSlate: Took 0.271216 seconds to synchronously load lazily loaded font '../../../Engine/Content/Slate/Fonts/Roboto-Italic.ttf' (157K)
[2022.03.08-13.18.05:798][351]LogSlate: Took 0.000307 seconds to synchronously load lazily loaded font '../../../Engine/Content/Slate/Fonts/Roboto-Light.ttf' (167K)
[2022.03.08-13.18.19:586][ 84]Cmd: CAMERA ALIGN ACTIVEVIEWPORTONLY
[2022.03.08-13.19.27:652][153]LogEditorViewport: Clicking on Actor (LMB): StaticMeshActor (Group32_3)
[2022.03.08-13.19.33:927][513]LogEditorViewport: Clicking on Actor (LMB): Door90_C (Door90)
[2022.03.08-13.20.47:123][693]Cmd: OBJ SAVEPACKAGE PACKAGE="/Game/VRTemplate/Maps/VRTemplateMap" FILE="C:/Users/qwe_o/P8ToBeAnnounced/P8_VR_Home/Content/VRTemplate/Maps/VRTemplateMap.umap" SILENT=true AUTOSAVING=false KEEPDIRTY=false
[2022.03.08-13.20.47:138][693]LogUObjectHash: Compacting FUObjectHashTables data took   1.91ms
[2022.03.08-13.20.48:776][693]LogSavePackage: Moving 'C:/Users/qwe_o/P8ToBeAnnounced/P8_VR_Home/Saved/VRTemplateMap0C317A65432B9169C64821A6DF1614AF.tmp' to 'C:/Users/qwe_o/P8ToBeAnnounced/P8_VR_Home/Content/VRTemplate/Maps/VRTemplateMap.umap'
[2022.03.08-13.20.48:805][693]Cmd: OBJ SAVEPACKAGE PACKAGE="/Game/VRTemplate/Maps/VRTemplateMap_BuiltData" FILE="C:/Users/qwe_o/P8ToBeAnnounced/P8_VR_Home/Content/VRTemplate/Maps/VRTemplateMap_BuiltData.uasset" SILENT=true
[2022.03.08-13.20.52:645][693]LogSavePackage: Moving 'C:/Users/qwe_o/P8ToBeAnnounced/P8_VR_Home/Saved/VRTemplateMap_BuiltData0E7A39B640F79093791F4AA5AF230F57.tmp' to 'C:/Users/qwe_o/P8ToBeAnnounced/P8_VR_Home/Content/VRTemplate/Maps/VRTemplateMap_BuiltData.uasset'
[2022.03.08-13.20.52:685][693]AssetCheck: New page: Asset Save: multiple assets
[2022.03.08-13.20.52:685][693]LogContentValidation: Display: Validating MapBuildDataRegistry /Game/VRTemplate/Maps/VRTemplateMap_BuiltData.VRTemplateMap_BuiltData
[2022.03.08-13.20.52:685][693]LogContentValidation: Display: Validating World /Game/VRTemplate/Maps/VRTemplateMap.VRTemplateMap
[2022.03.08-13.21.41:332][584]LogTcpMessaging: Started Connection to '127.0.0.1:6666'
[2022.03.08-13.22.06:403][ 74]Cmd: CAMERA ALIGN ACTIVEVIEWPORTONLY
[2022.03.08-13.23.20:646][ 57]Cmd: OBJ SAVEPACKAGE PACKAGE="/Game/VRTemplate/Maps/VRTemplateMap" FILE="C:/Users/qwe_o/P8ToBeAnnounced/P8_VR_Home/Content/VRTemplate/Maps/VRTemplateMap.umap" SILENT=true AUTOSAVING=false KEEPDIRTY=false
[2022.03.08-13.23.20:668][ 57]LogUObjectHash: Compacting FUObjectHashTables data took   2.54ms
[2022.03.08-13.23.23:076][ 57]LogSavePackage: Moving 'C:/Users/qwe_o/P8ToBeAnnounced/P8_VR_Home/Saved/VRTemplateMap83864CE94BF22B833DE8CF986C24B8D4.tmp' to 'C:/Users/qwe_o/P8ToBeAnnounced/P8_VR_Home/Content/VRTemplate/Maps/VRTemplateMap.umap'
[2022.03.08-13.23.23:118][ 57]Cmd: OBJ SAVEPACKAGE PACKAGE="/Game/VRTemplate/Maps/VRTemplateMap_BuiltData" FILE="C:/Users/qwe_o/P8ToBeAnnounced/P8_VR_Home/Content/VRTemplate/Maps/VRTemplateMap_BuiltData.uasset" SILENT=true
[2022.03.08-13.23.27:110][ 57]LogSavePackage: Moving 'C:/Users/qwe_o/P8ToBeAnnounced/P8_VR_Home/Saved/VRTemplateMap_BuiltData82BF70444CAAF72CB76682B464EEA224.tmp' to 'C:/Users/qwe_o/P8ToBeAnnounced/P8_VR_Home/Content/VRTemplate/Maps/VRTemplateMap_BuiltData.uasset'
[2022.03.08-13.23.27:158][ 57]AssetCheck: New page: Asset Save: multiple assets
[2022.03.08-13.23.27:158][ 57]LogContentValidation: Display: Validating MapBuildDataRegistry /Game/VRTemplate/Maps/VRTemplateMap_BuiltData.VRTemplateMap_BuiltData
[2022.03.08-13.23.27:158][ 57]LogContentValidation: Display: Validating World /Game/VRTemplate/Maps/VRTemplateMap.VRTemplateMap
[2022.03.08-13.23.29:729][191]LogUObjectHash: Compacting FUObjectHashTables data took   0.73ms
[2022.03.08-13.23.29:796][191]LogSlate: Window 'P8_VR_Home - Unreal Editor' being destroyed
[2022.03.08-13.23.30:003][192]Cmd: QUIT_EDITOR
[2022.03.08-13.23.30:003][192]LogCore: Engine exit requested (reason: UUnrealEdEngine::CloseEditor())
[2022.03.08-13.23.30:027][192]LogCore: Engine exit requested (reason: EngineExit() was called; note: exit was already requested)
[2022.03.08-13.23.30:032][192]LogAudio: Display: Beginning Audio Device Manager Shutdown (Module: AudioMixerXAudio2)...
[2022.03.08-13.23.30:032][192]LogAudio: Display: Destroying 1 Remaining Audio Device(s)...
[2022.03.08-13.23.30:032][192]LogAudio: Display: Audio Device unregistered from world 'VRTemplateMap'.
[2022.03.08-13.23.30:033][192]LogResonanceAudio: Display: Resonance Audio Listener is shutdown
[2022.03.08-13.23.30:033][192]LogAudioMixer: FMixerPlatformXAudio2::StopAudioStream() called
[2022.03.08-13.23.30:036][192]LogAudioMixer: FMixerPlatformXAudio2::StopAudioStream() called
[2022.03.08-13.23.30:053][192]LogAudio: Display: Audio Device Manager Shutdown
[2022.03.08-13.23.30:054][192]LogWindowsTextInputMethodSystem: Display: IME system deactivated.
[2022.03.08-13.23.30:073][192]LogExit: Preparing to exit.
[2022.03.08-13.23.30:428][192]LogUObjectHash: Compacting FUObjectHashTables data took   4.84ms
[2022.03.08-13.23.31:536][192]LogWorld: UWorld::CleanupWorld for World_0, bSessionEnded=true, bCleanupResources=true
[2022.03.08-13.23.31:536][192]LogWorld: UWorld::CleanupWorld for World_1, bSessionEnded=true, bCleanupResources=true
[2022.03.08-13.23.31:536][192]LogWorld: UWorld::CleanupWorld for World_2, bSessionEnded=true, bCleanupResources=true
[2022.03.08-13.23.31:537][192]LogWorld: UWorld::CleanupWorld for World_4, bSessionEnded=true, bCleanupResources=true
[2022.03.08-13.23.31:537][192]LogWorld: UWorld::CleanupWorld for World_3, bSessionEnded=true, bCleanupResources=true
[2022.03.08-13.23.31:696][192]LogWorld: UWorld::CleanupWorld for None, bSessionEnded=true, bCleanupResources=true
[2022.03.08-13.23.31:697][192]LogExit: Editor shut down
[2022.03.08-13.23.31:701][192]LogDemo: Cleaned up 0 splitscreen connections with owner deletion
[2022.03.08-13.23.31:707][192]LogExit: Transaction tracking system shut down
[2022.03.08-13.23.32:022][192]LogExit: Object subsystem successfully closed.
[2022.03.08-13.23.32:056][192]LogShaderCompilers: Display: === FShaderJobCache stats ===
[2022.03.08-13.23.32:056][192]LogShaderCompilers: Display: Total job queries 0, among them cache hits 0 (0.00%)
[2022.03.08-13.23.32:056][192]LogShaderCompilers: Display: Tracking 0 distinct input hashes that result in 0 distinct outputs (0.00%)
[2022.03.08-13.23.32:057][192]LogShaderCompilers: Display: RAM used: 0.00 MB (0.00 GB) of 819.20 MB (0.80 GB) budget. Usage: 0.00%
[2022.03.08-13.23.32:057][192]LogShaderCompilers: Display: ================================================
[2022.03.08-13.23.32:069][192]LogShaderCompilers: Display: Shaders left to compile 0
[2022.03.08-13.23.32:100][192]LogModuleManager: Shutting down and abandoning module HierarchicalLODUtilities (906)
[2022.03.08-13.23.32:100][192]LogModuleManager: Shutting down and abandoning module HierarchicalLODOutliner (904)
[2022.03.08-13.23.32:100][192]LogModuleManager: Shutting down and abandoning module AddContentDialog (902)
[2022.03.08-13.23.32:100][192]LogModuleManager: Shutting down and abandoning module WidgetCarousel (901)
[2022.03.08-13.23.32:100][192]LogModuleManager: Shutting down and abandoning module EditorWidgets (898)
[2022.03.08-13.23.32:100][192]LogModuleManager: Shutting down and abandoning module SceneOutliner (896)
[2022.03.08-13.23.32:100][192]LogModuleManager: Shutting down and abandoning module StatsViewer (894)
[2022.03.08-13.23.32:101][192]LogModuleManager: Shutting down and abandoning module PIEPreviewDeviceProfileSelector (892)
[2022.03.08-13.23.32:101][192]LogModuleManager: Shutting down and abandoning module SequenceRecorderSections (890)
[2022.03.08-13.23.32:101][192]LogModuleManager: Shutting down and abandoning module AutomationWorker (888)
[2022.03.08-13.23.32:101][192]LogModuleManager: Shutting down and abandoning module OculusMR (886)
[2022.03.08-13.23.32:101][192]LogModuleManager: Shutting down and abandoning module TakeRecorderSources (884)
[2022.03.08-13.23.32:101][192]LogModuleManager: Shutting down and abandoning module TakeRecorder (883)
[2022.03.08-13.23.32:101][192]LogModuleManager: Shutting down and abandoning module TakeTrackRecorders (880)
[2022.03.08-13.23.32:101][192]LogModuleManager: Shutting down and abandoning module TakesCore (878)
[2022.03.08-13.23.32:101][192]LogModuleManager: Shutting down and abandoning module ResonanceAudioEditor (876)
[2022.03.08-13.23.32:101][192]LogModuleManager: Shutting down and abandoning module OpenXRInput (874)
[2022.03.08-13.23.32:101][192]LogModuleManager: Shutting down and abandoning module GooglePADEditor (872)
[2022.03.08-13.23.32:101][192]LogModuleManager: Shutting down and abandoning module AudioCaptureEditor (870)
[2022.03.08-13.23.32:101][192]LogModuleManager: Shutting down and abandoning module TemplateSequenceEditor (868)
[2022.03.08-13.23.32:101][192]LogModuleManager: Shutting down and abandoning module MatineeToLevelSequence (866)
[2022.03.08-13.23.32:101][192]LogModuleManager: Shutting down and abandoning module LevelSequenceEditor (864)
[2022.03.08-13.23.32:101][192]LogModuleManager: Shutting down and abandoning module ActorSequenceEditor (862)
[2022.03.08-13.23.32:101][192]LogModuleManager: Shutting down and abandoning module WmfMediaFactory (860)
[2022.03.08-13.23.32:101][192]LogModuleManager: Shutting down and abandoning module WmfMediaEditor (858)
[2022.03.08-13.23.32:101][192]LogModuleManager: Shutting down and abandoning module WebMMediaFactory (856)
[2022.03.08-13.23.32:102][192]LogModuleManager: Shutting down and abandoning module WebMMediaEditor (854)
[2022.03.08-13.23.32:102][192]LogModuleManager: Shutting down and abandoning module WebMMedia (852)
[2022.03.08-13.23.32:102][192]LogModuleManager: Shutting down and abandoning module MediaPlayerEditor (850)
[2022.03.08-13.23.32:102][192]LogModuleManager: Shutting down and abandoning module MediaCompositingEditor (848)
[2022.03.08-13.23.32:102][192]LogModuleManager: Shutting down and abandoning module SequenceRecorder (847)
[2022.03.08-13.23.32:102][192]LogModuleManager: Shutting down and abandoning module OpenExrWrapper (844)
[2022.03.08-13.23.32:102][192]LogModuleManager: Shutting down and abandoning module ImgMediaFactory (842)
[2022.03.08-13.23.32:102][192]LogModuleManager: Shutting down and abandoning module ImgMediaEditor (840)
[2022.03.08-13.23.32:102][192]LogModuleManager: Shutting down and abandoning module AvfMediaFactory (838)
[2022.03.08-13.23.32:102][192]LogModuleManager: Shutting down and abandoning module AvfMediaEditor (836)
[2022.03.08-13.23.32:102][192]LogModuleManager: Shutting down and abandoning module AndroidMediaFactory (834)
[2022.03.08-13.23.32:102][192]LogModuleManager: Shutting down and abandoning module AndroidMediaEditor (832)
[2022.03.08-13.23.32:102][192]LogModuleManager: Shutting down and abandoning module PlanarCut (830)
[2022.03.08-13.23.32:102][192]LogModuleManager: Shutting down and abandoning module MagicLeapMediaCodecFactory (828)
[2022.03.08-13.23.32:102][192]LogModuleManager: Shutting down and abandoning module MagicLeapMediaFactory (826)
[2022.03.08-13.23.32:102][192]LogModuleManager: Shutting down and abandoning module MagicLeapMediaEditor (824)
[2022.03.08-13.23.32:102][192]LogModuleManager: Shutting down and abandoning module CharacterAI (822)
[2022.03.08-13.23.32:102][192]LogModuleManager: Shutting down and abandoning module TextureAlignMode (820)
[2022.03.08-13.23.32:102][192]LogModuleManager: Shutting down and abandoning module BspMode (818)
[2022.03.08-13.23.32:102][192]LogModuleManager: Shutting down and abandoning module GeometryMode (816)
[2022.03.08-13.23.32:102][192]LogModuleManager: Shutting down and abandoning module CameraShakePreviewer (814)
[2022.03.08-13.23.32:102][192]LogModuleManager: Shutting down and abandoning module SmartSnapping (812)
[2022.03.08-13.23.32:102][192]LogModuleManager: Shutting down and abandoning module SessionServices (810)
[2022.03.08-13.23.32:102][192]LogModuleManager: Shutting down and abandoning module MeshPaint (808)
[2022.03.08-13.23.32:102][192]LogModuleManager: Shutting down and abandoning module VirtualTexturingEditor (806)
[2022.03.08-13.23.32:103][192]LogModuleManager: Shutting down and abandoning module FoliageEdit (804)
[2022.03.08-13.23.32:103][192]LogModuleManager: Shutting down and abandoning module LandscapeEditor (802)
[2022.03.08-13.23.32:103][192]LogModuleManager: Shutting down and abandoning module MeshPaintMode (800)
[2022.03.08-13.23.32:103][192]LogModuleManager: Shutting down and abandoning module SceneDepthPickerMode (798)
[2022.03.08-13.23.32:103][192]LogModuleManager: Shutting down and abandoning module ActorPickerMode (796)
[2022.03.08-13.23.32:103][192]LogModuleManager: Shutting down and abandoning module PlacementMode (794)
[2022.03.08-13.23.32:103][192]LogModuleManager: Shutting down and abandoning module ViewportSnapping (792)
[2022.03.08-13.23.32:103][192]LogModuleManager: Shutting down and abandoning module ViewportInteraction (790)
[2022.03.08-13.23.32:103][192]LogModuleManager: Shutting down and abandoning module ClothPainter (788)
[2022.03.08-13.23.32:103][192]LogModuleManager: Shutting down and abandoning module SkeletalMeshEditor (787)
[2022.03.08-13.23.32:103][192]LogModuleManager: Shutting down and abandoning module LogVisualizer (784)
[2022.03.08-13.23.32:103][192]LogModuleManager: Shutting down and abandoning module IntroTutorials (782)
[2022.03.08-13.23.32:103][192]LogModuleManager: Shutting down and abandoning module GameProjectGeneration (781)
[2022.03.08-13.23.32:103][192]LogModuleManager: Shutting down and abandoning module LuminPlatformEditor (778)
[2022.03.08-13.23.32:103][192]LogModuleManager: Shutting down and abandoning module IOSPlatformEditor (776)
[2022.03.08-13.23.32:103][192]LogModuleManager: Shutting down and abandoning module AndroidPlatformEditor (774)
[2022.03.08-13.23.32:103][192]LogModuleManager: Shutting down and abandoning module AndroidDeviceDetection (773)
[2022.03.08-13.23.32:701][192]LogModuleManager: Shutting down and abandoning module WindowsPlatformEditor (770)
[2022.03.08-13.23.32:701][192]LogModuleManager: Shutting down and abandoning module LuminRuntimeSettings (768)
[2022.03.08-13.23.32:701][192]LogModuleManager: Shutting down and abandoning module IOSRuntimeSettings (766)
[2022.03.08-13.23.32:701][192]LogModuleManager: Shutting down and abandoning module AndroidRuntimeSettings (764)
[2022.03.08-13.23.32:701][192]LogModuleManager: Shutting down and abandoning module TraceInsights (762)
[2022.03.08-13.23.32:701][192]MemoryProfiler: Shutdown
[2022.03.08-13.23.32:701][192]NetworkingProfiler: Shutdown
[2022.03.08-13.23.32:701][192]LoadingProfiler: Shutdown
[2022.03.08-13.23.32:701][192]TimingProfiler: Shutdown
[2022.03.08-13.23.32:701][192]LogModuleManager: Shutting down and abandoning module TraceServices (761)
[2022.03.08-13.23.32:701][192]LogModuleManager: Shutting down and abandoning module EditorInteractiveToolsFramework (758)
[2022.03.08-13.23.32:701][192]LogModuleManager: Shutting down and abandoning module TimeManagementEditor (756)
[2022.03.08-13.23.32:701][192]LogModuleManager: Shutting down and abandoning module InputBindingEditor (754)
[2022.03.08-13.23.32:701][192]LogModuleManager: Shutting down and abandoning module MergeActors (752)
[2022.03.08-13.23.32:701][192]LogModuleManager: Shutting down and abandoning module LocalizationDashboard (750)
[2022.03.08-13.23.32:702][192]LogModuleManager: Shutting down and abandoning module LocalizationService (749)
[2022.03.08-13.23.32:702][192]LogModuleManager: Shutting down and abandoning module HardwareTargeting (746)
[2022.03.08-13.23.32:702][192]LogModuleManager: Shutting down and abandoning module DeviceProfileEditor (744)
[2022.03.08-13.23.32:702][192]LogModuleManager: Shutting down and abandoning module UndoHistory (742)
[2022.03.08-13.23.32:702][192]LogModuleManager: Shutting down and abandoning module XmlParser (740)
[2022.03.08-13.23.32:702][192]LogModuleManager: Shutting down and abandoning module Blutility (738)
[2022.03.08-13.23.32:702][192]LogModuleManager: Shutting down and abandoning module ProjectSettingsViewer (736)
[2022.03.08-13.23.32:702][192]LogModuleManager: Shutting down and abandoning module ProjectTargetPlatformEditor (735)
[2022.03.08-13.23.32:702][192]LogModuleManager: Shutting down and abandoning module EditorSettingsViewer (732)
[2022.03.08-13.23.32:702][192]LogModuleManager: Shutting down and abandoning module InternationalizationSettings (731)
[2022.03.08-13.23.32:702][192]LogModuleManager: Shutting down and abandoning module SettingsEditor (728)
[2022.03.08-13.23.32:702][192]LogModuleManager: Shutting down and abandoning module ProjectLauncher (726)
[2022.03.08-13.23.32:702][192]LogModuleManager: Shutting down and abandoning module SessionFrontend (724)
[2022.03.08-13.23.32:702][192]LogModuleManager: Shutting down and abandoning module ProfilerClient (722)
[2022.03.08-13.23.32:702][192]LogModuleManager: Shutting down and abandoning module DeviceManager (720)
[2022.03.08-13.23.32:702][192]LogModuleManager: Shutting down and abandoning module TargetDeviceServices (719)
[2022.03.08-13.23.32:746][192]LogModuleManager: Shutting down and abandoning module AutomationController (716)
[2022.03.08-13.23.32:747][192]LogModuleManager: Shutting down and abandoning module AutomationWindow (714)
[2022.03.08-13.23.32:747][192]LogModuleManager: Shutting down and abandoning module Layers (712)
[2022.03.08-13.23.32:748][192]LogModuleManager: Shutting down and abandoning module ComponentVisualizers (710)
[2022.03.08-13.23.32:748][192]LogModuleManager: Shutting down and abandoning module DetailCustomizations (708)
[2022.03.08-13.23.32:748][192]LogModuleManager: Shutting down and abandoning module PackagesDialog (706)
[2022.03.08-13.23.32:748][192]LogModuleManager: Shutting down and abandoning module AnimationBlueprintEditor (704)
[2022.03.08-13.23.32:748][192]LogModuleManager: Shutting down and abandoning module Persona (702)
[2022.03.08-13.23.32:748][192]LogModuleManager: Shutting down and abandoning module AnimGraph (701)
[2022.03.08-13.23.32:749][192]LogModuleManager: Shutting down and abandoning module Kismet (698)
[2022.03.08-13.23.32:752][192]LogModuleManager: Shutting down and abandoning module KismetWidgets (697)
[2022.03.08-13.23.32:753][192]LogModuleManager: Shutting down and abandoning module GraphEditor (694)
[2022.03.08-13.23.32:753][192]LogModuleManager: Shutting down and abandoning module StructViewer (692)
[2022.03.08-13.23.32:753][192]LogModuleManager: Shutting down and abandoning module ClassViewer (690)
[2022.03.08-13.23.32:753][192]LogModuleManager: Shutting down and abandoning module Toolbox (688)
[2022.03.08-13.23.32:753][192]LogModuleManager: Shutting down and abandoning module ModuleUI (686)
[2022.03.08-13.23.32:753][192]LogModuleManager: Shutting down and abandoning module OutputLog (684)
[2022.03.08-13.23.32:753][192]LogModuleManager: Shutting down and abandoning module GammaUI (682)
[2022.03.08-13.23.32:753][192]LogModuleManager: Shutting down and abandoning module Documentation (680)
[2022.03.08-13.23.32:753][192]LogModuleManager: Shutting down and abandoning module LiveCoding (678)
[2022.03.08-13.23.32:754][192]LogModuleManager: Shutting down and abandoning module LevelSequence (676)
[2022.03.08-13.23.32:754][192]LogModuleManager: Shutting down and abandoning module MovieSceneTracks (674)
[2022.03.08-13.23.32:754][192]LogModuleManager: Shutting down and abandoning module MovieScene (672)
[2022.03.08-13.23.32:754][192]LogModuleManager: Shutting down and abandoning module StreamingPauseRendering (670)
[2022.03.08-13.23.32:754][192]LogModuleManager: Shutting down and abandoning module LauncherPlatform (668)
[2022.03.08-13.23.32:754][192]LogModuleManager: Shutting down and abandoning module AnalyticsET (666)
[2022.03.08-13.23.32:754][192]LogModuleManager: Shutting down and abandoning module PortalServices (664)
[2022.03.08-13.23.32:754][192]LogModuleManager: Shutting down and abandoning module PortalRpc (662)
[2022.03.08-13.23.32:754][192]LogModuleManager: Shutting down and abandoning module MessagingRpc (660)
[2022.03.08-13.23.32:754][192]LogModuleManager: Shutting down and abandoning module AudioMixerXAudio2 (658)
[2022.03.08-13.23.32:754][192]LogModuleManager: Shutting down and abandoning module AudioMixerCore (657)
[2022.03.08-13.23.32:754][192]LogModuleManager: Shutting down and abandoning module AIModule (654)
[2022.03.08-13.23.32:754][192]LogModuleManager: Shutting down and abandoning module GameplayDebugger (653)
[2022.03.08-13.23.32:754][192]LogModuleManager: Shutting down and abandoning module AITestSuite (651)
[2022.03.08-13.23.32:754][192]LogModuleManager: Shutting down and abandoning module NavigationSystem (649)
[2022.03.08-13.23.32:754][192]LogModuleManager: Shutting down and abandoning module ImageWriteQueue (646)
[2022.03.08-13.23.32:754][192]LogModuleManager: Shutting down and abandoning module ProfilerService (644)
[2022.03.08-13.23.32:936][192]LogModuleManager: Shutting down and abandoning module TaskGraph (642)
[2022.03.08-13.23.32:936][192]LogModuleManager: Shutting down and abandoning module AudioSynesthesiaEditor (640)
[2022.03.08-13.23.32:936][192]LogModuleManager: Shutting down and abandoning module OculusEditor (638)
[2022.03.08-13.23.32:937][192]LogModuleManager: Shutting down and abandoning module OculusInput (636)
[2022.03.08-13.23.32:937][192]LogModuleManager: Shutting down and abandoning module ContentBrowserFileDataSource (634)
[2022.03.08-13.23.32:937][192]LogModuleManager: Shutting down and abandoning module ContentBrowserClassDataSource (632)
[2022.03.08-13.23.32:937][192]LogModuleManager: Shutting down and abandoning module ContentBrowserAssetDataSource (630)
[2022.03.08-13.23.32:937][192]LogModuleManager: Shutting down and abandoning module CollectionManager (629)
[2022.03.08-13.23.32:937][192]LogModuleManager: Shutting down and abandoning module TakeSequencer (626)
[2022.03.08-13.23.32:937][192]LogModuleManager: Shutting down and abandoning module TakeMovieScene (624)
[2022.03.08-13.23.32:937][192]LogModuleManager: Shutting down and abandoning module SynthesisEditor (622)
[2022.03.08-13.23.32:937][192]LogModuleManager: Shutting down and abandoning module Synthesis (620)
[2022.03.08-13.23.32:937][192]LogModuleManager: Shutting down and abandoning module ResonanceAudio (618)
[2022.03.08-13.23.32:938][192]LogModuleManager: Shutting down and abandoning module ProceduralMeshComponentEditor (616)
[2022.03.08-13.23.32:938][192]LogModuleManager: Shutting down and abandoning module ProceduralMeshComponent (614)
[2022.03.08-13.23.32:938][192]LogModuleManager: Shutting down and abandoning module ScreenshotTools (612)
[2022.03.08-13.23.32:938][192]LogModuleManager: Shutting down and abandoning module OpenXREditor (610)
[2022.03.08-13.23.32:938][192]LogModuleManager: Shutting down and abandoning module MobilePatchingUtils (608)
[2022.03.08-13.23.32:938][192]LogModuleManager: Shutting down and abandoning module GooglePAD (606)
[2022.03.08-13.23.32:938][192]LogModuleManager: Shutting down and abandoning module EditableMesh (604)
[2022.03.08-13.23.32:938][192]LogModuleManager: Shutting down and abandoning module CustomMeshComponent (602)
[2022.03.08-13.23.32:938][192]LogModuleManager: Shutting down and abandoning module CableComponent (600)
[2022.03.08-13.23.32:938][192]LogModuleManager: Shutting down and abandoning module AudioCapture (598)
[2022.03.08-13.23.32:938][192]LogModuleManager: Shutting down and abandoning module AudioCaptureRtAudio (597)
[2022.03.08-13.23.32:938][192]LogModuleManager: Shutting down and abandoning module AssetTags (594)
[2022.03.08-13.23.32:938][192]LogModuleManager: Shutting down and abandoning module ArchVisCharacter (592)
[2022.03.08-13.23.32:938][192]LogModuleManager: Shutting down and abandoning module AppleImageUtilsBlueprintSupport (590)
[2022.03.08-13.23.32:938][192]LogModuleManager: Shutting down and abandoning module AppleImageUtils (588)
[2022.03.08-13.23.32:938][192]LogModuleManager: Shutting down and abandoning module AndroidPermission (586)
[2022.03.08-13.23.32:938][192]LogModuleManager: Shutting down and abandoning module ActorLayerUtilitiesEditor (584)
[2022.03.08-13.23.32:938][192]LogModuleManager: Shutting down and abandoning module ActorLayerUtilities (582)
[2022.03.08-13.23.32:938][192]LogModuleManager: Shutting down and abandoning module TemplateSequence (580)
[2022.03.08-13.23.32:939][192]LogModuleManager: Shutting down and abandoning module MediaCompositing (578)
[2022.03.08-13.23.32:939][192]LogModuleManager: Shutting down and abandoning module ImgMedia (576)
[2022.03.08-13.23.32:939][192]LogModuleManager: Shutting down and abandoning module MagicLeapSharedWorld (574)
[2022.03.08-13.23.32:939][192]LogModuleManager: Shutting down and abandoning module MagicLeapLightEstimation (572)
[2022.03.08-13.23.32:939][192]LogModuleManager: Shutting down and abandoning module NiagaraEditorWidgets (570)
[2022.03.08-13.23.32:939][192]LogModuleManager: Shutting down and abandoning module MagicLeapHelperVulkan (568)
[2022.03.08-13.23.32:939][192]LogModuleManager: Shutting down and abandoning module MagicLeapHelperOpenGL (566)
[2022.03.08-13.23.32:939][192]LogModuleManager: Shutting down and abandoning module MagicLeapAudio (564)
[2022.03.08-13.23.32:939][192]LogModuleManager: Shutting down and abandoning module OpenImageDenoise (562)
[2022.03.08-13.23.32:939][192]LogOpenImageDenoise: OIDN shutting down
[2022.03.08-13.23.32:939][192]LogModuleManager: Shutting down and abandoning module MotoSynthEditor (560)
[2022.03.08-13.23.32:939][192]LogModuleManager: Shutting down and abandoning module MotoSynth (558)
[2022.03.08-13.23.32:939][192]LogModuleManager: Shutting down and abandoning module MeshConversion (556)
[2022.03.08-13.23.32:939][192]LogModuleManager: Shutting down and abandoning module DynamicMesh (554)
[2022.03.08-13.23.32:939][192]LogModuleManager: Shutting down and abandoning module GeometryAlgorithms (552)
[2022.03.08-13.23.32:939][192]LogModuleManager: Shutting down and abandoning module GeometricObjects (550)
[2022.03.08-13.23.32:939][192]LogModuleManager: Shutting down and abandoning module GeometryCollectionTracks (548)
[2022.03.08-13.23.32:939][192]LogModuleManager: Shutting down and abandoning module GeometryCollectionSequencer (547)
[2022.03.08-13.23.32:939][192]LogModuleManager: Shutting down and abandoning module GeometryCollectionEditor (544)
[2022.03.08-13.23.32:939][192]LogModuleManager: Shutting down and abandoning module GeometryCacheTracks (542)
[2022.03.08-13.23.32:939][192]LogModuleManager: Shutting down and abandoning module GeometryCacheStreamer (540)
[2022.03.08-13.23.32:940][192]LogModuleManager: Shutting down and abandoning module GeometryCacheSequencer (538)
[2022.03.08-13.23.32:940][192]LogModuleManager: Shutting down and abandoning module ChaosSolverEditor (536)
[2022.03.08-13.23.32:940][192]LogModuleManager: Shutting down and abandoning module ChaosNiagara (534)
[2022.03.08-13.23.32:940][192]LogModuleManager: Shutting down and abandoning module FractureEditor (532)
[2022.03.08-13.23.32:940][192]LogModuleManager: Shutting down and abandoning module ChaosClothEditor (530)
[2022.03.08-13.23.32:940][192]LogModuleManager: Shutting down and abandoning module BlastCore (528)
[2022.03.08-13.23.32:940][192]LogModuleManager: Shutting down and abandoning module BlastAuthoring (526)
[2022.03.08-13.23.32:940][192]LogModuleManager: Shutting down and abandoning module BackChannel (524)
[2022.03.08-13.23.32:940][192]LogModuleManager: Shutting down and abandoning module AutomationUtilsEditor (522)
[2022.03.08-13.23.32:940][192]LogModuleManager: Shutting down and abandoning module AutomationUtils (520)
[2022.03.08-13.23.32:940][192]LogModuleManager: Shutting down and abandoning module AlembicImporter (518)
[2022.03.08-13.23.32:940][192]LogModuleManager: Shutting down and abandoning module AlembicLibrary (517)
[2022.03.08-13.23.32:940][192]LogModuleManager: Shutting down and abandoning module GeometryCache (516)
[2022.03.08-13.23.32:940][192]LogModuleManager: Shutting down and abandoning module GeometryCacheEd (515)
[2022.03.08-13.23.32:940][192]LogModuleManager: Shutting down and abandoning module VariantManager (510)
[2022.03.08-13.23.32:940][192]LogModuleManager: Shutting down and abandoning module VariantManagerContentEditor (509)
[2022.03.08-13.23.32:940][192]LogModuleManager: Shutting down and abandoning module StaticMeshEditorExtension (506)
[2022.03.08-13.23.32:940][192]LogModuleManager: Shutting down and abandoning module StaticMeshEditor (505)
[2022.03.08-13.23.32:940][192]LogModuleManager: Shutting down and abandoning module AdvancedPreviewScene (504)
[2022.03.08-13.23.32:940][192]LogModuleManager: Shutting down and abandoning module MeshProcessingLibrary (501)
[2022.03.08-13.23.32:941][192]LogModuleManager: Shutting down and abandoning module VisualStudioSourceCodeAccess (498)
[2022.03.08-13.23.32:941][192]LogModuleManager: Shutting down and abandoning module DirectLinkTest (496)
[2022.03.08-13.23.32:941][192]LogModuleManager: Shutting down and abandoning module DatasmithNativeTranslator (494)
[2022.03.08-13.23.32:941][192]LogModuleManager: Shutting down and abandoning module DatasmithTranslator (492)
[2022.03.08-13.23.32:941][192]LogModuleManager: Shutting down and abandoning module DatasmithImporter (490)
[2022.03.08-13.23.32:941][192]LogModuleManager: Shutting down and abandoning module VisualStudioCodeSourceCodeAccess (488)
[2022.03.08-13.23.32:941][192]LogModuleManager: Shutting down and abandoning module DatasmithContentEditor (486)
[2022.03.08-13.23.32:941][192]LogModuleManager: Shutting down and abandoning module UObjectPlugin (484)
[2022.03.08-13.23.32:942][192]LogModuleManager: Shutting down and abandoning module SubversionSourceControl (482)
[2022.03.08-13.23.32:942][192]LogModuleManager: Shutting down and abandoning module RiderSourceCodeAccess (480)
[2022.03.08-13.23.32:942][192]LogModuleManager: Shutting down and abandoning module PluginUtils (478)
[2022.03.08-13.23.32:942][192]LogModuleManager: Shutting down and abandoning module DataprepEditorScriptingUtilities (476)
[2022.03.08-13.23.32:942][192]LogModuleManager: Shutting down and abandoning module DataprepLibraries (474)
[2022.03.08-13.23.32:942][192]LogModuleManager: Shutting down and abandoning module DataprepCore (472)
[2022.03.08-13.23.32:943][192]LogModuleManager: Shutting down and abandoning module DataprepEditor (470)
[2022.03.08-13.23.32:943][192]LogModuleManager: Shutting down and abandoning module PlasticSourceControl (468)
[2022.03.08-13.23.32:943][192]LogModuleManager: Shutting down and abandoning module PerforceSourceControl (466)
[2022.03.08-13.23.32:943][192]LogModuleManager: Shutting down and abandoning module GitSourceControl (464)
[2022.03.08-13.23.32:943][192]LogModuleManager: Shutting down and abandoning module SourceControl (463)
[2022.03.08-13.23.32:943][192]LogModuleManager: Shutting down and abandoning module CLionSourceCodeAccess (460)
[2022.03.08-13.23.32:943][192]LogModuleManager: Shutting down and abandoning module SpeedTreeImporter (458)
[2022.03.08-13.23.32:943][192]LogModuleManager: Shutting down and abandoning module AnimationSharingEd (456)
[2022.03.08-13.23.32:943][192]LogModuleManager: Shutting down and abandoning module MobileLauncherProfileWizard (454)
[2022.03.08-13.23.32:943][192]LogModuleManager: Shutting down and abandoning module PluginBrowser (452)
[2022.03.08-13.23.32:943][192]LogModuleManager: Shutting down and abandoning module PolygonModeling (450)
[2022.03.08-13.23.32:944][192]LogModuleManager: Shutting down and abandoning module MeshEditor (448)
[2022.03.08-13.23.32:944][192]LogModuleManager: Shutting down and abandoning module FieldSystemEngine (447)
[2022.03.08-13.23.32:944][192]LogModuleManager: Shutting down and abandoning module MaterialAnalyzer (444)
[2022.03.08-13.23.32:944][192]LogModuleManager: Shutting down and abandoning module EditorScriptingUtilities (442)
[2022.03.08-13.23.32:944][192]LogModuleManager: Shutting down and abandoning module CryptoKeysOpenSSL (440)
[2022.03.08-13.23.32:944][192]LogModuleManager: Shutting down and abandoning module CryptoKeys (438)
[2022.03.08-13.23.32:944][192]LogModuleManager: Shutting down and abandoning module CurveEditorTools (436)
[2022.03.08-13.23.32:944][192]LogModuleManager: Shutting down and abandoning module OodleNetworkHandlerComponent (434)
[2022.03.08-13.23.32:944][192]LogModuleManager: Shutting down and abandoning module LightPropagationVolumeEditor (432)
[2022.03.08-13.23.32:944][192]LogModuleManager: Shutting down and abandoning module LiveLinkSequencer (430)
[2022.03.08-13.23.32:944][192]LogModuleManager: Shutting down and abandoning module LiveLinkMovieScene (428)
[2022.03.08-13.23.32:944][192]LogModuleManager: Shutting down and abandoning module LiveLinkGraphNode (426)
[2022.03.08-13.23.32:945][192]LogModuleManager: Shutting down and abandoning module LiveLinkEditor (424)
[2022.03.08-13.23.32:945][192]LogModuleManager: Shutting down and abandoning module LiveLinkComponents (422)
[2022.03.08-13.23.32:945][192]LogModuleManager: Shutting down and abandoning module LiveLink (420)
[2022.03.08-13.23.33:496][192]LogModuleManager: Shutting down and abandoning module PaperTiledImporter (418)
[2022.03.08-13.23.33:496][192]LogModuleManager: Shutting down and abandoning module PaperSpriteSheetImporter (416)
[2022.03.08-13.23.33:496][192]LogModuleManager: Shutting down and abandoning module Paper2DEditor (414)
[2022.03.08-13.23.33:496][192]LogModuleManager: Shutting down and abandoning module MeshPaintingToolset (412)
[2022.03.08-13.23.33:496][192]LogModuleManager: Shutting down and abandoning module MeshPaintEditorMode (410)
[2022.03.08-13.23.33:496][192]LogModuleManager: Shutting down and abandoning module P8_VR_Home (408)
[2022.03.08-13.23.33:496][192]LogModuleManager: Shutting down and abandoning module SoundFields (406)
[2022.03.08-13.23.33:496][192]LogModuleManager: Shutting down and abandoning module SignificanceManager (404)
[2022.03.08-13.23.33:496][192]LogModuleManager: Shutting down and abandoning module RuntimePhysXCooking (402)
[2022.03.08-13.23.33:496][192]LogModuleManager: Shutting down and abandoning module PropertyAccessEditor (400)
[2022.03.08-13.23.33:496][192]LogModuleManager: Shutting down and abandoning module PhysXVehiclesEditor (398)
[2022.03.08-13.23.33:496][192]LogModuleManager: Shutting down and abandoning module LocationServicesBPLibrary (394)
[2022.03.08-13.23.33:496][192]LogModuleManager: Shutting down and abandoning module AudioSynesthesia (392)
[2022.03.08-13.23.33:496][192]LogModuleManager: Shutting down and abandoning module AudioSynesthesiaCore (390)
[2022.03.08-13.23.33:496][192]LogModuleManager: Shutting down and abandoning module UdpMessaging (388)
[2022.03.08-13.23.33:601][192]LogModuleManager: Shutting down and abandoning module TcpMessaging (386)
[2022.03.08-13.23.33:710][192]LogModuleManager: Shutting down and abandoning module ActorSequence (384)
[2022.03.08-13.23.33:711][192]LogModuleManager: Shutting down and abandoning module ImgMediaEngine (382)
[2022.03.08-13.23.33:711][192]LogModuleManager: Shutting down and abandoning module PythonScriptPlugin (380)
[2022.03.08-13.23.33:711][192]LogModuleManager: Shutting down and abandoning module MagicLeapARPin (378)
[2022.03.08-13.23.33:711][192]LogModuleManager: Shutting down and abandoning module NiagaraAnimNotifies (376)
[2022.03.08-13.23.33:714][192]LogModuleManager: Shutting down and abandoning module Niagara (374)
[2022.03.08-13.23.33:714][192]LogModuleManager: Shutting down and abandoning module SignalProcessing (373)
[2022.03.08-13.23.33:715][192]LogModuleManager: Shutting down and abandoning module NiagaraEditor (371)
[2022.03.08-13.23.33:718][192]LogModuleManager: Shutting down and abandoning module NiagaraCore (368)
[2022.03.08-13.23.33:719][192]LogModuleManager: Shutting down and abandoning module MagicLeapHandMeshing (366)
[2022.03.08-13.23.33:719][192]LogModuleManager: Shutting down and abandoning module MagicLeapSecureStorage (364)
[2022.03.08-13.23.33:719][192]LogModuleManager: Shutting down and abandoning module MagicLeapPrivileges (362)
[2022.03.08-13.23.33:720][192]LogModuleManager: Shutting down and abandoning module MagicLeapPlanes (360)
[2022.03.08-13.23.33:720][192]LogMagicLeapPlanes: Planes tracker already destroyed.
[2022.03.08-13.23.33:720][192]LogModuleManager: Shutting down and abandoning module MagicLeapImageTracker (358)
[2022.03.08-13.23.33:721][192]LogModuleManager: Shutting down and abandoning module MagicLeapIdentity (356)
[2022.03.08-13.23.33:728][192]LogModuleManager: Shutting down and abandoning module MagicLeapHandTracking (354)
[2022.03.08-13.23.33:733][192]LogModuleManager: Shutting down and abandoning module MagicLeapEyeTracker (352)
[2022.03.08-13.23.33:733][192]LogModuleManager: Shutting down and abandoning module MagicLeapController (350)
[2022.03.08-13.23.33:734][192]LogModuleManager: Shutting down and abandoning module MagicLeapARPinImpl (348)
[2022.03.08-13.23.33:734][192]LogModuleManager: Shutting down and abandoning module MagicLeapAR (346)
[2022.03.08-13.23.33:758][192]LogModuleManager: Shutting down and abandoning module PropertyAccessNode (344)
[2022.03.08-13.23.33:759][192]LogModuleManager: Shutting down and abandoning module AnimationSharing (342)
[2022.03.08-13.23.33:759][192]LogModuleManager: Shutting down and abandoning module GameplayTagsEditor (340)
[2022.03.08-13.23.33:760][192]LogModuleManager: Shutting down and abandoning module FacialAnimationEditor (338)
[2022.03.08-13.23.33:760][192]LogModuleManager: Shutting down and abandoning module FacialAnimation (336)
[2022.03.08-13.23.33:760][192]LogModuleManager: Shutting down and abandoning module DataValidation (334)
[2022.03.08-13.23.33:760][192]LogModuleManager: Shutting down and abandoning module AssetManagerEditor (332)
[2022.03.08-13.23.33:826][192]LogModuleManager: Shutting down and abandoning module LevelEditor (331)
[2022.03.08-13.23.33:864][192]LogModuleManager: Shutting down and abandoning module PixelInspectorModule (330)
[2022.03.08-13.23.33:864][192]LogModuleManager: Shutting down and abandoning module CommonMenuExtensions (328)
[2022.03.08-13.23.33:866][192]LogModuleManager: Shutting down and abandoning module MainFrame (326)
[2022.03.08-13.23.33:866][192]LogModuleManager: Shutting down and abandoning module HotReload (325)
[2022.03.08-13.23.33:868][192]LogModuleManager: Shutting down and abandoning module ToolMenus (321)
[2022.03.08-13.23.33:868][192]LogModuleManager: Shutting down and abandoning module ContentBrowser (319)
[2022.03.08-13.23.33:868][192]LogModuleManager: Shutting down and abandoning module ContentBrowserData (318)
[2022.03.08-13.23.33:868][192]LogModuleManager: Shutting down and abandoning module TreeMap (315)
[2022.03.08-13.23.33:869][192]LogModuleManager: Shutting down and abandoning module GameplayCameras (312)
[2022.03.08-13.23.33:869][192]LogModuleManager: Shutting down and abandoning module LightPropagationVolumeRuntime (310)
[2022.03.08-13.23.33:869][192]LogModuleManager: Shutting down and abandoning module EnvironmentQueryEditor (308)
[2022.03.08-13.23.33:869][192]LogModuleManager: Shutting down and abandoning module Paper2D (306)
[2022.03.08-13.23.33:869][192]LogModuleManager: Shutting down and abandoning module WindowsMoviePlayer (304)
[2022.03.08-13.23.33:883][192]LogModuleManager: Shutting down and abandoning module WebMMoviePlayer (302)
[2022.03.08-13.23.33:883][192]LogModuleManager: Shutting down and abandoning module NetworkReplayStreaming (300)
[2022.03.08-13.23.33:883][192]LogModuleManager: Shutting down and abandoning module PacketHandler (298)
[2022.03.08-13.23.33:884][192]LogModuleManager: Shutting down and abandoning module ClothingSystemEditor (296)
[2022.03.08-13.23.33:884][192]LogModuleManager: Shutting down and abandoning module ClothingSystemRuntimeNv (294)
[2022.03.08-13.23.33:884][192]LogModuleManager: Shutting down and abandoning module MediaAssets (292)
[2022.03.08-13.23.33:884][192]LogModuleManager: Shutting down and abandoning module Overlay (290)
[2022.03.08-13.23.33:884][192]LogModuleManager: Shutting down and abandoning module OverlayEditor (289)
[2022.03.08-13.23.33:884][192]LogModuleManager: Shutting down and abandoning module VREditor (286)
[2022.03.08-13.23.33:884][192]LogModuleManager: Shutting down and abandoning module StringTableEditor (284)
[2022.03.08-13.23.33:884][192]LogModuleManager: Shutting down and abandoning module GameplayTasksEditor (282)
[2022.03.08-13.23.33:884][192]LogModuleManager: Shutting down and abandoning module BehaviorTreeEditor (280)
[2022.03.08-13.23.33:884][192]LogModuleManager: Shutting down and abandoning module FunctionalTesting (278)
[2022.03.08-13.23.33:885][192]LogModuleManager: Shutting down and abandoning module CollisionAnalyzer (276)
[2022.03.08-13.23.33:885][192]LogModuleManager: Shutting down and abandoning module WorkspaceMenuStructure (275)
[2022.03.08-13.23.33:885][192]LogModuleManager: Shutting down and abandoning module UMG (272)
[2022.03.08-13.23.33:885][192]LogModuleManager: Shutting down and abandoning module UMGEditor (271)
[2022.03.08-13.23.33:885][192]LogModuleManager: Shutting down and abandoning module MessageLog (269)
[2022.03.08-13.23.33:885][192]LogModuleManager: Shutting down and abandoning module SlateReflector (264)
[2022.03.08-13.23.33:898][192]LogModuleManager: Shutting down and abandoning module Slate (262)
[2022.03.08-13.23.33:898][192]LogModuleManager: Shutting down and abandoning module SlateCore (260)
[2022.03.08-13.23.33:903][192]LogModuleManager: Shutting down and abandoning module LandscapeEditorUtilities (258)
[2022.03.08-13.23.33:903][192]LogModuleManager: Shutting down and abandoning module UnrealEd (256)
[2022.03.08-13.23.33:903][192]LogModuleManager: Shutting down and abandoning module MRMesh (254)
[2022.03.08-13.23.33:903][192]LogModuleManager: Shutting down and abandoning module SourceCodeAccess (252)
[2022.03.08-13.23.33:903][192]LogModuleManager: Shutting down and abandoning module HeadMountedDisplay (250)
[2022.03.08-13.23.33:903][192]LogModuleManager: Shutting down and abandoning module XAudio2 (248)
[2022.03.08-13.23.33:903][192]LogModuleManager: Shutting down and abandoning module Networking (246)
[2022.03.08-13.23.33:903][192]LogModuleManager: Shutting down and abandoning module Core (244)
[2022.03.08-13.23.33:903][192]LogModuleManager: Shutting down and abandoning module MaterialEditor (242)
[2022.03.08-13.23.33:903][192]LogModuleManager: Shutting down and abandoning module MovieSceneTools (240)
[2022.03.08-13.23.33:904][192]LogModuleManager: Shutting down and abandoning module CurveEditor (239)
[2022.03.08-13.23.33:904][192]LogModuleManager: Shutting down and abandoning module Sequencer (237)
[2022.03.08-13.23.33:905][192]LogModuleManager: Shutting down and abandoning module EditorStyle (236)
[2022.03.08-13.23.33:974][192]LogModuleManager: Shutting down and abandoning module KismetCompiler (232)
[2022.03.08-13.23.33:974][192]LogModuleManager: Shutting down and abandoning module MeshBuilder (230)
[2022.03.08-13.23.33:974][192]LogModuleManager: Shutting down and abandoning module MeshUtilities (228)
[2022.03.08-13.23.33:974][192]LogModuleManager: Shutting down and abandoning module MeshMergeUtilities (227)
[2022.03.08-13.23.33:974][192]LogModuleManager: Shutting down and abandoning module MeshReductionInterface (226)
[2022.03.08-13.23.33:974][192]LogModuleManager: Shutting down and abandoning module MeshBoneReduction (225)
[2022.03.08-13.23.33:975][192]LogModuleManager: Shutting down and abandoning module SkeletalMeshReduction (223)
[2022.03.08-13.23.33:975][192]LogModuleManager: Shutting down and abandoning module ProxyLODMeshReduction (221)
[2022.03.08-13.23.33:975][192]LogModuleManager: Shutting down and abandoning module QuadricMeshReduction (219)
[2022.03.08-13.23.33:975][192]LogModuleManager: Shutting down and abandoning module MaterialBaking (215)
[2022.03.08-13.23.33:975][192]LogModuleManager: Shutting down and abandoning module NullInstallBundleManager (210)
[2022.03.08-13.23.33:975][192]LogModuleManager: Shutting down and abandoning module DerivedDataCache (208)
[2022.03.08-13.23.33:975][192]LogModuleManager: Shutting down and abandoning module TargetPlatform (206)
[2022.03.08-13.23.33:975][192]LogModuleManager: Shutting down and abandoning module VulkanShaderFormat (205)
[2022.03.08-13.23.33:976][192]LogModuleManager: Shutting down and abandoning module ShaderFormatVectorVM (203)
[2022.03.08-13.23.33:976][192]LogModuleManager: Shutting down and abandoning module ShaderFormatOpenGL (201)
[2022.03.08-13.23.33:976][192]LogModuleManager: Shutting down and abandoning module ShaderFormatD3D (199)
[2022.03.08-13.23.33:976][192]LogModuleManager: Shutting down and abandoning module MetalShaderFormat (197)
[2022.03.08-13.23.33:976][192]LogModuleManager: Shutting down and abandoning module TextureFormatOodle (195)
[2022.03.08-13.23.33:976][192]LogModuleManager: Shutting down and abandoning module TextureFormatUncompressed (193)
[2022.03.08-13.23.33:976][192]LogModuleManager: Shutting down and abandoning module TextureFormatPVR (191)
[2022.03.08-13.23.33:976][192]LogModuleManager: Shutting down and abandoning module TextureFormatETC2 (189)
[2022.03.08-13.23.33:976][192]LogModuleManager: Shutting down and abandoning module TextureFormatDXT (187)
[2022.03.08-13.23.33:978][192]LogModuleManager: Shutting down and abandoning module TextureFormatIntelISPCTexComp (185)
[2022.03.08-13.23.33:980][192]LogModuleManager: Shutting down and abandoning module TextureFormatASTC (183)
[2022.03.08-13.23.33:980][192]LogModuleManager: Shutting down and abandoning module ImageWrapper (182)
[2022.03.08-13.23.33:980][192]LogModuleManager: Shutting down and abandoning module AudioFormatOpus (179)
[2022.03.08-13.23.33:980][192]LogModuleManager: Shutting down and abandoning module AudioFormatOgg (177)
[2022.03.08-13.23.33:980][192]LogModuleManager: Shutting down and abandoning module AudioFormatADPCM (175)
[2022.03.08-13.23.33:980][192]LogModuleManager: Shutting down and abandoning module WindowsServerTargetPlatform (173)
[2022.03.08-13.23.33:980][192]LogModuleManager: Shutting down and abandoning module WindowsClientTargetPlatform (171)
[2022.03.08-13.23.33:981][192]LogModuleManager: Shutting down and abandoning module WindowsTargetPlatform (169)
[2022.03.08-13.23.33:981][192]LogModuleManager: Shutting down and abandoning module WindowsNoEditorTargetPlatform (167)
[2022.03.08-13.23.33:981][192]LogModuleManager: Shutting down and abandoning module TVOSTargetPlatform (165)
[2022.03.08-13.23.34:056][192]LogModuleManager: Shutting down and abandoning module MacServerTargetPlatform (163)
[2022.03.08-13.23.34:056][192]LogModuleManager: Shutting down and abandoning module MacClientTargetPlatform (161)
[2022.03.08-13.23.34:056][192]LogModuleManager: Shutting down and abandoning module MacTargetPlatform (159)
[2022.03.08-13.23.34:056][192]LogModuleManager: Shutting down and abandoning module MacNoEditorTargetPlatform (157)
[2022.03.08-13.23.34:058][192]LogModuleManager: Shutting down and abandoning module LuminTargetPlatform (155)
[2022.03.08-13.23.34:066][192]LogModuleManager: Shutting down and abandoning module LinuxAArch64ServerTargetPlatform (153)
[2022.03.08-13.23.34:066][192]LogModuleManager: Shutting down and abandoning module LinuxAArch64ClientTargetPlatform (151)
[2022.03.08-13.23.34:066][192]LogModuleManager: Shutting down and abandoning module LinuxAArch64NoEditorTargetPlatform (149)
[2022.03.08-13.23.34:067][192]LogModuleManager: Shutting down and abandoning module LinuxServerTargetPlatform (147)
[2022.03.08-13.23.34:067][192]LogModuleManager: Shutting down and abandoning module LinuxClientTargetPlatform (145)
[2022.03.08-13.23.34:067][192]LogModuleManager: Shutting down and abandoning module LinuxNoEditorTargetPlatform (143)
[2022.03.08-13.23.34:067][192]LogModuleManager: Shutting down and abandoning module LinuxTargetPlatform (141)
[2022.03.08-13.23.34:067][192]LogModuleManager: Shutting down and abandoning module Messaging (139)
[2022.03.08-13.23.34:088][192]LogModuleManager: Shutting down and abandoning module IOSTargetPlatform (137)
[2022.03.08-13.23.34:093][192]LogModuleManager: Shutting down and abandoning module AndroidTargetPlatform (135)
[2022.03.08-13.23.34:106][192]LogModuleManager: Shutting down and abandoning module AllDesktopTargetPlatform (133)
[2022.03.08-13.23.34:106][192]LogModuleManager: Shutting down and abandoning module D3D11RHI (130)
[2022.03.08-13.23.34:108][192]LogModuleManager: Shutting down and abandoning module InputCore (128)
[2022.03.08-13.23.34:108][192]LogModuleManager: Shutting down and abandoning module Settings (126)
[2022.03.08-13.23.34:108][192]LogModuleManager: Shutting down and abandoning module DirectoryWatcher (124)
[2022.03.08-13.23.34:108][192]LogModuleManager: Shutting down and abandoning module PhysXCooking (122)
[2022.03.08-13.23.34:109][192]LogModuleManager: Shutting down and abandoning module Chaos (120)
[2022.03.08-13.23.34:109][192]LogModuleManager: Shutting down and abandoning module WindowsPlatformFeatures (118)
[2022.03.08-13.23.34:109][192]LogModuleManager: Shutting down and abandoning module GameplayMediaEncoder (117)
[2022.03.08-13.23.34:109][192]LogModuleManager: Shutting down and abandoning module AVEncoder (116)
[2022.03.08-13.23.34:109][192]LogModuleManager: Shutting down and abandoning module OculusHMD (112)
[2022.03.08-13.23.34:109][192]LogModuleManager: Shutting down and abandoning module OculusOpenXRHMD (110)
[2022.03.08-13.23.34:109][192]LogModuleManager: Shutting down and abandoning module OpenXRHandTracking (108)
[2022.03.08-13.23.34:109][192]LogSlate: Slate User Destroyed.  User Index 0, Is Virtual User: 0
[2022.03.08-13.23.34:109][192]LogModuleManager: Shutting down and abandoning module OpenXREyeTracker (106)
[2022.03.08-13.23.34:109][192]LogModuleManager: Shutting down and abandoning module OpenXRAR (104)
[2022.03.08-13.23.34:109][192]LogModuleManager: Shutting down and abandoning module AugmentedReality (103)
[2022.03.08-13.23.34:109][192]LogModuleManager: Shutting down and abandoning module OpenXRHMD (100)
[2022.03.08-13.23.34:109][192]LogModuleManager: Shutting down and abandoning module ExampleDeviceProfileSelector (98)
[2022.03.08-13.23.34:109][192]LogModuleManager: Shutting down and abandoning module ChunkDownloader (96)
[2022.03.08-13.23.34:110][192]LogModuleManager: Shutting down and abandoning module LauncherChunkInstaller (94)
[2022.03.08-13.23.34:110][192]LogModuleManager: Shutting down and abandoning module OnlineBlueprintSupport (92)
[2022.03.08-13.23.34:110][192]LogModuleManager: Shutting down and abandoning module OnlineSubsystem (88)
[2022.03.08-13.23.34:114][192]LogModuleManager: Shutting down and abandoning module XMPP (83)
[2022.03.08-13.23.34:114][192]LogModuleManager: Shutting down and abandoning module WebSockets (82)
[2022.03.08-13.23.34:148][192]LogModuleManager: Shutting down and abandoning module HTTP (79)
[2022.03.08-13.23.34:148][192]LogHttp: Display: Http module shutting down, but needs to wait on 1 outstanding Http requests:
[2022.03.08-13.23.34:149][192]LogHttp: Display: 	verb=[POST] url=[https://datarouter.ol.epicgames.com/datarouter/api/v1/public/data?SessionID=%7B6070DCA7-4A85-1659-3C09-5B90691E6928%7D&AppID=UEEditor.Rocket.Release&AppVersion=4.27.2-18319896%2B%2B%2BUE4%2BRelease-4.27&UserID=1f3460ab4d4b79fcd8405ca5add4cf6d%7C32bc89cd799e41ec8c630bba4abf8911%7C7edf3a0e-ebf1-4637-819c-27f7725c0b1f&AppEnvironment=datacollector-binary&UploadType=eteventstream] refs=[1] status=Processing
[2022.03.08-13.23.34:149][192]LogHttp: Display: cleaning up 1 outstanding Http requests.
[2022.03.08-13.23.34:168][192]LogModuleManager: Shutting down and abandoning module SSL (78)
[2022.03.08-13.23.34:174][192]LogModuleManager: Shutting down and abandoning module WmfMedia (74)
[2022.03.08-13.23.34:184][192]LogModuleManager: Shutting down and abandoning module Media (73)
[2022.03.08-13.23.34:187][192]LogModuleManager: Shutting down and abandoning module MediaInfo (72)
[2022.03.08-13.23.34:187][192]LogModuleManager: Shutting down and abandoning module ExrReaderGpu (68)
[2022.03.08-13.23.34:187][192]LogModuleManager: Shutting down and abandoning module MLSDK (66)
[2022.03.08-13.23.34:187][192]LogModuleManager: Shutting down and abandoning module NiagaraVertexFactories (64)
[2022.03.08-13.23.34:187][192]LogModuleManager: Shutting down and abandoning module NiagaraShader (62)
[2022.03.08-13.23.34:187][192]LogModuleManager: Shutting down and abandoning module MagicLeap (60)
[2022.03.08-13.23.34:187][192]LogModuleManager: Shutting down and abandoning module ChaosCloth (58)
[2022.03.08-13.23.34:187][192]LogModuleManager: Shutting down and abandoning module VariantManagerContent (56)
[2022.03.08-13.23.34:187][192]LogModuleManager: Shutting down and abandoning module DatasmithContent (54)
[2022.03.08-13.23.34:189][192]LogModuleManager: Shutting down and abandoning module PixWinPlugin (52)
[2022.03.08-13.23.34:189][192]LogModuleManager: Shutting down and abandoning module AISupportModule (50)
[2022.03.08-13.23.34:189][192]LogModuleManager: Shutting down and abandoning module DesktopPlatform (48)
[2022.03.08-13.23.34:189][192]LogModuleManager: Shutting down and abandoning module PythonScriptPluginPreload (46)
[2022.03.08-13.23.34:190][192]LogModuleManager: Shutting down and abandoning module PlatformCryptoOpenSSL (44)
[2022.03.08-13.23.34:190][192]LogModuleManager: Shutting down and abandoning module PlatformCryptoTypes (42)
[2022.03.08-13.23.34:190][192]LogModuleManager: Shutting down and abandoning module PlatformCrypto (40)
[2022.03.08-13.23.34:190][192]LogModuleManager: Shutting down and abandoning module OodleDataCompressionFormat (38)
[2022.03.08-13.23.34:190][192]LogModuleManager: Shutting down and abandoning module XGEController (36)
[2022.03.08-13.23.34:190][192]LogModuleManager: Shutting down and abandoning module AnimationModifiers (34)
[2022.03.08-13.23.34:191][192]LogModuleManager: Shutting down and abandoning module AudioEditor (32)
[2022.03.08-13.23.34:191][192]LogModuleManager: Shutting down and abandoning module PropertyEditor (31)
[2022.03.08-13.23.34:191][192]LogModuleManager: Shutting down and abandoning module TextureCompressor (28)
[2022.03.08-13.23.34:192][192]LogModuleManager: Shutting down and abandoning module RenderCore (26)
[2022.03.08-13.23.34:192][192]LogModuleManager: Shutting down and abandoning module Landscape (24)
[2022.03.08-13.23.34:192][192]LogModuleManager: Shutting down and abandoning module SlateRHIRenderer (22)
[2022.03.08-13.23.34:194][192]LogModuleManager: Shutting down and abandoning module AnimGraphRuntime (20)
[2022.03.08-13.23.34:194][192]LogModuleManager: Shutting down and abandoning module Renderer (18)
[2022.03.08-13.23.34:195][192]LogModuleManager: Shutting down and abandoning module Engine (16)
[2022.03.08-13.23.34:195][192]LogModuleManager: Shutting down and abandoning module CoreUObject (14)
[2022.03.08-13.23.34:195][192]LogModuleManager: Shutting down and abandoning module NetworkFile (12)
[2022.03.08-13.23.34:195][192]LogModuleManager: Shutting down and abandoning module CookedIterativeFile (10)
[2022.03.08-13.23.34:195][192]LogModuleManager: Shutting down and abandoning module StreamingFile (8)
[2022.03.08-13.23.34:195][192]LogModuleManager: Shutting down and abandoning module SandboxFile (6)
[2022.03.08-13.23.34:195][192]LogModuleManager: Shutting down and abandoning module PakFile (4)
[2022.03.08-13.23.34:196][192]LogModuleManager: Shutting down and abandoning module RSA (3)
[2022.03.08-13.23.34:196][192]LogContentStreaming: Display: There are 1 unreleased StreamingManagers
[2022.03.08-13.23.34:383][192]LogD3D11RHI: Shutdown
[2022.03.08-13.23.34:383][192]LogD3D11RHI: CleanupD3DDevice
[2022.03.08-13.23.34:440][192]LogExit: Exiting.
[2022.03.08-13.23.34:522][192]Log file closed, 03/08/22 14:23:34
