Log file open, 04/08/22 09:29:07
LogWindows: Failed to load 'aqProf.dll' (GetLastError=126)
LogWindows: File 'aqProf.dll' does not exist
LogWindows: Failed to load 'VtuneApi.dll' (GetLastError=126)
LogWindows: File 'VtuneApi.dll' does not exist
LogWindows: Failed to load 'VtuneApi32e.dll' (GetLastError=126)
LogWindows: File 'VtuneApi32e.dll' does not exist
LogConsoleResponse: Display: Failed to find resolution value strings in scalability ini. Falling back to default.
LogConsoleResponse: Display: Failed to find resolution value strings in scalability ini. Falling back to default.
LogInit: Display: Running engine for game: P8_VR_Home
LogPlatformFile: Not using cached read wrapper
LogTaskGraph: Started task graph with 5 named threads and 47 total threads with 3 sets of task threads.
LogStats: Stats thread started at 0.192083
LogICUInternationalization: ICU TimeZone Detection - Raw Offset: +1:00, Platform Override: ''
LogInit: Display: Loading text-based GConfig....
LogPluginManager: Mounting plugin MeshPainting
LogPluginManager: Mounting plugin XGEController
LogPluginManager: Mounting plugin Paper2D
LogPluginManager: Mounting plugin LiveLink
LogPluginManager: Mounting plugin AISupport
LogPluginManager: Mounting plugin EnvironmentQueryEditor
LogPluginManager: Mounting plugin LightPropagationVolume
LogPluginManager: Mounting plugin AnimationSharing
LogPluginManager: Mounting plugin CodeLiteSourceCodeAccess
LogPluginManager: Mounting plugin GitSourceControl
LogPluginManager: Mounting plugin CLionSourceCodeAccess
LogPluginManager: Mounting plugin PerforceSourceControl
LogPluginManager: Mounting plugin NullSourceCodeAccess
LogPluginManager: Mounting plugin KDevelopSourceCodeAccess
LogPluginManager: Mounting plugin PluginUtils
LogPluginManager: Mounting plugin PixWinPlugin
LogPluginManager: Mounting plugin RiderSourceCodeAccess
LogPluginManager: Mounting plugin PlasticSourceControl
LogPluginManager: Mounting plugin PropertyAccessNode
LogPluginManager: Mounting plugin TextureFormatOodle
LogPluginManager: Mounting plugin OodleNetwork
LogPluginManager: Mounting plugin SubversionSourceControl
LogPluginManager: Mounting plugin OodleData
LogPluginManager: Mounting plugin VisualStudioCodeSourceCodeAccess
LogPluginManager: Mounting plugin VisualStudioSourceCodeAccess
LogPluginManager: Mounting plugin XCodeSourceCodeAccess
LogPluginManager: Mounting plugin DatasmithContent
LogPluginManager: Mounting plugin DataprepEditor
LogPluginManager: Mounting plugin DatasmithImporter
LogPluginManager: Mounting plugin UObjectPlugin
LogPluginManager: Mounting plugin StaticMeshEditorExtension
LogPluginManager: Mounting plugin VariantManager
LogPluginManager: Mounting plugin AssetManagerEditor
LogPluginManager: Mounting plugin VariantManagerContent
LogPluginManager: Mounting plugin CryptoKeys
LogPluginManager: Mounting plugin Niagara
LogPluginManager: Mounting plugin CurveEditorTools
LogPluginManager: Mounting plugin DataValidation
LogPluginManager: Mounting plugin FacialAnimation
LogPluginManager: Mounting plugin GameplayTagsEditor
LogPluginManager: Mounting plugin EditorScriptingUtilities
LogPluginManager: Mounting plugin MacGraphicsSwitching
LogPluginManager: Mounting plugin MaterialAnalyzer
LogPluginManager: Mounting plugin GeometryMode
LogPluginManager: Mounting plugin MeshEditor
LogPluginManager: Mounting plugin MobileLauncherProfileWizard
LogPluginManager: Mounting plugin PluginBrowser
LogPluginManager: Mounting plugin SpeedTreeImporter
LogPluginManager: Mounting plugin LuminPlatformFeatures
LogPluginManager: Mounting plugin MagicLeap
LogPluginManager: Mounting plugin MagicLeapLightEstimation
LogPluginManager: Mounting plugin MagicLeapMedia
LogPluginManager: Mounting plugin MagicLeapPassableWorld
LogPluginManager: Mounting plugin MLSDK
LogPluginManager: Mounting plugin UdpMessaging
LogPluginManager: Mounting plugin TcpMessaging
LogPluginManager: Mounting plugin AutomationUtils
LogPluginManager: Mounting plugin BackChannel
LogPluginManager: Mounting plugin ChaosEditor
LogPluginManager: Mounting plugin BlastPlugin
LogPluginManager: Mounting plugin ChaosClothEditor
LogPluginManager: Mounting plugin ChaosCloth
LogPluginManager: Mounting plugin ChaosNiagara
LogPluginManager: Mounting plugin ChaosSolverPlugin
LogPluginManager: Mounting plugin CharacterAI
LogPluginManager: Mounting plugin AlembicImporter
LogPluginManager: Mounting plugin GeometryProcessing
LogPluginManager: Mounting plugin GeometryCache
LogPluginManager: Mounting plugin GeometryCollectionPlugin
LogPluginManager: Mounting plugin MotoSynth
LogPluginManager: Mounting plugin OpenImageDenoise
LogPluginManager: Mounting plugin PlanarCut
LogPluginManager: Mounting plugin ProxyLODPlugin
LogPluginManager: Mounting plugin PlatformCrypto
LogPluginManager: Mounting plugin PythonScriptPlugin
LogPluginManager: Mounting plugin AndroidMedia
LogPluginManager: Mounting plugin AvfMedia
LogPluginManager: Mounting plugin SkeletalReduction
LogPluginManager: Mounting plugin ImgMedia
LogPluginManager: Mounting plugin MediaCompositing
LogPluginManager: Mounting plugin MediaPlayerEditor
LogPluginManager: Mounting plugin WmfMedia
LogPluginManager: Mounting plugin LauncherChunkInstaller
LogPluginManager: Mounting plugin WebMMedia
LogPluginManager: Mounting plugin OnlineSubsystem
LogPluginManager: Mounting plugin OnlineSubsystemNull
LogPluginManager: Mounting plugin OnlineSubsystemUtils
LogPluginManager: Mounting plugin ActorSequence
LogPluginManager: Mounting plugin LevelSequenceEditor
LogPluginManager: Mounting plugin MatineeToLevelSequence
LogPluginManager: Mounting plugin TemplateSequence
LogPluginManager: Mounting plugin ActorLayerUtilities
LogPluginManager: Mounting plugin AndroidDeviceProfileSelector
LogPluginManager: Mounting plugin AndroidMoviePlayer
LogPluginManager: Mounting plugin AndroidPermission
LogPluginManager: Mounting plugin AppleMoviePlayer
LogPluginManager: Mounting plugin AppleImageUtils
LogPluginManager: Mounting plugin ArchVisCharacter
LogPluginManager: Mounting plugin AssetTags
LogPluginManager: Mounting plugin AudioCapture
LogPluginManager: Mounting plugin CableComponent
LogPluginManager: Mounting plugin CustomMeshComponent
LogPluginManager: Mounting plugin ChunkDownloader
LogPluginManager: Mounting plugin AudioSynesthesia
LogPluginManager: Mounting plugin EditableMesh
LogPluginManager: Mounting plugin ExampleDeviceProfileSelector
LogPluginManager: Mounting plugin ScreenshotTools
LogPluginManager: Mounting plugin GooglePAD
LogPluginManager: Mounting plugin GoogleCloudMessaging
LogPluginManager: Mounting plugin LinuxDeviceProfileSelector
LogPluginManager: Mounting plugin LocationServicesBPLibrary
LogPluginManager: Mounting plugin IOSDeviceProfileSelector
LogPluginManager: Mounting plugin MobilePatchingUtils
LogPluginManager: Mounting plugin OpenXREyeTracker
LogPluginManager: Mounting plugin OpenXR
LogPluginManager: Mounting plugin OpenXRHandTracking
LogPluginManager: Mounting plugin PhysXVehicles
LogPluginManager: Mounting plugin PostSplashScreen
LogPluginManager: Mounting plugin Takes
LogPluginManager: Mounting plugin ProceduralMeshComponent
LogPluginManager: Mounting plugin PropertyAccessEditor
LogPluginManager: Mounting plugin RuntimePhysXCooking
LogPluginManager: Mounting plugin SignificanceManager
LogPluginManager: Mounting plugin SoundFields
LogPluginManager: Mounting plugin ResonanceAudio
LogPluginManager: Mounting plugin WebMMoviePlayer
LogPluginManager: Mounting plugin CameraShakePreviewer
LogPluginManager: Mounting plugin Synthesis
LogPluginManager: Mounting plugin WindowsMoviePlayer
LogPluginManager: Mounting plugin GameplayCameras
LogPluginManager: Mounting plugin ContentBrowserAssetDataSource
LogPluginManager: Mounting plugin ContentBrowserClassDataSource
LogPluginManager: Mounting plugin ContentBrowserFileDataSource
LogPluginManager: Mounting plugin OnlineSubsystemGooglePlay
LogPluginManager: Mounting plugin OnlineSubsystemIOS
LogPluginManager: Mounting plugin OculusOpenXR
LogPluginManager: Mounting plugin OculusVR
PixWinPlugin: PIX capture plugin failed to initialize! Check that the process is launched from PIX.
LogInit: Using libcurl 7.55.1-DEV
LogInit:  - built for x86_64-pc-win32
LogInit:  - supports SSL with OpenSSL/1.1.1
LogInit:  - supports HTTP deflate (compression) using libz 1.2.8
LogInit:  - other features:
LogInit:      CURL_VERSION_SSL
LogInit:      CURL_VERSION_LIBZ
LogInit:      CURL_VERSION_IPV6
LogInit:      CURL_VERSION_ASYNCHDNS
LogInit:      CURL_VERSION_LARGEFILE
LogInit:      CURL_VERSION_IDN
LogInit:  CurlRequestOptions (configurable via config and command line):
LogInit:  - bVerifyPeer = true  - Libcurl will verify peer certificate
LogInit:  - bUseHttpProxy = false  - Libcurl will NOT use HTTP proxy
LogInit:  - bDontReuseConnections = false  - Libcurl will reuse connections
LogInit:  - MaxHostConnections = 16  - Libcurl will limit the number of connections to a host
LogInit:  - LocalHostAddr = Default
LogInit:  - BufferSize = 65536
LogOnline: OSS: Creating online subsystem instance for: NULL
LogInit: WinSock: version 1.1 (2.2), MaxSocks=32767, MaxUdp=65467
LogOnline: OSS: TryLoadSubsystemAndSetDefault: Loaded subsystem for module [NULL]
LogOculusPluginWrapper: OculusPlugin initialized successfully
LogHMD: Failed initializing OVRPlugin 1.59.0
LogInit: Build: ++UE4+Release-4.27-CL-18319896
LogInit: Engine Version: 4.27.2-18319896+++UE4+Release-4.27
LogInit: Compatible Engine Version: 4.27.0-17155196+++UE4+Release-4.27
LogInit: Net CL: 17155196
LogInit: OS: Windows 10 (Release 2009) (), CPU: AMD Ryzen 9 5900HS with Radeon Graphics        , GPU: AMD Radeon(TM) Graphics
LogInit: Compiled (64-bit): Nov 30 2021 07:12:08
LogInit: Compiled with Visual C++: 19.24.28315.00
LogInit: Build Configuration: Development
LogInit: Branch Name: ++UE4+Release-4.27
LogInit: Command Line:  -EpicPortal -epicusername=Teirrken -epicuserid=dfb2d60c641c4fbc9eea0e112e889e93 -epiclocale=en -epicsandboxid=ue
LogInit: Base Directory: C:/Program Files/Epic Games/UE_4.27/Engine/Binaries/Win64/
LogInit: Allocator: TBB
LogInit: Installed Engine Build: 1
LogDevObjectVersion: Number of dev versions registered: 29
LogDevObjectVersion:   Dev-Blueprints (B0D832E4-1F89-4F0D-ACCF-7EB736FD4AA2): 10
LogDevObjectVersion:   Dev-Build (E1C64328-A22C-4D53-A36C-8E866417BD8C): 0
LogDevObjectVersion:   Dev-Core (375EC13C-06E4-48FB-B500-84F0262A717E): 4
LogDevObjectVersion:   Dev-Editor (E4B068ED-F494-42E9-A231-DA0B2E46BB41): 40
LogDevObjectVersion:   Dev-Framework (CFFC743F-43B0-4480-9391-14DF171D2073): 37
LogDevObjectVersion:   Dev-Mobile (B02B49B5-BB20-44E9-A304-32B752E40360): 3
LogDevObjectVersion:   Dev-Networking (A4E4105C-59A1-49B5-A7C5-40C4547EDFEE): 0
LogDevObjectVersion:   Dev-Online (39C831C9-5AE6-47DC-9A44-9C173E1C8E7C): 0
LogDevObjectVersion:   Dev-Physics (78F01B33-EBEA-4F98-B9B4-84EACCB95AA2): 14
LogDevObjectVersion:   Dev-Platform (6631380F-2D4D-43E0-8009-CF276956A95A): 0
LogDevObjectVersion:   Dev-Rendering (12F88B9F-8875-4AFC-A67C-D90C383ABD29): 45
LogDevObjectVersion:   Dev-Sequencer (7B5AE74C-D270-4C10-A958-57980B212A5A): 13
LogDevObjectVersion:   Dev-VR (D7296918-1DD6-4BDD-9DE2-64A83CC13884): 3
LogDevObjectVersion:   Dev-LoadTimes (C2A15278-BFE7-4AFE-6C17-90FF531DF755): 1
LogDevObjectVersion:   Private-Geometry (6EACA3D4-40EC-4CC1-B786-8BED09428FC5): 3
LogDevObjectVersion:   Dev-AnimPhys (29E575DD-E0A3-4627-9D10-D276232CDCEA): 17
LogDevObjectVersion:   Dev-Anim (AF43A65D-7FD3-4947-9873-3E8ED9C1BB05): 15
LogDevObjectVersion:   Dev-ReflectionCapture (6B266CEC-1EC7-4B8F-A30B-E4D90942FC07): 1
LogDevObjectVersion:   Dev-Automation (0DF73D61-A23F-47EA-B727-89E90C41499A): 1
LogDevObjectVersion:   FortniteMain (601D1886-AC64-4F84-AA16-D3DE0DEAC7D6): 47
LogDevObjectVersion:   FortniteRelease (E7086368-6B23-4C58-8439-1B7016265E91): 1
LogDevObjectVersion:   Dev-Enterprise (9DFFBCD6-494F-0158-E221-12823C92A888): 10
LogDevObjectVersion:   Dev-Niagara (F2AED0AC-9AFE-416F-8664-AA7FFA26D6FC): 1
LogDevObjectVersion:   Dev-Destruction (174F1F0B-B4C6-45A5-B13F-2EE8D0FB917D): 10
LogDevObjectVersion:   Dev-Physics-Ext (35F94A83-E258-406C-A318-09F59610247C): 41
LogDevObjectVersion:   Dev-PhysicsMaterial-Chaos (B68FC16E-8B1B-42E2-B453-215C058844FE): 1
LogDevObjectVersion:   Dev-CineCamera (B2E18506-4273-CFC2-A54E-F4BB758BBA07): 1
LogDevObjectVersion:   Dev-VirtualProduction (64F58936-FD1B-42BA-BA96-7289D5D0FA4E): 1
LogDevObjectVersion:   Dev-MediaFramework (6F0ED827-A609-4895-9C91-998D90180EA4): 2
LogInit: Presizing for max 25165824 objects, including 0 objects not considered by GC, pre-allocating 0 bytes for permanent pool.
LogConfig: Applying CVar settings from Section [/Script/Engine.StreamingSettings] File [C:/Users/dmock/Unreal projects/P8/P8ToBeAnnounced/P8_VR_Home/Saved/Config/Windows/Engine.ini]
LogConfig: Setting CVar [[s.MinBulkDataSizeForAsyncLoading:131072]]
LogConfig: Setting CVar [[s.AsyncLoadingThreadEnabled:0]]
LogConfig: Setting CVar [[s.EventDrivenLoaderEnabled:1]]
LogConfig: Setting CVar [[s.WarnIfTimeLimitExceeded:0]]
LogConfig: Setting CVar [[s.TimeLimitExceededMultiplier:1.5]]
LogConfig: Setting CVar [[s.TimeLimitExceededMinTime:0.005]]
LogConfig: Setting CVar [[s.UseBackgroundLevelStreaming:1]]
LogConfig: Setting CVar [[s.PriorityAsyncLoadingExtraTime:15.0]]
LogConfig: Setting CVar [[s.LevelStreamingActorsUpdateTimeLimit:5.0]]
LogConfig: Setting CVar [[s.PriorityLevelStreamingActorsUpdateExtraTime:5.0]]
LogConfig: Setting CVar [[s.LevelStreamingComponentsRegistrationGranularity:10]]
LogConfig: Setting CVar [[s.UnregisterComponentsTimeLimit:1.0]]
LogConfig: Setting CVar [[s.LevelStreamingComponentsUnregistrationGranularity:5]]
LogConfig: Setting CVar [[s.FlushStreamingOnExit:1]]
LogInit: Object subsystem initialized
LogConfig: Setting CVar [[con.DebugEarlyDefault:1]]
LogConfig: Setting CVar [[r.setres:1280x720]]
[2022.04.08-07.29.07:984][  0]LogConfig: Setting CVar [[r.VSync:0]]
[2022.04.08-07.29.07:985][  0]LogConfig: Setting CVar [[r.RHICmdBypass:0]]
[2022.04.08-07.29.07:985][  0]LogConfig: Applying CVar settings from Section [/Script/Engine.RendererSettings] File [C:/Users/dmock/Unreal projects/P8/P8ToBeAnnounced/P8_VR_Home/Saved/Config/Windows/Engine.ini]
[2022.04.08-07.29.07:985][  0]LogConfig: Setting CVar [[r.GPUCrashDebugging:0]]
[2022.04.08-07.29.07:985][  0]LogConfig: Setting CVar [[r.Mobile.DisableVertexFog:1]]
[2022.04.08-07.29.07:985][  0]LogConfig: Setting CVar [[r.Shadow.CSM.MaxMobileCascades:2]]
[2022.04.08-07.29.07:985][  0]LogConfig: Setting CVar [[r.MobileMSAA:4]]
[2022.04.08-07.29.07:985][  0]LogConfig: Setting CVar [[r.Mobile.AllowDitheredLODTransition:0]]
[2022.04.08-07.29.07:985][  0]LogConfig: Setting CVar [[r.Mobile.AllowSoftwareOcclusion:0]]
[2022.04.08-07.29.07:985][  0]LogConfig: Setting CVar [[r.Mobile.VirtualTextures:0]]
[2022.04.08-07.29.07:985][  0]LogConfig: Setting CVar [[r.DiscardUnusedQuality:0]]
[2022.04.08-07.29.07:985][  0]LogConfig: Setting CVar [[r.AllowOcclusionQueries:1]]
[2022.04.08-07.29.07:985][  0]LogConfig: Setting CVar [[r.MinScreenRadiusForLights:0.030000]]
[2022.04.08-07.29.07:985][  0]LogConfig: Setting CVar [[r.MinScreenRadiusForDepthPrepass:0.030000]]
[2022.04.08-07.29.07:985][  0]LogConfig: Setting CVar [[r.MinScreenRadiusForCSMDepth:0.010000]]
[2022.04.08-07.29.07:985][  0]LogConfig: Setting CVar [[r.PrecomputedVisibilityWarning:0]]
[2022.04.08-07.29.07:985][  0]LogConfig: Setting CVar [[r.TextureStreaming:1]]
[2022.04.08-07.29.07:985][  0]LogConfig: Setting CVar [[Compat.UseDXT5NormalMaps:0]]
[2022.04.08-07.29.07:985][  0]LogConfig: Setting CVar [[r.VirtualTextures:0]]
[2022.04.08-07.29.07:985][  0]LogConfig: Setting CVar [[r.VirtualTexturedLightmaps:0]]
[2022.04.08-07.29.07:985][  0]LogConfig: Setting CVar [[r.VT.TileSize:128]]
[2022.04.08-07.29.07:985][  0]LogConfig: Setting CVar [[r.VT.TileBorderSize:4]]
[2022.04.08-07.29.07:985][  0]LogConfig: Setting CVar [[r.vt.FeedbackFactor:16]]
[2022.04.08-07.29.07:985][  0]LogConfig: Setting CVar [[r.VT.EnableCompressZlib:1]]
[2022.04.08-07.29.07:985][  0]LogConfig: Setting CVar [[r.VT.EnableCompressCrunch:0]]
[2022.04.08-07.29.07:985][  0]LogConfig: Setting CVar [[r.ClearCoatNormal:0]]
[2022.04.08-07.29.07:985][  0]LogConfig: Setting CVar [[r.ReflectionCaptureResolution:128]]
[2022.04.08-07.29.07:985][  0]LogConfig: Setting CVar [[r.Mobile.ReflectionCaptureCompression:0]]
[2022.04.08-07.29.07:985][  0]LogConfig: Setting CVar [[r.ReflectionEnvironmentLightmapMixBasedOnRoughness:1]]
[2022.04.08-07.29.07:985][  0]LogConfig: Setting CVar [[r.ForwardShading:1]]
[2022.04.08-07.29.07:985][  0]LogConfig: Setting CVar [[r.VertexFoggingForOpaque:1]]
[2022.04.08-07.29.07:985][  0]LogConfig: Setting CVar [[r.AllowStaticLighting:1]]
[2022.04.08-07.29.07:985][  0]LogConfig: Setting CVar [[r.NormalMapsForStaticLighting:0]]
[2022.04.08-07.29.07:985][  0]LogConfig: Setting CVar [[r.GenerateMeshDistanceFields:0]]
[2022.04.08-07.29.07:985][  0]LogConfig: Setting CVar [[r.DistanceFieldBuild.EightBit:0]]
[2022.04.08-07.29.07:985][  0]LogConfig: Setting CVar [[r.GenerateLandscapeGIData:0]]
[2022.04.08-07.29.07:985][  0]LogConfig: Setting CVar [[r.DistanceFieldBuild.Compress:0]]
[2022.04.08-07.29.07:985][  0]LogConfig: Setting CVar [[r.TessellationAdaptivePixelsPerTriangle:48.000000]]
[2022.04.08-07.29.07:985][  0]LogConfig: Setting CVar [[r.SeparateTranslucency:0]]
[2022.04.08-07.29.07:985][  0]LogConfig: Setting CVar [[r.TranslucentSortPolicy:0]]
[2022.04.08-07.29.07:985][  0]LogConfig: Setting CVar [[r.CustomDepth:1]]
[2022.04.08-07.29.07:985][  0]LogConfig: Setting CVar [[r.CustomDepthTemporalAAJitter:1]]
[2022.04.08-07.29.07:985][  0]LogConfig: Setting CVar [[r.PostProcessing.PropagateAlpha:0]]
[2022.04.08-07.29.07:985][  0]LogConfig: Setting CVar [[r.DefaultFeature.Bloom:0]]
[2022.04.08-07.29.07:985][  0]LogConfig: Setting CVar [[r.DefaultFeature.AmbientOcclusion:0]]
[2022.04.08-07.29.07:985][  0]LogConfig: Setting CVar [[r.DefaultFeature.AmbientOcclusionStaticFraction:1]]
[2022.04.08-07.29.07:985][  0]LogConfig: Setting CVar [[r.DefaultFeature.AutoExposure:0]]
[2022.04.08-07.29.07:985][  0]LogConfig: Setting CVar [[r.DefaultFeature.AutoExposure.Method:0]]
[2022.04.08-07.29.07:985][  0]LogConfig: Setting CVar [[r.DefaultFeature.AutoExposure.Bias:1.000000]]
[2022.04.08-07.29.07:985][  0]LogConfig: Setting CVar [[r.DefaultFeature.AutoExposure.ExtendDefaultLuminanceRange:1]]
[2022.04.08-07.29.07:985][  0]LogConfig: Setting CVar [[r.UsePreExposure:1]]
[2022.04.08-07.29.07:985][  0]LogConfig: Setting CVar [[r.EyeAdaptation.EditorOnly:0]]
[2022.04.08-07.29.07:985][  0]LogConfig: Setting CVar [[r.DefaultFeature.MotionBlur:0]]
[2022.04.08-07.29.07:985][  0]LogConfig: Setting CVar [[r.DefaultFeature.LensFlare:0]]
[2022.04.08-07.29.07:985][  0]LogConfig: Setting CVar [[r.TemporalAA.Upsampling:0]]
[2022.04.08-07.29.07:985][  0]LogConfig: Setting CVar [[r.SSGI.Enable:0]]
[2022.04.08-07.29.07:985][  0]LogConfig: Setting CVar [[r.DefaultFeature.AntiAliasing:3]]
[2022.04.08-07.29.07:985][  0]LogConfig: Setting CVar [[r.DefaultFeature.LightUnits:1]]
[2022.04.08-07.29.07:985][  0]LogConfig: Setting CVar [[r.DefaultBackBufferPixelFormat:4]]
[2022.04.08-07.29.07:985][  0]LogConfig: Setting CVar [[r.Shadow.UnbuiltPreviewInGame:1]]
[2022.04.08-07.29.07:985][  0]LogConfig: Setting CVar [[r.StencilForLODDither:0]]
[2022.04.08-07.29.07:985][  0]LogConfig: Setting CVar [[r.EarlyZPass:3]]
[2022.04.08-07.29.07:985][  0]LogConfig: Setting CVar [[r.EarlyZPassOnlyMaterialMasking:0]]
[2022.04.08-07.29.07:985][  0]LogConfig: Setting CVar [[r.DBuffer:1]]
[2022.04.08-07.29.07:985][  0]LogConfig: Setting CVar [[r.ClearSceneMethod:1]]
[2022.04.08-07.29.07:985][  0]LogConfig: Setting CVar [[r.BasePassOutputsVelocity:0]]
[2022.04.08-07.29.07:985][  0]LogConfig: Setting CVar [[r.VertexDeformationOutputsVelocity:0]]
[2022.04.08-07.29.07:985][  0]LogConfig: Setting CVar [[r.SelectiveBasePassOutputs:0]]
[2022.04.08-07.29.07:985][  0]LogConfig: Setting CVar [[fx.GPUSimulationTextureSizeX:1024]]
[2022.04.08-07.29.07:985][  0]LogConfig: Setting CVar [[fx.GPUSimulationTextureSizeY:1024]]
[2022.04.08-07.29.07:985][  0]LogConfig: Setting CVar [[r.AllowGlobalClipPlane:0]]
[2022.04.08-07.29.07:985][  0]LogConfig: Setting CVar [[r.GBufferFormat:1]]
[2022.04.08-07.29.07:985][  0]LogConfig: Setting CVar [[r.MorphTarget.Mode:1]]
[2022.04.08-07.29.07:985][  0]LogConfig: Setting CVar [[vr.InstancedStereo:1]]
[2022.04.08-07.29.07:985][  0]LogConfig: Setting CVar [[r.MobileHDR:1]]
[2022.04.08-07.29.07:985][  0]LogConfig: Setting CVar [[vr.MobileMultiView:1]]
[2022.04.08-07.29.07:985][  0]LogConfig: Setting CVar [[r.Mobile.UseHWsRGBEncoding:1]]
[2022.04.08-07.29.07:985][  0]LogConfig: Setting CVar [[vr.RoundRobinOcclusion:0]]
[2022.04.08-07.29.07:985][  0]LogConfig: Setting CVar [[vr.ODSCapture:0]]
[2022.04.08-07.29.07:985][  0]LogConfig: Setting CVar [[r.MeshStreaming:0]]
[2022.04.08-07.29.07:985][  0]LogConfig: Setting CVar [[r.WireframeCullThreshold:5.000000]]
[2022.04.08-07.29.07:985][  0]LogConfig: Setting CVar [[r.RayTracing:0]]
[2022.04.08-07.29.07:985][  0]LogConfig: Setting CVar [[r.RayTracing.UseTextureLod:0]]
[2022.04.08-07.29.07:985][  0]LogConfig: Setting CVar [[r.SupportStationarySkylight:1]]
[2022.04.08-07.29.07:985][  0]LogConfig: Setting CVar [[r.SupportLowQualityLightmaps:1]]
[2022.04.08-07.29.07:985][  0]LogConfig: Setting CVar [[r.SupportPointLightWholeSceneShadows:1]]
[2022.04.08-07.29.07:985][  0]LogConfig: Setting CVar [[r.SupportAtmosphericFog:1]]
[2022.04.08-07.29.07:985][  0]LogConfig: Setting CVar [[r.SupportSkyAtmosphere:1]]
[2022.04.08-07.29.07:985][  0]LogConfig: Setting CVar [[r.SupportSkyAtmosphereAffectsHeightFog:0]]
[2022.04.08-07.29.07:985][  0]LogConfig: Setting CVar [[r.SkinCache.CompileShaders:0]]
[2022.04.08-07.29.07:985][  0]LogConfig: Setting CVar [[r.SkinCache.DefaultBehavior:1]]
[2022.04.08-07.29.07:985][  0]LogConfig: Setting CVar [[r.SkinCache.SceneMemoryLimitInMB:128.000000]]
[2022.04.08-07.29.07:985][  0]LogConfig: Setting CVar [[r.Mobile.EnableStaticAndCSMShadowReceivers:1]]
[2022.04.08-07.29.07:985][  0]LogConfig: Setting CVar [[r.Mobile.EnableMovableLightCSMShaderCulling:1]]
[2022.04.08-07.29.07:985][  0]LogConfig: Setting CVar [[r.Mobile.AllowDistanceFieldShadows:1]]
[2022.04.08-07.29.07:985][  0]LogConfig: Setting CVar [[r.Mobile.AllowMovableDirectionalLights:1]]
[2022.04.08-07.29.07:985][  0]LogConfig: Setting CVar [[r.MobileNumDynamicPointLights:4]]
[2022.04.08-07.29.07:985][  0]LogConfig: Setting CVar [[r.MobileDynamicPointLightsUseStaticBranch:1]]
[2022.04.08-07.29.07:985][  0]LogConfig: Setting CVar [[r.Mobile.EnableMovableSpotlights:0]]
[2022.04.08-07.29.07:985][  0]LogConfig: Setting CVar [[r.Mobile.EnableMovableSpotlightsShadow:0]]
[2022.04.08-07.29.07:985][  0]LogConfig: Setting CVar [[r.GPUSkin.Support16BitBoneIndex:0]]
[2022.04.08-07.29.07:985][  0]LogConfig: Setting CVar [[r.GPUSkin.Limit2BoneInfluences:0]]
[2022.04.08-07.29.07:985][  0]LogConfig: Setting CVar [[r.SupportDepthOnlyIndexBuffers:1]]
[2022.04.08-07.29.07:985][  0]LogConfig: Setting CVar [[r.SupportReversedIndexBuffers:1]]
[2022.04.08-07.29.07:985][  0]LogConfig: Setting CVar [[r.LightPropagationVolume:0]]
[2022.04.08-07.29.07:985][  0]LogConfig: Setting CVar [[r.Mobile.AmbientOcclusion:0]]
[2022.04.08-07.29.07:985][  0]LogConfig: Setting CVar [[r.GPUSkin.UnlimitedBoneInfluences:0]]
[2022.04.08-07.29.07:985][  0]LogConfig: Setting CVar [[r.GPUSkin.UnlimitedBoneInfluencesThreshold:8]]
[2022.04.08-07.29.07:985][  0]LogConfig: Setting CVar [[r.Mobile.PlanarReflectionMode:0]]
[2022.04.08-07.29.07:985][  0]LogConfig: Setting CVar [[r.Mobile.SupportGPUScene:1]]
[2022.04.08-07.29.07:985][  0]LogConfig: Applying CVar settings from Section [/Script/Engine.RendererOverrideSettings] File [C:/Users/dmock/Unreal projects/P8/P8ToBeAnnounced/P8_VR_Home/Saved/Config/Windows/Engine.ini]
[2022.04.08-07.29.07:985][  0]LogConfig: Applying CVar settings from Section [/Script/Engine.StreamingSettings] File [C:/Users/dmock/Unreal projects/P8/P8ToBeAnnounced/P8_VR_Home/Saved/Config/Windows/Engine.ini]
[2022.04.08-07.29.07:985][  0]LogConfig: Setting CVar [[s.MinBulkDataSizeForAsyncLoading:131072]]
[2022.04.08-07.29.07:985][  0]LogConfig: Setting CVar [[s.AsyncLoadingThreadEnabled:0]]
[2022.04.08-07.29.07:985][  0]LogConfig: Setting CVar [[s.EventDrivenLoaderEnabled:1]]
[2022.04.08-07.29.07:985][  0]LogConfig: Setting CVar [[s.WarnIfTimeLimitExceeded:0]]
[2022.04.08-07.29.07:985][  0]LogConfig: Setting CVar [[s.TimeLimitExceededMultiplier:1.5]]
[2022.04.08-07.29.07:985][  0]LogConfig: Setting CVar [[s.TimeLimitExceededMinTime:0.005]]
[2022.04.08-07.29.07:985][  0]LogConfig: Setting CVar [[s.UseBackgroundLevelStreaming:1]]
[2022.04.08-07.29.07:985][  0]LogConfig: Setting CVar [[s.PriorityAsyncLoadingExtraTime:15.0]]
[2022.04.08-07.29.07:985][  0]LogConfig: Setting CVar [[s.LevelStreamingActorsUpdateTimeLimit:5.0]]
[2022.04.08-07.29.07:985][  0]LogConfig: Setting CVar [[s.PriorityLevelStreamingActorsUpdateExtraTime:5.0]]
[2022.04.08-07.29.07:985][  0]LogConfig: Setting CVar [[s.LevelStreamingComponentsRegistrationGranularity:10]]
[2022.04.08-07.29.07:985][  0]LogConfig: Setting CVar [[s.UnregisterComponentsTimeLimit:1.0]]
[2022.04.08-07.29.07:985][  0]LogConfig: Setting CVar [[s.LevelStreamingComponentsUnregistrationGranularity:5]]
[2022.04.08-07.29.07:985][  0]LogConfig: Setting CVar [[s.FlushStreamingOnExit:1]]
[2022.04.08-07.29.07:985][  0]LogConfig: Applying CVar settings from Section [/Script/Engine.GarbageCollectionSettings] File [C:/Users/dmock/Unreal projects/P8/P8ToBeAnnounced/P8_VR_Home/Saved/Config/Windows/Engine.ini]
[2022.04.08-07.29.07:985][  0]LogConfig: Setting CVar [[gc.MaxObjectsNotConsideredByGC:1]]
[2022.04.08-07.29.07:985][  0]LogConfig: Setting CVar [[gc.SizeOfPermanentObjectPool:0]]
[2022.04.08-07.29.07:985][  0]LogConfig: Setting CVar [[gc.FlushStreamingOnGC:0]]
[2022.04.08-07.29.07:985][  0]LogConfig: Setting CVar [[gc.NumRetriesBeforeForcingGC:10]]
[2022.04.08-07.29.07:985][  0]LogConfig: Setting CVar [[gc.AllowParallelGC:1]]
[2022.04.08-07.29.07:985][  0]LogConfig: Setting CVar [[gc.TimeBetweenPurgingPendingKillObjects:61.1]]
[2022.04.08-07.29.07:985][  0]LogConfig: Setting CVar [[gc.MaxObjectsInEditor:25165824]]
[2022.04.08-07.29.07:986][  0]LogConfig: Setting CVar [[gc.IncrementalBeginDestroyEnabled:1]]
[2022.04.08-07.29.07:986][  0]LogConfig: Setting CVar [[gc.CreateGCClusters:1]]
[2022.04.08-07.29.07:986][  0]LogConfig: Setting CVar [[gc.MinGCClusterSize:5]]
[2022.04.08-07.29.07:986][  0]LogConfig: Setting CVar [[gc.ActorClusteringEnabled:0]]
[2022.04.08-07.29.07:986][  0]LogConfig: Setting CVar [[gc.BlueprintClusteringEnabled:0]]
[2022.04.08-07.29.07:986][  0]LogConfig: Setting CVar [[gc.UseDisregardForGCOnDedicatedServers:0]]
[2022.04.08-07.29.07:986][  0]LogConfig: Setting CVar [[gc.MultithreadedDestructionEnabled:1]]
[2022.04.08-07.29.07:986][  0]LogConfig: Applying CVar settings from Section [/Script/Engine.NetworkSettings] File [C:/Users/dmock/Unreal projects/P8/P8ToBeAnnounced/P8_VR_Home/Saved/Config/Windows/Engine.ini]
[2022.04.08-07.29.07:986][  0]LogConfig: Applying CVar settings from Section [/Script/UnrealEd.CookerSettings] File [C:/Users/dmock/Unreal projects/P8/P8ToBeAnnounced/P8_VR_Home/Saved/Config/Windows/Engine.ini]
[2022.04.08-07.29.07:989][  0]LogConfig: Applying CVar settings from Section [ViewDistanceQuality@3] File [C:/Users/dmock/Unreal projects/P8/P8ToBeAnnounced/P8_VR_Home/Saved/Config/Windows/Scalability.ini]
[2022.04.08-07.29.07:989][  0]LogConfig: Setting CVar [[r.SkeletalMeshLODBias:0]]
[2022.04.08-07.29.07:989][  0]LogConfig: Setting CVar [[r.ViewDistanceScale:1.0]]
[2022.04.08-07.29.07:989][  0]LogConfig: Applying CVar settings from Section [AntiAliasingQuality@3] File [C:/Users/dmock/Unreal projects/P8/P8ToBeAnnounced/P8_VR_Home/Saved/Config/Windows/Scalability.ini]
[2022.04.08-07.29.07:989][  0]LogConfig: Setting CVar [[r.PostProcessAAQuality:4]]
[2022.04.08-07.29.07:989][  0]LogConfig: Applying CVar settings from Section [ShadowQuality@3] File [C:/Users/dmock/Unreal projects/P8/P8ToBeAnnounced/P8_VR_Home/Saved/Config/Windows/Scalability.ini]
[2022.04.08-07.29.07:989][  0]LogConfig: Setting CVar [[r.LightFunctionQuality:1]]
[2022.04.08-07.29.07:989][  0]LogConfig: Setting CVar [[r.ShadowQuality:5]]
[2022.04.08-07.29.07:989][  0]LogConfig: Setting CVar [[r.Shadow.CSM.MaxCascades:10]]
[2022.04.08-07.29.07:989][  0]LogConfig: Setting CVar [[r.Shadow.MaxResolution:2048]]
[2022.04.08-07.29.07:989][  0]LogConfig: Setting CVar [[r.Shadow.MaxCSMResolution:2048]]
[2022.04.08-07.29.07:989][  0]LogConfig: Setting CVar [[r.Shadow.RadiusThreshold:0.01]]
[2022.04.08-07.29.07:989][  0]LogConfig: Setting CVar [[r.Shadow.DistanceScale:1.0]]
[2022.04.08-07.29.07:989][  0]LogConfig: Setting CVar [[r.Shadow.CSM.TransitionScale:1.0]]
[2022.04.08-07.29.07:989][  0]LogConfig: Setting CVar [[r.Shadow.PreShadowResolutionFactor:1.0]]
[2022.04.08-07.29.07:989][  0]LogConfig: Setting CVar [[r.DistanceFieldShadowing:1]]
[2022.04.08-07.29.07:989][  0]LogConfig: Setting CVar [[r.DistanceFieldAO:1]]
[2022.04.08-07.29.07:989][  0]LogConfig: Setting CVar [[r.AOQuality:2]]
[2022.04.08-07.29.07:989][  0]LogConfig: Setting CVar [[r.VolumetricFog:1]]
[2022.04.08-07.29.07:989][  0]LogConfig: Setting CVar [[r.VolumetricFog.GridPixelSize:8]]
[2022.04.08-07.29.07:989][  0]LogConfig: Setting CVar [[r.VolumetricFog.GridSizeZ:128]]
[2022.04.08-07.29.07:989][  0]LogConfig: Setting CVar [[r.VolumetricFog.HistoryMissSupersampleCount:4]]
[2022.04.08-07.29.07:989][  0]LogConfig: Setting CVar [[r.LightMaxDrawDistanceScale:1]]
[2022.04.08-07.29.07:989][  0]LogConfig: Setting CVar [[r.CapsuleShadows:1]]
[2022.04.08-07.29.07:989][  0]LogConfig: Applying CVar settings from Section [PostProcessQuality@3] File [C:/Users/dmock/Unreal projects/P8/P8ToBeAnnounced/P8_VR_Home/Saved/Config/Windows/Scalability.ini]
[2022.04.08-07.29.07:989][  0]LogConfig: Setting CVar [[r.MotionBlurQuality:4]]
[2022.04.08-07.29.07:989][  0]LogConfig: Setting CVar [[r.AmbientOcclusionMipLevelFactor:0.4]]
[2022.04.08-07.29.07:989][  0]LogConfig: Setting CVar [[r.AmbientOcclusionMaxQuality:100]]
[2022.04.08-07.29.07:989][  0]LogConfig: Setting CVar [[r.AmbientOcclusionLevels:-1]]
[2022.04.08-07.29.07:989][  0]LogConfig: Setting CVar [[r.AmbientOcclusionRadiusScale:1.0]]
[2022.04.08-07.29.07:989][  0]LogConfig: Setting CVar [[r.DepthOfFieldQuality:2]]
[2022.04.08-07.29.07:989][  0]LogConfig: Setting CVar [[r.RenderTargetPoolMin:400]]
[2022.04.08-07.29.07:989][  0]LogConfig: Setting CVar [[r.LensFlareQuality:2]]
[2022.04.08-07.29.07:989][  0]LogConfig: Setting CVar [[r.SceneColorFringeQuality:1]]
[2022.04.08-07.29.07:989][  0]LogConfig: Setting CVar [[r.EyeAdaptationQuality:2]]
[2022.04.08-07.29.07:989][  0]LogConfig: Setting CVar [[r.BloomQuality:5]]
[2022.04.08-07.29.07:989][  0]LogConfig: Setting CVar [[r.FastBlurThreshold:100]]
[2022.04.08-07.29.07:989][  0]LogConfig: Setting CVar [[r.Upscale.Quality:3]]
[2022.04.08-07.29.07:989][  0]LogConfig: Setting CVar [[r.Tonemapper.GrainQuantization:1]]
[2022.04.08-07.29.07:989][  0]LogConfig: Setting CVar [[r.LightShaftQuality:1]]
[2022.04.08-07.29.07:989][  0]LogConfig: Setting CVar [[r.Filter.SizeScale:1]]
[2022.04.08-07.29.07:989][  0]LogConfig: Setting CVar [[r.Tonemapper.Quality:5]]
[2022.04.08-07.29.07:989][  0]LogConfig: Setting CVar [[r.DOF.Gather.AccumulatorQuality:1        ; higher gathering accumulator quality]]
[2022.04.08-07.29.07:989][  0]LogConfig: Setting CVar [[r.DOF.Gather.PostfilterMethod:1          ; Median3x3 postfilering method]]
[2022.04.08-07.29.07:989][  0]LogConfig: Setting CVar [[r.DOF.Gather.EnableBokehSettings:0       ; no bokeh simulation when gathering]]
[2022.04.08-07.29.07:989][  0]LogConfig: Setting CVar [[r.DOF.Gather.RingCount:4                 ; medium number of samples when gathering]]
[2022.04.08-07.29.07:989][  0]LogConfig: Setting CVar [[r.DOF.Scatter.ForegroundCompositing:1    ; additive foreground scattering]]
[2022.04.08-07.29.07:989][  0]LogConfig: Setting CVar [[r.DOF.Scatter.BackgroundCompositing:2    ; additive background scattering]]
[2022.04.08-07.29.07:989][  0]LogConfig: Setting CVar [[r.DOF.Scatter.EnableBokehSettings:1      ; bokeh simulation when scattering]]
[2022.04.08-07.29.07:989][  0]LogConfig: Setting CVar [[r.DOF.Scatter.MaxSpriteRatio:0.1         ; only a maximum of 10% of scattered bokeh]]
[2022.04.08-07.29.07:989][  0]LogConfig: Setting CVar [[r.DOF.Recombine.Quality:1                ; cheap slight out of focus]]
[2022.04.08-07.29.07:989][  0]LogConfig: Setting CVar [[r.DOF.Recombine.EnableBokehSettings:0    ; no bokeh simulation on slight out of focus]]
[2022.04.08-07.29.07:989][  0]LogConfig: Setting CVar [[r.DOF.TemporalAAQuality:1                ; more stable temporal accumulation]]
[2022.04.08-07.29.07:989][  0]LogConfig: Setting CVar [[r.DOF.Kernel.MaxForegroundRadius:0.025]]
[2022.04.08-07.29.07:989][  0]LogConfig: Setting CVar [[r.DOF.Kernel.MaxBackgroundRadius:0.025]]
[2022.04.08-07.29.07:989][  0]LogConfig: Applying CVar settings from Section [TextureQuality@3] File [C:/Users/dmock/Unreal projects/P8/P8ToBeAnnounced/P8_VR_Home/Saved/Config/Windows/Scalability.ini]
[2022.04.08-07.29.07:989][  0]LogConfig: Setting CVar [[r.Streaming.MipBias:0]]
[2022.04.08-07.29.07:989][  0]LogConfig: Setting CVar [[r.Streaming.AmortizeCPUToGPUCopy:0]]
[2022.04.08-07.29.07:989][  0]LogConfig: Setting CVar [[r.Streaming.MaxNumTexturesToStreamPerFrame:0]]
[2022.04.08-07.29.07:989][  0]LogConfig: Setting CVar [[r.Streaming.Boost:1]]
[2022.04.08-07.29.07:989][  0]LogConfig: Setting CVar [[r.MaxAnisotropy:8]]
[2022.04.08-07.29.07:989][  0]LogConfig: Setting CVar [[r.VT.MaxAnisotropy:8]]
[2022.04.08-07.29.07:989][  0]LogConfig: Setting CVar [[r.Streaming.LimitPoolSizeToVRAM:0]]
[2022.04.08-07.29.07:989][  0]LogConfig: Setting CVar [[r.Streaming.PoolSize:1000]]
[2022.04.08-07.29.07:989][  0]LogConfig: Setting CVar [[r.Streaming.MaxEffectiveScreenSize:0]]
[2022.04.08-07.29.07:989][  0]LogConfig: Applying CVar settings from Section [EffectsQuality@3] File [C:/Users/dmock/Unreal projects/P8/P8ToBeAnnounced/P8_VR_Home/Saved/Config/Windows/Scalability.ini]
[2022.04.08-07.29.07:989][  0]LogConfig: Setting CVar [[r.TranslucencyLightingVolumeDim:64]]
[2022.04.08-07.29.07:989][  0]LogConfig: Setting CVar [[r.RefractionQuality:2]]
[2022.04.08-07.29.07:989][  0]LogConfig: Setting CVar [[r.SSR.Quality:3]]
[2022.04.08-07.29.07:989][  0]LogConfig: Setting CVar [[r.SSR.HalfResSceneColor:0]]
[2022.04.08-07.29.07:989][  0]LogConfig: Setting CVar [[r.SceneColorFormat:4]]
[2022.04.08-07.29.07:989][  0]LogConfig: Setting CVar [[r.DetailMode:2]]
[2022.04.08-07.29.07:989][  0]LogConfig: Setting CVar [[r.TranslucencyVolumeBlur:1]]
[2022.04.08-07.29.07:989][  0]LogConfig: Setting CVar [[r.MaterialQualityLevel:1 ; High quality]]
[2022.04.08-07.29.07:989][  0]LogConfig: Setting CVar [[r.AnisotropicMaterials:1]]
[2022.04.08-07.29.07:989][  0]LogConfig: Setting CVar [[r.SSS.Scale:1]]
[2022.04.08-07.29.07:989][  0]LogConfig: Setting CVar [[r.SSS.SampleSet:2]]
[2022.04.08-07.29.07:989][  0]LogConfig: Setting CVar [[r.SSS.Quality:1]]
[2022.04.08-07.29.07:989][  0]LogConfig: Setting CVar [[r.SSS.HalfRes:0]]
[2022.04.08-07.29.07:989][  0]LogConfig: Setting CVar [[r.SSGI.Quality:3]]
[2022.04.08-07.29.07:989][  0]LogConfig: Setting CVar [[r.EmitterSpawnRateScale:1.0]]
[2022.04.08-07.29.07:989][  0]LogConfig: Setting CVar [[r.ParticleLightQuality:2]]
[2022.04.08-07.29.07:989][  0]LogConfig: Setting CVar [[r.SkyAtmosphere.AerialPerspectiveLUT.FastApplyOnOpaque:1 ; Always have FastSkyLUT 1 in this case to avoid wrong sky]]
[2022.04.08-07.29.07:989][  0]LogConfig: Setting CVar [[r.SkyAtmosphere.AerialPerspectiveLUT.SampleCountMaxPerSlice:4]]
[2022.04.08-07.29.07:989][  0]LogConfig: Setting CVar [[r.SkyAtmosphere.AerialPerspectiveLUT.DepthResolution:16.0]]
[2022.04.08-07.29.07:989][  0]LogConfig: Setting CVar [[r.SkyAtmosphere.FastSkyLUT:1]]
[2022.04.08-07.29.07:989][  0]LogConfig: Setting CVar [[r.SkyAtmosphere.FastSkyLUT.SampleCountMin:4.0]]
[2022.04.08-07.29.07:989][  0]LogConfig: Setting CVar [[r.SkyAtmosphere.FastSkyLUT.SampleCountMax:128.0]]
[2022.04.08-07.29.07:989][  0]LogConfig: Setting CVar [[r.SkyAtmosphere.SampleCountMin:4.0]]
[2022.04.08-07.29.07:989][  0]LogConfig: Setting CVar [[r.SkyAtmosphere.SampleCountMax:128.0]]
[2022.04.08-07.29.07:989][  0]LogConfig: Setting CVar [[r.SkyAtmosphere.TransmittanceLUT.UseSmallFormat:0]]
[2022.04.08-07.29.07:989][  0]LogConfig: Setting CVar [[r.SkyAtmosphere.TransmittanceLUT.SampleCount:10.0]]
[2022.04.08-07.29.07:989][  0]LogConfig: Setting CVar [[r.SkyAtmosphere.MultiScatteringLUT.SampleCount:15.0]]
[2022.04.08-07.29.07:989][  0]LogConfig: Setting CVar [[r.SkyLight.RealTimeReflectionCapture:1]]
[2022.04.08-07.29.07:989][  0]LogConfig: Applying CVar settings from Section [FoliageQuality@3] File [C:/Users/dmock/Unreal projects/P8/P8ToBeAnnounced/P8_VR_Home/Saved/Config/Windows/Scalability.ini]
[2022.04.08-07.29.07:990][  0]LogConfig: Setting CVar [[foliage.DensityScale:1.0]]
[2022.04.08-07.29.07:990][  0]LogConfig: Setting CVar [[grass.DensityScale:1.0]]
[2022.04.08-07.29.07:990][  0]LogConfig: Applying CVar settings from Section [ShadingQuality@3] File [C:/Users/dmock/Unreal projects/P8/P8ToBeAnnounced/P8_VR_Home/Saved/Config/Windows/Scalability.ini]
[2022.04.08-07.29.07:990][  0]LogConfig: Setting CVar [[r.HairStrands.SkyLighting.IntegrationType:2]]
[2022.04.08-07.29.07:990][  0]LogConfig: Setting CVar [[r.HairStrands.SkyAO.SampleCount:4]]
[2022.04.08-07.29.07:990][  0]LogConfig: Setting CVar [[r.HairStrands.Visibility.MSAA.SamplePerPixel:4]]
[2022.04.08-07.29.07:990][  0]LogInit: Selected Device Profile: [Windows]
[2022.04.08-07.29.07:990][  0]LogInit: Applying CVar settings loaded from the selected device profile: [Windows]
[2022.04.08-07.29.07:990][  0]LogHAL: Display: Platform has ~ 16 GB [16542703616 / 17179869184 / 16], which maps to Larger [LargestMinGB=32, LargerMinGB=12, DefaultMinGB=8, SmallerMinGB=6, SmallestMinGB=0)
[2022.04.08-07.29.07:990][  0]LogInit: Going up to parent DeviceProfile []
[2022.04.08-07.29.07:990][  0]LogConfig: Applying CVar settings from Section [ViewDistanceQuality@3] File [C:/Users/dmock/Unreal projects/P8/P8ToBeAnnounced/P8_VR_Home/Saved/Config/Windows/Scalability.ini]
[2022.04.08-07.29.07:990][  0]LogConfig: Setting CVar [[r.SkeletalMeshLODBias:0]]
[2022.04.08-07.29.07:990][  0]LogConfig: Setting CVar [[r.ViewDistanceScale:1.0]]
[2022.04.08-07.29.07:990][  0]LogConfig: Applying CVar settings from Section [AntiAliasingQuality@3] File [C:/Users/dmock/Unreal projects/P8/P8ToBeAnnounced/P8_VR_Home/Saved/Config/Windows/Scalability.ini]
[2022.04.08-07.29.07:990][  0]LogConfig: Setting CVar [[r.PostProcessAAQuality:4]]
[2022.04.08-07.29.07:990][  0]LogConfig: Applying CVar settings from Section [ShadowQuality@3] File [C:/Users/dmock/Unreal projects/P8/P8ToBeAnnounced/P8_VR_Home/Saved/Config/Windows/Scalability.ini]
[2022.04.08-07.29.07:990][  0]LogConfig: Setting CVar [[r.LightFunctionQuality:1]]
[2022.04.08-07.29.07:990][  0]LogConfig: Setting CVar [[r.ShadowQuality:5]]
[2022.04.08-07.29.07:990][  0]LogConfig: Setting CVar [[r.Shadow.CSM.MaxCascades:10]]
[2022.04.08-07.29.07:990][  0]LogConfig: Setting CVar [[r.Shadow.MaxResolution:2048]]
[2022.04.08-07.29.07:990][  0]LogConfig: Setting CVar [[r.Shadow.MaxCSMResolution:2048]]
[2022.04.08-07.29.07:990][  0]LogConfig: Setting CVar [[r.Shadow.RadiusThreshold:0.01]]
[2022.04.08-07.29.07:990][  0]LogConfig: Setting CVar [[r.Shadow.DistanceScale:1.0]]
[2022.04.08-07.29.07:990][  0]LogConfig: Setting CVar [[r.Shadow.CSM.TransitionScale:1.0]]
[2022.04.08-07.29.07:990][  0]LogConfig: Setting CVar [[r.Shadow.PreShadowResolutionFactor:1.0]]
[2022.04.08-07.29.07:990][  0]LogConfig: Setting CVar [[r.DistanceFieldShadowing:1]]
[2022.04.08-07.29.07:990][  0]LogConfig: Setting CVar [[r.DistanceFieldAO:1]]
[2022.04.08-07.29.07:990][  0]LogConfig: Setting CVar [[r.AOQuality:2]]
[2022.04.08-07.29.07:990][  0]LogConfig: Setting CVar [[r.VolumetricFog:1]]
[2022.04.08-07.29.07:990][  0]LogConfig: Setting CVar [[r.VolumetricFog.GridPixelSize:8]]
[2022.04.08-07.29.07:990][  0]LogConfig: Setting CVar [[r.VolumetricFog.GridSizeZ:128]]
[2022.04.08-07.29.07:990][  0]LogConfig: Setting CVar [[r.VolumetricFog.HistoryMissSupersampleCount:4]]
[2022.04.08-07.29.07:990][  0]LogConfig: Setting CVar [[r.LightMaxDrawDistanceScale:1]]
[2022.04.08-07.29.07:990][  0]LogConfig: Setting CVar [[r.CapsuleShadows:1]]
[2022.04.08-07.29.07:990][  0]LogConfig: Applying CVar settings from Section [PostProcessQuality@3] File [C:/Users/dmock/Unreal projects/P8/P8ToBeAnnounced/P8_VR_Home/Saved/Config/Windows/Scalability.ini]
[2022.04.08-07.29.07:990][  0]LogConfig: Setting CVar [[r.MotionBlurQuality:4]]
[2022.04.08-07.29.07:990][  0]LogConfig: Setting CVar [[r.AmbientOcclusionMipLevelFactor:0.4]]
[2022.04.08-07.29.07:990][  0]LogConfig: Setting CVar [[r.AmbientOcclusionMaxQuality:100]]
[2022.04.08-07.29.07:990][  0]LogConfig: Setting CVar [[r.AmbientOcclusionLevels:-1]]
[2022.04.08-07.29.07:990][  0]LogConfig: Setting CVar [[r.AmbientOcclusionRadiusScale:1.0]]
[2022.04.08-07.29.07:990][  0]LogConfig: Setting CVar [[r.DepthOfFieldQuality:2]]
[2022.04.08-07.29.07:990][  0]LogConfig: Setting CVar [[r.RenderTargetPoolMin:400]]
[2022.04.08-07.29.07:990][  0]LogConfig: Setting CVar [[r.LensFlareQuality:2]]
[2022.04.08-07.29.07:990][  0]LogConfig: Setting CVar [[r.SceneColorFringeQuality:1]]
[2022.04.08-07.29.07:990][  0]LogConfig: Setting CVar [[r.EyeAdaptationQuality:2]]
[2022.04.08-07.29.07:990][  0]LogConfig: Setting CVar [[r.BloomQuality:5]]
[2022.04.08-07.29.07:990][  0]LogConfig: Setting CVar [[r.FastBlurThreshold:100]]
[2022.04.08-07.29.07:990][  0]LogConfig: Setting CVar [[r.Upscale.Quality:3]]
[2022.04.08-07.29.07:990][  0]LogConfig: Setting CVar [[r.Tonemapper.GrainQuantization:1]]
[2022.04.08-07.29.07:990][  0]LogConfig: Setting CVar [[r.LightShaftQuality:1]]
[2022.04.08-07.29.07:990][  0]LogConfig: Setting CVar [[r.Filter.SizeScale:1]]
[2022.04.08-07.29.07:990][  0]LogConfig: Setting CVar [[r.Tonemapper.Quality:5]]
[2022.04.08-07.29.07:990][  0]LogConfig: Setting CVar [[r.DOF.Gather.AccumulatorQuality:1        ; higher gathering accumulator quality]]
[2022.04.08-07.29.07:990][  0]LogConfig: Setting CVar [[r.DOF.Gather.PostfilterMethod:1          ; Median3x3 postfilering method]]
[2022.04.08-07.29.07:990][  0]LogConfig: Setting CVar [[r.DOF.Gather.EnableBokehSettings:0       ; no bokeh simulation when gathering]]
[2022.04.08-07.29.07:990][  0]LogConfig: Setting CVar [[r.DOF.Gather.RingCount:4                 ; medium number of samples when gathering]]
[2022.04.08-07.29.07:990][  0]LogConfig: Setting CVar [[r.DOF.Scatter.ForegroundCompositing:1    ; additive foreground scattering]]
[2022.04.08-07.29.07:990][  0]LogConfig: Setting CVar [[r.DOF.Scatter.BackgroundCompositing:2    ; additive background scattering]]
[2022.04.08-07.29.07:990][  0]LogConfig: Setting CVar [[r.DOF.Scatter.EnableBokehSettings:1      ; bokeh simulation when scattering]]
[2022.04.08-07.29.07:990][  0]LogConfig: Setting CVar [[r.DOF.Scatter.MaxSpriteRatio:0.1         ; only a maximum of 10% of scattered bokeh]]
[2022.04.08-07.29.07:990][  0]LogConfig: Setting CVar [[r.DOF.Recombine.Quality:1                ; cheap slight out of focus]]
[2022.04.08-07.29.07:990][  0]LogConfig: Setting CVar [[r.DOF.Recombine.EnableBokehSettings:0    ; no bokeh simulation on slight out of focus]]
[2022.04.08-07.29.07:990][  0]LogConfig: Setting CVar [[r.DOF.TemporalAAQuality:1                ; more stable temporal accumulation]]
[2022.04.08-07.29.07:990][  0]LogConfig: Setting CVar [[r.DOF.Kernel.MaxForegroundRadius:0.025]]
[2022.04.08-07.29.07:990][  0]LogConfig: Setting CVar [[r.DOF.Kernel.MaxBackgroundRadius:0.025]]
[2022.04.08-07.29.07:990][  0]LogConfig: Applying CVar settings from Section [TextureQuality@3] File [C:/Users/dmock/Unreal projects/P8/P8ToBeAnnounced/P8_VR_Home/Saved/Config/Windows/Scalability.ini]
[2022.04.08-07.29.07:990][  0]LogConfig: Setting CVar [[r.Streaming.MipBias:0]]
[2022.04.08-07.29.07:990][  0]LogConfig: Setting CVar [[r.Streaming.AmortizeCPUToGPUCopy:0]]
[2022.04.08-07.29.07:990][  0]LogConfig: Setting CVar [[r.Streaming.MaxNumTexturesToStreamPerFrame:0]]
[2022.04.08-07.29.07:990][  0]LogConfig: Setting CVar [[r.Streaming.Boost:1]]
[2022.04.08-07.29.07:990][  0]LogConfig: Setting CVar [[r.MaxAnisotropy:8]]
[2022.04.08-07.29.07:990][  0]LogConfig: Setting CVar [[r.VT.MaxAnisotropy:8]]
[2022.04.08-07.29.07:990][  0]LogConfig: Setting CVar [[r.Streaming.LimitPoolSizeToVRAM:0]]
[2022.04.08-07.29.07:990][  0]LogConfig: Setting CVar [[r.Streaming.PoolSize:1000]]
[2022.04.08-07.29.07:990][  0]LogConfig: Setting CVar [[r.Streaming.MaxEffectiveScreenSize:0]]
[2022.04.08-07.29.07:990][  0]LogConfig: Applying CVar settings from Section [EffectsQuality@3] File [C:/Users/dmock/Unreal projects/P8/P8ToBeAnnounced/P8_VR_Home/Saved/Config/Windows/Scalability.ini]
[2022.04.08-07.29.07:990][  0]LogConfig: Setting CVar [[r.TranslucencyLightingVolumeDim:64]]
[2022.04.08-07.29.07:990][  0]LogConfig: Setting CVar [[r.RefractionQuality:2]]
[2022.04.08-07.29.07:990][  0]LogConfig: Setting CVar [[r.SSR.Quality:3]]
[2022.04.08-07.29.07:990][  0]LogConfig: Setting CVar [[r.SSR.HalfResSceneColor:0]]
[2022.04.08-07.29.07:990][  0]LogConfig: Setting CVar [[r.SceneColorFormat:4]]
[2022.04.08-07.29.07:990][  0]LogConfig: Setting CVar [[r.DetailMode:2]]
[2022.04.08-07.29.07:990][  0]LogConfig: Setting CVar [[r.TranslucencyVolumeBlur:1]]
[2022.04.08-07.29.07:990][  0]LogConfig: Setting CVar [[r.MaterialQualityLevel:1 ; High quality]]
[2022.04.08-07.29.07:990][  0]LogConfig: Setting CVar [[r.AnisotropicMaterials:1]]
[2022.04.08-07.29.07:990][  0]LogConfig: Setting CVar [[r.SSS.Scale:1]]
[2022.04.08-07.29.07:990][  0]LogConfig: Setting CVar [[r.SSS.SampleSet:2]]
[2022.04.08-07.29.07:990][  0]LogConfig: Setting CVar [[r.SSS.Quality:1]]
[2022.04.08-07.29.07:990][  0]LogConfig: Setting CVar [[r.SSS.HalfRes:0]]
[2022.04.08-07.29.07:990][  0]LogConfig: Setting CVar [[r.SSGI.Quality:3]]
[2022.04.08-07.29.07:990][  0]LogConfig: Setting CVar [[r.EmitterSpawnRateScale:1.0]]
[2022.04.08-07.29.07:990][  0]LogConfig: Setting CVar [[r.ParticleLightQuality:2]]
[2022.04.08-07.29.07:990][  0]LogConfig: Setting CVar [[r.SkyAtmosphere.AerialPerspectiveLUT.FastApplyOnOpaque:1 ; Always have FastSkyLUT 1 in this case to avoid wrong sky]]
[2022.04.08-07.29.07:990][  0]LogConfig: Setting CVar [[r.SkyAtmosphere.AerialPerspectiveLUT.SampleCountMaxPerSlice:4]]
[2022.04.08-07.29.07:990][  0]LogConfig: Setting CVar [[r.SkyAtmosphere.AerialPerspectiveLUT.DepthResolution:16.0]]
[2022.04.08-07.29.07:990][  0]LogConfig: Setting CVar [[r.SkyAtmosphere.FastSkyLUT:1]]
[2022.04.08-07.29.07:990][  0]LogConfig: Setting CVar [[r.SkyAtmosphere.FastSkyLUT.SampleCountMin:4.0]]
[2022.04.08-07.29.07:990][  0]LogConfig: Setting CVar [[r.SkyAtmosphere.FastSkyLUT.SampleCountMax:128.0]]
[2022.04.08-07.29.07:990][  0]LogConfig: Setting CVar [[r.SkyAtmosphere.SampleCountMin:4.0]]
[2022.04.08-07.29.07:990][  0]LogConfig: Setting CVar [[r.SkyAtmosphere.SampleCountMax:128.0]]
[2022.04.08-07.29.07:990][  0]LogConfig: Setting CVar [[r.SkyAtmosphere.TransmittanceLUT.UseSmallFormat:0]]
[2022.04.08-07.29.07:990][  0]LogConfig: Setting CVar [[r.SkyAtmosphere.TransmittanceLUT.SampleCount:10.0]]
[2022.04.08-07.29.07:990][  0]LogConfig: Setting CVar [[r.SkyAtmosphere.MultiScatteringLUT.SampleCount:15.0]]
[2022.04.08-07.29.07:990][  0]LogConfig: Setting CVar [[r.SkyLight.RealTimeReflectionCapture:1]]
[2022.04.08-07.29.07:990][  0]LogConfig: Applying CVar settings from Section [FoliageQuality@3] File [C:/Users/dmock/Unreal projects/P8/P8ToBeAnnounced/P8_VR_Home/Saved/Config/Windows/Scalability.ini]
[2022.04.08-07.29.07:990][  0]LogConfig: Setting CVar [[foliage.DensityScale:1.0]]
[2022.04.08-07.29.07:990][  0]LogConfig: Setting CVar [[grass.DensityScale:1.0]]
[2022.04.08-07.29.07:990][  0]LogConfig: Applying CVar settings from Section [ShadingQuality@3] File [C:/Users/dmock/Unreal projects/P8/P8ToBeAnnounced/P8_VR_Home/Saved/Config/Windows/Scalability.ini]
[2022.04.08-07.29.07:990][  0]LogConfig: Setting CVar [[r.HairStrands.SkyLighting.IntegrationType:2]]
[2022.04.08-07.29.07:990][  0]LogConfig: Setting CVar [[r.HairStrands.SkyAO.SampleCount:4]]
[2022.04.08-07.29.07:990][  0]LogConfig: Setting CVar [[r.HairStrands.Visibility.MSAA.SamplePerPixel:4]]
[2022.04.08-07.29.07:990][  0]LogConfig: Applying CVar settings from Section [Startup] File [../../../Engine/Config/ConsoleVariables.ini]
[2022.04.08-07.29.07:991][  0]LogConfig: Setting CVar [[net.UseAdaptiveNetUpdateFrequency:0]]
[2022.04.08-07.29.07:991][  0]LogConfig: Setting CVar [[p.chaos.AllowCreatePhysxBodies:1]]
[2022.04.08-07.29.07:991][  0]LogConfig: Setting CVar [[fx.SkipVectorVMBackendOptimizations:1]]
[2022.04.08-07.29.07:991][  0]LogConfig: Applying CVar settings from Section [ConsoleVariables] File [C:/Users/dmock/Unreal projects/P8/P8ToBeAnnounced/P8_VR_Home/Saved/Config/Windows/Engine.ini]
[2022.04.08-07.29.07:991][  0]LogConfig: Applying CVar settings from Section [ConsoleVariables] File [C:/Users/dmock/Unreal projects/P8/P8ToBeAnnounced/P8_VR_Home/Saved/Config/Windows/Editor.ini]
[2022.04.08-07.29.07:991][  0]LogInit: Computer: DAVID
[2022.04.08-07.29.07:991][  0]LogInit: User: dmock
[2022.04.08-07.29.07:991][  0]LogInit: CPU Page size=4096, Cores=8
[2022.04.08-07.29.07:991][  0]LogInit: High frequency timer resolution =10.000000 MHz
[2022.04.08-07.29.07:991][  0]LogMemory: Memory total: Physical=15.4GB (16GB approx)
[2022.04.08-07.29.07:991][  0]LogMemory: Platform Memory Stats for Windows
[2022.04.08-07.29.07:991][  0]LogMemory: Process Physical Memory: 146.45 MB used, 146.45 MB peak
[2022.04.08-07.29.07:991][  0]LogMemory: Process Virtual Memory: 137.38 MB used, 137.38 MB peak
[2022.04.08-07.29.07:991][  0]LogMemory: Physical Memory: 6675.19 MB used,  9101.16 MB free, 15776.35 MB total
[2022.04.08-07.29.07:991][  0]LogMemory: Virtual Memory: 134199720.00 MB used,  18004.68 MB free, 134217728.00 MB total
[2022.04.08-07.29.07:995][  0]LogWindows: WindowsPlatformFeatures enabled
[2022.04.08-07.29.08:010][  0]LogInit: Physics initialised using underlying interface: PhysX
[2022.04.08-07.29.08:010][  0]LogInit: Using OS detected language (en-US).
[2022.04.08-07.29.08:010][  0]LogInit: Using OS detected locale (en-US).
[2022.04.08-07.29.08:012][  0]LogTextLocalizationManager: No specific localization for 'en-US' exists, so the 'en' localization will be used.
[2022.04.08-07.29.08:140][  0]LogInit: Setting process to per monitor DPI aware
[2022.04.08-07.29.08:147][  0]LogWindowsTextInputMethodSystem: Display: IME system deactivated.
[2022.04.08-07.29.08:155][  0]LogSlate: New Slate User Created.  User Index 0, Is Virtual User: 0
[2022.04.08-07.29.08:155][  0]LogSlate: Slate User Registered.  User Index 0, Is Virtual User: 0
[2022.04.08-07.29.08:236][  0]LogD3D11RHI: Loaded GFSDK_Aftermath_Lib.x64.dll
[2022.04.08-07.29.08:316][  0]LogHMD: Optional extension XR_VARJO_quad_views is not available
[2022.04.08-07.29.08:317][  0]LogHMD: Warning: Required extension XR_EXT_eye_gaze_interaction is not available
[2022.04.08-07.29.08:317][  0]LogHMD: Could not enable all required OpenXR extensions for OpenXREyeTracker on current system. This plugin will be loaded but ignored, but will be enabled on a target platform that supports the required extension.
[2022.04.08-07.29.08:820][  0]LogHMD: Failed to get an OpenXR system, result is XR_ERROR_FORM_FACTOR_UNAVAILABLE. Please check that your runtime supports VR headsets.
[2022.04.08-07.29.08:820][  0]LogD3D11RHI: D3D11 min allowed feature level: 11_0
[2022.04.08-07.29.08:820][  0]LogD3D11RHI: D3D11 max allowed feature level: 11_0
[2022.04.08-07.29.08:820][  0]LogD3D11RHI: D3D11 adapters:
[2022.04.08-07.29.08:888][  0]LogD3D11RHI:    0. 'NVIDIA GeForce RTX 3050 Ti Laptop GPU' (Feature Level 11_0)
[2022.04.08-07.29.08:888][  0]LogD3D11RHI:       3990/0/7888 MB DedicatedVideo/DedicatedSystem/SharedSystem, Outputs:1, VendorId:0x10de
[2022.04.08-07.29.08:908][  0]LogD3D11RHI:    1. 'AMD Radeon(TM) Graphics' (Feature Level 11_0)
[2022.04.08-07.29.08:908][  0]LogD3D11RHI:       496/0/7888 MB DedicatedVideo/DedicatedSystem/SharedSystem, Outputs:0, VendorId:0x1002
[2022.04.08-07.29.08:910][  0]LogD3D11RHI:    2. 'Microsoft Basic Render Driver' (Feature Level 11_0)
[2022.04.08-07.29.08:910][  0]LogD3D11RHI:       0/0/7888 MB DedicatedVideo/DedicatedSystem/SharedSystem, Outputs:0, VendorId:0x1414
[2022.04.08-07.29.08:910][  0]LogD3D11RHI: Chosen D3D11 Adapter:
[2022.04.08-07.29.08:910][  0]LogD3D11RHI:     Description : NVIDIA GeForce RTX 3050 Ti Laptop GPU
[2022.04.08-07.29.08:910][  0]LogD3D11RHI:     VendorId    : 10de
[2022.04.08-07.29.08:910][  0]LogD3D11RHI:     DeviceId    : 25a0
[2022.04.08-07.29.08:910][  0]LogD3D11RHI:     SubSysId    : 14ec1043
[2022.04.08-07.29.08:910][  0]LogD3D11RHI:     Revision    : 00a1
[2022.04.08-07.29.08:910][  0]LogD3D11RHI:     DedicatedVideoMemory : 4183818240 bytes
[2022.04.08-07.29.08:910][  0]LogD3D11RHI:     DedicatedSystemMemory : 0 bytes
[2022.04.08-07.29.08:910][  0]LogD3D11RHI:     SharedSystemMemory : 8271351808 bytes
[2022.04.08-07.29.08:910][  0]LogD3D11RHI:     AdapterLuid : 0 54226
[2022.04.08-07.29.08:915][  0]LogD3D11RHI: Creating new Direct3DDevice
[2022.04.08-07.29.08:915][  0]LogD3D11RHI:     GPU DeviceId: 0x25a0 (for the marketing name, search the web for "GPU Device Id")
[2022.04.08-07.29.08:915][  0]LogWindows: EnumDisplayDevices:
[2022.04.08-07.29.08:915][  0]LogWindows:    0. 'AMD Radeon(TM) Graphics' (P:1 D:1)
[2022.04.08-07.29.08:915][  0]LogWindows:    1. 'AMD Radeon(TM) Graphics' (P:0 D:0)
[2022.04.08-07.29.08:915][  0]LogWindows:    2. 'AMD Radeon(TM) Graphics' (P:0 D:0)
[2022.04.08-07.29.08:915][  0]LogWindows:    3. 'AMD Radeon(TM) Graphics' (P:0 D:0)
[2022.04.08-07.29.08:915][  0]LogWindows:    4. 'NVIDIA GeForce RTX 3050 Ti Laptop GPU' (P:0 D:0)
[2022.04.08-07.29.08:915][  0]LogWindows:    5. 'NVIDIA GeForce RTX 3050 Ti Laptop GPU' (P:0 D:0)
[2022.04.08-07.29.08:916][  0]LogWindows:    6. 'NVIDIA GeForce RTX 3050 Ti Laptop GPU' (P:0 D:0)
[2022.04.08-07.29.08:916][  0]LogWindows:    7. 'NVIDIA GeForce RTX 3050 Ti Laptop GPU' (P:0 D:0)
[2022.04.08-07.29.08:916][  0]LogWindows: DebugString: PrimaryIsNotTheChoosenAdapter PrimaryIsNotTheChoosenAdapter PrimaryIsNotTheChoosenAdapter PrimaryIsNotTheChoosenAdapter FoundDriverCount:4 
[2022.04.08-07.29.08:916][  0]LogD3D11RHI:     Adapter Name: NVIDIA GeForce RTX 3050 Ti Laptop GPU
[2022.04.08-07.29.08:916][  0]LogD3D11RHI:   Driver Version: 462.13 (internal:27.21.14.6213, unified:462.13)
[2022.04.08-07.29.08:916][  0]LogD3D11RHI:      Driver Date: 3-24-2021
[2022.04.08-07.29.08:916][  0]LogRHI: Texture pool is 2793 MB (70% of 3990 MB)
[2022.04.08-07.29.08:916][  0]LogD3D11RHI: Creating D3DDevice using adapter:
[2022.04.08-07.29.08:916][  0]LogD3D11RHI:     Description : NVIDIA GeForce RTX 3050 Ti Laptop GPU
[2022.04.08-07.29.08:916][  0]LogD3D11RHI:     VendorId    : 10de
[2022.04.08-07.29.08:916][  0]LogD3D11RHI:     DeviceId    : 25a0
[2022.04.08-07.29.08:916][  0]LogD3D11RHI:     SubSysId    : 14ec1043
[2022.04.08-07.29.08:916][  0]LogD3D11RHI:     Revision    : 00a1
[2022.04.08-07.29.08:916][  0]LogD3D11RHI:     DedicatedVideoMemory : 4183818240 bytes
[2022.04.08-07.29.08:916][  0]LogD3D11RHI:     DedicatedSystemMemory : 0 bytes
[2022.04.08-07.29.08:916][  0]LogD3D11RHI:     SharedSystemMemory : 8271351808 bytes
[2022.04.08-07.29.08:916][  0]LogD3D11RHI:     AdapterLuid : 0 54226
[2022.04.08-07.29.08:969][  0]LogD3D11RHI: RHI has support for 64 bit atomics
[2022.04.08-07.29.08:969][  0]LogD3D11RHI: Async texture creation enabled
[2022.04.08-07.29.08:969][  0]LogD3D11RHI: Array index from any shader is supported
[2022.04.08-07.29.08:981][  0]LogD3D11RHI: GPU Timing Frequency: 1000.000000 (Debug: 2 1)
[2022.04.08-07.29.08:991][  0]LogRHI: GeForceNow SDK initialized: 1
[2022.04.08-07.29.09:177][  0]LogTargetPlatformManager: Display: Loaded TargetPlatform 'AllDesktop'
[2022.04.08-07.29.09:194][  0]LogTargetPlatformManager: Display: Loaded TargetPlatform 'Android'
[2022.04.08-07.29.09:194][  0]LogTargetPlatformManager: Display: Loaded TargetPlatform 'Android_ASTC'
[2022.04.08-07.29.09:194][  0]LogTargetPlatformManager: Display: Loaded TargetPlatform 'Android_DXT'
[2022.04.08-07.29.09:194][  0]LogTargetPlatformManager: Display: Loaded TargetPlatform 'Android_ETC2'
[2022.04.08-07.29.09:194][  0]LogTargetPlatformManager: Display: Loaded TargetPlatform 'AndroidClient'
[2022.04.08-07.29.09:194][  0]LogTargetPlatformManager: Display: Loaded TargetPlatform 'Android_ASTCClient'
[2022.04.08-07.29.09:194][  0]LogTargetPlatformManager: Display: Loaded TargetPlatform 'Android_DXTClient'
[2022.04.08-07.29.09:194][  0]LogTargetPlatformManager: Display: Loaded TargetPlatform 'Android_ETC2Client'
[2022.04.08-07.29.09:194][  0]LogTargetPlatformManager: Display: Loaded TargetPlatform 'Android_Multi'
[2022.04.08-07.29.09:194][  0]LogTargetPlatformManager: Display: Loaded TargetPlatform 'Android_MultiClient'
[2022.04.08-07.29.09:210][  0]LogTargetPlatformManager: Display: Loaded TargetPlatform 'IOSClient'
[2022.04.08-07.29.09:210][  0]LogTargetPlatformManager: Display: Loaded TargetPlatform 'IOS'
[2022.04.08-07.29.09:218][  0]LogTargetPlatformManager: Display: Loaded TargetPlatform 'Linux'
[2022.04.08-07.29.09:222][  0]LogTargetPlatformManager: Display: Loaded TargetPlatform 'LinuxNoEditor'
[2022.04.08-07.29.09:225][  0]LogTargetPlatformManager: Display: Loaded TargetPlatform 'LinuxClient'
[2022.04.08-07.29.09:228][  0]LogTargetPlatformManager: Display: Loaded TargetPlatform 'LinuxServer'
[2022.04.08-07.29.09:236][  0]LogTargetPlatformManager: Display: Loaded TargetPlatform 'LinuxAArch64NoEditor'
[2022.04.08-07.29.09:240][  0]LogTargetPlatformManager: Display: Loaded TargetPlatform 'LinuxAArch64Client'
[2022.04.08-07.29.09:243][  0]LogTargetPlatformManager: Display: Loaded TargetPlatform 'LinuxAArch64Server'
[2022.04.08-07.29.09:263][  0]LogTargetPlatformManager: Display: Loaded TargetPlatform 'Lumin'
[2022.04.08-07.29.09:263][  0]LogTargetPlatformManager: Display: Loaded TargetPlatform 'LuminClient'
[2022.04.08-07.29.09:270][  0]LogTargetPlatformManager: Display: Loaded TargetPlatform 'MacNoEditor'
[2022.04.08-07.29.09:274][  0]LogTargetPlatformManager: Display: Loaded TargetPlatform 'Mac'
[2022.04.08-07.29.09:277][  0]LogTargetPlatformManager: Display: Loaded TargetPlatform 'MacClient'
[2022.04.08-07.29.09:281][  0]LogTargetPlatformManager: Display: Loaded TargetPlatform 'MacServer'
[2022.04.08-07.29.09:289][  0]LogTargetPlatformManager: Display: Loaded TargetPlatform 'TVOSClient'
[2022.04.08-07.29.09:289][  0]LogTargetPlatformManager: Display: Loaded TargetPlatform 'TVOS'
[2022.04.08-07.29.09:297][  0]LogTargetPlatformManager: Display: Loaded TargetPlatform 'WindowsNoEditor'
[2022.04.08-07.29.09:301][  0]LogTargetPlatformManager: Display: Loaded TargetPlatform 'Windows'
[2022.04.08-07.29.09:305][  0]LogTargetPlatformManager: Display: Loaded TargetPlatform 'WindowsClient'
[2022.04.08-07.29.09:308][  0]LogTargetPlatformManager: Display: Loaded TargetPlatform 'WindowsServer'
[2022.04.08-07.29.09:308][  0]LogTargetPlatformManager: Display: Building Assets For Windows
[2022.04.08-07.29.09:314][  0]LogAudioDebug: Display: Lib vorbis DLL was dynamically loaded.
[2022.04.08-07.29.09:337][  0]LogTextureFormatOodle: Display: Oodle Texture 2.9.0 init RDO Off
[2022.04.08-07.29.09:361][  0]LogRendererCore: Ray tracing is disabled. Reason: r.RayTracing=0.
[2022.04.08-07.29.09:361][  0]LogShaderCompilers: Guid format shader working directory is -29 characters bigger than the processId version (../../../../../../Users/dmock/Unreal projects/P8/P8ToBeAnnounced/P8_VR_Home/Intermediate/Shaders/WorkingDirectory/5908/).
[2022.04.08-07.29.09:361][  0]LogShaderCompilers: Cleaned the shader compiler working directory 'C:/Users/dmock/AppData/Local/Temp/UnrealShaderWorkingDir/E95DB2AA4CE675BA7B6A879B2FE2549E/'.
[2022.04.08-07.29.09:361][  0]LogXGEController: Cannot use XGE Controller as Incredibuild is not installed on this machine.
[2022.04.08-07.29.09:361][  0]LogShaderCompilers: Cannot use XGE Shader Compiler as Incredibuild is not installed on this machine.
[2022.04.08-07.29.09:361][  0]LogShaderCompilers: Display: Using Local Shader Compiler.
[2022.04.08-07.29.09:899][  0]LogDerivedDataCache: Display: Max Cache Size: 512 MB
[2022.04.08-07.29.09:951][  0]LogDerivedDataCache: Loaded boot cache 0.05s 140MB C:/Users/dmock/AppData/Local/UnrealEngine/4.27/DerivedDataCache/Boot.ddc.
[2022.04.08-07.29.09:951][  0]LogDerivedDataCache: Display: Loaded Boot cache: C:/Users/dmock/AppData/Local/UnrealEngine/4.27/DerivedDataCache/Boot.ddc
[2022.04.08-07.29.09:951][  0]LogDerivedDataCache: FDerivedDataBackendGraph:  Pak pak cache file ../../../../../../Users/dmock/Unreal projects/P8/P8ToBeAnnounced/P8_VR_Home/DerivedDataCache/DDC.ddp not found, will not use a pak cache.
[2022.04.08-07.29.09:951][  0]LogDerivedDataCache: Unable to find inner node Pak for hierarchical cache Hierarchy.
[2022.04.08-07.29.09:951][  0]LogDerivedDataCache: FDerivedDataBackendGraph:  CompressedPak pak cache file ../../../../../../Users/dmock/Unreal projects/P8/P8ToBeAnnounced/P8_VR_Home/DerivedDataCache/Compressed.ddp not found, will not use a pak cache.
[2022.04.08-07.29.09:951][  0]LogDerivedDataCache: Unable to find inner node CompressedPak for hierarchical cache Hierarchy.
[2022.04.08-07.29.09:966][  0]LogDerivedDataCache: Display: Pak cache opened for reading ../../../Engine/DerivedDataCache/Compressed.ddp.
[2022.04.08-07.29.09:966][  0]LogDerivedDataCache: FDerivedDataBackendGraph:  EnterprisePak pak cache file ../../../Enterprise/DerivedDataCache/Compressed.ddp not found, will not use a pak cache.
[2022.04.08-07.29.09:966][  0]LogDerivedDataCache: Unable to find inner node EnterprisePak for hierarchical cache Hierarchy.
[2022.04.08-07.29.09:973][  0]LogDerivedDataCache: Speed tests for C:/Users/dmock/AppData/Local/UnrealEngine/Common/DerivedDataCache took 0.01 seconds
[2022.04.08-07.29.09:973][  0]LogDerivedDataCache: Display: Performance to C:/Users/dmock/AppData/Local/UnrealEngine/Common/DerivedDataCache: Latency=0.01ms. RandomReadSpeed=358.77MBs, RandomWriteSpeed=207.26MBs. Assigned SpeedClass 'Local'
[2022.04.08-07.29.09:974][  0]LogDerivedDataCache: Using Local data cache path C:/Users/dmock/AppData/Local/UnrealEngine/Common/DerivedDataCache: Writable
[2022.04.08-07.29.09:974][  0]LogDerivedDataCache: Shared data cache path not found in *engine.ini, will not use an Shared cache.
[2022.04.08-07.29.09:974][  0]LogDerivedDataCache: Unable to find inner node Shared for hierarchical cache Hierarchy.
[2022.04.08-07.29.10:007][  0]LogSlate: Using FreeType 2.10.0
[2022.04.08-07.29.10:008][  0]LogSlate: SlateFontServices - WITH_FREETYPE: 1, WITH_HARFBUZZ: 1
[2022.04.08-07.29.10:509][  0]LogHMD: Failed to get an OpenXR system, result is XR_ERROR_FORM_FACTOR_UNAVAILABLE. Please check that your runtime supports VR headsets.
[2022.04.08-07.29.10:526][  0]LogAssetRegistry: FAssetRegistry took 0.0025 seconds to start up
[2022.04.08-07.29.10:699][  0]LogInit: Selected Device Profile: [Windows]
[2022.04.08-07.29.10:699][  0]LogInit: Active device profile: [00000191AF39EA00][00000191ACAF6280 49] Windows
[2022.04.08-07.29.10:699][  0]LogInit: Profiles: [00000191AF39EA00][00000191ACAF6280 49] Windows, [00000191AF351800][00000191ACAFE400 49] WindowsNoEditor, [00000191AF39D800][00000191ACB02580 49] WindowsServer, [00000191AF352900][00000191ACB06700 49] WindowsClient, [00000191AF39EB00][00000191ACB0A880 49] IOS, [00000191AF351500][00000191ACB0EA00 49] iPadAir, [00000191AF39D600][00000191ACB12B80 49] iPadAir2, [00000191AF2F3300][00000191ACB1AE40 49] IPadPro, [00000191AF2F3400][00000191ACB16E80 49] iPadAir3, [00000191AF39EF00][00000191ACAFAFC0 49] iPadAir4, [00000191AF2F1D00][00000191AD6E9100 49] iPadMini2, [00000191AF39D700][00000191AD6ED240 49] iPadMini3, [00000191AF2F3900][00000191AD6F1380 49] iPadMini4, [00000191AF39DE00][00000191AD6F9500 49] iPadMini5, [00000191AF2FEC00][00000191AD7017C0 49] iPhone6, [00000191AF2FED00][00000191AD6FD800 49] iPodTouch6, [00000191AF2F0D00][00000191AD709AC0 49] iPhone7, [00000191AF2F0C00][00000191AD705B00 49] iPodTouch7, [00000191AF2FDC00][00000191AD70C100 49] iPhone5S, [00000191AF2F3500][00000191AD710280 49] iPhone6Plus, [00000191AF2FF300][00000191AD714400 49] iPhone6S, [00000191AF2F0A00][00000191AD718580 49] iPhone6SPlus, [00000191AF2FEE00][00000191AD71C700 49] iPhone7Plus, [00000191AF2F1600][00000191AD72C880 49] iPhoneSE, [00000191AF2FDD00][00000191AD734A00 49] iPhone8, [00000191AF2F2600][00000191AD73CB80 49] iPhone8Plus, [00000191AF2FD200][00000191AD740D00 49] iPhoneX, [00000191AF2F1300][00000191AD744E80 49] iPhoneXS, [00000191AF2FC200][00000191AD749000 49] iPhoneXSMax, [00000191AF2F1E00][00000191AD6F5140 49] iPhoneXR, [00000191AF2FF400][00000191AD74D280 49] iPhone11, [00000191AF2F3700][00000191AAC2F3C0 49] iPhone11Pro, [00000191AF2FD100][00000191AAC33500 49] iPhone11ProMax, [00000191AF2F2B00][00000191AAC3B680 49] iPhoneSE2, [00000191AF2FFF00][00000191AAC3F800 49] iPhone12Mini, [00000191AF2F0E00][00000191AAC43980 49] iPhone12, [00000191AF2FCC00][00000191A0F7BB00 49] iPhone12Pro, [00000191AF2F3200][00000191A0F86100 49] iPhone12ProMax, [00000191AF2FFE00][00000191A0F8A280 49] iPadPro105, [00000191AF2F1700][00000191A0F8E400 49] iPadPro129, [00000191AF2FEF00][00000191A0F92580 49] iPadPro97, [00000191AF2F2100][00000191A0F96700 49] iPadPro2_129, [00000191AF2FFB00][00000191AC7D2880 49] iPad5, [00000191AF2F3F00][00000191AC7D6A00 49] iPad6, [00000191AF2FC300][00000191AC7DAB80 49] iPad7, [00000191AF2F1200][00000191AC7DED00 49] iPad8, [00000191AF2FF000][00000191AC7E2E80 49] iPadPro11, [00000191AF3F8D00][00000191AC7E7000 49] iPadPro2_11, [00000191AF353600][00000191AC7FB180 49] iPadPro3_129, [00000191AF3F8300][00000191AC7FF300 49] iPadPro4_129, [00000191AF352400][00000191AAC37440 49] AppleTV, [00000191AF3F8B00][00000191ACF65580 49] AppleTV4K, [00000191AF352A00][00000191ACF696C0 49] TVOS, [00000191AF3F9700][00000191ACF71840 49] Mac, [00000191AF353A00][00000191ACF759C0 49] MacClient, [00000191AF3F9000][00000191ACF79B40 49] MacNoEditor, [00000191AF352F00][00000191ACF7C140 49] MacServer, [00000191AF3F9600][00000191ACF802C0 49] Linux, [00000191AF351B00][00000191ACF84440 49] LinuxAArch64, [00000191AF3F9400][00000191ACF885C0 49] LinuxNoEditor, [00000191AF350600][00000191ACF8C740 49] LinuxAArch64NoEditor, [00000191AF3F8200][00000191ACFA08C0 49] LinuxClient, [00000191AF352700][00000191AD2FEA40 49] LinuxAArch64Client, [00000191AF2FC900][00000191A0B18BC0 49] LinuxServer, [00000191AF2F2900][00000191A0B1CD40 49] LinuxAArch64Server, [00000191AF2FE400][00000191A0B20EC0 49] Android, [00000191AF2F2200][00000191A0B2F040 49] Android_Low, [00000191AF2FD600][00000191A0B331C0 49] Android_Mid, [00000191AF2F2400][00000191A0B37340 49] Android_High, [00000191AF2FFC00][00000191A0B3B4C0 49] Android_Default, [00000191AF2F1400][00000191ACF6D600 49] Android_Adreno4xx, [00000191AF2FD300][00000191A0B3F740 49] Android_Adreno5xx_Low, [00000191AF2F2300][00000191A0B43880 49] Android_Adreno5xx, [00000191AF2FC100][00000191A0B479C0 49] Android_Adreno6xx, [00000191AF2F2A00][00000191A0B4FB40 49] Android_Adreno6xx_Vulkan, [00000191AF2FF600][00000191A0B52140 49] Android_Mali_T6xx, [00000191AF2F3A00][00000191A0B562C0 49] Android_Mali_T7xx, [00000191AF2FE700][00000191A0B5A440 49] Android_Mali_T8xx, [00000191AF2F2E00][00000191A0B5E5C0 49] Android_Mali_G71, [00000191AF2FD900][00000191A0B62740 49] Android_Mali_G72, [00000191AF2F2500][00000191A0B668C0 49] Android_Mali_G72_Vulkan, [00000191AF2FC500][00000191A0B6AA40 49] Android_Mali_G76, [00000191AF2F1100][00000191A0B6EBC0 49] Android_Mali_G76_Vulkan, [00000191AF2FC800][00000191A0B72D40 49] Android_Mali_G77, [00000191AF2F1C00][00000191A0B76EC0 49] Android_Mali_G77_Vulkan, [00000191AF2FD400][00000191A0B7B040 49] Android_Mali_G78, [00000191AF2F2700][00000191A0B7F1C0 49] Android_Mali_G78_Vulkan, [00000191AF2FD000][00000191A0B83340 49] Android_Mali_G710, [00000191AF2F1800][00000191A0B874C0 49] Android_Mali_G710_Vulkan, [00000191AF2FCD00][00000191AC803640 49] Android_Vulkan_SM5, [00000191AF2F2000][00000191A0B4B780 49] Android_PowerVR_G6xxx, [00000191AF3F8400][00000191AC8078C0 49] Android_PowerVR_GT7xxx, [00000191AF2F1500][00000191AC80BA00 49] Android_PowerVR_GE8xxx, [00000191AF3F8F00][00000191AC80FB40 49] Android_PowerVR_GM9xxx, [00000191AF2F2C00][00000191AC816140 49] Android_PowerVR_GM9xxx_Vulkan, [00000191AF39E700][00000191AC81A2C0 49] Android_TegraK1, [00000191AF351200][00000191AC81E440 49] Android_Unknown_Vulkan, [00000191AF39E200][00000191AC8225C0 49] Lumin, [00000191AF352C00][00000191AC826740 49] Lumin_Desktop, [00000191AF39E600][00000191AC82A8C0 49] HoloLens, 
[2022.04.08-07.29.10:791][  0]LogMeshReduction: Using QuadricMeshReduction for automatic static mesh reduction
[2022.04.08-07.29.10:791][  0]LogMeshReduction: Using SimplygonMeshReduction for automatic skeletal mesh reduction
[2022.04.08-07.29.10:791][  0]LogMeshReduction: Using ProxyLODMeshReduction for automatic mesh merging
[2022.04.08-07.29.10:791][  0]LogMeshReduction: No distributed automatic mesh merging module available
[2022.04.08-07.29.10:791][  0]LogMeshMerging: No distributed automatic mesh merging module available
[2022.04.08-07.29.10:803][  0]LogNetVersion: P8_VR_Home 1.0.0, NetCL: 17155196, EngineNetVer: 17, GameNetVer: 0 (Checksum: 1173850688)
[2022.04.08-07.29.11:049][  0]LogTexture: Default maximum texture size for cubemaps generated from long-lat sources has been changed from 512 to unlimited. In order to preserve old behaiour for '/Engine/MapTemplates/Sky/DaylightAmbientCubemap.DaylightAmbientCubemap', its maximum texture size has been explicitly set to 512.
[2022.04.08-07.29.11:088][  0]LogHMD: PokeAHoleMaterial loaded successfully
[2022.04.08-07.29.11:093][  0]LogUObjectArray: 17075 objects as part of root set at end of initial load.
[2022.04.08-07.29.11:093][  0]LogUObjectAllocator: 4275792 out of 0 bytes used by permanent object pool.
[2022.04.08-07.29.11:093][  0]LogUObjectArray: CloseDisregardForGC: 0/0 objects in disregard for GC pool
[2022.04.08-07.29.11:274][  0]LogNiagaraDebuggerClient: Niagara Debugger Client Initialized | Session: AC4157744608C65A80F2BA9D8F9C986E | Instance: BA2C826B49ADF035C415D58092E4B64A (DAVID-5908).
[2022.04.08-07.29.11:377][  0]LogUdpMessaging: Initializing bridge on interface 0.0.0.0:0 to multicast group 230.0.0.1:6666.
[2022.04.08-07.29.11:382][  0]LogTcpMessaging: Initializing TcpMessaging bridge
[2022.04.08-07.29.11:389][  0]LogPython: Using Python 3.7.7
[2022.04.08-07.29.11:877][  0]SourceControl: Source control is disabled
[2022.04.08-07.29.11:877][  0]SourceControl: Source control is disabled
[2022.04.08-07.29.11:882][  0]SourceControl: Source control is disabled
[2022.04.08-07.29.11:889][  0]SourceControl: Source control is disabled
[2022.04.08-07.29.11:894][  0]SourceControl: Source control is disabled
[2022.04.08-07.29.11:896][  0]LogUProjectInfo: Found projects:
[2022.04.08-07.29.11:901][  0]LogVSAccessor: Display: Unable to create Visual Studio setup instance: 80040154
[2022.04.08-07.29.11:901][  0]LogVSAccessor: Display: Unable to create Visual Studio setup instance: 80040154
[2022.04.08-07.29.11:902][  0]LogVSAccessor: Display: Unable to create Visual Studio setup instance: 80040154
[2022.04.08-07.29.11:971][  0]LogTexture: Default maximum texture size for cubemaps generated from long-lat sources has been changed from 512 to unlimited. In order to preserve old behaiour for '/Engine/EditorMaterials/AssetViewer/EpicQuadPanorama_CC+EV1.EpicQuadPanorama_CC+EV1', its maximum texture size has been explicitly set to 512.
[2022.04.08-07.29.12:708][  0]LogOpenImageDenoise: OIDN starting up
[2022.04.08-07.29.12:732][  0]LogAndroidPermission: UAndroidPermissionCallbackProxy::GetInstance
[2022.04.08-07.29.12:749][  0]LogAudioCaptureCore: Display: No Audio Capture implementations found. Audio input will be silent.
[2022.04.08-07.29.12:749][  0]LogAudioCaptureCore: Display: No Audio Capture implementations found. Audio input will be silent.
[2022.04.08-07.29.12:860][  0]LogCollectionManager: Loaded 0 collections in 0.001115 seconds
[2022.04.08-07.29.12:878][  0]LogFileCache: Scanning file cache for directory 'C:/Users/dmock/Unreal projects/P8/P8ToBeAnnounced/P8_VR_Home/Saved/Collections/' took 0.00s
[2022.04.08-07.29.12:878][  0]LogFileCache: Scanning file cache for directory 'C:/Users/dmock/Unreal projects/P8/P8ToBeAnnounced/P8_VR_Home/Content/Developers/dmock/Collections/' took 0.00s
[2022.04.08-07.29.12:878][  0]LogFileCache: Scanning file cache for directory 'C:/Users/dmock/Unreal projects/P8/P8ToBeAnnounced/P8_VR_Home/Content/Collections/' took 0.00s
[2022.04.08-07.29.12:878][  0]LogOcInput: OculusInput pre-init called
[2022.04.08-07.29.13:038][  0]LogEngine: Initializing Engine...
[2022.04.08-07.29.13:539][  0]LogHMD: Failed to get an OpenXR system, result is XR_ERROR_FORM_FACTOR_UNAVAILABLE. Please check that your runtime supports VR headsets.
[2022.04.08-07.29.13:539][  0]LogMagicLeap: Warning: VR disabled because ZI is not enabled.  To enable, in the editor, Edit -> Project Settings -> Plugins -> Magic Leap Plugin -> Enable Zero Iteration
[2022.04.08-07.29.13:540][  0]LogStats: UGameplayTagsManager::InitializeManager -  0.000 s
[2022.04.08-07.29.13:621][  0]LogInit: Initializing FReadOnlyCVARCache
[2022.04.08-07.29.13:628][  0]LogAIModule: Creating AISystem for world Untitled
[2022.04.08-07.29.13:635][  0]LogAudio: Display: Initializing Audio Device Manager...
[2022.04.08-07.29.13:638][  0]LogAudio: Display: Loading Default Audio Settings Objects...
[2022.04.08-07.29.13:638][  0]LogAudio: Display: No default SoundConcurrencyObject specified (or failed to load).
[2022.04.08-07.29.13:638][  0]LogAudio: Display: Audio Device Manager Initialized
[2022.04.08-07.29.13:638][  0]LogAudio: Display: Creating Audio Device:                 Id: 1, Scope: Shared, Realtime: True
[2022.04.08-07.29.13:638][  0]LogAudioMixer: Display: Audio Mixer Platform Settings:
[2022.04.08-07.29.13:638][  0]LogAudioMixer: Display: 	Sample Rate:						  48000
[2022.04.08-07.29.13:638][  0]LogAudioMixer: Display: 	Callback Buffer Frame Size Requested: 1024
[2022.04.08-07.29.13:638][  0]LogAudioMixer: Display: 	Callback Buffer Frame Size To Use:	  1024
[2022.04.08-07.29.13:638][  0]LogAudioMixer: Display: 	Number of buffers to queue:			  1
[2022.04.08-07.29.13:638][  0]LogAudioMixer: Display: 	Max Channels (voices):				  0
[2022.04.08-07.29.13:638][  0]LogAudioMixer: Display: 	Number of Async Source Workers:		  4
[2022.04.08-07.29.13:638][  0]LogAudio: Display: AudioDevice MaxSources: 32
[2022.04.08-07.29.13:639][  0]LogAudio: Display: Audio Spatialization Plugin: Resonance Audio is external send: 1
[2022.04.08-07.29.13:639][  0]LogAudio: Display: Audio Reverb Plugin: Resonance Audio
[2022.04.08-07.29.13:639][  0]LogAudio: Display: Audio Occlusion Plugin: None (built-in).
[2022.04.08-07.29.13:639][  0]LogAudioMixer: Display: Initializing audio mixer.
[2022.04.08-07.29.13:646][  0]LogAudioMixer: Display: 0: FrontLeft
[2022.04.08-07.29.13:646][  0]LogAudioMixer: Display: 1: FrontRight
[2022.04.08-07.29.13:784][  0]LogAudioMixer: Display: Using Audio Device Højttalere (Realtek(R) Audio)
[2022.04.08-07.29.13:785][  0]LogAudioMixer: Display: Initializing Sound Submixes...
[2022.04.08-07.29.13:786][  0]LogAudioMixer: Display: Creating Master Submix 'MasterSubmixDefault'
[2022.04.08-07.29.13:786][  0]LogAudioMixer: Display: Creating Master Submix 'MasterReverbSubmixDefault'
[2022.04.08-07.29.13:787][  0]LogAudioMixer: Display: Creating Master Submix 'MasterEQSubmixDefault'
[2022.04.08-07.29.13:793][  0]LogAudioMixer: FMixerPlatformXAudio2::StartAudioStream() called
[2022.04.08-07.29.13:793][  0]LogAudioMixer: Display: Output buffers initialized: Frames=1024, Channels=2, Samples=2048
[2022.04.08-07.29.13:794][  0]LogAudioMixer: Display: Starting AudioMixerPlatformInterface::RunInternal()
[2022.04.08-07.29.13:794][  0]LogAudioMixer: Display: FMixerPlatformXAudio2::SubmitBuffer() called for the first time
[2022.04.08-07.29.13:794][  0]LogInit: FAudioDevice initialized.
[2022.04.08-07.29.13:794][  0]LogAudio: Display: Audio Device (ID: 1) registered with world 'Untitled'.
[2022.04.08-07.29.13:794][  0]LogNetVersion: Set ProjectVersion to 1.0.0.0. Version Checksum will be recalculated on next use.
[2022.04.08-07.29.13:855][  0]LogDerivedDataCache: Saved boot cache 0.06s 140MB C:/Users/dmock/AppData/Local/UnrealEngine/4.27/DerivedDataCache/Boot.ddc.
[2022.04.08-07.29.13:857][  0]LogInit: Texture streaming: Enabled
[2022.04.08-07.29.13:866][  0]LogAnalytics: Display: [UEEditor.Rocket.Release] APIServer = https://datarouter.ol.epicgames.com/. AppVersion = 4.27.2-18319896+++UE4+Release-4.27
[2022.04.08-07.29.13:869][  0]LogEngineSessionManager: EngineSessionManager initialized
[2022.04.08-07.29.13:869][  0]LogEditorSessionSummary: Verbose: Initializing EditorSessionSummaryWriter for editor session tracking
[2022.04.08-07.29.13:870][  0]LogEditorSessionSummary: EditorSessionSummaryWriter initialized
[2022.04.08-07.29.13:894][  0]LogInit: Transaction tracking system initialized
[2022.04.08-07.29.13:910][  0]BlueprintLog: New page: Editor Load
[2022.04.08-07.29.13:954][  0]LocalizationService: Localization service is disabled
[2022.04.08-07.29.13:972][  0]TimingProfiler: Initialize
[2022.04.08-07.29.13:972][  0]TimingProfiler: OnSessionChanged
[2022.04.08-07.29.13:972][  0]LoadingProfiler: Initialize
[2022.04.08-07.29.13:972][  0]LoadingProfiler: OnSessionChanged
[2022.04.08-07.29.13:972][  0]NetworkingProfiler: Initialize
[2022.04.08-07.29.13:972][  0]NetworkingProfiler: OnSessionChanged
[2022.04.08-07.29.13:972][  0]MemoryProfiler: Initialize
[2022.04.08-07.29.13:972][  0]MemoryProfiler: OnSessionChanged
[2022.04.08-07.29.14:195][  0]LogVSAccessor: Display: Unable to create Visual Studio setup instance: 80040154
[2022.04.08-07.29.14:196][  0]LogVSAccessor: Display: Unable to create Visual Studio setup instance: 80040154
[2022.04.08-07.29.14:196][  0]LogVSAccessor: Display: Unable to create Visual Studio setup instance: 80040154
[2022.04.08-07.29.14:324][  0]LogCook: Display: CookSettings for Memory: MemoryMaxUsedVirtual 0MiB, MemoryMaxUsedPhysical 16384MiB, MemoryMinFreeVirtual 0MiB, MemoryMinFreePhysical 1024MiB
[2022.04.08-07.29.14:324][  0]LogCook: Display: Mobile HDR setting 1
[2022.04.08-07.29.14:478][  0]LogFileCache: Scanning file cache for directory 'C:/Users/dmock/Unreal projects/P8/P8ToBeAnnounced/P8_VR_Home/Content/' took 0.01s
[2022.04.08-07.29.14:478][  0]LogInit: Display: Engine is initialized. Leaving FEngineLoop::Init()
[2022.04.08-07.29.14:480][  0]SourceControl: Source control is disabled
[2022.04.08-07.29.14:480][  0]LogUnrealEdMisc: Loading editor; pre map load, took 7.773
[2022.04.08-07.29.14:480][  0]Cmd: MAP LOAD FILE="../../../../../../Users/dmock/Unreal projects/P8/P8ToBeAnnounced/P8_VR_Home/Content/VRTemplate/Maps/VRTemplateMap.umap" TEMPLATE=0 SHOWPROGRESS=1 FEATURELEVEL=3
[2022.04.08-07.29.14:480][  0]LightingResults: New page: Lighting Build
[2022.04.08-07.29.14:481][  0]LogWorld: UWorld::CleanupWorld for Untitled, bSessionEnded=true, bCleanupResources=true
[2022.04.08-07.29.14:481][  0]LogSlate: InvalidateAllWidgets triggered.  All widgets were invalidated
[2022.04.08-07.29.14:481][  0]MapCheck: New page: Map Check
[2022.04.08-07.29.14:481][  0]LightingResults: New page: Lighting Build
[2022.04.08-07.29.14:485][  0]LogAudio: Display: Audio Device unregistered from world 'None'.
[2022.04.08-07.29.14:488][  0]LogUObjectHash: Compacting FUObjectHashTables data took   0.83ms
[2022.04.08-07.29.15:432][  0]LogLinker: Warning: Asset '../../../../../../Users/dmock/Unreal projects/P8/P8ToBeAnnounced/P8_VR_Home/Content/Materials/PP_Outliner_M.uasset' has been saved with empty engine version. The asset will be loaded but may be incompatible.
[2022.04.08-07.29.15:440][  0]LogLinker: Warning: Asset '../../../../../../Users/dmock/Unreal projects/P8/P8ToBeAnnounced/P8_VR_Home/Content/Materials/MF_ConvolveTexture.uasset' has been saved with empty engine version. The asset will be loaded but may be incompatible.
[2022.04.08-07.29.15:443][  0]LogLinker: Warning: Asset '../../../../../../Users/dmock/Unreal projects/P8/P8ToBeAnnounced/P8_VR_Home/Content/Materials/MF_ExtractDepth.uasset' has been saved with empty engine version. The asset will be loaded but may be incompatible.
[2022.04.08-07.29.15:446][  0]LogLinker: Warning: Asset '../../../../../../Users/dmock/Unreal projects/P8/P8ToBeAnnounced/P8_VR_Home/Content/Materials/MF_SampleSceneTextureNeighbourUVs.uasset' has been saved with empty engine version. The asset will be loaded but may be incompatible.
[2022.04.08-07.29.16:130][  0]LogPhysics: Warning: Failed to cook TriMesh: /Game/Marwa/shuttersNew/Group_688_2_001.Group_688_2_001.
[2022.04.08-07.29.16:130][  0]LogPhysics: Warning: Attempt to build physics data for /Game/Marwa/shuttersNew/Group_688_2_001.Group_688_2_001:BodySetup_0 when we are unable to.
[2022.04.08-07.29.16:155][  0]LogPhysics: Warning: Failed to cook TriMesh: /Game/Marwa/shuttersNew/Group_658_001.Group_658_001.
[2022.04.08-07.29.16:155][  0]LogPhysics: Warning: Attempt to build physics data for /Game/Marwa/shuttersNew/Group_658_001.Group_658_001:BodySetup_0 when we are unable to.
[2022.04.08-07.29.16:176][  0]LogPhysics: Warning: Failed to cook TriMesh: /Game/Marwa/shuttersNew/Group_629_001.Group_629_001.
[2022.04.08-07.29.16:176][  0]LogPhysics: Warning: Attempt to build physics data for /Game/Marwa/shuttersNew/Group_629_001.Group_629_001:BodySetup_0 when we are unable to.
[2022.04.08-07.29.16:191][  0]LogPhysics: Warning: Failed to cook TriMesh: /Game/Marwa/shuttersNew/Group_621_001.Group_621_001.
[2022.04.08-07.29.16:191][  0]LogPhysics: Warning: Attempt to build physics data for /Game/Marwa/shuttersNew/Group_621_001.Group_621_001:BodySetup_0 when we are unable to.
[2022.04.08-07.29.16:309][  0]LogPhysics: Warning: Failed to cook TriMesh: /Game/Marwa/shuttersNew/Group_167_001.Group_167_001.
[2022.04.08-07.29.16:310][  0]LogPhysics: Warning: Attempt to build physics data for /Game/Marwa/shuttersNew/Group_167_001.Group_167_001:BodySetup_0 when we are unable to.
[2022.04.08-07.29.17:384][  0]LogAudio: Display: Audio Device (ID: 1) registered with world 'VRTemplateMap'.
[2022.04.08-07.29.17:385][  0]LogAIModule: Creating AISystem for world VRTemplateMap
[2022.04.08-07.29.17:415][  0]PIE: Warning: AttachTo: '/Game/VRTemplate/Maps/VRTemplateMap.VRTemplateMap:PersistentLevel.Empty_002.DefaultSceneRoot1' is not static  (in blueprint "Blinds"), cannot attach '/Game/VRTemplate/Maps/VRTemplateMap.VRTemplateMap:PersistentLevel.Empty_002.DefaultSceneRoot' which is static to it. Aborting.
[2022.04.08-07.29.17:415][  0]PIE: Warning: AttachTo: '/Game/VRTemplate/Maps/VRTemplateMap.VRTemplateMap:PersistentLevel.Empty_002.DefaultSceneRoot1' is not static  (in blueprint "Blinds"), cannot attach '/Game/VRTemplate/Maps/VRTemplateMap.VRTemplateMap:PersistentLevel.Empty_002.DefaultSceneRoot' which is static to it. Aborting.
[2022.04.08-07.29.17:417][  0]LogEditorServer: Finished looking for orphan Actors (0.000 secs)
[2022.04.08-07.29.17:417][  0]LogNavigation: Warning: Recreating dtNavMesh instance due to saved navmesh origin (X=-1708.795 Y=-0.000 Z=10.000, usually the RecastNavMesh location) not being aligned with tile size (1000 uu) 
[2022.04.08-07.29.17:431][  0]LogUObjectHash: Compacting FUObjectHashTables data took   1.05ms
[2022.04.08-07.29.17:431][  0]Cmd: MAP CHECKDEP NOCLEARLOG
[2022.04.08-07.29.17:432][  0]MapCheck: Map check complete: 0 Error(s), 0 Warning(s), took 0.153ms to complete.
[2022.04.08-07.29.17:432][  0]LogFileHelpers: Loading map 'VRTemplateMap' took 2.951
[2022.04.08-07.29.17:435][  0]LogUnrealEdMisc: Total Editor Startup Time, took 10.728
[2022.04.08-07.29.17:563][  0]LogSlate: Updating window title bar state: overlay mode, drag disabled, window buttons hidden, title bar hidden
[2022.04.08-07.29.17:568][  0]LogSlate: Updating window title bar state: overlay mode, drag disabled, window buttons hidden, title bar hidden
[2022.04.08-07.29.17:572][  0]LogSlate: Updating window title bar state: overlay mode, drag disabled, window buttons hidden, title bar hidden
[2022.04.08-07.29.17:577][  0]LogSlate: Updating window title bar state: overlay mode, drag disabled, window buttons hidden, title bar hidden
[2022.04.08-07.29.17:601][  0]LogNativeClassHierarchy: Verbose: Native class hierarchy populated in 0.0086 seconds. Added 4030 classes and 980 folders.
[2022.04.08-07.29.17:605][  0]LogNativeClassHierarchy: Verbose: Native class hierarchy updated for 'WidgetCarousel' in 0.0002 seconds. Added 0 classes and 0 folders.
[2022.04.08-07.29.17:614][  0]LogPakFile: PakFile PrimaryIndexSize=187
[2022.04.08-07.29.17:614][  0]LogPakFile: PakFile PathHashIndexSize=101
[2022.04.08-07.29.17:614][  0]LogPakFile: PakFile FullDirectoryIndexSize=148
[2022.04.08-07.29.17:614][  0]LogShaderLibrary: Display: ShaderCodeLibraryPakFileMountedCallback: PakFile 'C:/Program Files/Epic Games/UE_4.27/FeaturePacks/FP_FirstPerson.upack' (chunk index -1, root 'root:/') mounted
[2022.04.08-07.29.17:614][  0]LogShaderLibrary: Display: ShaderCodeLibraryPakFileMountedCallback: pending pak file info (ChunkID:-1 Root:root:/ File:C:/Program Files/Epic Games/UE_4.27/FeaturePacks/FP_FirstPerson.upack)
[2022.04.08-07.29.17:614][  0]LogPakFile: OnPakFileMounted2Time == 0.000050
[2022.04.08-07.29.17:620][  0]LogPakFile: PakFile PrimaryIndexSize=189
[2022.04.08-07.29.17:620][  0]LogPakFile: PakFile PathHashIndexSize=101
[2022.04.08-07.29.17:620][  0]LogPakFile: PakFile FullDirectoryIndexSize=152
[2022.04.08-07.29.17:620][  0]LogShaderLibrary: Display: ShaderCodeLibraryPakFileMountedCallback: PakFile 'C:/Program Files/Epic Games/UE_4.27/FeaturePacks/FP_FirstPersonBP.upack' (chunk index -1, root 'root:/') mounted
[2022.04.08-07.29.17:621][  0]LogShaderLibrary: Display: ShaderCodeLibraryPakFileMountedCallback: pending pak file info (ChunkID:-1 Root:root:/ File:C:/Program Files/Epic Games/UE_4.27/FeaturePacks/FP_FirstPersonBP.upack)
[2022.04.08-07.29.17:621][  0]LogPakFile: OnPakFileMounted2Time == 0.000044
[2022.04.08-07.29.17:625][  0]LogPakFile: PakFile PrimaryIndexSize=191
[2022.04.08-07.29.17:625][  0]LogPakFile: PakFile PathHashIndexSize=101
[2022.04.08-07.29.17:625][  0]LogPakFile: PakFile FullDirectoryIndexSize=160
[2022.04.08-07.29.17:625][  0]LogShaderLibrary: Display: ShaderCodeLibraryPakFileMountedCallback: PakFile 'C:/Program Files/Epic Games/UE_4.27/FeaturePacks/MobileStarterContent.upack' (chunk index -1, root 'root:/') mounted
[2022.04.08-07.29.17:625][  0]LogShaderLibrary: Display: ShaderCodeLibraryPakFileMountedCallback: pending pak file info (ChunkID:-1 Root:root:/ File:C:/Program Files/Epic Games/UE_4.27/FeaturePacks/MobileStarterContent.upack)
[2022.04.08-07.29.17:625][  0]LogPakFile: OnPakFileMounted2Time == 0.000032
[2022.04.08-07.29.17:628][  0]LogPakFile: PakFile PrimaryIndexSize=185
[2022.04.08-07.29.17:628][  0]LogPakFile: PakFile PathHashIndexSize=101
[2022.04.08-07.29.17:628][  0]LogPakFile: PakFile FullDirectoryIndexSize=148
[2022.04.08-07.29.17:628][  0]LogShaderLibrary: Display: ShaderCodeLibraryPakFileMountedCallback: PakFile 'C:/Program Files/Epic Games/UE_4.27/FeaturePacks/StarterContent.upack' (chunk index -1, root 'root:/') mounted
[2022.04.08-07.29.17:628][  0]LogShaderLibrary: Display: ShaderCodeLibraryPakFileMountedCallback: pending pak file info (ChunkID:-1 Root:root:/ File:C:/Program Files/Epic Games/UE_4.27/FeaturePacks/StarterContent.upack)
[2022.04.08-07.29.17:628][  0]LogPakFile: OnPakFileMounted2Time == 0.000034
[2022.04.08-07.29.17:632][  0]LogPakFile: PakFile PrimaryIndexSize=190
[2022.04.08-07.29.17:632][  0]LogPakFile: PakFile PathHashIndexSize=101
[2022.04.08-07.29.17:632][  0]LogPakFile: PakFile FullDirectoryIndexSize=154
[2022.04.08-07.29.17:632][  0]LogShaderLibrary: Display: ShaderCodeLibraryPakFileMountedCallback: PakFile 'C:/Program Files/Epic Games/UE_4.27/FeaturePacks/TP_2DSideScroller.upack' (chunk index -1, root 'root:/') mounted
[2022.04.08-07.29.17:632][  0]LogShaderLibrary: Display: ShaderCodeLibraryPakFileMountedCallback: pending pak file info (ChunkID:-1 Root:root:/ File:C:/Program Files/Epic Games/UE_4.27/FeaturePacks/TP_2DSideScroller.upack)
[2022.04.08-07.29.17:632][  0]LogPakFile: OnPakFileMounted2Time == 0.000031
[2022.04.08-07.29.17:635][  0]LogPakFile: PakFile PrimaryIndexSize=192
[2022.04.08-07.29.17:635][  0]LogPakFile: PakFile PathHashIndexSize=101
[2022.04.08-07.29.17:635][  0]LogPakFile: PakFile FullDirectoryIndexSize=158
[2022.04.08-07.29.17:635][  0]LogShaderLibrary: Display: ShaderCodeLibraryPakFileMountedCallback: PakFile 'C:/Program Files/Epic Games/UE_4.27/FeaturePacks/TP_2DSideScrollerBP.upack' (chunk index -1, root 'root:/') mounted
[2022.04.08-07.29.17:635][  0]LogShaderLibrary: Display: ShaderCodeLibraryPakFileMountedCallback: pending pak file info (ChunkID:-1 Root:root:/ File:C:/Program Files/Epic Games/UE_4.27/FeaturePacks/TP_2DSideScrollerBP.upack)
[2022.04.08-07.29.17:635][  0]LogPakFile: OnPakFileMounted2Time == 0.000032
[2022.04.08-07.29.17:639][  0]LogPakFile: PakFile PrimaryIndexSize=182
[2022.04.08-07.29.17:639][  0]LogPakFile: PakFile PathHashIndexSize=101
[2022.04.08-07.29.17:639][  0]LogPakFile: PakFile FullDirectoryIndexSize=138
[2022.04.08-07.29.17:639][  0]LogShaderLibrary: Display: ShaderCodeLibraryPakFileMountedCallback: PakFile 'C:/Program Files/Epic Games/UE_4.27/FeaturePacks/TP_Flying.upack' (chunk index -1, root 'root:/') mounted
[2022.04.08-07.29.17:639][  0]LogShaderLibrary: Display: ShaderCodeLibraryPakFileMountedCallback: pending pak file info (ChunkID:-1 Root:root:/ File:C:/Program Files/Epic Games/UE_4.27/FeaturePacks/TP_Flying.upack)
[2022.04.08-07.29.17:639][  0]LogPakFile: OnPakFileMounted2Time == 0.000030
[2022.04.08-07.29.17:642][  0]LogPakFile: PakFile PrimaryIndexSize=184
[2022.04.08-07.29.17:643][  0]LogPakFile: PakFile PathHashIndexSize=101
[2022.04.08-07.29.17:643][  0]LogPakFile: PakFile FullDirectoryIndexSize=142
[2022.04.08-07.29.17:643][  0]LogShaderLibrary: Display: ShaderCodeLibraryPakFileMountedCallback: PakFile 'C:/Program Files/Epic Games/UE_4.27/FeaturePacks/TP_FlyingBP.upack' (chunk index -1, root 'root:/') mounted
[2022.04.08-07.29.17:643][  0]LogShaderLibrary: Display: ShaderCodeLibraryPakFileMountedCallback: pending pak file info (ChunkID:-1 Root:root:/ File:C:/Program Files/Epic Games/UE_4.27/FeaturePacks/TP_FlyingBP.upack)
[2022.04.08-07.29.17:643][  0]LogPakFile: OnPakFileMounted2Time == 0.000031
[2022.04.08-07.29.17:646][  0]LogPakFile: PakFile PrimaryIndexSize=188
[2022.04.08-07.29.17:647][  0]LogPakFile: PakFile PathHashIndexSize=101
[2022.04.08-07.29.17:647][  0]LogPakFile: PakFile FullDirectoryIndexSize=150
[2022.04.08-07.29.17:647][  0]LogShaderLibrary: Display: ShaderCodeLibraryPakFileMountedCallback: PakFile 'C:/Program Files/Epic Games/UE_4.27/FeaturePacks/TP_HandheldARBP.upack' (chunk index -1, root 'root:/') mounted
[2022.04.08-07.29.17:647][  0]LogShaderLibrary: Display: ShaderCodeLibraryPakFileMountedCallback: pending pak file info (ChunkID:-1 Root:root:/ File:C:/Program Files/Epic Games/UE_4.27/FeaturePacks/TP_HandheldARBP.upack)
[2022.04.08-07.29.17:647][  0]LogPakFile: OnPakFileMounted2Time == 0.000029
[2022.04.08-07.29.17:651][  0]LogPakFile: PakFile PrimaryIndexSize=182
[2022.04.08-07.29.17:651][  0]LogPakFile: PakFile PathHashIndexSize=101
[2022.04.08-07.29.17:651][  0]LogPakFile: PakFile FullDirectoryIndexSize=138
[2022.04.08-07.29.17:651][  0]LogShaderLibrary: Display: ShaderCodeLibraryPakFileMountedCallback: PakFile 'C:/Program Files/Epic Games/UE_4.27/FeaturePacks/TP_Puzzle.upack' (chunk index -1, root 'root:/') mounted
[2022.04.08-07.29.17:651][  0]LogShaderLibrary: Display: ShaderCodeLibraryPakFileMountedCallback: pending pak file info (ChunkID:-1 Root:root:/ File:C:/Program Files/Epic Games/UE_4.27/FeaturePacks/TP_Puzzle.upack)
[2022.04.08-07.29.17:651][  0]LogPakFile: OnPakFileMounted2Time == 0.000031
[2022.04.08-07.29.17:654][  0]LogPakFile: PakFile PrimaryIndexSize=184
[2022.04.08-07.29.17:654][  0]LogPakFile: PakFile PathHashIndexSize=101
[2022.04.08-07.29.17:654][  0]LogPakFile: PakFile FullDirectoryIndexSize=142
[2022.04.08-07.29.17:654][  0]LogShaderLibrary: Display: ShaderCodeLibraryPakFileMountedCallback: PakFile 'C:/Program Files/Epic Games/UE_4.27/FeaturePacks/TP_PuzzleBP.upack' (chunk index -1, root 'root:/') mounted
[2022.04.08-07.29.17:654][  0]LogShaderLibrary: Display: ShaderCodeLibraryPakFileMountedCallback: pending pak file info (ChunkID:-1 Root:root:/ File:C:/Program Files/Epic Games/UE_4.27/FeaturePacks/TP_PuzzleBP.upack)
[2022.04.08-07.29.17:654][  0]LogPakFile: OnPakFileMounted2Time == 0.000031
[2022.04.08-07.29.17:658][  0]LogPakFile: PakFile PrimaryIndexSize=183
[2022.04.08-07.29.17:658][  0]LogPakFile: PakFile PathHashIndexSize=101
[2022.04.08-07.29.17:658][  0]LogPakFile: PakFile FullDirectoryIndexSize=140
[2022.04.08-07.29.17:658][  0]LogShaderLibrary: Display: ShaderCodeLibraryPakFileMountedCallback: PakFile 'C:/Program Files/Epic Games/UE_4.27/FeaturePacks/TP_Rolling.upack' (chunk index -1, root 'root:/') mounted
[2022.04.08-07.29.17:658][  0]LogShaderLibrary: Display: ShaderCodeLibraryPakFileMountedCallback: pending pak file info (ChunkID:-1 Root:root:/ File:C:/Program Files/Epic Games/UE_4.27/FeaturePacks/TP_Rolling.upack)
[2022.04.08-07.29.17:658][  0]LogPakFile: OnPakFileMounted2Time == 0.000029
[2022.04.08-07.29.17:662][  0]LogPakFile: PakFile PrimaryIndexSize=185
[2022.04.08-07.29.17:662][  0]LogPakFile: PakFile PathHashIndexSize=101
[2022.04.08-07.29.17:662][  0]LogPakFile: PakFile FullDirectoryIndexSize=144
[2022.04.08-07.29.17:662][  0]LogShaderLibrary: Display: ShaderCodeLibraryPakFileMountedCallback: PakFile 'C:/Program Files/Epic Games/UE_4.27/FeaturePacks/TP_RollingBP.upack' (chunk index -1, root 'root:/') mounted
[2022.04.08-07.29.17:662][  0]LogShaderLibrary: Display: ShaderCodeLibraryPakFileMountedCallback: pending pak file info (ChunkID:-1 Root:root:/ File:C:/Program Files/Epic Games/UE_4.27/FeaturePacks/TP_RollingBP.upack)
[2022.04.08-07.29.17:662][  0]LogPakFile: OnPakFileMounted2Time == 0.000032
[2022.04.08-07.29.17:665][  0]LogPakFile: PakFile PrimaryIndexSize=188
[2022.04.08-07.29.17:665][  0]LogPakFile: PakFile PathHashIndexSize=101
[2022.04.08-07.29.17:665][  0]LogPakFile: PakFile FullDirectoryIndexSize=150
[2022.04.08-07.29.17:665][  0]LogShaderLibrary: Display: ShaderCodeLibraryPakFileMountedCallback: PakFile 'C:/Program Files/Epic Games/UE_4.27/FeaturePacks/TP_SideScroller.upack' (chunk index -1, root 'root:/') mounted
[2022.04.08-07.29.17:665][  0]LogShaderLibrary: Display: ShaderCodeLibraryPakFileMountedCallback: pending pak file info (ChunkID:-1 Root:root:/ File:C:/Program Files/Epic Games/UE_4.27/FeaturePacks/TP_SideScroller.upack)
[2022.04.08-07.29.17:665][  0]LogPakFile: OnPakFileMounted2Time == 0.000030
[2022.04.08-07.29.17:668][  0]LogPakFile: PakFile PrimaryIndexSize=190
[2022.04.08-07.29.17:668][  0]LogPakFile: PakFile PathHashIndexSize=101
[2022.04.08-07.29.17:668][  0]LogPakFile: PakFile FullDirectoryIndexSize=154
[2022.04.08-07.29.17:668][  0]LogShaderLibrary: Display: ShaderCodeLibraryPakFileMountedCallback: PakFile 'C:/Program Files/Epic Games/UE_4.27/FeaturePacks/TP_SideScrollerBP.upack' (chunk index -1, root 'root:/') mounted
[2022.04.08-07.29.17:668][  0]LogShaderLibrary: Display: ShaderCodeLibraryPakFileMountedCallback: pending pak file info (ChunkID:-1 Root:root:/ File:C:/Program Files/Epic Games/UE_4.27/FeaturePacks/TP_SideScrollerBP.upack)
[2022.04.08-07.29.17:668][  0]LogPakFile: OnPakFileMounted2Time == 0.000030
[2022.04.08-07.29.17:672][  0]LogPakFile: PakFile PrimaryIndexSize=187
[2022.04.08-07.29.17:672][  0]LogPakFile: PakFile PathHashIndexSize=101
[2022.04.08-07.29.17:672][  0]LogPakFile: PakFile FullDirectoryIndexSize=148
[2022.04.08-07.29.17:672][  0]LogShaderLibrary: Display: ShaderCodeLibraryPakFileMountedCallback: PakFile 'C:/Program Files/Epic Games/UE_4.27/FeaturePacks/TP_ThirdPerson.upack' (chunk index -1, root 'root:/') mounted
[2022.04.08-07.29.17:672][  0]LogShaderLibrary: Display: ShaderCodeLibraryPakFileMountedCallback: pending pak file info (ChunkID:-1 Root:root:/ File:C:/Program Files/Epic Games/UE_4.27/FeaturePacks/TP_ThirdPerson.upack)
[2022.04.08-07.29.17:672][  0]LogPakFile: OnPakFileMounted2Time == 0.000032
[2022.04.08-07.29.17:676][  0]LogPakFile: PakFile PrimaryIndexSize=189
[2022.04.08-07.29.17:676][  0]LogPakFile: PakFile PathHashIndexSize=101
[2022.04.08-07.29.17:676][  0]LogPakFile: PakFile FullDirectoryIndexSize=152
[2022.04.08-07.29.17:676][  0]LogShaderLibrary: Display: ShaderCodeLibraryPakFileMountedCallback: PakFile 'C:/Program Files/Epic Games/UE_4.27/FeaturePacks/TP_ThirdPersonBP.upack' (chunk index -1, root 'root:/') mounted
[2022.04.08-07.29.17:676][  0]LogShaderLibrary: Display: ShaderCodeLibraryPakFileMountedCallback: pending pak file info (ChunkID:-1 Root:root:/ File:C:/Program Files/Epic Games/UE_4.27/FeaturePacks/TP_ThirdPersonBP.upack)
[2022.04.08-07.29.17:676][  0]LogPakFile: OnPakFileMounted2Time == 0.000032
[2022.04.08-07.29.17:680][  0]LogPakFile: PakFile PrimaryIndexSize=183
[2022.04.08-07.29.17:680][  0]LogPakFile: PakFile PathHashIndexSize=101
[2022.04.08-07.29.17:680][  0]LogPakFile: PakFile FullDirectoryIndexSize=140
[2022.04.08-07.29.17:680][  0]LogShaderLibrary: Display: ShaderCodeLibraryPakFileMountedCallback: PakFile 'C:/Program Files/Epic Games/UE_4.27/FeaturePacks/TP_TopDown.upack' (chunk index -1, root 'root:/') mounted
[2022.04.08-07.29.17:680][  0]LogShaderLibrary: Display: ShaderCodeLibraryPakFileMountedCallback: pending pak file info (ChunkID:-1 Root:root:/ File:C:/Program Files/Epic Games/UE_4.27/FeaturePacks/TP_TopDown.upack)
[2022.04.08-07.29.17:680][  0]LogPakFile: OnPakFileMounted2Time == 0.000039
[2022.04.08-07.29.17:684][  0]LogPakFile: PakFile PrimaryIndexSize=185
[2022.04.08-07.29.17:684][  0]LogPakFile: PakFile PathHashIndexSize=101
[2022.04.08-07.29.17:684][  0]LogPakFile: PakFile FullDirectoryIndexSize=144
[2022.04.08-07.29.17:684][  0]LogShaderLibrary: Display: ShaderCodeLibraryPakFileMountedCallback: PakFile 'C:/Program Files/Epic Games/UE_4.27/FeaturePacks/TP_TopDownBP.upack' (chunk index -1, root 'root:/') mounted
[2022.04.08-07.29.17:684][  0]LogShaderLibrary: Display: ShaderCodeLibraryPakFileMountedCallback: pending pak file info (ChunkID:-1 Root:root:/ File:C:/Program Files/Epic Games/UE_4.27/FeaturePacks/TP_TopDownBP.upack)
[2022.04.08-07.29.17:684][  0]LogPakFile: OnPakFileMounted2Time == 0.000045
[2022.04.08-07.29.17:690][  0]LogPakFile: PakFile PrimaryIndexSize=185
[2022.04.08-07.29.17:690][  0]LogPakFile: PakFile PathHashIndexSize=101
[2022.04.08-07.29.17:690][  0]LogPakFile: PakFile FullDirectoryIndexSize=144
[2022.04.08-07.29.17:690][  0]LogShaderLibrary: Display: ShaderCodeLibraryPakFileMountedCallback: PakFile 'C:/Program Files/Epic Games/UE_4.27/FeaturePacks/TP_TwinStick.upack' (chunk index -1, root 'root:/') mounted
[2022.04.08-07.29.17:690][  0]LogShaderLibrary: Display: ShaderCodeLibraryPakFileMountedCallback: pending pak file info (ChunkID:-1 Root:root:/ File:C:/Program Files/Epic Games/UE_4.27/FeaturePacks/TP_TwinStick.upack)
[2022.04.08-07.29.17:690][  0]LogPakFile: OnPakFileMounted2Time == 0.000032
[2022.04.08-07.29.17:693][  0]LogPakFile: PakFile PrimaryIndexSize=187
[2022.04.08-07.29.17:693][  0]LogPakFile: PakFile PathHashIndexSize=101
[2022.04.08-07.29.17:693][  0]LogPakFile: PakFile FullDirectoryIndexSize=148
[2022.04.08-07.29.17:693][  0]LogShaderLibrary: Display: ShaderCodeLibraryPakFileMountedCallback: PakFile 'C:/Program Files/Epic Games/UE_4.27/FeaturePacks/TP_TwinStickBP.upack' (chunk index -1, root 'root:/') mounted
[2022.04.08-07.29.17:693][  0]LogShaderLibrary: Display: ShaderCodeLibraryPakFileMountedCallback: pending pak file info (ChunkID:-1 Root:root:/ File:C:/Program Files/Epic Games/UE_4.27/FeaturePacks/TP_TwinStickBP.upack)
[2022.04.08-07.29.17:694][  0]LogPakFile: OnPakFileMounted2Time == 0.000031
[2022.04.08-07.29.17:697][  0]LogPakFile: PakFile PrimaryIndexSize=183
[2022.04.08-07.29.17:697][  0]LogPakFile: PakFile PathHashIndexSize=101
[2022.04.08-07.29.17:697][  0]LogPakFile: PakFile FullDirectoryIndexSize=140
[2022.04.08-07.29.17:697][  0]LogShaderLibrary: Display: ShaderCodeLibraryPakFileMountedCallback: PakFile 'C:/Program Files/Epic Games/UE_4.27/FeaturePacks/TP_Vehicle.upack' (chunk index -1, root 'root:/') mounted
[2022.04.08-07.29.17:697][  0]LogShaderLibrary: Display: ShaderCodeLibraryPakFileMountedCallback: pending pak file info (ChunkID:-1 Root:root:/ File:C:/Program Files/Epic Games/UE_4.27/FeaturePacks/TP_Vehicle.upack)
[2022.04.08-07.29.17:697][  0]LogPakFile: OnPakFileMounted2Time == 0.000034
[2022.04.08-07.29.17:701][  0]LogPakFile: PakFile PrimaryIndexSize=186
[2022.04.08-07.29.17:701][  0]LogPakFile: PakFile PathHashIndexSize=101
[2022.04.08-07.29.17:701][  0]LogPakFile: PakFile FullDirectoryIndexSize=146
[2022.04.08-07.29.17:701][  0]LogShaderLibrary: Display: ShaderCodeLibraryPakFileMountedCallback: PakFile 'C:/Program Files/Epic Games/UE_4.27/FeaturePacks/TP_VehicleAdv.upack' (chunk index -1, root 'root:/') mounted
[2022.04.08-07.29.17:701][  0]LogShaderLibrary: Display: ShaderCodeLibraryPakFileMountedCallback: pending pak file info (ChunkID:-1 Root:root:/ File:C:/Program Files/Epic Games/UE_4.27/FeaturePacks/TP_VehicleAdv.upack)
[2022.04.08-07.29.17:701][  0]LogPakFile: OnPakFileMounted2Time == 0.000032
[2022.04.08-07.29.17:706][  0]LogPakFile: PakFile PrimaryIndexSize=188
[2022.04.08-07.29.17:706][  0]LogPakFile: PakFile PathHashIndexSize=101
[2022.04.08-07.29.17:706][  0]LogPakFile: PakFile FullDirectoryIndexSize=150
[2022.04.08-07.29.17:706][  0]LogShaderLibrary: Display: ShaderCodeLibraryPakFileMountedCallback: PakFile 'C:/Program Files/Epic Games/UE_4.27/FeaturePacks/TP_VehicleAdvBP.upack' (chunk index -1, root 'root:/') mounted
[2022.04.08-07.29.17:706][  0]LogShaderLibrary: Display: ShaderCodeLibraryPakFileMountedCallback: pending pak file info (ChunkID:-1 Root:root:/ File:C:/Program Files/Epic Games/UE_4.27/FeaturePacks/TP_VehicleAdvBP.upack)
[2022.04.08-07.29.17:706][  0]LogPakFile: OnPakFileMounted2Time == 0.000034
[2022.04.08-07.29.17:710][  0]LogPakFile: PakFile PrimaryIndexSize=185
[2022.04.08-07.29.17:710][  0]LogPakFile: PakFile PathHashIndexSize=101
[2022.04.08-07.29.17:710][  0]LogPakFile: PakFile FullDirectoryIndexSize=144
[2022.04.08-07.29.17:710][  0]LogShaderLibrary: Display: ShaderCodeLibraryPakFileMountedCallback: PakFile 'C:/Program Files/Epic Games/UE_4.27/FeaturePacks/TP_VehicleBP.upack' (chunk index -1, root 'root:/') mounted
[2022.04.08-07.29.17:710][  0]LogShaderLibrary: Display: ShaderCodeLibraryPakFileMountedCallback: pending pak file info (ChunkID:-1 Root:root:/ File:C:/Program Files/Epic Games/UE_4.27/FeaturePacks/TP_VehicleBP.upack)
[2022.04.08-07.29.17:710][  0]LogPakFile: OnPakFileMounted2Time == 0.000033
[2022.04.08-07.29.17:713][  0]LogPakFile: PakFile PrimaryIndexSize=192
[2022.04.08-07.29.17:713][  0]LogPakFile: PakFile PathHashIndexSize=101
[2022.04.08-07.29.17:714][  0]LogPakFile: PakFile FullDirectoryIndexSize=158
[2022.04.08-07.29.17:714][  0]LogShaderLibrary: Display: ShaderCodeLibraryPakFileMountedCallback: PakFile 'C:/Program Files/Epic Games/UE_4.27/FeaturePacks/TP_VirtualRealityBP.upack' (chunk index -1, root 'root:/') mounted
[2022.04.08-07.29.17:714][  0]LogShaderLibrary: Display: ShaderCodeLibraryPakFileMountedCallback: pending pak file info (ChunkID:-1 Root:root:/ File:C:/Program Files/Epic Games/UE_4.27/FeaturePacks/TP_VirtualRealityBP.upack)
[2022.04.08-07.29.17:714][  0]LogPakFile: OnPakFileMounted2Time == 0.000029
[2022.04.08-07.29.17:889][  0]LogNativeClassHierarchy: Verbose: Native class hierarchy updated for 'AddContentDialog' in 0.0003 seconds. Added 0 classes and 0 folders.
[2022.04.08-07.29.17:950][  0]LogSlate: Took 0.000100 seconds to synchronously load lazily loaded font '../../../Engine/Content/Slate/Fonts/Roboto-Regular.ttf' (155K)
[2022.04.08-07.29.17:956][  0]LogSlate: Took 0.005214 seconds to synchronously load lazily loaded font '../../../Engine/Content/Editor/Slate/Fonts/FontAwesome.ttf' (139K)
[2022.04.08-07.29.17:958][  0]LogSlate: Took 0.000094 seconds to synchronously load lazily loaded font '../../../Engine/Content/Slate/Fonts/Roboto-Bold.ttf' (160K)
[2022.04.08-07.29.18:042][  0]LogRenderer: Reallocating scene render targets to support 764x412 Format 10 NumSamples 4 (Frame:1).
[2022.04.08-07.29.18:090][  0]LogSlate: Took 0.004558 seconds to synchronously load lazily loaded font '../../../Engine/Content/Slate/Fonts/Roboto-Light.ttf' (167K)
[2022.04.08-07.29.18:158][  0]LogNativeClassHierarchy: Verbose: Native class hierarchy updated for 'HierarchicalLODOutliner' in 0.0002 seconds. Added 0 classes and 0 folders.
[2022.04.08-07.29.18:158][  0]LogLoad: (Engine Initialization) Total time: 11.45 seconds
[2022.04.08-07.29.18:158][  0]LogLoad: (Engine Initialization) Total Blueprint compile time: 0.00 seconds
[2022.04.08-07.29.18:220][  0]LogAssetRegistry: Asset discovery search completed in 7.6957 seconds
[2022.04.08-07.29.18:224][  0]LogCollectionManager: Fixed up redirectors for 0 collections in 0.000002 seconds (updated 0 objects)
[2022.04.08-07.29.18:227][  0]LogContentStreaming: Texture pool size now 1000 MB
[2022.04.08-07.29.18:277][  1]LogFileCache: Retrieving MD5 hashes for directory 'C:/Users/dmock/Unreal projects/P8/P8ToBeAnnounced/P8_VR_Home/Content/' took 0.10s
[2022.04.08-07.29.18:307][  1]LogResonanceAudio: Display: Resonance Audio Listener is initialized
[2022.04.08-07.29.19:191][ 48]LogSlate: Took 0.000135 seconds to synchronously load lazily loaded font '../../../Engine/Content/Slate/Fonts/Roboto-Light.ttf' (167K)
[2022.04.08-07.31.46:971][901]LogAssetEditorSubsystem: Opening Asset editor for Blueprint /Game/ScriptsBluePrints/torque_wheel_fridge.torque_wheel_fridge
[2022.04.08-07.31.47:113][901]LogEnum: Warning: Enum name collision: 'GrabType::NewEnumerator0' is in both '/Game/ScriptsBluePrints/VRTemplate/Blueprints/GrabType.GrabType' and '/Game/VRTemplate/Blueprints/GrabType.GrabType'
[2022.04.08-07.31.47:113][901]LogEnum: Warning: Enum name collision: 'GrabType::NewEnumerator4' is in both '/Game/ScriptsBluePrints/VRTemplate/Blueprints/GrabType.GrabType' and '/Game/VRTemplate/Blueprints/GrabType.GrabType'
[2022.04.08-07.31.47:113][901]LogEnum: Warning: Enum name collision: 'GrabType::NewEnumerator1' is in both '/Game/ScriptsBluePrints/VRTemplate/Blueprints/GrabType.GrabType' and '/Game/VRTemplate/Blueprints/GrabType.GrabType'
[2022.04.08-07.31.47:113][901]LogEnum: Warning: Enum name collision: 'GrabType::NewEnumerator3' is in both '/Game/ScriptsBluePrints/VRTemplate/Blueprints/GrabType.GrabType' and '/Game/VRTemplate/Blueprints/GrabType.GrabType'
[2022.04.08-07.31.47:113][901]LogEnum: Warning: Enum name collision: 'GrabType::GrabType_MAX' is in both '/Game/ScriptsBluePrints/VRTemplate/Blueprints/GrabType.GrabType' and '/Game/VRTemplate/Blueprints/GrabType.GrabType'
[2022.04.08-07.31.47:113][901]LogEnum: Warning: Enum name collision: 'GrabType::NewEnumerator0' is in both '/Game/ScriptsBluePrints/VRTemplate/Blueprints/GrabType.GrabType' and '/Game/VRTemplate/Blueprints/GrabType.GrabType'
[2022.04.08-07.31.47:113][901]LogEnum: Warning: Enum name collision: 'GrabType::NewEnumerator4' is in both '/Game/ScriptsBluePrints/VRTemplate/Blueprints/GrabType.GrabType' and '/Game/VRTemplate/Blueprints/GrabType.GrabType'
[2022.04.08-07.31.47:113][901]LogEnum: Warning: Enum name collision: 'GrabType::NewEnumerator1' is in both '/Game/ScriptsBluePrints/VRTemplate/Blueprints/GrabType.GrabType' and '/Game/VRTemplate/Blueprints/GrabType.GrabType'
[2022.04.08-07.31.47:113][901]LogEnum: Warning: Enum name collision: 'GrabType::NewEnumerator3' is in both '/Game/ScriptsBluePrints/VRTemplate/Blueprints/GrabType.GrabType' and '/Game/VRTemplate/Blueprints/GrabType.GrabType'
[2022.04.08-07.31.47:385][901]LogNativeClassHierarchy: Verbose: Native class hierarchy updated for 'BlueprintGraph' in 0.0005 seconds. Added 126 classes and 0 folders.
[2022.04.08-07.31.48:069][901]LogAssetEditorSubsystem: Opening Asset editor for Blueprint /Game/ScriptsBluePrints/torque_wheel_v2.torque_wheel_v2
[2022.04.08-07.31.48:362][901]LogAssetEditorSubsystem: Opening Asset editor for Blueprint /Game/ScriptsBluePrints/Fridge_.Fridge_
[2022.04.08-07.31.48:620][901]LogSlate: Took 0.000140 seconds to synchronously load lazily loaded font '../../../Engine/Content/Slate/Fonts/Roboto-BoldCondensed.ttf' (158K)
[2022.04.08-07.31.48:713][902]LogSlate: Took 0.004039 seconds to synchronously load lazily loaded font '../../../Engine/Content/Slate/Fonts/Roboto-Italic.ttf' (157K)
[2022.04.08-07.31.53:646][170]LogRenderer: Reallocating scene render targets to support 1336x716 Format 10 NumSamples 4 (Frame:9023).
[2022.04.08-07.31.56:126][314]LogSlate: Window 'Fridge_' being destroyed
[2022.04.08-07.31.57:199][378]LogWorld: UWorld::CleanupWorld for World_4, bSessionEnded=true, bCleanupResources=true
[2022.04.08-07.31.57:199][378]LogSlate: InvalidateAllWidgets triggered.  All widgets were invalidated
[2022.04.08-07.31.59:366][502]LogAssetEditorSubsystem: Opening Asset editor for Blueprint /Game/FirstPersonBP/MyStuff/InfoWidgetActor.InfoWidgetActor
[2022.04.08-07.33.25:271][626]LogWorld: UWorld::CleanupWorld for World_8, bSessionEnded=true, bCleanupResources=true
[2022.04.08-07.33.25:271][626]LogSlate: InvalidateAllWidgets triggered.  All widgets were invalidated
[2022.04.08-07.36.00:942][586]LogUObjectHash: Compacting FUObjectHashTables data took   2.54ms
[2022.04.08-07.36.01:938][586]LogSlate: Window 'Save Content' being destroyed
[2022.04.08-07.36.01:977][586]LogSavePackage: Moving '../../../../../../Users/dmock/Unreal projects/P8/P8ToBeAnnounced/P8_VR_Home/Saved/InfoWidgetActor6C3C300C466534CC91167EA6435BD3A3.tmp' to '../../../../../../Users/dmock/Unreal projects/P8/P8ToBeAnnounced/P8_VR_Home/Content/FirstPersonBP/MyStuff/InfoWidgetActor.uasset'
[2022.04.08-07.36.01:997][586]LogUObjectHash: Compacting FUObjectHashTables data took   1.64ms
[2022.04.08-07.36.02:091][586]LogSavePackage: Moving '../../../../../../Users/dmock/Unreal projects/P8/P8ToBeAnnounced/P8_VR_Home/Saved/VRTemplateMap8C7F1239491AC1F0FA520C83EACEE73F.tmp' to '../../../../../../Users/dmock/Unreal projects/P8/P8ToBeAnnounced/P8_VR_Home/Content/VRTemplate/Maps/VRTemplateMap.umap'
[2022.04.08-07.36.02:103][586]LogFileHelpers: Saving map 'VRTemplateMap' took 0.125
[2022.04.08-07.36.02:124][586]LogActorComponent: UnregisterComponent: (/Engine/Transient.EditorFloorComp) Not registered. Aborting.
[2022.04.08-07.36.02:125][586]LogWorld: UWorld::CleanupWorld for World_2, bSessionEnded=true, bCleanupResources=true
[2022.04.08-07.36.02:125][586]LogSlate: InvalidateAllWidgets triggered.  All widgets were invalidated
[2022.04.08-07.36.02:174][586]LogActorComponent: UnregisterComponent: (/Engine/Transient.EditorFloorComp) Not registered. Aborting.
[2022.04.08-07.36.02:174][586]LogWorld: UWorld::CleanupWorld for World_3, bSessionEnded=true, bCleanupResources=true
[2022.04.08-07.36.02:174][586]LogSlate: InvalidateAllWidgets triggered.  All widgets were invalidated
[2022.04.08-07.36.02:229][586]LogSlate: Window 'P8_VR_Home - Unreal Editor' being destroyed
[2022.04.08-07.36.02:316][586]AssetCheck: New page: Asset Save: multiple assets
[2022.04.08-07.36.02:316][586]LogContentValidation: Display: Validating Blueprint /Game/FirstPersonBP/MyStuff/InfoWidgetActor.InfoWidgetActor
[2022.04.08-07.36.02:316][586]LogContentValidation: Display: Validating World /Game/VRTemplate/Maps/VRTemplateMap.VRTemplateMap
[2022.04.08-07.36.02:316][587]Cmd: QUIT_EDITOR
[2022.04.08-07.36.02:317][587]LogCore: Engine exit requested (reason: UUnrealEdEngine::CloseEditor())
[2022.04.08-07.36.02:319][587]LogCore: Engine exit requested (reason: EngineExit() was called; note: exit was already requested)
[2022.04.08-07.36.02:320][587]LogAudio: Display: Beginning Audio Device Manager Shutdown (Module: AudioMixerXAudio2)...
[2022.04.08-07.36.02:320][587]LogAudio: Display: Destroying 1 Remaining Audio Device(s)...
[2022.04.08-07.36.02:320][587]LogAudio: Display: Audio Device unregistered from world 'VRTemplateMap'.
[2022.04.08-07.36.02:320][587]LogResonanceAudio: Display: Resonance Audio Listener is shutdown
[2022.04.08-07.36.02:320][587]LogAudioMixer: FMixerPlatformXAudio2::StopAudioStream() called
[2022.04.08-07.36.02:321][587]LogAudioMixer: FMixerPlatformXAudio2::StopAudioStream() called
[2022.04.08-07.36.02:328][587]LogAudio: Display: Audio Device Manager Shutdown
[2022.04.08-07.36.02:328][587]LogWindowsTextInputMethodSystem: Display: IME system deactivated.
[2022.04.08-07.36.02:331][587]LogExit: Preparing to exit.
[2022.04.08-07.36.02:350][587]LogUObjectHash: Compacting FUObjectHashTables data took   1.88ms
[2022.04.08-07.36.02:696][587]LogWorld: UWorld::CleanupWorld for World_0, bSessionEnded=true, bCleanupResources=true
[2022.04.08-07.36.02:698][587]LogWorld: UWorld::CleanupWorld for World_1, bSessionEnded=true, bCleanupResources=true
[2022.04.08-07.36.02:700][587]LogWorld: UWorld::CleanupWorld for World_5, bSessionEnded=true, bCleanupResources=true
[2022.04.08-07.36.02:701][587]LogWorld: UWorld::CleanupWorld for World_6, bSessionEnded=true, bCleanupResources=true
[2022.04.08-07.36.02:703][587]LogWorld: UWorld::CleanupWorld for World_7, bSessionEnded=true, bCleanupResources=true
[2022.04.08-07.36.02:708][587]LogDirectoryWatcher: Display: A directory notification failed, and we were unable to create a new request. GetLastError code [6] Handle [FFFFFFFFFFFFFFFF], Path [C:/Users/dmock/Unreal projects/P8/P8ToBeAnnounced/P8_VR_Home/Content/] 
[2022.04.08-07.36.02:757][587]LogDemo: Cleaned up 0 splitscreen connections with owner deletion
[2022.04.08-07.36.02:761][587]LogWorld: UWorld::CleanupWorld for None, bSessionEnded=true, bCleanupResources=true
[2022.04.08-07.36.02:761][587]LogExit: Editor shut down
[2022.04.08-07.36.02:761][587]LogExit: Transaction tracking system shut down
[2022.04.08-07.36.02:936][587]LogExit: Object subsystem successfully closed.
[2022.04.08-07.36.02:956][587]LogShaderCompilers: Display: === FShaderJobCache stats ===
[2022.04.08-07.36.02:956][587]LogShaderCompilers: Display: Total job queries 0, among them cache hits 0 (0.00%)
[2022.04.08-07.36.02:956][587]LogShaderCompilers: Display: Tracking 0 distinct input hashes that result in 0 distinct outputs (0.00%)
[2022.04.08-07.36.02:956][587]LogShaderCompilers: Display: RAM used: 0.00 MB (0.00 GB) of 819.20 MB (0.80 GB) budget. Usage: 0.00%
[2022.04.08-07.36.02:956][587]LogShaderCompilers: Display: ================================================
[2022.04.08-07.36.02:972][587]LogShaderCompilers: Display: Shaders left to compile 0
[2022.04.08-07.36.02:990][587]LogModuleManager: Shutting down and abandoning module BlueprintGraph (906)
[2022.04.08-07.36.02:990][587]LogModuleManager: Shutting down and abandoning module HierarchicalLODOutliner (904)
[2022.04.08-07.36.02:990][587]LogModuleManager: Shutting down and abandoning module AddContentDialog (902)
[2022.04.08-07.36.02:990][587]LogModuleManager: Shutting down and abandoning module WidgetCarousel (901)
[2022.04.08-07.36.02:990][587]LogModuleManager: Shutting down and abandoning module EditorWidgets (898)
[2022.04.08-07.36.02:990][587]LogModuleManager: Shutting down and abandoning module SceneOutliner (896)
[2022.04.08-07.36.02:990][587]LogModuleManager: Shutting down and abandoning module StatsViewer (894)
[2022.04.08-07.36.02:990][587]LogModuleManager: Shutting down and abandoning module PIEPreviewDeviceProfileSelector (892)
[2022.04.08-07.36.02:990][587]LogModuleManager: Shutting down and abandoning module SequenceRecorderSections (890)
[2022.04.08-07.36.02:990][587]LogModuleManager: Shutting down and abandoning module AutomationWorker (888)
[2022.04.08-07.36.02:990][587]LogModuleManager: Shutting down and abandoning module OculusMR (886)
[2022.04.08-07.36.02:990][587]LogModuleManager: Shutting down and abandoning module CameraShakePreviewer (884)
[2022.04.08-07.36.02:990][587]LogModuleManager: Shutting down and abandoning module ResonanceAudioEditor (882)
[2022.04.08-07.36.02:990][587]LogModuleManager: Shutting down and abandoning module TakeRecorderSources (880)
[2022.04.08-07.36.02:990][587]LogModuleManager: Shutting down and abandoning module TakeRecorder (879)
[2022.04.08-07.36.02:990][587]LogModuleManager: Shutting down and abandoning module TakeTrackRecorders (876)
[2022.04.08-07.36.02:990][587]LogModuleManager: Shutting down and abandoning module TakesCore (874)
[2022.04.08-07.36.02:990][587]LogModuleManager: Shutting down and abandoning module OpenXRInput (872)
[2022.04.08-07.36.02:990][587]LogModuleManager: Shutting down and abandoning module GooglePADEditor (870)
[2022.04.08-07.36.02:991][587]LogModuleManager: Shutting down and abandoning module AudioCaptureEditor (868)
[2022.04.08-07.36.02:991][587]LogModuleManager: Shutting down and abandoning module TemplateSequenceEditor (866)
[2022.04.08-07.36.02:991][587]LogModuleManager: Shutting down and abandoning module MatineeToLevelSequence (864)
[2022.04.08-07.36.02:991][587]LogModuleManager: Shutting down and abandoning module LevelSequenceEditor (862)
[2022.04.08-07.36.02:991][587]LogModuleManager: Shutting down and abandoning module ActorSequenceEditor (860)
[2022.04.08-07.36.02:991][587]LogModuleManager: Shutting down and abandoning module WebMMediaFactory (858)
[2022.04.08-07.36.02:991][587]LogModuleManager: Shutting down and abandoning module WebMMediaEditor (856)
[2022.04.08-07.36.02:991][587]LogModuleManager: Shutting down and abandoning module WebMMedia (854)
[2022.04.08-07.36.02:991][587]LogModuleManager: Shutting down and abandoning module WmfMediaFactory (852)
[2022.04.08-07.36.02:991][587]LogModuleManager: Shutting down and abandoning module WmfMediaEditor (850)
[2022.04.08-07.36.02:991][587]LogModuleManager: Shutting down and abandoning module MediaPlayerEditor (848)
[2022.04.08-07.36.02:991][587]LogModuleManager: Shutting down and abandoning module MediaCompositingEditor (846)
[2022.04.08-07.36.02:991][587]LogModuleManager: Shutting down and abandoning module SequenceRecorder (845)
[2022.04.08-07.36.02:991][587]LogModuleManager: Shutting down and abandoning module OpenExrWrapper (842)
[2022.04.08-07.36.02:991][587]LogModuleManager: Shutting down and abandoning module ImgMediaFactory (840)
[2022.04.08-07.36.02:991][587]LogModuleManager: Shutting down and abandoning module ImgMediaEditor (838)
[2022.04.08-07.36.02:991][587]LogModuleManager: Shutting down and abandoning module AvfMediaFactory (836)
[2022.04.08-07.36.02:991][587]LogModuleManager: Shutting down and abandoning module AvfMediaEditor (834)
[2022.04.08-07.36.02:991][587]LogModuleManager: Shutting down and abandoning module AndroidMediaFactory (832)
[2022.04.08-07.36.02:991][587]LogModuleManager: Shutting down and abandoning module AndroidMediaEditor (830)
[2022.04.08-07.36.02:991][587]LogModuleManager: Shutting down and abandoning module PlanarCut (828)
[2022.04.08-07.36.02:991][587]LogModuleManager: Shutting down and abandoning module CharacterAI (826)
[2022.04.08-07.36.02:991][587]LogModuleManager: Shutting down and abandoning module MagicLeapMediaCodecFactory (824)
[2022.04.08-07.36.02:991][587]LogModuleManager: Shutting down and abandoning module MagicLeapMediaFactory (822)
[2022.04.08-07.36.02:991][587]LogModuleManager: Shutting down and abandoning module MagicLeapMediaEditor (820)
[2022.04.08-07.36.02:991][587]LogModuleManager: Shutting down and abandoning module TextureAlignMode (818)
[2022.04.08-07.36.02:991][587]LogModuleManager: Shutting down and abandoning module BspMode (816)
[2022.04.08-07.36.02:991][587]LogModuleManager: Shutting down and abandoning module GeometryMode (814)
[2022.04.08-07.36.02:991][587]LogModuleManager: Shutting down and abandoning module SmartSnapping (812)
[2022.04.08-07.36.02:991][587]LogModuleManager: Shutting down and abandoning module SessionServices (810)
[2022.04.08-07.36.02:991][587]LogModuleManager: Shutting down and abandoning module MeshPaint (808)
[2022.04.08-07.36.02:991][587]LogModuleManager: Shutting down and abandoning module VirtualTexturingEditor (806)
[2022.04.08-07.36.02:991][587]LogModuleManager: Shutting down and abandoning module FoliageEdit (804)
[2022.04.08-07.36.02:991][587]LogModuleManager: Shutting down and abandoning module LandscapeEditor (802)
[2022.04.08-07.36.02:991][587]LogModuleManager: Shutting down and abandoning module MeshPaintMode (800)
[2022.04.08-07.36.02:991][587]LogModuleManager: Shutting down and abandoning module SceneDepthPickerMode (798)
[2022.04.08-07.36.02:991][587]LogModuleManager: Shutting down and abandoning module ActorPickerMode (796)
[2022.04.08-07.36.02:991][587]LogModuleManager: Shutting down and abandoning module PlacementMode (794)
[2022.04.08-07.36.02:991][587]LogModuleManager: Shutting down and abandoning module ViewportSnapping (792)
[2022.04.08-07.36.02:991][587]LogModuleManager: Shutting down and abandoning module ViewportInteraction (790)
[2022.04.08-07.36.02:991][587]LogModuleManager: Shutting down and abandoning module ClothPainter (788)
[2022.04.08-07.36.02:991][587]LogModuleManager: Shutting down and abandoning module SkeletalMeshEditor (787)
[2022.04.08-07.36.02:991][587]LogModuleManager: Shutting down and abandoning module LogVisualizer (784)
[2022.04.08-07.36.02:991][587]LogModuleManager: Shutting down and abandoning module IntroTutorials (782)
[2022.04.08-07.36.02:991][587]LogModuleManager: Shutting down and abandoning module GameProjectGeneration (781)
[2022.04.08-07.36.02:991][587]LogModuleManager: Shutting down and abandoning module LuminPlatformEditor (778)
[2022.04.08-07.36.02:991][587]LogModuleManager: Shutting down and abandoning module IOSPlatformEditor (776)
[2022.04.08-07.36.02:991][587]LogModuleManager: Shutting down and abandoning module AndroidPlatformEditor (774)
[2022.04.08-07.36.02:991][587]LogModuleManager: Shutting down and abandoning module AndroidDeviceDetection (773)
[2022.04.08-07.36.03:384][587]LogModuleManager: Shutting down and abandoning module WindowsPlatformEditor (770)
[2022.04.08-07.36.03:384][587]LogModuleManager: Shutting down and abandoning module LuminRuntimeSettings (768)
[2022.04.08-07.36.03:384][587]LogModuleManager: Shutting down and abandoning module IOSRuntimeSettings (766)
[2022.04.08-07.36.03:384][587]LogModuleManager: Shutting down and abandoning module AndroidRuntimeSettings (764)
[2022.04.08-07.36.03:384][587]LogModuleManager: Shutting down and abandoning module TraceInsights (762)
[2022.04.08-07.36.03:384][587]MemoryProfiler: Shutdown
[2022.04.08-07.36.03:384][587]NetworkingProfiler: Shutdown
[2022.04.08-07.36.03:384][587]LoadingProfiler: Shutdown
[2022.04.08-07.36.03:384][587]TimingProfiler: Shutdown
[2022.04.08-07.36.03:384][587]LogModuleManager: Shutting down and abandoning module TraceServices (761)
[2022.04.08-07.36.03:384][587]LogModuleManager: Shutting down and abandoning module EditorInteractiveToolsFramework (758)
[2022.04.08-07.36.03:384][587]LogModuleManager: Shutting down and abandoning module TimeManagementEditor (756)
[2022.04.08-07.36.03:384][587]LogModuleManager: Shutting down and abandoning module InputBindingEditor (754)
[2022.04.08-07.36.03:384][587]LogModuleManager: Shutting down and abandoning module MergeActors (752)
[2022.04.08-07.36.03:384][587]LogModuleManager: Shutting down and abandoning module LocalizationDashboard (750)
[2022.04.08-07.36.03:384][587]LogModuleManager: Shutting down and abandoning module LocalizationService (749)
[2022.04.08-07.36.03:384][587]LogModuleManager: Shutting down and abandoning module HardwareTargeting (746)
[2022.04.08-07.36.03:384][587]LogModuleManager: Shutting down and abandoning module DeviceProfileEditor (744)
[2022.04.08-07.36.03:384][587]LogModuleManager: Shutting down and abandoning module UndoHistory (742)
[2022.04.08-07.36.03:384][587]LogModuleManager: Shutting down and abandoning module XmlParser (740)
[2022.04.08-07.36.03:384][587]LogModuleManager: Shutting down and abandoning module Blutility (738)
[2022.04.08-07.36.03:384][587]LogModuleManager: Shutting down and abandoning module ProjectSettingsViewer (736)
[2022.04.08-07.36.03:384][587]LogModuleManager: Shutting down and abandoning module ProjectTargetPlatformEditor (735)
[2022.04.08-07.36.03:384][587]LogModuleManager: Shutting down and abandoning module EditorSettingsViewer (732)
[2022.04.08-07.36.03:384][587]LogModuleManager: Shutting down and abandoning module InternationalizationSettings (731)
[2022.04.08-07.36.03:384][587]LogModuleManager: Shutting down and abandoning module SettingsEditor (728)
[2022.04.08-07.36.03:384][587]LogModuleManager: Shutting down and abandoning module ProjectLauncher (726)
[2022.04.08-07.36.03:384][587]LogModuleManager: Shutting down and abandoning module SessionFrontend (724)
[2022.04.08-07.36.03:384][587]LogModuleManager: Shutting down and abandoning module ProfilerClient (722)
[2022.04.08-07.36.03:384][587]LogModuleManager: Shutting down and abandoning module DeviceManager (720)
[2022.04.08-07.36.03:384][587]LogModuleManager: Shutting down and abandoning module TargetDeviceServices (719)
[2022.04.08-07.36.03:416][587]LogModuleManager: Shutting down and abandoning module AutomationController (716)
[2022.04.08-07.36.03:416][587]LogModuleManager: Shutting down and abandoning module AutomationWindow (714)
[2022.04.08-07.36.03:416][587]LogModuleManager: Shutting down and abandoning module Layers (712)
[2022.04.08-07.36.03:416][587]LogModuleManager: Shutting down and abandoning module ComponentVisualizers (710)
[2022.04.08-07.36.03:416][587]LogModuleManager: Shutting down and abandoning module DetailCustomizations (708)
[2022.04.08-07.36.03:416][587]LogModuleManager: Shutting down and abandoning module PackagesDialog (706)
[2022.04.08-07.36.03:416][587]LogModuleManager: Shutting down and abandoning module AnimationBlueprintEditor (704)
[2022.04.08-07.36.03:416][587]LogModuleManager: Shutting down and abandoning module Persona (702)
[2022.04.08-07.36.03:416][587]LogModuleManager: Shutting down and abandoning module AnimGraph (701)
[2022.04.08-07.36.03:416][587]LogModuleManager: Shutting down and abandoning module Kismet (698)
[2022.04.08-07.36.03:422][587]LogModuleManager: Shutting down and abandoning module KismetWidgets (697)
[2022.04.08-07.36.03:422][587]LogModuleManager: Shutting down and abandoning module GraphEditor (694)
[2022.04.08-07.36.03:422][587]LogModuleManager: Shutting down and abandoning module StructViewer (692)
[2022.04.08-07.36.03:422][587]LogModuleManager: Shutting down and abandoning module ClassViewer (690)
[2022.04.08-07.36.03:422][587]LogModuleManager: Shutting down and abandoning module Toolbox (688)
[2022.04.08-07.36.03:422][587]LogModuleManager: Shutting down and abandoning module ModuleUI (686)
[2022.04.08-07.36.03:422][587]LogModuleManager: Shutting down and abandoning module OutputLog (684)
[2022.04.08-07.36.03:422][587]LogModuleManager: Shutting down and abandoning module GammaUI (682)
[2022.04.08-07.36.03:422][587]LogModuleManager: Shutting down and abandoning module Documentation (680)
[2022.04.08-07.36.03:422][587]LogModuleManager: Shutting down and abandoning module LiveCoding (678)
[2022.04.08-07.36.03:422][587]LogModuleManager: Shutting down and abandoning module LevelSequence (676)
[2022.04.08-07.36.03:422][587]LogModuleManager: Shutting down and abandoning module MovieSceneTracks (674)
[2022.04.08-07.36.03:422][587]LogModuleManager: Shutting down and abandoning module MovieScene (672)
[2022.04.08-07.36.03:422][587]LogModuleManager: Shutting down and abandoning module StreamingPauseRendering (670)
[2022.04.08-07.36.03:422][587]LogModuleManager: Shutting down and abandoning module LauncherPlatform (668)
[2022.04.08-07.36.03:423][587]LogModuleManager: Shutting down and abandoning module AnalyticsET (666)
[2022.04.08-07.36.03:423][587]LogModuleManager: Shutting down and abandoning module PortalServices (664)
[2022.04.08-07.36.03:423][587]LogModuleManager: Shutting down and abandoning module PortalRpc (662)
[2022.04.08-07.36.03:423][587]LogModuleManager: Shutting down and abandoning module MessagingRpc (660)
[2022.04.08-07.36.03:423][587]LogModuleManager: Shutting down and abandoning module AudioMixerXAudio2 (658)
[2022.04.08-07.36.03:423][587]LogModuleManager: Shutting down and abandoning module AudioMixerCore (657)
[2022.04.08-07.36.03:423][587]LogModuleManager: Shutting down and abandoning module AIModule (654)
[2022.04.08-07.36.03:423][587]LogModuleManager: Shutting down and abandoning module GameplayDebugger (653)
[2022.04.08-07.36.03:423][587]LogModuleManager: Shutting down and abandoning module AITestSuite (651)
[2022.04.08-07.36.03:423][587]LogModuleManager: Shutting down and abandoning module NavigationSystem (649)
[2022.04.08-07.36.03:423][587]LogModuleManager: Shutting down and abandoning module ImageWriteQueue (646)
[2022.04.08-07.36.03:428][587]LogModuleManager: Shutting down and abandoning module ProfilerService (644)
[2022.04.08-07.36.03:491][587]LogModuleManager: Shutting down and abandoning module TaskGraph (642)
[2022.04.08-07.36.03:491][587]LogModuleManager: Shutting down and abandoning module AudioSynesthesiaEditor (640)
[2022.04.08-07.36.03:491][587]LogModuleManager: Shutting down and abandoning module OculusEditor (638)
[2022.04.08-07.36.03:491][587]LogModuleManager: Shutting down and abandoning module OculusInput (636)
[2022.04.08-07.36.03:491][587]LogModuleManager: Shutting down and abandoning module ContentBrowserFileDataSource (634)
[2022.04.08-07.36.03:491][587]LogModuleManager: Shutting down and abandoning module ContentBrowserClassDataSource (632)
[2022.04.08-07.36.03:491][587]LogModuleManager: Shutting down and abandoning module ContentBrowserAssetDataSource (630)
[2022.04.08-07.36.03:491][587]LogModuleManager: Shutting down and abandoning module CollectionManager (629)
[2022.04.08-07.36.03:491][587]LogModuleManager: Shutting down and abandoning module SynthesisEditor (626)
[2022.04.08-07.36.03:491][587]LogModuleManager: Shutting down and abandoning module Synthesis (624)
[2022.04.08-07.36.03:491][587]LogModuleManager: Shutting down and abandoning module ResonanceAudio (622)
[2022.04.08-07.36.03:491][587]LogModuleManager: Shutting down and abandoning module ProceduralMeshComponentEditor (620)
[2022.04.08-07.36.03:491][587]LogModuleManager: Shutting down and abandoning module ProceduralMeshComponent (618)
[2022.04.08-07.36.03:491][587]LogModuleManager: Shutting down and abandoning module TakeSequencer (616)
[2022.04.08-07.36.03:491][587]LogModuleManager: Shutting down and abandoning module TakeMovieScene (614)
[2022.04.08-07.36.03:491][587]LogModuleManager: Shutting down and abandoning module OpenXREditor (612)
[2022.04.08-07.36.03:491][587]LogModuleManager: Shutting down and abandoning module MobilePatchingUtils (610)
[2022.04.08-07.36.03:491][587]LogModuleManager: Shutting down and abandoning module GooglePAD (608)
[2022.04.08-07.36.03:491][587]LogModuleManager: Shutting down and abandoning module ScreenshotTools (606)
[2022.04.08-07.36.03:491][587]LogModuleManager: Shutting down and abandoning module EditableMesh (604)
[2022.04.08-07.36.03:491][587]LogModuleManager: Shutting down and abandoning module CustomMeshComponent (602)
[2022.04.08-07.36.03:491][587]LogModuleManager: Shutting down and abandoning module CableComponent (600)
[2022.04.08-07.36.03:491][587]LogModuleManager: Shutting down and abandoning module AudioCapture (598)
[2022.04.08-07.36.03:491][587]LogModuleManager: Shutting down and abandoning module AudioCaptureRtAudio (597)
[2022.04.08-07.36.03:491][587]LogModuleManager: Shutting down and abandoning module AssetTags (594)
[2022.04.08-07.36.03:491][587]LogModuleManager: Shutting down and abandoning module ArchVisCharacter (592)
[2022.04.08-07.36.03:491][587]LogModuleManager: Shutting down and abandoning module AppleImageUtilsBlueprintSupport (590)
[2022.04.08-07.36.03:491][587]LogModuleManager: Shutting down and abandoning module AppleImageUtils (588)
[2022.04.08-07.36.03:491][587]LogModuleManager: Shutting down and abandoning module AndroidPermission (586)
[2022.04.08-07.36.03:491][587]LogModuleManager: Shutting down and abandoning module ActorLayerUtilitiesEditor (584)
[2022.04.08-07.36.03:491][587]LogModuleManager: Shutting down and abandoning module ActorLayerUtilities (582)
[2022.04.08-07.36.03:491][587]LogModuleManager: Shutting down and abandoning module TemplateSequence (580)
[2022.04.08-07.36.03:491][587]LogModuleManager: Shutting down and abandoning module MediaCompositing (578)
[2022.04.08-07.36.03:491][587]LogModuleManager: Shutting down and abandoning module ImgMedia (576)
[2022.04.08-07.36.03:491][587]LogModuleManager: Shutting down and abandoning module OpenImageDenoise (574)
[2022.04.08-07.36.03:491][587]LogOpenImageDenoise: OIDN shutting down
[2022.04.08-07.36.03:491][587]LogModuleManager: Shutting down and abandoning module MotoSynthEditor (572)
[2022.04.08-07.36.03:491][587]LogModuleManager: Shutting down and abandoning module MotoSynth (570)
[2022.04.08-07.36.03:491][587]LogModuleManager: Shutting down and abandoning module GeometryCollectionTracks (568)
[2022.04.08-07.36.03:491][587]LogModuleManager: Shutting down and abandoning module GeometryCollectionSequencer (567)
[2022.04.08-07.36.03:491][587]LogModuleManager: Shutting down and abandoning module GeometryCollectionEditor (564)
[2022.04.08-07.36.03:491][587]LogModuleManager: Shutting down and abandoning module GeometryCacheTracks (562)
[2022.04.08-07.36.03:491][587]LogModuleManager: Shutting down and abandoning module GeometryCacheStreamer (560)
[2022.04.08-07.36.03:491][587]LogModuleManager: Shutting down and abandoning module GeometryCacheSequencer (558)
[2022.04.08-07.36.03:491][587]LogModuleManager: Shutting down and abandoning module MeshConversion (556)
[2022.04.08-07.36.03:491][587]LogModuleManager: Shutting down and abandoning module DynamicMesh (554)
[2022.04.08-07.36.03:492][587]LogModuleManager: Shutting down and abandoning module GeometryAlgorithms (552)
[2022.04.08-07.36.03:492][587]LogModuleManager: Shutting down and abandoning module GeometricObjects (550)
[2022.04.08-07.36.03:492][587]LogModuleManager: Shutting down and abandoning module AlembicImporter (548)
[2022.04.08-07.36.03:492][587]LogModuleManager: Shutting down and abandoning module AlembicLibrary (547)
[2022.04.08-07.36.03:492][587]LogModuleManager: Shutting down and abandoning module GeometryCache (546)
[2022.04.08-07.36.03:492][587]LogModuleManager: Shutting down and abandoning module GeometryCacheEd (545)
[2022.04.08-07.36.03:492][587]LogModuleManager: Shutting down and abandoning module ChaosSolverEditor (540)
[2022.04.08-07.36.03:492][587]LogModuleManager: Shutting down and abandoning module ChaosNiagara (538)
[2022.04.08-07.36.03:492][587]LogModuleManager: Shutting down and abandoning module ChaosClothEditor (536)
[2022.04.08-07.36.03:492][587]LogModuleManager: Shutting down and abandoning module BlastCore (534)
[2022.04.08-07.36.03:492][587]LogModuleManager: Shutting down and abandoning module BlastAuthoring (532)
[2022.04.08-07.36.03:492][587]LogModuleManager: Shutting down and abandoning module FractureEditor (530)
[2022.04.08-07.36.03:492][587]LogModuleManager: Shutting down and abandoning module BackChannel (528)
[2022.04.08-07.36.03:492][587]LogModuleManager: Shutting down and abandoning module AutomationUtilsEditor (526)
[2022.04.08-07.36.03:492][587]LogModuleManager: Shutting down and abandoning module AutomationUtils (524)
[2022.04.08-07.36.03:492][587]LogModuleManager: Shutting down and abandoning module MagicLeapSharedWorld (522)
[2022.04.08-07.36.03:492][587]LogModuleManager: Shutting down and abandoning module MagicLeapLightEstimation (520)
[2022.04.08-07.36.03:492][587]LogModuleManager: Shutting down and abandoning module MagicLeapHelperVulkan (518)
[2022.04.08-07.36.03:492][587]LogModuleManager: Shutting down and abandoning module MagicLeapHelperOpenGL (516)
[2022.04.08-07.36.03:492][587]LogModuleManager: Shutting down and abandoning module MagicLeapAudio (514)
[2022.04.08-07.36.03:492][587]LogModuleManager: Shutting down and abandoning module SpeedTreeImporter (512)
[2022.04.08-07.36.03:492][587]LogModuleManager: Shutting down and abandoning module PluginBrowser (510)
[2022.04.08-07.36.03:492][587]LogModuleManager: Shutting down and abandoning module MobileLauncherProfileWizard (508)
[2022.04.08-07.36.03:492][587]LogModuleManager: Shutting down and abandoning module PolygonModeling (506)
[2022.04.08-07.36.03:492][587]LogModuleManager: Shutting down and abandoning module MeshEditor (504)
[2022.04.08-07.36.03:492][587]LogModuleManager: Shutting down and abandoning module MaterialAnalyzer (502)
[2022.04.08-07.36.03:492][587]LogModuleManager: Shutting down and abandoning module EditorScriptingUtilities (500)
[2022.04.08-07.36.03:492][587]LogModuleManager: Shutting down and abandoning module CurveEditorTools (498)
[2022.04.08-07.36.03:492][587]LogModuleManager: Shutting down and abandoning module NiagaraEditorWidgets (496)
[2022.04.08-07.36.03:492][587]LogModuleManager: Shutting down and abandoning module CryptoKeysOpenSSL (494)
[2022.04.08-07.36.03:492][587]LogModuleManager: Shutting down and abandoning module CryptoKeys (492)
[2022.04.08-07.36.03:492][587]LogModuleManager: Shutting down and abandoning module VariantManager (490)
[2022.04.08-07.36.03:493][587]LogModuleManager: Shutting down and abandoning module VariantManagerContentEditor (489)
[2022.04.08-07.36.03:493][587]LogModuleManager: Shutting down and abandoning module StaticMeshEditorExtension (486)
[2022.04.08-07.36.03:493][587]LogModuleManager: Shutting down and abandoning module StaticMeshEditor (485)
[2022.04.08-07.36.03:494][587]LogModuleManager: Shutting down and abandoning module AdvancedPreviewScene (484)
[2022.04.08-07.36.03:494][587]LogModuleManager: Shutting down and abandoning module MeshProcessingLibrary (481)
[2022.04.08-07.36.03:494][587]LogModuleManager: Shutting down and abandoning module UObjectPlugin (478)
[2022.04.08-07.36.03:494][587]LogModuleManager: Shutting down and abandoning module DirectLinkTest (476)
[2022.04.08-07.36.03:494][587]LogModuleManager: Shutting down and abandoning module DatasmithNativeTranslator (474)
[2022.04.08-07.36.03:494][587]LogModuleManager: Shutting down and abandoning module DatasmithTranslator (472)
[2022.04.08-07.36.03:495][587]LogModuleManager: Shutting down and abandoning module DatasmithImporter (470)
[2022.04.08-07.36.03:495][587]LogModuleManager: Shutting down and abandoning module FieldSystemEngine (469)
[2022.04.08-07.36.03:495][587]LogModuleManager: Shutting down and abandoning module DataprepEditorScriptingUtilities (466)
[2022.04.08-07.36.03:495][587]LogModuleManager: Shutting down and abandoning module DataprepLibraries (464)
[2022.04.08-07.36.03:495][587]LogModuleManager: Shutting down and abandoning module DataprepCore (462)
[2022.04.08-07.36.03:495][587]LogModuleManager: Shutting down and abandoning module DataprepEditor (460)
[2022.04.08-07.36.03:495][587]LogModuleManager: Shutting down and abandoning module DatasmithContentEditor (458)
[2022.04.08-07.36.03:495][587]LogModuleManager: Shutting down and abandoning module VisualStudioSourceCodeAccess (456)
[2022.04.08-07.36.03:495][587]LogModuleManager: Shutting down and abandoning module VisualStudioCodeSourceCodeAccess (454)
[2022.04.08-07.36.03:495][587]LogModuleManager: Shutting down and abandoning module SubversionSourceControl (452)
[2022.04.08-07.36.03:495][587]LogModuleManager: Shutting down and abandoning module OodleNetworkHandlerComponent (450)
[2022.04.08-07.36.03:495][587]LogModuleManager: Shutting down and abandoning module PlasticSourceControl (448)
[2022.04.08-07.36.03:495][587]LogModuleManager: Shutting down and abandoning module RiderSourceCodeAccess (446)
[2022.04.08-07.36.03:495][587]LogModuleManager: Shutting down and abandoning module PluginUtils (444)
[2022.04.08-07.36.03:495][587]LogModuleManager: Shutting down and abandoning module PerforceSourceControl (442)
[2022.04.08-07.36.03:495][587]LogModuleManager: Shutting down and abandoning module CLionSourceCodeAccess (440)
[2022.04.08-07.36.03:495][587]LogModuleManager: Shutting down and abandoning module GitSourceControl (438)
[2022.04.08-07.36.03:495][587]LogModuleManager: Shutting down and abandoning module SourceControl (437)
[2022.04.08-07.36.03:495][587]LogModuleManager: Shutting down and abandoning module AnimationSharingEd (434)
[2022.04.08-07.36.03:495][587]LogModuleManager: Shutting down and abandoning module LightPropagationVolumeEditor (432)
[2022.04.08-07.36.03:495][587]LogModuleManager: Shutting down and abandoning module LiveLinkSequencer (430)
[2022.04.08-07.36.03:495][587]LogModuleManager: Shutting down and abandoning module LiveLinkMovieScene (428)
[2022.04.08-07.36.03:495][587]LogModuleManager: Shutting down and abandoning module LiveLinkGraphNode (426)
[2022.04.08-07.36.03:495][587]LogModuleManager: Shutting down and abandoning module LiveLinkEditor (424)
[2022.04.08-07.36.03:495][587]LogModuleManager: Shutting down and abandoning module LiveLinkComponents (422)
[2022.04.08-07.36.03:495][587]LogModuleManager: Shutting down and abandoning module LiveLink (420)
[2022.04.08-07.36.04:035][587]LogModuleManager: Shutting down and abandoning module PaperTiledImporter (418)
[2022.04.08-07.36.04:035][587]LogModuleManager: Shutting down and abandoning module PaperSpriteSheetImporter (416)
[2022.04.08-07.36.04:035][587]LogModuleManager: Shutting down and abandoning module Paper2DEditor (414)
[2022.04.08-07.36.04:035][587]LogModuleManager: Shutting down and abandoning module MeshPaintingToolset (412)
[2022.04.08-07.36.04:035][587]LogModuleManager: Shutting down and abandoning module MeshPaintEditorMode (410)
[2022.04.08-07.36.04:035][587]LogModuleManager: Shutting down and abandoning module P8_VR_Home (408)
[2022.04.08-07.36.04:035][587]LogModuleManager: Shutting down and abandoning module GameplayCameras (406)
[2022.04.08-07.36.04:035][587]LogModuleManager: Shutting down and abandoning module SoundFields (404)
[2022.04.08-07.36.04:035][587]LogModuleManager: Shutting down and abandoning module SignificanceManager (402)
[2022.04.08-07.36.04:035][587]LogModuleManager: Shutting down and abandoning module RuntimePhysXCooking (400)
[2022.04.08-07.36.04:035][587]LogModuleManager: Shutting down and abandoning module PropertyAccessEditor (398)
[2022.04.08-07.36.04:035][587]LogModuleManager: Shutting down and abandoning module PhysXVehiclesEditor (396)
[2022.04.08-07.36.04:035][587]LogModuleManager: Shutting down and abandoning module LocationServicesBPLibrary (392)
[2022.04.08-07.36.04:035][587]LogModuleManager: Shutting down and abandoning module AudioSynesthesia (390)
[2022.04.08-07.36.04:035][587]LogModuleManager: Shutting down and abandoning module AudioSynesthesiaCore (388)
[2022.04.08-07.36.04:035][587]LogModuleManager: Shutting down and abandoning module ActorSequence (386)
[2022.04.08-07.36.04:035][587]LogModuleManager: Shutting down and abandoning module ImgMediaEngine (384)
[2022.04.08-07.36.04:035][587]LogModuleManager: Shutting down and abandoning module PythonScriptPlugin (382)
[2022.04.08-07.36.04:035][587]LogModuleManager: Shutting down and abandoning module TcpMessaging (380)
[2022.04.08-07.36.04:136][587]LogModuleManager: Shutting down and abandoning module UdpMessaging (378)
[2022.04.08-07.36.04:237][587]LogModuleManager: Shutting down and abandoning module MagicLeapARPin (376)
[2022.04.08-07.36.04:237][587]LogModuleManager: Shutting down and abandoning module MagicLeapHandMeshing (374)
[2022.04.08-07.36.04:237][587]LogModuleManager: Shutting down and abandoning module MagicLeapSecureStorage (372)
[2022.04.08-07.36.04:237][587]LogModuleManager: Shutting down and abandoning module MagicLeapPrivileges (370)
[2022.04.08-07.36.04:237][587]LogModuleManager: Shutting down and abandoning module MagicLeapPlanes (368)
[2022.04.08-07.36.04:237][587]LogMagicLeapPlanes: Planes tracker already destroyed.
[2022.04.08-07.36.04:237][587]LogModuleManager: Shutting down and abandoning module MagicLeapImageTracker (366)
[2022.04.08-07.36.04:237][587]LogModuleManager: Shutting down and abandoning module MagicLeapIdentity (364)
[2022.04.08-07.36.04:237][587]LogModuleManager: Shutting down and abandoning module MagicLeapHandTracking (362)
[2022.04.08-07.36.04:237][587]LogModuleManager: Shutting down and abandoning module MagicLeapEyeTracker (360)
[2022.04.08-07.36.04:237][587]LogModuleManager: Shutting down and abandoning module MagicLeapController (358)
[2022.04.08-07.36.04:237][587]LogModuleManager: Shutting down and abandoning module MagicLeapARPinImpl (356)
[2022.04.08-07.36.04:237][587]LogModuleManager: Shutting down and abandoning module MagicLeapAR (354)
[2022.04.08-07.36.04:237][587]LogModuleManager: Shutting down and abandoning module GameplayTagsEditor (352)
[2022.04.08-07.36.04:237][587]LogModuleManager: Shutting down and abandoning module FacialAnimationEditor (350)
[2022.04.08-07.36.04:237][587]LogModuleManager: Shutting down and abandoning module FacialAnimation (348)
[2022.04.08-07.36.04:237][587]LogModuleManager: Shutting down and abandoning module DataValidation (346)
[2022.04.08-07.36.04:237][587]LogModuleManager: Shutting down and abandoning module NiagaraAnimNotifies (344)
[2022.04.08-07.36.04:237][587]LogModuleManager: Shutting down and abandoning module Niagara (342)
[2022.04.08-07.36.04:237][587]LogModuleManager: Shutting down and abandoning module SignalProcessing (341)
[2022.04.08-07.36.04:237][587]LogModuleManager: Shutting down and abandoning module NiagaraEditor (339)
[2022.04.08-07.36.04:237][587]LogModuleManager: Shutting down and abandoning module NiagaraCore (336)
[2022.04.08-07.36.04:237][587]LogModuleManager: Shutting down and abandoning module AssetManagerEditor (334)
[2022.04.08-07.36.04:237][587]LogModuleManager: Shutting down and abandoning module LevelEditor (333)
[2022.04.08-07.36.04:238][587]LogModuleManager: Shutting down and abandoning module PixelInspectorModule (332)
[2022.04.08-07.36.04:238][587]LogModuleManager: Shutting down and abandoning module CommonMenuExtensions (330)
[2022.04.08-07.36.04:238][587]LogModuleManager: Shutting down and abandoning module MainFrame (328)
[2022.04.08-07.36.04:238][587]LogModuleManager: Shutting down and abandoning module HotReload (327)
[2022.04.08-07.36.04:238][587]LogModuleManager: Shutting down and abandoning module ToolMenus (323)
[2022.04.08-07.36.04:238][587]LogModuleManager: Shutting down and abandoning module ContentBrowser (321)
[2022.04.08-07.36.04:238][587]LogModuleManager: Shutting down and abandoning module ContentBrowserData (320)
[2022.04.08-07.36.04:238][587]LogModuleManager: Shutting down and abandoning module TreeMap (317)
[2022.04.08-07.36.04:238][587]LogModuleManager: Shutting down and abandoning module PropertyAccessNode (314)
[2022.04.08-07.36.04:238][587]LogModuleManager: Shutting down and abandoning module AnimationSharing (312)
[2022.04.08-07.36.04:238][587]LogModuleManager: Shutting down and abandoning module LightPropagationVolumeRuntime (310)
[2022.04.08-07.36.04:238][587]LogModuleManager: Shutting down and abandoning module EnvironmentQueryEditor (308)
[2022.04.08-07.36.04:238][587]LogModuleManager: Shutting down and abandoning module Paper2D (306)
[2022.04.08-07.36.04:238][587]LogModuleManager: Shutting down and abandoning module WindowsMoviePlayer (304)
[2022.04.08-07.36.04:239][587]LogModuleManager: Shutting down and abandoning module WebMMoviePlayer (302)
[2022.04.08-07.36.04:239][587]LogModuleManager: Shutting down and abandoning module NetworkReplayStreaming (300)
[2022.04.08-07.36.04:239][587]LogModuleManager: Shutting down and abandoning module PacketHandler (298)
[2022.04.08-07.36.04:239][587]LogModuleManager: Shutting down and abandoning module ClothingSystemEditor (296)
[2022.04.08-07.36.04:239][587]LogModuleManager: Shutting down and abandoning module ClothingSystemRuntimeNv (294)
[2022.04.08-07.36.04:239][587]LogModuleManager: Shutting down and abandoning module MediaAssets (292)
[2022.04.08-07.36.04:239][587]LogModuleManager: Shutting down and abandoning module Overlay (290)
[2022.04.08-07.36.04:239][587]LogModuleManager: Shutting down and abandoning module OverlayEditor (289)
[2022.04.08-07.36.04:239][587]LogModuleManager: Shutting down and abandoning module VREditor (286)
[2022.04.08-07.36.04:239][587]LogModuleManager: Shutting down and abandoning module StringTableEditor (284)
[2022.04.08-07.36.04:239][587]LogModuleManager: Shutting down and abandoning module GameplayTasksEditor (282)
[2022.04.08-07.36.04:239][587]LogModuleManager: Shutting down and abandoning module BehaviorTreeEditor (280)
[2022.04.08-07.36.04:239][587]LogModuleManager: Shutting down and abandoning module FunctionalTesting (278)
[2022.04.08-07.36.04:239][587]LogModuleManager: Shutting down and abandoning module CollisionAnalyzer (276)
[2022.04.08-07.36.04:239][587]LogModuleManager: Shutting down and abandoning module WorkspaceMenuStructure (275)
[2022.04.08-07.36.04:239][587]LogModuleManager: Shutting down and abandoning module UMG (272)
[2022.04.08-07.36.04:239][587]LogModuleManager: Shutting down and abandoning module UMGEditor (271)
[2022.04.08-07.36.04:239][587]LogModuleManager: Shutting down and abandoning module MessageLog (269)
[2022.04.08-07.36.04:239][587]LogModuleManager: Shutting down and abandoning module SlateReflector (264)
[2022.04.08-07.36.04:239][587]LogModuleManager: Shutting down and abandoning module Slate (262)
[2022.04.08-07.36.04:239][587]LogModuleManager: Shutting down and abandoning module SlateCore (260)
[2022.04.08-07.36.04:240][587]LogModuleManager: Shutting down and abandoning module LandscapeEditorUtilities (258)
[2022.04.08-07.36.04:240][587]LogModuleManager: Shutting down and abandoning module UnrealEd (256)
[2022.04.08-07.36.04:240][587]LogModuleManager: Shutting down and abandoning module MRMesh (254)
[2022.04.08-07.36.04:240][587]LogModuleManager: Shutting down and abandoning module SourceCodeAccess (252)
[2022.04.08-07.36.04:240][587]LogModuleManager: Shutting down and abandoning module HeadMountedDisplay (250)
[2022.04.08-07.36.04:240][587]LogModuleManager: Shutting down and abandoning module XAudio2 (248)
[2022.04.08-07.36.04:240][587]LogModuleManager: Shutting down and abandoning module Networking (246)
[2022.04.08-07.36.04:240][587]LogModuleManager: Shutting down and abandoning module Core (244)
[2022.04.08-07.36.04:240][587]LogModuleManager: Shutting down and abandoning module MaterialEditor (242)
[2022.04.08-07.36.04:240][587]LogModuleManager: Shutting down and abandoning module MovieSceneTools (240)
[2022.04.08-07.36.04:240][587]LogModuleManager: Shutting down and abandoning module CurveEditor (239)
[2022.04.08-07.36.04:240][587]LogModuleManager: Shutting down and abandoning module Sequencer (237)
[2022.04.08-07.36.04:240][587]LogModuleManager: Shutting down and abandoning module EditorStyle (236)
[2022.04.08-07.36.04:241][587]LogModuleManager: Shutting down and abandoning module KismetCompiler (232)
[2022.04.08-07.36.04:241][587]LogModuleManager: Shutting down and abandoning module MeshBuilder (230)
[2022.04.08-07.36.04:241][587]LogModuleManager: Shutting down and abandoning module MeshUtilities (228)
[2022.04.08-07.36.04:241][587]LogModuleManager: Shutting down and abandoning module MeshMergeUtilities (227)
[2022.04.08-07.36.04:241][587]LogModuleManager: Shutting down and abandoning module MeshReductionInterface (226)
[2022.04.08-07.36.04:241][587]LogModuleManager: Shutting down and abandoning module MeshBoneReduction (225)
[2022.04.08-07.36.04:241][587]LogModuleManager: Shutting down and abandoning module SkeletalMeshReduction (223)
[2022.04.08-07.36.04:241][587]LogModuleManager: Shutting down and abandoning module ProxyLODMeshReduction (221)
[2022.04.08-07.36.04:241][587]LogModuleManager: Shutting down and abandoning module QuadricMeshReduction (219)
[2022.04.08-07.36.04:241][587]LogModuleManager: Shutting down and abandoning module MaterialBaking (215)
[2022.04.08-07.36.04:241][587]LogModuleManager: Shutting down and abandoning module NullInstallBundleManager (210)
[2022.04.08-07.36.04:241][587]LogModuleManager: Shutting down and abandoning module DerivedDataCache (208)
[2022.04.08-07.36.04:241][587]LogModuleManager: Shutting down and abandoning module TargetPlatform (206)
[2022.04.08-07.36.04:241][587]LogModuleManager: Shutting down and abandoning module VulkanShaderFormat (205)
[2022.04.08-07.36.04:241][587]LogModuleManager: Shutting down and abandoning module ShaderFormatVectorVM (203)
[2022.04.08-07.36.04:241][587]LogModuleManager: Shutting down and abandoning module ShaderFormatOpenGL (201)
[2022.04.08-07.36.04:241][587]LogModuleManager: Shutting down and abandoning module ShaderFormatD3D (199)
[2022.04.08-07.36.04:241][587]LogModuleManager: Shutting down and abandoning module MetalShaderFormat (197)
[2022.04.08-07.36.04:241][587]LogModuleManager: Shutting down and abandoning module TextureFormatOodle (195)
[2022.04.08-07.36.04:241][587]LogModuleManager: Shutting down and abandoning module TextureFormatUncompressed (193)
[2022.04.08-07.36.04:241][587]LogModuleManager: Shutting down and abandoning module TextureFormatPVR (191)
[2022.04.08-07.36.04:241][587]LogModuleManager: Shutting down and abandoning module TextureFormatETC2 (189)
[2022.04.08-07.36.04:241][587]LogModuleManager: Shutting down and abandoning module TextureFormatDXT (187)
[2022.04.08-07.36.04:241][587]LogModuleManager: Shutting down and abandoning module TextureFormatIntelISPCTexComp (185)
[2022.04.08-07.36.04:241][587]LogModuleManager: Shutting down and abandoning module TextureFormatASTC (183)
[2022.04.08-07.36.04:241][587]LogModuleManager: Shutting down and abandoning module ImageWrapper (182)
[2022.04.08-07.36.04:241][587]LogModuleManager: Shutting down and abandoning module AudioFormatOpus (179)
[2022.04.08-07.36.04:241][587]LogModuleManager: Shutting down and abandoning module AudioFormatOgg (177)
[2022.04.08-07.36.04:241][587]LogModuleManager: Shutting down and abandoning module AudioFormatADPCM (175)
[2022.04.08-07.36.04:241][587]LogModuleManager: Shutting down and abandoning module WindowsServerTargetPlatform (173)
[2022.04.08-07.36.04:241][587]LogModuleManager: Shutting down and abandoning module WindowsClientTargetPlatform (171)
[2022.04.08-07.36.04:241][587]LogModuleManager: Shutting down and abandoning module WindowsTargetPlatform (169)
[2022.04.08-07.36.04:241][587]LogModuleManager: Shutting down and abandoning module WindowsNoEditorTargetPlatform (167)
[2022.04.08-07.36.04:241][587]LogModuleManager: Shutting down and abandoning module TVOSTargetPlatform (165)
[2022.04.08-07.36.04:242][587]LogModuleManager: Shutting down and abandoning module MacServerTargetPlatform (163)
[2022.04.08-07.36.04:242][587]LogModuleManager: Shutting down and abandoning module MacClientTargetPlatform (161)
[2022.04.08-07.36.04:242][587]LogModuleManager: Shutting down and abandoning module MacTargetPlatform (159)
[2022.04.08-07.36.04:242][587]LogModuleManager: Shutting down and abandoning module MacNoEditorTargetPlatform (157)
[2022.04.08-07.36.04:242][587]LogModuleManager: Shutting down and abandoning module LuminTargetPlatform (155)
[2022.04.08-07.36.04:242][587]LogModuleManager: Shutting down and abandoning module LinuxAArch64ServerTargetPlatform (153)
[2022.04.08-07.36.04:242][587]LogModuleManager: Shutting down and abandoning module LinuxAArch64ClientTargetPlatform (151)
[2022.04.08-07.36.04:242][587]LogModuleManager: Shutting down and abandoning module LinuxAArch64NoEditorTargetPlatform (149)
[2022.04.08-07.36.04:242][587]LogModuleManager: Shutting down and abandoning module LinuxServerTargetPlatform (147)
[2022.04.08-07.36.04:242][587]LogModuleManager: Shutting down and abandoning module LinuxClientTargetPlatform (145)
[2022.04.08-07.36.04:242][587]LogModuleManager: Shutting down and abandoning module LinuxNoEditorTargetPlatform (143)
[2022.04.08-07.36.04:242][587]LogModuleManager: Shutting down and abandoning module LinuxTargetPlatform (141)
[2022.04.08-07.36.04:242][587]LogModuleManager: Shutting down and abandoning module Messaging (139)
[2022.04.08-07.36.04:242][587]LogModuleManager: Shutting down and abandoning module IOSTargetPlatform (137)
[2022.04.08-07.36.04:243][587]LogModuleManager: Shutting down and abandoning module AndroidTargetPlatform (135)
[2022.04.08-07.36.04:245][587]LogModuleManager: Shutting down and abandoning module AllDesktopTargetPlatform (133)
[2022.04.08-07.36.04:245][587]LogModuleManager: Shutting down and abandoning module D3D11RHI (130)
[2022.04.08-07.36.04:245][587]LogModuleManager: Shutting down and abandoning module InputCore (128)
[2022.04.08-07.36.04:245][587]LogModuleManager: Shutting down and abandoning module Settings (126)
[2022.04.08-07.36.04:245][587]LogModuleManager: Shutting down and abandoning module DirectoryWatcher (124)
[2022.04.08-07.36.04:246][587]LogModuleManager: Shutting down and abandoning module PhysXCooking (122)
[2022.04.08-07.36.04:246][587]LogModuleManager: Shutting down and abandoning module Chaos (120)
[2022.04.08-07.36.04:246][587]LogModuleManager: Shutting down and abandoning module WindowsPlatformFeatures (118)
[2022.04.08-07.36.04:246][587]LogModuleManager: Shutting down and abandoning module GameplayMediaEncoder (117)
[2022.04.08-07.36.04:246][587]LogModuleManager: Shutting down and abandoning module AVEncoder (116)
[2022.04.08-07.36.04:246][587]LogModuleManager: Shutting down and abandoning module OculusHMD (112)
[2022.04.08-07.36.04:246][587]LogModuleManager: Shutting down and abandoning module OculusOpenXRHMD (110)
[2022.04.08-07.36.04:246][587]LogModuleManager: Shutting down and abandoning module OpenXRHandTracking (108)
[2022.04.08-07.36.04:246][587]LogSlate: Slate User Destroyed.  User Index 0, Is Virtual User: 0
[2022.04.08-07.36.04:246][587]LogModuleManager: Shutting down and abandoning module OpenXRAR (106)
[2022.04.08-07.36.04:246][587]LogModuleManager: Shutting down and abandoning module AugmentedReality (105)
[2022.04.08-07.36.04:246][587]LogModuleManager: Shutting down and abandoning module OpenXRHMD (102)
[2022.04.08-07.36.04:249][587]LogModuleManager: Shutting down and abandoning module OpenXREyeTracker (100)
[2022.04.08-07.36.04:249][587]LogModuleManager: Shutting down and abandoning module ExampleDeviceProfileSelector (98)
[2022.04.08-07.36.04:249][587]LogModuleManager: Shutting down and abandoning module ChunkDownloader (96)
[2022.04.08-07.36.04:249][587]LogModuleManager: Shutting down and abandoning module OnlineBlueprintSupport (94)
[2022.04.08-07.36.04:249][587]LogModuleManager: Shutting down and abandoning module OnlineSubsystem (90)
[2022.04.08-07.36.04:249][587]LogModuleManager: Shutting down and abandoning module XMPP (85)
[2022.04.08-07.36.04:249][587]LogModuleManager: Shutting down and abandoning module WebSockets (84)
[2022.04.08-07.36.04:255][587]LogModuleManager: Shutting down and abandoning module HTTP (81)
[2022.04.08-07.36.04:255][587]LogHttp: Display: Http module shutting down, but needs to wait on 1 outstanding Http requests:
[2022.04.08-07.36.04:255][587]LogHttp: Display: 	verb=[POST] url=[https://datarouter.ol.epicgames.com/datarouter/api/v1/public/data?SessionID=%7B46243184-4154-52A9-E00F-0996F9BAEDBD%7D&AppID=UEEditor.Rocket.Release&AppVersion=4.27.2-18319896%2B%2B%2BUE4%2BRelease-4.27&UserID=f612e1f44212923d8799278296a31a83%7Cdfb2d60c641c4fbc9eea0e112e889e93%7Cf89af9e0-1ff1-47d8-a315-244fa8996bb9&AppEnvironment=datacollector-binary&UploadType=eteventstream] refs=[1] status=Processing
[2022.04.08-07.36.04:255][587]LogHttp: Display: cleaning up 1 outstanding Http requests.
[2022.04.08-07.36.04:257][587]LogModuleManager: Shutting down and abandoning module SSL (80)
[2022.04.08-07.36.04:258][587]LogModuleManager: Shutting down and abandoning module LauncherChunkInstaller (76)
[2022.04.08-07.36.04:258][587]LogModuleManager: Shutting down and abandoning module WmfMedia (74)
[2022.04.08-07.36.04:259][587]LogModuleManager: Shutting down and abandoning module Media (73)
[2022.04.08-07.36.04:260][587]LogModuleManager: Shutting down and abandoning module MediaInfo (72)
[2022.04.08-07.36.04:260][587]LogModuleManager: Shutting down and abandoning module ExrReaderGpu (68)
[2022.04.08-07.36.04:260][587]LogModuleManager: Shutting down and abandoning module ChaosCloth (66)
[2022.04.08-07.36.04:260][587]LogModuleManager: Shutting down and abandoning module MLSDK (64)
[2022.04.08-07.36.04:260][587]LogModuleManager: Shutting down and abandoning module MagicLeap (62)
[2022.04.08-07.36.04:260][587]LogModuleManager: Shutting down and abandoning module NiagaraVertexFactories (60)
[2022.04.08-07.36.04:260][587]LogModuleManager: Shutting down and abandoning module NiagaraShader (58)
[2022.04.08-07.36.04:260][587]LogModuleManager: Shutting down and abandoning module VariantManagerContent (56)
[2022.04.08-07.36.04:260][587]LogModuleManager: Shutting down and abandoning module DatasmithContent (54)
[2022.04.08-07.36.04:260][587]LogModuleManager: Shutting down and abandoning module PixWinPlugin (52)
[2022.04.08-07.36.04:260][587]LogModuleManager: Shutting down and abandoning module AISupportModule (50)
[2022.04.08-07.36.04:260][587]LogModuleManager: Shutting down and abandoning module DesktopPlatform (48)
[2022.04.08-07.36.04:260][587]LogModuleManager: Shutting down and abandoning module PythonScriptPluginPreload (46)
[2022.04.08-07.36.04:260][587]LogModuleManager: Shutting down and abandoning module PlatformCryptoOpenSSL (44)
[2022.04.08-07.36.04:260][587]LogModuleManager: Shutting down and abandoning module PlatformCryptoTypes (42)
[2022.04.08-07.36.04:260][587]LogModuleManager: Shutting down and abandoning module PlatformCrypto (40)
[2022.04.08-07.36.04:260][587]LogModuleManager: Shutting down and abandoning module OodleDataCompressionFormat (38)
[2022.04.08-07.36.04:260][587]LogModuleManager: Shutting down and abandoning module XGEController (36)
[2022.04.08-07.36.04:260][587]LogModuleManager: Shutting down and abandoning module AnimationModifiers (34)
[2022.04.08-07.36.04:260][587]LogModuleManager: Shutting down and abandoning module AudioEditor (32)
[2022.04.08-07.36.04:260][587]LogModuleManager: Shutting down and abandoning module PropertyEditor (31)
[2022.04.08-07.36.04:261][587]LogModuleManager: Shutting down and abandoning module TextureCompressor (28)
[2022.04.08-07.36.04:261][587]LogModuleManager: Shutting down and abandoning module RenderCore (26)
[2022.04.08-07.36.04:261][587]LogModuleManager: Shutting down and abandoning module Landscape (24)
[2022.04.08-07.36.04:261][587]LogModuleManager: Shutting down and abandoning module SlateRHIRenderer (22)
[2022.04.08-07.36.04:261][587]LogModuleManager: Shutting down and abandoning module AnimGraphRuntime (20)
[2022.04.08-07.36.04:261][587]LogModuleManager: Shutting down and abandoning module Renderer (18)
[2022.04.08-07.36.04:261][587]LogModuleManager: Shutting down and abandoning module Engine (16)
[2022.04.08-07.36.04:261][587]LogModuleManager: Shutting down and abandoning module CoreUObject (14)
[2022.04.08-07.36.04:261][587]LogModuleManager: Shutting down and abandoning module NetworkFile (12)
[2022.04.08-07.36.04:261][587]LogModuleManager: Shutting down and abandoning module CookedIterativeFile (10)
[2022.04.08-07.36.04:261][587]LogModuleManager: Shutting down and abandoning module StreamingFile (8)
[2022.04.08-07.36.04:261][587]LogModuleManager: Shutting down and abandoning module SandboxFile (6)
[2022.04.08-07.36.04:261][587]LogModuleManager: Shutting down and abandoning module PakFile (4)
[2022.04.08-07.36.04:261][587]LogModuleManager: Shutting down and abandoning module RSA (3)
[2022.04.08-07.36.04:261][587]LogContentStreaming: Display: There are 1 unreleased StreamingManagers
[2022.04.08-07.36.04:281][587]LogD3D11RHI: Shutdown
[2022.04.08-07.36.04:281][587]LogD3D11RHI: CleanupD3DDevice
[2022.04.08-07.36.04:284][587]LogExit: Exiting.
[2022.04.08-07.36.04:290][587]Log file closed, 04/08/22 09:36:04
