Log file open, 03/08/22 15:15:56
LogWindows: Failed to load 'aqProf.dll' (GetLastError=126)
LogWindows: File 'aqProf.dll' does not exist
LogWindows: Failed to load 'VtuneApi.dll' (GetLastError=126)
LogWindows: File 'VtuneApi.dll' does not exist
LogWindows: Failed to load 'VtuneApi32e.dll' (GetLastError=126)
LogWindows: File 'VtuneApi32e.dll' does not exist
LogConsoleResponse: Display: Failed to find resolution value strings in scalability ini. Falling back to default.
LogConsoleResponse: Display: Failed to find resolution value strings in scalability ini. Falling back to default.
LogInit: Display: Running engine for game: P8_VR_Home
LogPlatformFile: Not using cached read wrapper
LogTaskGraph: Started task graph with 5 named threads and 23 total threads with 3 sets of task threads.
LogStats: Stats thread started at 0.722230
LogICUInternationalization: ICU TimeZone Detection - Raw Offset: +1:00, Platform Override: ''
LogInit: Display: Loading text-based GConfig....
LogPluginManager: Mounting plugin MeshPainting
LogPluginManager: Mounting plugin XGEController
LogPluginManager: Mounting plugin Paper2D
LogPluginManager: Mounting plugin LightPropagationVolume
LogPluginManager: Mounting plugin AISupport
LogPluginManager: Mounting plugin EnvironmentQueryEditor
LogPluginManager: Mounting plugin LiveLink
LogPluginManager: Mounting plugin OodleData
LogPluginManager: Mounting plugin OodleNetwork
LogPluginManager: Mounting plugin AnimationSharing
LogPluginManager: Mounting plugin CLionSourceCodeAccess
LogPluginManager: Mounting plugin CodeLiteSourceCodeAccess
LogPluginManager: Mounting plugin GitSourceControl
LogPluginManager: Mounting plugin NullSourceCodeAccess
LogPluginManager: Mounting plugin KDevelopSourceCodeAccess
LogPluginManager: Mounting plugin PerforceSourceControl
LogPluginManager: Mounting plugin PixWinPlugin
LogPluginManager: Mounting plugin PlasticSourceControl
LogPluginManager: Mounting plugin PluginUtils
LogPluginManager: Mounting plugin PropertyAccessNode
LogPluginManager: Mounting plugin RiderSourceCodeAccess
LogPluginManager: Mounting plugin SubversionSourceControl
LogPluginManager: Mounting plugin TextureFormatOodle
LogPluginManager: Mounting plugin UObjectPlugin
LogPluginManager: Mounting plugin VisualStudioCodeSourceCodeAccess
LogPluginManager: Mounting plugin VisualStudioSourceCodeAccess
LogPluginManager: Mounting plugin XCodeSourceCodeAccess
LogPluginManager: Mounting plugin AssetManagerEditor
LogPluginManager: Mounting plugin CryptoKeys
LogPluginManager: Mounting plugin CurveEditorTools
LogPluginManager: Mounting plugin DataValidation
LogPluginManager: Mounting plugin EditorScriptingUtilities
LogPluginManager: Mounting plugin FacialAnimation
LogPluginManager: Mounting plugin GameplayTagsEditor
LogPluginManager: Mounting plugin GeometryMode
LogPluginManager: Mounting plugin MaterialAnalyzer
LogPluginManager: Mounting plugin MacGraphicsSwitching
LogPluginManager: Mounting plugin MeshEditor
LogPluginManager: Mounting plugin MobileLauncherProfileWizard
LogPluginManager: Mounting plugin PluginBrowser
LogPluginManager: Mounting plugin SpeedTreeImporter
LogPluginManager: Mounting plugin CameraShakePreviewer
LogPluginManager: Mounting plugin GameplayCameras
LogPluginManager: Mounting plugin AlembicImporter
LogPluginManager: Mounting plugin AutomationUtils
LogPluginManager: Mounting plugin BackChannel
LogPluginManager: Mounting plugin BlastPlugin
LogPluginManager: Mounting plugin ChaosCloth
LogPluginManager: Mounting plugin ChaosClothEditor
LogPluginManager: Mounting plugin ChaosEditor
LogPluginManager: Mounting plugin ChaosNiagara
LogPluginManager: Mounting plugin ChaosSolverPlugin
LogPluginManager: Mounting plugin CharacterAI
LogPluginManager: Mounting plugin GeometryCache
LogPluginManager: Mounting plugin GeometryCollectionPlugin
LogPluginManager: Mounting plugin GeometryProcessing
LogPluginManager: Mounting plugin MotoSynth
LogPluginManager: Mounting plugin OpenImageDenoise
LogPluginManager: Mounting plugin ProxyLODPlugin
LogPluginManager: Mounting plugin PlanarCut
LogPluginManager: Mounting plugin PythonScriptPlugin
LogPluginManager: Mounting plugin PlatformCrypto
LogPluginManager: Mounting plugin SkeletalReduction
LogPluginManager: Mounting plugin Niagara
LogPluginManager: Mounting plugin LuminPlatformFeatures
LogPluginManager: Mounting plugin MagicLeap
LogPluginManager: Mounting plugin AndroidMedia
LogPluginManager: Mounting plugin AvfMedia
LogPluginManager: Mounting plugin MagicLeapLightEstimation
LogPluginManager: Mounting plugin MagicLeapMedia
LogPluginManager: Mounting plugin MagicLeapPassableWorld
LogPluginManager: Mounting plugin ImgMedia
LogPluginManager: Mounting plugin MLSDK
LogPluginManager: Mounting plugin MediaCompositing
LogPluginManager: Mounting plugin WebMMedia
LogPluginManager: Mounting plugin WmfMedia
LogPluginManager: Mounting plugin MediaPlayerEditor
LogPluginManager: Mounting plugin TcpMessaging
LogPluginManager: Mounting plugin UdpMessaging
LogPluginManager: Mounting plugin ActorSequence
LogPluginManager: Mounting plugin LevelSequenceEditor
LogPluginManager: Mounting plugin MatineeToLevelSequence
LogPluginManager: Mounting plugin TemplateSequence
LogPluginManager: Mounting plugin DataprepEditor
LogPluginManager: Mounting plugin DatasmithContent
LogPluginManager: Mounting plugin DatasmithImporter
LogPluginManager: Mounting plugin StaticMeshEditorExtension
LogPluginManager: Mounting plugin VariantManager
LogPluginManager: Mounting plugin VariantManagerContent
LogPluginManager: Mounting plugin OnlineSubsystem
LogPluginManager: Mounting plugin OnlineSubsystemNull
LogPluginManager: Mounting plugin OnlineSubsystemUtils
LogPluginManager: Mounting plugin LauncherChunkInstaller
LogPluginManager: Mounting plugin ActorLayerUtilities
LogPluginManager: Mounting plugin AndroidDeviceProfileSelector
LogPluginManager: Mounting plugin AndroidMoviePlayer
LogPluginManager: Mounting plugin AndroidPermission
LogPluginManager: Mounting plugin AppleImageUtils
LogPluginManager: Mounting plugin AppleMoviePlayer
LogPluginManager: Mounting plugin AssetTags
LogPluginManager: Mounting plugin AudioCapture
LogPluginManager: Mounting plugin AudioSynesthesia
LogPluginManager: Mounting plugin CableComponent
LogPluginManager: Mounting plugin ChunkDownloader
LogPluginManager: Mounting plugin CustomMeshComponent
LogPluginManager: Mounting plugin EditableMesh
LogPluginManager: Mounting plugin ArchVisCharacter
LogPluginManager: Mounting plugin ExampleDeviceProfileSelector
LogPluginManager: Mounting plugin GoogleCloudMessaging
LogPluginManager: Mounting plugin GooglePAD
LogPluginManager: Mounting plugin IOSDeviceProfileSelector
LogPluginManager: Mounting plugin LinuxDeviceProfileSelector
LogPluginManager: Mounting plugin LocationServicesBPLibrary
LogPluginManager: Mounting plugin MobilePatchingUtils
LogPluginManager: Mounting plugin OpenXR
LogPluginManager: Mounting plugin OpenXREyeTracker
LogPluginManager: Mounting plugin OpenXRHandTracking
LogPluginManager: Mounting plugin PhysXVehicles
LogPluginManager: Mounting plugin ScreenshotTools
LogPluginManager: Mounting plugin PostSplashScreen
LogPluginManager: Mounting plugin ProceduralMeshComponent
LogPluginManager: Mounting plugin PropertyAccessEditor
LogPluginManager: Mounting plugin RuntimePhysXCooking
LogPluginManager: Mounting plugin ResonanceAudio
LogPluginManager: Mounting plugin SignificanceManager
LogPluginManager: Mounting plugin SoundFields
LogPluginManager: Mounting plugin Takes
LogPluginManager: Mounting plugin Synthesis
LogPluginManager: Mounting plugin WebMMoviePlayer
LogPluginManager: Mounting plugin WindowsMoviePlayer
LogPluginManager: Mounting plugin ContentBrowserAssetDataSource
LogPluginManager: Mounting plugin ContentBrowserClassDataSource
LogPluginManager: Mounting plugin ContentBrowserFileDataSource
LogPluginManager: Mounting plugin OnlineSubsystemGooglePlay
LogPluginManager: Mounting plugin OnlineSubsystemIOS
LogPluginManager: Mounting plugin OculusOpenXR
LogPluginManager: Mounting plugin OculusVR
PixWinPlugin: PIX capture plugin failed to initialize! Check that the process is launched from PIX.
LogInit: Using libcurl 7.55.1-DEV
LogInit:  - built for x86_64-pc-win32
LogInit:  - supports SSL with OpenSSL/1.1.1
LogInit:  - supports HTTP deflate (compression) using libz 1.2.8
LogInit:  - other features:
LogInit:      CURL_VERSION_SSL
LogInit:      CURL_VERSION_LIBZ
LogInit:      CURL_VERSION_IPV6
LogInit:      CURL_VERSION_ASYNCHDNS
LogInit:      CURL_VERSION_LARGEFILE
LogInit:      CURL_VERSION_IDN
LogInit:  CurlRequestOptions (configurable via config and command line):
LogInit:  - bVerifyPeer = true  - Libcurl will verify peer certificate
LogInit:  - bUseHttpProxy = false  - Libcurl will NOT use HTTP proxy
LogInit:  - bDontReuseConnections = false  - Libcurl will reuse connections
LogInit:  - MaxHostConnections = 16  - Libcurl will limit the number of connections to a host
LogInit:  - LocalHostAddr = Default
LogInit:  - BufferSize = 65536
LogOnline: OSS: Creating online subsystem instance for: NULL
LogInit: WinSock: version 1.1 (2.2), MaxSocks=32767, MaxUdp=65467
LogOnline: OSS: TryLoadSubsystemAndSetDefault: Loaded subsystem for module [NULL]
LogOculusPluginWrapper: OculusPlugin initialized successfully
LogHMD: Failed initializing OVRPlugin 1.59.0
LogInit: Build: ++UE4+Release-4.27-CL-18319896
LogInit: Engine Version: 4.27.2-18319896+++UE4+Release-4.27
LogInit: Compatible Engine Version: 4.27.0-17155196+++UE4+Release-4.27
LogInit: Net CL: 17155196
LogInit: OS: Windows 10 (Release 2009) (), CPU: Intel(R) Core(TM) i7-6700HQ CPU @ 2.60GHz, GPU: NVIDIA GeForce GTX 1070
LogInit: Compiled (64-bit): Nov 30 2021 07:12:08
LogInit: Compiled with Visual C++: 19.24.28315.00
LogInit: Build Configuration: Development
LogInit: Branch Name: ++UE4+Release-4.27
LogInit: Command Line:  -EpicPortal -epicusername=qwe_oscar -epicuserid=32bc89cd799e41ec8c630bba4abf8911 -epiclocale=en -epicsandboxid=ue
LogInit: Base Directory: D:/Program Files/Epic Games/UE_4.27/Engine/Binaries/Win64/
LogInit: Allocator: TBB
LogInit: Installed Engine Build: 1
LogDevObjectVersion: Number of dev versions registered: 29
LogDevObjectVersion:   Dev-Blueprints (B0D832E4-1F89-4F0D-ACCF-7EB736FD4AA2): 10
LogDevObjectVersion:   Dev-Build (E1C64328-A22C-4D53-A36C-8E866417BD8C): 0
LogDevObjectVersion:   Dev-Core (375EC13C-06E4-48FB-B500-84F0262A717E): 4
LogDevObjectVersion:   Dev-Editor (E4B068ED-F494-42E9-A231-DA0B2E46BB41): 40
LogDevObjectVersion:   Dev-Framework (CFFC743F-43B0-4480-9391-14DF171D2073): 37
LogDevObjectVersion:   Dev-Mobile (B02B49B5-BB20-44E9-A304-32B752E40360): 3
LogDevObjectVersion:   Dev-Networking (A4E4105C-59A1-49B5-A7C5-40C4547EDFEE): 0
LogDevObjectVersion:   Dev-Online (39C831C9-5AE6-47DC-9A44-9C173E1C8E7C): 0
LogDevObjectVersion:   Dev-Physics (78F01B33-EBEA-4F98-B9B4-84EACCB95AA2): 14
LogDevObjectVersion:   Dev-Platform (6631380F-2D4D-43E0-8009-CF276956A95A): 0
LogDevObjectVersion:   Dev-Rendering (12F88B9F-8875-4AFC-A67C-D90C383ABD29): 45
LogDevObjectVersion:   Dev-Sequencer (7B5AE74C-D270-4C10-A958-57980B212A5A): 13
LogDevObjectVersion:   Dev-VR (D7296918-1DD6-4BDD-9DE2-64A83CC13884): 3
LogDevObjectVersion:   Dev-LoadTimes (C2A15278-BFE7-4AFE-6C17-90FF531DF755): 1
LogDevObjectVersion:   Private-Geometry (6EACA3D4-40EC-4CC1-B786-8BED09428FC5): 3
LogDevObjectVersion:   Dev-AnimPhys (29E575DD-E0A3-4627-9D10-D276232CDCEA): 17
LogDevObjectVersion:   Dev-Anim (AF43A65D-7FD3-4947-9873-3E8ED9C1BB05): 15
LogDevObjectVersion:   Dev-ReflectionCapture (6B266CEC-1EC7-4B8F-A30B-E4D90942FC07): 1
LogDevObjectVersion:   Dev-Automation (0DF73D61-A23F-47EA-B727-89E90C41499A): 1
LogDevObjectVersion:   FortniteMain (601D1886-AC64-4F84-AA16-D3DE0DEAC7D6): 47
LogDevObjectVersion:   FortniteRelease (E7086368-6B23-4C58-8439-1B7016265E91): 1
LogDevObjectVersion:   Dev-Enterprise (9DFFBCD6-494F-0158-E221-12823C92A888): 10
LogDevObjectVersion:   Dev-Niagara (F2AED0AC-9AFE-416F-8664-AA7FFA26D6FC): 1
LogDevObjectVersion:   Dev-Destruction (174F1F0B-B4C6-45A5-B13F-2EE8D0FB917D): 10
LogDevObjectVersion:   Dev-Physics-Ext (35F94A83-E258-406C-A318-09F59610247C): 41
LogDevObjectVersion:   Dev-PhysicsMaterial-Chaos (B68FC16E-8B1B-42E2-B453-215C058844FE): 1
LogDevObjectVersion:   Dev-CineCamera (B2E18506-4273-CFC2-A54E-F4BB758BBA07): 1
LogDevObjectVersion:   Dev-VirtualProduction (64F58936-FD1B-42BA-BA96-7289D5D0FA4E): 1
LogDevObjectVersion:   Dev-MediaFramework (6F0ED827-A609-4895-9C91-998D90180EA4): 2
LogInit: Presizing for max 25165824 objects, including 0 objects not considered by GC, pre-allocating 0 bytes for permanent pool.
LogConfig: Applying CVar settings from Section [/Script/Engine.StreamingSettings] File [C:/Users/qwe_o/P8ToBeAnnounced/P8_VR_Home/Saved/Config/Windows/Engine.ini]
LogConfig: Setting CVar [[s.MinBulkDataSizeForAsyncLoading:131072]]
LogConfig: Setting CVar [[s.AsyncLoadingThreadEnabled:0]]
LogConfig: Setting CVar [[s.EventDrivenLoaderEnabled:1]]
LogConfig: Setting CVar [[s.WarnIfTimeLimitExceeded:0]]
LogConfig: Setting CVar [[s.TimeLimitExceededMultiplier:1.5]]
LogConfig: Setting CVar [[s.TimeLimitExceededMinTime:0.005]]
LogConfig: Setting CVar [[s.UseBackgroundLevelStreaming:1]]
LogConfig: Setting CVar [[s.PriorityAsyncLoadingExtraTime:15.0]]
LogConfig: Setting CVar [[s.LevelStreamingActorsUpdateTimeLimit:5.0]]
LogConfig: Setting CVar [[s.PriorityLevelStreamingActorsUpdateExtraTime:5.0]]
LogConfig: Setting CVar [[s.LevelStreamingComponentsRegistrationGranularity:10]]
LogConfig: Setting CVar [[s.UnregisterComponentsTimeLimit:1.0]]
LogConfig: Setting CVar [[s.LevelStreamingComponentsUnregistrationGranularity:5]]
LogConfig: Setting CVar [[s.FlushStreamingOnExit:1]]
LogInit: Object subsystem initialized
LogConfig: Setting CVar [[con.DebugEarlyDefault:1]]
LogConfig: Setting CVar [[r.setres:1280x720]]
[2022.03.08-14.15.58:333][  0]LogConfig: Setting CVar [[r.VSync:0]]
[2022.03.08-14.15.58:333][  0]LogConfig: Setting CVar [[r.RHICmdBypass:0]]
[2022.03.08-14.15.58:333][  0]LogConfig: Applying CVar settings from Section [/Script/Engine.RendererSettings] File [C:/Users/qwe_o/P8ToBeAnnounced/P8_VR_Home/Saved/Config/Windows/Engine.ini]
[2022.03.08-14.15.58:333][  0]LogConfig: Setting CVar [[r.GPUCrashDebugging:0]]
[2022.03.08-14.15.58:333][  0]LogConfig: Setting CVar [[r.Mobile.DisableVertexFog:1]]
[2022.03.08-14.15.58:333][  0]LogConfig: Setting CVar [[r.Shadow.CSM.MaxMobileCascades:2]]
[2022.03.08-14.15.58:333][  0]LogConfig: Setting CVar [[r.MobileMSAA:4]]
[2022.03.08-14.15.58:333][  0]LogConfig: Setting CVar [[r.Mobile.AllowDitheredLODTransition:0]]
[2022.03.08-14.15.58:333][  0]LogConfig: Setting CVar [[r.Mobile.AllowSoftwareOcclusion:0]]
[2022.03.08-14.15.58:333][  0]LogConfig: Setting CVar [[r.Mobile.VirtualTextures:0]]
[2022.03.08-14.15.58:333][  0]LogConfig: Setting CVar [[r.DiscardUnusedQuality:0]]
[2022.03.08-14.15.58:333][  0]LogConfig: Setting CVar [[r.AllowOcclusionQueries:1]]
[2022.03.08-14.15.58:334][  0]LogConfig: Setting CVar [[r.MinScreenRadiusForLights:0.030000]]
[2022.03.08-14.15.58:334][  0]LogConfig: Setting CVar [[r.MinScreenRadiusForDepthPrepass:0.030000]]
[2022.03.08-14.15.58:334][  0]LogConfig: Setting CVar [[r.MinScreenRadiusForCSMDepth:0.010000]]
[2022.03.08-14.15.58:334][  0]LogConfig: Setting CVar [[r.PrecomputedVisibilityWarning:0]]
[2022.03.08-14.15.58:334][  0]LogConfig: Setting CVar [[r.TextureStreaming:1]]
[2022.03.08-14.15.58:334][  0]LogConfig: Setting CVar [[Compat.UseDXT5NormalMaps:0]]
[2022.03.08-14.15.58:334][  0]LogConfig: Setting CVar [[r.VirtualTextures:0]]
[2022.03.08-14.15.58:334][  0]LogConfig: Setting CVar [[r.VirtualTexturedLightmaps:0]]
[2022.03.08-14.15.58:334][  0]LogConfig: Setting CVar [[r.VT.TileSize:128]]
[2022.03.08-14.15.58:334][  0]LogConfig: Setting CVar [[r.VT.TileBorderSize:4]]
[2022.03.08-14.15.58:334][  0]LogConfig: Setting CVar [[r.vt.FeedbackFactor:16]]
[2022.03.08-14.15.58:334][  0]LogConfig: Setting CVar [[r.VT.EnableCompressZlib:1]]
[2022.03.08-14.15.58:334][  0]LogConfig: Setting CVar [[r.VT.EnableCompressCrunch:0]]
[2022.03.08-14.15.58:334][  0]LogConfig: Setting CVar [[r.ClearCoatNormal:0]]
[2022.03.08-14.15.58:334][  0]LogConfig: Setting CVar [[r.ReflectionCaptureResolution:128]]
[2022.03.08-14.15.58:334][  0]LogConfig: Setting CVar [[r.Mobile.ReflectionCaptureCompression:0]]
[2022.03.08-14.15.58:334][  0]LogConfig: Setting CVar [[r.ReflectionEnvironmentLightmapMixBasedOnRoughness:1]]
[2022.03.08-14.15.58:334][  0]LogConfig: Setting CVar [[r.ForwardShading:1]]
[2022.03.08-14.15.58:334][  0]LogConfig: Setting CVar [[r.VertexFoggingForOpaque:1]]
[2022.03.08-14.15.58:334][  0]LogConfig: Setting CVar [[r.AllowStaticLighting:1]]
[2022.03.08-14.15.58:334][  0]LogConfig: Setting CVar [[r.NormalMapsForStaticLighting:0]]
[2022.03.08-14.15.58:334][  0]LogConfig: Setting CVar [[r.GenerateMeshDistanceFields:0]]
[2022.03.08-14.15.58:335][  0]LogConfig: Setting CVar [[r.DistanceFieldBuild.EightBit:0]]
[2022.03.08-14.15.58:335][  0]LogConfig: Setting CVar [[r.GenerateLandscapeGIData:0]]
[2022.03.08-14.15.58:335][  0]LogConfig: Setting CVar [[r.DistanceFieldBuild.Compress:0]]
[2022.03.08-14.15.58:335][  0]LogConfig: Setting CVar [[r.TessellationAdaptivePixelsPerTriangle:48.000000]]
[2022.03.08-14.15.58:335][  0]LogConfig: Setting CVar [[r.SeparateTranslucency:0]]
[2022.03.08-14.15.58:335][  0]LogConfig: Setting CVar [[r.TranslucentSortPolicy:0]]
[2022.03.08-14.15.58:335][  0]LogConfig: Setting CVar [[r.CustomDepth:1]]
[2022.03.08-14.15.58:335][  0]LogConfig: Setting CVar [[r.CustomDepthTemporalAAJitter:1]]
[2022.03.08-14.15.58:335][  0]LogConfig: Setting CVar [[r.PostProcessing.PropagateAlpha:0]]
[2022.03.08-14.15.58:335][  0]LogConfig: Setting CVar [[r.DefaultFeature.Bloom:0]]
[2022.03.08-14.15.58:335][  0]LogConfig: Setting CVar [[r.DefaultFeature.AmbientOcclusion:0]]
[2022.03.08-14.15.58:335][  0]LogConfig: Setting CVar [[r.DefaultFeature.AmbientOcclusionStaticFraction:1]]
[2022.03.08-14.15.58:335][  0]LogConfig: Setting CVar [[r.DefaultFeature.AutoExposure:0]]
[2022.03.08-14.15.58:335][  0]LogConfig: Setting CVar [[r.DefaultFeature.AutoExposure.Method:0]]
[2022.03.08-14.15.58:335][  0]LogConfig: Setting CVar [[r.DefaultFeature.AutoExposure.Bias:1.000000]]
[2022.03.08-14.15.58:335][  0]LogConfig: Setting CVar [[r.DefaultFeature.AutoExposure.ExtendDefaultLuminanceRange:1]]
[2022.03.08-14.15.58:335][  0]LogConfig: Setting CVar [[r.UsePreExposure:1]]
[2022.03.08-14.15.58:335][  0]LogConfig: Setting CVar [[r.EyeAdaptation.EditorOnly:0]]
[2022.03.08-14.15.58:335][  0]LogConfig: Setting CVar [[r.DefaultFeature.MotionBlur:0]]
[2022.03.08-14.15.58:335][  0]LogConfig: Setting CVar [[r.DefaultFeature.LensFlare:0]]
[2022.03.08-14.15.58:336][  0]LogConfig: Setting CVar [[r.TemporalAA.Upsampling:0]]
[2022.03.08-14.15.58:336][  0]LogConfig: Setting CVar [[r.SSGI.Enable:0]]
[2022.03.08-14.15.58:336][  0]LogConfig: Setting CVar [[r.DefaultFeature.AntiAliasing:3]]
[2022.03.08-14.15.58:336][  0]LogConfig: Setting CVar [[r.DefaultFeature.LightUnits:1]]
[2022.03.08-14.15.58:336][  0]LogConfig: Setting CVar [[r.DefaultBackBufferPixelFormat:4]]
[2022.03.08-14.15.58:336][  0]LogConfig: Setting CVar [[r.Shadow.UnbuiltPreviewInGame:1]]
[2022.03.08-14.15.58:336][  0]LogConfig: Setting CVar [[r.StencilForLODDither:0]]
[2022.03.08-14.15.58:336][  0]LogConfig: Setting CVar [[r.EarlyZPass:3]]
[2022.03.08-14.15.58:336][  0]LogConfig: Setting CVar [[r.EarlyZPassOnlyMaterialMasking:0]]
[2022.03.08-14.15.58:336][  0]LogConfig: Setting CVar [[r.DBuffer:1]]
[2022.03.08-14.15.58:336][  0]LogConfig: Setting CVar [[r.ClearSceneMethod:1]]
[2022.03.08-14.15.58:336][  0]LogConfig: Setting CVar [[r.BasePassOutputsVelocity:0]]
[2022.03.08-14.15.58:336][  0]LogConfig: Setting CVar [[r.VertexDeformationOutputsVelocity:0]]
[2022.03.08-14.15.58:336][  0]LogConfig: Setting CVar [[r.SelectiveBasePassOutputs:0]]
[2022.03.08-14.15.58:336][  0]LogConfig: Setting CVar [[fx.GPUSimulationTextureSizeX:1024]]
[2022.03.08-14.15.58:336][  0]LogConfig: Setting CVar [[fx.GPUSimulationTextureSizeY:1024]]
[2022.03.08-14.15.58:336][  0]LogConfig: Setting CVar [[r.AllowGlobalClipPlane:0]]
[2022.03.08-14.15.58:336][  0]LogConfig: Setting CVar [[r.GBufferFormat:1]]
[2022.03.08-14.15.58:337][  0]LogConfig: Setting CVar [[r.MorphTarget.Mode:1]]
[2022.03.08-14.15.58:337][  0]LogConfig: Setting CVar [[vr.InstancedStereo:1]]
[2022.03.08-14.15.58:337][  0]LogConfig: Setting CVar [[r.MobileHDR:0]]
[2022.03.08-14.15.58:337][  0]LogConfig: Setting CVar [[vr.MobileMultiView:1]]
[2022.03.08-14.15.58:337][  0]LogConfig: Setting CVar [[r.Mobile.UseHWsRGBEncoding:1]]
[2022.03.08-14.15.58:337][  0]LogConfig: Setting CVar [[vr.RoundRobinOcclusion:0]]
[2022.03.08-14.15.58:337][  0]LogConfig: Setting CVar [[vr.ODSCapture:0]]
[2022.03.08-14.15.58:337][  0]LogConfig: Setting CVar [[r.MeshStreaming:0]]
[2022.03.08-14.15.58:337][  0]LogConfig: Setting CVar [[r.WireframeCullThreshold:5.000000]]
[2022.03.08-14.15.58:337][  0]LogConfig: Setting CVar [[r.RayTracing:0]]
[2022.03.08-14.15.58:337][  0]LogConfig: Setting CVar [[r.RayTracing.UseTextureLod:0]]
[2022.03.08-14.15.58:337][  0]LogConfig: Setting CVar [[r.SupportStationarySkylight:1]]
[2022.03.08-14.15.58:337][  0]LogConfig: Setting CVar [[r.SupportLowQualityLightmaps:1]]
[2022.03.08-14.15.58:337][  0]LogConfig: Setting CVar [[r.SupportPointLightWholeSceneShadows:1]]
[2022.03.08-14.15.58:337][  0]LogConfig: Setting CVar [[r.SupportAtmosphericFog:1]]
[2022.03.08-14.15.58:337][  0]LogConfig: Setting CVar [[r.SupportSkyAtmosphere:1]]
[2022.03.08-14.15.58:337][  0]LogConfig: Setting CVar [[r.SupportSkyAtmosphereAffectsHeightFog:0]]
[2022.03.08-14.15.58:337][  0]LogConfig: Setting CVar [[r.SkinCache.CompileShaders:0]]
[2022.03.08-14.15.58:337][  0]LogConfig: Setting CVar [[r.SkinCache.DefaultBehavior:1]]
[2022.03.08-14.15.58:337][  0]LogConfig: Setting CVar [[r.SkinCache.SceneMemoryLimitInMB:128.000000]]
[2022.03.08-14.15.58:337][  0]LogConfig: Setting CVar [[r.Mobile.EnableStaticAndCSMShadowReceivers:1]]
[2022.03.08-14.15.58:337][  0]LogConfig: Setting CVar [[r.Mobile.EnableMovableLightCSMShaderCulling:1]]
[2022.03.08-14.15.58:337][  0]LogConfig: Setting CVar [[r.Mobile.AllowDistanceFieldShadows:1]]
[2022.03.08-14.15.58:338][  0]LogConfig: Setting CVar [[r.Mobile.AllowMovableDirectionalLights:1]]
[2022.03.08-14.15.58:338][  0]LogConfig: Setting CVar [[r.MobileNumDynamicPointLights:4]]
[2022.03.08-14.15.58:338][  0]LogConfig: Setting CVar [[r.MobileDynamicPointLightsUseStaticBranch:1]]
[2022.03.08-14.15.58:338][  0]LogConfig: Setting CVar [[r.Mobile.EnableMovableSpotlights:0]]
[2022.03.08-14.15.58:338][  0]LogConfig: Setting CVar [[r.Mobile.EnableMovableSpotlightsShadow:0]]
[2022.03.08-14.15.58:338][  0]LogConfig: Setting CVar [[r.GPUSkin.Support16BitBoneIndex:0]]
[2022.03.08-14.15.58:338][  0]LogConfig: Setting CVar [[r.GPUSkin.Limit2BoneInfluences:0]]
[2022.03.08-14.15.58:338][  0]LogConfig: Setting CVar [[r.SupportDepthOnlyIndexBuffers:1]]
[2022.03.08-14.15.58:338][  0]LogConfig: Setting CVar [[r.SupportReversedIndexBuffers:1]]
[2022.03.08-14.15.58:338][  0]LogConfig: Setting CVar [[r.LightPropagationVolume:0]]
[2022.03.08-14.15.58:338][  0]LogConfig: Setting CVar [[r.Mobile.AmbientOcclusion:0]]
[2022.03.08-14.15.58:338][  0]LogConfig: Setting CVar [[r.GPUSkin.UnlimitedBoneInfluences:0]]
[2022.03.08-14.15.58:338][  0]LogConfig: Setting CVar [[r.GPUSkin.UnlimitedBoneInfluencesThreshold:8]]
[2022.03.08-14.15.58:338][  0]LogConfig: Setting CVar [[r.Mobile.PlanarReflectionMode:0]]
[2022.03.08-14.15.58:338][  0]LogConfig: Setting CVar [[r.Mobile.SupportGPUScene:1]]
[2022.03.08-14.15.58:338][  0]LogConfig: Applying CVar settings from Section [/Script/Engine.RendererOverrideSettings] File [C:/Users/qwe_o/P8ToBeAnnounced/P8_VR_Home/Saved/Config/Windows/Engine.ini]
[2022.03.08-14.15.58:338][  0]LogConfig: Applying CVar settings from Section [/Script/Engine.StreamingSettings] File [C:/Users/qwe_o/P8ToBeAnnounced/P8_VR_Home/Saved/Config/Windows/Engine.ini]
[2022.03.08-14.15.58:338][  0]LogConfig: Setting CVar [[s.MinBulkDataSizeForAsyncLoading:131072]]
[2022.03.08-14.15.58:338][  0]LogConfig: Setting CVar [[s.AsyncLoadingThreadEnabled:0]]
[2022.03.08-14.15.58:338][  0]LogConfig: Setting CVar [[s.EventDrivenLoaderEnabled:1]]
[2022.03.08-14.15.58:338][  0]LogConfig: Setting CVar [[s.WarnIfTimeLimitExceeded:0]]
[2022.03.08-14.15.58:338][  0]LogConfig: Setting CVar [[s.TimeLimitExceededMultiplier:1.5]]
[2022.03.08-14.15.58:338][  0]LogConfig: Setting CVar [[s.TimeLimitExceededMinTime:0.005]]
[2022.03.08-14.15.58:338][  0]LogConfig: Setting CVar [[s.UseBackgroundLevelStreaming:1]]
[2022.03.08-14.15.58:338][  0]LogConfig: Setting CVar [[s.PriorityAsyncLoadingExtraTime:15.0]]
[2022.03.08-14.15.58:339][  0]LogConfig: Setting CVar [[s.LevelStreamingActorsUpdateTimeLimit:5.0]]
[2022.03.08-14.15.58:339][  0]LogConfig: Setting CVar [[s.PriorityLevelStreamingActorsUpdateExtraTime:5.0]]
[2022.03.08-14.15.58:339][  0]LogConfig: Setting CVar [[s.LevelStreamingComponentsRegistrationGranularity:10]]
[2022.03.08-14.15.58:339][  0]LogConfig: Setting CVar [[s.UnregisterComponentsTimeLimit:1.0]]
[2022.03.08-14.15.58:339][  0]LogConfig: Setting CVar [[s.LevelStreamingComponentsUnregistrationGranularity:5]]
[2022.03.08-14.15.58:339][  0]LogConfig: Setting CVar [[s.FlushStreamingOnExit:1]]
[2022.03.08-14.15.58:339][  0]LogConfig: Applying CVar settings from Section [/Script/Engine.GarbageCollectionSettings] File [C:/Users/qwe_o/P8ToBeAnnounced/P8_VR_Home/Saved/Config/Windows/Engine.ini]
[2022.03.08-14.15.58:339][  0]LogConfig: Setting CVar [[gc.MaxObjectsNotConsideredByGC:1]]
[2022.03.08-14.15.58:339][  0]LogConfig: Setting CVar [[gc.SizeOfPermanentObjectPool:0]]
[2022.03.08-14.15.58:339][  0]LogConfig: Setting CVar [[gc.FlushStreamingOnGC:0]]
[2022.03.08-14.15.58:339][  0]LogConfig: Setting CVar [[gc.NumRetriesBeforeForcingGC:10]]
[2022.03.08-14.15.58:339][  0]LogConfig: Setting CVar [[gc.AllowParallelGC:1]]
[2022.03.08-14.15.58:339][  0]LogConfig: Setting CVar [[gc.TimeBetweenPurgingPendingKillObjects:61.1]]
[2022.03.08-14.15.58:339][  0]LogConfig: Setting CVar [[gc.MaxObjectsInEditor:25165824]]
[2022.03.08-14.15.58:339][  0]LogConfig: Setting CVar [[gc.IncrementalBeginDestroyEnabled:1]]
[2022.03.08-14.15.58:339][  0]LogConfig: Setting CVar [[gc.CreateGCClusters:1]]
[2022.03.08-14.15.58:339][  0]LogConfig: Setting CVar [[gc.MinGCClusterSize:5]]
[2022.03.08-14.15.58:339][  0]LogConfig: Setting CVar [[gc.ActorClusteringEnabled:0]]
[2022.03.08-14.15.58:339][  0]LogConfig: Setting CVar [[gc.BlueprintClusteringEnabled:0]]
[2022.03.08-14.15.58:339][  0]LogConfig: Setting CVar [[gc.UseDisregardForGCOnDedicatedServers:0]]
[2022.03.08-14.15.58:339][  0]LogConfig: Setting CVar [[gc.MultithreadedDestructionEnabled:1]]
[2022.03.08-14.15.58:339][  0]LogConfig: Applying CVar settings from Section [/Script/Engine.NetworkSettings] File [C:/Users/qwe_o/P8ToBeAnnounced/P8_VR_Home/Saved/Config/Windows/Engine.ini]
[2022.03.08-14.15.58:340][  0]LogConfig: Applying CVar settings from Section [/Script/UnrealEd.CookerSettings] File [C:/Users/qwe_o/P8ToBeAnnounced/P8_VR_Home/Saved/Config/Windows/Engine.ini]
[2022.03.08-14.15.58:349][  0]LogConfig: Applying CVar settings from Section [ViewDistanceQuality@3] File [C:/Users/qwe_o/P8ToBeAnnounced/P8_VR_Home/Saved/Config/Windows/Scalability.ini]
[2022.03.08-14.15.58:349][  0]LogConfig: Setting CVar [[r.SkeletalMeshLODBias:0]]
[2022.03.08-14.15.58:349][  0]LogConfig: Setting CVar [[r.ViewDistanceScale:1.0]]
[2022.03.08-14.15.58:349][  0]LogConfig: Applying CVar settings from Section [AntiAliasingQuality@3] File [C:/Users/qwe_o/P8ToBeAnnounced/P8_VR_Home/Saved/Config/Windows/Scalability.ini]
[2022.03.08-14.15.58:349][  0]LogConfig: Setting CVar [[r.PostProcessAAQuality:4]]
[2022.03.08-14.15.58:349][  0]LogConfig: Applying CVar settings from Section [ShadowQuality@3] File [C:/Users/qwe_o/P8ToBeAnnounced/P8_VR_Home/Saved/Config/Windows/Scalability.ini]
[2022.03.08-14.15.58:349][  0]LogConfig: Setting CVar [[r.LightFunctionQuality:1]]
[2022.03.08-14.15.58:350][  0]LogConfig: Setting CVar [[r.ShadowQuality:5]]
[2022.03.08-14.15.58:350][  0]LogConfig: Setting CVar [[r.Shadow.CSM.MaxCascades:10]]
[2022.03.08-14.15.58:350][  0]LogConfig: Setting CVar [[r.Shadow.MaxResolution:2048]]
[2022.03.08-14.15.58:350][  0]LogConfig: Setting CVar [[r.Shadow.MaxCSMResolution:2048]]
[2022.03.08-14.15.58:350][  0]LogConfig: Setting CVar [[r.Shadow.RadiusThreshold:0.01]]
[2022.03.08-14.15.58:350][  0]LogConfig: Setting CVar [[r.Shadow.DistanceScale:1.0]]
[2022.03.08-14.15.58:350][  0]LogConfig: Setting CVar [[r.Shadow.CSM.TransitionScale:1.0]]
[2022.03.08-14.15.58:350][  0]LogConfig: Setting CVar [[r.Shadow.PreShadowResolutionFactor:1.0]]
[2022.03.08-14.15.58:350][  0]LogConfig: Setting CVar [[r.DistanceFieldShadowing:1]]
[2022.03.08-14.15.58:350][  0]LogConfig: Setting CVar [[r.DistanceFieldAO:1]]
[2022.03.08-14.15.58:350][  0]LogConfig: Setting CVar [[r.AOQuality:2]]
[2022.03.08-14.15.58:350][  0]LogConfig: Setting CVar [[r.VolumetricFog:1]]
[2022.03.08-14.15.58:350][  0]LogConfig: Setting CVar [[r.VolumetricFog.GridPixelSize:8]]
[2022.03.08-14.15.58:350][  0]LogConfig: Setting CVar [[r.VolumetricFog.GridSizeZ:128]]
[2022.03.08-14.15.58:350][  0]LogConfig: Setting CVar [[r.VolumetricFog.HistoryMissSupersampleCount:4]]
[2022.03.08-14.15.58:350][  0]LogConfig: Setting CVar [[r.LightMaxDrawDistanceScale:1]]
[2022.03.08-14.15.58:350][  0]LogConfig: Setting CVar [[r.CapsuleShadows:1]]
[2022.03.08-14.15.58:350][  0]LogConfig: Applying CVar settings from Section [PostProcessQuality@3] File [C:/Users/qwe_o/P8ToBeAnnounced/P8_VR_Home/Saved/Config/Windows/Scalability.ini]
[2022.03.08-14.15.58:350][  0]LogConfig: Setting CVar [[r.MotionBlurQuality:4]]
[2022.03.08-14.15.58:350][  0]LogConfig: Setting CVar [[r.AmbientOcclusionMipLevelFactor:0.4]]
[2022.03.08-14.15.58:350][  0]LogConfig: Setting CVar [[r.AmbientOcclusionMaxQuality:100]]
[2022.03.08-14.15.58:350][  0]LogConfig: Setting CVar [[r.AmbientOcclusionLevels:-1]]
[2022.03.08-14.15.58:350][  0]LogConfig: Setting CVar [[r.AmbientOcclusionRadiusScale:1.0]]
[2022.03.08-14.15.58:350][  0]LogConfig: Setting CVar [[r.DepthOfFieldQuality:2]]
[2022.03.08-14.15.58:350][  0]LogConfig: Setting CVar [[r.RenderTargetPoolMin:400]]
[2022.03.08-14.15.58:351][  0]LogConfig: Setting CVar [[r.LensFlareQuality:2]]
[2022.03.08-14.15.58:351][  0]LogConfig: Setting CVar [[r.SceneColorFringeQuality:1]]
[2022.03.08-14.15.58:351][  0]LogConfig: Setting CVar [[r.EyeAdaptationQuality:2]]
[2022.03.08-14.15.58:351][  0]LogConfig: Setting CVar [[r.BloomQuality:5]]
[2022.03.08-14.15.58:351][  0]LogConfig: Setting CVar [[r.FastBlurThreshold:100]]
[2022.03.08-14.15.58:351][  0]LogConfig: Setting CVar [[r.Upscale.Quality:3]]
[2022.03.08-14.15.58:351][  0]LogConfig: Setting CVar [[r.Tonemapper.GrainQuantization:1]]
[2022.03.08-14.15.58:351][  0]LogConfig: Setting CVar [[r.LightShaftQuality:1]]
[2022.03.08-14.15.58:351][  0]LogConfig: Setting CVar [[r.Filter.SizeScale:1]]
[2022.03.08-14.15.58:351][  0]LogConfig: Setting CVar [[r.Tonemapper.Quality:5]]
[2022.03.08-14.15.58:351][  0]LogConfig: Setting CVar [[r.DOF.Gather.AccumulatorQuality:1        ; higher gathering accumulator quality]]
[2022.03.08-14.15.58:351][  0]LogConfig: Setting CVar [[r.DOF.Gather.PostfilterMethod:1          ; Median3x3 postfilering method]]
[2022.03.08-14.15.58:351][  0]LogConfig: Setting CVar [[r.DOF.Gather.EnableBokehSettings:0       ; no bokeh simulation when gathering]]
[2022.03.08-14.15.58:351][  0]LogConfig: Setting CVar [[r.DOF.Gather.RingCount:4                 ; medium number of samples when gathering]]
[2022.03.08-14.15.58:351][  0]LogConfig: Setting CVar [[r.DOF.Scatter.ForegroundCompositing:1    ; additive foreground scattering]]
[2022.03.08-14.15.58:351][  0]LogConfig: Setting CVar [[r.DOF.Scatter.BackgroundCompositing:2    ; additive background scattering]]
[2022.03.08-14.15.58:351][  0]LogConfig: Setting CVar [[r.DOF.Scatter.EnableBokehSettings:1      ; bokeh simulation when scattering]]
[2022.03.08-14.15.58:351][  0]LogConfig: Setting CVar [[r.DOF.Scatter.MaxSpriteRatio:0.1         ; only a maximum of 10% of scattered bokeh]]
[2022.03.08-14.15.58:351][  0]LogConfig: Setting CVar [[r.DOF.Recombine.Quality:1                ; cheap slight out of focus]]
[2022.03.08-14.15.58:351][  0]LogConfig: Setting CVar [[r.DOF.Recombine.EnableBokehSettings:0    ; no bokeh simulation on slight out of focus]]
[2022.03.08-14.15.58:351][  0]LogConfig: Setting CVar [[r.DOF.TemporalAAQuality:1                ; more stable temporal accumulation]]
[2022.03.08-14.15.58:351][  0]LogConfig: Setting CVar [[r.DOF.Kernel.MaxForegroundRadius:0.025]]
[2022.03.08-14.15.58:352][  0]LogConfig: Setting CVar [[r.DOF.Kernel.MaxBackgroundRadius:0.025]]
[2022.03.08-14.15.58:352][  0]LogConfig: Applying CVar settings from Section [TextureQuality@3] File [C:/Users/qwe_o/P8ToBeAnnounced/P8_VR_Home/Saved/Config/Windows/Scalability.ini]
[2022.03.08-14.15.58:352][  0]LogConfig: Setting CVar [[r.Streaming.MipBias:0]]
[2022.03.08-14.15.58:352][  0]LogConfig: Setting CVar [[r.Streaming.AmortizeCPUToGPUCopy:0]]
[2022.03.08-14.15.58:352][  0]LogConfig: Setting CVar [[r.Streaming.MaxNumTexturesToStreamPerFrame:0]]
[2022.03.08-14.15.58:352][  0]LogConfig: Setting CVar [[r.Streaming.Boost:1]]
[2022.03.08-14.15.58:352][  0]LogConfig: Setting CVar [[r.MaxAnisotropy:8]]
[2022.03.08-14.15.58:352][  0]LogConfig: Setting CVar [[r.VT.MaxAnisotropy:8]]
[2022.03.08-14.15.58:352][  0]LogConfig: Setting CVar [[r.Streaming.LimitPoolSizeToVRAM:0]]
[2022.03.08-14.15.58:352][  0]LogConfig: Setting CVar [[r.Streaming.PoolSize:1000]]
[2022.03.08-14.15.58:352][  0]LogConfig: Setting CVar [[r.Streaming.MaxEffectiveScreenSize:0]]
[2022.03.08-14.15.58:352][  0]LogConfig: Applying CVar settings from Section [EffectsQuality@3] File [C:/Users/qwe_o/P8ToBeAnnounced/P8_VR_Home/Saved/Config/Windows/Scalability.ini]
[2022.03.08-14.15.58:352][  0]LogConfig: Setting CVar [[r.TranslucencyLightingVolumeDim:64]]
[2022.03.08-14.15.58:352][  0]LogConfig: Setting CVar [[r.RefractionQuality:2]]
[2022.03.08-14.15.58:352][  0]LogConfig: Setting CVar [[r.SSR.Quality:3]]
[2022.03.08-14.15.58:352][  0]LogConfig: Setting CVar [[r.SSR.HalfResSceneColor:0]]
[2022.03.08-14.15.58:352][  0]LogConfig: Setting CVar [[r.SceneColorFormat:4]]
[2022.03.08-14.15.58:352][  0]LogConfig: Setting CVar [[r.DetailMode:2]]
[2022.03.08-14.15.58:352][  0]LogConfig: Setting CVar [[r.TranslucencyVolumeBlur:1]]
[2022.03.08-14.15.58:352][  0]LogConfig: Setting CVar [[r.MaterialQualityLevel:1 ; High quality]]
[2022.03.08-14.15.58:352][  0]LogConfig: Setting CVar [[r.AnisotropicMaterials:1]]
[2022.03.08-14.15.58:352][  0]LogConfig: Setting CVar [[r.SSS.Scale:1]]
[2022.03.08-14.15.58:352][  0]LogConfig: Setting CVar [[r.SSS.SampleSet:2]]
[2022.03.08-14.15.58:352][  0]LogConfig: Setting CVar [[r.SSS.Quality:1]]
[2022.03.08-14.15.58:352][  0]LogConfig: Setting CVar [[r.SSS.HalfRes:0]]
[2022.03.08-14.15.58:352][  0]LogConfig: Setting CVar [[r.SSGI.Quality:3]]
[2022.03.08-14.15.58:353][  0]LogConfig: Setting CVar [[r.EmitterSpawnRateScale:1.0]]
[2022.03.08-14.15.58:353][  0]LogConfig: Setting CVar [[r.ParticleLightQuality:2]]
[2022.03.08-14.15.58:353][  0]LogConfig: Setting CVar [[r.SkyAtmosphere.AerialPerspectiveLUT.FastApplyOnOpaque:1 ; Always have FastSkyLUT 1 in this case to avoid wrong sky]]
[2022.03.08-14.15.58:353][  0]LogConfig: Setting CVar [[r.SkyAtmosphere.AerialPerspectiveLUT.SampleCountMaxPerSlice:4]]
[2022.03.08-14.15.58:353][  0]LogConfig: Setting CVar [[r.SkyAtmosphere.AerialPerspectiveLUT.DepthResolution:16.0]]
[2022.03.08-14.15.58:353][  0]LogConfig: Setting CVar [[r.SkyAtmosphere.FastSkyLUT:1]]
[2022.03.08-14.15.58:353][  0]LogConfig: Setting CVar [[r.SkyAtmosphere.FastSkyLUT.SampleCountMin:4.0]]
[2022.03.08-14.15.58:353][  0]LogConfig: Setting CVar [[r.SkyAtmosphere.FastSkyLUT.SampleCountMax:128.0]]
[2022.03.08-14.15.58:353][  0]LogConfig: Setting CVar [[r.SkyAtmosphere.SampleCountMin:4.0]]
[2022.03.08-14.15.58:353][  0]LogConfig: Setting CVar [[r.SkyAtmosphere.SampleCountMax:128.0]]
[2022.03.08-14.15.58:353][  0]LogConfig: Setting CVar [[r.SkyAtmosphere.TransmittanceLUT.UseSmallFormat:0]]
[2022.03.08-14.15.58:353][  0]LogConfig: Setting CVar [[r.SkyAtmosphere.TransmittanceLUT.SampleCount:10.0]]
[2022.03.08-14.15.58:353][  0]LogConfig: Setting CVar [[r.SkyAtmosphere.MultiScatteringLUT.SampleCount:15.0]]
[2022.03.08-14.15.58:353][  0]LogConfig: Setting CVar [[r.SkyLight.RealTimeReflectionCapture:1]]
[2022.03.08-14.15.58:353][  0]LogConfig: Applying CVar settings from Section [FoliageQuality@3] File [C:/Users/qwe_o/P8ToBeAnnounced/P8_VR_Home/Saved/Config/Windows/Scalability.ini]
[2022.03.08-14.15.58:353][  0]LogConfig: Setting CVar [[foliage.DensityScale:1.0]]
[2022.03.08-14.15.58:353][  0]LogConfig: Setting CVar [[grass.DensityScale:1.0]]
[2022.03.08-14.15.58:353][  0]LogConfig: Applying CVar settings from Section [ShadingQuality@3] File [C:/Users/qwe_o/P8ToBeAnnounced/P8_VR_Home/Saved/Config/Windows/Scalability.ini]
[2022.03.08-14.15.58:353][  0]LogConfig: Setting CVar [[r.HairStrands.SkyLighting.IntegrationType:2]]
[2022.03.08-14.15.58:353][  0]LogConfig: Setting CVar [[r.HairStrands.SkyAO.SampleCount:4]]
[2022.03.08-14.15.58:353][  0]LogConfig: Setting CVar [[r.HairStrands.Visibility.MSAA.SamplePerPixel:4]]
[2022.03.08-14.15.58:353][  0]LogInit: Selected Device Profile: [Windows]
[2022.03.08-14.15.58:353][  0]LogInit: Applying CVar settings loaded from the selected device profile: [Windows]
[2022.03.08-14.15.58:353][  0]LogHAL: Display: Platform has ~ 16 GB [17112539136 / 17179869184 / 16], which maps to Larger [LargestMinGB=32, LargerMinGB=12, DefaultMinGB=8, SmallerMinGB=6, SmallestMinGB=0)
[2022.03.08-14.15.58:353][  0]LogInit: Going up to parent DeviceProfile []
[2022.03.08-14.15.58:353][  0]LogConfig: Applying CVar settings from Section [ViewDistanceQuality@3] File [C:/Users/qwe_o/P8ToBeAnnounced/P8_VR_Home/Saved/Config/Windows/Scalability.ini]
[2022.03.08-14.15.58:353][  0]LogConfig: Setting CVar [[r.SkeletalMeshLODBias:0]]
[2022.03.08-14.15.58:353][  0]LogConfig: Setting CVar [[r.ViewDistanceScale:1.0]]
[2022.03.08-14.15.58:353][  0]LogConfig: Applying CVar settings from Section [AntiAliasingQuality@3] File [C:/Users/qwe_o/P8ToBeAnnounced/P8_VR_Home/Saved/Config/Windows/Scalability.ini]
[2022.03.08-14.15.58:354][  0]LogConfig: Setting CVar [[r.PostProcessAAQuality:4]]
[2022.03.08-14.15.58:354][  0]LogConfig: Applying CVar settings from Section [ShadowQuality@3] File [C:/Users/qwe_o/P8ToBeAnnounced/P8_VR_Home/Saved/Config/Windows/Scalability.ini]
[2022.03.08-14.15.58:354][  0]LogConfig: Setting CVar [[r.LightFunctionQuality:1]]
[2022.03.08-14.15.58:354][  0]LogConfig: Setting CVar [[r.ShadowQuality:5]]
[2022.03.08-14.15.58:354][  0]LogConfig: Setting CVar [[r.Shadow.CSM.MaxCascades:10]]
[2022.03.08-14.15.58:354][  0]LogConfig: Setting CVar [[r.Shadow.MaxResolution:2048]]
[2022.03.08-14.15.58:354][  0]LogConfig: Setting CVar [[r.Shadow.MaxCSMResolution:2048]]
[2022.03.08-14.15.58:354][  0]LogConfig: Setting CVar [[r.Shadow.RadiusThreshold:0.01]]
[2022.03.08-14.15.58:354][  0]LogConfig: Setting CVar [[r.Shadow.DistanceScale:1.0]]
[2022.03.08-14.15.58:354][  0]LogConfig: Setting CVar [[r.Shadow.CSM.TransitionScale:1.0]]
[2022.03.08-14.15.58:354][  0]LogConfig: Setting CVar [[r.Shadow.PreShadowResolutionFactor:1.0]]
[2022.03.08-14.15.58:354][  0]LogConfig: Setting CVar [[r.DistanceFieldShadowing:1]]
[2022.03.08-14.15.58:354][  0]LogConfig: Setting CVar [[r.DistanceFieldAO:1]]
[2022.03.08-14.15.58:354][  0]LogConfig: Setting CVar [[r.AOQuality:2]]
[2022.03.08-14.15.58:354][  0]LogConfig: Setting CVar [[r.VolumetricFog:1]]
[2022.03.08-14.15.58:354][  0]LogConfig: Setting CVar [[r.VolumetricFog.GridPixelSize:8]]
[2022.03.08-14.15.58:354][  0]LogConfig: Setting CVar [[r.VolumetricFog.GridSizeZ:128]]
[2022.03.08-14.15.58:354][  0]LogConfig: Setting CVar [[r.VolumetricFog.HistoryMissSupersampleCount:4]]
[2022.03.08-14.15.58:354][  0]LogConfig: Setting CVar [[r.LightMaxDrawDistanceScale:1]]
[2022.03.08-14.15.58:354][  0]LogConfig: Setting CVar [[r.CapsuleShadows:1]]
[2022.03.08-14.15.58:354][  0]LogConfig: Applying CVar settings from Section [PostProcessQuality@3] File [C:/Users/qwe_o/P8ToBeAnnounced/P8_VR_Home/Saved/Config/Windows/Scalability.ini]
[2022.03.08-14.15.58:354][  0]LogConfig: Setting CVar [[r.MotionBlurQuality:4]]
[2022.03.08-14.15.58:354][  0]LogConfig: Setting CVar [[r.AmbientOcclusionMipLevelFactor:0.4]]
[2022.03.08-14.15.58:354][  0]LogConfig: Setting CVar [[r.AmbientOcclusionMaxQuality:100]]
[2022.03.08-14.15.58:354][  0]LogConfig: Setting CVar [[r.AmbientOcclusionLevels:-1]]
[2022.03.08-14.15.58:354][  0]LogConfig: Setting CVar [[r.AmbientOcclusionRadiusScale:1.0]]
[2022.03.08-14.15.58:354][  0]LogConfig: Setting CVar [[r.DepthOfFieldQuality:2]]
[2022.03.08-14.15.58:354][  0]LogConfig: Setting CVar [[r.RenderTargetPoolMin:400]]
[2022.03.08-14.15.58:354][  0]LogConfig: Setting CVar [[r.LensFlareQuality:2]]
[2022.03.08-14.15.58:354][  0]LogConfig: Setting CVar [[r.SceneColorFringeQuality:1]]
[2022.03.08-14.15.58:354][  0]LogConfig: Setting CVar [[r.EyeAdaptationQuality:2]]
[2022.03.08-14.15.58:354][  0]LogConfig: Setting CVar [[r.BloomQuality:5]]
[2022.03.08-14.15.58:354][  0]LogConfig: Setting CVar [[r.FastBlurThreshold:100]]
[2022.03.08-14.15.58:354][  0]LogConfig: Setting CVar [[r.Upscale.Quality:3]]
[2022.03.08-14.15.58:354][  0]LogConfig: Setting CVar [[r.Tonemapper.GrainQuantization:1]]
[2022.03.08-14.15.58:354][  0]LogConfig: Setting CVar [[r.LightShaftQuality:1]]
[2022.03.08-14.15.58:354][  0]LogConfig: Setting CVar [[r.Filter.SizeScale:1]]
[2022.03.08-14.15.58:354][  0]LogConfig: Setting CVar [[r.Tonemapper.Quality:5]]
[2022.03.08-14.15.58:354][  0]LogConfig: Setting CVar [[r.DOF.Gather.AccumulatorQuality:1        ; higher gathering accumulator quality]]
[2022.03.08-14.15.58:355][  0]LogConfig: Setting CVar [[r.DOF.Gather.PostfilterMethod:1          ; Median3x3 postfilering method]]
[2022.03.08-14.15.58:355][  0]LogConfig: Setting CVar [[r.DOF.Gather.EnableBokehSettings:0       ; no bokeh simulation when gathering]]
[2022.03.08-14.15.58:355][  0]LogConfig: Setting CVar [[r.DOF.Gather.RingCount:4                 ; medium number of samples when gathering]]
[2022.03.08-14.15.58:355][  0]LogConfig: Setting CVar [[r.DOF.Scatter.ForegroundCompositing:1    ; additive foreground scattering]]
[2022.03.08-14.15.58:355][  0]LogConfig: Setting CVar [[r.DOF.Scatter.BackgroundCompositing:2    ; additive background scattering]]
[2022.03.08-14.15.58:355][  0]LogConfig: Setting CVar [[r.DOF.Scatter.EnableBokehSettings:1      ; bokeh simulation when scattering]]
[2022.03.08-14.15.58:355][  0]LogConfig: Setting CVar [[r.DOF.Scatter.MaxSpriteRatio:0.1         ; only a maximum of 10% of scattered bokeh]]
[2022.03.08-14.15.58:355][  0]LogConfig: Setting CVar [[r.DOF.Recombine.Quality:1                ; cheap slight out of focus]]
[2022.03.08-14.15.58:355][  0]LogConfig: Setting CVar [[r.DOF.Recombine.EnableBokehSettings:0    ; no bokeh simulation on slight out of focus]]
[2022.03.08-14.15.58:355][  0]LogConfig: Setting CVar [[r.DOF.TemporalAAQuality:1                ; more stable temporal accumulation]]
[2022.03.08-14.15.58:355][  0]LogConfig: Setting CVar [[r.DOF.Kernel.MaxForegroundRadius:0.025]]
[2022.03.08-14.15.58:355][  0]LogConfig: Setting CVar [[r.DOF.Kernel.MaxBackgroundRadius:0.025]]
[2022.03.08-14.15.58:355][  0]LogConfig: Applying CVar settings from Section [TextureQuality@3] File [C:/Users/qwe_o/P8ToBeAnnounced/P8_VR_Home/Saved/Config/Windows/Scalability.ini]
[2022.03.08-14.15.58:355][  0]LogConfig: Setting CVar [[r.Streaming.MipBias:0]]
[2022.03.08-14.15.58:355][  0]LogConfig: Setting CVar [[r.Streaming.AmortizeCPUToGPUCopy:0]]
[2022.03.08-14.15.58:355][  0]LogConfig: Setting CVar [[r.Streaming.MaxNumTexturesToStreamPerFrame:0]]
[2022.03.08-14.15.58:355][  0]LogConfig: Setting CVar [[r.Streaming.Boost:1]]
[2022.03.08-14.15.58:355][  0]LogConfig: Setting CVar [[r.MaxAnisotropy:8]]
[2022.03.08-14.15.58:355][  0]LogConfig: Setting CVar [[r.VT.MaxAnisotropy:8]]
[2022.03.08-14.15.58:355][  0]LogConfig: Setting CVar [[r.Streaming.LimitPoolSizeToVRAM:0]]
[2022.03.08-14.15.58:355][  0]LogConfig: Setting CVar [[r.Streaming.PoolSize:1000]]
[2022.03.08-14.15.58:355][  0]LogConfig: Setting CVar [[r.Streaming.MaxEffectiveScreenSize:0]]
[2022.03.08-14.15.58:356][  0]LogConfig: Applying CVar settings from Section [EffectsQuality@3] File [C:/Users/qwe_o/P8ToBeAnnounced/P8_VR_Home/Saved/Config/Windows/Scalability.ini]
[2022.03.08-14.15.58:356][  0]LogConfig: Setting CVar [[r.TranslucencyLightingVolumeDim:64]]
[2022.03.08-14.15.58:356][  0]LogConfig: Setting CVar [[r.RefractionQuality:2]]
[2022.03.08-14.15.58:356][  0]LogConfig: Setting CVar [[r.SSR.Quality:3]]
[2022.03.08-14.15.58:356][  0]LogConfig: Setting CVar [[r.SSR.HalfResSceneColor:0]]
[2022.03.08-14.15.58:356][  0]LogConfig: Setting CVar [[r.SceneColorFormat:4]]
[2022.03.08-14.15.58:356][  0]LogConfig: Setting CVar [[r.DetailMode:2]]
[2022.03.08-14.15.58:356][  0]LogConfig: Setting CVar [[r.TranslucencyVolumeBlur:1]]
[2022.03.08-14.15.58:356][  0]LogConfig: Setting CVar [[r.MaterialQualityLevel:1 ; High quality]]
[2022.03.08-14.15.58:356][  0]LogConfig: Setting CVar [[r.AnisotropicMaterials:1]]
[2022.03.08-14.15.58:356][  0]LogConfig: Setting CVar [[r.SSS.Scale:1]]
[2022.03.08-14.15.58:356][  0]LogConfig: Setting CVar [[r.SSS.SampleSet:2]]
[2022.03.08-14.15.58:356][  0]LogConfig: Setting CVar [[r.SSS.Quality:1]]
[2022.03.08-14.15.58:356][  0]LogConfig: Setting CVar [[r.SSS.HalfRes:0]]
[2022.03.08-14.15.58:356][  0]LogConfig: Setting CVar [[r.SSGI.Quality:3]]
[2022.03.08-14.15.58:356][  0]LogConfig: Setting CVar [[r.EmitterSpawnRateScale:1.0]]
[2022.03.08-14.15.58:356][  0]LogConfig: Setting CVar [[r.ParticleLightQuality:2]]
[2022.03.08-14.15.58:356][  0]LogConfig: Setting CVar [[r.SkyAtmosphere.AerialPerspectiveLUT.FastApplyOnOpaque:1 ; Always have FastSkyLUT 1 in this case to avoid wrong sky]]
[2022.03.08-14.15.58:356][  0]LogConfig: Setting CVar [[r.SkyAtmosphere.AerialPerspectiveLUT.SampleCountMaxPerSlice:4]]
[2022.03.08-14.15.58:356][  0]LogConfig: Setting CVar [[r.SkyAtmosphere.AerialPerspectiveLUT.DepthResolution:16.0]]
[2022.03.08-14.15.58:356][  0]LogConfig: Setting CVar [[r.SkyAtmosphere.FastSkyLUT:1]]
[2022.03.08-14.15.58:356][  0]LogConfig: Setting CVar [[r.SkyAtmosphere.FastSkyLUT.SampleCountMin:4.0]]
[2022.03.08-14.15.58:356][  0]LogConfig: Setting CVar [[r.SkyAtmosphere.FastSkyLUT.SampleCountMax:128.0]]
[2022.03.08-14.15.58:356][  0]LogConfig: Setting CVar [[r.SkyAtmosphere.SampleCountMin:4.0]]
[2022.03.08-14.15.58:356][  0]LogConfig: Setting CVar [[r.SkyAtmosphere.SampleCountMax:128.0]]
[2022.03.08-14.15.58:356][  0]LogConfig: Setting CVar [[r.SkyAtmosphere.TransmittanceLUT.UseSmallFormat:0]]
[2022.03.08-14.15.58:356][  0]LogConfig: Setting CVar [[r.SkyAtmosphere.TransmittanceLUT.SampleCount:10.0]]
[2022.03.08-14.15.58:356][  0]LogConfig: Setting CVar [[r.SkyAtmosphere.MultiScatteringLUT.SampleCount:15.0]]
[2022.03.08-14.15.58:356][  0]LogConfig: Setting CVar [[r.SkyLight.RealTimeReflectionCapture:1]]
[2022.03.08-14.15.58:357][  0]LogConfig: Applying CVar settings from Section [FoliageQuality@3] File [C:/Users/qwe_o/P8ToBeAnnounced/P8_VR_Home/Saved/Config/Windows/Scalability.ini]
[2022.03.08-14.15.58:357][  0]LogConfig: Setting CVar [[foliage.DensityScale:1.0]]
[2022.03.08-14.15.58:357][  0]LogConfig: Setting CVar [[grass.DensityScale:1.0]]
[2022.03.08-14.15.58:357][  0]LogConfig: Applying CVar settings from Section [ShadingQuality@3] File [C:/Users/qwe_o/P8ToBeAnnounced/P8_VR_Home/Saved/Config/Windows/Scalability.ini]
[2022.03.08-14.15.58:357][  0]LogConfig: Setting CVar [[r.HairStrands.SkyLighting.IntegrationType:2]]
[2022.03.08-14.15.58:357][  0]LogConfig: Setting CVar [[r.HairStrands.SkyAO.SampleCount:4]]
[2022.03.08-14.15.58:357][  0]LogConfig: Setting CVar [[r.HairStrands.Visibility.MSAA.SamplePerPixel:4]]
[2022.03.08-14.15.58:357][  0]LogConfig: Applying CVar settings from Section [Startup] File [../../../Engine/Config/ConsoleVariables.ini]
[2022.03.08-14.15.58:358][  0]LogConfig: Setting CVar [[r.XGEShaderCompile:0]]
[2022.03.08-14.15.58:358][  0]LogConfig: Setting CVar [[net.UseAdaptiveNetUpdateFrequency:0]]
[2022.03.08-14.15.58:358][  0]LogConfig: Setting CVar [[p.chaos.AllowCreatePhysxBodies:1]]
[2022.03.08-14.15.58:358][  0]LogConfig: Setting CVar [[fx.SkipVectorVMBackendOptimizations:1]]
[2022.03.08-14.15.58:358][  0]LogConfig: Applying CVar settings from Section [ConsoleVariables] File [C:/Users/qwe_o/P8ToBeAnnounced/P8_VR_Home/Saved/Config/Windows/Engine.ini]
[2022.03.08-14.15.58:358][  0]LogConfig: Applying CVar settings from Section [ConsoleVariables] File [C:/Users/qwe_o/P8ToBeAnnounced/P8_VR_Home/Saved/Config/Windows/Editor.ini]
[2022.03.08-14.15.58:358][  0]LogInit: Computer: DESKTOP-28BR1PH
[2022.03.08-14.15.58:358][  0]LogInit: User: qweo
[2022.03.08-14.15.58:358][  0]LogInit: CPU Page size=4096, Cores=4
[2022.03.08-14.15.58:358][  0]LogInit: High frequency timer resolution =10.000000 MHz
[2022.03.08-14.15.58:358][  0]LogMemory: Memory total: Physical=15.9GB (16GB approx)
[2022.03.08-14.15.58:358][  0]LogMemory: Platform Memory Stats for Windows
[2022.03.08-14.15.58:358][  0]LogMemory: Process Physical Memory: 145.37 MB used, 146.54 MB peak
[2022.03.08-14.15.58:358][  0]LogMemory: Process Virtual Memory: 112.22 MB used, 112.22 MB peak
[2022.03.08-14.15.58:358][  0]LogMemory: Physical Memory: 9039.88 MB used,  7279.91 MB free, 16319.79 MB total
[2022.03.08-14.15.58:358][  0]LogMemory: Virtual Memory: 134198616.00 MB used,  19108.29 MB free, 134217728.00 MB total
[2022.03.08-14.15.58:369][  0]LogWindows: WindowsPlatformFeatures enabled
[2022.03.08-14.15.58:503][  0]LogInit: Physics initialised using underlying interface: PhysX
[2022.03.08-14.15.58:506][  0]LogInit: Using OS detected language (en-US).
[2022.03.08-14.15.58:506][  0]LogInit: Using OS detected locale (da-DK).
[2022.03.08-14.15.58:514][  0]LogTextLocalizationManager: No specific localization for 'en-US' exists, so the 'en' localization will be used.
[2022.03.08-14.15.59:070][  0]LogWindowsTextInputMethodSystem: Display: IME system deactivated.
[2022.03.08-14.15.59:103][  0]LogSlate: New Slate User Created.  User Index 0, Is Virtual User: 0
[2022.03.08-14.15.59:103][  0]LogSlate: Slate User Registered.  User Index 0, Is Virtual User: 0
[2022.03.08-14.15.59:642][  0]LogD3D11RHI: Loaded GFSDK_Aftermath_Lib.x64.dll
[2022.03.08-14.15.59:778][  0]LogHMD: Optional extension XR_VARJO_quad_views is not available
[2022.03.08-14.15.59:779][  0]LogHMD: Warning: Required extension XR_EXT_eye_gaze_interaction is not available
[2022.03.08-14.15.59:779][  0]LogHMD: Could not enable all required OpenXR extensions for OpenXREyeTracker on current system. This plugin will be loaded but ignored, but will be enabled on a target platform that supports the required extension.
[2022.03.08-14.15.59:837][  0]LogHMD: Failed to create an OpenXR instance, result is XR_ERROR_RUNTIME_FAILURE. Please check if you have an OpenXR runtime installed. The following extensions were enabled:
[2022.03.08-14.15.59:837][  0]LogHMD: - XR_KHR_D3D11_enable
[2022.03.08-14.15.59:837][  0]LogHMD: - XR_KHR_D3D12_enable
[2022.03.08-14.15.59:837][  0]LogHMD: - XR_KHR_opengl_enable
[2022.03.08-14.15.59:837][  0]LogHMD: - XR_KHR_vulkan_enable
[2022.03.08-14.15.59:837][  0]LogHMD: - XR_KHR_composition_layer_depth
[2022.03.08-14.15.59:837][  0]LogHMD: - XR_KHR_visibility_mask
[2022.03.08-14.15.59:837][  0]LogHMD: - XR_EXT_hand_tracking
[2022.03.08-14.15.59:837][  0]LogD3D11RHI: D3D11 min allowed feature level: 11_0
[2022.03.08-14.15.59:837][  0]LogD3D11RHI: D3D11 max allowed feature level: 11_0
[2022.03.08-14.15.59:838][  0]LogD3D11RHI: D3D11 adapters:
[2022.03.08-14.16.00:094][  0]LogD3D11RHI:    0. 'NVIDIA GeForce GTX 1070' (Feature Level 11_0)
[2022.03.08-14.16.00:094][  0]LogD3D11RHI:       8082/0/8159 MB DedicatedVideo/DedicatedSystem/SharedSystem, Outputs:1, VendorId:0x10de
[2022.03.08-14.16.00:100][  0]LogD3D11RHI:    1. 'Microsoft Basic Render Driver' (Feature Level 11_0)
[2022.03.08-14.16.00:100][  0]LogD3D11RHI:       0/0/8159 MB DedicatedVideo/DedicatedSystem/SharedSystem, Outputs:0, VendorId:0x1414
[2022.03.08-14.16.00:100][  0]LogD3D11RHI: Chosen D3D11 Adapter:
[2022.03.08-14.16.00:100][  0]LogD3D11RHI:     Description : NVIDIA GeForce GTX 1070
[2022.03.08-14.16.00:100][  0]LogD3D11RHI:     VendorId    : 10de
[2022.03.08-14.16.00:100][  0]LogD3D11RHI:     DeviceId    : 1be1
[2022.03.08-14.16.00:100][  0]LogD3D11RHI:     SubSysId    : 14701043
[2022.03.08-14.16.00:100][  0]LogD3D11RHI:     Revision    : 00a1
[2022.03.08-14.16.00:100][  0]LogD3D11RHI:     DedicatedVideoMemory : 8474591232 bytes
[2022.03.08-14.16.00:100][  0]LogD3D11RHI:     DedicatedSystemMemory : 0 bytes
[2022.03.08-14.16.00:100][  0]LogD3D11RHI:     SharedSystemMemory : 8556269568 bytes
[2022.03.08-14.16.00:100][  0]LogD3D11RHI:     AdapterLuid : 0 59221905
[2022.03.08-14.16.00:117][  0]LogD3D11RHI: Creating new Direct3DDevice
[2022.03.08-14.16.00:117][  0]LogD3D11RHI:     GPU DeviceId: 0x1be1 (for the marketing name, search the web for "GPU Device Id")
[2022.03.08-14.16.00:117][  0]LogWindows: EnumDisplayDevices:
[2022.03.08-14.16.00:118][  0]LogWindows:    0. 'NVIDIA GeForce GTX 1070' (P:1 D:1)
[2022.03.08-14.16.00:118][  0]LogWindows:    1. 'NVIDIA GeForce GTX 1070' (P:0 D:0)
[2022.03.08-14.16.00:119][  0]LogWindows:    2. 'NVIDIA GeForce GTX 1070' (P:0 D:0)
[2022.03.08-14.16.00:120][  0]LogWindows:    3. 'NVIDIA GeForce GTX 1070' (P:0 D:0)
[2022.03.08-14.16.00:120][  0]LogWindows: DebugString: FoundDriverCount:4 
[2022.03.08-14.16.00:120][  0]LogD3D11RHI:     Adapter Name: NVIDIA GeForce GTX 1070
[2022.03.08-14.16.00:120][  0]LogD3D11RHI:   Driver Version: 511.79 (internal:30.0.15.1179, unified:511.79)
[2022.03.08-14.16.00:120][  0]LogD3D11RHI:      Driver Date: 2-10-2022
[2022.03.08-14.16.00:120][  0]LogRHI: Texture pool is 5657 MB (70% of 8082 MB)
[2022.03.08-14.16.00:121][  0]LogD3D11RHI: Creating D3DDevice using adapter:
[2022.03.08-14.16.00:121][  0]LogD3D11RHI:     Description : NVIDIA GeForce GTX 1070
[2022.03.08-14.16.00:121][  0]LogD3D11RHI:     VendorId    : 10de
[2022.03.08-14.16.00:121][  0]LogD3D11RHI:     DeviceId    : 1be1
[2022.03.08-14.16.00:121][  0]LogD3D11RHI:     SubSysId    : 14701043
[2022.03.08-14.16.00:121][  0]LogD3D11RHI:     Revision    : 00a1
[2022.03.08-14.16.00:121][  0]LogD3D11RHI:     DedicatedVideoMemory : 8474591232 bytes
[2022.03.08-14.16.00:121][  0]LogD3D11RHI:     DedicatedSystemMemory : 0 bytes
[2022.03.08-14.16.00:121][  0]LogD3D11RHI:     SharedSystemMemory : 8556269568 bytes
[2022.03.08-14.16.00:121][  0]LogD3D11RHI:     AdapterLuid : 0 59221905
[2022.03.08-14.16.00:291][  0]LogD3D11RHI: RHI has support for 64 bit atomics
[2022.03.08-14.16.00:292][  0]LogD3D11RHI: Async texture creation enabled
[2022.03.08-14.16.00:292][  0]LogD3D11RHI: Array index from any shader is supported
[2022.03.08-14.16.00:364][  0]LogD3D11RHI: GPU Timing Frequency: 1000.000000 (Debug: 2 1)
[2022.03.08-14.16.00:461][  0]LogRHI: GeForceNow SDK initialized: 1
[2022.03.08-14.16.01:387][  0]LogTargetPlatformManager: Display: Loaded TargetPlatform 'AllDesktop'
[2022.03.08-14.16.01:459][  0]LogTargetPlatformManager: Display: Loaded TargetPlatform 'Android'
[2022.03.08-14.16.01:459][  0]LogTargetPlatformManager: Display: Loaded TargetPlatform 'Android_ASTC'
[2022.03.08-14.16.01:459][  0]LogTargetPlatformManager: Display: Loaded TargetPlatform 'Android_DXT'
[2022.03.08-14.16.01:459][  0]LogTargetPlatformManager: Display: Loaded TargetPlatform 'Android_ETC2'
[2022.03.08-14.16.01:459][  0]LogTargetPlatformManager: Display: Loaded TargetPlatform 'AndroidClient'
[2022.03.08-14.16.01:459][  0]LogTargetPlatformManager: Display: Loaded TargetPlatform 'Android_ASTCClient'
[2022.03.08-14.16.01:459][  0]LogTargetPlatformManager: Display: Loaded TargetPlatform 'Android_DXTClient'
[2022.03.08-14.16.01:459][  0]LogTargetPlatformManager: Display: Loaded TargetPlatform 'Android_ETC2Client'
[2022.03.08-14.16.01:459][  0]LogTargetPlatformManager: Display: Loaded TargetPlatform 'Android_Multi'
[2022.03.08-14.16.01:459][  0]LogTargetPlatformManager: Display: Loaded TargetPlatform 'Android_MultiClient'
[2022.03.08-14.16.01:506][  0]LogTargetPlatformManager: Display: Loaded TargetPlatform 'IOSClient'
[2022.03.08-14.16.01:506][  0]LogTargetPlatformManager: Display: Loaded TargetPlatform 'IOS'
[2022.03.08-14.16.01:531][  0]LogTargetPlatformManager: Display: Loaded TargetPlatform 'Linux'
[2022.03.08-14.16.01:542][  0]LogTargetPlatformManager: Display: Loaded TargetPlatform 'LinuxNoEditor'
[2022.03.08-14.16.01:555][  0]LogTargetPlatformManager: Display: Loaded TargetPlatform 'LinuxClient'
[2022.03.08-14.16.01:568][  0]LogTargetPlatformManager: Display: Loaded TargetPlatform 'LinuxServer'
[2022.03.08-14.16.01:592][  0]LogTargetPlatformManager: Display: Loaded TargetPlatform 'LinuxAArch64NoEditor'
[2022.03.08-14.16.01:606][  0]LogTargetPlatformManager: Display: Loaded TargetPlatform 'LinuxAArch64Client'
[2022.03.08-14.16.01:621][  0]LogTargetPlatformManager: Display: Loaded TargetPlatform 'LinuxAArch64Server'
[2022.03.08-14.16.01:684][  0]LogTargetPlatformManager: Display: Loaded TargetPlatform 'Lumin'
[2022.03.08-14.16.01:684][  0]LogTargetPlatformManager: Display: Loaded TargetPlatform 'LuminClient'
[2022.03.08-14.16.01:705][  0]LogTargetPlatformManager: Display: Loaded TargetPlatform 'MacNoEditor'
[2022.03.08-14.16.01:714][  0]LogTargetPlatformManager: Display: Loaded TargetPlatform 'Mac'
[2022.03.08-14.16.01:722][  0]LogTargetPlatformManager: Display: Loaded TargetPlatform 'MacClient'
[2022.03.08-14.16.01:732][  0]LogTargetPlatformManager: Display: Loaded TargetPlatform 'MacServer'
[2022.03.08-14.16.01:755][  0]LogTargetPlatformManager: Display: Loaded TargetPlatform 'TVOSClient'
[2022.03.08-14.16.01:756][  0]LogTargetPlatformManager: Display: Loaded TargetPlatform 'TVOS'
[2022.03.08-14.16.01:775][  0]LogTargetPlatformManager: Display: Loaded TargetPlatform 'WindowsNoEditor'
[2022.03.08-14.16.01:786][  0]LogTargetPlatformManager: Display: Loaded TargetPlatform 'Windows'
[2022.03.08-14.16.01:795][  0]LogTargetPlatformManager: Display: Loaded TargetPlatform 'WindowsClient'
[2022.03.08-14.16.01:806][  0]LogTargetPlatformManager: Display: Loaded TargetPlatform 'WindowsServer'
[2022.03.08-14.16.01:806][  0]LogTargetPlatformManager: Display: Building Assets For Windows
[2022.03.08-14.16.01:825][  0]LogAudioDebug: Display: Lib vorbis DLL was dynamically loaded.
[2022.03.08-14.16.01:896][  0]LogTextureFormatOodle: Display: Oodle Texture 2.9.0 init RDO Off
[2022.03.08-14.16.01:974][  0]LogRendererCore: Ray tracing is disabled. Reason: r.RayTracing=0.
[2022.03.08-14.16.01:974][  0]LogShaderCompilers: Guid format shader working directory is 4 characters bigger than the processId version (C:/Users/qwe_o/P8ToBeAnnounced/P8_VR_Home/Intermediate/Shaders/WorkingDirectory/11192/).
[2022.03.08-14.16.01:974][  0]LogShaderCompilers: Cleaned the shader compiler working directory 'C:/Users/qwe_o/AppData/Local/Temp/UnrealShaderWorkingDir/B39EDAE244822C51FCFDF892227C05AC/'.
[2022.03.08-14.16.01:975][  0]LogXGEController: Cannot use XGE Controller as Incredibuild is not installed on this machine.
[2022.03.08-14.16.01:975][  0]LogShaderCompilers: Display: Using Local Shader Compiler.
[2022.03.08-14.16.03:927][  0]LogDerivedDataCache: Display: Max Cache Size: 512 MB
[2022.03.08-14.16.04:093][  0]LogDerivedDataCache: Loaded boot cache 0.16s 140MB C:/Users/qwe_o/AppData/Local/UnrealEngine/4.27/DerivedDataCache/Boot.ddc.
[2022.03.08-14.16.04:093][  0]LogDerivedDataCache: Display: Loaded Boot cache: C:/Users/qwe_o/AppData/Local/UnrealEngine/4.27/DerivedDataCache/Boot.ddc
[2022.03.08-14.16.04:093][  0]LogDerivedDataCache: FDerivedDataBackendGraph:  Pak pak cache file C:/Users/qwe_o/P8ToBeAnnounced/P8_VR_Home/DerivedDataCache/DDC.ddp not found, will not use a pak cache.
[2022.03.08-14.16.04:093][  0]LogDerivedDataCache: Unable to find inner node Pak for hierarchical cache Hierarchy.
[2022.03.08-14.16.04:093][  0]LogDerivedDataCache: FDerivedDataBackendGraph:  CompressedPak pak cache file C:/Users/qwe_o/P8ToBeAnnounced/P8_VR_Home/DerivedDataCache/Compressed.ddp not found, will not use a pak cache.
[2022.03.08-14.16.04:093][  0]LogDerivedDataCache: Unable to find inner node CompressedPak for hierarchical cache Hierarchy.
[2022.03.08-14.16.04:139][  0]LogDerivedDataCache: Display: Pak cache opened for reading ../../../Engine/DerivedDataCache/Compressed.ddp.
[2022.03.08-14.16.04:139][  0]LogDerivedDataCache: FDerivedDataBackendGraph:  EnterprisePak pak cache file ../../../Enterprise/DerivedDataCache/Compressed.ddp not found, will not use a pak cache.
[2022.03.08-14.16.04:139][  0]LogDerivedDataCache: Unable to find inner node EnterprisePak for hierarchical cache Hierarchy.
[2022.03.08-14.16.04:156][  0]LogDerivedDataCache: Speed tests for C:/Users/qwe_o/AppData/Local/UnrealEngine/Common/DerivedDataCache took 0.02 seconds
[2022.03.08-14.16.04:157][  0]LogDerivedDataCache: Display: Performance to C:/Users/qwe_o/AppData/Local/UnrealEngine/Common/DerivedDataCache: Latency=0.10ms. RandomReadSpeed=440.21MBs, RandomWriteSpeed=67.22MBs. Assigned SpeedClass 'Local'
[2022.03.08-14.16.04:158][  0]LogDerivedDataCache: Using Local data cache path C:/Users/qwe_o/AppData/Local/UnrealEngine/Common/DerivedDataCache: Writable
[2022.03.08-14.16.04:158][  0]LogDerivedDataCache: Shared data cache path not found in *engine.ini, will not use an Shared cache.
[2022.03.08-14.16.04:158][  0]LogDerivedDataCache: Unable to find inner node Shared for hierarchical cache Hierarchy.
[2022.03.08-14.16.04:298][  0]LogSlate: Using FreeType 2.10.0
[2022.03.08-14.16.04:299][  0]LogSlate: SlateFontServices - WITH_FREETYPE: 1, WITH_HARFBUZZ: 1
[2022.03.08-14.16.04:344][  0]LogHMD: Optional extension XR_VARJO_quad_views is not available
[2022.03.08-14.16.04:345][  0]LogHMD: Warning: Required extension XR_EXT_eye_gaze_interaction is not available
[2022.03.08-14.16.04:345][  0]LogHMD: Could not enable all required OpenXR extensions for OpenXREyeTracker on current system. This plugin will be loaded but ignored, but will be enabled on a target platform that supports the required extension.
[2022.03.08-14.16.04:409][  0]LogHMD: Failed to create an OpenXR instance, result is XR_ERROR_RUNTIME_FAILURE. Please check if you have an OpenXR runtime installed. The following extensions were enabled:
[2022.03.08-14.16.04:410][  0]LogHMD: - XR_KHR_D3D11_enable
[2022.03.08-14.16.04:410][  0]LogHMD: - XR_KHR_D3D12_enable
[2022.03.08-14.16.04:410][  0]LogHMD: - XR_KHR_opengl_enable
[2022.03.08-14.16.04:410][  0]LogHMD: - XR_KHR_vulkan_enable
[2022.03.08-14.16.04:410][  0]LogHMD: - XR_KHR_composition_layer_depth
[2022.03.08-14.16.04:410][  0]LogHMD: - XR_KHR_visibility_mask
[2022.03.08-14.16.04:410][  0]LogHMD: - XR_EXT_hand_tracking
[2022.03.08-14.16.04:464][  0]LogAssetRegistry: FAssetRegistry took 0.0066 seconds to start up
[2022.03.08-14.16.05:103][  0]LogInit: Selected Device Profile: [Windows]
[2022.03.08-14.16.05:103][  0]LogInit: Active device profile: [0000014ECC237E00][0000014ECAB6D6C0 49] Windows
[2022.03.08-14.16.05:103][  0]LogInit: Profiles: [0000014ECC237E00][0000014ECAB6D6C0 49] Windows, [0000014ECC1E8300][0000014EC70BB840 49] WindowsNoEditor, [0000014ECC234300][0000014EC70BF9C0 49] WindowsServer, [0000014ECC1E9E00][0000014EC70C3B40 49] WindowsClient, [0000014ECC235D00][0000014EC70C6140 49] IOS, [0000014ECC1E8D00][0000014EC70CA2C0 49] iPadAir, [0000014ECC234C00][0000014EC70CE440 49] iPadAir2, [0000014ECC19C600][0000014EC70D6700 49] IPadPro, [0000014ECC19C700][0000014EC70D2740 49] iPadAir3, [0000014ECC234400][0000014EC70DA8C0 49] iPadAir4, [0000014ECC19FC00][0000014EC70DEA40 49] iPadMini2, [0000014ECC235100][0000014EC70E2BC0 49] iPadMini3, [0000014ECC19D500][0000014EC70E6D40 49] iPadMini4, [0000014ECC236700][0000014EC3C88E80 49] iPadMini5, [0000014ECC087E00][0000014ECBF730C0 49] iPhone6, [0000014ECC087F00][0000014ECBF6F100 49] iPodTouch6, [0000014ECC1EB400][0000014EC70F73C0 49] iPhone7, [0000014ECC1EAE00][0000014EC70F3400 49] iPodTouch7, [0000014ECC084800][0000014ECA959580 49] iPhone5S, [0000014ECC1EA500][0000014ECBD05700 49] iPhone6Plus, [0000014ECC087100][0000014ECD37B880 49] iPhone6S, [0000014ECC1E9200][0000014ECD387A00 49] iPhone6SPlus, [0000014ECC085000][0000014ECD38BB80 49] iPhone7Plus, [0000014ECC1E8700][0000014ECD376180 49] iPhoneSE, [0000014ECC086900][0000014ECA9E4300 49] iPhone8, [0000014ECC1E9C00][0000014ECA9E8480 49] iPhone8Plus, [0000014ECC085800][0000014ECA9EC600 49] iPhoneX, [0000014ECC1E8E00][0000014EC85F4780 49] iPhoneXS, [0000014ECC086100][0000014ECA9F0900 49] iPhoneXSMax, [0000014ECC1E8400][0000014ECA9F4A80 49] iPhoneXR, [0000014ECC084400][0000014ECA9F8C00 49] iPhone11, [0000014ECC1EB500][0000014ECA9FCD80 49] iPhone11Pro, [0000014ECC084C00][0000014ECA8BAF00 49] iPhone11ProMax, [0000014ECC1EBD00][0000014EC70EF040 49] iPhoneSE2, [0000014ECC084200][0000014EC3D45180 49] iPhone12Mini, [0000014ECC1EB600][0000014EC3D492C0 49] iPhone12, [0000014ECC087500][0000014EC3D51440 49] iPhone12Pro, [0000014ECC1EBE00][0000014ECBF615C0 49] iPhone12ProMax, [0000014ECC087B00][0000014ECBF65740 49] iPadPro105, [0000014ECC1E9800][0000014ECA8BF8C0 49] iPadPro129, [0000014ECC086700][0000014ECA8C7A40 49] iPadPro97, [0000014ECC1E9700][0000014ECA8CBBC0 49] iPadPro2_129, [0000014ECC086300][0000014ECA8CE1C0 49] iPad5, [0000014ECC1E8600][0000014ECA8D2340 49] iPad6, [0000014ECC085C00][0000014ECA8D64C0 49] iPad7, [0000014ECC1EAD00][0000014ECA8E4640 49] iPad8, [0000014ECC087900][0000014ECA8E87C0 49] iPadPro11, [0000014ECC1EBA00][0000014ECBDCE940 49] iPadPro2_11, [0000014ECC086800][0000014ECD0AAAC0 49] iPadPro3_129, [0000014ECC1E8800][0000014ECD128C40 49] iPadPro4_129, [0000014ECC084100][0000014ECD136DC0 49] AppleTV, [0000014ECC1E9D00][0000014ECD16AF40 49] AppleTV4K, [0000014ECC085900][0000014ECD43F0C0 49] TVOS, [0000014ECC1EAB00][0000014EC3D4D200 49] Mac, [0000014ECC087200][0000014ECD44D340 49] MacClient, [0000014ECC1E8100][0000014EC3CA7480 49] MacNoEditor, [0000014ECC086D00][0000014EC3CAB5C0 49] MacServer, [0000014ECC1E9500][0000014EC3CB3740 49] Linux, [0000014ECC084700][0000014EC3CB78C0 49] LinuxAArch64, [0000014ECC1E8B00][0000014EC3CBBA40 49] LinuxNoEditor, [0000014ECC084D00][0000014EC3CBFBC0 49] LinuxAArch64NoEditor, [0000014ECC1EB100][0000014EC3CC21C0 49] LinuxClient, [0000014ECC085F00][0000014EC3CC6340 49] LinuxAArch64Client, [0000014ECC1EB200][0000014EC3D064C0 49] LinuxServer, [0000014ECC086E00][0000014EC3D0A640 49] LinuxAArch64Server, [0000014ECC1EA800][0000014EC3D0E7C0 49] Android, [0000014ECC087300][0000014EC854A940 49] Android_Low, [0000014ECC1EBB00][0000014EC854EAC0 49] Android_Mid, [0000014ECC236E00][0000014EC8570C40 49] Android_High, [0000014ECC265500][0000014EC85A4DC0 49] Android_Default, [0000014ECC235700][0000014EC85B4F40 49] Android_Adreno4xx, [0000014ECC266500][0000014EC85B90C0 49] Android_Adreno5xx_Low, [0000014ECC235600][0000014EC85F1240 49] Android_Adreno5xx, [0000014ECC266700][0000014EC3CAF380 49] Android_Adreno6xx, [0000014ECC234800][0000014ECA8B74C0 49] Android_Adreno6xx_Vulkan, [0000014ECC265E00][0000014ECBE93600 49] Android_Mali_T6xx, [0000014ECC234700][0000014ECBE97740 49] Android_Mali_T7xx, [0000014ECC264600][0000014ECBEEB8C0 49] Android_Mali_T8xx, [0000014ECC235200][0000014ECBF31A40 49] Android_Mali_G71, [0000014ECC266200][0000014ECBF35BC0 49] Android_Mali_G72, [0000014ECC236A00][0000014ECBF381C0 49] Android_Mali_G72_Vulkan, [0000014ECC265C00][0000014ECBF3C340 49] Android_Mali_G76, [0000014ECC236100][0000014ECBF404C0 49] Android_Mali_G76_Vulkan, [0000014ECC265700][0000014ECBF4C640 49] Android_Mali_G77, [0000014ECC236F00][0000014ECBF507C0 49] Android_Mali_G77_Vulkan, [0000014ECC265B00][0000014ECBF54940 49] Android_Mali_G78, [0000014ECC236600][0000014ECBF58AC0 49] Android_Mali_G78_Vulkan, [0000014ECC266300][0000014ECBF2CC40 49] Android_Mali_G710, [0000014ECC234E00][0000014ECD176DC0 49] Android_Mali_G710_Vulkan, [0000014ECC266E00][0000014ECD15EF40 49] Android_Vulkan_SM5, [0000014ECC237700][0000014ECBDD30C0 49] Android_PowerVR_G6xxx, [0000014ECC264A00][0000014ECD37F240 49] Android_PowerVR_GT7xxx, [0000014ECC1EA100][0000014ECD3833C0 49] Android_PowerVR_GE8xxx, [0000014ECC266600][0000014ECA8C3540 49] Android_PowerVR_GM9xxx, [0000014ECC1EAC00][0000014ECBEE7680 49] Android_PowerVR_GM9xxx_Vulkan, [0000014ECC265A00][0000014ECBF5D7C0 49] Android_TegraK1, [0000014ECC1EB700][0000014ECA9BB900 49] Android_Unknown_Vulkan, [0000014ECC264300][0000014ECA9C3A80 49] Lumin, [0000014ECC1EA000][0000014ECA9C7C00 49] Lumin_Desktop, [0000014ECC266B00][0000014ECA9CA200 49] HoloLens, 
[2022.03.08-14.16.05:214][  0]LogMeshReduction: Using QuadricMeshReduction for automatic static mesh reduction
[2022.03.08-14.16.05:214][  0]LogMeshReduction: Using SimplygonMeshReduction for automatic skeletal mesh reduction
[2022.03.08-14.16.05:214][  0]LogMeshReduction: Using ProxyLODMeshReduction for automatic mesh merging
[2022.03.08-14.16.05:214][  0]LogMeshReduction: No distributed automatic mesh merging module available
[2022.03.08-14.16.05:215][  0]LogMeshMerging: No distributed automatic mesh merging module available
[2022.03.08-14.16.05:456][  0]LogNetVersion: P8_VR_Home 1.0.0, NetCL: 17155196, EngineNetVer: 17, GameNetVer: 0 (Checksum: 1173850688)
[2022.03.08-14.16.06:433][  0]LogTexture: Default maximum texture size for cubemaps generated from long-lat sources has been changed from 512 to unlimited. In order to preserve old behaiour for '/Engine/MapTemplates/Sky/DaylightAmbientCubemap.DaylightAmbientCubemap', its maximum texture size has been explicitly set to 512.
[2022.03.08-14.16.06:567][  0]LogHMD: PokeAHoleMaterial loaded successfully
[2022.03.08-14.16.06:579][  0]LogUObjectArray: 17075 objects as part of root set at end of initial load.
[2022.03.08-14.16.06:579][  0]LogUObjectAllocator: 4275792 out of 0 bytes used by permanent object pool.
[2022.03.08-14.16.06:580][  0]LogUObjectArray: CloseDisregardForGC: 0/0 objects in disregard for GC pool
[2022.03.08-14.16.07:168][  0]LogPython: Using Python 3.7.7
[2022.03.08-14.16.08:461][  0]LogNiagaraDebuggerClient: Niagara Debugger Client Initialized | Session: CC8C899F4F14BB07A8DE628BDC58801D | Instance: 80EE36AB4B79146C5538E39FB8A2E792 (DESKTOP-28BR1PH-11192).
[2022.03.08-14.16.08:801][  0]LogTcpMessaging: Initializing TcpMessaging bridge
[2022.03.08-14.16.08:809][  0]LogUdpMessaging: Initializing bridge on interface 0.0.0.0:0 to multicast group 230.0.0.1:6666.
[2022.03.08-14.16.09:149][  0]SourceControl: Source control is disabled
[2022.03.08-14.16.09:149][  0]SourceControl: Source control is disabled
[2022.03.08-14.16.09:157][  0]SourceControl: Source control is disabled
[2022.03.08-14.16.09:164][  0]SourceControl: Source control is disabled
[2022.03.08-14.16.09:190][  0]SourceControl: Source control is disabled
[2022.03.08-14.16.09:206][  0]LogUProjectInfo: Found projects:
[2022.03.08-14.16.09:707][  0]LogOpenImageDenoise: OIDN starting up
[2022.03.08-14.16.09:811][  0]LogTexture: Default maximum texture size for cubemaps generated from long-lat sources has been changed from 512 to unlimited. In order to preserve old behaiour for '/Engine/EditorMaterials/AssetViewer/EpicQuadPanorama_CC+EV1.EpicQuadPanorama_CC+EV1', its maximum texture size has been explicitly set to 512.
[2022.03.08-14.16.10:585][  0]LogAndroidPermission: UAndroidPermissionCallbackProxy::GetInstance
[2022.03.08-14.16.10:623][  0]LogAudioCaptureCore: Display: No Audio Capture implementations found. Audio input will be silent.
[2022.03.08-14.16.10:623][  0]LogAudioCaptureCore: Display: No Audio Capture implementations found. Audio input will be silent.
[2022.03.08-14.16.10:944][  0]LogCollectionManager: Loaded 0 collections in 0.001520 seconds
[2022.03.08-14.16.10:997][  0]LogFileCache: Scanning file cache for directory 'C:/Users/qwe_o/P8ToBeAnnounced/P8_VR_Home/Saved/Collections/' took 0.00s
[2022.03.08-14.16.10:997][  0]LogFileCache: Scanning file cache for directory 'C:/Users/qwe_o/P8ToBeAnnounced/P8_VR_Home/Content/Developers/qweo/Collections/' took 0.00s
[2022.03.08-14.16.10:997][  0]LogFileCache: Scanning file cache for directory 'C:/Users/qwe_o/P8ToBeAnnounced/P8_VR_Home/Content/Collections/' took 0.00s
[2022.03.08-14.16.10:997][  0]LogOcInput: OculusInput pre-init called
[2022.03.08-14.16.11:599][  0]LogEngine: Initializing Engine...
[2022.03.08-14.16.11:653][  0]LogHMD: Optional extension XR_VARJO_quad_views is not available
[2022.03.08-14.16.11:654][  0]LogHMD: Warning: Required extension XR_EXT_eye_gaze_interaction is not available
[2022.03.08-14.16.11:654][  0]LogHMD: Could not enable all required OpenXR extensions for OpenXREyeTracker on current system. This plugin will be loaded but ignored, but will be enabled on a target platform that supports the required extension.
[2022.03.08-14.16.11:722][  0]LogHMD: Failed to create an OpenXR instance, result is XR_ERROR_RUNTIME_FAILURE. Please check if you have an OpenXR runtime installed. The following extensions were enabled:
[2022.03.08-14.16.11:722][  0]LogHMD: - XR_KHR_D3D11_enable
[2022.03.08-14.16.11:722][  0]LogHMD: - XR_KHR_D3D12_enable
[2022.03.08-14.16.11:722][  0]LogHMD: - XR_KHR_opengl_enable
[2022.03.08-14.16.11:722][  0]LogHMD: - XR_KHR_vulkan_enable
[2022.03.08-14.16.11:722][  0]LogHMD: - XR_KHR_composition_layer_depth
[2022.03.08-14.16.11:722][  0]LogHMD: - XR_KHR_visibility_mask
[2022.03.08-14.16.11:722][  0]LogHMD: - XR_EXT_hand_tracking
[2022.03.08-14.16.11:722][  0]LogMagicLeap: Warning: VR disabled because ZI is not enabled.  To enable, in the editor, Edit -> Project Settings -> Plugins -> Magic Leap Plugin -> Enable Zero Iteration
[2022.03.08-14.16.11:724][  0]LogStats: UGameplayTagsManager::InitializeManager -  0.000 s
[2022.03.08-14.16.12:045][  0]LogInit: Initializing FReadOnlyCVARCache
[2022.03.08-14.16.12:068][  0]LogAIModule: Creating AISystem for world Untitled
[2022.03.08-14.16.12:089][  0]LogAudio: Display: Initializing Audio Device Manager...
[2022.03.08-14.16.12:097][  0]LogAudio: Display: Loading Default Audio Settings Objects...
[2022.03.08-14.16.12:098][  0]LogAudio: Display: No default SoundConcurrencyObject specified (or failed to load).
[2022.03.08-14.16.12:099][  0]LogAudio: Display: Audio Device Manager Initialized
[2022.03.08-14.16.12:099][  0]LogAudio: Display: Creating Audio Device:                 Id: 1, Scope: Shared, Realtime: True
[2022.03.08-14.16.12:099][  0]LogAudioMixer: Display: Audio Mixer Platform Settings:
[2022.03.08-14.16.12:099][  0]LogAudioMixer: Display: 	Sample Rate:						  48000
[2022.03.08-14.16.12:099][  0]LogAudioMixer: Display: 	Callback Buffer Frame Size Requested: 1024
[2022.03.08-14.16.12:099][  0]LogAudioMixer: Display: 	Callback Buffer Frame Size To Use:	  1024
[2022.03.08-14.16.12:099][  0]LogAudioMixer: Display: 	Number of buffers to queue:			  1
[2022.03.08-14.16.12:099][  0]LogAudioMixer: Display: 	Max Channels (voices):				  0
[2022.03.08-14.16.12:100][  0]LogAudioMixer: Display: 	Number of Async Source Workers:		  4
[2022.03.08-14.16.12:100][  0]LogAudio: Display: AudioDevice MaxSources: 32
[2022.03.08-14.16.12:100][  0]LogAudio: Display: Audio Spatialization Plugin: Resonance Audio is external send: 1
[2022.03.08-14.16.12:100][  0]LogAudio: Display: Audio Reverb Plugin: Resonance Audio
[2022.03.08-14.16.12:101][  0]LogAudio: Display: Audio Occlusion Plugin: None (built-in).
[2022.03.08-14.16.12:101][  0]LogAudioMixer: Display: Initializing audio mixer.
[2022.03.08-14.16.12:134][  0]LogAudioMixer: Display: 0: FrontLeft
[2022.03.08-14.16.12:134][  0]LogAudioMixer: Display: 1: FrontRight
[2022.03.08-14.16.12:340][  0]LogAudioMixer: Display: Using Audio Device Speakers (Realtek High Definition Audio)
[2022.03.08-14.16.12:347][  0]LogAudioMixer: Display: Initializing Sound Submixes...
[2022.03.08-14.16.12:355][  0]LogAudioMixer: Display: Creating Master Submix 'MasterSubmixDefault'
[2022.03.08-14.16.12:355][  0]LogAudioMixer: Display: Creating Master Submix 'MasterReverbSubmixDefault'
[2022.03.08-14.16.12:357][  0]LogAudioMixer: Display: Creating Master Submix 'MasterEQSubmixDefault'
[2022.03.08-14.16.12:360][  0]LogAudioMixer: FMixerPlatformXAudio2::StartAudioStream() called
[2022.03.08-14.16.12:360][  0]LogAudioMixer: Display: Output buffers initialized: Frames=1024, Channels=2, Samples=2048
[2022.03.08-14.16.12:362][  0]LogAudioMixer: Display: Starting AudioMixerPlatformInterface::RunInternal()
[2022.03.08-14.16.12:362][  0]LogAudioMixer: Display: FMixerPlatformXAudio2::SubmitBuffer() called for the first time
[2022.03.08-14.16.12:362][  0]LogInit: FAudioDevice initialized.
[2022.03.08-14.16.12:363][  0]LogAudio: Display: Audio Device (ID: 1) registered with world 'Untitled'.
[2022.03.08-14.16.12:363][  0]LogNetVersion: Set ProjectVersion to 1.0.0.0. Version Checksum will be recalculated on next use.
[2022.03.08-14.16.12:482][  0]LogDerivedDataCache: Saved boot cache 0.12s 140MB C:/Users/qwe_o/AppData/Local/UnrealEngine/4.27/DerivedDataCache/Boot.ddc.
[2022.03.08-14.16.12:487][  0]LogInit: Texture streaming: Enabled
[2022.03.08-14.16.12:511][  0]LogAnalytics: Display: [UEEditor.Rocket.Release] APIServer = https://datarouter.ol.epicgames.com/. AppVersion = 4.27.2-18319896+++UE4+Release-4.27
[2022.03.08-14.16.12:521][  0]LogEngineSessionManager: EngineSessionManager initialized
[2022.03.08-14.16.12:521][  0]LogEditorSessionSummary: Verbose: Initializing EditorSessionSummaryWriter for editor session tracking
[2022.03.08-14.16.12:525][  0]LogEditorSessionSummary: EditorSessionSummaryWriter initialized
[2022.03.08-14.16.12:591][  0]LogInit: Transaction tracking system initialized
[2022.03.08-14.16.12:639][  0]BlueprintLog: New page: Editor Load
[2022.03.08-14.16.12:766][  0]LocalizationService: Localization service is disabled
[2022.03.08-14.16.12:816][  0]TimingProfiler: Initialize
[2022.03.08-14.16.12:817][  0]TimingProfiler: OnSessionChanged
[2022.03.08-14.16.12:817][  0]LoadingProfiler: Initialize
[2022.03.08-14.16.12:817][  0]LoadingProfiler: OnSessionChanged
[2022.03.08-14.16.12:817][  0]NetworkingProfiler: Initialize
[2022.03.08-14.16.12:817][  0]NetworkingProfiler: OnSessionChanged
[2022.03.08-14.16.12:817][  0]MemoryProfiler: Initialize
[2022.03.08-14.16.12:817][  0]MemoryProfiler: OnSessionChanged
[2022.03.08-14.16.13:930][  0]LogCook: Display: CookSettings for Memory: MemoryMaxUsedVirtual 0MiB, MemoryMaxUsedPhysical 16384MiB, MemoryMinFreeVirtual 0MiB, MemoryMinFreePhysical 1024MiB
[2022.03.08-14.16.13:930][  0]LogCook: Display: Mobile HDR setting 0
[2022.03.08-14.16.14:362][  0]LogFileCache: Scanning file cache for directory 'C:/Users/qwe_o/P8ToBeAnnounced/P8_VR_Home/Content/' took 0.03s
[2022.03.08-14.16.14:362][  0]LogInit: Display: Engine is initialized. Leaving FEngineLoop::Init()
[2022.03.08-14.16.14:368][  0]SourceControl: Source control is disabled
[2022.03.08-14.16.14:368][  0]LogUnrealEdMisc: Loading editor; pre map load, took 19.882
[2022.03.08-14.16.14:368][  0]Cmd: MAP LOAD FILE="C:/Users/qwe_o/P8ToBeAnnounced/P8_VR_Home/Content/VRTemplate/Maps/VRTemplateMap.umap" TEMPLATE=0 SHOWPROGRESS=1 FEATURELEVEL=3
[2022.03.08-14.16.14:369][  0]LightingResults: New page: Lighting Build
[2022.03.08-14.16.14:371][  0]LogWorld: UWorld::CleanupWorld for Untitled, bSessionEnded=true, bCleanupResources=true
[2022.03.08-14.16.14:372][  0]LogSlate: InvalidateAllWidgets triggered.  All widgets were invalidated
[2022.03.08-14.16.14:372][  0]MapCheck: New page: Map Check
[2022.03.08-14.16.14:372][  0]LightingResults: New page: Lighting Build
[2022.03.08-14.16.14:387][  0]LogAudio: Display: Audio Device unregistered from world 'None'.
[2022.03.08-14.16.14:393][  0]LogUObjectHash: Compacting FUObjectHashTables data took   2.46ms
[2022.03.08-14.16.15:528][  0]LogLinker: Warning: Asset 'C:/Users/qwe_o/P8ToBeAnnounced/P8_VR_Home/Content/Materials/PP_Outliner_Inst.uasset' has been saved with empty engine version. The asset will be loaded but may be incompatible.
[2022.03.08-14.16.15:529][  0]LogLinker: Warning: Asset 'C:/Users/qwe_o/P8ToBeAnnounced/P8_VR_Home/Content/Materials/PP_Outliner_M.uasset' has been saved with empty engine version. The asset will be loaded but may be incompatible.
[2022.03.08-14.16.15:531][  0]LogLinker: Warning: Asset 'C:/Users/qwe_o/P8ToBeAnnounced/P8_VR_Home/Content/Materials/MF_ConvolveTexture.uasset' has been saved with empty engine version. The asset will be loaded but may be incompatible.
[2022.03.08-14.16.15:534][  0]LogLinker: Warning: Asset 'C:/Users/qwe_o/P8ToBeAnnounced/P8_VR_Home/Content/Materials/MF_ExtractDepth.uasset' has been saved with empty engine version. The asset will be loaded but may be incompatible.
[2022.03.08-14.16.15:535][  0]LogLinker: Warning: Asset 'C:/Users/qwe_o/P8ToBeAnnounced/P8_VR_Home/Content/Materials/MF_SampleSceneTextureNeighbourUVs.uasset' has been saved with empty engine version. The asset will be loaded but may be incompatible.
[2022.03.08-14.16.17:525][  0]LogPhysics: Warning: Failed to cook TriMesh: /Game/Marwa/3D_model_from_marwa/Geometries/Group_688_2.Group_688_2.
[2022.03.08-14.16.17:525][  0]LogPhysics: Warning: Attempt to build physics data for /Game/Marwa/3D_model_from_marwa/Geometries/Group_688_2.Group_688_2:BodySetup_0 when we are unable to.
[2022.03.08-14.16.17:595][  0]LogPhysics: Warning: Failed to cook TriMesh: /Game/Marwa/3D_model_from_marwa/Geometries/Group_598_2.Group_598_2.
[2022.03.08-14.16.17:595][  0]LogPhysics: Warning: Attempt to build physics data for /Game/Marwa/3D_model_from_marwa/Geometries/Group_598_2.Group_598_2:BodySetup_0 when we are unable to.
[2022.03.08-14.16.17:702][  0]LogPhysics: Warning: Failed to cook TriMesh: /Game/Marwa/3D_model_from_marwa/Geometries/Group_132_2.Group_132_2.
[2022.03.08-14.16.17:702][  0]LogPhysics: Warning: Attempt to build physics data for /Game/Marwa/3D_model_from_marwa/Geometries/Group_132_2.Group_132_2:BodySetup_0 when we are unable to.
[2022.03.08-14.16.17:978][  0]LogPhysics: Warning: Failed to cook TriMesh: /Game/Marwa/ModelsNew/Group_688_2_001.Group_688_2_001.
[2022.03.08-14.16.17:978][  0]LogPhysics: Warning: Attempt to build physics data for /Game/Marwa/ModelsNew/Group_688_2_001.Group_688_2_001:BodySetup_0 when we are unable to.
[2022.03.08-14.16.17:990][  0]LogPhysicsCore: Warning: PHYSX: (D:\Build\++Fortnite\Sync\Engine\Source\ThirdParty\PhysX3\PhysX_3.4\Source\PhysXCooking\src\convex\QuickHullConvexHullLib.cpp 937) eINTERNAL_ERROR : QuickHullConvexHullLib::findSimplex: Simplex input points appers to be coplanar.
[2022.03.08-14.16.17:990][  0]LogPhysicsCore: Warning: PHYSX: (D:\Build\++Fortnite\Sync\Engine\Source\ThirdParty\PhysX3\PhysX_3.4\Source\PhysXCooking\src\convex\QuickHullConvexHullLib.cpp 937) eINTERNAL_ERROR : QuickHullConvexHullLib::findSimplex: Simplex input points appers to be coplanar.
[2022.03.08-14.16.17:990][  0]LogPhysics: Warning: Failed to cook convex: /Game/Marwa/ModelsNew/Group_658_001.Group_658_001 0 (FlipX:0). The remaining elements will not get cooked.
[2022.03.08-14.16.17:990][  0]LogPhysics: Warning: Failed to cook TriMesh: /Game/Marwa/ModelsNew/Group_658_001.Group_658_001.
[2022.03.08-14.16.17:990][  0]LogPhysics: Warning: Attempt to build physics data for /Game/Marwa/ModelsNew/Group_658_001.Group_658_001:BodySetup_0 when we are unable to.
[2022.03.08-14.16.17:997][  0]LogPhysics: Warning: Failed to cook TriMesh: /Game/Marwa/ModelsNew/Group_629_001.Group_629_001.
[2022.03.08-14.16.17:998][  0]LogPhysics: Warning: Attempt to build physics data for /Game/Marwa/ModelsNew/Group_629_001.Group_629_001:BodySetup_0 when we are unable to.
[2022.03.08-14.16.18:009][  0]LogPhysics: Warning: Failed to cook TriMesh: /Game/Marwa/ModelsNew/Group_621_001.Group_621_001.
[2022.03.08-14.16.18:009][  0]LogPhysics: Warning: Attempt to build physics data for /Game/Marwa/ModelsNew/Group_621_001.Group_621_001:BodySetup_0 when we are unable to.
[2022.03.08-14.16.18:034][  0]LogPhysicsCore: Warning: PHYSX: (D:\Build\++Fortnite\Sync\Engine\Source\ThirdParty\PhysX3\PhysX_3.4\Source\PhysXCooking\src\convex\QuickHullConvexHullLib.cpp 937) eINTERNAL_ERROR : QuickHullConvexHullLib::findSimplex: Simplex input points appers to be coplanar.
[2022.03.08-14.16.18:034][  0]LogPhysicsCore: Warning: PHYSX: (D:\Build\++Fortnite\Sync\Engine\Source\ThirdParty\PhysX3\PhysX_3.4\Source\PhysXCooking\src\convex\QuickHullConvexHullLib.cpp 937) eINTERNAL_ERROR : QuickHullConvexHullLib::findSimplex: Simplex input points appers to be coplanar.
[2022.03.08-14.16.18:034][  0]LogPhysics: Warning: Failed to cook convex: /Game/Marwa/ModelsNew/Group_579_001.Group_579_001 0 (FlipX:0). The remaining elements will not get cooked.
[2022.03.08-14.16.18:034][  0]LogPhysicsCore: Warning: PHYSX: (D:\Build\++Fortnite\Sync\Engine\Source\ThirdParty\PhysX3\PhysX_3.4\Source\PhysXCooking\src\convex\QuickHullConvexHullLib.cpp 937) eINTERNAL_ERROR : QuickHullConvexHullLib::findSimplex: Simplex input points appers to be coplanar.
[2022.03.08-14.16.18:034][  0]LogPhysicsCore: Warning: PHYSX: (D:\Build\++Fortnite\Sync\Engine\Source\ThirdParty\PhysX3\PhysX_3.4\Source\PhysXCooking\src\convex\QuickHullConvexHullLib.cpp 937) eINTERNAL_ERROR : QuickHullConvexHullLib::findSimplex: Simplex input points appers to be coplanar.
[2022.03.08-14.16.18:034][  0]LogPhysics: Warning: Failed to cook convex: /Game/Marwa/ModelsNew/Group_579_001.Group_579_001 0 (FlipX:1). The remaining elements will not get cooked.
[2022.03.08-14.16.18:034][  0]LogPhysics: Warning: Attempt to build physics data for /Game/Marwa/ModelsNew/Group_579_001.Group_579_001:BodySetup_0 when we are unable to.
[2022.03.08-14.16.18:812][  0]LogAudio: Display: Audio Device (ID: 1) registered with world 'VRTemplateMap'.
[2022.03.08-14.16.18:814][  0]LogAIModule: Creating AISystem for world VRTemplateMap
[2022.03.08-14.16.18:858][  0]LogPhysics: Warning: PopulatePhysXGeometryAndTransform(Convex): ConvexElem is missing ConvexMesh
[2022.03.08-14.16.18:858][  0]LogPhysics: Warning: ForeachShape(Convex): ScaledElem[0] invalid
[2022.03.08-14.16.18:924][  0]LogPhysics: Warning: PopulatePhysXGeometryAndTransform(Convex): ConvexElem is missing ConvexMesh
[2022.03.08-14.16.18:924][  0]LogPhysics: Warning: ForeachShape(Convex): ScaledElem[0] invalid
[2022.03.08-14.16.18:924][  0]LogPhysics: Warning: PopulatePhysXGeometryAndTransform(Convex): ConvexElem is missing ConvexMesh
[2022.03.08-14.16.18:924][  0]LogPhysics: Warning: ForeachShape(Convex): ScaledElem[0] invalid
[2022.03.08-14.16.18:924][  0]LogPhysics: Warning: PopulatePhysXGeometryAndTransform(Convex): ConvexElem is missing ConvexMesh
[2022.03.08-14.16.18:924][  0]LogPhysics: Warning: ForeachShape(Convex): ScaledElem[0] invalid
[2022.03.08-14.16.19:013][  0]LogEditorServer: Finished looking for orphan Actors (0.001 secs)
[2022.03.08-14.16.19:015][  0]LogNavigation: Warning: Recreating dtNavMesh instance due to saved navmesh origin (X=-20.000 Y=0.000 Z=10.000, usually the RecastNavMesh location) not being aligned with tile size (1000 uu) 
[2022.03.08-14.16.19:105][  0]LogUObjectHash: Compacting FUObjectHashTables data took   3.14ms
[2022.03.08-14.16.19:105][  0]Cmd: MAP CHECKDEP NOCLEARLOG
[2022.03.08-14.16.19:106][  0]MapCheck: Map check complete: 0 Error(s), 0 Warning(s), took 0,609ms to complete.
[2022.03.08-14.16.19:106][  0]LogFileHelpers: Loading map 'VRTemplateMap' took 4.739
[2022.03.08-14.16.19:110][  0]LogUnrealEdMisc: Total Editor Startup Time, took 24.625
[2022.03.08-14.16.19:301][  0]LogSlate: Updating window title bar state: overlay mode, drag disabled, window buttons hidden, title bar hidden
[2022.03.08-14.16.19:322][  0]LogSlate: Updating window title bar state: overlay mode, drag disabled, window buttons hidden, title bar hidden
[2022.03.08-14.16.19:337][  0]LogSlate: Updating window title bar state: overlay mode, drag disabled, window buttons hidden, title bar hidden
[2022.03.08-14.16.19:356][  0]LogSlate: Updating window title bar state: overlay mode, drag disabled, window buttons hidden, title bar hidden
[2022.03.08-14.16.19:411][  0]LogNativeClassHierarchy: Verbose: Native class hierarchy populated in 0.0298 seconds. Added 4030 classes and 980 folders.
[2022.03.08-14.16.19:416][  0]LogNativeClassHierarchy: Verbose: Native class hierarchy updated for 'WidgetCarousel' in 0.0004 seconds. Added 0 classes and 0 folders.
[2022.03.08-14.16.19:419][  0]LogPakFile: PakFile PrimaryIndexSize=187
[2022.03.08-14.16.19:419][  0]LogPakFile: PakFile PathHashIndexSize=101
[2022.03.08-14.16.19:419][  0]LogPakFile: PakFile FullDirectoryIndexSize=148
[2022.03.08-14.16.19:419][  0]LogShaderLibrary: Display: ShaderCodeLibraryPakFileMountedCallback: PakFile 'D:/Program Files/Epic Games/UE_4.27/FeaturePacks/FP_FirstPerson.upack' (chunk index -1, root 'root:/') mounted
[2022.03.08-14.16.19:419][  0]LogShaderLibrary: Display: ShaderCodeLibraryPakFileMountedCallback: pending pak file info (ChunkID:-1 Root:root:/ File:D:/Program Files/Epic Games/UE_4.27/FeaturePacks/FP_FirstPerson.upack)
[2022.03.08-14.16.19:419][  0]LogPakFile: OnPakFileMounted2Time == 0.000118
[2022.03.08-14.16.19:421][  0]LogPakFile: PakFile PrimaryIndexSize=189
[2022.03.08-14.16.19:421][  0]LogPakFile: PakFile PathHashIndexSize=101
[2022.03.08-14.16.19:421][  0]LogPakFile: PakFile FullDirectoryIndexSize=152
[2022.03.08-14.16.19:421][  0]LogShaderLibrary: Display: ShaderCodeLibraryPakFileMountedCallback: PakFile 'D:/Program Files/Epic Games/UE_4.27/FeaturePacks/FP_FirstPersonBP.upack' (chunk index -1, root 'root:/') mounted
[2022.03.08-14.16.19:421][  0]LogShaderLibrary: Display: ShaderCodeLibraryPakFileMountedCallback: pending pak file info (ChunkID:-1 Root:root:/ File:D:/Program Files/Epic Games/UE_4.27/FeaturePacks/FP_FirstPersonBP.upack)
[2022.03.08-14.16.19:421][  0]LogPakFile: OnPakFileMounted2Time == 0.000090
[2022.03.08-14.16.19:423][  0]LogPakFile: PakFile PrimaryIndexSize=191
[2022.03.08-14.16.19:423][  0]LogPakFile: PakFile PathHashIndexSize=101
[2022.03.08-14.16.19:423][  0]LogPakFile: PakFile FullDirectoryIndexSize=160
[2022.03.08-14.16.19:423][  0]LogShaderLibrary: Display: ShaderCodeLibraryPakFileMountedCallback: PakFile 'D:/Program Files/Epic Games/UE_4.27/FeaturePacks/MobileStarterContent.upack' (chunk index -1, root 'root:/') mounted
[2022.03.08-14.16.19:423][  0]LogShaderLibrary: Display: ShaderCodeLibraryPakFileMountedCallback: pending pak file info (ChunkID:-1 Root:root:/ File:D:/Program Files/Epic Games/UE_4.27/FeaturePacks/MobileStarterContent.upack)
[2022.03.08-14.16.19:423][  0]LogPakFile: OnPakFileMounted2Time == 0.000080
[2022.03.08-14.16.19:424][  0]LogPakFile: PakFile PrimaryIndexSize=185
[2022.03.08-14.16.19:424][  0]LogPakFile: PakFile PathHashIndexSize=101
[2022.03.08-14.16.19:424][  0]LogPakFile: PakFile FullDirectoryIndexSize=148
[2022.03.08-14.16.19:425][  0]LogShaderLibrary: Display: ShaderCodeLibraryPakFileMountedCallback: PakFile 'D:/Program Files/Epic Games/UE_4.27/FeaturePacks/StarterContent.upack' (chunk index -1, root 'root:/') mounted
[2022.03.08-14.16.19:425][  0]LogShaderLibrary: Display: ShaderCodeLibraryPakFileMountedCallback: pending pak file info (ChunkID:-1 Root:root:/ File:D:/Program Files/Epic Games/UE_4.27/FeaturePacks/StarterContent.upack)
[2022.03.08-14.16.19:425][  0]LogPakFile: OnPakFileMounted2Time == 0.000214
[2022.03.08-14.16.19:427][  0]LogPakFile: PakFile PrimaryIndexSize=190
[2022.03.08-14.16.19:427][  0]LogPakFile: PakFile PathHashIndexSize=101
[2022.03.08-14.16.19:427][  0]LogPakFile: PakFile FullDirectoryIndexSize=154
[2022.03.08-14.16.19:427][  0]LogShaderLibrary: Display: ShaderCodeLibraryPakFileMountedCallback: PakFile 'D:/Program Files/Epic Games/UE_4.27/FeaturePacks/TP_2DSideScroller.upack' (chunk index -1, root 'root:/') mounted
[2022.03.08-14.16.19:427][  0]LogShaderLibrary: Display: ShaderCodeLibraryPakFileMountedCallback: pending pak file info (ChunkID:-1 Root:root:/ File:D:/Program Files/Epic Games/UE_4.27/FeaturePacks/TP_2DSideScroller.upack)
[2022.03.08-14.16.19:427][  0]LogPakFile: OnPakFileMounted2Time == 0.000123
[2022.03.08-14.16.19:429][  0]LogPakFile: PakFile PrimaryIndexSize=192
[2022.03.08-14.16.19:429][  0]LogPakFile: PakFile PathHashIndexSize=101
[2022.03.08-14.16.19:429][  0]LogPakFile: PakFile FullDirectoryIndexSize=158
[2022.03.08-14.16.19:429][  0]LogShaderLibrary: Display: ShaderCodeLibraryPakFileMountedCallback: PakFile 'D:/Program Files/Epic Games/UE_4.27/FeaturePacks/TP_2DSideScrollerBP.upack' (chunk index -1, root 'root:/') mounted
[2022.03.08-14.16.19:429][  0]LogShaderLibrary: Display: ShaderCodeLibraryPakFileMountedCallback: pending pak file info (ChunkID:-1 Root:root:/ File:D:/Program Files/Epic Games/UE_4.27/FeaturePacks/TP_2DSideScrollerBP.upack)
[2022.03.08-14.16.19:429][  0]LogPakFile: OnPakFileMounted2Time == 0.000133
[2022.03.08-14.16.19:431][  0]LogPakFile: PakFile PrimaryIndexSize=182
[2022.03.08-14.16.19:431][  0]LogPakFile: PakFile PathHashIndexSize=101
[2022.03.08-14.16.19:431][  0]LogPakFile: PakFile FullDirectoryIndexSize=138
[2022.03.08-14.16.19:431][  0]LogShaderLibrary: Display: ShaderCodeLibraryPakFileMountedCallback: PakFile 'D:/Program Files/Epic Games/UE_4.27/FeaturePacks/TP_Flying.upack' (chunk index -1, root 'root:/') mounted
[2022.03.08-14.16.19:431][  0]LogShaderLibrary: Display: ShaderCodeLibraryPakFileMountedCallback: pending pak file info (ChunkID:-1 Root:root:/ File:D:/Program Files/Epic Games/UE_4.27/FeaturePacks/TP_Flying.upack)
[2022.03.08-14.16.19:431][  0]LogPakFile: OnPakFileMounted2Time == 0.000078
[2022.03.08-14.16.19:432][  0]LogPakFile: PakFile PrimaryIndexSize=184
[2022.03.08-14.16.19:432][  0]LogPakFile: PakFile PathHashIndexSize=101
[2022.03.08-14.16.19:432][  0]LogPakFile: PakFile FullDirectoryIndexSize=142
[2022.03.08-14.16.19:432][  0]LogShaderLibrary: Display: ShaderCodeLibraryPakFileMountedCallback: PakFile 'D:/Program Files/Epic Games/UE_4.27/FeaturePacks/TP_FlyingBP.upack' (chunk index -1, root 'root:/') mounted
[2022.03.08-14.16.19:432][  0]LogShaderLibrary: Display: ShaderCodeLibraryPakFileMountedCallback: pending pak file info (ChunkID:-1 Root:root:/ File:D:/Program Files/Epic Games/UE_4.27/FeaturePacks/TP_FlyingBP.upack)
[2022.03.08-14.16.19:432][  0]LogPakFile: OnPakFileMounted2Time == 0.000071
[2022.03.08-14.16.19:434][  0]LogPakFile: PakFile PrimaryIndexSize=188
[2022.03.08-14.16.19:434][  0]LogPakFile: PakFile PathHashIndexSize=101
[2022.03.08-14.16.19:434][  0]LogPakFile: PakFile FullDirectoryIndexSize=150
[2022.03.08-14.16.19:434][  0]LogShaderLibrary: Display: ShaderCodeLibraryPakFileMountedCallback: PakFile 'D:/Program Files/Epic Games/UE_4.27/FeaturePacks/TP_HandheldARBP.upack' (chunk index -1, root 'root:/') mounted
[2022.03.08-14.16.19:434][  0]LogShaderLibrary: Display: ShaderCodeLibraryPakFileMountedCallback: pending pak file info (ChunkID:-1 Root:root:/ File:D:/Program Files/Epic Games/UE_4.27/FeaturePacks/TP_HandheldARBP.upack)
[2022.03.08-14.16.19:434][  0]LogPakFile: OnPakFileMounted2Time == 0.000068
[2022.03.08-14.16.19:436][  0]LogPakFile: PakFile PrimaryIndexSize=182
[2022.03.08-14.16.19:436][  0]LogPakFile: PakFile PathHashIndexSize=101
[2022.03.08-14.16.19:436][  0]LogPakFile: PakFile FullDirectoryIndexSize=138
[2022.03.08-14.16.19:436][  0]LogShaderLibrary: Display: ShaderCodeLibraryPakFileMountedCallback: PakFile 'D:/Program Files/Epic Games/UE_4.27/FeaturePacks/TP_Puzzle.upack' (chunk index -1, root 'root:/') mounted
[2022.03.08-14.16.19:436][  0]LogShaderLibrary: Display: ShaderCodeLibraryPakFileMountedCallback: pending pak file info (ChunkID:-1 Root:root:/ File:D:/Program Files/Epic Games/UE_4.27/FeaturePacks/TP_Puzzle.upack)
[2022.03.08-14.16.19:436][  0]LogPakFile: OnPakFileMounted2Time == 0.000115
[2022.03.08-14.16.19:438][  0]LogPakFile: PakFile PrimaryIndexSize=184
[2022.03.08-14.16.19:438][  0]LogPakFile: PakFile PathHashIndexSize=101
[2022.03.08-14.16.19:438][  0]LogPakFile: PakFile FullDirectoryIndexSize=142
[2022.03.08-14.16.19:438][  0]LogShaderLibrary: Display: ShaderCodeLibraryPakFileMountedCallback: PakFile 'D:/Program Files/Epic Games/UE_4.27/FeaturePacks/TP_PuzzleBP.upack' (chunk index -1, root 'root:/') mounted
[2022.03.08-14.16.19:438][  0]LogShaderLibrary: Display: ShaderCodeLibraryPakFileMountedCallback: pending pak file info (ChunkID:-1 Root:root:/ File:D:/Program Files/Epic Games/UE_4.27/FeaturePacks/TP_PuzzleBP.upack)
[2022.03.08-14.16.19:438][  0]LogPakFile: OnPakFileMounted2Time == 0.000113
[2022.03.08-14.16.19:439][  0]LogPakFile: PakFile PrimaryIndexSize=183
[2022.03.08-14.16.19:439][  0]LogPakFile: PakFile PathHashIndexSize=101
[2022.03.08-14.16.19:439][  0]LogPakFile: PakFile FullDirectoryIndexSize=140
[2022.03.08-14.16.19:440][  0]LogShaderLibrary: Display: ShaderCodeLibraryPakFileMountedCallback: PakFile 'D:/Program Files/Epic Games/UE_4.27/FeaturePacks/TP_Rolling.upack' (chunk index -1, root 'root:/') mounted
[2022.03.08-14.16.19:440][  0]LogShaderLibrary: Display: ShaderCodeLibraryPakFileMountedCallback: pending pak file info (ChunkID:-1 Root:root:/ File:D:/Program Files/Epic Games/UE_4.27/FeaturePacks/TP_Rolling.upack)
[2022.03.08-14.16.19:440][  0]LogPakFile: OnPakFileMounted2Time == 0.000114
[2022.03.08-14.16.19:441][  0]LogPakFile: PakFile PrimaryIndexSize=185
[2022.03.08-14.16.19:441][  0]LogPakFile: PakFile PathHashIndexSize=101
[2022.03.08-14.16.19:442][  0]LogPakFile: PakFile FullDirectoryIndexSize=144
[2022.03.08-14.16.19:442][  0]LogShaderLibrary: Display: ShaderCodeLibraryPakFileMountedCallback: PakFile 'D:/Program Files/Epic Games/UE_4.27/FeaturePacks/TP_RollingBP.upack' (chunk index -1, root 'root:/') mounted
[2022.03.08-14.16.19:442][  0]LogShaderLibrary: Display: ShaderCodeLibraryPakFileMountedCallback: pending pak file info (ChunkID:-1 Root:root:/ File:D:/Program Files/Epic Games/UE_4.27/FeaturePacks/TP_RollingBP.upack)
[2022.03.08-14.16.19:442][  0]LogPakFile: OnPakFileMounted2Time == 0.000113
[2022.03.08-14.16.19:443][  0]LogPakFile: PakFile PrimaryIndexSize=188
[2022.03.08-14.16.19:444][  0]LogPakFile: PakFile PathHashIndexSize=101
[2022.03.08-14.16.19:444][  0]LogPakFile: PakFile FullDirectoryIndexSize=150
[2022.03.08-14.16.19:444][  0]LogShaderLibrary: Display: ShaderCodeLibraryPakFileMountedCallback: PakFile 'D:/Program Files/Epic Games/UE_4.27/FeaturePacks/TP_SideScroller.upack' (chunk index -1, root 'root:/') mounted
[2022.03.08-14.16.19:444][  0]LogShaderLibrary: Display: ShaderCodeLibraryPakFileMountedCallback: pending pak file info (ChunkID:-1 Root:root:/ File:D:/Program Files/Epic Games/UE_4.27/FeaturePacks/TP_SideScroller.upack)
[2022.03.08-14.16.19:444][  0]LogPakFile: OnPakFileMounted2Time == 0.000114
[2022.03.08-14.16.19:446][  0]LogPakFile: PakFile PrimaryIndexSize=190
[2022.03.08-14.16.19:446][  0]LogPakFile: PakFile PathHashIndexSize=101
[2022.03.08-14.16.19:446][  0]LogPakFile: PakFile FullDirectoryIndexSize=154
[2022.03.08-14.16.19:446][  0]LogShaderLibrary: Display: ShaderCodeLibraryPakFileMountedCallback: PakFile 'D:/Program Files/Epic Games/UE_4.27/FeaturePacks/TP_SideScrollerBP.upack' (chunk index -1, root 'root:/') mounted
[2022.03.08-14.16.19:446][  0]LogShaderLibrary: Display: ShaderCodeLibraryPakFileMountedCallback: pending pak file info (ChunkID:-1 Root:root:/ File:D:/Program Files/Epic Games/UE_4.27/FeaturePacks/TP_SideScrollerBP.upack)
[2022.03.08-14.16.19:446][  0]LogPakFile: OnPakFileMounted2Time == 0.000118
[2022.03.08-14.16.19:448][  0]LogPakFile: PakFile PrimaryIndexSize=187
[2022.03.08-14.16.19:448][  0]LogPakFile: PakFile PathHashIndexSize=101
[2022.03.08-14.16.19:448][  0]LogPakFile: PakFile FullDirectoryIndexSize=148
[2022.03.08-14.16.19:448][  0]LogShaderLibrary: Display: ShaderCodeLibraryPakFileMountedCallback: PakFile 'D:/Program Files/Epic Games/UE_4.27/FeaturePacks/TP_ThirdPerson.upack' (chunk index -1, root 'root:/') mounted
[2022.03.08-14.16.19:448][  0]LogShaderLibrary: Display: ShaderCodeLibraryPakFileMountedCallback: pending pak file info (ChunkID:-1 Root:root:/ File:D:/Program Files/Epic Games/UE_4.27/FeaturePacks/TP_ThirdPerson.upack)
[2022.03.08-14.16.19:448][  0]LogPakFile: OnPakFileMounted2Time == 0.000120
[2022.03.08-14.16.19:450][  0]LogPakFile: PakFile PrimaryIndexSize=189
[2022.03.08-14.16.19:450][  0]LogPakFile: PakFile PathHashIndexSize=101
[2022.03.08-14.16.19:450][  0]LogPakFile: PakFile FullDirectoryIndexSize=152
[2022.03.08-14.16.19:450][  0]LogShaderLibrary: Display: ShaderCodeLibraryPakFileMountedCallback: PakFile 'D:/Program Files/Epic Games/UE_4.27/FeaturePacks/TP_ThirdPersonBP.upack' (chunk index -1, root 'root:/') mounted
[2022.03.08-14.16.19:450][  0]LogShaderLibrary: Display: ShaderCodeLibraryPakFileMountedCallback: pending pak file info (ChunkID:-1 Root:root:/ File:D:/Program Files/Epic Games/UE_4.27/FeaturePacks/TP_ThirdPersonBP.upack)
[2022.03.08-14.16.19:450][  0]LogPakFile: OnPakFileMounted2Time == 0.000123
[2022.03.08-14.16.19:452][  0]LogPakFile: PakFile PrimaryIndexSize=183
[2022.03.08-14.16.19:452][  0]LogPakFile: PakFile PathHashIndexSize=101
[2022.03.08-14.16.19:452][  0]LogPakFile: PakFile FullDirectoryIndexSize=140
[2022.03.08-14.16.19:452][  0]LogShaderLibrary: Display: ShaderCodeLibraryPakFileMountedCallback: PakFile 'D:/Program Files/Epic Games/UE_4.27/FeaturePacks/TP_TopDown.upack' (chunk index -1, root 'root:/') mounted
[2022.03.08-14.16.19:452][  0]LogShaderLibrary: Display: ShaderCodeLibraryPakFileMountedCallback: pending pak file info (ChunkID:-1 Root:root:/ File:D:/Program Files/Epic Games/UE_4.27/FeaturePacks/TP_TopDown.upack)
[2022.03.08-14.16.19:452][  0]LogPakFile: OnPakFileMounted2Time == 0.000150
[2022.03.08-14.16.19:454][  0]LogPakFile: PakFile PrimaryIndexSize=185
[2022.03.08-14.16.19:454][  0]LogPakFile: PakFile PathHashIndexSize=101
[2022.03.08-14.16.19:454][  0]LogPakFile: PakFile FullDirectoryIndexSize=144
[2022.03.08-14.16.19:454][  0]LogShaderLibrary: Display: ShaderCodeLibraryPakFileMountedCallback: PakFile 'D:/Program Files/Epic Games/UE_4.27/FeaturePacks/TP_TopDownBP.upack' (chunk index -1, root 'root:/') mounted
[2022.03.08-14.16.19:454][  0]LogShaderLibrary: Display: ShaderCodeLibraryPakFileMountedCallback: pending pak file info (ChunkID:-1 Root:root:/ File:D:/Program Files/Epic Games/UE_4.27/FeaturePacks/TP_TopDownBP.upack)
[2022.03.08-14.16.19:454][  0]LogPakFile: OnPakFileMounted2Time == 0.000132
[2022.03.08-14.16.19:456][  0]LogPakFile: PakFile PrimaryIndexSize=185
[2022.03.08-14.16.19:456][  0]LogPakFile: PakFile PathHashIndexSize=101
[2022.03.08-14.16.19:456][  0]LogPakFile: PakFile FullDirectoryIndexSize=144
[2022.03.08-14.16.19:456][  0]LogShaderLibrary: Display: ShaderCodeLibraryPakFileMountedCallback: PakFile 'D:/Program Files/Epic Games/UE_4.27/FeaturePacks/TP_TwinStick.upack' (chunk index -1, root 'root:/') mounted
[2022.03.08-14.16.19:456][  0]LogShaderLibrary: Display: ShaderCodeLibraryPakFileMountedCallback: pending pak file info (ChunkID:-1 Root:root:/ File:D:/Program Files/Epic Games/UE_4.27/FeaturePacks/TP_TwinStick.upack)
[2022.03.08-14.16.19:456][  0]LogPakFile: OnPakFileMounted2Time == 0.000124
[2022.03.08-14.16.19:458][  0]LogPakFile: PakFile PrimaryIndexSize=187
[2022.03.08-14.16.19:458][  0]LogPakFile: PakFile PathHashIndexSize=101
[2022.03.08-14.16.19:458][  0]LogPakFile: PakFile FullDirectoryIndexSize=148
[2022.03.08-14.16.19:458][  0]LogShaderLibrary: Display: ShaderCodeLibraryPakFileMountedCallback: PakFile 'D:/Program Files/Epic Games/UE_4.27/FeaturePacks/TP_TwinStickBP.upack' (chunk index -1, root 'root:/') mounted
[2022.03.08-14.16.19:458][  0]LogShaderLibrary: Display: ShaderCodeLibraryPakFileMountedCallback: pending pak file info (ChunkID:-1 Root:root:/ File:D:/Program Files/Epic Games/UE_4.27/FeaturePacks/TP_TwinStickBP.upack)
[2022.03.08-14.16.19:458][  0]LogPakFile: OnPakFileMounted2Time == 0.000082
[2022.03.08-14.16.19:460][  0]LogPakFile: PakFile PrimaryIndexSize=183
[2022.03.08-14.16.19:460][  0]LogPakFile: PakFile PathHashIndexSize=101
[2022.03.08-14.16.19:460][  0]LogPakFile: PakFile FullDirectoryIndexSize=140
[2022.03.08-14.16.19:460][  0]LogShaderLibrary: Display: ShaderCodeLibraryPakFileMountedCallback: PakFile 'D:/Program Files/Epic Games/UE_4.27/FeaturePacks/TP_Vehicle.upack' (chunk index -1, root 'root:/') mounted
[2022.03.08-14.16.19:460][  0]LogShaderLibrary: Display: ShaderCodeLibraryPakFileMountedCallback: pending pak file info (ChunkID:-1 Root:root:/ File:D:/Program Files/Epic Games/UE_4.27/FeaturePacks/TP_Vehicle.upack)
[2022.03.08-14.16.19:460][  0]LogPakFile: OnPakFileMounted2Time == 0.000087
[2022.03.08-14.16.19:461][  0]LogPakFile: PakFile PrimaryIndexSize=186
[2022.03.08-14.16.19:461][  0]LogPakFile: PakFile PathHashIndexSize=101
[2022.03.08-14.16.19:461][  0]LogPakFile: PakFile FullDirectoryIndexSize=146
[2022.03.08-14.16.19:462][  0]LogShaderLibrary: Display: ShaderCodeLibraryPakFileMountedCallback: PakFile 'D:/Program Files/Epic Games/UE_4.27/FeaturePacks/TP_VehicleAdv.upack' (chunk index -1, root 'root:/') mounted
[2022.03.08-14.16.19:462][  0]LogShaderLibrary: Display: ShaderCodeLibraryPakFileMountedCallback: pending pak file info (ChunkID:-1 Root:root:/ File:D:/Program Files/Epic Games/UE_4.27/FeaturePacks/TP_VehicleAdv.upack)
[2022.03.08-14.16.19:462][  0]LogPakFile: OnPakFileMounted2Time == 0.000092
[2022.03.08-14.16.19:463][  0]LogPakFile: PakFile PrimaryIndexSize=188
[2022.03.08-14.16.19:463][  0]LogPakFile: PakFile PathHashIndexSize=101
[2022.03.08-14.16.19:463][  0]LogPakFile: PakFile FullDirectoryIndexSize=150
[2022.03.08-14.16.19:463][  0]LogShaderLibrary: Display: ShaderCodeLibraryPakFileMountedCallback: PakFile 'D:/Program Files/Epic Games/UE_4.27/FeaturePacks/TP_VehicleAdvBP.upack' (chunk index -1, root 'root:/') mounted
[2022.03.08-14.16.19:463][  0]LogShaderLibrary: Display: ShaderCodeLibraryPakFileMountedCallback: pending pak file info (ChunkID:-1 Root:root:/ File:D:/Program Files/Epic Games/UE_4.27/FeaturePacks/TP_VehicleAdvBP.upack)
[2022.03.08-14.16.19:463][  0]LogPakFile: OnPakFileMounted2Time == 0.000093
[2022.03.08-14.16.19:464][  0]LogPakFile: PakFile PrimaryIndexSize=185
[2022.03.08-14.16.19:465][  0]LogPakFile: PakFile PathHashIndexSize=101
[2022.03.08-14.16.19:465][  0]LogPakFile: PakFile FullDirectoryIndexSize=144
[2022.03.08-14.16.19:465][  0]LogShaderLibrary: Display: ShaderCodeLibraryPakFileMountedCallback: PakFile 'D:/Program Files/Epic Games/UE_4.27/FeaturePacks/TP_VehicleBP.upack' (chunk index -1, root 'root:/') mounted
[2022.03.08-14.16.19:465][  0]LogShaderLibrary: Display: ShaderCodeLibraryPakFileMountedCallback: pending pak file info (ChunkID:-1 Root:root:/ File:D:/Program Files/Epic Games/UE_4.27/FeaturePacks/TP_VehicleBP.upack)
[2022.03.08-14.16.19:465][  0]LogPakFile: OnPakFileMounted2Time == 0.000157
[2022.03.08-14.16.19:466][  0]LogPakFile: PakFile PrimaryIndexSize=192
[2022.03.08-14.16.19:466][  0]LogPakFile: PakFile PathHashIndexSize=101
[2022.03.08-14.16.19:466][  0]LogPakFile: PakFile FullDirectoryIndexSize=158
[2022.03.08-14.16.19:466][  0]LogShaderLibrary: Display: ShaderCodeLibraryPakFileMountedCallback: PakFile 'D:/Program Files/Epic Games/UE_4.27/FeaturePacks/TP_VirtualRealityBP.upack' (chunk index -1, root 'root:/') mounted
[2022.03.08-14.16.19:466][  0]LogShaderLibrary: Display: ShaderCodeLibraryPakFileMountedCallback: pending pak file info (ChunkID:-1 Root:root:/ File:D:/Program Files/Epic Games/UE_4.27/FeaturePacks/TP_VirtualRealityBP.upack)
[2022.03.08-14.16.19:466][  0]LogPakFile: OnPakFileMounted2Time == 0.000074
[2022.03.08-14.16.19:624][  0]LogNativeClassHierarchy: Verbose: Native class hierarchy updated for 'AddContentDialog' in 0.0004 seconds. Added 0 classes and 0 folders.
[2022.03.08-14.16.19:665][  0]LogSlate: Took 0.000468 seconds to synchronously load lazily loaded font '../../../Engine/Content/Slate/Fonts/Roboto-Regular.ttf' (155K)
[2022.03.08-14.16.19:668][  0]LogSlate: Took 0.000448 seconds to synchronously load lazily loaded font '../../../Engine/Content/Editor/Slate/Fonts/FontAwesome.ttf' (139K)
[2022.03.08-14.16.19:676][  0]LogSlate: Took 0.000350 seconds to synchronously load lazily loaded font '../../../Engine/Content/Slate/Fonts/Roboto-Bold.ttf' (160K)
[2022.03.08-14.16.19:897][  0]LogRenderer: Reallocating scene render targets to support 1148x564 Format 10 NumSamples 4 (Frame:1).
[2022.03.08-14.16.19:998][  0]LogSlate: Took 0.000453 seconds to synchronously load lazily loaded font '../../../Engine/Content/Slate/Fonts/Roboto-Light.ttf' (167K)
[2022.03.08-14.16.20:084][  0]LogNativeClassHierarchy: Verbose: Native class hierarchy updated for 'HierarchicalLODOutliner' in 0.0004 seconds. Added 0 classes and 0 folders.
[2022.03.08-14.16.20:084][  0]LogLoad: (Engine Initialization) Total time: 25.60 seconds
[2022.03.08-14.16.20:084][  0]LogLoad: (Engine Initialization) Total Blueprint compile time: 0.00 seconds
[2022.03.08-14.16.20:165][  0]LogContentStreaming: Texture pool size now 1000 MB
[2022.03.08-14.16.20:195][  1]LogFileCache: Retrieving MD5 hashes for directory 'C:/Users/qwe_o/P8ToBeAnnounced/P8_VR_Home/Content/' took 0.08s
[2022.03.08-14.16.20:263][  1]LogResonanceAudio: Display: Resonance Audio Listener is initialized
[2022.03.08-14.16.20:312][  2]LogAssetRegistry: Asset discovery search completed in 15.8500 seconds
[2022.03.08-14.16.20:325][  2]LogCollectionManager: Fixed up redirectors for 0 collections in 0.000007 seconds (updated 0 objects)
[2022.03.08-14.16.21:123][ 29]LogSlate: Took 0.000428 seconds to synchronously load lazily loaded font '../../../Engine/Content/Slate/Fonts/Roboto-Light.ttf' (167K)
[2022.03.08-14.16.25:832][227]LogTcpMessaging: Started Connection to '127.0.0.1:6666'
[2022.03.08-14.17.57:928][705]Cmd: CAMERA ALIGN ACTIVEVIEWPORTONLY
[2022.03.08-14.18.29:963][542]LogAssetEditorSubsystem: Opening Asset editor for Blueprint /Game/ScriptsBluePrints/DoorsAndClosets2/CabinetLeft.CabinetLeft
[2022.03.08-14.18.30:230][542]LogEnum: Warning: Enum name collision: 'GrabType::NewEnumerator0' is in both '/Game/ScriptsBluePrints/VRTemplate/Blueprints/GrabType.GrabType' and '/Game/VRTemplate/Blueprints/GrabType.GrabType'
[2022.03.08-14.18.30:230][542]LogEnum: Warning: Enum name collision: 'GrabType::NewEnumerator4' is in both '/Game/ScriptsBluePrints/VRTemplate/Blueprints/GrabType.GrabType' and '/Game/VRTemplate/Blueprints/GrabType.GrabType'
[2022.03.08-14.18.30:230][542]LogEnum: Warning: Enum name collision: 'GrabType::NewEnumerator1' is in both '/Game/ScriptsBluePrints/VRTemplate/Blueprints/GrabType.GrabType' and '/Game/VRTemplate/Blueprints/GrabType.GrabType'
[2022.03.08-14.18.30:230][542]LogEnum: Warning: Enum name collision: 'GrabType::NewEnumerator3' is in both '/Game/ScriptsBluePrints/VRTemplate/Blueprints/GrabType.GrabType' and '/Game/VRTemplate/Blueprints/GrabType.GrabType'
[2022.03.08-14.18.30:230][542]LogEnum: Warning: Enum name collision: 'GrabType::GrabType_MAX' is in both '/Game/ScriptsBluePrints/VRTemplate/Blueprints/GrabType.GrabType' and '/Game/VRTemplate/Blueprints/GrabType.GrabType'
[2022.03.08-14.18.30:230][542]LogEnum: Warning: Enum name collision: 'GrabType::NewEnumerator0' is in both '/Game/ScriptsBluePrints/VRTemplate/Blueprints/GrabType.GrabType' and '/Game/VRTemplate/Blueprints/GrabType.GrabType'
[2022.03.08-14.18.30:230][542]LogEnum: Warning: Enum name collision: 'GrabType::NewEnumerator4' is in both '/Game/ScriptsBluePrints/VRTemplate/Blueprints/GrabType.GrabType' and '/Game/VRTemplate/Blueprints/GrabType.GrabType'
[2022.03.08-14.18.30:230][542]LogEnum: Warning: Enum name collision: 'GrabType::NewEnumerator1' is in both '/Game/ScriptsBluePrints/VRTemplate/Blueprints/GrabType.GrabType' and '/Game/VRTemplate/Blueprints/GrabType.GrabType'
[2022.03.08-14.18.30:230][542]LogEnum: Warning: Enum name collision: 'GrabType::NewEnumerator3' is in both '/Game/ScriptsBluePrints/VRTemplate/Blueprints/GrabType.GrabType' and '/Game/VRTemplate/Blueprints/GrabType.GrabType'
[2022.03.08-14.18.30:313][542]LogNativeClassHierarchy: Verbose: Native class hierarchy updated for 'BlueprintGraph' in 0.0008 seconds. Added 126 classes and 0 folders.
[2022.03.08-14.18.31:569][542]LogSlate: Took 0.000307 seconds to synchronously load lazily loaded font '../../../Engine/Content/Slate/Fonts/Roboto-BoldCondensed.ttf' (158K)
[2022.03.08-14.18.31:644][543]LogSlate: Took 0.000367 seconds to synchronously load lazily loaded font '../../../Engine/Content/Slate/Fonts/Roboto-Italic.ttf' (157K)
[2022.03.08-14.19.01:949][251]LogRenderer: Reallocating scene render targets to support 1148x712 Format 10 NumSamples 4 (Frame:1).
[2022.03.08-14.19.36:133][192]BlueprintLog: New page: Compile CabinetLeft
[2022.03.08-14.19.36:206][192]LogUObjectHash: Compacting FUObjectHashTables data took   4.85ms
[2022.03.08-14.19.36:296][192]LogSlate: Took 0.000387 seconds to synchronously load lazily loaded font '../../../Engine/Content/Slate/Fonts/DroidSansMono.ttf' (77K)
[2022.03.08-14.20.08:279][ 85]Cmd: OBJ SAVEPACKAGE PACKAGE="/Game/VRTemplate/Maps/VRTemplateMap" FILE="C:/Users/qwe_o/P8ToBeAnnounced/P8_VR_Home/Content/VRTemplate/Maps/VRTemplateMap.umap" SILENT=true AUTOSAVING=false KEEPDIRTY=false
[2022.03.08-14.20.08:312][ 85]LogUObjectHash: Compacting FUObjectHashTables data took   4.23ms
[2022.03.08-14.20.09:548][ 85]LogSavePackage: Moving 'C:/Users/qwe_o/P8ToBeAnnounced/P8_VR_Home/Saved/VRTemplateMap6F8077354A064A3F84C017991310486D.tmp' to 'C:/Users/qwe_o/P8ToBeAnnounced/P8_VR_Home/Content/VRTemplate/Maps/VRTemplateMap.umap'
[2022.03.08-14.20.09:574][ 85]Cmd: OBJ SAVEPACKAGE PACKAGE="/Game/VRTemplate/Maps/VRTemplateMap_BuiltData" FILE="C:/Users/qwe_o/P8ToBeAnnounced/P8_VR_Home/Content/VRTemplate/Maps/VRTemplateMap_BuiltData.uasset" SILENT=true
[2022.03.08-14.20.13:370][ 85]LogSavePackage: Moving 'C:/Users/qwe_o/P8ToBeAnnounced/P8_VR_Home/Saved/VRTemplateMap_BuiltData2653D9CF4E9F9ECD6E3532A455F8F702.tmp' to 'C:/Users/qwe_o/P8ToBeAnnounced/P8_VR_Home/Content/VRTemplate/Maps/VRTemplateMap_BuiltData.uasset'
[2022.03.08-14.20.13:414][ 85]AssetCheck: New page: Asset Save: multiple assets
[2022.03.08-14.20.13:414][ 85]LogContentValidation: Display: Validating MapBuildDataRegistry /Game/VRTemplate/Maps/VRTemplateMap_BuiltData.VRTemplateMap_BuiltData
[2022.03.08-14.20.13:414][ 85]LogContentValidation: Display: Validating World /Game/VRTemplate/Maps/VRTemplateMap.VRTemplateMap
[2022.03.08-14.20.19:303][437]LogUObjectHash: Compacting FUObjectHashTables data took   4.53ms
[2022.03.08-14.20.21:777][437]LogSlate: Window 'Save Content' being destroyed
[2022.03.08-14.20.21:860][437]LogSavePackage: Moving 'C:/Users/qwe_o/P8ToBeAnnounced/P8_VR_Home/Saved/CabinetLeft01FF6F914BC9C48B92CC9B9B5440D359.tmp' to 'C:/Users/qwe_o/P8ToBeAnnounced/P8_VR_Home/Content/ScriptsBluePrints/DoorsAndClosets2/CabinetLeft.uasset'
[2022.03.08-14.20.21:881][437]LogSlate: Window 'CabinetLeft' being destroyed
[2022.03.08-14.20.21:895][437]LogWorld: UWorld::CleanupWorld for World_6, bSessionEnded=true, bCleanupResources=true
[2022.03.08-14.20.21:895][437]LogSlate: InvalidateAllWidgets triggered.  All widgets were invalidated
[2022.03.08-14.20.21:978][437]LogSlate: Window 'P8_VR_Home - Unreal Editor' being destroyed
[2022.03.08-14.20.22:141][437]AssetCheck: New page: Asset Save: CabinetLeft
[2022.03.08-14.20.22:141][437]LogContentValidation: Display: Validating Blueprint /Game/ScriptsBluePrints/DoorsAndClosets2/CabinetLeft.CabinetLeft
[2022.03.08-14.20.22:143][438]Cmd: QUIT_EDITOR
[2022.03.08-14.20.22:143][438]LogCore: Engine exit requested (reason: UUnrealEdEngine::CloseEditor())
[2022.03.08-14.20.22:154][438]LogCore: Engine exit requested (reason: EngineExit() was called; note: exit was already requested)
[2022.03.08-14.20.22:157][438]LogAudio: Display: Beginning Audio Device Manager Shutdown (Module: AudioMixerXAudio2)...
[2022.03.08-14.20.22:157][438]LogAudio: Display: Destroying 1 Remaining Audio Device(s)...
[2022.03.08-14.20.22:157][438]LogAudio: Display: Audio Device unregistered from world 'VRTemplateMap'.
[2022.03.08-14.20.22:157][438]LogResonanceAudio: Display: Resonance Audio Listener is shutdown
[2022.03.08-14.20.22:157][438]LogAudioMixer: FMixerPlatformXAudio2::StopAudioStream() called
[2022.03.08-14.20.22:159][438]LogAudioMixer: FMixerPlatformXAudio2::StopAudioStream() called
[2022.03.08-14.20.22:187][438]LogAudio: Display: Audio Device Manager Shutdown
[2022.03.08-14.20.22:188][438]LogWindowsTextInputMethodSystem: Display: IME system deactivated.
[2022.03.08-14.20.22:196][438]LogExit: Preparing to exit.
[2022.03.08-14.20.23:110][438]LogUObjectHash: Compacting FUObjectHashTables data took  11.80ms
[2022.03.08-14.20.24:281][438]LogWorld: UWorld::CleanupWorld for World_1, bSessionEnded=true, bCleanupResources=true
[2022.03.08-14.20.24:285][438]LogWorld: UWorld::CleanupWorld for World_2, bSessionEnded=true, bCleanupResources=true
[2022.03.08-14.20.24:289][438]LogWorld: UWorld::CleanupWorld for World_3, bSessionEnded=true, bCleanupResources=true
[2022.03.08-14.20.24:292][438]LogWorld: UWorld::CleanupWorld for World_4, bSessionEnded=true, bCleanupResources=true
[2022.03.08-14.20.24:297][438]LogWorld: UWorld::CleanupWorld for World_5, bSessionEnded=true, bCleanupResources=true
[2022.03.08-14.20.24:300][438]LogWorld: UWorld::CleanupWorld for World_7, bSessionEnded=true, bCleanupResources=true
[2022.03.08-14.20.24:304][438]LogWorld: UWorld::CleanupWorld for World_0, bSessionEnded=true, bCleanupResources=true
[2022.03.08-14.20.24:450][438]LogWorld: UWorld::CleanupWorld for None, bSessionEnded=true, bCleanupResources=true
[2022.03.08-14.20.24:452][438]LogExit: Editor shut down
[2022.03.08-14.20.24:453][438]LogExit: Transaction tracking system shut down
[2022.03.08-14.20.24:482][438]LogDemo: Cleaned up 0 splitscreen connections with owner deletion
[2022.03.08-14.20.24:955][438]LogExit: Object subsystem successfully closed.
[2022.03.08-14.20.24:977][438]LogShaderCompilers: Display: === FShaderJobCache stats ===
[2022.03.08-14.20.24:977][438]LogShaderCompilers: Display: Total job queries 0, among them cache hits 0 (0.00%)
[2022.03.08-14.20.24:977][438]LogShaderCompilers: Display: Tracking 0 distinct input hashes that result in 0 distinct outputs (0.00%)
[2022.03.08-14.20.24:977][438]LogShaderCompilers: Display: RAM used: 0.00 MB (0.00 GB) of 819.20 MB (0.80 GB) budget. Usage: 0.00%
[2022.03.08-14.20.24:977][438]LogShaderCompilers: Display: ================================================
[2022.03.08-14.20.24:993][438]LogShaderCompilers: Display: Shaders left to compile 0
[2022.03.08-14.20.25:018][438]LogModuleManager: Shutting down and abandoning module BlueprintGraph (906)
[2022.03.08-14.20.25:018][438]LogModuleManager: Shutting down and abandoning module HierarchicalLODOutliner (904)
[2022.03.08-14.20.25:018][438]LogModuleManager: Shutting down and abandoning module AddContentDialog (902)
[2022.03.08-14.20.25:019][438]LogModuleManager: Shutting down and abandoning module WidgetCarousel (901)
[2022.03.08-14.20.25:019][438]LogModuleManager: Shutting down and abandoning module EditorWidgets (898)
[2022.03.08-14.20.25:019][438]LogModuleManager: Shutting down and abandoning module SceneOutliner (896)
[2022.03.08-14.20.25:019][438]LogModuleManager: Shutting down and abandoning module StatsViewer (894)
[2022.03.08-14.20.25:019][438]LogModuleManager: Shutting down and abandoning module PIEPreviewDeviceProfileSelector (892)
[2022.03.08-14.20.25:019][438]LogModuleManager: Shutting down and abandoning module SequenceRecorderSections (890)
[2022.03.08-14.20.25:019][438]LogModuleManager: Shutting down and abandoning module AutomationWorker (888)
[2022.03.08-14.20.25:019][438]LogModuleManager: Shutting down and abandoning module OculusMR (886)
[2022.03.08-14.20.25:019][438]LogModuleManager: Shutting down and abandoning module TakeRecorderSources (884)
[2022.03.08-14.20.25:019][438]LogModuleManager: Shutting down and abandoning module TakeRecorder (883)
[2022.03.08-14.20.25:019][438]LogModuleManager: Shutting down and abandoning module TakeTrackRecorders (880)
[2022.03.08-14.20.25:019][438]LogModuleManager: Shutting down and abandoning module TakesCore (878)
[2022.03.08-14.20.25:020][438]LogModuleManager: Shutting down and abandoning module ResonanceAudioEditor (876)
[2022.03.08-14.20.25:020][438]LogModuleManager: Shutting down and abandoning module OpenXRInput (874)
[2022.03.08-14.20.25:020][438]LogModuleManager: Shutting down and abandoning module GooglePADEditor (872)
[2022.03.08-14.20.25:020][438]LogModuleManager: Shutting down and abandoning module AudioCaptureEditor (870)
[2022.03.08-14.20.25:020][438]LogModuleManager: Shutting down and abandoning module TemplateSequenceEditor (868)
[2022.03.08-14.20.25:020][438]LogModuleManager: Shutting down and abandoning module MatineeToLevelSequence (866)
[2022.03.08-14.20.25:020][438]LogModuleManager: Shutting down and abandoning module LevelSequenceEditor (864)
[2022.03.08-14.20.25:020][438]LogModuleManager: Shutting down and abandoning module ActorSequenceEditor (862)
[2022.03.08-14.20.25:020][438]LogModuleManager: Shutting down and abandoning module MediaPlayerEditor (860)
[2022.03.08-14.20.25:020][438]LogModuleManager: Shutting down and abandoning module WmfMediaFactory (858)
[2022.03.08-14.20.25:020][438]LogModuleManager: Shutting down and abandoning module WmfMediaEditor (856)
[2022.03.08-14.20.25:020][438]LogModuleManager: Shutting down and abandoning module WebMMediaFactory (854)
[2022.03.08-14.20.25:020][438]LogModuleManager: Shutting down and abandoning module WebMMediaEditor (852)
[2022.03.08-14.20.25:021][438]LogModuleManager: Shutting down and abandoning module WebMMedia (850)
[2022.03.08-14.20.25:021][438]LogModuleManager: Shutting down and abandoning module MediaCompositingEditor (848)
[2022.03.08-14.20.25:021][438]LogModuleManager: Shutting down and abandoning module SequenceRecorder (847)
[2022.03.08-14.20.25:021][438]LogModuleManager: Shutting down and abandoning module OpenExrWrapper (844)
[2022.03.08-14.20.25:021][438]LogModuleManager: Shutting down and abandoning module ImgMediaFactory (842)
[2022.03.08-14.20.25:021][438]LogModuleManager: Shutting down and abandoning module ImgMediaEditor (840)
[2022.03.08-14.20.25:021][438]LogModuleManager: Shutting down and abandoning module MagicLeapMediaCodecFactory (838)
[2022.03.08-14.20.25:021][438]LogModuleManager: Shutting down and abandoning module MagicLeapMediaFactory (836)
[2022.03.08-14.20.25:021][438]LogModuleManager: Shutting down and abandoning module MagicLeapMediaEditor (834)
[2022.03.08-14.20.25:021][438]LogModuleManager: Shutting down and abandoning module AvfMediaFactory (832)
[2022.03.08-14.20.25:021][438]LogModuleManager: Shutting down and abandoning module AvfMediaEditor (830)
[2022.03.08-14.20.25:021][438]LogModuleManager: Shutting down and abandoning module AndroidMediaFactory (828)
[2022.03.08-14.20.25:021][438]LogModuleManager: Shutting down and abandoning module AndroidMediaEditor (826)
[2022.03.08-14.20.25:021][438]LogModuleManager: Shutting down and abandoning module PlanarCut (824)
[2022.03.08-14.20.25:021][438]LogModuleManager: Shutting down and abandoning module CharacterAI (822)
[2022.03.08-14.20.25:021][438]LogModuleManager: Shutting down and abandoning module CameraShakePreviewer (820)
[2022.03.08-14.20.25:021][438]LogModuleManager: Shutting down and abandoning module TextureAlignMode (818)
[2022.03.08-14.20.25:021][438]LogModuleManager: Shutting down and abandoning module BspMode (816)
[2022.03.08-14.20.25:021][438]LogModuleManager: Shutting down and abandoning module GeometryMode (814)
[2022.03.08-14.20.25:021][438]LogModuleManager: Shutting down and abandoning module SmartSnapping (812)
[2022.03.08-14.20.25:021][438]LogModuleManager: Shutting down and abandoning module SessionServices (810)
[2022.03.08-14.20.25:021][438]LogModuleManager: Shutting down and abandoning module MeshPaint (808)
[2022.03.08-14.20.25:021][438]LogModuleManager: Shutting down and abandoning module VirtualTexturingEditor (806)
[2022.03.08-14.20.25:021][438]LogModuleManager: Shutting down and abandoning module FoliageEdit (804)
[2022.03.08-14.20.25:021][438]LogModuleManager: Shutting down and abandoning module LandscapeEditor (802)
[2022.03.08-14.20.25:022][438]LogModuleManager: Shutting down and abandoning module MeshPaintMode (800)
[2022.03.08-14.20.25:022][438]LogModuleManager: Shutting down and abandoning module SceneDepthPickerMode (798)
[2022.03.08-14.20.25:022][438]LogModuleManager: Shutting down and abandoning module ActorPickerMode (796)
[2022.03.08-14.20.25:022][438]LogModuleManager: Shutting down and abandoning module PlacementMode (794)
[2022.03.08-14.20.25:022][438]LogModuleManager: Shutting down and abandoning module ViewportSnapping (792)
[2022.03.08-14.20.25:022][438]LogModuleManager: Shutting down and abandoning module ViewportInteraction (790)
[2022.03.08-14.20.25:022][438]LogModuleManager: Shutting down and abandoning module ClothPainter (788)
[2022.03.08-14.20.25:022][438]LogModuleManager: Shutting down and abandoning module SkeletalMeshEditor (787)
[2022.03.08-14.20.25:022][438]LogModuleManager: Shutting down and abandoning module LogVisualizer (784)
[2022.03.08-14.20.25:022][438]LogModuleManager: Shutting down and abandoning module IntroTutorials (782)
[2022.03.08-14.20.25:022][438]LogModuleManager: Shutting down and abandoning module GameProjectGeneration (781)
[2022.03.08-14.20.25:022][438]LogModuleManager: Shutting down and abandoning module LuminPlatformEditor (778)
[2022.03.08-14.20.25:022][438]LogModuleManager: Shutting down and abandoning module IOSPlatformEditor (776)
[2022.03.08-14.20.25:022][438]LogModuleManager: Shutting down and abandoning module AndroidPlatformEditor (774)
[2022.03.08-14.20.25:022][438]LogModuleManager: Shutting down and abandoning module AndroidDeviceDetection (773)
[2022.03.08-14.20.26:807][438]LogModuleManager: Shutting down and abandoning module WindowsPlatformEditor (770)
[2022.03.08-14.20.26:808][438]LogModuleManager: Shutting down and abandoning module LuminRuntimeSettings (768)
[2022.03.08-14.20.26:808][438]LogModuleManager: Shutting down and abandoning module IOSRuntimeSettings (766)
[2022.03.08-14.20.26:808][438]LogModuleManager: Shutting down and abandoning module AndroidRuntimeSettings (764)
[2022.03.08-14.20.26:808][438]LogModuleManager: Shutting down and abandoning module TraceInsights (762)
[2022.03.08-14.20.26:808][438]MemoryProfiler: Shutdown
[2022.03.08-14.20.26:808][438]NetworkingProfiler: Shutdown
[2022.03.08-14.20.26:808][438]LoadingProfiler: Shutdown
[2022.03.08-14.20.26:808][438]TimingProfiler: Shutdown
[2022.03.08-14.20.26:809][438]LogModuleManager: Shutting down and abandoning module TraceServices (761)
[2022.03.08-14.20.26:809][438]LogModuleManager: Shutting down and abandoning module EditorInteractiveToolsFramework (758)
[2022.03.08-14.20.26:809][438]LogModuleManager: Shutting down and abandoning module TimeManagementEditor (756)
[2022.03.08-14.20.26:809][438]LogModuleManager: Shutting down and abandoning module InputBindingEditor (754)
[2022.03.08-14.20.26:809][438]LogModuleManager: Shutting down and abandoning module MergeActors (752)
[2022.03.08-14.20.26:809][438]LogModuleManager: Shutting down and abandoning module LocalizationDashboard (750)
[2022.03.08-14.20.26:809][438]LogModuleManager: Shutting down and abandoning module LocalizationService (749)
[2022.03.08-14.20.26:809][438]LogModuleManager: Shutting down and abandoning module HardwareTargeting (746)
[2022.03.08-14.20.26:809][438]LogModuleManager: Shutting down and abandoning module DeviceProfileEditor (744)
[2022.03.08-14.20.26:810][438]LogModuleManager: Shutting down and abandoning module UndoHistory (742)
[2022.03.08-14.20.26:810][438]LogModuleManager: Shutting down and abandoning module XmlParser (740)
[2022.03.08-14.20.26:810][438]LogModuleManager: Shutting down and abandoning module Blutility (738)
[2022.03.08-14.20.26:810][438]LogModuleManager: Shutting down and abandoning module ProjectSettingsViewer (736)
[2022.03.08-14.20.26:810][438]LogModuleManager: Shutting down and abandoning module ProjectTargetPlatformEditor (735)
[2022.03.08-14.20.26:810][438]LogModuleManager: Shutting down and abandoning module EditorSettingsViewer (732)
[2022.03.08-14.20.26:810][438]LogModuleManager: Shutting down and abandoning module InternationalizationSettings (731)
[2022.03.08-14.20.26:810][438]LogModuleManager: Shutting down and abandoning module SettingsEditor (728)
[2022.03.08-14.20.26:811][438]LogModuleManager: Shutting down and abandoning module ProjectLauncher (726)
[2022.03.08-14.20.26:811][438]LogModuleManager: Shutting down and abandoning module SessionFrontend (724)
[2022.03.08-14.20.26:811][438]LogModuleManager: Shutting down and abandoning module ProfilerClient (722)
[2022.03.08-14.20.26:811][438]LogModuleManager: Shutting down and abandoning module DeviceManager (720)
[2022.03.08-14.20.26:811][438]LogModuleManager: Shutting down and abandoning module TargetDeviceServices (719)
[2022.03.08-14.20.26:855][438]LogModuleManager: Shutting down and abandoning module AutomationController (716)
[2022.03.08-14.20.26:855][438]LogModuleManager: Shutting down and abandoning module AutomationWindow (714)
[2022.03.08-14.20.26:855][438]LogModuleManager: Shutting down and abandoning module Layers (712)
[2022.03.08-14.20.26:855][438]LogModuleManager: Shutting down and abandoning module ComponentVisualizers (710)
[2022.03.08-14.20.26:855][438]LogModuleManager: Shutting down and abandoning module DetailCustomizations (708)
[2022.03.08-14.20.26:855][438]LogModuleManager: Shutting down and abandoning module PackagesDialog (706)
[2022.03.08-14.20.26:855][438]LogModuleManager: Shutting down and abandoning module AnimationBlueprintEditor (704)
[2022.03.08-14.20.26:855][438]LogModuleManager: Shutting down and abandoning module Persona (702)
[2022.03.08-14.20.26:855][438]LogModuleManager: Shutting down and abandoning module AnimGraph (701)
[2022.03.08-14.20.26:855][438]LogModuleManager: Shutting down and abandoning module Kismet (698)
[2022.03.08-14.20.26:870][438]LogModuleManager: Shutting down and abandoning module KismetWidgets (697)
[2022.03.08-14.20.26:870][438]LogModuleManager: Shutting down and abandoning module GraphEditor (694)
[2022.03.08-14.20.26:870][438]LogModuleManager: Shutting down and abandoning module StructViewer (692)
[2022.03.08-14.20.26:870][438]LogModuleManager: Shutting down and abandoning module ClassViewer (690)
[2022.03.08-14.20.26:870][438]LogModuleManager: Shutting down and abandoning module Toolbox (688)
[2022.03.08-14.20.26:871][438]LogModuleManager: Shutting down and abandoning module ModuleUI (686)
[2022.03.08-14.20.26:871][438]LogModuleManager: Shutting down and abandoning module OutputLog (684)
[2022.03.08-14.20.26:871][438]LogModuleManager: Shutting down and abandoning module GammaUI (682)
[2022.03.08-14.20.26:871][438]LogModuleManager: Shutting down and abandoning module Documentation (680)
[2022.03.08-14.20.26:871][438]LogModuleManager: Shutting down and abandoning module LiveCoding (678)
[2022.03.08-14.20.26:871][438]LogModuleManager: Shutting down and abandoning module LevelSequence (676)
[2022.03.08-14.20.26:871][438]LogModuleManager: Shutting down and abandoning module MovieSceneTracks (674)
[2022.03.08-14.20.26:872][438]LogModuleManager: Shutting down and abandoning module MovieScene (672)
[2022.03.08-14.20.26:872][438]LogModuleManager: Shutting down and abandoning module StreamingPauseRendering (670)
[2022.03.08-14.20.26:872][438]LogModuleManager: Shutting down and abandoning module LauncherPlatform (668)
[2022.03.08-14.20.26:872][438]LogModuleManager: Shutting down and abandoning module AnalyticsET (666)
[2022.03.08-14.20.26:872][438]LogModuleManager: Shutting down and abandoning module PortalServices (664)
[2022.03.08-14.20.26:872][438]LogModuleManager: Shutting down and abandoning module PortalRpc (662)
[2022.03.08-14.20.26:872][438]LogModuleManager: Shutting down and abandoning module MessagingRpc (660)
[2022.03.08-14.20.26:872][438]LogModuleManager: Shutting down and abandoning module AudioMixerXAudio2 (658)
[2022.03.08-14.20.26:872][438]LogModuleManager: Shutting down and abandoning module AudioMixerCore (657)
[2022.03.08-14.20.26:872][438]LogModuleManager: Shutting down and abandoning module AIModule (654)
[2022.03.08-14.20.26:872][438]LogModuleManager: Shutting down and abandoning module GameplayDebugger (653)
[2022.03.08-14.20.26:872][438]LogModuleManager: Shutting down and abandoning module AITestSuite (651)
[2022.03.08-14.20.26:872][438]LogModuleManager: Shutting down and abandoning module NavigationSystem (649)
[2022.03.08-14.20.26:872][438]LogModuleManager: Shutting down and abandoning module ImageWriteQueue (646)
[2022.03.08-14.20.26:872][438]LogModuleManager: Shutting down and abandoning module ProfilerService (644)
[2022.03.08-14.20.26:991][438]LogModuleManager: Shutting down and abandoning module TaskGraph (642)
[2022.03.08-14.20.26:991][438]LogModuleManager: Shutting down and abandoning module AudioSynesthesiaEditor (640)
[2022.03.08-14.20.26:991][438]LogModuleManager: Shutting down and abandoning module OculusEditor (638)
[2022.03.08-14.20.26:991][438]LogModuleManager: Shutting down and abandoning module OculusInput (636)
[2022.03.08-14.20.26:991][438]LogModuleManager: Shutting down and abandoning module ContentBrowserFileDataSource (634)
[2022.03.08-14.20.26:992][438]LogModuleManager: Shutting down and abandoning module ContentBrowserClassDataSource (632)
[2022.03.08-14.20.26:992][438]LogModuleManager: Shutting down and abandoning module ContentBrowserAssetDataSource (630)
[2022.03.08-14.20.26:992][438]LogModuleManager: Shutting down and abandoning module CollectionManager (629)
[2022.03.08-14.20.26:992][438]LogModuleManager: Shutting down and abandoning module SynthesisEditor (626)
[2022.03.08-14.20.26:992][438]LogModuleManager: Shutting down and abandoning module Synthesis (624)
[2022.03.08-14.20.26:992][438]LogModuleManager: Shutting down and abandoning module TakeSequencer (622)
[2022.03.08-14.20.26:992][438]LogModuleManager: Shutting down and abandoning module TakeMovieScene (620)
[2022.03.08-14.20.26:992][438]LogModuleManager: Shutting down and abandoning module ResonanceAudio (618)
[2022.03.08-14.20.26:992][438]LogModuleManager: Shutting down and abandoning module ProceduralMeshComponentEditor (616)
[2022.03.08-14.20.26:992][438]LogModuleManager: Shutting down and abandoning module ProceduralMeshComponent (614)
[2022.03.08-14.20.26:992][438]LogModuleManager: Shutting down and abandoning module ScreenshotTools (612)
[2022.03.08-14.20.26:992][438]LogModuleManager: Shutting down and abandoning module OpenXREditor (610)
[2022.03.08-14.20.26:992][438]LogModuleManager: Shutting down and abandoning module MobilePatchingUtils (608)
[2022.03.08-14.20.26:992][438]LogModuleManager: Shutting down and abandoning module GooglePAD (606)
[2022.03.08-14.20.26:992][438]LogModuleManager: Shutting down and abandoning module ArchVisCharacter (604)
[2022.03.08-14.20.26:992][438]LogModuleManager: Shutting down and abandoning module EditableMesh (602)
[2022.03.08-14.20.26:993][438]LogModuleManager: Shutting down and abandoning module CustomMeshComponent (600)
[2022.03.08-14.20.26:993][438]LogModuleManager: Shutting down and abandoning module CableComponent (598)
[2022.03.08-14.20.26:993][438]LogModuleManager: Shutting down and abandoning module AudioCapture (596)
[2022.03.08-14.20.26:993][438]LogModuleManager: Shutting down and abandoning module AudioCaptureRtAudio (595)
[2022.03.08-14.20.26:993][438]LogModuleManager: Shutting down and abandoning module AssetTags (592)
[2022.03.08-14.20.26:993][438]LogModuleManager: Shutting down and abandoning module AppleImageUtilsBlueprintSupport (590)
[2022.03.08-14.20.26:993][438]LogModuleManager: Shutting down and abandoning module AppleImageUtils (588)
[2022.03.08-14.20.26:993][438]LogModuleManager: Shutting down and abandoning module AndroidPermission (586)
[2022.03.08-14.20.26:993][438]LogModuleManager: Shutting down and abandoning module ActorLayerUtilitiesEditor (584)
[2022.03.08-14.20.26:993][438]LogModuleManager: Shutting down and abandoning module ActorLayerUtilities (582)
[2022.03.08-14.20.26:993][438]LogModuleManager: Shutting down and abandoning module VariantManager (580)
[2022.03.08-14.20.26:993][438]LogModuleManager: Shutting down and abandoning module VariantManagerContentEditor (579)
[2022.03.08-14.20.26:993][438]LogModuleManager: Shutting down and abandoning module StaticMeshEditorExtension (576)
[2022.03.08-14.20.26:993][438]LogModuleManager: Shutting down and abandoning module StaticMeshEditor (575)
[2022.03.08-14.20.26:993][438]LogModuleManager: Shutting down and abandoning module AdvancedPreviewScene (574)
[2022.03.08-14.20.26:993][438]LogModuleManager: Shutting down and abandoning module MeshProcessingLibrary (571)
[2022.03.08-14.20.26:993][438]LogModuleManager: Shutting down and abandoning module DirectLinkTest (568)
[2022.03.08-14.20.26:993][438]LogModuleManager: Shutting down and abandoning module DatasmithNativeTranslator (566)
[2022.03.08-14.20.26:993][438]LogModuleManager: Shutting down and abandoning module DatasmithTranslator (564)
[2022.03.08-14.20.26:993][438]LogModuleManager: Shutting down and abandoning module DatasmithImporter (562)
[2022.03.08-14.20.26:993][438]LogModuleManager: Shutting down and abandoning module DatasmithContentEditor (560)
[2022.03.08-14.20.26:993][438]LogModuleManager: Shutting down and abandoning module DataprepEditorScriptingUtilities (558)
[2022.03.08-14.20.26:993][438]LogModuleManager: Shutting down and abandoning module DataprepLibraries (556)
[2022.03.08-14.20.26:993][438]LogModuleManager: Shutting down and abandoning module DataprepCore (554)
[2022.03.08-14.20.26:993][438]LogModuleManager: Shutting down and abandoning module DataprepEditor (552)
[2022.03.08-14.20.26:994][438]LogModuleManager: Shutting down and abandoning module TemplateSequence (550)
[2022.03.08-14.20.26:994][438]LogModuleManager: Shutting down and abandoning module MediaCompositing (548)
[2022.03.08-14.20.26:994][438]LogModuleManager: Shutting down and abandoning module ImgMedia (546)
[2022.03.08-14.20.26:994][438]LogModuleManager: Shutting down and abandoning module MagicLeapSharedWorld (544)
[2022.03.08-14.20.26:994][438]LogModuleManager: Shutting down and abandoning module MagicLeapLightEstimation (542)
[2022.03.08-14.20.26:994][438]LogModuleManager: Shutting down and abandoning module MagicLeapHelperVulkan (540)
[2022.03.08-14.20.26:994][438]LogModuleManager: Shutting down and abandoning module MagicLeapHelperOpenGL (538)
[2022.03.08-14.20.26:994][438]LogModuleManager: Shutting down and abandoning module MagicLeapAudio (536)
[2022.03.08-14.20.26:994][438]LogModuleManager: Shutting down and abandoning module NiagaraEditorWidgets (534)
[2022.03.08-14.20.26:994][438]LogModuleManager: Shutting down and abandoning module OpenImageDenoise (532)
[2022.03.08-14.20.26:994][438]LogOpenImageDenoise: OIDN shutting down
[2022.03.08-14.20.26:994][438]LogModuleManager: Shutting down and abandoning module MotoSynthEditor (530)
[2022.03.08-14.20.26:994][438]LogModuleManager: Shutting down and abandoning module MotoSynth (528)
[2022.03.08-14.20.26:994][438]LogModuleManager: Shutting down and abandoning module MeshConversion (526)
[2022.03.08-14.20.26:994][438]LogModuleManager: Shutting down and abandoning module DynamicMesh (524)
[2022.03.08-14.20.26:994][438]LogModuleManager: Shutting down and abandoning module GeometryAlgorithms (522)
[2022.03.08-14.20.26:994][438]LogModuleManager: Shutting down and abandoning module GeometricObjects (520)
[2022.03.08-14.20.26:994][438]LogModuleManager: Shutting down and abandoning module GeometryCollectionTracks (518)
[2022.03.08-14.20.26:994][438]LogModuleManager: Shutting down and abandoning module GeometryCollectionSequencer (517)
[2022.03.08-14.20.26:994][438]LogModuleManager: Shutting down and abandoning module GeometryCollectionEditor (514)
[2022.03.08-14.20.26:994][438]LogModuleManager: Shutting down and abandoning module GeometryCacheTracks (512)
[2022.03.08-14.20.26:994][438]LogModuleManager: Shutting down and abandoning module GeometryCacheStreamer (510)
[2022.03.08-14.20.26:994][438]LogModuleManager: Shutting down and abandoning module GeometryCacheSequencer (508)
[2022.03.08-14.20.26:994][438]LogModuleManager: Shutting down and abandoning module ChaosSolverEditor (506)
[2022.03.08-14.20.26:994][438]LogModuleManager: Shutting down and abandoning module ChaosNiagara (504)
[2022.03.08-14.20.26:994][438]LogModuleManager: Shutting down and abandoning module FractureEditor (502)
[2022.03.08-14.20.26:994][438]LogModuleManager: Shutting down and abandoning module ChaosClothEditor (500)
[2022.03.08-14.20.26:995][438]LogModuleManager: Shutting down and abandoning module BlastCore (498)
[2022.03.08-14.20.26:995][438]LogModuleManager: Shutting down and abandoning module BlastAuthoring (496)
[2022.03.08-14.20.26:995][438]LogModuleManager: Shutting down and abandoning module BackChannel (494)
[2022.03.08-14.20.26:995][438]LogModuleManager: Shutting down and abandoning module AutomationUtilsEditor (492)
[2022.03.08-14.20.26:995][438]LogModuleManager: Shutting down and abandoning module AutomationUtils (490)
[2022.03.08-14.20.26:995][438]LogModuleManager: Shutting down and abandoning module AlembicImporter (488)
[2022.03.08-14.20.26:995][438]LogModuleManager: Shutting down and abandoning module AlembicLibrary (487)
[2022.03.08-14.20.26:995][438]LogModuleManager: Shutting down and abandoning module GeometryCache (486)
[2022.03.08-14.20.26:995][438]LogModuleManager: Shutting down and abandoning module GeometryCacheEd (485)
[2022.03.08-14.20.26:995][438]LogModuleManager: Shutting down and abandoning module SpeedTreeImporter (480)
[2022.03.08-14.20.26:995][438]LogModuleManager: Shutting down and abandoning module PluginBrowser (478)
[2022.03.08-14.20.26:995][438]LogModuleManager: Shutting down and abandoning module MobileLauncherProfileWizard (476)
[2022.03.08-14.20.26:995][438]LogModuleManager: Shutting down and abandoning module PolygonModeling (474)
[2022.03.08-14.20.26:995][438]LogModuleManager: Shutting down and abandoning module MeshEditor (472)
[2022.03.08-14.20.26:995][438]LogModuleManager: Shutting down and abandoning module FieldSystemEngine (471)
[2022.03.08-14.20.26:995][438]LogModuleManager: Shutting down and abandoning module MaterialAnalyzer (468)
[2022.03.08-14.20.26:995][438]LogModuleManager: Shutting down and abandoning module EditorScriptingUtilities (466)
[2022.03.08-14.20.26:995][438]LogModuleManager: Shutting down and abandoning module CurveEditorTools (464)
[2022.03.08-14.20.26:995][438]LogModuleManager: Shutting down and abandoning module CryptoKeysOpenSSL (462)
[2022.03.08-14.20.26:995][438]LogModuleManager: Shutting down and abandoning module CryptoKeys (460)
[2022.03.08-14.20.26:995][438]LogModuleManager: Shutting down and abandoning module VisualStudioSourceCodeAccess (458)
[2022.03.08-14.20.26:995][438]LogModuleManager: Shutting down and abandoning module VisualStudioCodeSourceCodeAccess (456)
[2022.03.08-14.20.26:995][438]LogModuleManager: Shutting down and abandoning module UObjectPlugin (454)
[2022.03.08-14.20.26:995][438]LogModuleManager: Shutting down and abandoning module SubversionSourceControl (452)
[2022.03.08-14.20.26:995][438]LogModuleManager: Shutting down and abandoning module RiderSourceCodeAccess (450)
[2022.03.08-14.20.26:995][438]LogModuleManager: Shutting down and abandoning module PluginUtils (448)
[2022.03.08-14.20.26:995][438]LogModuleManager: Shutting down and abandoning module PlasticSourceControl (446)
[2022.03.08-14.20.26:995][438]LogModuleManager: Shutting down and abandoning module PerforceSourceControl (444)
[2022.03.08-14.20.26:996][438]LogModuleManager: Shutting down and abandoning module GitSourceControl (442)
[2022.03.08-14.20.26:996][438]LogModuleManager: Shutting down and abandoning module SourceControl (441)
[2022.03.08-14.20.26:996][438]LogModuleManager: Shutting down and abandoning module CLionSourceCodeAccess (438)
[2022.03.08-14.20.26:996][438]LogModuleManager: Shutting down and abandoning module AnimationSharingEd (436)
[2022.03.08-14.20.26:996][438]LogModuleManager: Shutting down and abandoning module OodleNetworkHandlerComponent (434)
[2022.03.08-14.20.26:996][438]LogModuleManager: Shutting down and abandoning module LiveLinkSequencer (432)
[2022.03.08-14.20.26:996][438]LogModuleManager: Shutting down and abandoning module LiveLinkMovieScene (430)
[2022.03.08-14.20.26:997][438]LogModuleManager: Shutting down and abandoning module LiveLinkGraphNode (428)
[2022.03.08-14.20.26:997][438]LogModuleManager: Shutting down and abandoning module LiveLinkEditor (426)
[2022.03.08-14.20.26:997][438]LogModuleManager: Shutting down and abandoning module LiveLinkComponents (424)
[2022.03.08-14.20.26:997][438]LogModuleManager: Shutting down and abandoning module LiveLink (422)
[2022.03.08-14.20.27:115][438]LogModuleManager: Shutting down and abandoning module LightPropagationVolumeEditor (420)
[2022.03.08-14.20.27:115][438]LogModuleManager: Shutting down and abandoning module PaperTiledImporter (418)
[2022.03.08-14.20.27:115][438]LogModuleManager: Shutting down and abandoning module PaperSpriteSheetImporter (416)
[2022.03.08-14.20.27:115][438]LogModuleManager: Shutting down and abandoning module Paper2DEditor (414)
[2022.03.08-14.20.27:115][438]LogModuleManager: Shutting down and abandoning module MeshPaintingToolset (412)
[2022.03.08-14.20.27:115][438]LogModuleManager: Shutting down and abandoning module MeshPaintEditorMode (410)
[2022.03.08-14.20.27:115][438]LogModuleManager: Shutting down and abandoning module P8_VR_Home (408)
[2022.03.08-14.20.27:115][438]LogModuleManager: Shutting down and abandoning module SoundFields (406)
[2022.03.08-14.20.27:115][438]LogModuleManager: Shutting down and abandoning module SignificanceManager (404)
[2022.03.08-14.20.27:115][438]LogModuleManager: Shutting down and abandoning module RuntimePhysXCooking (402)
[2022.03.08-14.20.27:115][438]LogModuleManager: Shutting down and abandoning module PropertyAccessEditor (400)
[2022.03.08-14.20.27:115][438]LogModuleManager: Shutting down and abandoning module PhysXVehiclesEditor (398)
[2022.03.08-14.20.27:115][438]LogModuleManager: Shutting down and abandoning module LocationServicesBPLibrary (394)
[2022.03.08-14.20.27:115][438]LogModuleManager: Shutting down and abandoning module AudioSynesthesia (392)
[2022.03.08-14.20.27:115][438]LogModuleManager: Shutting down and abandoning module AudioSynesthesiaCore (390)
[2022.03.08-14.20.27:115][438]LogModuleManager: Shutting down and abandoning module ActorSequence (388)
[2022.03.08-14.20.27:115][438]LogModuleManager: Shutting down and abandoning module UdpMessaging (386)
[2022.03.08-14.20.27:217][438]LogModuleManager: Shutting down and abandoning module TcpMessaging (384)
[2022.03.08-14.20.27:317][438]LogModuleManager: Shutting down and abandoning module ImgMediaEngine (382)
[2022.03.08-14.20.27:317][438]LogModuleManager: Shutting down and abandoning module MagicLeapARPin (380)
[2022.03.08-14.20.27:317][438]LogModuleManager: Shutting down and abandoning module MagicLeapHandMeshing (378)
[2022.03.08-14.20.27:317][438]LogModuleManager: Shutting down and abandoning module MagicLeapSecureStorage (376)
[2022.03.08-14.20.27:317][438]LogModuleManager: Shutting down and abandoning module MagicLeapPrivileges (374)
[2022.03.08-14.20.27:317][438]LogModuleManager: Shutting down and abandoning module MagicLeapPlanes (372)
[2022.03.08-14.20.27:317][438]LogMagicLeapPlanes: Planes tracker already destroyed.
[2022.03.08-14.20.27:317][438]LogModuleManager: Shutting down and abandoning module MagicLeapImageTracker (370)
[2022.03.08-14.20.27:317][438]LogModuleManager: Shutting down and abandoning module MagicLeapIdentity (368)
[2022.03.08-14.20.27:317][438]LogModuleManager: Shutting down and abandoning module MagicLeapHandTracking (366)
[2022.03.08-14.20.27:317][438]LogModuleManager: Shutting down and abandoning module MagicLeapEyeTracker (364)
[2022.03.08-14.20.27:317][438]LogModuleManager: Shutting down and abandoning module MagicLeapController (362)
[2022.03.08-14.20.27:317][438]LogModuleManager: Shutting down and abandoning module MagicLeapARPinImpl (360)
[2022.03.08-14.20.27:317][438]LogModuleManager: Shutting down and abandoning module MagicLeapAR (358)
[2022.03.08-14.20.27:317][438]LogModuleManager: Shutting down and abandoning module NiagaraAnimNotifies (356)
[2022.03.08-14.20.27:317][438]LogModuleManager: Shutting down and abandoning module Niagara (354)
[2022.03.08-14.20.27:317][438]LogModuleManager: Shutting down and abandoning module SignalProcessing (353)
[2022.03.08-14.20.27:317][438]LogModuleManager: Shutting down and abandoning module NiagaraEditor (351)
[2022.03.08-14.20.27:318][438]LogModuleManager: Shutting down and abandoning module NiagaraCore (348)
[2022.03.08-14.20.27:318][438]LogModuleManager: Shutting down and abandoning module PythonScriptPlugin (346)
[2022.03.08-14.20.27:318][438]LogModuleManager: Shutting down and abandoning module GameplayCameras (344)
[2022.03.08-14.20.27:318][438]LogModuleManager: Shutting down and abandoning module GameplayTagsEditor (342)
[2022.03.08-14.20.27:318][438]LogModuleManager: Shutting down and abandoning module FacialAnimationEditor (340)
[2022.03.08-14.20.27:318][438]LogModuleManager: Shutting down and abandoning module FacialAnimation (338)
[2022.03.08-14.20.27:318][438]LogModuleManager: Shutting down and abandoning module DataValidation (336)
[2022.03.08-14.20.27:318][438]LogModuleManager: Shutting down and abandoning module AssetManagerEditor (334)
[2022.03.08-14.20.27:318][438]LogModuleManager: Shutting down and abandoning module LevelEditor (333)
[2022.03.08-14.20.27:319][438]LogModuleManager: Shutting down and abandoning module PixelInspectorModule (332)
[2022.03.08-14.20.27:319][438]LogModuleManager: Shutting down and abandoning module CommonMenuExtensions (330)
[2022.03.08-14.20.27:319][438]LogModuleManager: Shutting down and abandoning module MainFrame (328)
[2022.03.08-14.20.27:320][438]LogModuleManager: Shutting down and abandoning module HotReload (327)
[2022.03.08-14.20.27:320][438]LogModuleManager: Shutting down and abandoning module ToolMenus (323)
[2022.03.08-14.20.27:320][438]LogModuleManager: Shutting down and abandoning module ContentBrowser (321)
[2022.03.08-14.20.27:321][438]LogModuleManager: Shutting down and abandoning module ContentBrowserData (320)
[2022.03.08-14.20.27:321][438]LogModuleManager: Shutting down and abandoning module TreeMap (317)
[2022.03.08-14.20.27:321][438]LogModuleManager: Shutting down and abandoning module PropertyAccessNode (314)
[2022.03.08-14.20.27:321][438]LogModuleManager: Shutting down and abandoning module AnimationSharing (312)
[2022.03.08-14.20.27:321][438]LogModuleManager: Shutting down and abandoning module EnvironmentQueryEditor (310)
[2022.03.08-14.20.27:321][438]LogModuleManager: Shutting down and abandoning module LightPropagationVolumeRuntime (308)
[2022.03.08-14.20.27:321][438]LogModuleManager: Shutting down and abandoning module Paper2D (306)
[2022.03.08-14.20.27:321][438]LogModuleManager: Shutting down and abandoning module WindowsMoviePlayer (304)
[2022.03.08-14.20.27:324][438]LogModuleManager: Shutting down and abandoning module WebMMoviePlayer (302)
[2022.03.08-14.20.27:324][438]LogModuleManager: Shutting down and abandoning module NetworkReplayStreaming (300)
[2022.03.08-14.20.27:324][438]LogModuleManager: Shutting down and abandoning module PacketHandler (298)
[2022.03.08-14.20.27:324][438]LogModuleManager: Shutting down and abandoning module ClothingSystemEditor (296)
[2022.03.08-14.20.27:324][438]LogModuleManager: Shutting down and abandoning module ClothingSystemRuntimeNv (294)
[2022.03.08-14.20.27:324][438]LogModuleManager: Shutting down and abandoning module MediaAssets (292)
[2022.03.08-14.20.27:324][438]LogModuleManager: Shutting down and abandoning module Overlay (290)
[2022.03.08-14.20.27:324][438]LogModuleManager: Shutting down and abandoning module OverlayEditor (289)
[2022.03.08-14.20.27:324][438]LogModuleManager: Shutting down and abandoning module VREditor (286)
[2022.03.08-14.20.27:324][438]LogModuleManager: Shutting down and abandoning module StringTableEditor (284)
[2022.03.08-14.20.27:324][438]LogModuleManager: Shutting down and abandoning module GameplayTasksEditor (282)
[2022.03.08-14.20.27:324][438]LogModuleManager: Shutting down and abandoning module BehaviorTreeEditor (280)
[2022.03.08-14.20.27:324][438]LogModuleManager: Shutting down and abandoning module FunctionalTesting (278)
[2022.03.08-14.20.27:324][438]LogModuleManager: Shutting down and abandoning module CollisionAnalyzer (276)
[2022.03.08-14.20.27:324][438]LogModuleManager: Shutting down and abandoning module WorkspaceMenuStructure (275)
[2022.03.08-14.20.27:325][438]LogModuleManager: Shutting down and abandoning module UMG (272)
[2022.03.08-14.20.27:325][438]LogModuleManager: Shutting down and abandoning module UMGEditor (271)
[2022.03.08-14.20.27:325][438]LogModuleManager: Shutting down and abandoning module MessageLog (269)
[2022.03.08-14.20.27:325][438]LogModuleManager: Shutting down and abandoning module SlateReflector (264)
[2022.03.08-14.20.27:325][438]LogModuleManager: Shutting down and abandoning module Slate (262)
[2022.03.08-14.20.27:325][438]LogModuleManager: Shutting down and abandoning module SlateCore (260)
[2022.03.08-14.20.27:326][438]LogModuleManager: Shutting down and abandoning module LandscapeEditorUtilities (258)
[2022.03.08-14.20.27:326][438]LogModuleManager: Shutting down and abandoning module UnrealEd (256)
[2022.03.08-14.20.27:326][438]LogModuleManager: Shutting down and abandoning module MRMesh (254)
[2022.03.08-14.20.27:326][438]LogModuleManager: Shutting down and abandoning module SourceCodeAccess (252)
[2022.03.08-14.20.27:326][438]LogModuleManager: Shutting down and abandoning module HeadMountedDisplay (250)
[2022.03.08-14.20.27:326][438]LogModuleManager: Shutting down and abandoning module XAudio2 (248)
[2022.03.08-14.20.27:326][438]LogModuleManager: Shutting down and abandoning module Networking (246)
[2022.03.08-14.20.27:326][438]LogModuleManager: Shutting down and abandoning module Core (244)
[2022.03.08-14.20.27:327][438]LogModuleManager: Shutting down and abandoning module MaterialEditor (242)
[2022.03.08-14.20.27:327][438]LogModuleManager: Shutting down and abandoning module MovieSceneTools (240)
[2022.03.08-14.20.27:327][438]LogModuleManager: Shutting down and abandoning module CurveEditor (239)
[2022.03.08-14.20.27:327][438]LogModuleManager: Shutting down and abandoning module Sequencer (237)
[2022.03.08-14.20.27:327][438]LogModuleManager: Shutting down and abandoning module EditorStyle (236)
[2022.03.08-14.20.27:328][438]LogModuleManager: Shutting down and abandoning module KismetCompiler (232)
[2022.03.08-14.20.27:328][438]LogModuleManager: Shutting down and abandoning module MeshBuilder (230)
[2022.03.08-14.20.27:328][438]LogModuleManager: Shutting down and abandoning module MeshUtilities (228)
[2022.03.08-14.20.27:328][438]LogModuleManager: Shutting down and abandoning module MeshMergeUtilities (227)
[2022.03.08-14.20.27:328][438]LogModuleManager: Shutting down and abandoning module MeshReductionInterface (226)
[2022.03.08-14.20.27:328][438]LogModuleManager: Shutting down and abandoning module MeshBoneReduction (225)
[2022.03.08-14.20.27:328][438]LogModuleManager: Shutting down and abandoning module SkeletalMeshReduction (223)
[2022.03.08-14.20.27:328][438]LogModuleManager: Shutting down and abandoning module ProxyLODMeshReduction (221)
[2022.03.08-14.20.27:328][438]LogModuleManager: Shutting down and abandoning module QuadricMeshReduction (219)
[2022.03.08-14.20.27:328][438]LogModuleManager: Shutting down and abandoning module MaterialBaking (215)
[2022.03.08-14.20.27:328][438]LogModuleManager: Shutting down and abandoning module NullInstallBundleManager (210)
[2022.03.08-14.20.27:328][438]LogModuleManager: Shutting down and abandoning module DerivedDataCache (208)
[2022.03.08-14.20.27:328][438]LogModuleManager: Shutting down and abandoning module TargetPlatform (206)
[2022.03.08-14.20.27:329][438]LogModuleManager: Shutting down and abandoning module VulkanShaderFormat (205)
[2022.03.08-14.20.27:329][438]LogModuleManager: Shutting down and abandoning module ShaderFormatVectorVM (203)
[2022.03.08-14.20.27:329][438]LogModuleManager: Shutting down and abandoning module ShaderFormatOpenGL (201)
[2022.03.08-14.20.27:329][438]LogModuleManager: Shutting down and abandoning module ShaderFormatD3D (199)
[2022.03.08-14.20.27:329][438]LogModuleManager: Shutting down and abandoning module MetalShaderFormat (197)
[2022.03.08-14.20.27:329][438]LogModuleManager: Shutting down and abandoning module TextureFormatOodle (195)
[2022.03.08-14.20.27:329][438]LogModuleManager: Shutting down and abandoning module TextureFormatUncompressed (193)
[2022.03.08-14.20.27:329][438]LogModuleManager: Shutting down and abandoning module TextureFormatPVR (191)
[2022.03.08-14.20.27:329][438]LogModuleManager: Shutting down and abandoning module TextureFormatETC2 (189)
[2022.03.08-14.20.27:329][438]LogModuleManager: Shutting down and abandoning module TextureFormatDXT (187)
[2022.03.08-14.20.27:329][438]LogModuleManager: Shutting down and abandoning module TextureFormatIntelISPCTexComp (185)
[2022.03.08-14.20.27:329][438]LogModuleManager: Shutting down and abandoning module TextureFormatASTC (183)
[2022.03.08-14.20.27:329][438]LogModuleManager: Shutting down and abandoning module ImageWrapper (182)
[2022.03.08-14.20.27:329][438]LogModuleManager: Shutting down and abandoning module AudioFormatOpus (179)
[2022.03.08-14.20.27:329][438]LogModuleManager: Shutting down and abandoning module AudioFormatOgg (177)
[2022.03.08-14.20.27:329][438]LogModuleManager: Shutting down and abandoning module AudioFormatADPCM (175)
[2022.03.08-14.20.27:330][438]LogModuleManager: Shutting down and abandoning module WindowsServerTargetPlatform (173)
[2022.03.08-14.20.27:330][438]LogModuleManager: Shutting down and abandoning module WindowsClientTargetPlatform (171)
[2022.03.08-14.20.27:330][438]LogModuleManager: Shutting down and abandoning module WindowsTargetPlatform (169)
[2022.03.08-14.20.27:330][438]LogModuleManager: Shutting down and abandoning module WindowsNoEditorTargetPlatform (167)
[2022.03.08-14.20.27:330][438]LogModuleManager: Shutting down and abandoning module TVOSTargetPlatform (165)
[2022.03.08-14.20.27:331][438]LogModuleManager: Shutting down and abandoning module MacServerTargetPlatform (163)
[2022.03.08-14.20.27:331][438]LogModuleManager: Shutting down and abandoning module MacClientTargetPlatform (161)
[2022.03.08-14.20.27:331][438]LogModuleManager: Shutting down and abandoning module MacTargetPlatform (159)
[2022.03.08-14.20.27:331][438]LogModuleManager: Shutting down and abandoning module MacNoEditorTargetPlatform (157)
[2022.03.08-14.20.27:331][438]LogModuleManager: Shutting down and abandoning module LuminTargetPlatform (155)
[2022.03.08-14.20.27:332][438]LogModuleManager: Shutting down and abandoning module LinuxAArch64ServerTargetPlatform (153)
[2022.03.08-14.20.27:332][438]LogModuleManager: Shutting down and abandoning module LinuxAArch64ClientTargetPlatform (151)
[2022.03.08-14.20.27:332][438]LogModuleManager: Shutting down and abandoning module LinuxAArch64NoEditorTargetPlatform (149)
[2022.03.08-14.20.27:332][438]LogModuleManager: Shutting down and abandoning module LinuxServerTargetPlatform (147)
[2022.03.08-14.20.27:332][438]LogModuleManager: Shutting down and abandoning module LinuxClientTargetPlatform (145)
[2022.03.08-14.20.27:332][438]LogModuleManager: Shutting down and abandoning module LinuxNoEditorTargetPlatform (143)
[2022.03.08-14.20.27:332][438]LogModuleManager: Shutting down and abandoning module LinuxTargetPlatform (141)
[2022.03.08-14.20.27:332][438]LogModuleManager: Shutting down and abandoning module Messaging (139)
[2022.03.08-14.20.27:332][438]LogModuleManager: Shutting down and abandoning module IOSTargetPlatform (137)
[2022.03.08-14.20.27:333][438]LogModuleManager: Shutting down and abandoning module AndroidTargetPlatform (135)
[2022.03.08-14.20.27:337][438]LogModuleManager: Shutting down and abandoning module AllDesktopTargetPlatform (133)
[2022.03.08-14.20.27:337][438]LogModuleManager: Shutting down and abandoning module D3D11RHI (130)
[2022.03.08-14.20.27:337][438]LogModuleManager: Shutting down and abandoning module InputCore (128)
[2022.03.08-14.20.27:337][438]LogModuleManager: Shutting down and abandoning module Settings (126)
[2022.03.08-14.20.27:337][438]LogModuleManager: Shutting down and abandoning module DirectoryWatcher (124)
[2022.03.08-14.20.27:337][438]LogModuleManager: Shutting down and abandoning module PhysXCooking (122)
[2022.03.08-14.20.27:337][438]LogModuleManager: Shutting down and abandoning module Chaos (120)
[2022.03.08-14.20.27:337][438]LogModuleManager: Shutting down and abandoning module WindowsPlatformFeatures (118)
[2022.03.08-14.20.27:337][438]LogModuleManager: Shutting down and abandoning module GameplayMediaEncoder (117)
[2022.03.08-14.20.27:337][438]LogModuleManager: Shutting down and abandoning module AVEncoder (116)
[2022.03.08-14.20.27:337][438]LogModuleManager: Shutting down and abandoning module OculusHMD (112)
[2022.03.08-14.20.27:337][438]LogModuleManager: Shutting down and abandoning module OculusOpenXRHMD (110)
[2022.03.08-14.20.27:337][438]LogModuleManager: Shutting down and abandoning module OpenXRHandTracking (108)
[2022.03.08-14.20.27:338][438]LogSlate: Slate User Destroyed.  User Index 0, Is Virtual User: 0
[2022.03.08-14.20.27:338][438]LogModuleManager: Shutting down and abandoning module OpenXREyeTracker (106)
[2022.03.08-14.20.27:338][438]LogModuleManager: Shutting down and abandoning module OpenXRAR (104)
[2022.03.08-14.20.27:338][438]LogModuleManager: Shutting down and abandoning module AugmentedReality (103)
[2022.03.08-14.20.27:338][438]LogModuleManager: Shutting down and abandoning module OpenXRHMD (100)
[2022.03.08-14.20.27:338][438]LogModuleManager: Shutting down and abandoning module ExampleDeviceProfileSelector (98)
[2022.03.08-14.20.27:338][438]LogModuleManager: Shutting down and abandoning module ChunkDownloader (96)
[2022.03.08-14.20.27:338][438]LogModuleManager: Shutting down and abandoning module LauncherChunkInstaller (94)
[2022.03.08-14.20.27:338][438]LogModuleManager: Shutting down and abandoning module OnlineBlueprintSupport (92)
[2022.03.08-14.20.27:338][438]LogModuleManager: Shutting down and abandoning module OnlineSubsystem (88)
[2022.03.08-14.20.27:339][438]LogModuleManager: Shutting down and abandoning module XMPP (83)
[2022.03.08-14.20.27:339][438]LogModuleManager: Shutting down and abandoning module WebSockets (82)
[2022.03.08-14.20.27:354][438]LogModuleManager: Shutting down and abandoning module HTTP (79)
[2022.03.08-14.20.27:354][438]LogHttp: Display: Http module shutting down, but needs to wait on 1 outstanding Http requests:
[2022.03.08-14.20.27:354][438]LogHttp: Display: 	verb=[POST] url=[https://datarouter.ol.epicgames.com/datarouter/api/v1/public/data?SessionID=%7BC89B6D01-4394-9CD4-3A86-F2825D572323%7D&AppID=UEEditor.Rocket.Release&AppVersion=4.27.2-18319896%2B%2B%2BUE4%2BRelease-4.27&UserID=1f3460ab4d4b79fcd8405ca5add4cf6d%7C32bc89cd799e41ec8c630bba4abf8911%7C7edf3a0e-ebf1-4637-819c-27f7725c0b1f&AppEnvironment=datacollector-binary&UploadType=eteventstream] refs=[1] status=Processing
[2022.03.08-14.20.27:354][438]LogHttp: Display: cleaning up 1 outstanding Http requests.
[2022.03.08-14.20.27:377][438]LogModuleManager: Shutting down and abandoning module SSL (78)
[2022.03.08-14.20.27:378][438]LogModuleManager: Shutting down and abandoning module VariantManagerContent (74)
[2022.03.08-14.20.27:378][438]LogModuleManager: Shutting down and abandoning module DatasmithContent (72)
[2022.03.08-14.20.27:379][438]LogModuleManager: Shutting down and abandoning module WmfMedia (70)
[2022.03.08-14.20.27:382][438]LogModuleManager: Shutting down and abandoning module Media (69)
[2022.03.08-14.20.27:383][438]LogModuleManager: Shutting down and abandoning module MediaInfo (68)
[2022.03.08-14.20.27:383][438]LogModuleManager: Shutting down and abandoning module MLSDK (64)
[2022.03.08-14.20.27:383][438]LogModuleManager: Shutting down and abandoning module ExrReaderGpu (62)
[2022.03.08-14.20.27:383][438]LogModuleManager: Shutting down and abandoning module MagicLeap (60)
[2022.03.08-14.20.27:383][438]LogModuleManager: Shutting down and abandoning module NiagaraVertexFactories (58)
[2022.03.08-14.20.27:384][438]LogModuleManager: Shutting down and abandoning module NiagaraShader (56)
[2022.03.08-14.20.27:384][438]LogModuleManager: Shutting down and abandoning module ChaosCloth (54)
[2022.03.08-14.20.27:384][438]LogModuleManager: Shutting down and abandoning module PixWinPlugin (52)
[2022.03.08-14.20.27:384][438]LogModuleManager: Shutting down and abandoning module AISupportModule (50)
[2022.03.08-14.20.27:384][438]LogModuleManager: Shutting down and abandoning module DesktopPlatform (48)
[2022.03.08-14.20.27:384][438]LogModuleManager: Shutting down and abandoning module PlatformCryptoOpenSSL (46)
[2022.03.08-14.20.27:384][438]LogModuleManager: Shutting down and abandoning module PlatformCryptoTypes (44)
[2022.03.08-14.20.27:384][438]LogModuleManager: Shutting down and abandoning module PlatformCrypto (42)
[2022.03.08-14.20.27:384][438]LogModuleManager: Shutting down and abandoning module PythonScriptPluginPreload (40)
[2022.03.08-14.20.27:384][438]LogModuleManager: Shutting down and abandoning module OodleDataCompressionFormat (38)
[2022.03.08-14.20.27:384][438]LogModuleManager: Shutting down and abandoning module XGEController (36)
[2022.03.08-14.20.27:384][438]LogModuleManager: Shutting down and abandoning module AnimationModifiers (34)
[2022.03.08-14.20.27:384][438]LogModuleManager: Shutting down and abandoning module AudioEditor (32)
[2022.03.08-14.20.27:384][438]LogModuleManager: Shutting down and abandoning module PropertyEditor (31)
[2022.03.08-14.20.27:385][438]LogModuleManager: Shutting down and abandoning module TextureCompressor (28)
[2022.03.08-14.20.27:385][438]LogModuleManager: Shutting down and abandoning module RenderCore (26)
[2022.03.08-14.20.27:385][438]LogModuleManager: Shutting down and abandoning module Landscape (24)
[2022.03.08-14.20.27:385][438]LogModuleManager: Shutting down and abandoning module SlateRHIRenderer (22)
[2022.03.08-14.20.27:385][438]LogModuleManager: Shutting down and abandoning module AnimGraphRuntime (20)
[2022.03.08-14.20.27:386][438]LogModuleManager: Shutting down and abandoning module Renderer (18)
[2022.03.08-14.20.27:386][438]LogModuleManager: Shutting down and abandoning module Engine (16)
[2022.03.08-14.20.27:386][438]LogModuleManager: Shutting down and abandoning module CoreUObject (14)
[2022.03.08-14.20.27:386][438]LogModuleManager: Shutting down and abandoning module NetworkFile (12)
[2022.03.08-14.20.27:386][438]LogModuleManager: Shutting down and abandoning module CookedIterativeFile (10)
[2022.03.08-14.20.27:386][438]LogModuleManager: Shutting down and abandoning module StreamingFile (8)
[2022.03.08-14.20.27:386][438]LogModuleManager: Shutting down and abandoning module SandboxFile (6)
[2022.03.08-14.20.27:386][438]LogModuleManager: Shutting down and abandoning module PakFile (4)
[2022.03.08-14.20.27:386][438]LogModuleManager: Shutting down and abandoning module RSA (3)
[2022.03.08-14.20.27:386][438]LogContentStreaming: Display: There are 1 unreleased StreamingManagers
[2022.03.08-14.20.27:407][438]LogD3D11RHI: Shutdown
[2022.03.08-14.20.27:407][438]LogD3D11RHI: CleanupD3DDevice
[2022.03.08-14.20.27:411][438]LogExit: Exiting.
[2022.03.08-14.20.27:419][438]Log file closed, 03/08/22 15:20:27
