Log file open, 04/05/22 10:55:43
LogWindows: Failed to load 'aqProf.dll' (GetLastError=126)
LogWindows: File 'aqProf.dll' does not exist
LogWindows: Failed to load 'VtuneApi.dll' (GetLastError=126)
LogWindows: File 'VtuneApi.dll' does not exist
LogWindows: Failed to load 'VtuneApi32e.dll' (GetLastError=126)
LogWindows: File 'VtuneApi32e.dll' does not exist
LogConsoleResponse: Display: Failed to find resolution value strings in scalability ini. Falling back to default.
LogConsoleResponse: Display: Failed to find resolution value strings in scalability ini. Falling back to default.
LogInit: Display: Running engine for game: P8_VR_Home
LogPlatformFile: Not using cached read wrapper
LogTaskGraph: Started task graph with 5 named threads and 47 total threads with 3 sets of task threads.
LogStats: Stats thread started at 0.190726
LogICUInternationalization: ICU TimeZone Detection - Raw Offset: +1:00, Platform Override: ''
LogInit: Display: Loading text-based GConfig....
LogPluginManager: Mounting plugin MeshPainting
LogPluginManager: Mounting plugin XGEController
LogPluginManager: Mounting plugin Paper2D
LogPluginManager: Mounting plugin LiveLink
LogPluginManager: Mounting plugin AISupport
LogPluginManager: Mounting plugin EnvironmentQueryEditor
LogPluginManager: Mounting plugin CameraShakePreviewer
LogPluginManager: Mounting plugin GameplayCameras
LogPluginManager: Mounting plugin LightPropagationVolume
LogPluginManager: Mounting plugin AssetManagerEditor
LogPluginManager: Mounting plugin CryptoKeys
LogPluginManager: Mounting plugin DataValidation
LogPluginManager: Mounting plugin CurveEditorTools
LogPluginManager: Mounting plugin GameplayTagsEditor
LogPluginManager: Mounting plugin EditorScriptingUtilities
LogPluginManager: Mounting plugin GeometryMode
LogPluginManager: Mounting plugin FacialAnimation
LogPluginManager: Mounting plugin MacGraphicsSwitching
LogPluginManager: Mounting plugin MaterialAnalyzer
LogPluginManager: Mounting plugin MobileLauncherProfileWizard
LogPluginManager: Mounting plugin MeshEditor
LogPluginManager: Mounting plugin SpeedTreeImporter
LogPluginManager: Mounting plugin PluginBrowser
LogPluginManager: Mounting plugin DataprepEditor
LogPluginManager: Mounting plugin Niagara
LogPluginManager: Mounting plugin DatasmithContent
LogPluginManager: Mounting plugin DatasmithImporter
LogPluginManager: Mounting plugin VariantManagerContent
LogPluginManager: Mounting plugin VariantManager
LogPluginManager: Mounting plugin StaticMeshEditorExtension
LogPluginManager: Mounting plugin LuminPlatformFeatures
LogPluginManager: Mounting plugin MagicLeapLightEstimation
LogPluginManager: Mounting plugin MagicLeap
LogPluginManager: Mounting plugin MagicLeapMedia
LogPluginManager: Mounting plugin MagicLeapPassableWorld
LogPluginManager: Mounting plugin MLSDK
LogPluginManager: Mounting plugin AndroidMedia
LogPluginManager: Mounting plugin AvfMedia
LogPluginManager: Mounting plugin MediaCompositing
LogPluginManager: Mounting plugin ImgMedia
LogPluginManager: Mounting plugin TcpMessaging
LogPluginManager: Mounting plugin MediaPlayerEditor
LogPluginManager: Mounting plugin UdpMessaging
LogPluginManager: Mounting plugin WebMMedia
LogPluginManager: Mounting plugin AlembicImporter
LogPluginManager: Mounting plugin AutomationUtils
LogPluginManager: Mounting plugin BlastPlugin
LogPluginManager: Mounting plugin BackChannel
LogPluginManager: Mounting plugin ChaosCloth
LogPluginManager: Mounting plugin WmfMedia
LogPluginManager: Mounting plugin ChaosEditor
LogPluginManager: Mounting plugin ChaosClothEditor
LogPluginManager: Mounting plugin CharacterAI
LogPluginManager: Mounting plugin ChaosNiagara
LogPluginManager: Mounting plugin ChaosSolverPlugin
LogPluginManager: Mounting plugin GeometryCache
LogPluginManager: Mounting plugin GeometryCollectionPlugin
LogPluginManager: Mounting plugin GeometryProcessing
LogPluginManager: Mounting plugin MotoSynth
LogPluginManager: Mounting plugin OpenImageDenoise
LogPluginManager: Mounting plugin PythonScriptPlugin
LogPluginManager: Mounting plugin PlatformCrypto
LogPluginManager: Mounting plugin PlanarCut
LogPluginManager: Mounting plugin SkeletalReduction
LogPluginManager: Mounting plugin ActorSequence
LogPluginManager: Mounting plugin LevelSequenceEditor
LogPluginManager: Mounting plugin MatineeToLevelSequence
LogPluginManager: Mounting plugin OnlineSubsystem
LogPluginManager: Mounting plugin OnlineSubsystemNull
LogPluginManager: Mounting plugin TemplateSequence
LogPluginManager: Mounting plugin OnlineSubsystemUtils
LogPluginManager: Mounting plugin LauncherChunkInstaller
LogPluginManager: Mounting plugin ActorLayerUtilities
LogPluginManager: Mounting plugin AndroidDeviceProfileSelector
LogPluginManager: Mounting plugin AndroidMoviePlayer
LogPluginManager: Mounting plugin AndroidPermission
LogPluginManager: Mounting plugin AppleMoviePlayer
LogPluginManager: Mounting plugin AppleImageUtils
LogPluginManager: Mounting plugin ArchVisCharacter
LogPluginManager: Mounting plugin AssetTags
LogPluginManager: Mounting plugin AudioCapture
LogPluginManager: Mounting plugin AudioSynesthesia
LogPluginManager: Mounting plugin CableComponent
LogPluginManager: Mounting plugin ChunkDownloader
LogPluginManager: Mounting plugin CustomMeshComponent
LogPluginManager: Mounting plugin EditableMesh
LogPluginManager: Mounting plugin ExampleDeviceProfileSelector
LogPluginManager: Mounting plugin ProxyLODPlugin
LogPluginManager: Mounting plugin GoogleCloudMessaging
LogPluginManager: Mounting plugin GooglePAD
LogPluginManager: Mounting plugin LinuxDeviceProfileSelector
LogPluginManager: Mounting plugin IOSDeviceProfileSelector
LogPluginManager: Mounting plugin LocationServicesBPLibrary
LogPluginManager: Mounting plugin MobilePatchingUtils
LogPluginManager: Mounting plugin OpenXR
LogPluginManager: Mounting plugin OpenXREyeTracker
LogPluginManager: Mounting plugin OpenXRHandTracking
LogPluginManager: Mounting plugin PhysXVehicles
LogPluginManager: Mounting plugin ProceduralMeshComponent
LogPluginManager: Mounting plugin PropertyAccessEditor
LogPluginManager: Mounting plugin ScreenshotTools
LogPluginManager: Mounting plugin ResonanceAudio
LogPluginManager: Mounting plugin RuntimePhysXCooking
LogPluginManager: Mounting plugin SignificanceManager
LogPluginManager: Mounting plugin PostSplashScreen
LogPluginManager: Mounting plugin SoundFields
LogPluginManager: Mounting plugin Takes
LogPluginManager: Mounting plugin Synthesis
LogPluginManager: Mounting plugin WebMMoviePlayer
LogPluginManager: Mounting plugin WindowsMoviePlayer
LogPluginManager: Mounting plugin OodleData
LogPluginManager: Mounting plugin OodleNetwork
LogPluginManager: Mounting plugin AnimationSharing
LogPluginManager: Mounting plugin CLionSourceCodeAccess
LogPluginManager: Mounting plugin GitSourceControl
LogPluginManager: Mounting plugin CodeLiteSourceCodeAccess
LogPluginManager: Mounting plugin NullSourceCodeAccess
LogPluginManager: Mounting plugin KDevelopSourceCodeAccess
LogPluginManager: Mounting plugin PerforceSourceControl
LogPluginManager: Mounting plugin PixWinPlugin
LogPluginManager: Mounting plugin PluginUtils
LogPluginManager: Mounting plugin PropertyAccessNode
LogPluginManager: Mounting plugin PlasticSourceControl
LogPluginManager: Mounting plugin RiderSourceCodeAccess
LogPluginManager: Mounting plugin TextureFormatOodle
LogPluginManager: Mounting plugin UObjectPlugin
LogPluginManager: Mounting plugin VisualStudioCodeSourceCodeAccess
LogPluginManager: Mounting plugin XCodeSourceCodeAccess
LogPluginManager: Mounting plugin VisualStudioSourceCodeAccess
LogPluginManager: Mounting plugin SubversionSourceControl
LogPluginManager: Mounting plugin ContentBrowserAssetDataSource
LogPluginManager: Mounting plugin ContentBrowserFileDataSource
LogPluginManager: Mounting plugin ContentBrowserClassDataSource
LogPluginManager: Mounting plugin OnlineSubsystemGooglePlay
LogPluginManager: Mounting plugin OnlineSubsystemIOS
LogPluginManager: Mounting plugin OculusOpenXR
LogPluginManager: Mounting plugin OculusVR
LogInit: Using libcurl 7.55.1-DEV
LogInit:  - built for x86_64-pc-win32
LogInit:  - supports SSL with OpenSSL/1.1.1
LogInit:  - supports HTTP deflate (compression) using libz 1.2.8
LogInit:  - other features:
LogInit:      CURL_VERSION_SSL
LogInit:      CURL_VERSION_LIBZ
LogInit:      CURL_VERSION_IPV6
LogInit:      CURL_VERSION_ASYNCHDNS
LogInit:      CURL_VERSION_LARGEFILE
LogInit:      CURL_VERSION_IDN
LogInit:  CurlRequestOptions (configurable via config and command line):
LogInit:  - bVerifyPeer = true  - Libcurl will verify peer certificate
LogInit:  - bUseHttpProxy = false  - Libcurl will NOT use HTTP proxy
LogInit:  - bDontReuseConnections = false  - Libcurl will reuse connections
LogInit:  - MaxHostConnections = 16  - Libcurl will limit the number of connections to a host
LogInit:  - LocalHostAddr = Default
LogInit:  - BufferSize = 65536
LogOnline: OSS: Creating online subsystem instance for: NULL
LogInit: WinSock: version 1.1 (2.2), MaxSocks=32767, MaxUdp=65467
LogOnline: OSS: TryLoadSubsystemAndSetDefault: Loaded subsystem for module [NULL]
PixWinPlugin: PIX capture plugin failed to initialize! Check that the process is launched from PIX.
LogOculusPluginWrapper: OculusPlugin initialized successfully
LogHMD: FOculusHMDModule PreInit successfully
LogInit: Build: ++UE4+Release-4.27-CL-18319896
LogInit: Engine Version: 4.27.2-18319896+++UE4+Release-4.27
LogInit: Compatible Engine Version: 4.27.0-17155196+++UE4+Release-4.27
LogInit: Net CL: 17155196
LogInit: OS: Windows 10 (Release 2009) (), CPU: AMD Ryzen 9 5900HS with Radeon Graphics        , GPU: AMD Radeon(TM) Graphics
LogInit: Compiled (64-bit): Nov 30 2021 07:12:08
LogInit: Compiled with Visual C++: 19.24.28315.00
LogInit: Build Configuration: Development
LogInit: Branch Name: ++UE4+Release-4.27
LogInit: Command Line:  -EpicPortal -epicusername=Teirrken -epicuserid=dfb2d60c641c4fbc9eea0e112e889e93 -epiclocale=en -epicsandboxid=ue
LogInit: Base Directory: C:/Program Files/Epic Games/UE_4.27/Engine/Binaries/Win64/
LogInit: Allocator: TBB
LogInit: Installed Engine Build: 1
LogDevObjectVersion: Number of dev versions registered: 29
LogDevObjectVersion:   Dev-Blueprints (B0D832E4-1F89-4F0D-ACCF-7EB736FD4AA2): 10
LogDevObjectVersion:   Dev-Build (E1C64328-A22C-4D53-A36C-8E866417BD8C): 0
LogDevObjectVersion:   Dev-Core (375EC13C-06E4-48FB-B500-84F0262A717E): 4
LogDevObjectVersion:   Dev-Editor (E4B068ED-F494-42E9-A231-DA0B2E46BB41): 40
LogDevObjectVersion:   Dev-Framework (CFFC743F-43B0-4480-9391-14DF171D2073): 37
LogDevObjectVersion:   Dev-Mobile (B02B49B5-BB20-44E9-A304-32B752E40360): 3
LogDevObjectVersion:   Dev-Networking (A4E4105C-59A1-49B5-A7C5-40C4547EDFEE): 0
LogDevObjectVersion:   Dev-Online (39C831C9-5AE6-47DC-9A44-9C173E1C8E7C): 0
LogDevObjectVersion:   Dev-Physics (78F01B33-EBEA-4F98-B9B4-84EACCB95AA2): 14
LogDevObjectVersion:   Dev-Platform (6631380F-2D4D-43E0-8009-CF276956A95A): 0
LogDevObjectVersion:   Dev-Rendering (12F88B9F-8875-4AFC-A67C-D90C383ABD29): 45
LogDevObjectVersion:   Dev-Sequencer (7B5AE74C-D270-4C10-A958-57980B212A5A): 13
LogDevObjectVersion:   Dev-VR (D7296918-1DD6-4BDD-9DE2-64A83CC13884): 3
LogDevObjectVersion:   Dev-LoadTimes (C2A15278-BFE7-4AFE-6C17-90FF531DF755): 1
LogDevObjectVersion:   Private-Geometry (6EACA3D4-40EC-4CC1-B786-8BED09428FC5): 3
LogDevObjectVersion:   Dev-AnimPhys (29E575DD-E0A3-4627-9D10-D276232CDCEA): 17
LogDevObjectVersion:   Dev-Anim (AF43A65D-7FD3-4947-9873-3E8ED9C1BB05): 15
LogDevObjectVersion:   Dev-ReflectionCapture (6B266CEC-1EC7-4B8F-A30B-E4D90942FC07): 1
LogDevObjectVersion:   Dev-Automation (0DF73D61-A23F-47EA-B727-89E90C41499A): 1
LogDevObjectVersion:   FortniteMain (601D1886-AC64-4F84-AA16-D3DE0DEAC7D6): 47
LogDevObjectVersion:   FortniteRelease (E7086368-6B23-4C58-8439-1B7016265E91): 1
LogDevObjectVersion:   Dev-Enterprise (9DFFBCD6-494F-0158-E221-12823C92A888): 10
LogDevObjectVersion:   Dev-Niagara (F2AED0AC-9AFE-416F-8664-AA7FFA26D6FC): 1
LogDevObjectVersion:   Dev-Destruction (174F1F0B-B4C6-45A5-B13F-2EE8D0FB917D): 10
LogDevObjectVersion:   Dev-Physics-Ext (35F94A83-E258-406C-A318-09F59610247C): 41
LogDevObjectVersion:   Dev-PhysicsMaterial-Chaos (B68FC16E-8B1B-42E2-B453-215C058844FE): 1
LogDevObjectVersion:   Dev-CineCamera (B2E18506-4273-CFC2-A54E-F4BB758BBA07): 1
LogDevObjectVersion:   Dev-VirtualProduction (64F58936-FD1B-42BA-BA96-7289D5D0FA4E): 1
LogDevObjectVersion:   Dev-MediaFramework (6F0ED827-A609-4895-9C91-998D90180EA4): 2
LogInit: Presizing for max 25165824 objects, including 0 objects not considered by GC, pre-allocating 0 bytes for permanent pool.
LogConfig: Applying CVar settings from Section [/Script/Engine.StreamingSettings] File [C:/Users/dmock/Unreal projects/P8/P8ToBeAnnounced/P8_VR_Home/Saved/Config/Windows/Engine.ini]
LogConfig: Setting CVar [[s.MinBulkDataSizeForAsyncLoading:131072]]
LogConfig: Setting CVar [[s.AsyncLoadingThreadEnabled:0]]
LogConfig: Setting CVar [[s.EventDrivenLoaderEnabled:1]]
LogConfig: Setting CVar [[s.WarnIfTimeLimitExceeded:0]]
LogConfig: Setting CVar [[s.TimeLimitExceededMultiplier:1.5]]
LogConfig: Setting CVar [[s.TimeLimitExceededMinTime:0.005]]
LogConfig: Setting CVar [[s.UseBackgroundLevelStreaming:1]]
LogConfig: Setting CVar [[s.PriorityAsyncLoadingExtraTime:15.0]]
LogConfig: Setting CVar [[s.LevelStreamingActorsUpdateTimeLimit:5.0]]
LogConfig: Setting CVar [[s.PriorityLevelStreamingActorsUpdateExtraTime:5.0]]
LogConfig: Setting CVar [[s.LevelStreamingComponentsRegistrationGranularity:10]]
LogConfig: Setting CVar [[s.UnregisterComponentsTimeLimit:1.0]]
LogConfig: Setting CVar [[s.LevelStreamingComponentsUnregistrationGranularity:5]]
LogConfig: Setting CVar [[s.FlushStreamingOnExit:1]]
LogInit: Object subsystem initialized
LogConfig: Setting CVar [[con.DebugEarlyDefault:1]]
LogConfig: Setting CVar [[r.setres:1280x720]]
[2022.04.05-08.55.44:158][  0]LogConfig: Setting CVar [[r.VSync:0]]
[2022.04.05-08.55.44:158][  0]LogConfig: Setting CVar [[r.RHICmdBypass:0]]
[2022.04.05-08.55.44:158][  0]LogConfig: Applying CVar settings from Section [/Script/Engine.RendererSettings] File [C:/Users/dmock/Unreal projects/P8/P8ToBeAnnounced/P8_VR_Home/Saved/Config/Windows/Engine.ini]
[2022.04.05-08.55.44:158][  0]LogConfig: Setting CVar [[r.GPUCrashDebugging:0]]
[2022.04.05-08.55.44:158][  0]LogConfig: Setting CVar [[r.Mobile.DisableVertexFog:1]]
[2022.04.05-08.55.44:158][  0]LogConfig: Setting CVar [[r.Shadow.CSM.MaxMobileCascades:2]]
[2022.04.05-08.55.44:158][  0]LogConfig: Setting CVar [[r.MobileMSAA:4]]
[2022.04.05-08.55.44:158][  0]LogConfig: Setting CVar [[r.Mobile.AllowDitheredLODTransition:0]]
[2022.04.05-08.55.44:158][  0]LogConfig: Setting CVar [[r.Mobile.AllowSoftwareOcclusion:0]]
[2022.04.05-08.55.44:158][  0]LogConfig: Setting CVar [[r.Mobile.VirtualTextures:0]]
[2022.04.05-08.55.44:158][  0]LogConfig: Setting CVar [[r.DiscardUnusedQuality:0]]
[2022.04.05-08.55.44:158][  0]LogConfig: Setting CVar [[r.AllowOcclusionQueries:1]]
[2022.04.05-08.55.44:158][  0]LogConfig: Setting CVar [[r.MinScreenRadiusForLights:0.030000]]
[2022.04.05-08.55.44:158][  0]LogConfig: Setting CVar [[r.MinScreenRadiusForDepthPrepass:0.030000]]
[2022.04.05-08.55.44:158][  0]LogConfig: Setting CVar [[r.MinScreenRadiusForCSMDepth:0.010000]]
[2022.04.05-08.55.44:158][  0]LogConfig: Setting CVar [[r.PrecomputedVisibilityWarning:0]]
[2022.04.05-08.55.44:158][  0]LogConfig: Setting CVar [[r.TextureStreaming:1]]
[2022.04.05-08.55.44:158][  0]LogConfig: Setting CVar [[Compat.UseDXT5NormalMaps:0]]
[2022.04.05-08.55.44:158][  0]LogConfig: Setting CVar [[r.VirtualTextures:0]]
[2022.04.05-08.55.44:158][  0]LogConfig: Setting CVar [[r.VirtualTexturedLightmaps:0]]
[2022.04.05-08.55.44:158][  0]LogConfig: Setting CVar [[r.VT.TileSize:128]]
[2022.04.05-08.55.44:158][  0]LogConfig: Setting CVar [[r.VT.TileBorderSize:4]]
[2022.04.05-08.55.44:158][  0]LogConfig: Setting CVar [[r.vt.FeedbackFactor:16]]
[2022.04.05-08.55.44:158][  0]LogConfig: Setting CVar [[r.VT.EnableCompressZlib:1]]
[2022.04.05-08.55.44:158][  0]LogConfig: Setting CVar [[r.VT.EnableCompressCrunch:0]]
[2022.04.05-08.55.44:158][  0]LogConfig: Setting CVar [[r.ClearCoatNormal:0]]
[2022.04.05-08.55.44:158][  0]LogConfig: Setting CVar [[r.ReflectionCaptureResolution:128]]
[2022.04.05-08.55.44:158][  0]LogConfig: Setting CVar [[r.Mobile.ReflectionCaptureCompression:0]]
[2022.04.05-08.55.44:158][  0]LogConfig: Setting CVar [[r.ReflectionEnvironmentLightmapMixBasedOnRoughness:1]]
[2022.04.05-08.55.44:158][  0]LogConfig: Setting CVar [[r.ForwardShading:1]]
[2022.04.05-08.55.44:158][  0]LogConfig: Setting CVar [[r.VertexFoggingForOpaque:1]]
[2022.04.05-08.55.44:158][  0]LogConfig: Setting CVar [[r.AllowStaticLighting:1]]
[2022.04.05-08.55.44:158][  0]LogConfig: Setting CVar [[r.NormalMapsForStaticLighting:0]]
[2022.04.05-08.55.44:158][  0]LogConfig: Setting CVar [[r.GenerateMeshDistanceFields:0]]
[2022.04.05-08.55.44:158][  0]LogConfig: Setting CVar [[r.DistanceFieldBuild.EightBit:0]]
[2022.04.05-08.55.44:158][  0]LogConfig: Setting CVar [[r.GenerateLandscapeGIData:0]]
[2022.04.05-08.55.44:158][  0]LogConfig: Setting CVar [[r.DistanceFieldBuild.Compress:0]]
[2022.04.05-08.55.44:158][  0]LogConfig: Setting CVar [[r.TessellationAdaptivePixelsPerTriangle:48.000000]]
[2022.04.05-08.55.44:158][  0]LogConfig: Setting CVar [[r.SeparateTranslucency:0]]
[2022.04.05-08.55.44:158][  0]LogConfig: Setting CVar [[r.TranslucentSortPolicy:0]]
[2022.04.05-08.55.44:158][  0]LogConfig: Setting CVar [[r.CustomDepth:1]]
[2022.04.05-08.55.44:158][  0]LogConfig: Setting CVar [[r.CustomDepthTemporalAAJitter:1]]
[2022.04.05-08.55.44:158][  0]LogConfig: Setting CVar [[r.PostProcessing.PropagateAlpha:0]]
[2022.04.05-08.55.44:158][  0]LogConfig: Setting CVar [[r.DefaultFeature.Bloom:0]]
[2022.04.05-08.55.44:158][  0]LogConfig: Setting CVar [[r.DefaultFeature.AmbientOcclusion:0]]
[2022.04.05-08.55.44:158][  0]LogConfig: Setting CVar [[r.DefaultFeature.AmbientOcclusionStaticFraction:1]]
[2022.04.05-08.55.44:158][  0]LogConfig: Setting CVar [[r.DefaultFeature.AutoExposure:0]]
[2022.04.05-08.55.44:158][  0]LogConfig: Setting CVar [[r.DefaultFeature.AutoExposure.Method:0]]
[2022.04.05-08.55.44:158][  0]LogConfig: Setting CVar [[r.DefaultFeature.AutoExposure.Bias:1.000000]]
[2022.04.05-08.55.44:158][  0]LogConfig: Setting CVar [[r.DefaultFeature.AutoExposure.ExtendDefaultLuminanceRange:1]]
[2022.04.05-08.55.44:158][  0]LogConfig: Setting CVar [[r.UsePreExposure:1]]
[2022.04.05-08.55.44:158][  0]LogConfig: Setting CVar [[r.EyeAdaptation.EditorOnly:0]]
[2022.04.05-08.55.44:158][  0]LogConfig: Setting CVar [[r.DefaultFeature.MotionBlur:0]]
[2022.04.05-08.55.44:158][  0]LogConfig: Setting CVar [[r.DefaultFeature.LensFlare:0]]
[2022.04.05-08.55.44:158][  0]LogConfig: Setting CVar [[r.TemporalAA.Upsampling:0]]
[2022.04.05-08.55.44:158][  0]LogConfig: Setting CVar [[r.SSGI.Enable:0]]
[2022.04.05-08.55.44:158][  0]LogConfig: Setting CVar [[r.DefaultFeature.AntiAliasing:3]]
[2022.04.05-08.55.44:158][  0]LogConfig: Setting CVar [[r.DefaultFeature.LightUnits:1]]
[2022.04.05-08.55.44:158][  0]LogConfig: Setting CVar [[r.DefaultBackBufferPixelFormat:4]]
[2022.04.05-08.55.44:158][  0]LogConfig: Setting CVar [[r.Shadow.UnbuiltPreviewInGame:1]]
[2022.04.05-08.55.44:158][  0]LogConfig: Setting CVar [[r.StencilForLODDither:0]]
[2022.04.05-08.55.44:158][  0]LogConfig: Setting CVar [[r.EarlyZPass:3]]
[2022.04.05-08.55.44:158][  0]LogConfig: Setting CVar [[r.EarlyZPassOnlyMaterialMasking:0]]
[2022.04.05-08.55.44:158][  0]LogConfig: Setting CVar [[r.DBuffer:1]]
[2022.04.05-08.55.44:158][  0]LogConfig: Setting CVar [[r.ClearSceneMethod:1]]
[2022.04.05-08.55.44:158][  0]LogConfig: Setting CVar [[r.BasePassOutputsVelocity:0]]
[2022.04.05-08.55.44:158][  0]LogConfig: Setting CVar [[r.VertexDeformationOutputsVelocity:0]]
[2022.04.05-08.55.44:158][  0]LogConfig: Setting CVar [[r.SelectiveBasePassOutputs:0]]
[2022.04.05-08.55.44:158][  0]LogConfig: Setting CVar [[fx.GPUSimulationTextureSizeX:1024]]
[2022.04.05-08.55.44:158][  0]LogConfig: Setting CVar [[fx.GPUSimulationTextureSizeY:1024]]
[2022.04.05-08.55.44:158][  0]LogConfig: Setting CVar [[r.AllowGlobalClipPlane:0]]
[2022.04.05-08.55.44:158][  0]LogConfig: Setting CVar [[r.GBufferFormat:1]]
[2022.04.05-08.55.44:158][  0]LogConfig: Setting CVar [[r.MorphTarget.Mode:1]]
[2022.04.05-08.55.44:158][  0]LogConfig: Setting CVar [[vr.InstancedStereo:1]]
[2022.04.05-08.55.44:158][  0]LogConfig: Setting CVar [[r.MobileHDR:0]]
[2022.04.05-08.55.44:158][  0]LogConfig: Setting CVar [[vr.MobileMultiView:1]]
[2022.04.05-08.55.44:158][  0]LogConfig: Setting CVar [[r.Mobile.UseHWsRGBEncoding:1]]
[2022.04.05-08.55.44:158][  0]LogConfig: Setting CVar [[vr.RoundRobinOcclusion:0]]
[2022.04.05-08.55.44:158][  0]LogConfig: Setting CVar [[vr.ODSCapture:0]]
[2022.04.05-08.55.44:158][  0]LogConfig: Setting CVar [[r.MeshStreaming:0]]
[2022.04.05-08.55.44:159][  0]LogConfig: Setting CVar [[r.WireframeCullThreshold:5.000000]]
[2022.04.05-08.55.44:159][  0]LogConfig: Setting CVar [[r.RayTracing:0]]
[2022.04.05-08.55.44:159][  0]LogConfig: Setting CVar [[r.RayTracing.UseTextureLod:0]]
[2022.04.05-08.55.44:159][  0]LogConfig: Setting CVar [[r.SupportStationarySkylight:1]]
[2022.04.05-08.55.44:159][  0]LogConfig: Setting CVar [[r.SupportLowQualityLightmaps:1]]
[2022.04.05-08.55.44:159][  0]LogConfig: Setting CVar [[r.SupportPointLightWholeSceneShadows:1]]
[2022.04.05-08.55.44:159][  0]LogConfig: Setting CVar [[r.SupportAtmosphericFog:1]]
[2022.04.05-08.55.44:159][  0]LogConfig: Setting CVar [[r.SupportSkyAtmosphere:1]]
[2022.04.05-08.55.44:159][  0]LogConfig: Setting CVar [[r.SupportSkyAtmosphereAffectsHeightFog:0]]
[2022.04.05-08.55.44:159][  0]LogConfig: Setting CVar [[r.SkinCache.CompileShaders:0]]
[2022.04.05-08.55.44:159][  0]LogConfig: Setting CVar [[r.SkinCache.DefaultBehavior:1]]
[2022.04.05-08.55.44:159][  0]LogConfig: Setting CVar [[r.SkinCache.SceneMemoryLimitInMB:128.000000]]
[2022.04.05-08.55.44:159][  0]LogConfig: Setting CVar [[r.Mobile.EnableStaticAndCSMShadowReceivers:1]]
[2022.04.05-08.55.44:159][  0]LogConfig: Setting CVar [[r.Mobile.EnableMovableLightCSMShaderCulling:1]]
[2022.04.05-08.55.44:159][  0]LogConfig: Setting CVar [[r.Mobile.AllowDistanceFieldShadows:1]]
[2022.04.05-08.55.44:159][  0]LogConfig: Setting CVar [[r.Mobile.AllowMovableDirectionalLights:1]]
[2022.04.05-08.55.44:159][  0]LogConfig: Setting CVar [[r.MobileNumDynamicPointLights:4]]
[2022.04.05-08.55.44:159][  0]LogConfig: Setting CVar [[r.MobileDynamicPointLightsUseStaticBranch:1]]
[2022.04.05-08.55.44:159][  0]LogConfig: Setting CVar [[r.Mobile.EnableMovableSpotlights:0]]
[2022.04.05-08.55.44:159][  0]LogConfig: Setting CVar [[r.Mobile.EnableMovableSpotlightsShadow:0]]
[2022.04.05-08.55.44:159][  0]LogConfig: Setting CVar [[r.GPUSkin.Support16BitBoneIndex:0]]
[2022.04.05-08.55.44:159][  0]LogConfig: Setting CVar [[r.GPUSkin.Limit2BoneInfluences:0]]
[2022.04.05-08.55.44:159][  0]LogConfig: Setting CVar [[r.SupportDepthOnlyIndexBuffers:1]]
[2022.04.05-08.55.44:159][  0]LogConfig: Setting CVar [[r.SupportReversedIndexBuffers:1]]
[2022.04.05-08.55.44:159][  0]LogConfig: Setting CVar [[r.LightPropagationVolume:0]]
[2022.04.05-08.55.44:159][  0]LogConfig: Setting CVar [[r.Mobile.AmbientOcclusion:0]]
[2022.04.05-08.55.44:159][  0]LogConfig: Setting CVar [[r.GPUSkin.UnlimitedBoneInfluences:0]]
[2022.04.05-08.55.44:159][  0]LogConfig: Setting CVar [[r.GPUSkin.UnlimitedBoneInfluencesThreshold:8]]
[2022.04.05-08.55.44:159][  0]LogConfig: Setting CVar [[r.Mobile.PlanarReflectionMode:0]]
[2022.04.05-08.55.44:159][  0]LogConfig: Setting CVar [[r.Mobile.SupportGPUScene:1]]
[2022.04.05-08.55.44:159][  0]LogConfig: Applying CVar settings from Section [/Script/Engine.RendererOverrideSettings] File [C:/Users/dmock/Unreal projects/P8/P8ToBeAnnounced/P8_VR_Home/Saved/Config/Windows/Engine.ini]
[2022.04.05-08.55.44:159][  0]LogConfig: Applying CVar settings from Section [/Script/Engine.StreamingSettings] File [C:/Users/dmock/Unreal projects/P8/P8ToBeAnnounced/P8_VR_Home/Saved/Config/Windows/Engine.ini]
[2022.04.05-08.55.44:159][  0]LogConfig: Setting CVar [[s.MinBulkDataSizeForAsyncLoading:131072]]
[2022.04.05-08.55.44:159][  0]LogConfig: Setting CVar [[s.AsyncLoadingThreadEnabled:0]]
[2022.04.05-08.55.44:159][  0]LogConfig: Setting CVar [[s.EventDrivenLoaderEnabled:1]]
[2022.04.05-08.55.44:159][  0]LogConfig: Setting CVar [[s.WarnIfTimeLimitExceeded:0]]
[2022.04.05-08.55.44:159][  0]LogConfig: Setting CVar [[s.TimeLimitExceededMultiplier:1.5]]
[2022.04.05-08.55.44:159][  0]LogConfig: Setting CVar [[s.TimeLimitExceededMinTime:0.005]]
[2022.04.05-08.55.44:159][  0]LogConfig: Setting CVar [[s.UseBackgroundLevelStreaming:1]]
[2022.04.05-08.55.44:159][  0]LogConfig: Setting CVar [[s.PriorityAsyncLoadingExtraTime:15.0]]
[2022.04.05-08.55.44:159][  0]LogConfig: Setting CVar [[s.LevelStreamingActorsUpdateTimeLimit:5.0]]
[2022.04.05-08.55.44:159][  0]LogConfig: Setting CVar [[s.PriorityLevelStreamingActorsUpdateExtraTime:5.0]]
[2022.04.05-08.55.44:159][  0]LogConfig: Setting CVar [[s.LevelStreamingComponentsRegistrationGranularity:10]]
[2022.04.05-08.55.44:159][  0]LogConfig: Setting CVar [[s.UnregisterComponentsTimeLimit:1.0]]
[2022.04.05-08.55.44:159][  0]LogConfig: Setting CVar [[s.LevelStreamingComponentsUnregistrationGranularity:5]]
[2022.04.05-08.55.44:159][  0]LogConfig: Setting CVar [[s.FlushStreamingOnExit:1]]
[2022.04.05-08.55.44:159][  0]LogConfig: Applying CVar settings from Section [/Script/Engine.GarbageCollectionSettings] File [C:/Users/dmock/Unreal projects/P8/P8ToBeAnnounced/P8_VR_Home/Saved/Config/Windows/Engine.ini]
[2022.04.05-08.55.44:159][  0]LogConfig: Setting CVar [[gc.MaxObjectsNotConsideredByGC:1]]
[2022.04.05-08.55.44:159][  0]LogConfig: Setting CVar [[gc.SizeOfPermanentObjectPool:0]]
[2022.04.05-08.55.44:159][  0]LogConfig: Setting CVar [[gc.FlushStreamingOnGC:0]]
[2022.04.05-08.55.44:159][  0]LogConfig: Setting CVar [[gc.NumRetriesBeforeForcingGC:10]]
[2022.04.05-08.55.44:159][  0]LogConfig: Setting CVar [[gc.AllowParallelGC:1]]
[2022.04.05-08.55.44:159][  0]LogConfig: Setting CVar [[gc.TimeBetweenPurgingPendingKillObjects:61.1]]
[2022.04.05-08.55.44:159][  0]LogConfig: Setting CVar [[gc.MaxObjectsInEditor:25165824]]
[2022.04.05-08.55.44:159][  0]LogConfig: Setting CVar [[gc.IncrementalBeginDestroyEnabled:1]]
[2022.04.05-08.55.44:159][  0]LogConfig: Setting CVar [[gc.CreateGCClusters:1]]
[2022.04.05-08.55.44:159][  0]LogConfig: Setting CVar [[gc.MinGCClusterSize:5]]
[2022.04.05-08.55.44:159][  0]LogConfig: Setting CVar [[gc.ActorClusteringEnabled:0]]
[2022.04.05-08.55.44:159][  0]LogConfig: Setting CVar [[gc.BlueprintClusteringEnabled:0]]
[2022.04.05-08.55.44:159][  0]LogConfig: Setting CVar [[gc.UseDisregardForGCOnDedicatedServers:0]]
[2022.04.05-08.55.44:159][  0]LogConfig: Setting CVar [[gc.MultithreadedDestructionEnabled:1]]
[2022.04.05-08.55.44:159][  0]LogConfig: Applying CVar settings from Section [/Script/Engine.NetworkSettings] File [C:/Users/dmock/Unreal projects/P8/P8ToBeAnnounced/P8_VR_Home/Saved/Config/Windows/Engine.ini]
[2022.04.05-08.55.44:159][  0]LogConfig: Applying CVar settings from Section [/Script/UnrealEd.CookerSettings] File [C:/Users/dmock/Unreal projects/P8/P8ToBeAnnounced/P8_VR_Home/Saved/Config/Windows/Engine.ini]
[2022.04.05-08.55.44:163][  0]LogConfig: Applying CVar settings from Section [ViewDistanceQuality@3] File [C:/Users/dmock/Unreal projects/P8/P8ToBeAnnounced/P8_VR_Home/Saved/Config/Windows/Scalability.ini]
[2022.04.05-08.55.44:163][  0]LogConfig: Setting CVar [[r.SkeletalMeshLODBias:0]]
[2022.04.05-08.55.44:163][  0]LogConfig: Setting CVar [[r.ViewDistanceScale:1.0]]
[2022.04.05-08.55.44:163][  0]LogConfig: Applying CVar settings from Section [AntiAliasingQuality@3] File [C:/Users/dmock/Unreal projects/P8/P8ToBeAnnounced/P8_VR_Home/Saved/Config/Windows/Scalability.ini]
[2022.04.05-08.55.44:163][  0]LogConfig: Setting CVar [[r.PostProcessAAQuality:4]]
[2022.04.05-08.55.44:163][  0]LogConfig: Applying CVar settings from Section [ShadowQuality@3] File [C:/Users/dmock/Unreal projects/P8/P8ToBeAnnounced/P8_VR_Home/Saved/Config/Windows/Scalability.ini]
[2022.04.05-08.55.44:163][  0]LogConfig: Setting CVar [[r.LightFunctionQuality:1]]
[2022.04.05-08.55.44:163][  0]LogConfig: Setting CVar [[r.ShadowQuality:5]]
[2022.04.05-08.55.44:163][  0]LogConfig: Setting CVar [[r.Shadow.CSM.MaxCascades:10]]
[2022.04.05-08.55.44:163][  0]LogConfig: Setting CVar [[r.Shadow.MaxResolution:2048]]
[2022.04.05-08.55.44:163][  0]LogConfig: Setting CVar [[r.Shadow.MaxCSMResolution:2048]]
[2022.04.05-08.55.44:163][  0]LogConfig: Setting CVar [[r.Shadow.RadiusThreshold:0.01]]
[2022.04.05-08.55.44:163][  0]LogConfig: Setting CVar [[r.Shadow.DistanceScale:1.0]]
[2022.04.05-08.55.44:163][  0]LogConfig: Setting CVar [[r.Shadow.CSM.TransitionScale:1.0]]
[2022.04.05-08.55.44:163][  0]LogConfig: Setting CVar [[r.Shadow.PreShadowResolutionFactor:1.0]]
[2022.04.05-08.55.44:163][  0]LogConfig: Setting CVar [[r.DistanceFieldShadowing:1]]
[2022.04.05-08.55.44:163][  0]LogConfig: Setting CVar [[r.DistanceFieldAO:1]]
[2022.04.05-08.55.44:163][  0]LogConfig: Setting CVar [[r.AOQuality:2]]
[2022.04.05-08.55.44:163][  0]LogConfig: Setting CVar [[r.VolumetricFog:1]]
[2022.04.05-08.55.44:163][  0]LogConfig: Setting CVar [[r.VolumetricFog.GridPixelSize:8]]
[2022.04.05-08.55.44:163][  0]LogConfig: Setting CVar [[r.VolumetricFog.GridSizeZ:128]]
[2022.04.05-08.55.44:163][  0]LogConfig: Setting CVar [[r.VolumetricFog.HistoryMissSupersampleCount:4]]
[2022.04.05-08.55.44:163][  0]LogConfig: Setting CVar [[r.LightMaxDrawDistanceScale:1]]
[2022.04.05-08.55.44:163][  0]LogConfig: Setting CVar [[r.CapsuleShadows:1]]
[2022.04.05-08.55.44:163][  0]LogConfig: Applying CVar settings from Section [PostProcessQuality@3] File [C:/Users/dmock/Unreal projects/P8/P8ToBeAnnounced/P8_VR_Home/Saved/Config/Windows/Scalability.ini]
[2022.04.05-08.55.44:163][  0]LogConfig: Setting CVar [[r.MotionBlurQuality:4]]
[2022.04.05-08.55.44:163][  0]LogConfig: Setting CVar [[r.AmbientOcclusionMipLevelFactor:0.4]]
[2022.04.05-08.55.44:163][  0]LogConfig: Setting CVar [[r.AmbientOcclusionMaxQuality:100]]
[2022.04.05-08.55.44:163][  0]LogConfig: Setting CVar [[r.AmbientOcclusionLevels:-1]]
[2022.04.05-08.55.44:163][  0]LogConfig: Setting CVar [[r.AmbientOcclusionRadiusScale:1.0]]
[2022.04.05-08.55.44:163][  0]LogConfig: Setting CVar [[r.DepthOfFieldQuality:2]]
[2022.04.05-08.55.44:163][  0]LogConfig: Setting CVar [[r.RenderTargetPoolMin:400]]
[2022.04.05-08.55.44:163][  0]LogConfig: Setting CVar [[r.LensFlareQuality:2]]
[2022.04.05-08.55.44:163][  0]LogConfig: Setting CVar [[r.SceneColorFringeQuality:1]]
[2022.04.05-08.55.44:163][  0]LogConfig: Setting CVar [[r.EyeAdaptationQuality:2]]
[2022.04.05-08.55.44:163][  0]LogConfig: Setting CVar [[r.BloomQuality:5]]
[2022.04.05-08.55.44:163][  0]LogConfig: Setting CVar [[r.FastBlurThreshold:100]]
[2022.04.05-08.55.44:163][  0]LogConfig: Setting CVar [[r.Upscale.Quality:3]]
[2022.04.05-08.55.44:163][  0]LogConfig: Setting CVar [[r.Tonemapper.GrainQuantization:1]]
[2022.04.05-08.55.44:163][  0]LogConfig: Setting CVar [[r.LightShaftQuality:1]]
[2022.04.05-08.55.44:163][  0]LogConfig: Setting CVar [[r.Filter.SizeScale:1]]
[2022.04.05-08.55.44:163][  0]LogConfig: Setting CVar [[r.Tonemapper.Quality:5]]
[2022.04.05-08.55.44:163][  0]LogConfig: Setting CVar [[r.DOF.Gather.AccumulatorQuality:1        ; higher gathering accumulator quality]]
[2022.04.05-08.55.44:163][  0]LogConfig: Setting CVar [[r.DOF.Gather.PostfilterMethod:1          ; Median3x3 postfilering method]]
[2022.04.05-08.55.44:163][  0]LogConfig: Setting CVar [[r.DOF.Gather.EnableBokehSettings:0       ; no bokeh simulation when gathering]]
[2022.04.05-08.55.44:163][  0]LogConfig: Setting CVar [[r.DOF.Gather.RingCount:4                 ; medium number of samples when gathering]]
[2022.04.05-08.55.44:163][  0]LogConfig: Setting CVar [[r.DOF.Scatter.ForegroundCompositing:1    ; additive foreground scattering]]
[2022.04.05-08.55.44:163][  0]LogConfig: Setting CVar [[r.DOF.Scatter.BackgroundCompositing:2    ; additive background scattering]]
[2022.04.05-08.55.44:163][  0]LogConfig: Setting CVar [[r.DOF.Scatter.EnableBokehSettings:1      ; bokeh simulation when scattering]]
[2022.04.05-08.55.44:163][  0]LogConfig: Setting CVar [[r.DOF.Scatter.MaxSpriteRatio:0.1         ; only a maximum of 10% of scattered bokeh]]
[2022.04.05-08.55.44:163][  0]LogConfig: Setting CVar [[r.DOF.Recombine.Quality:1                ; cheap slight out of focus]]
[2022.04.05-08.55.44:163][  0]LogConfig: Setting CVar [[r.DOF.Recombine.EnableBokehSettings:0    ; no bokeh simulation on slight out of focus]]
[2022.04.05-08.55.44:163][  0]LogConfig: Setting CVar [[r.DOF.TemporalAAQuality:1                ; more stable temporal accumulation]]
[2022.04.05-08.55.44:163][  0]LogConfig: Setting CVar [[r.DOF.Kernel.MaxForegroundRadius:0.025]]
[2022.04.05-08.55.44:163][  0]LogConfig: Setting CVar [[r.DOF.Kernel.MaxBackgroundRadius:0.025]]
[2022.04.05-08.55.44:163][  0]LogConfig: Applying CVar settings from Section [TextureQuality@3] File [C:/Users/dmock/Unreal projects/P8/P8ToBeAnnounced/P8_VR_Home/Saved/Config/Windows/Scalability.ini]
[2022.04.05-08.55.44:163][  0]LogConfig: Setting CVar [[r.Streaming.MipBias:0]]
[2022.04.05-08.55.44:163][  0]LogConfig: Setting CVar [[r.Streaming.AmortizeCPUToGPUCopy:0]]
[2022.04.05-08.55.44:163][  0]LogConfig: Setting CVar [[r.Streaming.MaxNumTexturesToStreamPerFrame:0]]
[2022.04.05-08.55.44:163][  0]LogConfig: Setting CVar [[r.Streaming.Boost:1]]
[2022.04.05-08.55.44:163][  0]LogConfig: Setting CVar [[r.MaxAnisotropy:8]]
[2022.04.05-08.55.44:163][  0]LogConfig: Setting CVar [[r.VT.MaxAnisotropy:8]]
[2022.04.05-08.55.44:163][  0]LogConfig: Setting CVar [[r.Streaming.LimitPoolSizeToVRAM:0]]
[2022.04.05-08.55.44:163][  0]LogConfig: Setting CVar [[r.Streaming.PoolSize:1000]]
[2022.04.05-08.55.44:163][  0]LogConfig: Setting CVar [[r.Streaming.MaxEffectiveScreenSize:0]]
[2022.04.05-08.55.44:163][  0]LogConfig: Applying CVar settings from Section [EffectsQuality@3] File [C:/Users/dmock/Unreal projects/P8/P8ToBeAnnounced/P8_VR_Home/Saved/Config/Windows/Scalability.ini]
[2022.04.05-08.55.44:163][  0]LogConfig: Setting CVar [[r.TranslucencyLightingVolumeDim:64]]
[2022.04.05-08.55.44:163][  0]LogConfig: Setting CVar [[r.RefractionQuality:2]]
[2022.04.05-08.55.44:163][  0]LogConfig: Setting CVar [[r.SSR.Quality:3]]
[2022.04.05-08.55.44:163][  0]LogConfig: Setting CVar [[r.SSR.HalfResSceneColor:0]]
[2022.04.05-08.55.44:163][  0]LogConfig: Setting CVar [[r.SceneColorFormat:4]]
[2022.04.05-08.55.44:163][  0]LogConfig: Setting CVar [[r.DetailMode:2]]
[2022.04.05-08.55.44:163][  0]LogConfig: Setting CVar [[r.TranslucencyVolumeBlur:1]]
[2022.04.05-08.55.44:163][  0]LogConfig: Setting CVar [[r.MaterialQualityLevel:1 ; High quality]]
[2022.04.05-08.55.44:163][  0]LogConfig: Setting CVar [[r.AnisotropicMaterials:1]]
[2022.04.05-08.55.44:163][  0]LogConfig: Setting CVar [[r.SSS.Scale:1]]
[2022.04.05-08.55.44:163][  0]LogConfig: Setting CVar [[r.SSS.SampleSet:2]]
[2022.04.05-08.55.44:163][  0]LogConfig: Setting CVar [[r.SSS.Quality:1]]
[2022.04.05-08.55.44:163][  0]LogConfig: Setting CVar [[r.SSS.HalfRes:0]]
[2022.04.05-08.55.44:163][  0]LogConfig: Setting CVar [[r.SSGI.Quality:3]]
[2022.04.05-08.55.44:163][  0]LogConfig: Setting CVar [[r.EmitterSpawnRateScale:1.0]]
[2022.04.05-08.55.44:163][  0]LogConfig: Setting CVar [[r.ParticleLightQuality:2]]
[2022.04.05-08.55.44:163][  0]LogConfig: Setting CVar [[r.SkyAtmosphere.AerialPerspectiveLUT.FastApplyOnOpaque:1 ; Always have FastSkyLUT 1 in this case to avoid wrong sky]]
[2022.04.05-08.55.44:163][  0]LogConfig: Setting CVar [[r.SkyAtmosphere.AerialPerspectiveLUT.SampleCountMaxPerSlice:4]]
[2022.04.05-08.55.44:163][  0]LogConfig: Setting CVar [[r.SkyAtmosphere.AerialPerspectiveLUT.DepthResolution:16.0]]
[2022.04.05-08.55.44:163][  0]LogConfig: Setting CVar [[r.SkyAtmosphere.FastSkyLUT:1]]
[2022.04.05-08.55.44:163][  0]LogConfig: Setting CVar [[r.SkyAtmosphere.FastSkyLUT.SampleCountMin:4.0]]
[2022.04.05-08.55.44:163][  0]LogConfig: Setting CVar [[r.SkyAtmosphere.FastSkyLUT.SampleCountMax:128.0]]
[2022.04.05-08.55.44:163][  0]LogConfig: Setting CVar [[r.SkyAtmosphere.SampleCountMin:4.0]]
[2022.04.05-08.55.44:163][  0]LogConfig: Setting CVar [[r.SkyAtmosphere.SampleCountMax:128.0]]
[2022.04.05-08.55.44:163][  0]LogConfig: Setting CVar [[r.SkyAtmosphere.TransmittanceLUT.UseSmallFormat:0]]
[2022.04.05-08.55.44:163][  0]LogConfig: Setting CVar [[r.SkyAtmosphere.TransmittanceLUT.SampleCount:10.0]]
[2022.04.05-08.55.44:163][  0]LogConfig: Setting CVar [[r.SkyAtmosphere.MultiScatteringLUT.SampleCount:15.0]]
[2022.04.05-08.55.44:163][  0]LogConfig: Setting CVar [[r.SkyLight.RealTimeReflectionCapture:1]]
[2022.04.05-08.55.44:163][  0]LogConfig: Applying CVar settings from Section [FoliageQuality@3] File [C:/Users/dmock/Unreal projects/P8/P8ToBeAnnounced/P8_VR_Home/Saved/Config/Windows/Scalability.ini]
[2022.04.05-08.55.44:163][  0]LogConfig: Setting CVar [[foliage.DensityScale:1.0]]
[2022.04.05-08.55.44:163][  0]LogConfig: Setting CVar [[grass.DensityScale:1.0]]
[2022.04.05-08.55.44:163][  0]LogConfig: Applying CVar settings from Section [ShadingQuality@3] File [C:/Users/dmock/Unreal projects/P8/P8ToBeAnnounced/P8_VR_Home/Saved/Config/Windows/Scalability.ini]
[2022.04.05-08.55.44:163][  0]LogConfig: Setting CVar [[r.HairStrands.SkyLighting.IntegrationType:2]]
[2022.04.05-08.55.44:163][  0]LogConfig: Setting CVar [[r.HairStrands.SkyAO.SampleCount:4]]
[2022.04.05-08.55.44:163][  0]LogConfig: Setting CVar [[r.HairStrands.Visibility.MSAA.SamplePerPixel:4]]
[2022.04.05-08.55.44:163][  0]LogInit: Selected Device Profile: [Windows]
[2022.04.05-08.55.44:163][  0]LogInit: Applying CVar settings loaded from the selected device profile: [Windows]
[2022.04.05-08.55.44:163][  0]LogHAL: Display: Platform has ~ 16 GB [16542703616 / 17179869184 / 16], which maps to Larger [LargestMinGB=32, LargerMinGB=12, DefaultMinGB=8, SmallerMinGB=6, SmallestMinGB=0)
[2022.04.05-08.55.44:163][  0]LogInit: Going up to parent DeviceProfile []
[2022.04.05-08.55.44:163][  0]LogConfig: Applying CVar settings from Section [ViewDistanceQuality@3] File [C:/Users/dmock/Unreal projects/P8/P8ToBeAnnounced/P8_VR_Home/Saved/Config/Windows/Scalability.ini]
[2022.04.05-08.55.44:163][  0]LogConfig: Setting CVar [[r.SkeletalMeshLODBias:0]]
[2022.04.05-08.55.44:163][  0]LogConfig: Setting CVar [[r.ViewDistanceScale:1.0]]
[2022.04.05-08.55.44:163][  0]LogConfig: Applying CVar settings from Section [AntiAliasingQuality@3] File [C:/Users/dmock/Unreal projects/P8/P8ToBeAnnounced/P8_VR_Home/Saved/Config/Windows/Scalability.ini]
[2022.04.05-08.55.44:163][  0]LogConfig: Setting CVar [[r.PostProcessAAQuality:4]]
[2022.04.05-08.55.44:164][  0]LogConfig: Applying CVar settings from Section [ShadowQuality@3] File [C:/Users/dmock/Unreal projects/P8/P8ToBeAnnounced/P8_VR_Home/Saved/Config/Windows/Scalability.ini]
[2022.04.05-08.55.44:164][  0]LogConfig: Setting CVar [[r.LightFunctionQuality:1]]
[2022.04.05-08.55.44:164][  0]LogConfig: Setting CVar [[r.ShadowQuality:5]]
[2022.04.05-08.55.44:164][  0]LogConfig: Setting CVar [[r.Shadow.CSM.MaxCascades:10]]
[2022.04.05-08.55.44:164][  0]LogConfig: Setting CVar [[r.Shadow.MaxResolution:2048]]
[2022.04.05-08.55.44:164][  0]LogConfig: Setting CVar [[r.Shadow.MaxCSMResolution:2048]]
[2022.04.05-08.55.44:164][  0]LogConfig: Setting CVar [[r.Shadow.RadiusThreshold:0.01]]
[2022.04.05-08.55.44:164][  0]LogConfig: Setting CVar [[r.Shadow.DistanceScale:1.0]]
[2022.04.05-08.55.44:164][  0]LogConfig: Setting CVar [[r.Shadow.CSM.TransitionScale:1.0]]
[2022.04.05-08.55.44:164][  0]LogConfig: Setting CVar [[r.Shadow.PreShadowResolutionFactor:1.0]]
[2022.04.05-08.55.44:164][  0]LogConfig: Setting CVar [[r.DistanceFieldShadowing:1]]
[2022.04.05-08.55.44:164][  0]LogConfig: Setting CVar [[r.DistanceFieldAO:1]]
[2022.04.05-08.55.44:164][  0]LogConfig: Setting CVar [[r.AOQuality:2]]
[2022.04.05-08.55.44:164][  0]LogConfig: Setting CVar [[r.VolumetricFog:1]]
[2022.04.05-08.55.44:164][  0]LogConfig: Setting CVar [[r.VolumetricFog.GridPixelSize:8]]
[2022.04.05-08.55.44:164][  0]LogConfig: Setting CVar [[r.VolumetricFog.GridSizeZ:128]]
[2022.04.05-08.55.44:164][  0]LogConfig: Setting CVar [[r.VolumetricFog.HistoryMissSupersampleCount:4]]
[2022.04.05-08.55.44:164][  0]LogConfig: Setting CVar [[r.LightMaxDrawDistanceScale:1]]
[2022.04.05-08.55.44:164][  0]LogConfig: Setting CVar [[r.CapsuleShadows:1]]
[2022.04.05-08.55.44:164][  0]LogConfig: Applying CVar settings from Section [PostProcessQuality@3] File [C:/Users/dmock/Unreal projects/P8/P8ToBeAnnounced/P8_VR_Home/Saved/Config/Windows/Scalability.ini]
[2022.04.05-08.55.44:164][  0]LogConfig: Setting CVar [[r.MotionBlurQuality:4]]
[2022.04.05-08.55.44:164][  0]LogConfig: Setting CVar [[r.AmbientOcclusionMipLevelFactor:0.4]]
[2022.04.05-08.55.44:164][  0]LogConfig: Setting CVar [[r.AmbientOcclusionMaxQuality:100]]
[2022.04.05-08.55.44:164][  0]LogConfig: Setting CVar [[r.AmbientOcclusionLevels:-1]]
[2022.04.05-08.55.44:164][  0]LogConfig: Setting CVar [[r.AmbientOcclusionRadiusScale:1.0]]
[2022.04.05-08.55.44:164][  0]LogConfig: Setting CVar [[r.DepthOfFieldQuality:2]]
[2022.04.05-08.55.44:164][  0]LogConfig: Setting CVar [[r.RenderTargetPoolMin:400]]
[2022.04.05-08.55.44:164][  0]LogConfig: Setting CVar [[r.LensFlareQuality:2]]
[2022.04.05-08.55.44:164][  0]LogConfig: Setting CVar [[r.SceneColorFringeQuality:1]]
[2022.04.05-08.55.44:164][  0]LogConfig: Setting CVar [[r.EyeAdaptationQuality:2]]
[2022.04.05-08.55.44:164][  0]LogConfig: Setting CVar [[r.BloomQuality:5]]
[2022.04.05-08.55.44:164][  0]LogConfig: Setting CVar [[r.FastBlurThreshold:100]]
[2022.04.05-08.55.44:164][  0]LogConfig: Setting CVar [[r.Upscale.Quality:3]]
[2022.04.05-08.55.44:164][  0]LogConfig: Setting CVar [[r.Tonemapper.GrainQuantization:1]]
[2022.04.05-08.55.44:164][  0]LogConfig: Setting CVar [[r.LightShaftQuality:1]]
[2022.04.05-08.55.44:164][  0]LogConfig: Setting CVar [[r.Filter.SizeScale:1]]
[2022.04.05-08.55.44:164][  0]LogConfig: Setting CVar [[r.Tonemapper.Quality:5]]
[2022.04.05-08.55.44:164][  0]LogConfig: Setting CVar [[r.DOF.Gather.AccumulatorQuality:1        ; higher gathering accumulator quality]]
[2022.04.05-08.55.44:164][  0]LogConfig: Setting CVar [[r.DOF.Gather.PostfilterMethod:1          ; Median3x3 postfilering method]]
[2022.04.05-08.55.44:164][  0]LogConfig: Setting CVar [[r.DOF.Gather.EnableBokehSettings:0       ; no bokeh simulation when gathering]]
[2022.04.05-08.55.44:164][  0]LogConfig: Setting CVar [[r.DOF.Gather.RingCount:4                 ; medium number of samples when gathering]]
[2022.04.05-08.55.44:164][  0]LogConfig: Setting CVar [[r.DOF.Scatter.ForegroundCompositing:1    ; additive foreground scattering]]
[2022.04.05-08.55.44:164][  0]LogConfig: Setting CVar [[r.DOF.Scatter.BackgroundCompositing:2    ; additive background scattering]]
[2022.04.05-08.55.44:164][  0]LogConfig: Setting CVar [[r.DOF.Scatter.EnableBokehSettings:1      ; bokeh simulation when scattering]]
[2022.04.05-08.55.44:164][  0]LogConfig: Setting CVar [[r.DOF.Scatter.MaxSpriteRatio:0.1         ; only a maximum of 10% of scattered bokeh]]
[2022.04.05-08.55.44:164][  0]LogConfig: Setting CVar [[r.DOF.Recombine.Quality:1                ; cheap slight out of focus]]
[2022.04.05-08.55.44:164][  0]LogConfig: Setting CVar [[r.DOF.Recombine.EnableBokehSettings:0    ; no bokeh simulation on slight out of focus]]
[2022.04.05-08.55.44:164][  0]LogConfig: Setting CVar [[r.DOF.TemporalAAQuality:1                ; more stable temporal accumulation]]
[2022.04.05-08.55.44:164][  0]LogConfig: Setting CVar [[r.DOF.Kernel.MaxForegroundRadius:0.025]]
[2022.04.05-08.55.44:164][  0]LogConfig: Setting CVar [[r.DOF.Kernel.MaxBackgroundRadius:0.025]]
[2022.04.05-08.55.44:164][  0]LogConfig: Applying CVar settings from Section [TextureQuality@3] File [C:/Users/dmock/Unreal projects/P8/P8ToBeAnnounced/P8_VR_Home/Saved/Config/Windows/Scalability.ini]
[2022.04.05-08.55.44:164][  0]LogConfig: Setting CVar [[r.Streaming.MipBias:0]]
[2022.04.05-08.55.44:164][  0]LogConfig: Setting CVar [[r.Streaming.AmortizeCPUToGPUCopy:0]]
[2022.04.05-08.55.44:164][  0]LogConfig: Setting CVar [[r.Streaming.MaxNumTexturesToStreamPerFrame:0]]
[2022.04.05-08.55.44:164][  0]LogConfig: Setting CVar [[r.Streaming.Boost:1]]
[2022.04.05-08.55.44:164][  0]LogConfig: Setting CVar [[r.MaxAnisotropy:8]]
[2022.04.05-08.55.44:164][  0]LogConfig: Setting CVar [[r.VT.MaxAnisotropy:8]]
[2022.04.05-08.55.44:164][  0]LogConfig: Setting CVar [[r.Streaming.LimitPoolSizeToVRAM:0]]
[2022.04.05-08.55.44:164][  0]LogConfig: Setting CVar [[r.Streaming.PoolSize:1000]]
[2022.04.05-08.55.44:164][  0]LogConfig: Setting CVar [[r.Streaming.MaxEffectiveScreenSize:0]]
[2022.04.05-08.55.44:164][  0]LogConfig: Applying CVar settings from Section [EffectsQuality@3] File [C:/Users/dmock/Unreal projects/P8/P8ToBeAnnounced/P8_VR_Home/Saved/Config/Windows/Scalability.ini]
[2022.04.05-08.55.44:164][  0]LogConfig: Setting CVar [[r.TranslucencyLightingVolumeDim:64]]
[2022.04.05-08.55.44:164][  0]LogConfig: Setting CVar [[r.RefractionQuality:2]]
[2022.04.05-08.55.44:164][  0]LogConfig: Setting CVar [[r.SSR.Quality:3]]
[2022.04.05-08.55.44:164][  0]LogConfig: Setting CVar [[r.SSR.HalfResSceneColor:0]]
[2022.04.05-08.55.44:164][  0]LogConfig: Setting CVar [[r.SceneColorFormat:4]]
[2022.04.05-08.55.44:164][  0]LogConfig: Setting CVar [[r.DetailMode:2]]
[2022.04.05-08.55.44:164][  0]LogConfig: Setting CVar [[r.TranslucencyVolumeBlur:1]]
[2022.04.05-08.55.44:164][  0]LogConfig: Setting CVar [[r.MaterialQualityLevel:1 ; High quality]]
[2022.04.05-08.55.44:164][  0]LogConfig: Setting CVar [[r.AnisotropicMaterials:1]]
[2022.04.05-08.55.44:164][  0]LogConfig: Setting CVar [[r.SSS.Scale:1]]
[2022.04.05-08.55.44:164][  0]LogConfig: Setting CVar [[r.SSS.SampleSet:2]]
[2022.04.05-08.55.44:164][  0]LogConfig: Setting CVar [[r.SSS.Quality:1]]
[2022.04.05-08.55.44:164][  0]LogConfig: Setting CVar [[r.SSS.HalfRes:0]]
[2022.04.05-08.55.44:164][  0]LogConfig: Setting CVar [[r.SSGI.Quality:3]]
[2022.04.05-08.55.44:164][  0]LogConfig: Setting CVar [[r.EmitterSpawnRateScale:1.0]]
[2022.04.05-08.55.44:164][  0]LogConfig: Setting CVar [[r.ParticleLightQuality:2]]
[2022.04.05-08.55.44:164][  0]LogConfig: Setting CVar [[r.SkyAtmosphere.AerialPerspectiveLUT.FastApplyOnOpaque:1 ; Always have FastSkyLUT 1 in this case to avoid wrong sky]]
[2022.04.05-08.55.44:164][  0]LogConfig: Setting CVar [[r.SkyAtmosphere.AerialPerspectiveLUT.SampleCountMaxPerSlice:4]]
[2022.04.05-08.55.44:164][  0]LogConfig: Setting CVar [[r.SkyAtmosphere.AerialPerspectiveLUT.DepthResolution:16.0]]
[2022.04.05-08.55.44:164][  0]LogConfig: Setting CVar [[r.SkyAtmosphere.FastSkyLUT:1]]
[2022.04.05-08.55.44:164][  0]LogConfig: Setting CVar [[r.SkyAtmosphere.FastSkyLUT.SampleCountMin:4.0]]
[2022.04.05-08.55.44:164][  0]LogConfig: Setting CVar [[r.SkyAtmosphere.FastSkyLUT.SampleCountMax:128.0]]
[2022.04.05-08.55.44:164][  0]LogConfig: Setting CVar [[r.SkyAtmosphere.SampleCountMin:4.0]]
[2022.04.05-08.55.44:164][  0]LogConfig: Setting CVar [[r.SkyAtmosphere.SampleCountMax:128.0]]
[2022.04.05-08.55.44:164][  0]LogConfig: Setting CVar [[r.SkyAtmosphere.TransmittanceLUT.UseSmallFormat:0]]
[2022.04.05-08.55.44:164][  0]LogConfig: Setting CVar [[r.SkyAtmosphere.TransmittanceLUT.SampleCount:10.0]]
[2022.04.05-08.55.44:164][  0]LogConfig: Setting CVar [[r.SkyAtmosphere.MultiScatteringLUT.SampleCount:15.0]]
[2022.04.05-08.55.44:164][  0]LogConfig: Setting CVar [[r.SkyLight.RealTimeReflectionCapture:1]]
[2022.04.05-08.55.44:164][  0]LogConfig: Applying CVar settings from Section [FoliageQuality@3] File [C:/Users/dmock/Unreal projects/P8/P8ToBeAnnounced/P8_VR_Home/Saved/Config/Windows/Scalability.ini]
[2022.04.05-08.55.44:164][  0]LogConfig: Setting CVar [[foliage.DensityScale:1.0]]
[2022.04.05-08.55.44:164][  0]LogConfig: Setting CVar [[grass.DensityScale:1.0]]
[2022.04.05-08.55.44:164][  0]LogConfig: Applying CVar settings from Section [ShadingQuality@3] File [C:/Users/dmock/Unreal projects/P8/P8ToBeAnnounced/P8_VR_Home/Saved/Config/Windows/Scalability.ini]
[2022.04.05-08.55.44:164][  0]LogConfig: Setting CVar [[r.HairStrands.SkyLighting.IntegrationType:2]]
[2022.04.05-08.55.44:164][  0]LogConfig: Setting CVar [[r.HairStrands.SkyAO.SampleCount:4]]
[2022.04.05-08.55.44:164][  0]LogConfig: Setting CVar [[r.HairStrands.Visibility.MSAA.SamplePerPixel:4]]
[2022.04.05-08.55.44:164][  0]LogConfig: Applying CVar settings from Section [Startup] File [../../../Engine/Config/ConsoleVariables.ini]
[2022.04.05-08.55.44:165][  0]LogConfig: Setting CVar [[net.UseAdaptiveNetUpdateFrequency:0]]
[2022.04.05-08.55.44:165][  0]LogConfig: Setting CVar [[p.chaos.AllowCreatePhysxBodies:1]]
[2022.04.05-08.55.44:165][  0]LogConfig: Setting CVar [[fx.SkipVectorVMBackendOptimizations:1]]
[2022.04.05-08.55.44:165][  0]LogConfig: Applying CVar settings from Section [ConsoleVariables] File [C:/Users/dmock/Unreal projects/P8/P8ToBeAnnounced/P8_VR_Home/Saved/Config/Windows/Engine.ini]
[2022.04.05-08.55.44:165][  0]LogConfig: Applying CVar settings from Section [ConsoleVariables] File [C:/Users/dmock/Unreal projects/P8/P8ToBeAnnounced/P8_VR_Home/Saved/Config/Windows/Editor.ini]
[2022.04.05-08.55.44:165][  0]LogInit: Computer: DAVID
[2022.04.05-08.55.44:165][  0]LogInit: User: dmock
[2022.04.05-08.55.44:165][  0]LogInit: CPU Page size=4096, Cores=8
[2022.04.05-08.55.44:165][  0]LogInit: High frequency timer resolution =10.000000 MHz
[2022.04.05-08.55.44:165][  0]LogMemory: Memory total: Physical=15.4GB (16GB approx)
[2022.04.05-08.55.44:165][  0]LogMemory: Platform Memory Stats for Windows
[2022.04.05-08.55.44:165][  0]LogMemory: Process Physical Memory: 152.76 MB used, 152.76 MB peak
[2022.04.05-08.55.44:165][  0]LogMemory: Process Virtual Memory: 133.12 MB used, 133.12 MB peak
[2022.04.05-08.55.44:165][  0]LogMemory: Physical Memory: 8536.68 MB used,  7239.67 MB free, 15776.35 MB total
[2022.04.05-08.55.44:165][  0]LogMemory: Virtual Memory: 134210696.00 MB used,  7029.43 MB free, 134217728.00 MB total
[2022.04.05-08.55.44:169][  0]LogWindows: WindowsPlatformFeatures enabled
[2022.04.05-08.55.44:186][  0]LogInit: Physics initialised using underlying interface: PhysX
[2022.04.05-08.55.44:186][  0]LogInit: Using OS detected language (en-US).
[2022.04.05-08.55.44:186][  0]LogInit: Using OS detected locale (en-US).
[2022.04.05-08.55.44:188][  0]LogTextLocalizationManager: No specific localization for 'en-US' exists, so the 'en' localization will be used.
[2022.04.05-08.55.44:339][  0]LogInit: Setting process to per monitor DPI aware
[2022.04.05-08.55.44:347][  0]LogWindowsTextInputMethodSystem: Display: IME system deactivated.
[2022.04.05-08.55.44:357][  0]LogSlate: New Slate User Created.  User Index 0, Is Virtual User: 0
[2022.04.05-08.55.44:357][  0]LogSlate: Slate User Registered.  User Index 0, Is Virtual User: 0
[2022.04.05-08.55.44:442][  0]LogD3D11RHI: Loaded GFSDK_Aftermath_Lib.x64.dll
[2022.04.05-08.55.44:467][  0]LogD3D11RHI: D3D11 min allowed feature level: 11_0
[2022.04.05-08.55.44:467][  0]LogD3D11RHI: D3D11 max allowed feature level: 11_0
[2022.04.05-08.55.44:467][  0]LogD3D11RHI: D3D11 adapters:
[2022.04.05-08.55.44:542][  0]LogD3D11RHI:    0. 'NVIDIA GeForce RTX 3050 Ti Laptop GPU' (Feature Level 11_0)
[2022.04.05-08.55.44:542][  0]LogD3D11RHI:       3990/0/7888 MB DedicatedVideo/DedicatedSystem/SharedSystem, Outputs:1, VendorId:0x10de
[2022.04.05-08.55.44:563][  0]LogD3D11RHI:    1. 'AMD Radeon(TM) Graphics' (Feature Level 11_0)
[2022.04.05-08.55.44:563][  0]LogD3D11RHI:       496/0/7888 MB DedicatedVideo/DedicatedSystem/SharedSystem, Outputs:0, VendorId:0x1002
[2022.04.05-08.55.44:565][  0]LogD3D11RHI:    2. 'Microsoft Basic Render Driver' (Feature Level 11_0)
[2022.04.05-08.55.44:565][  0]LogD3D11RHI:       0/0/7888 MB DedicatedVideo/DedicatedSystem/SharedSystem, Outputs:0, VendorId:0x1414
[2022.04.05-08.55.44:565][  0]LogD3D11RHI: Chosen D3D11 Adapter:
[2022.04.05-08.55.44:565][  0]LogD3D11RHI:     Description : NVIDIA GeForce RTX 3050 Ti Laptop GPU
[2022.04.05-08.55.44:565][  0]LogD3D11RHI:     VendorId    : 10de
[2022.04.05-08.55.44:565][  0]LogD3D11RHI:     DeviceId    : 25a0
[2022.04.05-08.55.44:565][  0]LogD3D11RHI:     SubSysId    : 14ec1043
[2022.04.05-08.55.44:565][  0]LogD3D11RHI:     Revision    : 00a1
[2022.04.05-08.55.44:565][  0]LogD3D11RHI:     DedicatedVideoMemory : 4183818240 bytes
[2022.04.05-08.55.44:565][  0]LogD3D11RHI:     DedicatedSystemMemory : 0 bytes
[2022.04.05-08.55.44:565][  0]LogD3D11RHI:     SharedSystemMemory : 8271351808 bytes
[2022.04.05-08.55.44:565][  0]LogD3D11RHI:     AdapterLuid : 0 53208
[2022.04.05-08.55.44:571][  0]LogD3D11RHI: Creating new Direct3DDevice
[2022.04.05-08.55.44:571][  0]LogD3D11RHI:     GPU DeviceId: 0x25a0 (for the marketing name, search the web for "GPU Device Id")
[2022.04.05-08.55.44:571][  0]LogWindows: EnumDisplayDevices:
[2022.04.05-08.55.44:571][  0]LogWindows:    0. 'AMD Radeon(TM) Graphics' (P:1 D:1)
[2022.04.05-08.55.44:571][  0]LogWindows:    1. 'AMD Radeon(TM) Graphics' (P:0 D:0)
[2022.04.05-08.55.44:571][  0]LogWindows:    2. 'AMD Radeon(TM) Graphics' (P:0 D:0)
[2022.04.05-08.55.44:572][  0]LogWindows:    3. 'AMD Radeon(TM) Graphics' (P:0 D:0)
[2022.04.05-08.55.44:572][  0]LogWindows:    4. 'NVIDIA GeForce RTX 3050 Ti Laptop GPU' (P:0 D:0)
[2022.04.05-08.55.44:572][  0]LogWindows:    5. 'NVIDIA GeForce RTX 3050 Ti Laptop GPU' (P:0 D:0)
[2022.04.05-08.55.44:572][  0]LogWindows:    6. 'NVIDIA GeForce RTX 3050 Ti Laptop GPU' (P:0 D:0)
[2022.04.05-08.55.44:572][  0]LogWindows:    7. 'NVIDIA GeForce RTX 3050 Ti Laptop GPU' (P:0 D:0)
[2022.04.05-08.55.44:572][  0]LogWindows: DebugString: PrimaryIsNotTheChoosenAdapter PrimaryIsNotTheChoosenAdapter PrimaryIsNotTheChoosenAdapter PrimaryIsNotTheChoosenAdapter FoundDriverCount:4 
[2022.04.05-08.55.44:572][  0]LogD3D11RHI:     Adapter Name: NVIDIA GeForce RTX 3050 Ti Laptop GPU
[2022.04.05-08.55.44:572][  0]LogD3D11RHI:   Driver Version: 462.13 (internal:27.21.14.6213, unified:462.13)
[2022.04.05-08.55.44:572][  0]LogD3D11RHI:      Driver Date: 3-24-2021
[2022.04.05-08.55.44:572][  0]LogRHI: Texture pool is 2793 MB (70% of 3990 MB)
[2022.04.05-08.55.44:572][  0]LogD3D11RHI: Creating D3DDevice using adapter:
[2022.04.05-08.55.44:572][  0]LogD3D11RHI:     Description : NVIDIA GeForce RTX 3050 Ti Laptop GPU
[2022.04.05-08.55.44:572][  0]LogD3D11RHI:     VendorId    : 10de
[2022.04.05-08.55.44:572][  0]LogD3D11RHI:     DeviceId    : 25a0
[2022.04.05-08.55.44:572][  0]LogD3D11RHI:     SubSysId    : 14ec1043
[2022.04.05-08.55.44:572][  0]LogD3D11RHI:     Revision    : 00a1
[2022.04.05-08.55.44:572][  0]LogD3D11RHI:     DedicatedVideoMemory : 4183818240 bytes
[2022.04.05-08.55.44:572][  0]LogD3D11RHI:     DedicatedSystemMemory : 0 bytes
[2022.04.05-08.55.44:572][  0]LogD3D11RHI:     SharedSystemMemory : 8271351808 bytes
[2022.04.05-08.55.44:572][  0]LogD3D11RHI:     AdapterLuid : 0 53208
[2022.04.05-08.55.44:625][  0]LogD3D11RHI: RHI has support for 64 bit atomics
[2022.04.05-08.55.44:625][  0]LogD3D11RHI: Async texture creation enabled
[2022.04.05-08.55.44:625][  0]LogD3D11RHI: Array index from any shader is supported
[2022.04.05-08.55.44:645][  0]LogD3D11RHI: GPU Timing Frequency: 1000.000000 (Debug: 2 2)
[2022.04.05-08.55.44:656][  0]LogRHI: GeForceNow SDK initialized: 1
[2022.04.05-08.55.44:858][  0]LogTargetPlatformManager: Display: Loaded TargetPlatform 'AllDesktop'
[2022.04.05-08.55.44:877][  0]LogTargetPlatformManager: Display: Loaded TargetPlatform 'Android'
[2022.04.05-08.55.44:877][  0]LogTargetPlatformManager: Display: Loaded TargetPlatform 'Android_ASTC'
[2022.04.05-08.55.44:877][  0]LogTargetPlatformManager: Display: Loaded TargetPlatform 'Android_DXT'
[2022.04.05-08.55.44:877][  0]LogTargetPlatformManager: Display: Loaded TargetPlatform 'Android_ETC2'
[2022.04.05-08.55.44:877][  0]LogTargetPlatformManager: Display: Loaded TargetPlatform 'AndroidClient'
[2022.04.05-08.55.44:877][  0]LogTargetPlatformManager: Display: Loaded TargetPlatform 'Android_ASTCClient'
[2022.04.05-08.55.44:877][  0]LogTargetPlatformManager: Display: Loaded TargetPlatform 'Android_DXTClient'
[2022.04.05-08.55.44:877][  0]LogTargetPlatformManager: Display: Loaded TargetPlatform 'Android_ETC2Client'
[2022.04.05-08.55.44:877][  0]LogTargetPlatformManager: Display: Loaded TargetPlatform 'Android_Multi'
[2022.04.05-08.55.44:877][  0]LogTargetPlatformManager: Display: Loaded TargetPlatform 'Android_MultiClient'
[2022.04.05-08.55.44:892][  0]LogTargetPlatformManager: Display: Loaded TargetPlatform 'IOSClient'
[2022.04.05-08.55.44:892][  0]LogTargetPlatformManager: Display: Loaded TargetPlatform 'IOS'
[2022.04.05-08.55.44:902][  0]LogTargetPlatformManager: Display: Loaded TargetPlatform 'Linux'
[2022.04.05-08.55.44:906][  0]LogTargetPlatformManager: Display: Loaded TargetPlatform 'LinuxNoEditor'
[2022.04.05-08.55.44:910][  0]LogTargetPlatformManager: Display: Loaded TargetPlatform 'LinuxClient'
[2022.04.05-08.55.44:913][  0]LogTargetPlatformManager: Display: Loaded TargetPlatform 'LinuxServer'
[2022.04.05-08.55.44:923][  0]LogTargetPlatformManager: Display: Loaded TargetPlatform 'LinuxAArch64NoEditor'
[2022.04.05-08.55.44:927][  0]LogTargetPlatformManager: Display: Loaded TargetPlatform 'LinuxAArch64Client'
[2022.04.05-08.55.44:930][  0]LogTargetPlatformManager: Display: Loaded TargetPlatform 'LinuxAArch64Server'
[2022.04.05-08.55.44:951][  0]LogTargetPlatformManager: Display: Loaded TargetPlatform 'Lumin'
[2022.04.05-08.55.44:951][  0]LogTargetPlatformManager: Display: Loaded TargetPlatform 'LuminClient'
[2022.04.05-08.55.44:960][  0]LogTargetPlatformManager: Display: Loaded TargetPlatform 'MacNoEditor'
[2022.04.05-08.55.44:963][  0]LogTargetPlatformManager: Display: Loaded TargetPlatform 'Mac'
[2022.04.05-08.55.44:968][  0]LogTargetPlatformManager: Display: Loaded TargetPlatform 'MacClient'
[2022.04.05-08.55.44:971][  0]LogTargetPlatformManager: Display: Loaded TargetPlatform 'MacServer'
[2022.04.05-08.55.44:980][  0]LogTargetPlatformManager: Display: Loaded TargetPlatform 'TVOSClient'
[2022.04.05-08.55.44:980][  0]LogTargetPlatformManager: Display: Loaded TargetPlatform 'TVOS'
[2022.04.05-08.55.44:988][  0]LogTargetPlatformManager: Display: Loaded TargetPlatform 'WindowsNoEditor'
[2022.04.05-08.55.44:992][  0]LogTargetPlatformManager: Display: Loaded TargetPlatform 'Windows'
[2022.04.05-08.55.44:996][  0]LogTargetPlatformManager: Display: Loaded TargetPlatform 'WindowsClient'
[2022.04.05-08.55.45:000][  0]LogTargetPlatformManager: Display: Loaded TargetPlatform 'WindowsServer'
[2022.04.05-08.55.45:000][  0]LogTargetPlatformManager: Display: Building Assets For Windows
[2022.04.05-08.55.45:006][  0]LogAudioDebug: Display: Lib vorbis DLL was dynamically loaded.
[2022.04.05-08.55.45:031][  0]LogTextureFormatOodle: Display: Oodle Texture 2.9.0 init RDO Off
[2022.04.05-08.55.45:056][  0]LogRendererCore: Ray tracing is disabled. Reason: r.RayTracing=0.
[2022.04.05-08.55.45:057][  0]LogShaderCompilers: Guid format shader working directory is -29 characters bigger than the processId version (../../../../../../Users/dmock/Unreal projects/P8/P8ToBeAnnounced/P8_VR_Home/Intermediate/Shaders/WorkingDirectory/1492/).
[2022.04.05-08.55.45:057][  0]LogShaderCompilers: Cleaned the shader compiler working directory 'C:/Users/dmock/AppData/Local/Temp/UnrealShaderWorkingDir/7EE265D045176796BF59D2BAA3475F9A/'.
[2022.04.05-08.55.45:057][  0]LogXGEController: Cannot use XGE Controller as Incredibuild is not installed on this machine.
[2022.04.05-08.55.45:057][  0]LogShaderCompilers: Cannot use XGE Shader Compiler as Incredibuild is not installed on this machine.
[2022.04.05-08.55.45:057][  0]LogShaderCompilers: Display: Using Local Shader Compiler.
[2022.04.05-08.55.45:609][  0]LogDerivedDataCache: Display: Max Cache Size: 512 MB
[2022.04.05-08.55.45:663][  0]LogDerivedDataCache: Loaded boot cache 0.05s 140MB C:/Users/dmock/AppData/Local/UnrealEngine/4.27/DerivedDataCache/Boot.ddc.
[2022.04.05-08.55.45:663][  0]LogDerivedDataCache: Display: Loaded Boot cache: C:/Users/dmock/AppData/Local/UnrealEngine/4.27/DerivedDataCache/Boot.ddc
[2022.04.05-08.55.45:664][  0]LogDerivedDataCache: FDerivedDataBackendGraph:  Pak pak cache file ../../../../../../Users/dmock/Unreal projects/P8/P8ToBeAnnounced/P8_VR_Home/DerivedDataCache/DDC.ddp not found, will not use a pak cache.
[2022.04.05-08.55.45:664][  0]LogDerivedDataCache: Unable to find inner node Pak for hierarchical cache Hierarchy.
[2022.04.05-08.55.45:664][  0]LogDerivedDataCache: FDerivedDataBackendGraph:  CompressedPak pak cache file ../../../../../../Users/dmock/Unreal projects/P8/P8ToBeAnnounced/P8_VR_Home/DerivedDataCache/Compressed.ddp not found, will not use a pak cache.
[2022.04.05-08.55.45:664][  0]LogDerivedDataCache: Unable to find inner node CompressedPak for hierarchical cache Hierarchy.
[2022.04.05-08.55.45:679][  0]LogDerivedDataCache: Display: Pak cache opened for reading ../../../Engine/DerivedDataCache/Compressed.ddp.
[2022.04.05-08.55.45:679][  0]LogDerivedDataCache: FDerivedDataBackendGraph:  EnterprisePak pak cache file ../../../Enterprise/DerivedDataCache/Compressed.ddp not found, will not use a pak cache.
[2022.04.05-08.55.45:679][  0]LogDerivedDataCache: Unable to find inner node EnterprisePak for hierarchical cache Hierarchy.
[2022.04.05-08.55.45:686][  0]LogDerivedDataCache: Speed tests for C:/Users/dmock/AppData/Local/UnrealEngine/Common/DerivedDataCache took 0.01 seconds
[2022.04.05-08.55.45:686][  0]LogDerivedDataCache: Display: Performance to C:/Users/dmock/AppData/Local/UnrealEngine/Common/DerivedDataCache: Latency=0.02ms. RandomReadSpeed=449.95MBs, RandomWriteSpeed=188.52MBs. Assigned SpeedClass 'Local'
[2022.04.05-08.55.45:687][  0]LogDerivedDataCache: Using Local data cache path C:/Users/dmock/AppData/Local/UnrealEngine/Common/DerivedDataCache: Writable
[2022.04.05-08.55.45:687][  0]LogDerivedDataCache: Shared data cache path not found in *engine.ini, will not use an Shared cache.
[2022.04.05-08.55.45:687][  0]LogDerivedDataCache: Unable to find inner node Shared for hierarchical cache Hierarchy.
[2022.04.05-08.55.45:730][  0]LogSlate: Using FreeType 2.10.0
[2022.04.05-08.55.45:730][  0]LogSlate: SlateFontServices - WITH_FREETYPE: 1, WITH_HARFBUZZ: 1
[2022.04.05-08.55.45:749][  0]LogAssetRegistry: FAssetRegistry took 0.0028 seconds to start up
[2022.04.05-08.55.45:935][  0]LogInit: Selected Device Profile: [Windows]
[2022.04.05-08.55.45:935][  0]LogInit: Active device profile: [000001DE4B296A00][000001DE4AA32300 49] Windows
[2022.04.05-08.55.45:935][  0]LogInit: Profiles: [000001DE4B296A00][000001DE4AA32300 49] Windows, [000001DE4B401800][000001DE4410E480 49] WindowsNoEditor, [000001DE4B295800][000001DE44112600 49] WindowsServer, [000001DE4B402900][000001DE44116780 49] WindowsClient, [000001DE4B296B00][000001DE4411A900 49] IOS, [000001DE4B401500][000001DE469F2A80 49] iPadAir, [000001DE4B295600][000001DE469F6C00 49] iPadAir2, [000001DE4B0F7300][000001DE47384EC0 49] IPadPro, [000001DE4B0F7400][000001DE469FAF00 49] iPadAir3, [000001DE4B296F00][000001DE469EF040 49] iPadAir4, [000001DE4B0F5D00][000001DE4BE5F180 49] iPadMini2, [000001DE4B295700][000001DE493B92C0 49] iPadMini3, [000001DE4B0F7900][000001DE493C9440 49] iPadMini4, [000001DE4B295E00][000001DE493E15C0 49] iPadMini5, [000001DE4B33AC00][000001DE493F1880 49] iPhone6, [000001DE4B33AD00][000001DE493E58C0 49] iPodTouch6, [000001DE4B0F4D00][000001DE493F9B80 49] iPhone7, [000001DE4B0F4C00][000001DE493F5BC0 49] iPodTouch7, [000001DE4B339C00][000001DE493FC1C0 49] iPhone5S, [000001DE4B0F7500][000001DE4C29A340 49] iPhone6Plus, [000001DE4B33B300][000001DE4C29E4C0 49] iPhone6S, [000001DE4B0F4A00][000001DE4C2A6640 49] iPhone6SPlus, [000001DE4B33AE00][000001DE4C2AA7C0 49] iPhone7Plus, [000001DE4B0F5600][000001DE4AA5C940 49] iPhoneSE, [000001DE4B339D00][000001DE4BE2EAC0 49] iPhone8, [000001DE4B0F6600][000001DE4AA88C40 49] iPhone8Plus, [000001DE4B339200][000001DE4AA8CDC0 49] iPhoneX, [000001DE4B0F5300][000001DE4BE2AF40 49] iPhoneXS, [000001DE4B338200][000001DE494810C0 49] iPhoneXSMax, [000001DE4B0F5E00][000001DE493C5200 49] iPhoneXR, [000001DE4B33B400][000001DE49485340 49] iPhone11, [000001DE4B0F7700][000001DE469E1480 49] iPhone11Pro, [000001DE4B339100][000001DE469E55C0 49] iPhone11ProMax, [000001DE4B0F6B00][000001DE49489740 49] iPhoneSE2, [000001DE4B33BF00][000001DE4948D8C0 49] iPhone12Mini, [000001DE4B0F4E00][000001DE4C07FA40 49] iPhone12, [000001DE4B338C00][000001DE49491BC0 49] iPhone12Pro, [000001DE4B0F7200][000001DE494941C0 49] iPhone12ProMax, [000001DE4B33BE00][000001DE49498340 49] iPadPro105, [000001DE4B0F5700][000001DE4949C4C0 49] iPadPro129, [000001DE4B33AF00][000001DE494A0640 49] iPadPro97, [000001DE4B0F6100][000001DE440E07C0 49] iPadPro2_129, [000001DE4B33BB00][000001DE440E4940 49] iPad5, [000001DE4B0F7F00][000001DE440ECAC0 49] iPad6, [000001DE4B338300][000001DE440F0C40 49] iPad7, [000001DE4B0F5200][000001DE4C256DC0 49] iPad8, [000001DE4B33B000][000001DE4C25AF40 49] iPadPro11, [000001DE4B55CD00][000001DE4C25F0C0 49] iPadPro2_11, [000001DE4B403600][000001DE4BD29240 49] iPadPro3_129, [000001DE4B55C300][000001DE469E9380 49] iPadPro4_129, [000001DE4B402400][000001DE4BD2D4C0 49] AppleTV, [000001DE4B55CB00][000001DE4C263600 49] AppleTV4K, [000001DE4B402A00][000001DE4C267740 49] TVOS, [000001DE4B55D700][000001DE4C26F8C0 49] Mac, [000001DE4B403A00][000001DE4C273A40 49] MacClient, [000001DE4B55D000][000001DE4C281BC0 49] MacNoEditor, [000001DE4B402F00][000001DE4C2841C0 49] MacServer, [000001DE4B55D600][000001DE4C288340 49] Linux, [000001DE4B401B00][000001DE4BAD44C0 49] LinuxAArch64, [000001DE4B55D400][000001DE43E2E640 49] LinuxNoEditor, [000001DE4B400600][000001DE43E327C0 49] LinuxAArch64NoEditor, [000001DE4B55C200][000001DE43E36940 49] LinuxClient, [000001DE4B402700][000001DE43E3AAC0 49] LinuxAArch64Client, [000001DE4B338900][000001DE4408CC40 49] LinuxServer, [000001DE4B0F6900][000001DE440C4DC0 49] LinuxAArch64Server, [000001DE4B33A400][000001DE440D2F40 49] Android, [000001DE4B0F6200][000001DE4D7E70C0 49] Android_Low, [000001DE4B339600][000001DE4D7EB240 49] Android_Mid, [000001DE4B0F6400][000001DE4D7F53C0 49] Android_High, [000001DE4B33BC00][000001DE4D835540 49] Android_Default, [000001DE4B0F5400][000001DE4C26B680 49] Android_Adreno4xx, [000001DE4B339300][000001DE469C17C0 49] Android_Adreno5xx_Low, [000001DE4B0F6300][000001DE469C5900 49] Android_Adreno5xx, [000001DE4B338100][000001DE469CDA80 49] Android_Adreno6xx, [000001DE4B0F6A00][000001DE469D1C00 49] Android_Adreno6xx_Vulkan, [000001DE4B33B600][000001DE469D4200 49] Android_Mali_T6xx, [000001DE4B0F7A00][000001DE469D8380 49] Android_Mali_T7xx, [000001DE4B33A700][000001DE469DC500 49] Android_Mali_T8xx, [000001DE4B0F6E00][000001DE43D82680 49] Android_Mali_G71, [000001DE4B339900][000001DE43D92800 49] Android_Mali_G72, [000001DE4B0F6500][000001DE43DB0980 49] Android_Mali_G72_Vulkan, [000001DE4B338500][000001DE4C18AB00 49] Android_Mali_G76, [000001DE4B0F5100][000001DE4C194C80 49] Android_Mali_G76_Vulkan, [000001DE4B338800][000001DE4C1E4E00 49] Android_Mali_G77, [000001DE4B0F5C00][000001DE4C1E8F80 49] Android_Mali_G77_Vulkan, [000001DE4B339400][000001DE4C1ED100 49] Android_Mali_G78, [000001DE4B0F6700][000001DE4C1F1280 49] Android_Mali_G78_Vulkan, [000001DE4B339000][000001DE4C247400 49] Android_Mali_G710, [000001DE4B0F5800][000001DE4C24B580 49] Android_Mali_G710_Vulkan, [000001DE4B338D00][000001DE4C24F700 49] Android_Vulkan_SM5, [000001DE4B0F6000][000001DE469C9840 49] Android_PowerVR_G6xxx, [000001DE4B55C400][000001DE440C9980 49] Android_PowerVR_GT7xxx, [000001DE4B0F5500][000001DE4D88BAC0 49] Android_PowerVR_GE8xxx, [000001DE4B55CF00][000001DE4D8920C0 49] Android_PowerVR_GM9xxx, [000001DE4B0F6C00][000001DE4C252240 49] Android_PowerVR_GM9xxx_Vulkan, [000001DE4B296700][000001DE440E83C0 49] Android_TegraK1, [000001DE4B401200][000001DE4D896540 49] Android_Unknown_Vulkan, [000001DE4B296200][000001DE4D89A6C0 49] Lumin, [000001DE4B402C00][000001DE4D958840 49] Lumin_Desktop, [000001DE4B296600][000001DE4D95C9C0 49] HoloLens, 
[2022.04.05-08.55.46:035][  0]LogMeshReduction: Using QuadricMeshReduction for automatic static mesh reduction
[2022.04.05-08.55.46:035][  0]LogMeshReduction: Using SimplygonMeshReduction for automatic skeletal mesh reduction
[2022.04.05-08.55.46:035][  0]LogMeshReduction: Using ProxyLODMeshReduction for automatic mesh merging
[2022.04.05-08.55.46:035][  0]LogMeshReduction: No distributed automatic mesh merging module available
[2022.04.05-08.55.46:035][  0]LogMeshMerging: No distributed automatic mesh merging module available
[2022.04.05-08.55.46:045][  0]LogNetVersion: P8_VR_Home 1.0.0, NetCL: 17155196, EngineNetVer: 17, GameNetVer: 0 (Checksum: 1173850688)
[2022.04.05-08.55.46:333][  0]LogTexture: Default maximum texture size for cubemaps generated from long-lat sources has been changed from 512 to unlimited. In order to preserve old behaiour for '/Engine/MapTemplates/Sky/DaylightAmbientCubemap.DaylightAmbientCubemap', its maximum texture size has been explicitly set to 512.
[2022.04.05-08.55.46:375][  0]LogHMD: PokeAHoleMaterial loaded successfully
[2022.04.05-08.55.46:379][  0]LogUObjectArray: 17075 objects as part of root set at end of initial load.
[2022.04.05-08.55.46:379][  0]LogUObjectAllocator: 4275792 out of 0 bytes used by permanent object pool.
[2022.04.05-08.55.46:379][  0]LogUObjectArray: CloseDisregardForGC: 0/0 objects in disregard for GC pool
[2022.04.05-08.55.46:588][  0]LogNiagaraDebuggerClient: Niagara Debugger Client Initialized | Session: DAE903644534070E46D1D1B225ED4B72 | Instance: 468A983C4C41451466DBD9A8C3808FBC (DAVID-1492).
[2022.04.05-08.55.46:687][  0]LogTcpMessaging: Initializing TcpMessaging bridge
[2022.04.05-08.55.46:691][  0]LogUdpMessaging: Initializing bridge on interface 0.0.0.0:0 to multicast group 230.0.0.1:6666.
[2022.04.05-08.55.46:701][  0]LogPython: Using Python 3.7.7
[2022.04.05-08.55.47:307][  0]LogTexture: Default maximum texture size for cubemaps generated from long-lat sources has been changed from 512 to unlimited. In order to preserve old behaiour for '/Engine/EditorMaterials/AssetViewer/EpicQuadPanorama_CC+EV1.EpicQuadPanorama_CC+EV1', its maximum texture size has been explicitly set to 512.
[2022.04.05-08.55.47:633][  0]LogOpenImageDenoise: OIDN starting up
[2022.04.05-08.55.47:644][  0]LogAndroidPermission: UAndroidPermissionCallbackProxy::GetInstance
[2022.04.05-08.55.47:664][  0]LogAudioCaptureCore: Display: No Audio Capture implementations found. Audio input will be silent.
[2022.04.05-08.55.47:664][  0]LogAudioCaptureCore: Display: No Audio Capture implementations found. Audio input will be silent.
[2022.04.05-08.55.47:788][  0]SourceControl: Source control is disabled
[2022.04.05-08.55.47:788][  0]SourceControl: Source control is disabled
[2022.04.05-08.55.47:791][  0]SourceControl: Source control is disabled
[2022.04.05-08.55.47:794][  0]SourceControl: Source control is disabled
[2022.04.05-08.55.47:803][  0]LogUProjectInfo: Found projects:
[2022.04.05-08.55.47:806][  0]LogVSAccessor: Display: Unable to create Visual Studio setup instance: 80040154
[2022.04.05-08.55.47:807][  0]LogVSAccessor: Display: Unable to create Visual Studio setup instance: 80040154
[2022.04.05-08.55.47:807][  0]LogVSAccessor: Display: Unable to create Visual Studio setup instance: 80040154
[2022.04.05-08.55.47:810][  0]SourceControl: Source control is disabled
[2022.04.05-08.55.47:817][  0]LogCollectionManager: Loaded 0 collections in 0.001150 seconds
[2022.04.05-08.55.47:837][  0]LogFileCache: Scanning file cache for directory 'C:/Users/dmock/Unreal projects/P8/P8ToBeAnnounced/P8_VR_Home/Saved/Collections/' took 0.00s
[2022.04.05-08.55.47:837][  0]LogFileCache: Scanning file cache for directory 'C:/Users/dmock/Unreal projects/P8/P8ToBeAnnounced/P8_VR_Home/Content/Developers/dmock/Collections/' took 0.00s
[2022.04.05-08.55.47:837][  0]LogFileCache: Scanning file cache for directory 'C:/Users/dmock/Unreal projects/P8/P8ToBeAnnounced/P8_VR_Home/Content/Collections/' took 0.00s
[2022.04.05-08.55.47:837][  0]LogOcInput: OculusInput pre-init called
[2022.04.05-08.55.48:002][  0]LogEngine: Initializing Engine...
[2022.04.05-08.55.48:002][  0]LogHMD: PokeAHoleMaterial loaded successfully
[2022.04.05-08.55.48:003][  0]LogHMD: Initializing OVRPlugin session
[2022.04.05-08.55.48:138][  0]LogHMD: Allocating Oculus 3200 x 1600 rendertarget swapchain
[2022.04.05-08.55.48:138][  0]LogHMD: Oculus plugin initialized. Version: 4.27.2-18319896+++UE4+Release-4.27, OVRPlugin: 1.59.0
[2022.04.05-08.55.48:139][  0]LogStats: UGameplayTagsManager::InitializeManager -  0.000 s
[2022.04.05-08.55.48:225][  0]LogInit: Initializing FReadOnlyCVARCache
[2022.04.05-08.55.48:232][  0]LogAIModule: Creating AISystem for world Untitled
[2022.04.05-08.55.48:239][  0]LogAudio: Display: Initializing Audio Device Manager...
[2022.04.05-08.55.48:242][  0]LogAudio: Display: Loading Default Audio Settings Objects...
[2022.04.05-08.55.48:242][  0]LogAudio: Display: No default SoundConcurrencyObject specified (or failed to load).
[2022.04.05-08.55.48:242][  0]LogAudio: Display: Audio Device Manager Initialized
[2022.04.05-08.55.48:242][  0]LogAudio: Display: Creating Audio Device:                 Id: 1, Scope: Shared, Realtime: True
[2022.04.05-08.55.48:242][  0]LogAudioMixer: Display: Audio Mixer Platform Settings:
[2022.04.05-08.55.48:242][  0]LogAudioMixer: Display: 	Sample Rate:						  48000
[2022.04.05-08.55.48:242][  0]LogAudioMixer: Display: 	Callback Buffer Frame Size Requested: 1024
[2022.04.05-08.55.48:242][  0]LogAudioMixer: Display: 	Callback Buffer Frame Size To Use:	  1024
[2022.04.05-08.55.48:242][  0]LogAudioMixer: Display: 	Number of buffers to queue:			  1
[2022.04.05-08.55.48:242][  0]LogAudioMixer: Display: 	Max Channels (voices):				  0
[2022.04.05-08.55.48:242][  0]LogAudioMixer: Display: 	Number of Async Source Workers:		  4
[2022.04.05-08.55.48:242][  0]LogAudio: Display: AudioDevice MaxSources: 32
[2022.04.05-08.55.48:243][  0]LogAudio: Display: Audio Spatialization Plugin: Resonance Audio is external send: 1
[2022.04.05-08.55.48:243][  0]LogAudio: Display: Audio Reverb Plugin: Resonance Audio
[2022.04.05-08.55.48:243][  0]LogAudio: Display: Audio Occlusion Plugin: None (built-in).
[2022.04.05-08.55.48:243][  0]LogAudioMixer: Display: Initializing audio mixer.
[2022.04.05-08.55.48:250][  0]LogAudioMixer: Display: 0: FrontLeft
[2022.04.05-08.55.48:250][  0]LogAudioMixer: Display: 1: FrontRight
[2022.04.05-08.55.48:265][  0]LogAudioMixer: Display: Using Audio Device Højttalere (Realtek(R) Audio)
[2022.04.05-08.55.48:266][  0]LogAudioMixer: Display: Initializing Sound Submixes...
[2022.04.05-08.55.48:268][  0]LogAudioMixer: Display: Creating Master Submix 'MasterSubmixDefault'
[2022.04.05-08.55.48:268][  0]LogAudioMixer: Display: Creating Master Submix 'MasterReverbSubmixDefault'
[2022.04.05-08.55.48:268][  0]LogAudioMixer: Display: Creating Master Submix 'MasterEQSubmixDefault'
[2022.04.05-08.55.48:269][  0]LogAudioMixer: FMixerPlatformXAudio2::StartAudioStream() called
[2022.04.05-08.55.48:269][  0]LogAudioMixer: Display: Output buffers initialized: Frames=1024, Channels=2, Samples=2048
[2022.04.05-08.55.48:270][  0]LogAudioMixer: Display: Starting AudioMixerPlatformInterface::RunInternal()
[2022.04.05-08.55.48:270][  0]LogAudioMixer: Display: FMixerPlatformXAudio2::SubmitBuffer() called for the first time
[2022.04.05-08.55.48:270][  0]LogInit: FAudioDevice initialized.
[2022.04.05-08.55.48:270][  0]LogAudio: Display: Audio Device (ID: 1) registered with world 'Untitled'.
[2022.04.05-08.55.48:270][  0]LogNetVersion: Set ProjectVersion to 1.0.0.0. Version Checksum will be recalculated on next use.
[2022.04.05-08.55.48:330][  0]LogDerivedDataCache: Saved boot cache 0.06s 140MB C:/Users/dmock/AppData/Local/UnrealEngine/4.27/DerivedDataCache/Boot.ddc.
[2022.04.05-08.55.48:332][  0]LogInit: Texture streaming: Enabled
[2022.04.05-08.55.48:342][  0]LogAnalytics: Display: [UEEditor.Rocket.Release] APIServer = https://datarouter.ol.epicgames.com/. AppVersion = 4.27.2-18319896+++UE4+Release-4.27
[2022.04.05-08.55.48:345][  0]LogEngineSessionManager: EngineSessionManager initialized
[2022.04.05-08.55.48:345][  0]LogEditorSessionSummary: Verbose: Initializing EditorSessionSummaryWriter for editor session tracking
[2022.04.05-08.55.48:346][  0]LogEditorSessionSummary: EditorSessionSummaryWriter initialized
[2022.04.05-08.55.48:370][  0]LogInit: Transaction tracking system initialized
[2022.04.05-08.55.48:388][  0]BlueprintLog: New page: Editor Load
[2022.04.05-08.55.48:435][  0]LocalizationService: Localization service is disabled
[2022.04.05-08.55.48:454][  0]TimingProfiler: Initialize
[2022.04.05-08.55.48:454][  0]TimingProfiler: OnSessionChanged
[2022.04.05-08.55.48:454][  0]LoadingProfiler: Initialize
[2022.04.05-08.55.48:454][  0]LoadingProfiler: OnSessionChanged
[2022.04.05-08.55.48:454][  0]NetworkingProfiler: Initialize
[2022.04.05-08.55.48:454][  0]NetworkingProfiler: OnSessionChanged
[2022.04.05-08.55.48:454][  0]MemoryProfiler: Initialize
[2022.04.05-08.55.48:454][  0]MemoryProfiler: OnSessionChanged
[2022.04.05-08.55.48:695][  0]LogVSAccessor: Display: Unable to create Visual Studio setup instance: 80040154
[2022.04.05-08.55.48:695][  0]LogVSAccessor: Display: Unable to create Visual Studio setup instance: 80040154
[2022.04.05-08.55.48:696][  0]LogVSAccessor: Display: Unable to create Visual Studio setup instance: 80040154
[2022.04.05-08.55.48:765][  0]LogCook: Display: CookSettings for Memory: MemoryMaxUsedVirtual 0MiB, MemoryMaxUsedPhysical 16384MiB, MemoryMinFreeVirtual 0MiB, MemoryMinFreePhysical 1024MiB
[2022.04.05-08.55.48:765][  0]LogCook: Display: Mobile HDR setting 0
[2022.04.05-08.55.48:882][  0]LogFileCache: Scanning file cache for directory 'C:/Users/dmock/Unreal projects/P8/P8ToBeAnnounced/P8_VR_Home/Content/' took 0.01s
[2022.04.05-08.55.48:916][  0]LogInit: Display: Engine is initialized. Leaving FEngineLoop::Init()
[2022.04.05-08.55.48:919][  0]SourceControl: Source control is disabled
[2022.04.05-08.55.48:919][  0]LogUnrealEdMisc: Loading editor; pre map load, took 5.559
[2022.04.05-08.55.48:919][  0]Cmd: MAP LOAD FILE="../../../../../../Users/dmock/Unreal projects/P8/P8ToBeAnnounced/P8_VR_Home/Content/VRTemplate/Maps/VRTemplateMap.umap" TEMPLATE=0 SHOWPROGRESS=1 FEATURELEVEL=3
[2022.04.05-08.55.48:919][  0]LightingResults: New page: Lighting Build
[2022.04.05-08.55.48:920][  0]LogWorld: UWorld::CleanupWorld for Untitled, bSessionEnded=true, bCleanupResources=true
[2022.04.05-08.55.48:920][  0]LogSlate: InvalidateAllWidgets triggered.  All widgets were invalidated
[2022.04.05-08.55.48:920][  0]MapCheck: New page: Map Check
[2022.04.05-08.55.48:920][  0]LightingResults: New page: Lighting Build
[2022.04.05-08.55.48:932][  0]LogAudio: Display: Audio Device unregistered from world 'None'.
[2022.04.05-08.55.48:935][  0]LogUObjectHash: Compacting FUObjectHashTables data took   1.24ms
[2022.04.05-08.55.49:178][  0]LogLinker: Warning: Asset '../../../../../../Users/dmock/Unreal projects/P8/P8ToBeAnnounced/P8_VR_Home/Content/Materials/PP_Outliner_M.uasset' has been saved with empty engine version. The asset will be loaded but may be incompatible.
[2022.04.05-08.55.49:179][  0]LogLinker: Warning: Asset '../../../../../../Users/dmock/Unreal projects/P8/P8ToBeAnnounced/P8_VR_Home/Content/Materials/MF_ConvolveTexture.uasset' has been saved with empty engine version. The asset will be loaded but may be incompatible.
[2022.04.05-08.55.49:180][  0]LogLinker: Warning: Asset '../../../../../../Users/dmock/Unreal projects/P8/P8ToBeAnnounced/P8_VR_Home/Content/Materials/MF_ExtractDepth.uasset' has been saved with empty engine version. The asset will be loaded but may be incompatible.
[2022.04.05-08.55.49:180][  0]LogLinker: Warning: Asset '../../../../../../Users/dmock/Unreal projects/P8/P8ToBeAnnounced/P8_VR_Home/Content/Materials/MF_SampleSceneTextureNeighbourUVs.uasset' has been saved with empty engine version. The asset will be loaded but may be incompatible.
[2022.04.05-08.55.49:384][  0]LogPhysics: Warning: Failed to cook TriMesh: /Game/Marwa/shuttersNew/Group_688_2_001.Group_688_2_001.
[2022.04.05-08.55.49:384][  0]LogPhysics: Warning: Attempt to build physics data for /Game/Marwa/shuttersNew/Group_688_2_001.Group_688_2_001:BodySetup_0 when we are unable to.
[2022.04.05-08.55.49:384][  0]LogPhysics: Warning: Failed to cook TriMesh: /Game/Marwa/shuttersNew/Group_658_001.Group_658_001.
[2022.04.05-08.55.49:384][  0]LogPhysics: Warning: Attempt to build physics data for /Game/Marwa/shuttersNew/Group_658_001.Group_658_001:BodySetup_0 when we are unable to.
[2022.04.05-08.55.49:386][  0]LogPhysics: Warning: Failed to cook TriMesh: /Game/Marwa/shuttersNew/Group_629_001.Group_629_001.
[2022.04.05-08.55.49:386][  0]LogPhysics: Warning: Attempt to build physics data for /Game/Marwa/shuttersNew/Group_629_001.Group_629_001:BodySetup_0 when we are unable to.
[2022.04.05-08.55.49:387][  0]LogPhysics: Warning: Failed to cook TriMesh: /Game/Marwa/shuttersNew/Group_621_001.Group_621_001.
[2022.04.05-08.55.49:387][  0]LogPhysics: Warning: Attempt to build physics data for /Game/Marwa/shuttersNew/Group_621_001.Group_621_001:BodySetup_0 when we are unable to.
[2022.04.05-08.55.49:395][  0]LogPhysics: Warning: Failed to cook TriMesh: /Game/Marwa/shuttersNew/Group_167_001.Group_167_001.
[2022.04.05-08.55.49:395][  0]LogPhysics: Warning: Attempt to build physics data for /Game/Marwa/shuttersNew/Group_167_001.Group_167_001:BodySetup_0 when we are unable to.
[2022.04.05-08.55.49:572][  0]LogAudio: Display: Audio Device (ID: 1) registered with world 'VRTemplateMap'.
[2022.04.05-08.55.49:573][  0]LogAIModule: Creating AISystem for world VRTemplateMap
[2022.04.05-08.55.49:600][  0]LogEditorServer: Finished looking for orphan Actors (0.000 secs)
[2022.04.05-08.55.49:601][  0]LogNavigation: Warning: Recreating dtNavMesh instance due to saved navmesh origin (X=-1708.795 Y=-0.000 Z=10.000, usually the RecastNavMesh location) not being aligned with tile size (1000 uu) 
[2022.04.05-08.55.49:613][  0]LogUObjectHash: Compacting FUObjectHashTables data took   1.09ms
[2022.04.05-08.55.49:613][  0]Cmd: MAP CHECKDEP NOCLEARLOG
[2022.04.05-08.55.49:613][  0]MapCheck: Map check complete: 0 Error(s), 0 Warning(s), took 0.136ms to complete.
[2022.04.05-08.55.49:613][  0]LogFileHelpers: Loading map 'VRTemplateMap' took 0.695
[2022.04.05-08.55.49:615][  0]LogUnrealEdMisc: Total Editor Startup Time, took 6.255
[2022.04.05-08.55.49:712][  0]LogSlate: Updating window title bar state: overlay mode, drag disabled, window buttons hidden, title bar hidden
[2022.04.05-08.55.49:719][  0]LogSlate: Updating window title bar state: overlay mode, drag disabled, window buttons hidden, title bar hidden
[2022.04.05-08.55.49:723][  0]LogSlate: Updating window title bar state: overlay mode, drag disabled, window buttons hidden, title bar hidden
[2022.04.05-08.55.49:729][  0]LogSlate: Updating window title bar state: overlay mode, drag disabled, window buttons hidden, title bar hidden
[2022.04.05-08.55.49:740][  0]LogNativeClassHierarchy: Verbose: Native class hierarchy populated in 0.0087 seconds. Added 4030 classes and 980 folders.
[2022.04.05-08.55.49:742][  0]LogNativeClassHierarchy: Verbose: Native class hierarchy updated for 'WidgetCarousel' in 0.0003 seconds. Added 0 classes and 0 folders.
[2022.04.05-08.55.49:743][  0]LogPakFile: PakFile PrimaryIndexSize=187
[2022.04.05-08.55.49:743][  0]LogPakFile: PakFile PathHashIndexSize=101
[2022.04.05-08.55.49:743][  0]LogPakFile: PakFile FullDirectoryIndexSize=148
[2022.04.05-08.55.49:743][  0]LogShaderLibrary: Display: ShaderCodeLibraryPakFileMountedCallback: PakFile 'C:/Program Files/Epic Games/UE_4.27/FeaturePacks/FP_FirstPerson.upack' (chunk index -1, root 'root:/') mounted
[2022.04.05-08.55.49:743][  0]LogShaderLibrary: Display: ShaderCodeLibraryPakFileMountedCallback: pending pak file info (ChunkID:-1 Root:root:/ File:C:/Program Files/Epic Games/UE_4.27/FeaturePacks/FP_FirstPerson.upack)
[2022.04.05-08.55.49:743][  0]LogPakFile: OnPakFileMounted2Time == 0.000041
[2022.04.05-08.55.49:743][  0]LogPakFile: PakFile PrimaryIndexSize=189
[2022.04.05-08.55.49:743][  0]LogPakFile: PakFile PathHashIndexSize=101
[2022.04.05-08.55.49:743][  0]LogPakFile: PakFile FullDirectoryIndexSize=152
[2022.04.05-08.55.49:743][  0]LogShaderLibrary: Display: ShaderCodeLibraryPakFileMountedCallback: PakFile 'C:/Program Files/Epic Games/UE_4.27/FeaturePacks/FP_FirstPersonBP.upack' (chunk index -1, root 'root:/') mounted
[2022.04.05-08.55.49:743][  0]LogShaderLibrary: Display: ShaderCodeLibraryPakFileMountedCallback: pending pak file info (ChunkID:-1 Root:root:/ File:C:/Program Files/Epic Games/UE_4.27/FeaturePacks/FP_FirstPersonBP.upack)
[2022.04.05-08.55.49:743][  0]LogPakFile: OnPakFileMounted2Time == 0.000024
[2022.04.05-08.55.49:744][  0]LogPakFile: PakFile PrimaryIndexSize=191
[2022.04.05-08.55.49:744][  0]LogPakFile: PakFile PathHashIndexSize=101
[2022.04.05-08.55.49:744][  0]LogPakFile: PakFile FullDirectoryIndexSize=160
[2022.04.05-08.55.49:744][  0]LogShaderLibrary: Display: ShaderCodeLibraryPakFileMountedCallback: PakFile 'C:/Program Files/Epic Games/UE_4.27/FeaturePacks/MobileStarterContent.upack' (chunk index -1, root 'root:/') mounted
[2022.04.05-08.55.49:744][  0]LogShaderLibrary: Display: ShaderCodeLibraryPakFileMountedCallback: pending pak file info (ChunkID:-1 Root:root:/ File:C:/Program Files/Epic Games/UE_4.27/FeaturePacks/MobileStarterContent.upack)
[2022.04.05-08.55.49:744][  0]LogPakFile: OnPakFileMounted2Time == 0.000022
[2022.04.05-08.55.49:744][  0]LogPakFile: PakFile PrimaryIndexSize=185
[2022.04.05-08.55.49:744][  0]LogPakFile: PakFile PathHashIndexSize=101
[2022.04.05-08.55.49:744][  0]LogPakFile: PakFile FullDirectoryIndexSize=148
[2022.04.05-08.55.49:744][  0]LogShaderLibrary: Display: ShaderCodeLibraryPakFileMountedCallback: PakFile 'C:/Program Files/Epic Games/UE_4.27/FeaturePacks/StarterContent.upack' (chunk index -1, root 'root:/') mounted
[2022.04.05-08.55.49:744][  0]LogShaderLibrary: Display: ShaderCodeLibraryPakFileMountedCallback: pending pak file info (ChunkID:-1 Root:root:/ File:C:/Program Files/Epic Games/UE_4.27/FeaturePacks/StarterContent.upack)
[2022.04.05-08.55.49:744][  0]LogPakFile: OnPakFileMounted2Time == 0.000023
[2022.04.05-08.55.49:744][  0]LogPakFile: PakFile PrimaryIndexSize=190
[2022.04.05-08.55.49:744][  0]LogPakFile: PakFile PathHashIndexSize=101
[2022.04.05-08.55.49:744][  0]LogPakFile: PakFile FullDirectoryIndexSize=154
[2022.04.05-08.55.49:744][  0]LogShaderLibrary: Display: ShaderCodeLibraryPakFileMountedCallback: PakFile 'C:/Program Files/Epic Games/UE_4.27/FeaturePacks/TP_2DSideScroller.upack' (chunk index -1, root 'root:/') mounted
[2022.04.05-08.55.49:744][  0]LogShaderLibrary: Display: ShaderCodeLibraryPakFileMountedCallback: pending pak file info (ChunkID:-1 Root:root:/ File:C:/Program Files/Epic Games/UE_4.27/FeaturePacks/TP_2DSideScroller.upack)
[2022.04.05-08.55.49:744][  0]LogPakFile: OnPakFileMounted2Time == 0.000022
[2022.04.05-08.55.49:745][  0]LogPakFile: PakFile PrimaryIndexSize=192
[2022.04.05-08.55.49:745][  0]LogPakFile: PakFile PathHashIndexSize=101
[2022.04.05-08.55.49:745][  0]LogPakFile: PakFile FullDirectoryIndexSize=158
[2022.04.05-08.55.49:745][  0]LogShaderLibrary: Display: ShaderCodeLibraryPakFileMountedCallback: PakFile 'C:/Program Files/Epic Games/UE_4.27/FeaturePacks/TP_2DSideScrollerBP.upack' (chunk index -1, root 'root:/') mounted
[2022.04.05-08.55.49:745][  0]LogShaderLibrary: Display: ShaderCodeLibraryPakFileMountedCallback: pending pak file info (ChunkID:-1 Root:root:/ File:C:/Program Files/Epic Games/UE_4.27/FeaturePacks/TP_2DSideScrollerBP.upack)
[2022.04.05-08.55.49:745][  0]LogPakFile: OnPakFileMounted2Time == 0.000021
[2022.04.05-08.55.49:745][  0]LogPakFile: PakFile PrimaryIndexSize=182
[2022.04.05-08.55.49:745][  0]LogPakFile: PakFile PathHashIndexSize=101
[2022.04.05-08.55.49:745][  0]LogPakFile: PakFile FullDirectoryIndexSize=138
[2022.04.05-08.55.49:745][  0]LogShaderLibrary: Display: ShaderCodeLibraryPakFileMountedCallback: PakFile 'C:/Program Files/Epic Games/UE_4.27/FeaturePacks/TP_Flying.upack' (chunk index -1, root 'root:/') mounted
[2022.04.05-08.55.49:745][  0]LogShaderLibrary: Display: ShaderCodeLibraryPakFileMountedCallback: pending pak file info (ChunkID:-1 Root:root:/ File:C:/Program Files/Epic Games/UE_4.27/FeaturePacks/TP_Flying.upack)
[2022.04.05-08.55.49:745][  0]LogPakFile: OnPakFileMounted2Time == 0.000022
[2022.04.05-08.55.49:745][  0]LogPakFile: PakFile PrimaryIndexSize=184
[2022.04.05-08.55.49:745][  0]LogPakFile: PakFile PathHashIndexSize=101
[2022.04.05-08.55.49:745][  0]LogPakFile: PakFile FullDirectoryIndexSize=142
[2022.04.05-08.55.49:745][  0]LogShaderLibrary: Display: ShaderCodeLibraryPakFileMountedCallback: PakFile 'C:/Program Files/Epic Games/UE_4.27/FeaturePacks/TP_FlyingBP.upack' (chunk index -1, root 'root:/') mounted
[2022.04.05-08.55.49:745][  0]LogShaderLibrary: Display: ShaderCodeLibraryPakFileMountedCallback: pending pak file info (ChunkID:-1 Root:root:/ File:C:/Program Files/Epic Games/UE_4.27/FeaturePacks/TP_FlyingBP.upack)
[2022.04.05-08.55.49:745][  0]LogPakFile: OnPakFileMounted2Time == 0.000021
[2022.04.05-08.55.49:746][  0]LogPakFile: PakFile PrimaryIndexSize=188
[2022.04.05-08.55.49:746][  0]LogPakFile: PakFile PathHashIndexSize=101
[2022.04.05-08.55.49:746][  0]LogPakFile: PakFile FullDirectoryIndexSize=150
[2022.04.05-08.55.49:746][  0]LogShaderLibrary: Display: ShaderCodeLibraryPakFileMountedCallback: PakFile 'C:/Program Files/Epic Games/UE_4.27/FeaturePacks/TP_HandheldARBP.upack' (chunk index -1, root 'root:/') mounted
[2022.04.05-08.55.49:746][  0]LogShaderLibrary: Display: ShaderCodeLibraryPakFileMountedCallback: pending pak file info (ChunkID:-1 Root:root:/ File:C:/Program Files/Epic Games/UE_4.27/FeaturePacks/TP_HandheldARBP.upack)
[2022.04.05-08.55.49:746][  0]LogPakFile: OnPakFileMounted2Time == 0.000022
[2022.04.05-08.55.49:746][  0]LogPakFile: PakFile PrimaryIndexSize=182
[2022.04.05-08.55.49:746][  0]LogPakFile: PakFile PathHashIndexSize=101
[2022.04.05-08.55.49:746][  0]LogPakFile: PakFile FullDirectoryIndexSize=138
[2022.04.05-08.55.49:746][  0]LogShaderLibrary: Display: ShaderCodeLibraryPakFileMountedCallback: PakFile 'C:/Program Files/Epic Games/UE_4.27/FeaturePacks/TP_Puzzle.upack' (chunk index -1, root 'root:/') mounted
[2022.04.05-08.55.49:746][  0]LogShaderLibrary: Display: ShaderCodeLibraryPakFileMountedCallback: pending pak file info (ChunkID:-1 Root:root:/ File:C:/Program Files/Epic Games/UE_4.27/FeaturePacks/TP_Puzzle.upack)
[2022.04.05-08.55.49:746][  0]LogPakFile: OnPakFileMounted2Time == 0.000022
[2022.04.05-08.55.49:747][  0]LogPakFile: PakFile PrimaryIndexSize=184
[2022.04.05-08.55.49:747][  0]LogPakFile: PakFile PathHashIndexSize=101
[2022.04.05-08.55.49:747][  0]LogPakFile: PakFile FullDirectoryIndexSize=142
[2022.04.05-08.55.49:747][  0]LogShaderLibrary: Display: ShaderCodeLibraryPakFileMountedCallback: PakFile 'C:/Program Files/Epic Games/UE_4.27/FeaturePacks/TP_PuzzleBP.upack' (chunk index -1, root 'root:/') mounted
[2022.04.05-08.55.49:747][  0]LogShaderLibrary: Display: ShaderCodeLibraryPakFileMountedCallback: pending pak file info (ChunkID:-1 Root:root:/ File:C:/Program Files/Epic Games/UE_4.27/FeaturePacks/TP_PuzzleBP.upack)
[2022.04.05-08.55.49:747][  0]LogPakFile: OnPakFileMounted2Time == 0.000021
[2022.04.05-08.55.49:747][  0]LogPakFile: PakFile PrimaryIndexSize=183
[2022.04.05-08.55.49:747][  0]LogPakFile: PakFile PathHashIndexSize=101
[2022.04.05-08.55.49:747][  0]LogPakFile: PakFile FullDirectoryIndexSize=140
[2022.04.05-08.55.49:747][  0]LogShaderLibrary: Display: ShaderCodeLibraryPakFileMountedCallback: PakFile 'C:/Program Files/Epic Games/UE_4.27/FeaturePacks/TP_Rolling.upack' (chunk index -1, root 'root:/') mounted
[2022.04.05-08.55.49:747][  0]LogShaderLibrary: Display: ShaderCodeLibraryPakFileMountedCallback: pending pak file info (ChunkID:-1 Root:root:/ File:C:/Program Files/Epic Games/UE_4.27/FeaturePacks/TP_Rolling.upack)
[2022.04.05-08.55.49:747][  0]LogPakFile: OnPakFileMounted2Time == 0.000022
[2022.04.05-08.55.49:747][  0]LogPakFile: PakFile PrimaryIndexSize=185
[2022.04.05-08.55.49:747][  0]LogPakFile: PakFile PathHashIndexSize=101
[2022.04.05-08.55.49:747][  0]LogPakFile: PakFile FullDirectoryIndexSize=144
[2022.04.05-08.55.49:747][  0]LogShaderLibrary: Display: ShaderCodeLibraryPakFileMountedCallback: PakFile 'C:/Program Files/Epic Games/UE_4.27/FeaturePacks/TP_RollingBP.upack' (chunk index -1, root 'root:/') mounted
[2022.04.05-08.55.49:747][  0]LogShaderLibrary: Display: ShaderCodeLibraryPakFileMountedCallback: pending pak file info (ChunkID:-1 Root:root:/ File:C:/Program Files/Epic Games/UE_4.27/FeaturePacks/TP_RollingBP.upack)
[2022.04.05-08.55.49:747][  0]LogPakFile: OnPakFileMounted2Time == 0.000021
[2022.04.05-08.55.49:749][  0]LogPakFile: PakFile PrimaryIndexSize=188
[2022.04.05-08.55.49:749][  0]LogPakFile: PakFile PathHashIndexSize=101
[2022.04.05-08.55.49:749][  0]LogPakFile: PakFile FullDirectoryIndexSize=150
[2022.04.05-08.55.49:749][  0]LogShaderLibrary: Display: ShaderCodeLibraryPakFileMountedCallback: PakFile 'C:/Program Files/Epic Games/UE_4.27/FeaturePacks/TP_SideScroller.upack' (chunk index -1, root 'root:/') mounted
[2022.04.05-08.55.49:749][  0]LogShaderLibrary: Display: ShaderCodeLibraryPakFileMountedCallback: pending pak file info (ChunkID:-1 Root:root:/ File:C:/Program Files/Epic Games/UE_4.27/FeaturePacks/TP_SideScroller.upack)
[2022.04.05-08.55.49:749][  0]LogPakFile: OnPakFileMounted2Time == 0.000021
[2022.04.05-08.55.49:749][  0]LogPakFile: PakFile PrimaryIndexSize=190
[2022.04.05-08.55.49:749][  0]LogPakFile: PakFile PathHashIndexSize=101
[2022.04.05-08.55.49:749][  0]LogPakFile: PakFile FullDirectoryIndexSize=154
[2022.04.05-08.55.49:749][  0]LogShaderLibrary: Display: ShaderCodeLibraryPakFileMountedCallback: PakFile 'C:/Program Files/Epic Games/UE_4.27/FeaturePacks/TP_SideScrollerBP.upack' (chunk index -1, root 'root:/') mounted
[2022.04.05-08.55.49:749][  0]LogShaderLibrary: Display: ShaderCodeLibraryPakFileMountedCallback: pending pak file info (ChunkID:-1 Root:root:/ File:C:/Program Files/Epic Games/UE_4.27/FeaturePacks/TP_SideScrollerBP.upack)
[2022.04.05-08.55.49:749][  0]LogPakFile: OnPakFileMounted2Time == 0.000021
[2022.04.05-08.55.49:749][  0]LogPakFile: PakFile PrimaryIndexSize=187
[2022.04.05-08.55.49:749][  0]LogPakFile: PakFile PathHashIndexSize=101
[2022.04.05-08.55.49:749][  0]LogPakFile: PakFile FullDirectoryIndexSize=148
[2022.04.05-08.55.49:749][  0]LogShaderLibrary: Display: ShaderCodeLibraryPakFileMountedCallback: PakFile 'C:/Program Files/Epic Games/UE_4.27/FeaturePacks/TP_ThirdPerson.upack' (chunk index -1, root 'root:/') mounted
[2022.04.05-08.55.49:749][  0]LogShaderLibrary: Display: ShaderCodeLibraryPakFileMountedCallback: pending pak file info (ChunkID:-1 Root:root:/ File:C:/Program Files/Epic Games/UE_4.27/FeaturePacks/TP_ThirdPerson.upack)
[2022.04.05-08.55.49:749][  0]LogPakFile: OnPakFileMounted2Time == 0.000021
[2022.04.05-08.55.49:750][  0]LogPakFile: PakFile PrimaryIndexSize=189
[2022.04.05-08.55.49:750][  0]LogPakFile: PakFile PathHashIndexSize=101
[2022.04.05-08.55.49:750][  0]LogPakFile: PakFile FullDirectoryIndexSize=152
[2022.04.05-08.55.49:750][  0]LogShaderLibrary: Display: ShaderCodeLibraryPakFileMountedCallback: PakFile 'C:/Program Files/Epic Games/UE_4.27/FeaturePacks/TP_ThirdPersonBP.upack' (chunk index -1, root 'root:/') mounted
[2022.04.05-08.55.49:750][  0]LogShaderLibrary: Display: ShaderCodeLibraryPakFileMountedCallback: pending pak file info (ChunkID:-1 Root:root:/ File:C:/Program Files/Epic Games/UE_4.27/FeaturePacks/TP_ThirdPersonBP.upack)
[2022.04.05-08.55.49:750][  0]LogPakFile: OnPakFileMounted2Time == 0.000021
[2022.04.05-08.55.49:750][  0]LogPakFile: PakFile PrimaryIndexSize=183
[2022.04.05-08.55.49:750][  0]LogPakFile: PakFile PathHashIndexSize=101
[2022.04.05-08.55.49:750][  0]LogPakFile: PakFile FullDirectoryIndexSize=140
[2022.04.05-08.55.49:750][  0]LogShaderLibrary: Display: ShaderCodeLibraryPakFileMountedCallback: PakFile 'C:/Program Files/Epic Games/UE_4.27/FeaturePacks/TP_TopDown.upack' (chunk index -1, root 'root:/') mounted
[2022.04.05-08.55.49:750][  0]LogShaderLibrary: Display: ShaderCodeLibraryPakFileMountedCallback: pending pak file info (ChunkID:-1 Root:root:/ File:C:/Program Files/Epic Games/UE_4.27/FeaturePacks/TP_TopDown.upack)
[2022.04.05-08.55.49:750][  0]LogPakFile: OnPakFileMounted2Time == 0.000028
[2022.04.05-08.55.49:750][  0]LogPakFile: PakFile PrimaryIndexSize=185
[2022.04.05-08.55.49:750][  0]LogPakFile: PakFile PathHashIndexSize=101
[2022.04.05-08.55.49:750][  0]LogPakFile: PakFile FullDirectoryIndexSize=144
[2022.04.05-08.55.49:750][  0]LogShaderLibrary: Display: ShaderCodeLibraryPakFileMountedCallback: PakFile 'C:/Program Files/Epic Games/UE_4.27/FeaturePacks/TP_TopDownBP.upack' (chunk index -1, root 'root:/') mounted
[2022.04.05-08.55.49:750][  0]LogShaderLibrary: Display: ShaderCodeLibraryPakFileMountedCallback: pending pak file info (ChunkID:-1 Root:root:/ File:C:/Program Files/Epic Games/UE_4.27/FeaturePacks/TP_TopDownBP.upack)
[2022.04.05-08.55.49:750][  0]LogPakFile: OnPakFileMounted2Time == 0.000022
[2022.04.05-08.55.49:750][  0]LogPakFile: PakFile PrimaryIndexSize=185
[2022.04.05-08.55.49:750][  0]LogPakFile: PakFile PathHashIndexSize=101
[2022.04.05-08.55.49:750][  0]LogPakFile: PakFile FullDirectoryIndexSize=144
[2022.04.05-08.55.49:750][  0]LogShaderLibrary: Display: ShaderCodeLibraryPakFileMountedCallback: PakFile 'C:/Program Files/Epic Games/UE_4.27/FeaturePacks/TP_TwinStick.upack' (chunk index -1, root 'root:/') mounted
[2022.04.05-08.55.49:750][  0]LogShaderLibrary: Display: ShaderCodeLibraryPakFileMountedCallback: pending pak file info (ChunkID:-1 Root:root:/ File:C:/Program Files/Epic Games/UE_4.27/FeaturePacks/TP_TwinStick.upack)
[2022.04.05-08.55.49:750][  0]LogPakFile: OnPakFileMounted2Time == 0.000021
[2022.04.05-08.55.49:750][  0]LogPakFile: PakFile PrimaryIndexSize=187
[2022.04.05-08.55.49:750][  0]LogPakFile: PakFile PathHashIndexSize=101
[2022.04.05-08.55.49:750][  0]LogPakFile: PakFile FullDirectoryIndexSize=148
[2022.04.05-08.55.49:750][  0]LogShaderLibrary: Display: ShaderCodeLibraryPakFileMountedCallback: PakFile 'C:/Program Files/Epic Games/UE_4.27/FeaturePacks/TP_TwinStickBP.upack' (chunk index -1, root 'root:/') mounted
[2022.04.05-08.55.49:750][  0]LogShaderLibrary: Display: ShaderCodeLibraryPakFileMountedCallback: pending pak file info (ChunkID:-1 Root:root:/ File:C:/Program Files/Epic Games/UE_4.27/FeaturePacks/TP_TwinStickBP.upack)
[2022.04.05-08.55.49:751][  0]LogPakFile: OnPakFileMounted2Time == 0.000022
[2022.04.05-08.55.49:751][  0]LogPakFile: PakFile PrimaryIndexSize=183
[2022.04.05-08.55.49:751][  0]LogPakFile: PakFile PathHashIndexSize=101
[2022.04.05-08.55.49:751][  0]LogPakFile: PakFile FullDirectoryIndexSize=140
[2022.04.05-08.55.49:751][  0]LogShaderLibrary: Display: ShaderCodeLibraryPakFileMountedCallback: PakFile 'C:/Program Files/Epic Games/UE_4.27/FeaturePacks/TP_Vehicle.upack' (chunk index -1, root 'root:/') mounted
[2022.04.05-08.55.49:751][  0]LogShaderLibrary: Display: ShaderCodeLibraryPakFileMountedCallback: pending pak file info (ChunkID:-1 Root:root:/ File:C:/Program Files/Epic Games/UE_4.27/FeaturePacks/TP_Vehicle.upack)
[2022.04.05-08.55.49:751][  0]LogPakFile: OnPakFileMounted2Time == 0.000023
[2022.04.05-08.55.49:751][  0]LogPakFile: PakFile PrimaryIndexSize=186
[2022.04.05-08.55.49:751][  0]LogPakFile: PakFile PathHashIndexSize=101
[2022.04.05-08.55.49:751][  0]LogPakFile: PakFile FullDirectoryIndexSize=146
[2022.04.05-08.55.49:751][  0]LogShaderLibrary: Display: ShaderCodeLibraryPakFileMountedCallback: PakFile 'C:/Program Files/Epic Games/UE_4.27/FeaturePacks/TP_VehicleAdv.upack' (chunk index -1, root 'root:/') mounted
[2022.04.05-08.55.49:751][  0]LogShaderLibrary: Display: ShaderCodeLibraryPakFileMountedCallback: pending pak file info (ChunkID:-1 Root:root:/ File:C:/Program Files/Epic Games/UE_4.27/FeaturePacks/TP_VehicleAdv.upack)
[2022.04.05-08.55.49:751][  0]LogPakFile: OnPakFileMounted2Time == 0.000021
[2022.04.05-08.55.49:752][  0]LogPakFile: PakFile PrimaryIndexSize=188
[2022.04.05-08.55.49:752][  0]LogPakFile: PakFile PathHashIndexSize=101
[2022.04.05-08.55.49:752][  0]LogPakFile: PakFile FullDirectoryIndexSize=150
[2022.04.05-08.55.49:752][  0]LogShaderLibrary: Display: ShaderCodeLibraryPakFileMountedCallback: PakFile 'C:/Program Files/Epic Games/UE_4.27/FeaturePacks/TP_VehicleAdvBP.upack' (chunk index -1, root 'root:/') mounted
[2022.04.05-08.55.49:752][  0]LogShaderLibrary: Display: ShaderCodeLibraryPakFileMountedCallback: pending pak file info (ChunkID:-1 Root:root:/ File:C:/Program Files/Epic Games/UE_4.27/FeaturePacks/TP_VehicleAdvBP.upack)
[2022.04.05-08.55.49:752][  0]LogPakFile: OnPakFileMounted2Time == 0.000023
[2022.04.05-08.55.49:752][  0]LogPakFile: PakFile PrimaryIndexSize=185
[2022.04.05-08.55.49:752][  0]LogPakFile: PakFile PathHashIndexSize=101
[2022.04.05-08.55.49:752][  0]LogPakFile: PakFile FullDirectoryIndexSize=144
[2022.04.05-08.55.49:752][  0]LogShaderLibrary: Display: ShaderCodeLibraryPakFileMountedCallback: PakFile 'C:/Program Files/Epic Games/UE_4.27/FeaturePacks/TP_VehicleBP.upack' (chunk index -1, root 'root:/') mounted
[2022.04.05-08.55.49:752][  0]LogShaderLibrary: Display: ShaderCodeLibraryPakFileMountedCallback: pending pak file info (ChunkID:-1 Root:root:/ File:C:/Program Files/Epic Games/UE_4.27/FeaturePacks/TP_VehicleBP.upack)
[2022.04.05-08.55.49:752][  0]LogPakFile: OnPakFileMounted2Time == 0.000022
[2022.04.05-08.55.49:752][  0]LogPakFile: PakFile PrimaryIndexSize=192
[2022.04.05-08.55.49:752][  0]LogPakFile: PakFile PathHashIndexSize=101
[2022.04.05-08.55.49:752][  0]LogPakFile: PakFile FullDirectoryIndexSize=158
[2022.04.05-08.55.49:752][  0]LogShaderLibrary: Display: ShaderCodeLibraryPakFileMountedCallback: PakFile 'C:/Program Files/Epic Games/UE_4.27/FeaturePacks/TP_VirtualRealityBP.upack' (chunk index -1, root 'root:/') mounted
[2022.04.05-08.55.49:752][  0]LogShaderLibrary: Display: ShaderCodeLibraryPakFileMountedCallback: pending pak file info (ChunkID:-1 Root:root:/ File:C:/Program Files/Epic Games/UE_4.27/FeaturePacks/TP_VirtualRealityBP.upack)
[2022.04.05-08.55.49:752][  0]LogPakFile: OnPakFileMounted2Time == 0.000021
[2022.04.05-08.55.49:791][  0]LogNativeClassHierarchy: Verbose: Native class hierarchy updated for 'AddContentDialog' in 0.0003 seconds. Added 0 classes and 0 folders.
[2022.04.05-08.55.49:838][  0]LogSlate: Took 0.000176 seconds to synchronously load lazily loaded font '../../../Engine/Content/Slate/Fonts/Roboto-Regular.ttf' (155K)
[2022.04.05-08.55.49:839][  0]LogSlate: Took 0.000277 seconds to synchronously load lazily loaded font '../../../Engine/Content/Editor/Slate/Fonts/FontAwesome.ttf' (139K)
[2022.04.05-08.55.49:841][  0]LogSlate: Took 0.000185 seconds to synchronously load lazily loaded font '../../../Engine/Content/Slate/Fonts/Roboto-Bold.ttf' (160K)
[2022.04.05-08.55.49:904][  0]LogRenderer: Reallocating scene render targets to support 804x380 Format 10 NumSamples 4 (Frame:1).
[2022.04.05-08.55.49:933][  0]LogSlate: Took 0.000328 seconds to synchronously load lazily loaded font '../../../Engine/Content/Slate/Fonts/Roboto-Light.ttf' (167K)
[2022.04.05-08.55.50:004][  0]LogNativeClassHierarchy: Verbose: Native class hierarchy updated for 'HierarchicalLODOutliner' in 0.0003 seconds. Added 0 classes and 0 folders.
[2022.04.05-08.55.50:004][  0]LogLoad: (Engine Initialization) Total time: 6.64 seconds
[2022.04.05-08.55.50:004][  0]LogLoad: (Engine Initialization) Total Blueprint compile time: 0.00 seconds
[2022.04.05-08.55.50:021][  0]LogOcInput: OculusInput is initialized
[2022.04.05-08.55.50:070][  0]LogAssetRegistry: Asset discovery search completed in 4.3217 seconds
[2022.04.05-08.55.50:075][  0]LogCollectionManager: Fixed up redirectors for 0 collections in 0.000002 seconds (updated 0 objects)
[2022.04.05-08.55.50:098][  0]LogResonanceAudio: Display: Resonance Audio Listener is initialized
[2022.04.05-08.55.50:099][  0]LogContentStreaming: Texture pool size now 1000 MB
[2022.04.05-08.55.50:133][  1]LogFileCache: Retrieving MD5 hashes for directory 'C:/Users/dmock/Unreal projects/P8/P8ToBeAnnounced/P8_VR_Home/Content/' took 0.11s
[2022.04.05-08.55.51:036][ 50]LogSlate: Took 0.000123 seconds to synchronously load lazily loaded font '../../../Engine/Content/Slate/Fonts/Roboto-Light.ttf' (167K)
[2022.04.05-08.55.55:699][322]LogTcpMessaging: Started Connection to '127.0.0.1:6666'
[2022.04.05-08.56.07:746][ 42]LogAssetEditorSubsystem: Opening Asset editor for Blueprint /Game/FirstPersonBP/MyStuff/GameManager.GameManager
[2022.04.05-08.56.07:890][ 42]LogEnum: Warning: Enum name collision: 'GrabType::NewEnumerator0' is in both '/Game/ScriptsBluePrints/VRTemplate/Blueprints/GrabType.GrabType' and '/Game/VRTemplate/Blueprints/GrabType.GrabType'
[2022.04.05-08.56.07:890][ 42]LogEnum: Warning: Enum name collision: 'GrabType::NewEnumerator4' is in both '/Game/ScriptsBluePrints/VRTemplate/Blueprints/GrabType.GrabType' and '/Game/VRTemplate/Blueprints/GrabType.GrabType'
[2022.04.05-08.56.07:890][ 42]LogEnum: Warning: Enum name collision: 'GrabType::NewEnumerator1' is in both '/Game/ScriptsBluePrints/VRTemplate/Blueprints/GrabType.GrabType' and '/Game/VRTemplate/Blueprints/GrabType.GrabType'
[2022.04.05-08.56.07:890][ 42]LogEnum: Warning: Enum name collision: 'GrabType::NewEnumerator3' is in both '/Game/ScriptsBluePrints/VRTemplate/Blueprints/GrabType.GrabType' and '/Game/VRTemplate/Blueprints/GrabType.GrabType'
[2022.04.05-08.56.07:890][ 42]LogEnum: Warning: Enum name collision: 'GrabType::GrabType_MAX' is in both '/Game/ScriptsBluePrints/VRTemplate/Blueprints/GrabType.GrabType' and '/Game/VRTemplate/Blueprints/GrabType.GrabType'
[2022.04.05-08.56.07:890][ 42]LogEnum: Warning: Enum name collision: 'GrabType::NewEnumerator0' is in both '/Game/ScriptsBluePrints/VRTemplate/Blueprints/GrabType.GrabType' and '/Game/VRTemplate/Blueprints/GrabType.GrabType'
[2022.04.05-08.56.07:890][ 42]LogEnum: Warning: Enum name collision: 'GrabType::NewEnumerator4' is in both '/Game/ScriptsBluePrints/VRTemplate/Blueprints/GrabType.GrabType' and '/Game/VRTemplate/Blueprints/GrabType.GrabType'
[2022.04.05-08.56.07:890][ 42]LogEnum: Warning: Enum name collision: 'GrabType::NewEnumerator1' is in both '/Game/ScriptsBluePrints/VRTemplate/Blueprints/GrabType.GrabType' and '/Game/VRTemplate/Blueprints/GrabType.GrabType'
[2022.04.05-08.56.07:890][ 42]LogEnum: Warning: Enum name collision: 'GrabType::NewEnumerator3' is in both '/Game/ScriptsBluePrints/VRTemplate/Blueprints/GrabType.GrabType' and '/Game/VRTemplate/Blueprints/GrabType.GrabType'
[2022.04.05-08.56.07:941][ 42]LogNativeClassHierarchy: Verbose: Native class hierarchy updated for 'BlueprintGraph' in 0.0009 seconds. Added 126 classes and 0 folders.
[2022.04.05-08.56.08:767][ 42]LogAssetEditorSubsystem: Opening Asset editor for Blueprint /Game/FirstPersonBP/MyStuff/InfoWidgetActor.InfoWidgetActor
[2022.04.05-08.56.09:102][ 42]LogAssetEditorSubsystem: Opening Asset editor for Blueprint /Game/FirstPersonBP/MyStuff/CompGrab.CompGrab
[2022.04.05-08.56.09:400][ 42]LogAssetEditorSubsystem: Opening Asset editor for WidgetBlueprint /Game/FirstPersonBP/MyStuff/InfoWidget.InfoWidget
[2022.04.05-08.56.09:727][ 42]LogAssetEditorSubsystem: Opening Asset editor for Blueprint /Game/ScriptsBluePrints/DoorsAndClosets2/Door.Door
[2022.04.05-08.56.10:035][ 42]LogAssetEditorSubsystem: Opening Asset editor for Blueprint /Game/FirstPersonBP/MyStuff/FlapComp.FlapComp
[2022.04.05-08.56.10:631][ 42]LogSlate: Took 0.000141 seconds to synchronously load lazily loaded font '../../../Engine/Content/Slate/Fonts/Roboto-BoldCondensed.ttf' (158K)
[2022.04.05-08.56.12:657][136]LogSlate: Took 0.000193 seconds to synchronously load lazily loaded font '../../../Engine/Content/Slate/Fonts/Roboto-Italic.ttf' (157K)
[2022.04.05-08.56.15:940][292]LogRenderer: Reallocating scene render targets to support 1400x664 Format 10 NumSamples 4 (Frame:1102).
[2022.04.05-08.56.18:674][402]LogSlate: Window 'CompGrab' being destroyed
[2022.04.05-08.56.21:704][551]LogSlate: Window 'FlapComp' being destroyed
[2022.04.05-08.56.31:518][112]LogTemp: Repeating last play command: VR Preview
[2022.04.05-08.56.31:527][112]LogPlayLevel: PlayLevel: No blueprints needed recompiling
[2022.04.05-08.56.31:527][112]PIE: New page: PIE session: VRTemplateMap (Apr 5, 2022, 12:56:31 PM)
[2022.04.05-08.56.31:530][112]LogOnline: OSS: Creating online subsystem instance for: NULL
[2022.04.05-08.56.31:531][112]LogOnline: OSS: TryLoadSubsystemAndSetDefault: Loaded subsystem for module [NULL]
[2022.04.05-08.56.31:531][112]LogPlayLevel: Creating play world package: /Game/VRTemplate/Maps/UEDPIE_0_VRTemplateMap
[2022.04.05-08.56.31:561][112]LogPlayLevel: PIE: StaticDuplicateObject took: (0.030525s)
[2022.04.05-08.56.31:564][112]LogAIModule: Creating AISystem for world VRTemplateMap
[2022.04.05-08.56.31:564][112]LogPlayLevel: PIE: World Init took: (0.002645s)
[2022.04.05-08.56.31:564][112]LogPlayLevel: PIE: Created PIE world by copying editor world from /Game/VRTemplate/Maps/VRTemplateMap.VRTemplateMap to /Game/VRTemplate/Maps/UEDPIE_0_VRTemplateMap.VRTemplateMap (0.033365s)
[2022.04.05-08.56.31:632][112]LogUObjectHash: Compacting FUObjectHashTables data took   4.42ms
[2022.04.05-08.56.31:633][112]LogAudio: Display: Creating Audio Device:                 Id: 2, Scope: Unique, Realtime: True
[2022.04.05-08.56.31:633][112]LogAudioMixer: Display: Audio Mixer Platform Settings:
[2022.04.05-08.56.31:633][112]LogAudioMixer: Display: 	Sample Rate:						  48000
[2022.04.05-08.56.31:633][112]LogAudioMixer: Display: 	Callback Buffer Frame Size Requested: 1024
[2022.04.05-08.56.31:633][112]LogAudioMixer: Display: 	Callback Buffer Frame Size To Use:	  1024
[2022.04.05-08.56.31:633][112]LogAudioMixer: Display: 	Number of buffers to queue:			  1
[2022.04.05-08.56.31:633][112]LogAudioMixer: Display: 	Max Channels (voices):				  0
[2022.04.05-08.56.31:633][112]LogAudioMixer: Display: 	Number of Async Source Workers:		  4
[2022.04.05-08.56.31:633][112]LogAudio: Display: AudioDevice MaxSources: 32
[2022.04.05-08.56.31:634][112]LogAudio: Display: Audio Spatialization Plugin: Resonance Audio is external send: 1
[2022.04.05-08.56.31:634][112]LogAudio: Display: Audio Reverb Plugin: Resonance Audio
[2022.04.05-08.56.31:634][112]LogAudio: Display: Audio Occlusion Plugin: None (built-in).
[2022.04.05-08.56.31:634][112]LogAudioMixer: Display: Initializing audio mixer.
[2022.04.05-08.56.31:636][112]LogAudioMixer: Display: 0: FrontLeft
[2022.04.05-08.56.31:636][112]LogAudioMixer: Display: 1: FrontRight
[2022.04.05-08.56.31:636][112]LogAudioMixer: Display: 0: FrontLeft
[2022.04.05-08.56.31:636][112]LogAudioMixer: Display: 1: FrontRight
[2022.04.05-08.56.31:636][112]LogAudioMixer: Display: 0: FrontLeft
[2022.04.05-08.56.31:636][112]LogAudioMixer: Display: 1: FrontRight
[2022.04.05-08.56.31:637][112]LogAudioMixer: Display: 0: FrontLeft
[2022.04.05-08.56.31:637][112]LogAudioMixer: Display: 1: FrontRight
[2022.04.05-08.56.31:642][112]LogAudioMixer: Display: Using Audio Device Headphones (Oculus Virtual Audio Device)
[2022.04.05-08.56.31:642][112]LogAudioMixer: Display: Initializing Sound Submixes...
[2022.04.05-08.56.31:642][112]LogAudioMixer: Display: Creating Master Submix 'MasterSubmixDefault'
[2022.04.05-08.56.31:642][112]LogAudioMixer: Display: Creating Master Submix 'MasterReverbSubmixDefault'
[2022.04.05-08.56.31:642][112]LogAudioMixer: Display: Creating Master Submix 'MasterEQSubmixDefault'
[2022.04.05-08.56.31:643][112]LogAudioMixer: FMixerPlatformXAudio2::StartAudioStream() called
[2022.04.05-08.56.31:643][112]LogAudioMixer: Display: Output buffers initialized: Frames=1024, Channels=2, Samples=2048
[2022.04.05-08.56.31:644][112]LogAudioMixer: Display: Starting AudioMixerPlatformInterface::RunInternal()
[2022.04.05-08.56.31:644][112]LogAudioMixer: Display: FMixerPlatformXAudio2::SubmitBuffer() called for the first time
[2022.04.05-08.56.31:644][112]LogInit: FAudioDevice initialized.
[2022.04.05-08.56.31:644][112]LogAudio: Display: Audio Device (ID: 2) registered with world 'VRTemplateMap'.
[2022.04.05-08.56.31:655][112]LogSlate: Updating window title bar state: overlay mode, drag disabled, window buttons hidden, title bar hidden
[2022.04.05-08.56.31:661][112]LogHMD: Allocating Oculus 3648 x 1840 rendertarget swapchain
[2022.04.05-08.56.31:696][112]LogLoad: Game class is 'VRGameMode_C'
[2022.04.05-08.56.31:705][112]LogWorld: Bringing World /Game/VRTemplate/Maps/UEDPIE_0_VRTemplateMap.VRTemplateMap up for play (max tick rate 0) at 2022.04.05-10.56.31
[2022.04.05-08.56.31:706][112]LogWorld: Bringing up level for play took: 0.008637
[2022.04.05-08.56.31:706][112]LogOnline: OSS: Creating online subsystem instance for: :Context_8
[2022.04.05-08.56.31:709][112]LogSpawn: Warning: SpawnActor failed because no class was specified
[2022.04.05-08.56.31:712][112]LogNativeClassHierarchy: Verbose: Native class hierarchy updated for 'MovieSceneCapture' in 0.0004 seconds. Added 20 classes and 0 folders.
[2022.04.05-08.56.31:719][112]LogSlate: New Slate User Created.  User Index 8, Is Virtual User: 1
[2022.04.05-08.56.31:719][112]LogSlate: Slate User Registered.  User Index 8, Is Virtual User: 1
[2022.04.05-08.56.31:722][112]LogBlueprintUserMessages: [FlapComp] FLAP!
[2022.04.05-08.56.31:725][112]PIE: Server logged in
[2022.04.05-08.56.31:726][112]PIE: Play in editor total start time 0.201 seconds.
[2022.04.05-08.56.31:728][112]LogEngine: Changing dynamic resolution state.
[2022.04.05-08.56.31:737][112]LogResonanceAudio: Display: Resonance Audio Listener is initialized
[2022.04.05-08.56.31:755][112]LogRenderer: Warning: Resizing VR buffer to 3648 by 1840
[2022.04.05-08.56.31:755][112]LogRenderer: Reallocating scene render targets to support 3648x1840 Format 10 NumSamples 4 (Frame:1).
[2022.04.05-08.56.31:755][112]LogHMD: Allocating Oculus 3648 x 1840 depth rendertarget swapchain
[2022.04.05-08.56.32:112][114]LogProfilingDebugging: Allocated a 1024 x 1024 texture for HMD canvas layer
[2022.04.05-08.57.22:567][484]LogSlate: Updating window title bar state: overlay mode, drag disabled, window buttons hidden, title bar hidden
[2022.04.05-08.57.22:567][484]LogWorld: BeginTearingDown for /Game/VRTemplate/Maps/UEDPIE_0_VRTemplateMap
[2022.04.05-08.57.22:599][484]LogSlate: Window 'P8_VR_Home Preview [NetMode: Standalone]  (64-bit/Windows) OculusHMD' being destroyed
[2022.04.05-08.57.22:630][484]LogWorld: UWorld::CleanupWorld for VRTemplateMap, bSessionEnded=true, bCleanupResources=true
[2022.04.05-08.57.22:633][484]LogSlate: InvalidateAllWidgets triggered.  All widgets were invalidated
[2022.04.05-08.57.22:645][484]LogPlayLevel: Display: Shutting down PIE online subsystems
[2022.04.05-08.57.22:654][484]LogSlate: InvalidateAllWidgets triggered.  All widgets were invalidated
[2022.04.05-08.57.22:696][484]LogAudio: Display: Audio Device unregistered from world 'None'.
[2022.04.05-08.57.22:699][484]LogResonanceAudio: Display: Resonance Audio Listener is shutdown
[2022.04.05-08.57.22:699][484]LogAudioMixer: FMixerPlatformXAudio2::StopAudioStream() called
[2022.04.05-08.57.22:700][484]LogAudioMixer: FMixerPlatformXAudio2::StopAudioStream() called
[2022.04.05-08.57.22:753][484]LogSlate: Slate User Unregistered.  User Index 8
[2022.04.05-08.57.22:753][484]LogSlate: Slate User Destroyed.  User Index 8, Is Virtual User: 1
[2022.04.05-08.57.22:765][484]LogUObjectHash: Compacting FUObjectHashTables data took   4.35ms
[2022.04.05-08.57.22:781][485]LogPlayLevel: Display: Destroying online subsystem :Context_8
[2022.04.05-08.57.22:792][485]LogEngine: Changing dynamic resolution state.
[2022.04.05-08.57.28:405][600]MapCheck: New page: Map Check
[2022.04.05-08.57.28:466][600]Cmd: MAP REBUILD ALLVISIBLE
[2022.04.05-08.57.28:466][600]LogEditorServer: Rebuildmap Clear paths rebuilt
[2022.04.05-08.57.28:470][600]LogWorld: UWorld::CleanupWorld for VRTemplateMap, bSessionEnded=true, bCleanupResources=false
[2022.04.05-08.57.28:542][600]LogNavigationDataBuild: Display: UNavigationSystemV1::Build started...
[2022.04.05-08.57.28:542][600]LogNavigationDataBuild: Display:    Building navigation data using PHYSICS_INTERFACE_PHYSX.
[2022.04.05-08.57.28:542][600]LogNavigationDataBuild: Display:    Building navigation data using WITH_PHYSX.
[2022.04.05-08.57.28:543][600]LogNavigationDataBuild: Display:    Building NavData:  Name Default class /Script/NavigationSystem.RecastNavMesh agent radius 35.0.
[2022.04.05-08.57.28:543][600]LogNavigation: Warning: Recreating dtNavMesh instance due to saved navmesh origin (X=-1708.795 Y=-0.000 Z=10.000, usually the RecastNavMesh location) not being aligned with tile size (1000 uu) 
[2022.04.05-08.57.28:628][600]LogNavigationDataBuild: Display: UNavigationSystemV1::Build total execution time: 0.09s
[2022.04.05-08.57.28:697][600]LogUObjectHash: Compacting FUObjectHashTables data took   3.60ms
[2022.04.05-08.57.28:711][600]LogLevel: Display: Export Material TexCoord Scales took 0.013 seconds.
[2022.04.05-08.57.28:715][600]TextureStreamingBuild: Display: Build Texture Streaming took 0.005 seconds.
[2022.04.05-08.57.28:746][600]LogUObjectHash: Compacting FUObjectHashTables data took   0.68ms
[2022.04.05-08.57.28:764][600]LightingResults: New page: Lighting Build - Apr 5, 2022, 12:57:28 PM
[2022.04.05-08.57.28:880][600]LogSwarmInterface: [OpenConnection] Registering TCP channel ...
[2022.04.05-08.57.28:922][600]LogSwarmInterface: [OpenConnection] Connecting to agent ...
[2022.04.05-08.57.28:934][600]LogSwarmInterface: [TryOpenConnection] Testing the Agent
[2022.04.05-08.57.29:459][600]LogSwarmInterface: [TryOpenConnection] Opening Connection to Agent
[2022.04.05-08.57.29:459][600]LogSwarmInterface: [TryOpenConnection] Local Process ID is 1492
[2022.04.05-08.57.36:295][600]LogStaticLightingSystem: Running Lightmass w/ ImmediateImport mode ENABLED
[2022.04.05-08.57.36:295][600]LogStaticLightingSystem: Running Lightmass w/ ImmediateProcess mode ENABLED
[2022.04.05-08.57.36:295][600]LogStaticLightingSystem: Running Lightmass w/ Sorting mode ENABLED
[2022.04.05-08.57.36:295][600]LogStaticLightingSystem: Running Lightmass w/ Mapping paddings ENABLED
[2022.04.05-08.57.36:295][600]LogStaticLightingSystem: Running Lightmass w/ Mapping debug paddings DISABLED
[2022.04.05-08.57.36:645][600]Cmd: MAP CHECK DONTDISPLAYDIALOG
[2022.04.05-08.57.36:645][600]MapCheck: New page: VRTemplateMap - Apr 5, 2022, 12:57:36 PM
[2022.04.05-08.57.36:645][600]MapCheck: Error: WorldSettings_1 Maps need lighting rebuilt 
[2022.04.05-08.57.36:646][600]MapCheck: Map check complete: 1 Error(s), 0 Warning(s), took 1.7ms to complete.
[2022.04.05-08.57.36:648][600]LogEditorBuildUtils: Build time 0:08
[2022.04.05-08.57.37:032][600]LogSlate: Took 0.000070 seconds to synchronously load lazily loaded font '../../../Engine/Content/Slate/Fonts/DroidSansMono.ttf' (77K)
[2022.04.05-08.57.37:082][601]LogMaterial: Display: Missing cached shadermap for FLightmassMaterialRenderer 0012_Biscuit_001 in PCD3D_SM5, Default, SM5 (DDC key hash: DACE48AE7032D04B3ADF1000989FA21A9049576E), compiling. 
[2022.04.05-08.57.37:090][601]LogShaderCompilers: Display: Submitted 2 shader compile jobs with 'Low' priority
[2022.04.05-08.57.37:091][601]LogMaterial: Display: Missing cached shadermap for FLightmassMaterialRenderer 0012_Biscuit_001 in PCD3D_SM5, Default, SM5 (DDC key hash: 23BEA1F53272D162D847E5A5D0F4A8DABD0043DA), compiling. 
[2022.04.05-08.57.37:094][601]LogShaderCompilers: Display: Submitted 2 shader compile jobs with 'Low' priority
[2022.04.05-08.57.37:140][601]LogShaderCompilers: Display: Worker (1/13): shaders left to compile 4
[2022.04.05-08.57.37:140][601]LogShaderCompilers: Display: Worker (2/13): shaders left to compile 3
[2022.04.05-08.57.37:140][601]LogShaderCompilers: Display: Worker (3/13): shaders left to compile 2
[2022.04.05-08.57.37:140][601]LogShaderCompilers: Display: Worker (4/13): shaders left to compile 1
[2022.04.05-08.57.37:140][601]LogShaderCompilers: Display: Started 4 'Local' shader compile jobs with 'Low' priority
[2022.04.05-08.57.37:167][602]LogMaterial: Display: Missing cached shadermap for FLightmassMaterialRenderer CarPaint_Matte_Black1_001 in PCD3D_SM5, Default, SM5 (DDC key hash: BA6EF9BAD1AF7AE6760E6658C012201F6D4CDA15), compiling. 
[2022.04.05-08.57.37:171][602]LogShaderCompilers: Display: Submitted 2 shader compile jobs with 'Low' priority
[2022.04.05-08.57.37:173][602]LogShaderCompilers: Display: Worker (5/13): shaders left to compile 2
[2022.04.05-08.57.37:173][602]LogShaderCompilers: Display: Worker (6/13): shaders left to compile 1
[2022.04.05-08.57.37:173][602]LogShaderCompilers: Display: Started 2 'Local' shader compile jobs with 'Low' priority
[2022.04.05-08.57.37:173][602]LogMaterial: Display: Missing cached shadermap for FLightmassMaterialRenderer CarPaint_Matte_Black1_001 in PCD3D_SM5, Default, SM5 (DDC key hash: A3DFF85E16A49D8AAC01006F789C64B26B5E8784), compiling. 
[2022.04.05-08.57.37:176][602]LogShaderCompilers: Display: Submitted 2 shader compile jobs with 'Low' priority
[2022.04.05-08.57.37:201][602]LogShaderCompilers: Display: Worker (7/13): shaders left to compile 2
[2022.04.05-08.57.37:201][602]LogShaderCompilers: Display: Worker (8/13): shaders left to compile 1
[2022.04.05-08.57.37:201][602]LogShaderCompilers: Display: Started 2 'Local' shader compile jobs with 'Low' priority
[2022.04.05-08.57.37:245][604]LogMaterial: Display: Missing cached shadermap for FLightmassMaterialRenderer Color_M00_001 in PCD3D_SM5, Default, SM5 (DDC key hash: 50E718A952657113694EE1E284DE985C098A06E1), compiling. 
[2022.04.05-08.57.37:250][604]LogShaderCompilers: Display: Submitted 2 shader compile jobs with 'Low' priority
[2022.04.05-08.57.37:251][604]LogShaderCompilers: Display: Worker (9/13): shaders left to compile 2
[2022.04.05-08.57.37:251][604]LogShaderCompilers: Display: Worker (10/13): shaders left to compile 1
[2022.04.05-08.57.37:251][604]LogShaderCompilers: Display: Started 2 'Local' shader compile jobs with 'Low' priority
[2022.04.05-08.57.37:251][604]LogMaterial: Display: Missing cached shadermap for FLightmassMaterialRenderer Color_M00_001 in PCD3D_SM5, Default, SM5 (DDC key hash: 79C1E7C1FA55D5093AC0F0F8B5B164FFE34C255E), compiling. 
[2022.04.05-08.57.37:256][604]LogShaderCompilers: Display: Submitted 2 shader compile jobs with 'Low' priority
[2022.04.05-08.57.37:266][605]LogShaderCompilers: Display: Worker (11/13): shaders left to compile 2
[2022.04.05-08.57.37:266][605]LogShaderCompilers: Display: Worker (12/13): shaders left to compile 1
[2022.04.05-08.57.37:266][605]LogShaderCompilers: Display: Started 2 'Local' shader compile jobs with 'Low' priority
[2022.04.05-08.57.37:272][605]LogMaterial: Display: Missing cached shadermap for FLightmassMaterialRenderer su_001 in PCD3D_SM5, Default, SM5 (DDC key hash: EA2EFC6A4F89D6084240CEEAF04E1D6E6EEF212F), compiling. 
[2022.04.05-08.57.37:277][605]LogShaderCompilers: Display: Submitted 2 shader compile jobs with 'Low' priority
[2022.04.05-08.57.37:279][605]LogMaterial: Display: Missing cached shadermap for FLightmassMaterialRenderer su_001 in PCD3D_SM5, Default, SM5 (DDC key hash: 664233B233DE8D04CD84DDDDE0394CA33064C05A), compiling. 
[2022.04.05-08.57.37:283][605]LogShaderCompilers: Display: Submitted 2 shader compile jobs with 'Low' priority
[2022.04.05-08.57.37:305][606]LogMaterial: Display: Missing cached shadermap for FLightmassMaterialRenderer inox1_001 in PCD3D_SM5, Default, SM5 (DDC key hash: 013C23276024B3B8C68296A2D7DA60783AAF4BCD), compiling. 
[2022.04.05-08.57.37:309][606]LogShaderCompilers: Display: Submitted 2 shader compile jobs with 'Low' priority
[2022.04.05-08.57.37:311][606]LogMaterial: Display: Missing cached shadermap for FLightmassMaterialRenderer inox1_001 in PCD3D_SM5, Default, SM5 (DDC key hash: 0A052D52226CE5D3A224B915877C1C3AC937DCDB), compiling. 
[2022.04.05-08.57.37:316][606]LogShaderCompilers: Display: Submitted 2 shader compile jobs with 'Low' priority
[2022.04.05-08.57.37:340][607]LogMaterial: Display: Missing cached shadermap for FLightmassMaterialRenderer Veneer_C02_120cm_001 in PCD3D_SM5, Default, SM5 (DDC key hash: EFED1CCA784A8D769968AF59A1C238B13C51CD89), compiling. 
[2022.04.05-08.57.37:346][607]LogShaderCompilers: Display: Submitted 2 shader compile jobs with 'Low' priority
[2022.04.05-08.57.37:348][607]LogMaterial: Display: Missing cached shadermap for FLightmassMaterialRenderer Veneer_C02_120cm_001 in PCD3D_SM5, Default, SM5 (DDC key hash: F6B8BD866BAB38957F1FFA4F6A5853247D964164), compiling. 
[2022.04.05-08.57.37:354][607]LogShaderCompilers: Display: Submitted 2 shader compile jobs with 'Low' priority
[2022.04.05-08.57.39:524][609]LogShaderCompilers: Display: Worker (3/13): shaders left to compile 12
[2022.04.05-08.57.39:524][609]LogShaderCompilers: Display: Started 2 'Local' shader compile jobs with 'Low' priority
[2022.04.05-08.57.39:524][609]LogShaderCompilers: Display: Worker (4/13): shaders left to compile 10
[2022.04.05-08.57.39:524][609]LogShaderCompilers: Display: Started 1 'Local' shader compile jobs with 'Low' priority
[2022.04.05-08.57.39:524][609]LogShaderCompilers: Display: Worker (1/13): shaders left to compile 9
[2022.04.05-08.57.39:524][609]LogShaderCompilers: Display: Started 1 'Local' shader compile jobs with 'Low' priority
[2022.04.05-08.57.39:524][609]LogShaderCompilers: Display: Worker (6/13): shaders left to compile 8
[2022.04.05-08.57.39:524][609]LogShaderCompilers: Display: Started 1 'Local' shader compile jobs with 'Low' priority
[2022.04.05-08.57.39:524][609]LogShaderCompilers: Display: Worker (2/13): shaders left to compile 7
[2022.04.05-08.57.39:524][609]LogShaderCompilers: Display: Started 1 'Local' shader compile jobs with 'Low' priority
[2022.04.05-08.57.39:524][609]LogShaderCompilers: Display: Worker (7/13): shaders left to compile 6
[2022.04.05-08.57.39:524][609]LogShaderCompilers: Display: Worker (8/13): shaders left to compile 5
[2022.04.05-08.57.39:524][609]LogShaderCompilers: Display: Started 2 'Local' shader compile jobs with 'Low' priority
[2022.04.05-08.57.39:524][609]LogShaderCompilers: Display: Worker (5/13): shaders left to compile 4
[2022.04.05-08.57.39:524][609]LogShaderCompilers: Display: Started 1 'Local' shader compile jobs with 'Low' priority
[2022.04.05-08.57.39:524][609]LogShaderCompilers: Display: Worker (10/13): shaders left to compile 3
[2022.04.05-08.57.39:524][609]LogShaderCompilers: Display: Started 1 'Local' shader compile jobs with 'Low' priority
[2022.04.05-08.57.39:524][609]LogShaderCompilers: Display: Worker (12/13): shaders left to compile 2
[2022.04.05-08.57.39:524][609]LogShaderCompilers: Display: Started 1 'Local' shader compile jobs with 'Low' priority
[2022.04.05-08.57.39:524][609]LogShaderCompilers: Display: Worker (11/13): shaders left to compile 1
[2022.04.05-08.57.39:524][609]LogShaderCompilers: Display: Started 1 'Local' shader compile jobs with 'Low' priority
[2022.04.05-08.57.39:969][619]LogUObjectHash: Compacting FUObjectHashTables data took   3.79ms
[2022.04.05-08.57.42:091][664]LightingResults: Warning: Component_56_001 Object has overlapping UVs.
[2022.04.05-08.57.42:091][664]LightingResults: Component_56_001 Lightmap UV are overlapping by 20.9%. Please adjust content - Enable Error Coloring to visualize.
[2022.04.05-08.57.42:427][674]LightingResults: Warning: Group_741_001 Object has overlapping UVs.
[2022.04.05-08.57.42:427][674]LightingResults: Group_741_001 Lightmap UV are overlapping by 2.6%. Please adjust content - Enable Error Coloring to visualize.
[2022.04.05-08.57.42:427][674]LightingResults: Warning: Group_847_001 Object has overlapping UVs.
[2022.04.05-08.57.42:427][674]LightingResults: Group_847_001 Lightmap UV are overlapping by 30.5%. Please adjust content - Enable Error Coloring to visualize.
[2022.04.05-08.57.42:767][685]LogSlate: Window 'Message Log' being destroyed
[2022.04.05-08.57.42:795][685]LogSlate: Window 'Message Log' being destroyed
[2022.04.05-08.57.42:806][685]LightingResults: Warning: Group_742_001 Object has overlapping UVs.
[2022.04.05-08.57.42:806][685]LightingResults: Group_742_001 Lightmap UV are overlapping by 9.6%. Please adjust content - Enable Error Coloring to visualize.
[2022.04.05-08.57.42:837][687]LightingResults: Warning: Group_768_001 Object has overlapping UVs.
[2022.04.05-08.57.42:837][687]LightingResults: Group_768_001 Lightmap UV are overlapping by 35.7%. Please adjust content - Enable Error Coloring to visualize.
[2022.04.05-08.57.42:905][691]LightingResults: Warning: Group_131_001 Object has overlapping UVs.
[2022.04.05-08.57.42:927][692]LightingResults: Group_131_001 Lightmap UV are overlapping by 55.9%. Please adjust content - Enable Error Coloring to visualize.
[2022.04.05-08.57.42:983][695]LightingResults: Warning: Group_131_001 Object has overlapping UVs.
[2022.04.05-08.57.42:994][696]LightingResults: Group_131_001 Lightmap UV are overlapping by 55.9%. Please adjust content - Enable Error Coloring to visualize.
[2022.04.05-08.57.43:101][701]LightingResults: Warning: Group_697_001 Object has overlapping UVs.
[2022.04.05-08.57.43:101][701]LightingResults: Group_697_001 Lightmap UV are overlapping by 93.3%. Please adjust content - Enable Error Coloring to visualize.
[2022.04.05-08.57.43:460][722]LightingResults: Warning: Group_133_001 Object has overlapping UVs.
[2022.04.05-08.57.43:460][722]LightingResults: Group_133_001 Lightmap UV are overlapping by 72.8%. Please adjust content - Enable Error Coloring to visualize.
[2022.04.05-08.57.43:565][728]LightingResults: Warning: Group_590_001 Object has overlapping UVs.
[2022.04.05-08.57.43:565][728]LightingResults: Group_590_001 Lightmap UV are overlapping by 59.0%. Please adjust content - Enable Error Coloring to visualize.
[2022.04.05-08.57.43:776][741]LightingResults: Warning: Group_598_2_001 Object has overlapping UVs.
[2022.04.05-08.57.43:776][741]LightingResults: Group_598_2_001 Lightmap UV are overlapping by 86.5%. Please adjust content - Enable Error Coloring to visualize.
[2022.04.05-08.57.43:798][742]LightingResults: Warning: Group_131_001 Object has overlapping UVs.
[2022.04.05-08.57.43:798][742]LightingResults: Group_131_001 Lightmap UV are overlapping by 55.9%. Please adjust content - Enable Error Coloring to visualize.
[2022.04.05-08.57.44:998][803]LightingResults: Warning: Group_629_001 Object has overlapping UVs.
[2022.04.05-08.57.44:998][803]LightingResults: Group_629_001 Lightmap UV are overlapping by 18.0%. Please adjust content - Enable Error Coloring to visualize.
[2022.04.05-08.57.45:051][805]LightingResults: Warning: Group_660_001 Object has overlapping UVs.
[2022.04.05-08.57.45:051][805]LightingResults: Group_660_001 Lightmap UV are overlapping by 27.7%. Please adjust content - Enable Error Coloring to visualize.
[2022.04.05-08.57.45:095][807]LightingResults: Warning: Group_764_001 Object has overlapping UVs.
[2022.04.05-08.57.45:095][807]LightingResults: Group_764_001 Lightmap UV are overlapping by 53.0%. Please adjust content - Enable Error Coloring to visualize.
[2022.04.05-08.57.45:126][809]Job is a success!
[2022.04.05-08.57.45:376][810]LogVolumetricLightmapImport: Imported Volumetric Lightmap in 0.009s
[2022.04.05-08.57.45:376][810]LogVolumetricLightmapImport:      Indirection Texture 16x16x16 = 0.0Mb
[2022.04.05-08.57.45:376][810]LogVolumetricLightmapImport:      BrickData (all levels) 0.0Mb
[2022.04.05-08.57.45:376][810]LogVolumetricLightmapImport:      Bricks at depth
[2022.04.05-08.57.45:376][810]LogVolumetricLightmapImport:          0: 12.5% covering 100.0% of volume
[2022.04.05-08.57.45:376][810]LogVolumetricLightmapImport:          1: 12.5% covering 1.6% of volume
[2022.04.05-08.57.45:376][810]LogVolumetricLightmapImport:          2: 75.0% covering 0.1% of volume
[2022.04.05-08.57.45:376][810]LogVolumetricLightmapImport:      Bricks in each level
[2022.04.05-08.57.45:376][810]LogVolumetricLightmapImport:          VRTemplateMap 			 8 bricks 	 100.0% (Persistent Level)
[2022.04.05-08.57.45:747][810]LogTexture: Display: Building textures: HQ_Lightmap1_1 (OODLE_AutoDXT, 1024X1024)
[2022.04.05-08.57.45:747][810]LogTexture: Display: Building textures: LQ_Lightmap_1_1 (OODLE_DXT1, 1024X1024)
[2022.04.05-08.57.45:747][810]LogTextureFormatOodle: Display: non-RDO encode 1024 x 1024 x 1 to format OODLE_AutoDXT (Oodle OodleTex_BC3) lambda=0 effort=20 
[2022.04.05-08.57.45:747][810]LogTexture: Display: Building textures: HQ_Lightmap1_2 (OODLE_AutoDXT, 1024X1024)
[2022.04.05-08.57.45:747][810]LogTexture: Display: Building textures: HQ_Lightmap1_3 (OODLE_AutoDXT, 1024X1024)
[2022.04.05-08.57.45:747][810]LogTexture: Display: Building textures: LQ_Lightmap_1_2 (OODLE_DXT1, 1024X1024)
[2022.04.05-08.57.45:747][810]LogTextureFormatOodle: Display: non-RDO encode 1024 x 1024 x 1 to format OODLE_DXT1 (Oodle OodleTex_BC1_WithTransparency) lambda=0 effort=20 
[2022.04.05-08.57.45:747][810]LogTexture: Display: Building textures: LQ_Lightmap_1_3 (OODLE_DXT1, 1024X1024)
[2022.04.05-08.57.45:747][810]LogTextureFormatOodle: Display: non-RDO encode 1024 x 1024 x 1 to format OODLE_AutoDXT (Oodle OodleTex_BC3) lambda=0 effort=20 
[2022.04.05-08.57.45:747][810]LogTexture: Display: Building textures: HQ_Lightmap0_6 (OODLE_AutoDXT, 64X64)
[2022.04.05-08.57.45:747][810]LogTexture: Display: Building textures: LQ_Lightmap_0_6 (OODLE_DXT1, 64X64)
[2022.04.05-08.57.45:747][810]LogTexture: Display: Building textures: LQ_Lightmap_1_5 (OODLE_DXT1, 512X512)
[2022.04.05-08.57.45:747][810]LogTexture: Display: Building textures: HQ_Lightmap1_4 (OODLE_AutoDXT, 1024X1024)
[2022.04.05-08.57.45:747][810]LogTexture: Display: Building textures: HQ_Lightmap1_5 (OODLE_AutoDXT, 512X512)
[2022.04.05-08.57.45:747][810]LogTexture: Display: Building textures: LQ_Lightmap_1_4 (OODLE_DXT1, 1024X1024)
[2022.04.05-08.57.45:747][810]LogTextureFormatOodle: Display: non-RDO encode 1024 x 1024 x 1 to format OODLE_AutoDXT (Oodle OodleTex_BC3) lambda=0 effort=20 
[2022.04.05-08.57.45:747][810]LogTextureFormatOodle: Display: non-RDO encode 1024 x 1024 x 1 to format OODLE_DXT1 (Oodle OodleTex_BC1_WithTransparency) lambda=0 effort=20 
[2022.04.05-08.57.45:747][810]LogTextureFormatOodle: Display: non-RDO encode 1024 x 1024 x 1 to format OODLE_AutoDXT (Oodle OodleTex_BC3) lambda=0 effort=20 
[2022.04.05-08.57.45:747][810]LogTextureFormatOodle: Display: non-RDO encode 1024 x 1024 x 1 to format OODLE_DXT1 (Oodle OodleTex_BC1_WithTransparency) lambda=0 effort=20 
[2022.04.05-08.57.45:747][810]LogTextureFormatOodle: Display: non-RDO encode 1024 x 1024 x 1 to format OODLE_DXT1 (Oodle OodleTex_BC1_WithTransparency) lambda=0 effort=20 
[2022.04.05-08.57.45:962][810]LogTexture: Display: Building textures: ShadowMapTexture2D_3 (G8, 32X32)
[2022.04.05-08.57.45:963][810]LogTexture: Display: Building textures: ShadowMapTexture2D_2 (BGRA8, 1024X1024)
[2022.04.05-08.57.45:963][810]Lightmass on DAVID: 5.22 sec total, 572 ms importing, 79 ms setup, 608 ms photons, 3.92 sec processing, 0 ms extra exporting [469/469 mappings]. Threads: 58.8 sec total, 26.4 sec processing.
[2022.04.05-08.57.45:990][810]LogStaticLightingSystem: VRTemplateMap_BuiltData storing lightmap data for 469 meshes in 10 LightmapResourceClusters (46.9 Meshes per cluster).
[2022.04.05-08.57.46:046][810]LogUObjectHash: Compacting FUObjectHashTables data took   3.18ms
[2022.04.05-08.57.46:107][810]LogStaticLightingSystem: Illumination: 17.2 sec (247 ms encoding lightmaps, 149 ms encoding shadowmaps)
[2022.04.05-08.57.46:107][810]LogStaticLightingSystem: Lightmap texture memory:  8.5 MB (8.5 MB streaming, 0.0 MB non-streaming), 12 textures
[2022.04.05-08.57.46:107][810]LogStaticLightingSystem: Shadowmap texture memory: 5.3 MB (5.3 MB streaming, 0.0 MB non-streaming), 2 textures
[2022.04.05-08.57.51:285][810]DumpUnbuiltLightIteractions
[2022.04.05-08.57.51:285][810]Lights with unbuilt interactions: 0
[2022.04.05-08.57.51:285][810]
[2022.04.05-08.57.51:285][810]Primitives with unbuilt interactions: 0
[2022.04.05-08.57.51:338][811]Cmd: MAP CHECK NOTIFYRESULTS
[2022.04.05-08.57.51:338][811]MapCheck: New page: VRTemplateMap - Apr 5, 2022, 12:57:51 PM
[2022.04.05-08.57.51:340][811]MapCheck: Map check complete: 0 Error(s), 0 Warning(s), took 1.94ms to complete.
[2022.04.05-08.57.52:619][887]LogSlate: Window 'Message Log' being destroyed
[2022.04.05-08.57.52:622][887]LogSlate: Window 'Message Log' being destroyed
[2022.04.05-08.58.03:539][536]Cmd: CAMERA ALIGN ACTIVEVIEWPORTONLY
[2022.04.05-08.58.03:539][536]Can't find target actor or component.
[2022.04.05-08.58.07:798][790]Cmd: CAMERA ALIGN ACTIVEVIEWPORTONLY
[2022.04.05-08.58.17:890][390]Cmd: CAMERA ALIGN ACTIVEVIEWPORTONLY
[2022.04.05-08.58.20:875][569]LogEditorViewport: Clicking on Actor (double click): StaticMeshActor (frame)
[2022.04.05-08.58.25:765][859]Cmd: CAMERA ALIGN ACTIVEVIEWPORTONLY
[2022.04.05-08.58.35:920][463]Cmd: CAMERA ALIGN ACTIVEVIEWPORTONLY
[2022.04.05-08.59.03:299][104]LogEditorViewport: Clicking on Actor (LMB): StaticMeshActor (Group43_2)
[2022.04.05-08.59.07:325][342]LogEditorViewport: Clicking on Actor (LMB): StaticMeshActor (TemplateFloor)
[2022.04.05-08.59.12:031][620]LogEditorViewport: Clicking on Actor (LMB): BP_Sky_Sphere_C (SkySpherePC2)
[2022.04.05-08.59.44:993][459]Cmd: ACTOR SELECT ALL DESCENDANTS
[2022.04.05-09.00.02:200][429]Cmd: TRANSACTION UNDO
[2022.04.05-09.00.02:200][429]LogEditorTransaction: Undo Move Actors
[2022.04.05-09.00.10:358][835]Cmd: TRANSACTION UNDO
[2022.04.05-09.00.10:358][835]LogEditorTransaction: Undo Move Actors
[2022.04.05-09.00.30:481][863]Cmd: ACTOR SELECT ALL DESCENDANTS
[2022.04.05-09.00.52:993][870]LogTemp: Repeating last play command: VR Preview
[2022.04.05-09.00.53:001][870]LogPlayLevel: PlayLevel: No blueprints needed recompiling
[2022.04.05-09.00.53:001][870]LogHMD: Initializing OVRPlugin session
[2022.04.05-09.00.53:169][870]LogHMD: Allocating Oculus 3200 x 1600 rendertarget swapchain
[2022.04.05-09.00.53:171][870]PIE: New page: PIE session: VRTemplateMap (Apr 5, 2022, 1:00:53 PM)
[2022.04.05-09.00.53:171][870]LogPlayLevel: Creating play world package: /Game/VRTemplate/Maps/UEDPIE_0_VRTemplateMap
[2022.04.05-09.00.53:204][870]LogPlayLevel: PIE: StaticDuplicateObject took: (0.033715s)
[2022.04.05-09.00.53:205][870]LogAIModule: Creating AISystem for world VRTemplateMap
[2022.04.05-09.00.53:206][870]LogPlayLevel: PIE: World Init took: (0.001734s)
[2022.04.05-09.00.53:206][870]LogPlayLevel: PIE: Created PIE world by copying editor world from /Game/VRTemplate/Maps/VRTemplateMap.VRTemplateMap to /Game/VRTemplate/Maps/UEDPIE_0_VRTemplateMap.VRTemplateMap (0.035698s)
[2022.04.05-09.00.53:248][870]LogUObjectHash: Compacting FUObjectHashTables data took   4.62ms
[2022.04.05-09.00.53:251][870]LogAudio: Display: Creating Audio Device:                 Id: 3, Scope: Unique, Realtime: True
[2022.04.05-09.00.53:251][870]LogAudioMixer: Display: Audio Mixer Platform Settings:
[2022.04.05-09.00.53:251][870]LogAudioMixer: Display: 	Sample Rate:						  48000
[2022.04.05-09.00.53:251][870]LogAudioMixer: Display: 	Callback Buffer Frame Size Requested: 1024
[2022.04.05-09.00.53:251][870]LogAudioMixer: Display: 	Callback Buffer Frame Size To Use:	  1024
[2022.04.05-09.00.53:251][870]LogAudioMixer: Display: 	Number of buffers to queue:			  1
[2022.04.05-09.00.53:251][870]LogAudioMixer: Display: 	Max Channels (voices):				  0
[2022.04.05-09.00.53:251][870]LogAudioMixer: Display: 	Number of Async Source Workers:		  4
[2022.04.05-09.00.53:251][870]LogAudio: Display: AudioDevice MaxSources: 32
[2022.04.05-09.00.53:251][870]LogAudio: Display: Audio Spatialization Plugin: Resonance Audio is external send: 1
[2022.04.05-09.00.53:251][870]LogAudio: Display: Audio Reverb Plugin: Resonance Audio
[2022.04.05-09.00.53:251][870]LogAudio: Display: Audio Occlusion Plugin: None (built-in).
[2022.04.05-09.00.53:251][870]LogAudioMixer: Display: Initializing audio mixer.
[2022.04.05-09.00.53:252][870]LogAudioMixer: Display: 0: FrontLeft
[2022.04.05-09.00.53:252][870]LogAudioMixer: Display: 1: FrontRight
[2022.04.05-09.00.53:253][870]LogAudioMixer: Display: 0: FrontLeft
[2022.04.05-09.00.53:253][870]LogAudioMixer: Display: 1: FrontRight
[2022.04.05-09.00.53:253][870]LogAudioMixer: Display: 0: FrontLeft
[2022.04.05-09.00.53:253][870]LogAudioMixer: Display: 1: FrontRight
[2022.04.05-09.00.53:254][870]LogAudioMixer: Display: 0: FrontLeft
[2022.04.05-09.00.53:254][870]LogAudioMixer: Display: 1: FrontRight
[2022.04.05-09.00.53:259][870]LogAudioMixer: Display: Using Audio Device Headphones (Oculus Virtual Audio Device)
[2022.04.05-09.00.53:260][870]LogAudioMixer: Display: Initializing Sound Submixes...
[2022.04.05-09.00.53:260][870]LogAudioMixer: Display: Creating Master Submix 'MasterSubmixDefault'
[2022.04.05-09.00.53:260][870]LogAudioMixer: Display: Creating Master Submix 'MasterReverbSubmixDefault'
[2022.04.05-09.00.53:260][870]LogAudioMixer: Display: Creating Master Submix 'MasterEQSubmixDefault'
[2022.04.05-09.00.53:260][870]LogAudioMixer: FMixerPlatformXAudio2::StartAudioStream() called
[2022.04.05-09.00.53:260][870]LogAudioMixer: Display: Output buffers initialized: Frames=1024, Channels=2, Samples=2048
[2022.04.05-09.00.53:262][870]LogAudioMixer: Display: Starting AudioMixerPlatformInterface::RunInternal()
[2022.04.05-09.00.53:262][870]LogAudioMixer: Display: FMixerPlatformXAudio2::SubmitBuffer() called for the first time
[2022.04.05-09.00.53:262][870]LogInit: FAudioDevice initialized.
[2022.04.05-09.00.53:262][870]LogAudio: Display: Audio Device (ID: 3) registered with world 'VRTemplateMap'.
[2022.04.05-09.00.53:273][870]LogSlate: Updating window title bar state: overlay mode, drag disabled, window buttons hidden, title bar hidden
[2022.04.05-09.00.53:296][870]LogHMD: Allocating Oculus 3648 x 1840 rendertarget swapchain
[2022.04.05-09.00.53:329][870]LogLoad: Game class is 'VRGameMode_C'
[2022.04.05-09.00.53:337][870]LogWorld: Bringing World /Game/VRTemplate/Maps/UEDPIE_0_VRTemplateMap.VRTemplateMap up for play (max tick rate 0) at 2022.04.05-11.00.53
[2022.04.05-09.00.53:337][870]LogWorld: Bringing up level for play took: 0.008068
[2022.04.05-09.00.53:338][870]LogOnline: OSS: Creating online subsystem instance for: :Context_11
[2022.04.05-09.00.53:340][870]LogSpawn: Warning: SpawnActor failed because no class was specified
[2022.04.05-09.00.53:341][870]LogSlate: New Slate User Created.  User Index 8, Is Virtual User: 1
[2022.04.05-09.00.53:342][870]LogSlate: Slate User Registered.  User Index 8, Is Virtual User: 1
[2022.04.05-09.00.53:343][870]LogBlueprintUserMessages: [FlapComp] FLAP!
[2022.04.05-09.00.53:346][870]PIE: Server logged in
[2022.04.05-09.00.53:347][870]PIE: Play in editor total start time 0.348 seconds.
[2022.04.05-09.00.53:350][870]LogEngine: Changing dynamic resolution state.
[2022.04.05-09.00.53:360][870]LogResonanceAudio: Display: Resonance Audio Listener is initialized
[2022.04.05-09.00.53:379][870]LogHMD: Allocating Oculus 3648 x 1840 depth rendertarget swapchain
[2022.04.05-09.00.53:405][872]LogProfilingDebugging: Allocated a 1024 x 1024 texture for HMD canvas layer
[2022.04.05-09.01.44:801][473]LogSlate: Updating window title bar state: overlay mode, drag disabled, window buttons hidden, title bar hidden
[2022.04.05-09.01.44:801][473]LogWorld: BeginTearingDown for /Game/VRTemplate/Maps/UEDPIE_0_VRTemplateMap
[2022.04.05-09.01.44:823][473]LogSlate: Window 'P8_VR_Home Preview [NetMode: Standalone]  (64-bit/Windows) OculusHMD' being destroyed
[2022.04.05-09.01.44:850][473]LogWorld: UWorld::CleanupWorld for VRTemplateMap, bSessionEnded=true, bCleanupResources=true
[2022.04.05-09.01.44:851][473]LogSlate: InvalidateAllWidgets triggered.  All widgets were invalidated
[2022.04.05-09.01.44:861][473]LogPlayLevel: Display: Shutting down PIE online subsystems
[2022.04.05-09.01.44:872][473]LogSlate: InvalidateAllWidgets triggered.  All widgets were invalidated
[2022.04.05-09.01.44:905][473]LogAudio: Display: Audio Device unregistered from world 'None'.
[2022.04.05-09.01.44:905][473]LogResonanceAudio: Display: Resonance Audio Listener is shutdown
[2022.04.05-09.01.44:905][473]LogAudioMixer: FMixerPlatformXAudio2::StopAudioStream() called
[2022.04.05-09.01.44:907][473]LogAudioMixer: FMixerPlatformXAudio2::StopAudioStream() called
[2022.04.05-09.01.44:915][473]LogSlate: Slate User Unregistered.  User Index 8
[2022.04.05-09.01.44:915][473]LogSlate: Slate User Destroyed.  User Index 8, Is Virtual User: 1
[2022.04.05-09.01.44:918][473]LogUObjectHash: Compacting FUObjectHashTables data took   3.30ms
[2022.04.05-09.01.44:967][474]LogPlayLevel: Display: Destroying online subsystem :Context_11
[2022.04.05-09.01.44:978][474]LogEngine: Changing dynamic resolution state.
[2022.04.05-09.01.49:791][611]MapCheck: New page: Map Check
[2022.04.05-09.01.49:854][611]Cmd: MAP REBUILD ALLVISIBLE
[2022.04.05-09.01.49:857][611]LogEditorServer: Rebuildmap Clear paths rebuilt
[2022.04.05-09.01.49:861][611]LogWorld: UWorld::CleanupWorld for VRTemplateMap, bSessionEnded=true, bCleanupResources=false
[2022.04.05-09.01.49:930][611]LogNavigationDataBuild: Display: UNavigationSystemV1::Build started...
[2022.04.05-09.01.49:930][611]LogNavigationDataBuild: Display:    Building navigation data using PHYSICS_INTERFACE_PHYSX.
[2022.04.05-09.01.49:930][611]LogNavigationDataBuild: Display:    Building navigation data using WITH_PHYSX.
[2022.04.05-09.01.49:930][611]LogNavigationDataBuild: Display:    Building NavData:  Name Default class /Script/NavigationSystem.RecastNavMesh agent radius 35.0.
[2022.04.05-09.01.49:930][611]LogNavigation: Warning: Recreating dtNavMesh instance due to saved navmesh origin (X=-1708.795 Y=-0.000 Z=10.000, usually the RecastNavMesh location) not being aligned with tile size (1000 uu) 
[2022.04.05-09.01.50:028][611]LogNavigationDataBuild: Display: UNavigationSystemV1::Build total execution time: 0.10s
[2022.04.05-09.01.50:078][611]LogUObjectHash: Compacting FUObjectHashTables data took   3.07ms
[2022.04.05-09.01.50:093][611]LogLevel: Display: Export Material TexCoord Scales took 0.011 seconds.
[2022.04.05-09.01.50:097][611]TextureStreamingBuild: Display: Build Texture Streaming took 0.005 seconds.
[2022.04.05-09.01.50:130][611]LogUObjectHash: Compacting FUObjectHashTables data took   0.71ms
[2022.04.05-09.01.50:149][611]LightingResults: New page: Lighting Build - Apr 5, 2022, 1:01:50 PM
[2022.04.05-09.01.50:155][611]LogSwarmInterface: [OpenConnection] Registering TCP channel ...
[2022.04.05-09.01.50:158][611]LogSwarmInterface: [OpenConnection] Connecting to agent ...
[2022.04.05-09.01.50:158][611]LogSwarmInterface: [TryOpenConnection] Testing the Agent
[2022.04.05-09.01.50:159][611]LogSwarmInterface: [TryOpenConnection] Opening Connection to Agent
[2022.04.05-09.01.50:159][611]LogSwarmInterface: [TryOpenConnection] Local Process ID is 1492
[2022.04.05-09.01.54:763][611]LogStaticLightingSystem: Running Lightmass w/ ImmediateImport mode ENABLED
[2022.04.05-09.01.54:763][611]LogStaticLightingSystem: Running Lightmass w/ ImmediateProcess mode ENABLED
[2022.04.05-09.01.54:763][611]LogStaticLightingSystem: Running Lightmass w/ Sorting mode ENABLED
[2022.04.05-09.01.54:763][611]LogStaticLightingSystem: Running Lightmass w/ Mapping paddings ENABLED
[2022.04.05-09.01.54:763][611]LogStaticLightingSystem: Running Lightmass w/ Mapping debug paddings DISABLED
[2022.04.05-09.01.55:028][611]Cmd: MAP CHECK DONTDISPLAYDIALOG
[2022.04.05-09.01.55:028][611]MapCheck: New page: VRTemplateMap - Apr 5, 2022, 1:01:55 PM
[2022.04.05-09.01.55:030][611]MapCheck: Map check complete: 0 Error(s), 0 Warning(s), took 1.84ms to complete.
[2022.04.05-09.01.55:032][611]LogEditorBuildUtils: Build time 0:05
[2022.04.05-09.01.55:045][611]LogShaderCompilers: Display: === FShaderJobCache stats ===
[2022.04.05-09.01.55:045][611]LogShaderCompilers: Display: Total job queries 24, among them cache hits 0 (0.00%)
[2022.04.05-09.01.55:045][611]LogShaderCompilers: Display: Tracking 24 distinct input hashes that result in 3 distinct outputs (12.50%)
[2022.04.05-09.01.55:045][611]LogShaderCompilers: Display: RAM used: 0.02 MB (0.00 GB) of 819.20 MB (0.80 GB) budget. Usage: 0.00%
[2022.04.05-09.01.55:045][611]LogShaderCompilers: Display: ================================================
[2022.04.05-09.01.55:185][612]LogUObjectHash: Compacting FUObjectHashTables data took   2.24ms
[2022.04.05-09.01.56:576][651]LightingResults: Warning: Component_56_001 Object has overlapping UVs.
[2022.04.05-09.01.56:576][651]LightingResults: Component_56_001 Lightmap UV are overlapping by 20.9%. Please adjust content - Enable Error Coloring to visualize.
[2022.04.05-09.01.56:901][662]LightingResults: Warning: Group_741_001 Object has overlapping UVs.
[2022.04.05-09.01.56:901][662]LightingResults: Group_741_001 Lightmap UV are overlapping by 2.6%. Please adjust content - Enable Error Coloring to visualize.
[2022.04.05-09.01.56:901][662]LightingResults: Warning: Group_847_001 Object has overlapping UVs.
[2022.04.05-09.01.56:901][662]LightingResults: Group_847_001 Lightmap UV are overlapping by 30.5%. Please adjust content - Enable Error Coloring to visualize.
[2022.04.05-09.01.57:188][673]LightingResults: Warning: Group_742_001 Object has overlapping UVs.
[2022.04.05-09.01.57:188][673]LightingResults: Group_742_001 Lightmap UV are overlapping by 9.6%. Please adjust content - Enable Error Coloring to visualize.
[2022.04.05-09.01.57:283][676]LightingResults: Warning: Group_768_001 Object has overlapping UVs.
[2022.04.05-09.01.57:283][676]LightingResults: Group_768_001 Lightmap UV are overlapping by 35.7%. Please adjust content - Enable Error Coloring to visualize.
[2022.04.05-09.01.57:348][678]LightingResults: Warning: Group_131_001 Object has overlapping UVs.
[2022.04.05-09.01.57:348][678]LightingResults: Group_131_001 Lightmap UV are overlapping by 55.9%. Please adjust content - Enable Error Coloring to visualize.
[2022.04.05-09.01.57:348][678]LightingResults: Warning: Group_131_001 Object has overlapping UVs.
[2022.04.05-09.01.57:348][678]LightingResults: Group_131_001 Lightmap UV are overlapping by 55.9%. Please adjust content - Enable Error Coloring to visualize.
[2022.04.05-09.01.57:422][680]LightingResults: Warning: Group_697_001 Object has overlapping UVs.
[2022.04.05-09.01.57:422][680]LightingResults: Group_697_001 Lightmap UV are overlapping by 93.3%. Please adjust content - Enable Error Coloring to visualize.
[2022.04.05-09.01.57:527][683]LightingResults: Warning: Group_133_001 Object has overlapping UVs.
[2022.04.05-09.01.57:527][683]LightingResults: Group_133_001 Lightmap UV are overlapping by 72.8%. Please adjust content - Enable Error Coloring to visualize.
[2022.04.05-09.01.57:695][688]LightingResults: Warning: Group_590_001 Object has overlapping UVs.
[2022.04.05-09.01.57:695][688]LightingResults: Group_590_001 Lightmap UV are overlapping by 59.0%. Please adjust content - Enable Error Coloring to visualize.
[2022.04.05-09.01.57:863][693]LightingResults: Warning: Group_131_001 Object has overlapping UVs.
[2022.04.05-09.01.57:863][693]LightingResults: Group_131_001 Lightmap UV are overlapping by 55.9%. Please adjust content - Enable Error Coloring to visualize.
[2022.04.05-09.01.57:863][693]LightingResults: Warning: Group_598_2_001 Object has overlapping UVs.
[2022.04.05-09.01.57:863][693]LightingResults: Group_598_2_001 Lightmap UV are overlapping by 86.5%. Please adjust content - Enable Error Coloring to visualize.
[2022.04.05-09.01.58:521][712]LightingResults: Warning: Group_629_001 Object has overlapping UVs.
[2022.04.05-09.01.58:521][712]LightingResults: Group_629_001 Lightmap UV are overlapping by 18.0%. Please adjust content - Enable Error Coloring to visualize.
[2022.04.05-09.01.58:587][714]LightingResults: Warning: Group_660_001 Object has overlapping UVs.
[2022.04.05-09.01.58:587][714]LightingResults: Group_660_001 Lightmap UV are overlapping by 27.7%. Please adjust content - Enable Error Coloring to visualize.
[2022.04.05-09.01.58:693][717]LightingResults: Warning: Group_764_001 Object has overlapping UVs.
[2022.04.05-09.01.58:693][717]LightingResults: Group_764_001 Lightmap UV are overlapping by 53.0%. Please adjust content - Enable Error Coloring to visualize.
[2022.04.05-09.01.59:604][745]Job is a success!
[2022.04.05-09.01.59:824][746]LogVolumetricLightmapImport: Imported Volumetric Lightmap in 0.005s
[2022.04.05-09.01.59:824][746]LogVolumetricLightmapImport:      Indirection Texture 16x16x16 = 0.0Mb
[2022.04.05-09.01.59:824][746]LogVolumetricLightmapImport:      BrickData (all levels) 0.0Mb
[2022.04.05-09.01.59:824][746]LogVolumetricLightmapImport:      Bricks at depth
[2022.04.05-09.01.59:824][746]LogVolumetricLightmapImport:          0: 12.5% covering 100.0% of volume
[2022.04.05-09.01.59:824][746]LogVolumetricLightmapImport:          1: 12.5% covering 1.6% of volume
[2022.04.05-09.01.59:824][746]LogVolumetricLightmapImport:          2: 75.0% covering 0.1% of volume
[2022.04.05-09.01.59:824][746]LogVolumetricLightmapImport:      Bricks in each level
[2022.04.05-09.01.59:824][746]LogVolumetricLightmapImport:          VRTemplateMap 			 8 bricks 	 100.0% (Persistent Level)
[2022.04.05-09.02.00:162][746]LogTexture: Display: Building textures: HQ_Lightmap0_1 (OODLE_AutoDXT, 1024X1024)
[2022.04.05-09.02.00:162][746]LogTexture: Display: Building textures: LQ_Lightmap_0_1 (OODLE_DXT1, 1024X1024)
[2022.04.05-09.02.00:162][746]LogTextureFormatOodle: Display: non-RDO encode 1024 x 1024 x 1 to format OODLE_AutoDXT (Oodle OodleTex_BC3) lambda=0 effort=20 
[2022.04.05-09.02.00:162][746]LogTexture: Display: Building textures: HQ_Lightmap0_2 (OODLE_AutoDXT, 1024X1024)
[2022.04.05-09.02.00:162][746]LogTextureFormatOodle: Display: non-RDO encode 1024 x 1024 x 1 to format OODLE_DXT1 (Oodle OodleTex_BC1_WithTransparency) lambda=0 effort=20 
[2022.04.05-09.02.00:162][746]LogTexture: Display: Building textures: LQ_Lightmap_0_2 (OODLE_DXT1, 1024X1024)
[2022.04.05-09.02.00:163][746]LogTexture: Display: Building textures: LQ_Lightmap_0_3 (OODLE_DXT1, 1024X1024)
[2022.04.05-09.02.00:163][746]LogTexture: Display: Building textures: HQ_Lightmap0_3 (OODLE_AutoDXT, 1024X1024)
[2022.04.05-09.02.00:163][746]LogTexture: Display: Building textures: HQ_Lightmap0_4 (OODLE_AutoDXT, 1024X1024)
[2022.04.05-09.02.00:163][746]LogTexture: Display: Building textures: LQ_Lightmap_0_4 (OODLE_DXT1, 1024X1024)
[2022.04.05-09.02.00:163][746]LogTexture: Display: Building textures: LQ_Lightmap_0_5 (OODLE_DXT1, 512X512)
[2022.04.05-09.02.00:163][746]LogTextureFormatOodle: Display: non-RDO encode 1024 x 1024 x 1 to format OODLE_AutoDXT (Oodle OodleTex_BC3) lambda=0 effort=20 
[2022.04.05-09.02.00:163][746]LogTexture: Display: Building textures: HQ_Lightmap1_6 (OODLE_AutoDXT, 64X64)
[2022.04.05-09.02.00:163][746]LogTexture: Display: Building textures: LQ_Lightmap_1_6 (OODLE_DXT1, 64X64)
[2022.04.05-09.02.00:163][746]LogTexture: Display: Building textures: HQ_Lightmap0_5 (OODLE_AutoDXT, 512X512)
[2022.04.05-09.02.00:163][746]LogTextureFormatOodle: Display: non-RDO encode 1024 x 1024 x 1 to format OODLE_DXT1 (Oodle OodleTex_BC1_WithTransparency) lambda=0 effort=20 
[2022.04.05-09.02.00:163][746]LogTextureFormatOodle: Display: non-RDO encode 1024 x 1024 x 1 to format OODLE_AutoDXT (Oodle OodleTex_BC3) lambda=0 effort=20 
[2022.04.05-09.02.00:163][746]LogTextureFormatOodle: Display: non-RDO encode 1024 x 1024 x 1 to format OODLE_DXT1 (Oodle OodleTex_BC1_WithTransparency) lambda=0 effort=20 
[2022.04.05-09.02.00:163][746]LogTextureFormatOodle: Display: non-RDO encode 1024 x 1024 x 1 to format OODLE_AutoDXT (Oodle OodleTex_BC3) lambda=0 effort=20 
[2022.04.05-09.02.00:163][746]LogTextureFormatOodle: Display: non-RDO encode 1024 x 1024 x 1 to format OODLE_DXT1 (Oodle OodleTex_BC1_WithTransparency) lambda=0 effort=20 
[2022.04.05-09.02.00:304][746]LogTexture: Display: Building textures: ShadowMapTexture2D_5 (G8, 32X32)
[2022.04.05-09.02.00:304][746]LogTexture: Display: Building textures: ShadowMapTexture2D_4 (BGRA8, 1024X512)
[2022.04.05-09.02.00:304][746]Lightmass on DAVID: 4.69 sec total, 224 ms importing, 37 ms setup, 602 ms photons, 3.78 sec processing, 0 ms extra exporting [469/469 mappings]. Threads: 56.6 sec total, 29.0 sec processing.
[2022.04.05-09.02.00:312][746]LogStaticLightingSystem: VRTemplateMap_BuiltData storing lightmap data for 469 meshes in 10 LightmapResourceClusters (46.9 Meshes per cluster).
[2022.04.05-09.02.00:355][746]LogUObjectHash: Compacting FUObjectHashTables data took   2.39ms
[2022.04.05-09.02.00:464][746]LogStaticLightingSystem: Illumination: 10.1 sec (258 ms encoding lightmaps, 80 ms encoding shadowmaps)
[2022.04.05-09.02.00:464][746]LogStaticLightingSystem: Lightmap texture memory:  8.5 MB (8.5 MB streaming, 0.0 MB non-streaming), 12 textures
[2022.04.05-09.02.00:464][746]LogStaticLightingSystem: Shadowmap texture memory: 2.7 MB (2.7 MB streaming, 0.0 MB non-streaming), 2 textures
[2022.04.05-09.02.00:773][746]DumpUnbuiltLightIteractions
[2022.04.05-09.02.00:773][746]Lights with unbuilt interactions: 0
[2022.04.05-09.02.00:773][746]
[2022.04.05-09.02.00:773][746]Primitives with unbuilt interactions: 0
[2022.04.05-09.02.00:907][747]Cmd: MAP CHECK NOTIFYRESULTS
[2022.04.05-09.02.00:907][747]MapCheck: New page: VRTemplateMap - Apr 5, 2022, 1:02:00 PM
[2022.04.05-09.02.00:909][747]MapCheck: Map check complete: 0 Error(s), 0 Warning(s), took 2.188ms to complete.
[2022.04.05-09.02.04:536][893]LogSlate: Window 'Message Log' being destroyed
[2022.04.05-09.02.04:547][893]LogSlate: Window 'Message Log' being destroyed
[2022.04.05-09.02.06:954][  5]LogTemp: Repeating last play command: VR Preview
[2022.04.05-09.02.06:961][  5]LogPlayLevel: PlayLevel: No blueprints needed recompiling
[2022.04.05-09.02.06:961][  5]LogHMD: Initializing OVRPlugin session
[2022.04.05-09.02.07:109][  5]LogHMD: Allocating Oculus 3200 x 1600 rendertarget swapchain
[2022.04.05-09.02.07:111][  5]PIE: New page: PIE session: VRTemplateMap (Apr 5, 2022, 1:02:07 PM)
[2022.04.05-09.02.07:111][  5]LogPlayLevel: Creating play world package: /Game/VRTemplate/Maps/UEDPIE_0_VRTemplateMap
[2022.04.05-09.02.07:140][  5]LogPlayLevel: PIE: StaticDuplicateObject took: (0.029148s)
[2022.04.05-09.02.07:141][  5]LogAIModule: Creating AISystem for world VRTemplateMap
[2022.04.05-09.02.07:141][  5]LogPlayLevel: PIE: World Init took: (0.001047s)
[2022.04.05-09.02.07:141][  5]LogPlayLevel: PIE: Created PIE world by copying editor world from /Game/VRTemplate/Maps/VRTemplateMap.VRTemplateMap to /Game/VRTemplate/Maps/UEDPIE_0_VRTemplateMap.VRTemplateMap (0.030361s)
[2022.04.05-09.02.07:176][  5]LogUObjectHash: Compacting FUObjectHashTables data took   3.50ms
[2022.04.05-09.02.07:179][  5]LogAudio: Display: Creating Audio Device:                 Id: 4, Scope: Unique, Realtime: True
[2022.04.05-09.02.07:180][  5]LogAudioMixer: Display: Audio Mixer Platform Settings:
[2022.04.05-09.02.07:180][  5]LogAudioMixer: Display: 	Sample Rate:						  48000
[2022.04.05-09.02.07:180][  5]LogAudioMixer: Display: 	Callback Buffer Frame Size Requested: 1024
[2022.04.05-09.02.07:180][  5]LogAudioMixer: Display: 	Callback Buffer Frame Size To Use:	  1024
[2022.04.05-09.02.07:180][  5]LogAudioMixer: Display: 	Number of buffers to queue:			  1
[2022.04.05-09.02.07:180][  5]LogAudioMixer: Display: 	Max Channels (voices):				  0
[2022.04.05-09.02.07:180][  5]LogAudioMixer: Display: 	Number of Async Source Workers:		  4
[2022.04.05-09.02.07:180][  5]LogAudio: Display: AudioDevice MaxSources: 32
[2022.04.05-09.02.07:180][  5]LogAudio: Display: Audio Spatialization Plugin: Resonance Audio is external send: 1
[2022.04.05-09.02.07:180][  5]LogAudio: Display: Audio Reverb Plugin: Resonance Audio
[2022.04.05-09.02.07:180][  5]LogAudio: Display: Audio Occlusion Plugin: None (built-in).
[2022.04.05-09.02.07:180][  5]LogAudioMixer: Display: Initializing audio mixer.
[2022.04.05-09.02.07:182][  5]LogAudioMixer: Display: 0: FrontLeft
[2022.04.05-09.02.07:182][  5]LogAudioMixer: Display: 1: FrontRight
[2022.04.05-09.02.07:182][  5]LogAudioMixer: Display: 0: FrontLeft
[2022.04.05-09.02.07:183][  5]LogAudioMixer: Display: 1: FrontRight
[2022.04.05-09.02.07:183][  5]LogAudioMixer: Display: 0: FrontLeft
[2022.04.05-09.02.07:183][  5]LogAudioMixer: Display: 1: FrontRight
[2022.04.05-09.02.07:184][  5]LogAudioMixer: Display: 0: FrontLeft
[2022.04.05-09.02.07:184][  5]LogAudioMixer: Display: 1: FrontRight
[2022.04.05-09.02.07:189][  5]LogAudioMixer: Display: Using Audio Device Headphones (Oculus Virtual Audio Device)
[2022.04.05-09.02.07:189][  5]LogAudioMixer: Display: Initializing Sound Submixes...
[2022.04.05-09.02.07:189][  5]LogAudioMixer: Display: Creating Master Submix 'MasterSubmixDefault'
[2022.04.05-09.02.07:190][  5]LogAudioMixer: Display: Creating Master Submix 'MasterReverbSubmixDefault'
[2022.04.05-09.02.07:190][  5]LogAudioMixer: Display: Creating Master Submix 'MasterEQSubmixDefault'
[2022.04.05-09.02.07:190][  5]LogAudioMixer: FMixerPlatformXAudio2::StartAudioStream() called
[2022.04.05-09.02.07:190][  5]LogAudioMixer: Display: Output buffers initialized: Frames=1024, Channels=2, Samples=2048
[2022.04.05-09.02.07:191][  5]LogAudioMixer: Display: Starting AudioMixerPlatformInterface::RunInternal()
[2022.04.05-09.02.07:191][  5]LogAudioMixer: Display: FMixerPlatformXAudio2::SubmitBuffer() called for the first time
[2022.04.05-09.02.07:191][  5]LogInit: FAudioDevice initialized.
[2022.04.05-09.02.07:191][  5]LogAudio: Display: Audio Device (ID: 4) registered with world 'VRTemplateMap'.
[2022.04.05-09.02.07:201][  5]LogSlate: Updating window title bar state: overlay mode, drag disabled, window buttons hidden, title bar hidden
[2022.04.05-09.02.07:210][  5]LogHMD: Allocating Oculus 3648 x 1840 rendertarget swapchain
[2022.04.05-09.02.07:236][  5]LogLoad: Game class is 'VRGameMode_C'
[2022.04.05-09.02.07:245][  5]LogWorld: Bringing World /Game/VRTemplate/Maps/UEDPIE_0_VRTemplateMap.VRTemplateMap up for play (max tick rate 0) at 2022.04.05-11.02.07
[2022.04.05-09.02.07:245][  5]LogWorld: Bringing up level for play took: 0.008777
[2022.04.05-09.02.07:245][  5]LogOnline: OSS: Creating online subsystem instance for: :Context_12
[2022.04.05-09.02.07:248][  5]LogSpawn: Warning: SpawnActor failed because no class was specified
[2022.04.05-09.02.07:250][  5]LogSlate: New Slate User Created.  User Index 8, Is Virtual User: 1
[2022.04.05-09.02.07:250][  5]LogSlate: Slate User Registered.  User Index 8, Is Virtual User: 1
[2022.04.05-09.02.07:251][  5]LogBlueprintUserMessages: [FlapComp] FLAP!
[2022.04.05-09.02.07:255][  5]PIE: Server logged in
[2022.04.05-09.02.07:258][  5]PIE: Play in editor total start time 0.297 seconds.
[2022.04.05-09.02.07:261][  5]LogEngine: Changing dynamic resolution state.
[2022.04.05-09.02.07:271][  5]LogResonanceAudio: Display: Resonance Audio Listener is initialized
[2022.04.05-09.02.07:288][  5]LogHMD: Allocating Oculus 3648 x 1840 depth rendertarget swapchain
[2022.04.05-09.02.07:309][  7]LogProfilingDebugging: Allocated a 1024 x 1024 texture for HMD canvas layer
[2022.04.05-09.02.53:439][346]LogSlate: Updating window title bar state: overlay mode, drag disabled, window buttons hidden, title bar hidden
[2022.04.05-09.02.53:439][346]LogWorld: BeginTearingDown for /Game/VRTemplate/Maps/UEDPIE_0_VRTemplateMap
[2022.04.05-09.02.53:462][346]LogSlate: Window 'P8_VR_Home Preview [NetMode: Standalone]  (64-bit/Windows) OculusHMD' being destroyed
[2022.04.05-09.02.53:490][346]LogWorld: UWorld::CleanupWorld for VRTemplateMap, bSessionEnded=true, bCleanupResources=true
[2022.04.05-09.02.53:491][346]LogSlate: InvalidateAllWidgets triggered.  All widgets were invalidated
[2022.04.05-09.02.53:502][346]LogPlayLevel: Display: Shutting down PIE online subsystems
[2022.04.05-09.02.53:512][346]LogSlate: InvalidateAllWidgets triggered.  All widgets were invalidated
[2022.04.05-09.02.53:543][346]LogAudio: Display: Audio Device unregistered from world 'None'.
[2022.04.05-09.02.53:544][346]LogResonanceAudio: Display: Resonance Audio Listener is shutdown
[2022.04.05-09.02.53:544][346]LogAudioMixer: FMixerPlatformXAudio2::StopAudioStream() called
[2022.04.05-09.02.53:545][346]LogAudioMixer: FMixerPlatformXAudio2::StopAudioStream() called
[2022.04.05-09.02.53:550][346]LogSlate: Slate User Unregistered.  User Index 8
[2022.04.05-09.02.53:550][346]LogSlate: Slate User Destroyed.  User Index 8, Is Virtual User: 1
[2022.04.05-09.02.53:554][346]LogUObjectHash: Compacting FUObjectHashTables data took   2.42ms
[2022.04.05-09.02.53:603][347]LogPlayLevel: Display: Destroying online subsystem :Context_12
[2022.04.05-09.02.53:612][347]LogEngine: Changing dynamic resolution state.
[2022.04.05-09.02.59:155][599]LogEditorViewport: Clicking on Actor (LMB): PointLight (PointLight)
[2022.04.05-09.03.00:212][648]Cmd: CAMERA ALIGN ACTIVEVIEWPORTONLY
[2022.04.05-09.03.04:776][867]Cmd: CAMERA ALIGN ACTIVEVIEWPORTONLY
[2022.04.05-09.03.15:789][367]MapCheck: New page: Map Check
[2022.04.05-09.03.15:847][367]Cmd: MAP REBUILD ALLVISIBLE
[2022.04.05-09.03.15:847][367]LogEditorServer: Rebuildmap Clear paths rebuilt
[2022.04.05-09.03.15:850][367]LogWorld: UWorld::CleanupWorld for VRTemplateMap, bSessionEnded=true, bCleanupResources=false
[2022.04.05-09.03.15:925][367]LogNavigationDataBuild: Display: UNavigationSystemV1::Build started...
[2022.04.05-09.03.15:925][367]LogNavigationDataBuild: Display:    Building navigation data using PHYSICS_INTERFACE_PHYSX.
[2022.04.05-09.03.15:925][367]LogNavigationDataBuild: Display:    Building navigation data using WITH_PHYSX.
[2022.04.05-09.03.15:925][367]LogNavigationDataBuild: Display:    Building NavData:  Name Default class /Script/NavigationSystem.RecastNavMesh agent radius 35.0.
[2022.04.05-09.03.15:925][367]LogNavigation: Warning: Recreating dtNavMesh instance due to saved navmesh origin (X=-1708.795 Y=-0.000 Z=10.000, usually the RecastNavMesh location) not being aligned with tile size (1000 uu) 
[2022.04.05-09.03.16:015][367]LogNavigationDataBuild: Display: UNavigationSystemV1::Build total execution time: 0.09s
[2022.04.05-09.03.16:072][367]LogUObjectHash: Compacting FUObjectHashTables data took   2.80ms
[2022.04.05-09.03.16:081][367]LogLevel: Display: Export Material TexCoord Scales took 0.008 seconds.
[2022.04.05-09.03.16:087][367]TextureStreamingBuild: Display: Build Texture Streaming took 0.005 seconds.
[2022.04.05-09.03.16:119][367]LogUObjectHash: Compacting FUObjectHashTables data took   0.70ms
[2022.04.05-09.03.16:130][367]LightingResults: New page: Lighting Build - Apr 5, 2022, 1:03:16 PM
[2022.04.05-09.03.16:146][367]LogSwarmInterface: [OpenConnection] Registering TCP channel ...
[2022.04.05-09.03.16:150][367]LogSwarmInterface: [OpenConnection] Connecting to agent ...
[2022.04.05-09.03.16:150][367]LogSwarmInterface: [TryOpenConnection] Testing the Agent
[2022.04.05-09.03.16:151][367]LogSwarmInterface: [TryOpenConnection] Opening Connection to Agent
[2022.04.05-09.03.16:151][367]LogSwarmInterface: [TryOpenConnection] Local Process ID is 1492
[2022.04.05-09.03.20:714][367]LogStaticLightingSystem: Running Lightmass w/ ImmediateImport mode ENABLED
[2022.04.05-09.03.20:714][367]LogStaticLightingSystem: Running Lightmass w/ ImmediateProcess mode ENABLED
[2022.04.05-09.03.20:714][367]LogStaticLightingSystem: Running Lightmass w/ Sorting mode ENABLED
[2022.04.05-09.03.20:714][367]LogStaticLightingSystem: Running Lightmass w/ Mapping paddings ENABLED
[2022.04.05-09.03.20:714][367]LogStaticLightingSystem: Running Lightmass w/ Mapping debug paddings DISABLED
[2022.04.05-09.03.20:966][367]Cmd: MAP CHECK DONTDISPLAYDIALOG
[2022.04.05-09.03.20:966][367]MapCheck: New page: VRTemplateMap - Apr 5, 2022, 1:03:20 PM
[2022.04.05-09.03.20:966][367]MapCheck: Error: WorldSettings_1 Maps need lighting rebuilt 
[2022.04.05-09.03.20:968][367]MapCheck: Map check complete: 1 Error(s), 0 Warning(s), took 1.545ms to complete.
[2022.04.05-09.03.20:970][367]LogEditorBuildUtils: Build time 0:05
[2022.04.05-09.03.21:171][368]LogUObjectHash: Compacting FUObjectHashTables data took   2.47ms
[2022.04.05-09.03.22:615][402]LightingResults: Warning: Component_56_001 Object has overlapping UVs.
[2022.04.05-09.03.22:615][402]LightingResults: Component_56_001 Lightmap UV are overlapping by 20.9%. Please adjust content - Enable Error Coloring to visualize.
[2022.04.05-09.03.22:922][411]LightingResults: Warning: Group_741_001 Object has overlapping UVs.
[2022.04.05-09.03.22:922][411]LightingResults: Group_741_001 Lightmap UV are overlapping by 2.6%. Please adjust content - Enable Error Coloring to visualize.
[2022.04.05-09.03.22:956][412]LightingResults: Warning: Group_847_001 Object has overlapping UVs.
[2022.04.05-09.03.22:956][412]LightingResults: Group_847_001 Lightmap UV are overlapping by 30.5%. Please adjust content - Enable Error Coloring to visualize.
[2022.04.05-09.03.23:249][421]LightingResults: Warning: Group_742_001 Object has overlapping UVs.
[2022.04.05-09.03.23:249][421]LightingResults: Group_742_001 Lightmap UV are overlapping by 9.6%. Please adjust content - Enable Error Coloring to visualize.
[2022.04.05-09.03.23:314][423]LightingResults: Warning: Group_768_001 Object has overlapping UVs.
[2022.04.05-09.03.23:346][424]LightingResults: Group_768_001 Lightmap UV are overlapping by 35.7%. Please adjust content - Enable Error Coloring to visualize.
[2022.04.05-09.03.23:397][425]LightingResults: Warning: Group_131_001 Object has overlapping UVs.
[2022.04.05-09.03.23:397][425]LightingResults: Group_131_001 Lightmap UV are overlapping by 55.9%. Please adjust content - Enable Error Coloring to visualize.
[2022.04.05-09.03.23:430][426]LightingResults: Warning: Group_697_001 Object has overlapping UVs.
[2022.04.05-09.03.23:430][426]LightingResults: Group_697_001 Lightmap UV are overlapping by 93.3%. Please adjust content - Enable Error Coloring to visualize.
[2022.04.05-09.03.23:457][427]LightingResults: Warning: Group_131_001 Object has overlapping UVs.
[2022.04.05-09.03.23:457][427]LightingResults: Group_131_001 Lightmap UV are overlapping by 55.9%. Please adjust content - Enable Error Coloring to visualize.
[2022.04.05-09.03.23:580][431]LightingResults: Warning: Group_133_001 Object has overlapping UVs.
[2022.04.05-09.03.23:613][432]LightingResults: Group_133_001 Lightmap UV are overlapping by 72.8%. Please adjust content - Enable Error Coloring to visualize.
[2022.04.05-09.03.23:719][435]LightingResults: Warning: Group_590_001 Object has overlapping UVs.
[2022.04.05-09.03.23:719][435]LightingResults: Group_590_001 Lightmap UV are overlapping by 59.0%. Please adjust content - Enable Error Coloring to visualize.
[2022.04.05-09.03.23:889][440]LightingResults: Warning: Group_598_2_001 Object has overlapping UVs.
[2022.04.05-09.03.23:889][440]LightingResults: Group_598_2_001 Lightmap UV are overlapping by 86.5%. Please adjust content - Enable Error Coloring to visualize.
[2022.04.05-09.03.23:920][441]LightingResults: Warning: Group_131_001 Object has overlapping UVs.
[2022.04.05-09.03.23:920][441]LightingResults: Group_131_001 Lightmap UV are overlapping by 55.9%. Please adjust content - Enable Error Coloring to visualize.
[2022.04.05-09.03.24:453][457]LightingResults: Warning: Group_629_001 Object has overlapping UVs.
[2022.04.05-09.03.24:453][457]LightingResults: Group_629_001 Lightmap UV are overlapping by 18.0%. Please adjust content - Enable Error Coloring to visualize.
[2022.04.05-09.03.24:515][459]LightingResults: Warning: Group_660_001 Object has overlapping UVs.
[2022.04.05-09.03.24:515][459]LightingResults: Group_660_001 Lightmap UV are overlapping by 27.7%. Please adjust content - Enable Error Coloring to visualize.
[2022.04.05-09.03.24:546][460]LightingResults: Warning: Group_764_001 Object has overlapping UVs.
[2022.04.05-09.03.24:546][460]LightingResults: Group_764_001 Lightmap UV are overlapping by 53.0%. Please adjust content - Enable Error Coloring to visualize.
[2022.04.05-09.03.25:462][488]Job is a success!
[2022.04.05-09.03.25:684][489]LogVolumetricLightmapImport: Imported Volumetric Lightmap in 0.006s
[2022.04.05-09.03.25:684][489]LogVolumetricLightmapImport:      Indirection Texture 16x16x16 = 0.0Mb
[2022.04.05-09.03.25:684][489]LogVolumetricLightmapImport:      BrickData (all levels) 0.0Mb
[2022.04.05-09.03.25:684][489]LogVolumetricLightmapImport:      Bricks at depth
[2022.04.05-09.03.25:684][489]LogVolumetricLightmapImport:          0: 12.5% covering 100.0% of volume
[2022.04.05-09.03.25:684][489]LogVolumetricLightmapImport:          1: 12.5% covering 1.6% of volume
[2022.04.05-09.03.25:684][489]LogVolumetricLightmapImport:          2: 75.0% covering 0.1% of volume
[2022.04.05-09.03.25:684][489]LogVolumetricLightmapImport:      Bricks in each level
[2022.04.05-09.03.25:684][489]LogVolumetricLightmapImport:          VRTemplateMap 			 8 bricks 	 100.0% (Persistent Level)
[2022.04.05-09.03.26:045][489]LogTexture: Display: Building textures: HQ_Lightmap1_1 (OODLE_AutoDXT, 1024X1024)
[2022.04.05-09.03.26:046][489]LogTexture: Display: Building textures: LQ_Lightmap_1_1 (OODLE_DXT1, 1024X1024)
[2022.04.05-09.03.26:046][489]LogTextureFormatOodle: Display: non-RDO encode 1024 x 1024 x 1 to format OODLE_AutoDXT (Oodle OodleTex_BC3) lambda=0 effort=20 
[2022.04.05-09.03.26:046][489]LogTexture: Display: Building textures: HQ_Lightmap1_2 (OODLE_AutoDXT, 1024X1024)
[2022.04.05-09.03.26:046][489]LogTextureFormatOodle: Display: non-RDO encode 1024 x 1024 x 1 to format OODLE_DXT1 (Oodle OodleTex_BC1_WithTransparency) lambda=0 effort=20 
[2022.04.05-09.03.26:046][489]LogTexture: Display: Building textures: HQ_Lightmap1_3 (OODLE_AutoDXT, 1024X1024)
[2022.04.05-09.03.26:046][489]LogTexture: Display: Building textures: LQ_Lightmap_1_3 (OODLE_DXT1, 1024X1024)
[2022.04.05-09.03.26:046][489]LogTexture: Display: Building textures: LQ_Lightmap_1_2 (OODLE_DXT1, 1024X1024)
[2022.04.05-09.03.26:046][489]LogTextureFormatOodle: Display: non-RDO encode 1024 x 1024 x 1 to format OODLE_AutoDXT (Oodle OodleTex_BC3) lambda=0 effort=20 
[2022.04.05-09.03.26:046][489]LogTexture: Display: Building textures: HQ_Lightmap1_5 (OODLE_AutoDXT, 512X512)
[2022.04.05-09.03.26:046][489]LogTexture: Display: Building textures: LQ_Lightmap_0_6 (OODLE_DXT1, 64X64)
[2022.04.05-09.03.26:046][489]LogTexture: Display: Building textures: HQ_Lightmap0_6 (OODLE_AutoDXT, 64X64)
[2022.04.05-09.03.26:046][489]LogTexture: Display: Building textures: LQ_Lightmap_1_5 (OODLE_DXT1, 512X512)
[2022.04.05-09.03.26:046][489]LogTexture: Display: Building textures: LQ_Lightmap_1_4 (OODLE_DXT1, 1024X1024)
[2022.04.05-09.03.26:046][489]LogTexture: Display: Building textures: HQ_Lightmap1_4 (OODLE_AutoDXT, 1024X1024)
[2022.04.05-09.03.26:046][489]LogTextureFormatOodle: Display: non-RDO encode 1024 x 1024 x 1 to format OODLE_DXT1 (Oodle OodleTex_BC1_WithTransparency) lambda=0 effort=20 
[2022.04.05-09.03.26:046][489]LogTextureFormatOodle: Display: non-RDO encode 1024 x 1024 x 1 to format OODLE_DXT1 (Oodle OodleTex_BC1_WithTransparency) lambda=0 effort=20 
[2022.04.05-09.03.26:046][489]LogTextureFormatOodle: Display: non-RDO encode 1024 x 1024 x 1 to format OODLE_AutoDXT (Oodle OodleTex_BC3) lambda=0 effort=20 
[2022.04.05-09.03.26:046][489]LogTextureFormatOodle: Display: non-RDO encode 1024 x 1024 x 1 to format OODLE_AutoDXT (Oodle OodleTex_BC3) lambda=0 effort=20 
[2022.04.05-09.03.26:046][489]LogTextureFormatOodle: Display: non-RDO encode 1024 x 1024 x 1 to format OODLE_DXT1 (Oodle OodleTex_BC1_WithTransparency) lambda=0 effort=20 
[2022.04.05-09.03.26:246][489]LogTexture: Display: Building textures: ShadowMapTexture2D_7 (G8, 32X32)
[2022.04.05-09.03.26:246][489]LogTexture: Display: Building textures: ShadowMapTexture2D_6 (BGRA8, 1024X1024)
[2022.04.05-09.03.26:258][489]Lightmass on DAVID: 4.67 sec total, 238 ms importing, 69 ms setup, 605 ms photons, 3.72 sec processing, 0 ms extra exporting [469/469 mappings]. Threads: 55.8 sec total, 27.7 sec processing.
[2022.04.05-09.03.26:272][489]LogStaticLightingSystem: VRTemplateMap_BuiltData storing lightmap data for 469 meshes in 10 LightmapResourceClusters (46.9 Meshes per cluster).
[2022.04.05-09.03.26:313][489]LogUObjectHash: Compacting FUObjectHashTables data took   2.29ms
[2022.04.05-09.03.26:387][489]LogStaticLightingSystem: Illumination: 10.1 sec (272 ms encoding lightmaps, 157 ms encoding shadowmaps)
[2022.04.05-09.03.26:387][489]LogStaticLightingSystem: Lightmap texture memory:  8.5 MB (8.5 MB streaming, 0.0 MB non-streaming), 12 textures
[2022.04.05-09.03.26:387][489]LogStaticLightingSystem: Shadowmap texture memory: 5.3 MB (5.3 MB streaming, 0.0 MB non-streaming), 2 textures
[2022.04.05-09.03.26:735][489]DumpUnbuiltLightIteractions
[2022.04.05-09.03.26:735][489]Lights with unbuilt interactions: 0
[2022.04.05-09.03.26:735][489]
[2022.04.05-09.03.26:735][489]Primitives with unbuilt interactions: 0
[2022.04.05-09.03.26:862][490]Cmd: MAP CHECK NOTIFYRESULTS
[2022.04.05-09.03.26:862][490]MapCheck: New page: VRTemplateMap - Apr 5, 2022, 1:03:26 PM
[2022.04.05-09.03.26:863][490]MapCheck: Map check complete: 0 Error(s), 0 Warning(s), took 2.011ms to complete.
[2022.04.05-09.03.35:112][913]LogSlate: Window 'Message Log' being destroyed
[2022.04.05-09.03.35:121][913]LogSlate: Window 'Message Log' being destroyed
[2022.04.05-09.03.42:392][348]LogEditorViewport: Clicking on Actor (LMB): StaticMeshActor (flap_bottom_right)
[2022.04.05-09.03.42:795][370]Cmd: CAMERA ALIGN ACTIVEVIEWPORTONLY
[2022.04.05-09.03.46:460][588]Cmd: CAMERA ALIGN ACTIVEVIEWPORTONLY
[2022.04.05-09.03.53:294][998]LogEditorViewport: Clicking on Actor (LMB): StaticMeshActor (Group_735_001)
[2022.04.05-09.03.53:592][ 14]Cmd: CAMERA ALIGN ACTIVEVIEWPORTONLY
[2022.04.05-09.04.02:340][529]Cmd: CAMERA ALIGN ACTIVEVIEWPORTONLY
[2022.04.05-09.04.07:600][834]Cmd: CAMERA ALIGN ACTIVEVIEWPORTONLY
[2022.04.05-09.04.14:747][259]Cmd: TRANSACTION UNDO
[2022.04.05-09.04.14:747][259]LogEditorTransaction: Undo Move Actors
[2022.04.05-09.04.15:293][283]Cmd: TRANSACTION UNDO
[2022.04.05-09.04.15:293][283]LogEditorTransaction: Undo Move Actors
[2022.04.05-09.04.15:859][317]Cmd: TRANSACTION UNDO
[2022.04.05-09.04.15:859][317]LogEditorTransaction: Undo Clicking on Actors
[2022.04.05-09.04.18:183][453]Cmd: CAMERA ALIGN ACTIVEVIEWPORTONLY
[2022.04.05-09.04.22:473][709]LogEditorViewport: Clicking on Actor (LMB): Actor (shutters)
[2022.04.05-09.04.22:826][729]Cmd: CAMERA ALIGN ACTIVEVIEWPORTONLY
[2022.04.05-09.04.30:682][200]LogEditorViewport: Clicking on Actor (LMB): StaticMeshActor (flap_bottom_right)
[2022.04.05-09.04.41:203][826]LogWorld: UWorld::CleanupWorld for World_4, bSessionEnded=true, bCleanupResources=true
[2022.04.05-09.04.41:203][826]LogSlate: InvalidateAllWidgets triggered.  All widgets were invalidated
[2022.04.05-09.04.41:212][826]LogWorld: UWorld::CleanupWorld for World_3, bSessionEnded=true, bCleanupResources=true
[2022.04.05-09.04.41:212][826]LogSlate: InvalidateAllWidgets triggered.  All widgets were invalidated
[2022.04.05-09.05.30:540][769]LogEditorClassViewer: Warning: Class /Engine/Tutorial/InWorldBlueprintEditing/TutorialAssets/IWBE_Blutility.IWBE_Blutility_C has parent /Script/Blutility.PlacedEditorUtilityBase, but this parent is not found. The Class will not be shown in ClassViewer.
[2022.04.05-09.07.36:765][297]LogEditorViewport: Clicking on Component (LMB): StaticMeshComponent (StaticMeshComponent0)
[2022.04.05-09.08.02:974][773]LogEditorViewport: Clicking on Actor (LMB): StaticMeshActor (Group43_2)
[2022.04.05-09.08.05:559][925]LogEditorViewport: Clicking on Actor (LMB): StaticMeshActor (flap_bottom_right)
[2022.04.05-09.08.09:858][178]Cmd: CAMERA ALIGN ACTIVEVIEWPORTONLY
[2022.04.05-09.08.52:800][741]LogUObjectHash: Compacting FUObjectHashTables data took   4.66ms
[2022.04.05-09.08.52:923][741]LogSavePackage: Moving '../../../../../../Users/dmock/Unreal projects/P8/P8ToBeAnnounced/P8_VR_Home/Saved/VRTemplateMap_Auto1F604A2B0408852D6187710AEC7445E2F.tmp' to '../../../../../../Users/dmock/Unreal projects/P8/P8ToBeAnnounced/P8_VR_Home/Saved/Autosaves/Game/VRTemplate/Maps/VRTemplateMap_Auto1.umap'
[2022.04.05-09.08.52:925][741]LogFileHelpers: Editor autosave (incl. external actors) for '/Game/VRTemplate/Maps/VRTemplateMap' took 0.170
[2022.04.05-09.08.52:925][741]LogFileHelpers: Editor autosave (incl. sublevels & external actors) for all levels took 0.170
[2022.04.05-09.08.52:926][741]OBJ SavePackage: Generating thumbnails for [0] asset(s) in package [/Game/FirstPersonBP/MyStuff/FlapComp] ([2] browsable assets)...
[2022.04.05-09.08.52:926][741]OBJ SavePackage: Finished generating thumbnails for package [/Game/FirstPersonBP/MyStuff/FlapComp]
[2022.04.05-09.08.52:933][741]LogSavePackage: Moving '../../../../../../Users/dmock/Unreal projects/P8/P8ToBeAnnounced/P8_VR_Home/Saved/FlapComp_Auto1AA4BD38541A272E1AEE758886CB80CB8.tmp' to '../../../../../../Users/dmock/Unreal projects/P8/P8ToBeAnnounced/P8_VR_Home/Saved/Autosaves/Game/FirstPersonBP/MyStuff/FlapComp_Auto1.uasset'
[2022.04.05-09.08.52:933][741]LogFileHelpers: Auto-saving content packages took 0.008
[2022.04.05-09.09.07:398][606]Cmd: CAMERA ALIGN ACTIVEVIEWPORTONLY
[2022.04.05-09.14.59:941][486]LogEditorTransaction: Undo Move Node
[2022.04.05-09.15.00:672][525]LogEditorTransaction: Undo Delete current selection
[2022.04.05-09.15.01:088][549]LogEditorTransaction: Undo Create Pin Link
[2022.04.05-09.15.03:603][682]LogEditorTransaction: Undo Move Nodes
[2022.04.05-09.18.00:780][ 72]LogEditorViewport: Clicking on Component (LMB): StaticMeshComponent (StaticMeshComponent0)
[2022.04.05-09.18.32:291][938]LogSlate: Window 'Create Blueprint From Selection' being destroyed
[2022.04.05-09.18.38:171][179]LogSlate: Window 'Pick Parent Class' being destroyed
[2022.04.05-09.18.38:179][179]LogContentBrowser: Deferred new asset file creation: NewBlueprint
[2022.04.05-09.18.38:196][179]LogContentBrowser: Creating deferred item: NewBlueprint
[2022.04.05-09.18.40:384][311]LogContentBrowser: Attempting asset rename: NewBlueprint -> Flap
[2022.04.05-09.18.40:387][311]LogContentBrowser: End creating deferred item NewBlueprint
[2022.04.05-09.18.42:306][424]LogAssetEditorSubsystem: Opening Asset editor for Blueprint /Game/FirstPersonBP/MyStuff/Flap.Flap
[2022.04.05-09.19.16:226][290]LogStaticMesh: Building static mesh Group_735_001...
[2022.04.05-09.19.16:246][290]LogStaticMesh: Built static mesh [0.02s] /Game/Marwa/oldModels/Group_735_001.Group_735_001
[2022.04.05-09.19.58:802][691]LogEditorTransaction: Undo Modify Component(s)
[2022.04.05-09.20.43:804][246]BlueprintLog: New page: Compile Flap
[2022.04.05-09.20.43:865][246]LogUObjectHash: Compacting FUObjectHashTables data took   4.72ms
[2022.04.05-09.20.53:699][828]Cmd: TRANSACTION UNDO
[2022.04.05-09.20.53:699][828]LogEditorTransaction: Undo Create Actors
[2022.04.05-09.20.55:339][916]LogEditorViewport: Clicking on Component (LMB): StaticMeshComponent (StaticMeshComponent0)
[2022.04.05-09.22.25:715][ 87]LogSlate: Took 0.004939 seconds to synchronously load lazily loaded font '../../../Engine/Content/Slate/Fonts/Roboto-BoldCondensedItalic.ttf' (160K)
[2022.04.05-09.22.40:540][951]BlueprintLog: New page: Compile FlapComp
[2022.04.05-09.22.40:541][951]LogBlueprint: Warning: [AssetLog] C:\Users\dmock\Unreal projects\P8\P8ToBeAnnounced\P8_VR_Home\Content\FirstPersonBP\MyStuff\FlapComp.uasset: [Compiler] Could not find a variable named "Hand" in 'FlapComp_C'.
Make sure 'FlapComp_C' has been compiled for  Set Hand
[2022.04.05-09.22.40:541][951]LogBlueprint: Warning: [AssetLog] C:\Users\dmock\Unreal projects\P8\P8ToBeAnnounced\P8_VR_Home\Content\FirstPersonBP\MyStuff\FlapComp.uasset: [Compiler] Could not find a variable named "Sphere" in 'FlapComp_C'.
Make sure 'FlapComp_C' has been compiled for  Get Sphere
[2022.04.05-09.22.40:542][951]LogBlueprint: Error: [AssetLog] C:\Users\dmock\Unreal projects\P8\P8ToBeAnnounced\P8_VR_Home\Content\FirstPersonBP\MyStuff\FlapComp.uasset: [Compiler] The property associated with  Sphere  could not be found in '/Game/FirstPersonBP/MyStuff/FlapComp.FlapComp_C'
[2022.04.05-09.22.40:542][951]LogBlueprint: Error: [AssetLog] C:\Users\dmock\Unreal projects\P8\P8ToBeAnnounced\P8_VR_Home\Content\FirstPersonBP\MyStuff\FlapComp.uasset: [Compiler] The property associated with  Hand  could not be found in '/Game/FirstPersonBP/MyStuff/FlapComp.FlapComp_C'
[2022.04.05-09.22.40:590][951]LogUObjectHash: Compacting FUObjectHashTables data took   3.50ms
[2022.04.05-09.22.54:565][762]BlueprintLog: New page: Compile FlapComp
[2022.04.05-09.22.54:566][762]LogBlueprint: Warning: [AssetLog] C:\Users\dmock\Unreal projects\P8\P8ToBeAnnounced\P8_VR_Home\Content\FirstPersonBP\MyStuff\FlapComp.uasset: [Compiler] Could not find a variable named "Hand" in 'FlapComp_C'.
Make sure 'FlapComp_C' has been compiled for  Set Hand
[2022.04.05-09.22.54:567][762]LogBlueprint: Error: [AssetLog] C:\Users\dmock\Unreal projects\P8\P8ToBeAnnounced\P8_VR_Home\Content\FirstPersonBP\MyStuff\FlapComp.uasset: [Compiler] The property associated with  Hand  could not be found in '/Game/FirstPersonBP/MyStuff/FlapComp.FlapComp_C'
[2022.04.05-09.22.54:617][762]LogUObjectHash: Compacting FUObjectHashTables data took   4.01ms
[2022.04.05-09.23.24:269][525]BlueprintLog: New page: Compile FlapComp
[2022.04.05-09.23.24:321][525]LogUObjectHash: Compacting FUObjectHashTables data took   3.33ms
[2022.04.05-09.23.30:171][871]LogEditorViewport: Clicking on Component (LMB): StaticMeshComponent (StaticMeshComponent0)
[2022.04.05-09.24.10:721][ 46]LogEditorViewport: Clicking on Component (LMB): StaticMeshComponent (StaticMeshComponent0)
[2022.04.05-09.24.56:188][760]LogUObjectHash: Compacting FUObjectHashTables data took   4.72ms
[2022.04.05-09.24.56:305][760]LogSavePackage: Moving '../../../../../../Users/dmock/Unreal projects/P8/P8ToBeAnnounced/P8_VR_Home/Saved/VRTemplateMap_Auto2C850D5A34B40F7AC0C6EC9A76BD794BE.tmp' to '../../../../../../Users/dmock/Unreal projects/P8/P8ToBeAnnounced/P8_VR_Home/Saved/Autosaves/Game/VRTemplate/Maps/VRTemplateMap_Auto2.umap'
[2022.04.05-09.24.56:307][760]LogFileHelpers: Editor autosave (incl. external actors) for '/Game/VRTemplate/Maps/VRTemplateMap' took 0.156
[2022.04.05-09.24.56:307][760]LogFileHelpers: Editor autosave (incl. sublevels & external actors) for all levels took 0.156
[2022.04.05-09.24.56:307][760]OBJ SavePackage: Generating thumbnails for [0] asset(s) in package [/Game/FirstPersonBP/MyStuff/FlapComp] ([2] browsable assets)...
[2022.04.05-09.24.56:307][760]OBJ SavePackage: Finished generating thumbnails for package [/Game/FirstPersonBP/MyStuff/FlapComp]
[2022.04.05-09.24.56:315][760]LogSavePackage: Moving '../../../../../../Users/dmock/Unreal projects/P8/P8ToBeAnnounced/P8_VR_Home/Saved/FlapComp_Auto23AB704F54C7C3F898D4A64BD50E16C8E.tmp' to '../../../../../../Users/dmock/Unreal projects/P8/P8ToBeAnnounced/P8_VR_Home/Saved/Autosaves/Game/FirstPersonBP/MyStuff/FlapComp_Auto2.uasset'
[2022.04.05-09.24.56:315][760]LogFileHelpers: Auto-saving content packages took 0.008
[2022.04.05-09.28.45:279][857]LogEditorViewport: Clicking on Component (LMB): StaticMeshComponent (StaticMeshComponent0)
[2022.04.05-09.28.59:126][684]Cmd: CAMERA ALIGN ACTIVEVIEWPORTONLY
[2022.04.05-09.29.12:437][481]Cmd: CAMERA ALIGN ACTIVEVIEWPORTONLY
[2022.04.05-09.29.46:068][483]LogWorld: UWorld::CleanupWorld for World_9, bSessionEnded=true, bCleanupResources=true
[2022.04.05-09.29.46:068][483]LogSlate: InvalidateAllWidgets triggered.  All widgets were invalidated
[2022.04.05-09.31.30:955][612]LogAssetEditorSubsystem: Opening Asset editor for Blueprint /Game/FirstPersonBP/MyStuff/Flap.Flap
[2022.04.05-09.31.49:902][679]LogEditorTransaction: Undo Modify Component Scale
[2022.04.05-09.31.55:987][984]BlueprintLog: New page: Compile Flap
[2022.04.05-09.31.56:052][984]LogUObjectHash: Compacting FUObjectHashTables data took   3.82ms
[2022.04.05-09.32.03:273][407]Cmd: CAMERA ALIGN ACTIVEVIEWPORTONLY
[2022.04.05-09.32.05:551][542]Cmd: CAMERA ALIGN ACTIVEVIEWPORTONLY
[2022.04.05-09.33.03:010][939]BlueprintLog: New page: Compile Flap
[2022.04.05-09.33.03:083][939]LogUObjectHash: Compacting FUObjectHashTables data took   3.53ms
[2022.04.05-09.33.46:100][515]BlueprintLog: New page: Compile Flap
[2022.04.05-09.33.46:156][515]LogUObjectHash: Compacting FUObjectHashTables data took   2.92ms
[2022.04.05-09.34.16:208][313]Cmd: OBJ SAVEPACKAGE PACKAGE="/Game/FirstPersonBP/MyStuff/Flap" FILE="../../../../../../Users/dmock/Unreal projects/P8/P8ToBeAnnounced/P8_VR_Home/Content/FirstPersonBP/MyStuff/Flap.uasset" SILENT=true
[2022.04.05-09.34.16:214][313]LogSavePackage: Moving '../../../../../../Users/dmock/Unreal projects/P8/P8ToBeAnnounced/P8_VR_Home/Saved/Flap977243854A32D3D8A1AE56984E58742D.tmp' to '../../../../../../Users/dmock/Unreal projects/P8/P8ToBeAnnounced/P8_VR_Home/Content/FirstPersonBP/MyStuff/Flap.uasset'
[2022.04.05-09.34.16:233][313]AssetCheck: New page: Asset Save: Flap
[2022.04.05-09.34.16:233][313]LogContentValidation: Display: Validating Blueprint /Game/FirstPersonBP/MyStuff/Flap.Flap
[2022.04.05-09.35.08:293][418]LogUObjectHash: Compacting FUObjectHashTables data took   4.11ms
[2022.04.05-09.35.08:412][418]LogSavePackage: Moving '../../../../../../Users/dmock/Unreal projects/P8/P8ToBeAnnounced/P8_VR_Home/Saved/VRTemplateMap_Auto3081B34F04F425A20022A9F8DFFE082CE.tmp' to '../../../../../../Users/dmock/Unreal projects/P8/P8ToBeAnnounced/P8_VR_Home/Saved/Autosaves/Game/VRTemplate/Maps/VRTemplateMap_Auto3.umap'
[2022.04.05-09.35.08:414][418]LogFileHelpers: Editor autosave (incl. external actors) for '/Game/VRTemplate/Maps/VRTemplateMap' took 0.156
[2022.04.05-09.35.08:414][418]LogFileHelpers: Editor autosave (incl. sublevels & external actors) for all levels took 0.156
[2022.04.05-09.35.08:414][418]OBJ SavePackage: Generating thumbnails for [0] asset(s) in package [/Game/FirstPersonBP/MyStuff/FlapComp] ([2] browsable assets)...
[2022.04.05-09.35.08:414][418]OBJ SavePackage: Finished generating thumbnails for package [/Game/FirstPersonBP/MyStuff/FlapComp]
[2022.04.05-09.35.08:421][418]LogSavePackage: Moving '../../../../../../Users/dmock/Unreal projects/P8/P8ToBeAnnounced/P8_VR_Home/Saved/FlapComp_Auto3FA4BA3CB4C76F4C5855D54BDE3C22610.tmp' to '../../../../../../Users/dmock/Unreal projects/P8/P8ToBeAnnounced/P8_VR_Home/Saved/Autosaves/Game/FirstPersonBP/MyStuff/FlapComp_Auto3.uasset'
[2022.04.05-09.35.08:422][418]LogFileHelpers: Auto-saving content packages took 0.008
[2022.04.05-09.35.14:626][789]BlueprintLog: New page: Compile FlapComp
[2022.04.05-09.35.14:668][789]LogUObjectHash: Compacting FUObjectHashTables data took   3.13ms
[2022.04.05-09.35.21:366][187]LogUObjectHash: Compacting FUObjectHashTables data took   2.84ms
[2022.04.05-09.35.23:586][187]LogSlate: Window 'Delete Assets' being destroyed
[2022.04.05-09.35.23:659][187]LogWorld: UWorld::CleanupWorld for World_6, bSessionEnded=true, bCleanupResources=true
[2022.04.05-09.35.23:659][187]LogSlate: InvalidateAllWidgets triggered.  All widgets were invalidated
[2022.04.05-09.35.23:708][187]LogUObjectGlobals: Force Deleting 1 Package(s):
	Asset Name: /Game/FirstPersonBP/MyStuff/FlapComp.FlapComp
[2022.04.05-09.35.24:493][187]LogUObjectHash: Compacting FUObjectHashTables data took   2.67ms
[2022.04.05-09.35.24:549][187]LogUObjectHash: Compacting FUObjectHashTables data took   2.61ms
[2022.04.05-09.35.24:576][187]LogUObjectHash: Compacting FUObjectHashTables data took   2.38ms
[2022.04.05-09.35.24:600][187]LogUObjectHash: Compacting FUObjectHashTables data took   0.61ms
[2022.04.05-09.37.07:937][424]LogAudioMixer: Resetting audio stream to device id 
[2022.04.05-09.37.07:940][424]LogAudioMixer: Display: 0: FrontLeft
[2022.04.05-09.37.07:940][424]LogAudioMixer: Display: 1: FrontRight
[2022.04.05-10.36.57:740][249]LogSlate: Window 'Pick Parent Class' being destroyed
[2022.04.05-10.36.57:747][249]LogContentBrowser: Deferred new asset file creation: NewBlueprint
[2022.04.05-10.36.57:773][249]LogContentBrowser: Creating deferred item: NewBlueprint
[2022.04.05-10.37.01:324][416]LogContentBrowser: Attempting asset rename: NewBlueprint -> Button
[2022.04.05-10.37.01:330][416]LogContentBrowser: End creating deferred item NewBlueprint
[2022.04.05-10.37.16:539][118]LogContentBrowser: Attempting asset rename: Button -> BlindsButton
[2022.04.05-10.37.16:564][118]LogMetaData: Removing '/Game/FirstPersonBP/MyStuff/BlindsButton.BlindsButton:UserConstructionScript.K2Node_FunctionEntry_0' ref from Metadata '/Game/FirstPersonBP/MyStuff/Button.PackageMetaData'
[2022.04.05-10.37.16:564][118]LogMetaData: Removing '/Game/FirstPersonBP/MyStuff/BlindsButton.SKEL_BlindsButton_C:UserConstructionScript' ref from Metadata '/Game/FirstPersonBP/MyStuff/Button.PackageMetaData'
[2022.04.05-10.37.16:564][118]LogMetaData: Removing '/Game/FirstPersonBP/MyStuff/BlindsButton.SKEL_BlindsButton_C' ref from Metadata '/Game/FirstPersonBP/MyStuff/Button.PackageMetaData'
[2022.04.05-10.37.16:564][118]LogMetaData: Removing '/Game/FirstPersonBP/MyStuff/BlindsButton.BlindsButton_C' ref from Metadata '/Game/FirstPersonBP/MyStuff/Button.PackageMetaData'
[2022.04.05-10.37.16:564][118]LogMetaData: Removing '/Game/FirstPersonBP/MyStuff/BlindsButton.BlindsButton:EventGraph.K2Node_Event_0' ref from Metadata '/Game/FirstPersonBP/MyStuff/Button.PackageMetaData'
[2022.04.05-10.37.16:564][118]LogMetaData: Removing '/Game/FirstPersonBP/MyStuff/BlindsButton.BlindsButton:EventGraph.K2Node_Event_1' ref from Metadata '/Game/FirstPersonBP/MyStuff/Button.PackageMetaData'
[2022.04.05-10.37.16:564][118]LogMetaData: Removing '/Game/FirstPersonBP/MyStuff/BlindsButton.BlindsButton:EventGraph.K2Node_Event_2' ref from Metadata '/Game/FirstPersonBP/MyStuff/Button.PackageMetaData'
[2022.04.05-10.37.16:595][118]LogSavePackage: Moving '../../../../../../Users/dmock/Unreal projects/P8/P8ToBeAnnounced/P8_VR_Home/Saved/BlindsButton6C9543A849E35A0E7D0CCDB1FAF1BFE3.tmp' to '../../../../../../Users/dmock/Unreal projects/P8/P8ToBeAnnounced/P8_VR_Home/Content/FirstPersonBP/MyStuff/BlindsButton.uasset'
[2022.04.05-10.37.16:714][118]LogUObjectHash: Compacting FUObjectHashTables data took   4.73ms
[2022.04.05-10.37.16:751][118]LogUObjectHash: Compacting FUObjectHashTables data took   2.11ms
[2022.04.05-10.37.16:779][118]LogUObjectHash: Compacting FUObjectHashTables data took   0.66ms
[2022.04.05-10.37.16:847][118]AssetCheck: New page: Asset Save: BlindsButton
[2022.04.05-10.37.16:847][118]LogContentValidation: Display: Validating Blueprint /Game/FirstPersonBP/MyStuff/BlindsButton.BlindsButton
[2022.04.05-10.37.20:199][230]LogSlate: Window 'Pick Parent Class' being destroyed
[2022.04.05-10.37.20:212][230]LogContentBrowser: Deferred new asset file creation: NewBlueprint
[2022.04.05-10.37.20:225][230]LogContentBrowser: Creating deferred item: NewBlueprint
[2022.04.05-10.37.27:257][563]LogContentBrowser: Attempting asset rename: NewBlueprint -> FlapsButton
[2022.04.05-10.37.27:261][563]LogContentBrowser: End creating deferred item NewBlueprint
[2022.04.05-10.37.29:162][651]LogAssetEditorSubsystem: Opening Asset editor for Blueprint /Game/FirstPersonBP/MyStuff/FlapsButton.FlapsButton
[2022.04.05-10.38.43:477][136]LogAssetEditorSubsystem: Opening Asset editor for Material /Game/Geometry/Meshes/CubeMaterial.CubeMaterial
[2022.04.05-10.38.43:481][136]LogMaterial: Display: Missing cached shadermap for CubeMaterial in PCD3D_SM5, Default, SM5 (DDC key hash: 5381D8EAD0AC1FE8887723768255816116190326), compiling. 
[2022.04.05-10.38.43:504][136]LogShaderCompilers: Display: Submitted 12 shader compile jobs with 'Normal' priority
[2022.04.05-10.38.43:524][136]LogTexture: Default maximum texture size for cubemaps generated from long-lat sources has been changed from 512 to unlimited. In order to preserve old behaiour for '/Engine/MapTemplates/Sky/SunsetAmbientCubemap.SunsetAmbientCubemap', its maximum texture size has been explicitly set to 512.
[2022.04.05-10.38.43:631][136]LogMaterial: Display: Missing cached shadermap for CubeMaterial in PCD3D_SM5, Default, SM5 (DDC key hash: 95772CF543292E729F9AF7E06507EF097C474098), compiling. 
[2022.04.05-10.38.43:633][136]LogMaterial: Display: Missing cached shadermap for CubeMaterial in PCD3D_SM5, Default, SM5 (DDC key hash: B4E0CAF3BFDBD38586CAA6903B7244CA68565A7B), compiling. 
[2022.04.05-10.38.43:636][136]LogMaterial: Display: Missing cached shadermap for FMatExpressionPreview MaterialExpressionConstant3Vector_0 in PCD3D_SM5, Default, SM5 (DDC key hash: 63922B1BD7CB40716EA60FB5C77AAFABDDF0FF08), compiling. 
[2022.04.05-10.38.43:651][136]MaterialEditorStats: Texture samplers: 0/16
[2022.04.05-10.38.43:719][137]LogShaderCompilers: Display: Submitted 2 shader compile jobs with 'ForceLocal' priority
[2022.04.05-10.38.43:719][137]LogShaderCompilers: Display: Submitted 10 shader compile jobs with 'Normal' priority
[2022.04.05-10.38.43:719][137]LogShaderCompilers: Display: Worker (1/13): shaders left to compile 2
[2022.04.05-10.38.43:719][137]LogShaderCompilers: Display: Worker (2/13): shaders left to compile 1
[2022.04.05-10.38.43:719][137]LogShaderCompilers: Display: Worker (3/13): shaders left to compile 10
[2022.04.05-10.38.43:719][137]LogShaderCompilers: Display: Worker (4/13): shaders left to compile 9
[2022.04.05-10.38.43:719][137]LogShaderCompilers: Display: Worker (5/13): shaders left to compile 8
[2022.04.05-10.38.43:719][137]LogShaderCompilers: Display: Worker (6/13): shaders left to compile 7
[2022.04.05-10.38.43:719][137]LogShaderCompilers: Display: Worker (7/13): shaders left to compile 6
[2022.04.05-10.38.43:719][137]LogShaderCompilers: Display: Worker (8/13): shaders left to compile 5
[2022.04.05-10.38.43:719][137]LogShaderCompilers: Display: Worker (9/13): shaders left to compile 4
[2022.04.05-10.38.43:719][137]LogShaderCompilers: Display: Worker (10/13): shaders left to compile 3
[2022.04.05-10.38.43:719][137]LogShaderCompilers: Display: Worker (11/13): shaders left to compile 2
[2022.04.05-10.38.43:719][137]LogShaderCompilers: Display: Worker (12/13): shaders left to compile 1
[2022.04.05-10.38.43:719][137]LogShaderCompilers: Display: Started 10 'Local' shader compile jobs with 'Normal' priority
[2022.04.05-10.38.43:719][137]LogShaderCompilers: Display: Started 2 'Local' shader compile jobs with 'ForceLocal' priority
[2022.04.05-10.38.44:838][177]LogShaderCompilers: Display: Submitted 2 shader compile jobs with 'ForceLocal' priority
[2022.04.05-10.38.45:505][196]LogShaderCompilers: Display: Worker (3/13): shaders left to compile 2
[2022.04.05-10.38.45:505][196]LogShaderCompilers: Display: Started 1 'Local' shader compile jobs with 'ForceLocal' priority
[2022.04.05-10.38.45:512][196]LogShaderCompilers: Display: === FShaderJobCache stats ===
[2022.04.05-10.38.45:513][196]LogShaderCompilers: Display: Total job queries 50, among them cache hits 0 (0.00%)
[2022.04.05-10.38.45:513][196]LogShaderCompilers: Display: Tracking 25 distinct input hashes that result in 4 distinct outputs (16.00%)
[2022.04.05-10.38.45:513][196]LogShaderCompilers: Display: RAM used: 0.02 MB (0.00 GB) of 819.20 MB (0.80 GB) budget. Usage: 0.00%
[2022.04.05-10.38.45:513][196]LogShaderCompilers: Display: ================================================
[2022.04.05-10.38.45:588][199]LogShaderCompilers: Display: Worker (2/13): shaders left to compile 1
[2022.04.05-10.38.45:588][199]LogShaderCompilers: Display: Started 1 'Local' shader compile jobs with 'ForceLocal' priority
[2022.04.05-10.38.45:630][200]MaterialEditorStats: Texture samplers: 2/16
[2022.04.05-10.38.52:540][530]MaterialEditorStats: Texture samplers: 3/16
[2022.04.05-10.38.53:044][556]MaterialEditorStats: Texture samplers: 4/16
[2022.04.05-10.38.53:764][587]MaterialEditorStats: Base pass shader: 791 instructions
[2022.04.05-10.38.53:764][587]MaterialEditorStats: Base pass shader with Surface Lightmap: 812 instructions
[2022.04.05-10.38.53:764][587]MaterialEditorStats: Base pass shader with Volumetric Lightmap: 859 instructions
[2022.04.05-10.38.53:764][587]MaterialEditorStats: Base pass vertex shader: 267 instructions
[2022.04.05-10.38.53:764][587]MaterialEditorStats: Texture samplers: 5/16
[2022.04.05-10.38.57:558][766]LogMaterial: Display: Missing cached shadermap for CubeMaterial in PCD3D_SM5, Default, SM5 (DDC key hash: 1E84C6FFEF3A838CA9C2BA77D7F40F75CF370232), compiling. 
[2022.04.05-10.38.57:560][766]LogMaterial: Display: Missing cached shadermap for FMatExpressionPreview MaterialExpressionConstant3Vector_0 in PCD3D_SM5, Default, SM5 (DDC key hash: 53C3C2F2AA5407F9538908041FBF0395FC26BF30), compiling. 
[2022.04.05-10.38.57:561][766]LogMaterial: Display: Missing cached shadermap for FMatExpressionPreview MaterialExpressionConstant3Vector_0 in PCD3D_SM5, Default, SM5 (DDC key hash: F24484A7F2204E682D46485B821559CBCEE4F48F), compiling. 
[2022.04.05-10.38.57:562][766]LogMaterial: Display: Missing cached shadermap for CubeMaterial in PCD3D_SM5, Default, SM5 (DDC key hash: 72D699A8C5FED93CD35B9DC26BE9EBA45F079F44), compiling. 
[2022.04.05-10.38.57:563][766]LogSlate: Window 'Color Picker' being destroyed
[2022.04.05-10.38.57:571][766]MaterialEditorStats: Texture samplers: 0/16
[2022.04.05-10.38.57:583][767]LogShaderCompilers: Display: Submitted 2 shader compile jobs with 'ForceLocal' priority
[2022.04.05-10.38.57:584][767]LogShaderCompilers: Display: Submitted 10 shader compile jobs with 'Normal' priority
[2022.04.05-10.38.57:590][768]LogShaderCompilers: Display: Submitted 2 shader compile jobs with 'ForceLocal' priority
[2022.04.05-10.38.57:590][768]LogShaderCompilers: Display: Worker (1/13): shaders left to compile 4
[2022.04.05-10.38.57:590][768]LogShaderCompilers: Display: Worker (2/13): shaders left to compile 3
[2022.04.05-10.38.57:590][768]LogShaderCompilers: Display: Worker (3/13): shaders left to compile 2
[2022.04.05-10.38.57:590][768]LogShaderCompilers: Display: Worker (4/13): shaders left to compile 1
[2022.04.05-10.38.57:590][768]LogShaderCompilers: Display: Worker (5/13): shaders left to compile 10
[2022.04.05-10.38.57:590][768]LogShaderCompilers: Display: Worker (6/13): shaders left to compile 9
[2022.04.05-10.38.57:590][768]LogShaderCompilers: Display: Worker (7/13): shaders left to compile 8
[2022.04.05-10.38.57:590][768]LogShaderCompilers: Display: Worker (8/13): shaders left to compile 7
[2022.04.05-10.38.57:590][768]LogShaderCompilers: Display: Worker (9/13): shaders left to compile 6
[2022.04.05-10.38.57:590][768]LogShaderCompilers: Display: Worker (10/13): shaders left to compile 5
[2022.04.05-10.38.57:590][768]LogShaderCompilers: Display: Worker (11/13): shaders left to compile 4
[2022.04.05-10.38.57:590][768]LogShaderCompilers: Display: Worker (12/13): shaders left to compile 3
[2022.04.05-10.38.57:590][768]LogShaderCompilers: Display: Started 8 'Local' shader compile jobs with 'Normal' priority
[2022.04.05-10.38.57:590][768]LogShaderCompilers: Display: Started 4 'Local' shader compile jobs with 'ForceLocal' priority
[2022.04.05-10.38.58:693][806]LogShaderCompilers: Display: Worker (5/13): shaders left to compile 2
[2022.04.05-10.38.58:693][806]LogShaderCompilers: Display: Started 1 'Local' shader compile jobs with 'Normal' priority
[2022.04.05-10.38.58:936][815]LogShaderCompilers: Display: Worker (2/13): shaders left to compile 1
[2022.04.05-10.38.58:936][815]LogShaderCompilers: Display: Started 1 'Local' shader compile jobs with 'Normal' priority
[2022.04.05-10.38.59:173][820]MaterialEditorStats: Texture samplers: 2/16
[2022.04.05-10.39.04:227][982]LogSlate: Window 'Message' being destroyed
[2022.04.05-10.39.04:234][982]Message dialog closed, result: Yes, title: Message, text: Would you like to apply the changes of the modified material to the original material?
/Game/Geometry/Meshes/CubeMaterial.CubeMaterial
(Selecting 'No' will cause all changes to be lost!)
[2022.04.05-10.39.04:605][982]LogMaterial: Display: Missing cached shadermap for CubeMaterial in PCD3D_SM5, Default, SM5 (DDC key hash: FB597B38E8A296059FAAF453BF0F9EE1D7104865), compiling. 
[2022.04.05-10.39.04:662][982]LogMaterial: Display: Missing cached shadermap for CubeMaterial in PCD3D_SM5, Default, SM5 (DDC key hash: 07CF868B064C513290B465155307F619045ACEAE), compiling. 
[2022.04.05-10.39.04:773][982]LogShaderCompilers: Display: Worker (1/13): shaders left to compile 2
[2022.04.05-10.39.04:773][982]LogShaderCompilers: Display: Worker (4/13): shaders left to compile 12
[2022.04.05-10.39.04:773][982]LogShaderCompilers: Display: Submitted 13 shader compile jobs with 'Normal' priority
[2022.04.05-10.39.04:773][982]LogShaderCompilers: Display: Worker (7/13): shaders left to compile 11
[2022.04.05-10.39.04:773][982]LogShaderCompilers: Display: Worker (11/13): shaders left to compile 10
[2022.04.05-10.39.04:773][982]LogShaderCompilers: Display: Started 4 'Local' shader compile jobs with 'Normal' priority
[2022.04.05-10.39.04:795][982]LogUObjectHash: Compacting FUObjectHashTables data took   9.86ms
[2022.04.05-10.39.05:571][982]LogShaderCompilers: Display: Worker (11/13): shaders left to compile 1
[2022.04.05-10.39.05:571][982]LogShaderCompilers: Display: Started 1 'Local' shader compile jobs with 'ForceLocal' priority
[2022.04.05-10.39.05:571][982]LogShaderCompilers: Display: Worker (11/13): shaders left to compile 8
[2022.04.05-10.39.05:571][982]LogShaderCompilers: Display: Started 1 'Local' shader compile jobs with 'Normal' priority
[2022.04.05-10.39.05:571][982]LogUObjectHash: Compacting FUObjectHashTables data took   3.19ms
[2022.04.05-10.39.05:632][982]LogShaderCompilers: Display: Worker (4/13): shaders left to compile 7
[2022.04.05-10.39.05:632][982]LogShaderCompilers: Display: Started 1 'Local' shader compile jobs with 'Normal' priority
[2022.04.05-10.39.05:632][982]LogWorld: UWorld::CleanupWorld for World_14, bSessionEnded=true, bCleanupResources=true
[2022.04.05-10.39.05:632][982]LogSlate: InvalidateAllWidgets triggered.  All widgets were invalidated
[2022.04.05-10.39.06:161][996]LogShaderCompilers: Display: Worker (12/13): shaders left to compile 6
[2022.04.05-10.39.06:161][996]LogShaderCompilers: Display: Started 1 'Local' shader compile jobs with 'Normal' priority
[2022.04.05-10.39.06:592][ 10]LogShaderCompilers: Display: Worker (6/13): shaders left to compile 5
[2022.04.05-10.39.06:592][ 10]LogShaderCompilers: Display: Worker (11/13): shaders left to compile 4
[2022.04.05-10.39.06:592][ 10]LogShaderCompilers: Display: Started 2 'Local' shader compile jobs with 'Normal' priority
[2022.04.05-10.39.06:712][ 14]LogShaderCompilers: Display: Worker (4/13): shaders left to compile 3
[2022.04.05-10.39.06:713][ 14]LogShaderCompilers: Display: Started 1 'Local' shader compile jobs with 'Normal' priority
[2022.04.05-10.39.06:934][ 24]LogShaderCompilers: Display: Worker (10/13): shaders left to compile 2
[2022.04.05-10.39.06:934][ 24]LogShaderCompilers: Display: Started 1 'Local' shader compile jobs with 'Normal' priority
[2022.04.05-10.39.07:245][ 36]LogShaderCompilers: Display: Worker (4/13): shaders left to compile 1
[2022.04.05-10.39.07:245][ 36]LogShaderCompilers: Display: Started 1 'Local' shader compile jobs with 'Normal' priority
[2022.04.05-10.39.08:490][ 79]Cmd: TRANSACTION UNDO
[2022.04.05-10.39.08:490][ 79]LogEditorTransaction: Undo Edit Constant
[2022.04.05-10.39.08:494][ 79]LogMaterial: Display: Missing cached shadermap for CubeMaterial in PCD3D_SM5, Default, SM5 (DDC key hash: 01B8A745DA3EE18ACD08791B1B3FD54814F61C1E), compiling. 
[2022.04.05-10.39.38:215][455]LogUObjectHash: Compacting FUObjectHashTables data took   2.36ms
[2022.04.05-10.39.38:217][455]LogFileHelpers: Editor autosave (incl. external actors) for '/Game/VRTemplate/Maps/VRTemplateMap' took 0.038
[2022.04.05-10.39.38:217][455]OBJ SavePackage: Generating thumbnails for [1] asset(s) in package [/Game/Geometry/Meshes/CubeMaterial] ([1] browsable assets)...
[2022.04.05-10.39.38:225][455]OBJ SavePackage:     Rendered thumbnail for [Material /Game/Geometry/Meshes/CubeMaterial.CubeMaterial]
[2022.04.05-10.39.38:225][455]OBJ SavePackage: Finished generating thumbnails for package [/Game/Geometry/Meshes/CubeMaterial]
[2022.04.05-10.39.38:230][455]LogSavePackage: Moving '../../../../../../Users/dmock/Unreal projects/P8/P8ToBeAnnounced/P8_VR_Home/Saved/CubeMaterial_Auto48FBF09E8411EEE97B8A20BB3A6C42BA3.tmp' to '../../../../../../Users/dmock/Unreal projects/P8/P8ToBeAnnounced/P8_VR_Home/Saved/Autosaves/Game/Geometry/Meshes/CubeMaterial_Auto4.uasset'
[2022.04.05-10.39.38:231][455]LogFileHelpers: Auto-saving content packages took 0.014
[2022.04.05-10.40.29:020][851]BlueprintLog: New page: Compile FlapsButton
[2022.04.05-10.40.29:063][851]LogUObjectHash: Compacting FUObjectHashTables data took   2.42ms
[2022.04.05-10.40.59:935][299]LogContentBrowser: Attempting asset rename: FlapsButton -> VentsButton
[2022.04.05-10.40.59:955][299]LogMetaData: Removing '/Game/FirstPersonBP/MyStuff/VentsButton.VentsButton:UserConstructionScript.K2Node_FunctionEntry_0' ref from Metadata '/Game/FirstPersonBP/MyStuff/FlapsButton.PackageMetaData'
[2022.04.05-10.40.59:955][299]LogMetaData: Removing '/Game/FirstPersonBP/MyStuff/VentsButton.SKEL_VentsButton_C' ref from Metadata '/Game/FirstPersonBP/MyStuff/FlapsButton.PackageMetaData'
[2022.04.05-10.40.59:955][299]LogMetaData: Removing '/Game/FirstPersonBP/MyStuff/VentsButton.VentsButton_C' ref from Metadata '/Game/FirstPersonBP/MyStuff/FlapsButton.PackageMetaData'
[2022.04.05-10.40.59:955][299]LogMetaData: Removing '/Game/FirstPersonBP/MyStuff/VentsButton.VentsButton:EventGraph.K2Node_Event_0' ref from Metadata '/Game/FirstPersonBP/MyStuff/FlapsButton.PackageMetaData'
[2022.04.05-10.40.59:955][299]LogMetaData: Removing '/Game/FirstPersonBP/MyStuff/VentsButton.VentsButton:EventGraph.K2Node_Event_1' ref from Metadata '/Game/FirstPersonBP/MyStuff/FlapsButton.PackageMetaData'
[2022.04.05-10.40.59:955][299]LogMetaData: Removing '/Game/FirstPersonBP/MyStuff/VentsButton.VentsButton:EventGraph.K2Node_Event_2' ref from Metadata '/Game/FirstPersonBP/MyStuff/FlapsButton.PackageMetaData'
[2022.04.05-10.40.59:955][299]LogMetaData: Removing '/Game/FirstPersonBP/MyStuff/VentsButton.SKEL_VentsButton_C:ReceiveBeginPlay' ref from Metadata '/Game/FirstPersonBP/MyStuff/FlapsButton.PackageMetaData'
[2022.04.05-10.40.59:955][299]LogMetaData: Removing '/Game/FirstPersonBP/MyStuff/VentsButton.SKEL_VentsButton_C:ReceiveActorBeginOverlap' ref from Metadata '/Game/FirstPersonBP/MyStuff/FlapsButton.PackageMetaData'
[2022.04.05-10.40.59:955][299]LogMetaData: Removing '/Game/FirstPersonBP/MyStuff/VentsButton.SKEL_VentsButton_C:ReceiveTick' ref from Metadata '/Game/FirstPersonBP/MyStuff/FlapsButton.PackageMetaData'
[2022.04.05-10.40.59:955][299]LogMetaData: Removing '/Game/FirstPersonBP/MyStuff/VentsButton.SKEL_VentsButton_C:UserConstructionScript' ref from Metadata '/Game/FirstPersonBP/MyStuff/FlapsButton.PackageMetaData'
[2022.04.05-10.41.00:034][299]LogSavePackage: Moving '../../../../../../Users/dmock/Unreal projects/P8/P8ToBeAnnounced/P8_VR_Home/Saved/VentsButton11E1C1FA4A73368B1C08B683BB9E5EFB.tmp' to '../../../../../../Users/dmock/Unreal projects/P8/P8ToBeAnnounced/P8_VR_Home/Content/FirstPersonBP/MyStuff/VentsButton.uasset'
[2022.04.05-10.41.00:141][299]LogUObjectHash: Compacting FUObjectHashTables data took   3.18ms
[2022.04.05-10.41.00:175][299]LogUObjectHash: Compacting FUObjectHashTables data took   2.19ms
[2022.04.05-10.41.00:205][299]LogUObjectHash: Compacting FUObjectHashTables data took   0.65ms
[2022.04.05-10.41.00:273][299]AssetCheck: New page: Asset Save: VentsButton
[2022.04.05-10.41.00:273][299]LogContentValidation: Display: Validating Blueprint /Game/FirstPersonBP/MyStuff/VentsButton.VentsButton
[2022.04.05-10.42.08:908][505]LogAssetEditorSubsystem: Opening Asset editor for Blueprint /Game/FirstPersonBP/MyStuff/BlindsButton.BlindsButton
[2022.04.05-10.42.52:782][551]BlueprintLog: New page: Compile BlindsButton
[2022.04.05-10.42.52:833][551]LogUObjectHash: Compacting FUObjectHashTables data took   3.51ms
[2022.04.05-10.47.40:109][197]LogSlate: Prevented a slow task dialog from being summoned while a context menu was open
[2022.04.05-10.47.40:132][197]LogEditorClassViewer: Warning: Class /Engine/Tutorial/InWorldBlueprintEditing/TutorialAssets/IWBE_Blutility.IWBE_Blutility_C has parent /Script/Blutility.PlacedEditorUtilityBase, but this parent is not found. The Class will not be shown in ClassViewer.
[2022.04.05-10.48.09:145][562]LogAssetEditorSubsystem: Opening Asset editor for Blueprint /Game/ScriptsBluePrints/Grab.Grab
[2022.04.05-10.48.26:325][358]LogWorld: UWorld::CleanupWorld for World_18, bSessionEnded=true, bCleanupResources=true
[2022.04.05-10.48.26:325][358]LogSlate: InvalidateAllWidgets triggered.  All widgets were invalidated
[2022.04.05-10.48.46:207][301]BlueprintLog: New page: Compile BlindsButton
[2022.04.05-10.48.46:262][301]LogUObjectHash: Compacting FUObjectHashTables data took   3.81ms
[2022.04.05-10.50.10:347][255]BlueprintLog: New page: Compile BlindsButton
[2022.04.05-10.50.10:397][255]LogUObjectHash: Compacting FUObjectHashTables data took   3.66ms
[2022.04.05-10.50.28:548][997]Cmd: CAMERA ALIGN ACTIVEVIEWPORTONLY
[2022.04.05-10.50.31:121][108]Cmd: TRANSACTION UNDO
[2022.04.05-10.50.31:121][108]LogEditorTransaction: Undo Move Actors
[2022.04.05-10.50.50:412][958]LogTemp: Repeating last play command: VR Preview
[2022.04.05-10.50.50:421][958]LogPlayLevel: PlayLevel: No blueprints needed recompiling
[2022.04.05-10.50.50:421][958]LogHMD: Initializing OVRPlugin session
[2022.04.05-10.50.50:549][958]LogHMD: Allocating Oculus 3200 x 1600 rendertarget swapchain
[2022.04.05-10.50.50:556][958]PIE: New page: PIE session: VRTemplateMap (Apr 5, 2022, 2:50:50 PM)
[2022.04.05-10.50.50:557][958]LogPlayLevel: Creating play world package: /Game/VRTemplate/Maps/UEDPIE_0_VRTemplateMap
[2022.04.05-10.50.50:582][958]LogPlayLevel: PIE: StaticDuplicateObject took: (0.025702s)
[2022.04.05-10.50.50:583][958]LogAIModule: Creating AISystem for world VRTemplateMap
[2022.04.05-10.50.50:583][958]LogPlayLevel: PIE: World Init took: (0.001054s)
[2022.04.05-10.50.50:583][958]LogPlayLevel: PIE: Created PIE world by copying editor world from /Game/VRTemplate/Maps/VRTemplateMap.VRTemplateMap to /Game/VRTemplate/Maps/UEDPIE_0_VRTemplateMap.VRTemplateMap (0.026942s)
[2022.04.05-10.50.50:622][958]LogUObjectHash: Compacting FUObjectHashTables data took   3.65ms
[2022.04.05-10.50.50:624][958]LogAudio: Display: Creating Audio Device:                 Id: 5, Scope: Unique, Realtime: True
[2022.04.05-10.50.50:625][958]LogAudioMixer: Display: Audio Mixer Platform Settings:
[2022.04.05-10.50.50:625][958]LogAudioMixer: Display: 	Sample Rate:						  48000
[2022.04.05-10.50.50:625][958]LogAudioMixer: Display: 	Callback Buffer Frame Size Requested: 1024
[2022.04.05-10.50.50:625][958]LogAudioMixer: Display: 	Callback Buffer Frame Size To Use:	  1024
[2022.04.05-10.50.50:625][958]LogAudioMixer: Display: 	Number of buffers to queue:			  1
[2022.04.05-10.50.50:625][958]LogAudioMixer: Display: 	Max Channels (voices):				  0
[2022.04.05-10.50.50:625][958]LogAudioMixer: Display: 	Number of Async Source Workers:		  4
[2022.04.05-10.50.50:625][958]LogAudio: Display: AudioDevice MaxSources: 32
[2022.04.05-10.50.50:626][958]LogAudio: Display: Audio Spatialization Plugin: Resonance Audio is external send: 1
[2022.04.05-10.50.50:626][958]LogAudio: Display: Audio Reverb Plugin: Resonance Audio
[2022.04.05-10.50.50:626][958]LogAudio: Display: Audio Occlusion Plugin: None (built-in).
[2022.04.05-10.50.50:626][958]LogAudioMixer: Display: Initializing audio mixer.
[2022.04.05-10.50.50:627][958]LogAudioMixer: Display: 0: FrontLeft
[2022.04.05-10.50.50:627][958]LogAudioMixer: Display: 1: FrontRight
[2022.04.05-10.50.50:627][958]LogAudioMixer: Display: 0: FrontLeft
[2022.04.05-10.50.50:627][958]LogAudioMixer: Display: 1: FrontRight
[2022.04.05-10.50.50:628][958]LogAudioMixer: Display: 0: FrontLeft
[2022.04.05-10.50.50:628][958]LogAudioMixer: Display: 1: FrontRight
[2022.04.05-10.50.50:628][958]LogAudioMixer: Display: 0: FrontLeft
[2022.04.05-10.50.50:628][958]LogAudioMixer: Display: 1: FrontRight
[2022.04.05-10.50.50:633][958]LogAudioMixer: Display: Using Audio Device Headphones (Oculus Virtual Audio Device)
[2022.04.05-10.50.50:634][958]LogAudioMixer: Display: Initializing Sound Submixes...
[2022.04.05-10.50.50:634][958]LogAudioMixer: Display: Creating Master Submix 'MasterSubmixDefault'
[2022.04.05-10.50.50:634][958]LogAudioMixer: Display: Creating Master Submix 'MasterReverbSubmixDefault'
[2022.04.05-10.50.50:634][958]LogAudioMixer: Display: Creating Master Submix 'MasterEQSubmixDefault'
[2022.04.05-10.50.50:634][958]LogAudioMixer: FMixerPlatformXAudio2::StartAudioStream() called
[2022.04.05-10.50.50:634][958]LogAudioMixer: Display: Output buffers initialized: Frames=1024, Channels=2, Samples=2048
[2022.04.05-10.50.50:635][958]LogAudioMixer: Display: Starting AudioMixerPlatformInterface::RunInternal()
[2022.04.05-10.50.50:635][958]LogAudioMixer: Display: FMixerPlatformXAudio2::SubmitBuffer() called for the first time
[2022.04.05-10.50.50:635][958]LogInit: FAudioDevice initialized.
[2022.04.05-10.50.50:635][958]LogAudio: Display: Audio Device (ID: 5) registered with world 'VRTemplateMap'.
[2022.04.05-10.50.50:643][958]LogSlate: Updating window title bar state: overlay mode, drag disabled, window buttons hidden, title bar hidden
[2022.04.05-10.50.50:662][958]LogHMD: Allocating Oculus 3648 x 1840 rendertarget swapchain
[2022.04.05-10.50.50:689][958]LogLoad: Game class is 'VRGameMode_C'
[2022.04.05-10.50.50:700][958]LogWorld: Bringing World /Game/VRTemplate/Maps/UEDPIE_0_VRTemplateMap.VRTemplateMap up for play (max tick rate 0) at 2022.04.05-12.50.50
[2022.04.05-10.50.50:701][958]LogWorld: Bringing up level for play took: 0.010450
[2022.04.05-10.50.50:701][958]LogOnline: OSS: Creating online subsystem instance for: :Context_23
[2022.04.05-10.50.50:703][958]LogSpawn: Warning: SpawnActor failed because no class was specified
[2022.04.05-10.50.50:705][958]LogSlate: New Slate User Created.  User Index 8, Is Virtual User: 1
[2022.04.05-10.50.50:705][958]LogSlate: Slate User Registered.  User Index 8, Is Virtual User: 1
[2022.04.05-10.50.50:714][958]PIE: Server logged in
[2022.04.05-10.50.50:716][958]PIE: Play in editor total start time 0.299 seconds.
[2022.04.05-10.50.50:718][958]LogEngine: Changing dynamic resolution state.
[2022.04.05-10.50.50:725][958]LogResonanceAudio: Display: Resonance Audio Listener is initialized
[2022.04.05-10.50.50:741][958]LogHMD: Allocating Oculus 3648 x 1840 depth rendertarget swapchain
[2022.04.05-10.51.01:501][520]LogBlueprintUserMessages: [BlindsButton_2] Grab
[2022.04.05-10.51.01:529][522]LogProfilingDebugging: Allocated a 1024 x 1024 texture for HMD canvas layer
[2022.04.05-10.51.02:051][551]LogBlueprintUserMessages: [BlindsButton_2] release
[2022.04.05-10.51.03:836][665]LogBlueprintUserMessages: [BlindsButton_2] Grab
[2022.04.05-10.51.04:306][699]LogBlueprintUserMessages: [BlindsButton_2] release
[2022.04.05-10.51.05:671][797]LogBlueprintUserMessages: [BlindsButton_2] Grab
[2022.04.05-10.51.06:591][863]LogBlueprintUserMessages: [BlindsButton_2] release
[2022.04.05-10.51.07:305][914]LogBlueprintUserMessages: [BlindsButton_2] Grab
[2022.04.05-10.51.08:099][971]LogBlueprintUserMessages: [BlindsButton_2] release
[2022.04.05-10.51.08:739][ 17]LogBlueprintUserMessages: [BlindsButton_2] Grab
[2022.04.05-10.51.09:210][ 51]LogBlueprintUserMessages: [BlindsButton_2] release
[2022.04.05-10.51.10:145][117]LogBlueprintUserMessages: [BlindsButton_2] Grab
[2022.04.05-10.51.10:516][144]LogBlueprintUserMessages: [BlindsButton_2] release
[2022.04.05-10.51.12:611][284]LogSlate: Updating window title bar state: overlay mode, drag disabled, window buttons hidden, title bar hidden
[2022.04.05-10.51.12:611][284]LogWorld: BeginTearingDown for /Game/VRTemplate/Maps/UEDPIE_0_VRTemplateMap
[2022.04.05-10.51.12:630][284]LogSlate: Window 'P8_VR_Home Preview [NetMode: Standalone]  (64-bit/Windows) OculusHMD' being destroyed
[2022.04.05-10.51.12:657][284]LogWorld: UWorld::CleanupWorld for VRTemplateMap, bSessionEnded=true, bCleanupResources=true
[2022.04.05-10.51.12:659][284]LogSlate: InvalidateAllWidgets triggered.  All widgets were invalidated
[2022.04.05-10.51.12:666][284]LogPlayLevel: Display: Shutting down PIE online subsystems
[2022.04.05-10.51.12:676][284]LogSlate: InvalidateAllWidgets triggered.  All widgets were invalidated
[2022.04.05-10.51.12:711][284]LogAudio: Display: Audio Device unregistered from world 'None'.
[2022.04.05-10.51.12:712][284]LogResonanceAudio: Display: Resonance Audio Listener is shutdown
[2022.04.05-10.51.12:712][284]LogAudioMixer: FMixerPlatformXAudio2::StopAudioStream() called
[2022.04.05-10.51.12:713][284]LogAudioMixer: FMixerPlatformXAudio2::StopAudioStream() called
[2022.04.05-10.51.12:721][284]LogSlate: Slate User Unregistered.  User Index 8
[2022.04.05-10.51.12:721][284]LogSlate: Slate User Destroyed.  User Index 8, Is Virtual User: 1
[2022.04.05-10.51.12:723][284]LogUObjectHash: Compacting FUObjectHashTables data took   2.70ms
[2022.04.05-10.51.12:748][285]LogPlayLevel: Display: Destroying online subsystem :Context_23
[2022.04.05-10.51.12:757][285]LogEngine: Changing dynamic resolution state.
[2022.04.05-10.52.06:246][789]LogUObjectHash: Compacting FUObjectHashTables data took   2.37ms
[2022.04.05-10.52.06:347][789]LogSavePackage: Moving '../../../../../../Users/dmock/Unreal projects/P8/P8ToBeAnnounced/P8_VR_Home/Saved/VRTemplateMap_Auto5C590010A4ADD02032479A5A36C7DC04A.tmp' to '../../../../../../Users/dmock/Unreal projects/P8/P8ToBeAnnounced/P8_VR_Home/Saved/Autosaves/Game/VRTemplate/Maps/VRTemplateMap_Auto5.umap'
[2022.04.05-10.52.06:349][789]LogFileHelpers: Editor autosave (incl. external actors) for '/Game/VRTemplate/Maps/VRTemplateMap' took 0.134
[2022.04.05-10.52.06:349][789]LogFileHelpers: Editor autosave (incl. sublevels & external actors) for all levels took 0.134
[2022.04.05-10.52.06:349][789]OBJ SavePackage: Generating thumbnails for [2] asset(s) in package [/Game/FirstPersonBP/MyStuff/BlindsButton] ([2] browsable assets)...
[2022.04.05-10.52.06:357][789]OBJ SavePackage:     Rendered thumbnail for [Blueprint /Game/FirstPersonBP/MyStuff/BlindsButton.BlindsButton]
[2022.04.05-10.52.06:358][789]OBJ SavePackage: Finished generating thumbnails for package [/Game/FirstPersonBP/MyStuff/BlindsButton]
[2022.04.05-10.52.06:367][789]LogSavePackage: Moving '../../../../../../Users/dmock/Unreal projects/P8/P8ToBeAnnounced/P8_VR_Home/Saved/BlindsButton_Auto55D8B9D2B41D920F886AA2E885A347916.tmp' to '../../../../../../Users/dmock/Unreal projects/P8/P8ToBeAnnounced/P8_VR_Home/Saved/Autosaves/Game/FirstPersonBP/MyStuff/BlindsButton_Auto5.uasset'
[2022.04.05-10.52.06:368][789]LogFileHelpers: Auto-saving content packages took 0.019
[2022.04.05-10.52.18:138][344]LogWorld: UWorld::CleanupWorld for World_11, bSessionEnded=true, bCleanupResources=true
[2022.04.05-10.52.18:138][344]LogSlate: InvalidateAllWidgets triggered.  All widgets were invalidated
[2022.04.05-10.52.22:296][538]LogWorld: UWorld::CleanupWorld for World_2, bSessionEnded=true, bCleanupResources=true
[2022.04.05-10.52.22:296][538]LogSlate: InvalidateAllWidgets triggered.  All widgets were invalidated
[2022.04.05-10.52.23:825][607]LogActorComponent: UnregisterComponent: (/Engine/Transient.EditorFloorComp) Not registered. Aborting.
[2022.04.05-10.52.23:825][607]LogWorld: UWorld::CleanupWorld for World_1, bSessionEnded=true, bCleanupResources=true
[2022.04.05-10.52.23:825][607]LogSlate: InvalidateAllWidgets triggered.  All widgets were invalidated
[2022.04.05-10.52.36:099][178]LogAssetEditorSubsystem: Opening Asset editor for Blueprint /Game/ScriptsBluePrints/ShutterHandle.ShutterHandle
[2022.04.05-10.52.38:474][272]LogAssetEditorSubsystem: Opening Asset editor for Blueprint /Game/ScriptsBluePrints/shutters_logic.shutters_logic
[2022.04.05-10.52.43:102][480]LogEditorViewport: Clicking on Actor (LMB): CabinetRight_C (topRow06)
[2022.04.05-10.52.44:177][530]LogEditorViewport: Clicking on Actor (LMB): StaticMeshActor (Group_364_38)
[2022.04.05-10.52.45:255][581]Cmd: CAMERA ALIGN ACTIVEVIEWPORTONLY
[2022.04.05-10.58.28:279][813]BlueprintLog: New page: Compile BlindsButton
[2022.04.05-10.58.28:338][813]LogUObjectHash: Compacting FUObjectHashTables data took   3.97ms
[2022.04.05-10.58.42:915][504]LogEditorViewport: Clicking on Actor (LMB): StaticMeshActor (Group_364_74)
[2022.04.05-11.00.10:885][657]BlueprintLog: New page: Compile shutters_logic
[2022.04.05-11.00.10:944][657]LogUObjectHash: Compacting FUObjectHashTables data took   3.22ms
[2022.04.05-11.00.18:056][978]LogTemp: Repeating last play command: VR Preview
[2022.04.05-11.00.18:063][978]LogPlayLevel: PlayLevel: No blueprints needed recompiling
[2022.04.05-11.00.18:063][978]LogHMD: Initializing OVRPlugin session
[2022.04.05-11.00.18:196][978]LogHMD: Allocating Oculus 3200 x 1600 rendertarget swapchain
[2022.04.05-11.00.18:197][978]PIE: New page: PIE session: VRTemplateMap (Apr 5, 2022, 3:00:18 PM)
[2022.04.05-11.00.18:197][978]LogPlayLevel: Creating play world package: /Game/VRTemplate/Maps/UEDPIE_0_VRTemplateMap
[2022.04.05-11.00.18:220][978]LogPlayLevel: PIE: StaticDuplicateObject took: (0.023419s)
[2022.04.05-11.00.18:221][978]LogAIModule: Creating AISystem for world VRTemplateMap
[2022.04.05-11.00.18:221][978]LogPlayLevel: PIE: World Init took: (0.000958s)
[2022.04.05-11.00.18:221][978]LogPlayLevel: PIE: Created PIE world by copying editor world from /Game/VRTemplate/Maps/VRTemplateMap.VRTemplateMap to /Game/VRTemplate/Maps/UEDPIE_0_VRTemplateMap.VRTemplateMap (0.024520s)
[2022.04.05-11.00.18:257][978]LogUObjectHash: Compacting FUObjectHashTables data took   4.46ms
[2022.04.05-11.00.18:258][978]LogAudio: Display: Creating Audio Device:                 Id: 6, Scope: Unique, Realtime: True
[2022.04.05-11.00.18:258][978]LogAudioMixer: Display: Audio Mixer Platform Settings:
[2022.04.05-11.00.18:258][978]LogAudioMixer: Display: 	Sample Rate:						  48000
[2022.04.05-11.00.18:258][978]LogAudioMixer: Display: 	Callback Buffer Frame Size Requested: 1024
[2022.04.05-11.00.18:258][978]LogAudioMixer: Display: 	Callback Buffer Frame Size To Use:	  1024
[2022.04.05-11.00.18:258][978]LogAudioMixer: Display: 	Number of buffers to queue:			  1
[2022.04.05-11.00.18:258][978]LogAudioMixer: Display: 	Max Channels (voices):				  0
[2022.04.05-11.00.18:258][978]LogAudioMixer: Display: 	Number of Async Source Workers:		  4
[2022.04.05-11.00.18:258][978]LogAudio: Display: AudioDevice MaxSources: 32
[2022.04.05-11.00.18:259][978]LogAudio: Display: Audio Spatialization Plugin: Resonance Audio is external send: 1
[2022.04.05-11.00.18:259][978]LogAudio: Display: Audio Reverb Plugin: Resonance Audio
[2022.04.05-11.00.18:259][978]LogAudio: Display: Audio Occlusion Plugin: None (built-in).
[2022.04.05-11.00.18:259][978]LogAudioMixer: Display: Initializing audio mixer.
[2022.04.05-11.00.18:260][978]LogAudioMixer: Display: 0: FrontLeft
[2022.04.05-11.00.18:260][978]LogAudioMixer: Display: 1: FrontRight
[2022.04.05-11.00.18:260][978]LogAudioMixer: Display: 0: FrontLeft
[2022.04.05-11.00.18:260][978]LogAudioMixer: Display: 1: FrontRight
[2022.04.05-11.00.18:261][978]LogAudioMixer: Display: 0: FrontLeft
[2022.04.05-11.00.18:261][978]LogAudioMixer: Display: 1: FrontRight
[2022.04.05-11.00.18:262][978]LogAudioMixer: Display: 0: FrontLeft
[2022.04.05-11.00.18:262][978]LogAudioMixer: Display: 1: FrontRight
[2022.04.05-11.00.18:268][978]LogAudioMixer: Display: Using Audio Device Headphones (Oculus Virtual Audio Device)
[2022.04.05-11.00.18:268][978]LogAudioMixer: Display: Initializing Sound Submixes...
[2022.04.05-11.00.18:268][978]LogAudioMixer: Display: Creating Master Submix 'MasterSubmixDefault'
[2022.04.05-11.00.18:268][978]LogAudioMixer: Display: Creating Master Submix 'MasterReverbSubmixDefault'
[2022.04.05-11.00.18:269][978]LogAudioMixer: Display: Creating Master Submix 'MasterEQSubmixDefault'
[2022.04.05-11.00.18:269][978]LogAudioMixer: FMixerPlatformXAudio2::StartAudioStream() called
[2022.04.05-11.00.18:269][978]LogAudioMixer: Display: Output buffers initialized: Frames=1024, Channels=2, Samples=2048
[2022.04.05-11.00.18:270][978]LogAudioMixer: Display: Starting AudioMixerPlatformInterface::RunInternal()
[2022.04.05-11.00.18:270][978]LogAudioMixer: Display: FMixerPlatformXAudio2::SubmitBuffer() called for the first time
[2022.04.05-11.00.18:270][978]LogInit: FAudioDevice initialized.
[2022.04.05-11.00.18:270][978]LogAudio: Display: Audio Device (ID: 6) registered with world 'VRTemplateMap'.
[2022.04.05-11.00.18:281][978]LogSlate: Updating window title bar state: overlay mode, drag disabled, window buttons hidden, title bar hidden
[2022.04.05-11.00.18:300][978]LogHMD: Allocating Oculus 3648 x 1840 rendertarget swapchain
[2022.04.05-11.00.18:329][978]LogLoad: Game class is 'VRGameMode_C'
[2022.04.05-11.00.18:339][978]LogWorld: Bringing World /Game/VRTemplate/Maps/UEDPIE_0_VRTemplateMap.VRTemplateMap up for play (max tick rate 0) at 2022.04.05-13.00.18
[2022.04.05-11.00.18:339][978]LogWorld: Bringing up level for play took: 0.009628
[2022.04.05-11.00.18:340][978]LogOnline: OSS: Creating online subsystem instance for: :Context_26
[2022.04.05-11.00.18:342][978]LogSpawn: Warning: SpawnActor failed because no class was specified
[2022.04.05-11.00.18:343][978]LogSlate: New Slate User Created.  User Index 8, Is Virtual User: 1
[2022.04.05-11.00.18:344][978]LogSlate: Slate User Registered.  User Index 8, Is Virtual User: 1
[2022.04.05-11.00.18:344][978]LogBlueprintUserMessages: [shutters_logic] 42
[2022.04.05-11.00.18:355][978]PIE: Server logged in
[2022.04.05-11.00.18:357][978]PIE: Play in editor total start time 0.296 seconds.
[2022.04.05-11.00.18:359][978]LogEngine: Changing dynamic resolution state.
[2022.04.05-11.00.18:368][978]LogResonanceAudio: Display: Resonance Audio Listener is initialized
[2022.04.05-11.00.18:389][978]LogHMD: Allocating Oculus 3648 x 1840 depth rendertarget swapchain
[2022.04.05-11.00.18:417][980]LogProfilingDebugging: Allocated a 1024 x 1024 texture for HMD canvas layer
[2022.04.05-11.00.33:627][790]LogBlueprintUserMessages: [BlindsButton_2] Grab
[2022.04.05-11.00.36:025][961]LogBlueprintUserMessages: [BlindsButton_2] Grab
[2022.04.05-11.00.36:718][ 10]LogBlueprintUserMessages: [BlindsButton_2] Grab
[2022.04.05-11.00.37:916][ 96]LogBlueprintUserMessages: [BlindsButton_2] Grab
[2022.04.05-11.00.38:339][125]LogBlueprintUserMessages: [BlindsButton_2] Grab
[2022.04.05-11.00.38:608][144]LogBlueprintUserMessages: [BlindsButton_2] Grab
[2022.04.05-11.00.38:812][159]LogBlueprintUserMessages: [BlindsButton_2] Grab
[2022.04.05-11.00.38:990][172]LogBlueprintUserMessages: [BlindsButton_2] Grab
[2022.04.05-11.00.40:605][280]LogBlueprintUserMessages: [BlindsButton_2] Grab
[2022.04.05-11.00.40:842][296]LogBlueprintUserMessages: [BlindsButton_2] Grab
[2022.04.05-11.00.41:140][316]LogBlueprintUserMessages: [BlindsButton_2] Grab
[2022.04.05-11.00.41:356][332]LogBlueprintUserMessages: [BlindsButton_2] Grab
[2022.04.05-11.00.41:546][345]LogBlueprintUserMessages: [BlindsButton_2] Grab
[2022.04.05-11.00.41:852][367]LogBlueprintUserMessages: [BlindsButton_2] Grab
[2022.04.05-11.00.42:387][406]LogBlueprintUserMessages: [BlindsButton_2] Grab
[2022.04.05-11.00.42:652][425]LogBlueprintUserMessages: [BlindsButton_2] Grab
[2022.04.05-11.00.42:844][439]LogBlueprintUserMessages: [BlindsButton_2] Grab
[2022.04.05-11.00.43:085][456]LogBlueprintUserMessages: [BlindsButton_2] Grab
[2022.04.05-11.00.46:624][683]LogSlate: Updating window title bar state: overlay mode, drag disabled, window buttons hidden, title bar hidden
[2022.04.05-11.00.46:624][683]LogWorld: BeginTearingDown for /Game/VRTemplate/Maps/UEDPIE_0_VRTemplateMap
[2022.04.05-11.00.46:650][683]LogSlate: Window 'P8_VR_Home Preview [NetMode: Standalone]  (64-bit/Windows) OculusHMD' being destroyed
[2022.04.05-11.00.46:686][683]LogWorld: UWorld::CleanupWorld for VRTemplateMap, bSessionEnded=true, bCleanupResources=true
[2022.04.05-11.00.46:687][683]LogSlate: InvalidateAllWidgets triggered.  All widgets were invalidated
[2022.04.05-11.00.46:700][683]LogPlayLevel: Display: Shutting down PIE online subsystems
[2022.04.05-11.00.46:719][683]LogSlate: InvalidateAllWidgets triggered.  All widgets were invalidated
[2022.04.05-11.00.46:752][683]LogAudio: Display: Audio Device unregistered from world 'None'.
[2022.04.05-11.00.46:753][683]LogResonanceAudio: Display: Resonance Audio Listener is shutdown
[2022.04.05-11.00.46:753][683]LogAudioMixer: FMixerPlatformXAudio2::StopAudioStream() called
[2022.04.05-11.00.46:754][683]LogAudioMixer: FMixerPlatformXAudio2::StopAudioStream() called
[2022.04.05-11.00.46:760][683]LogSlate: Slate User Unregistered.  User Index 8
[2022.04.05-11.00.46:760][683]LogSlate: Slate User Destroyed.  User Index 8, Is Virtual User: 1
[2022.04.05-11.00.46:762][683]LogUObjectHash: Compacting FUObjectHashTables data took   2.62ms
[2022.04.05-11.00.46:791][684]LogPlayLevel: Display: Destroying online subsystem :Context_26
[2022.04.05-11.00.46:857][684]LogEngine: Changing dynamic resolution state.
[2022.04.05-11.00.49:905][821]LogEditorViewport: Clicking on Actor (LMB): StaticMeshActor (TemplateFloor)
[2022.04.05-11.00.59:104][255]LogNavigationPoint: PostEditMove Clear paths rebuilt
[2022.04.05-11.01.00:475][321]LogNavigationPoint: PostEditMove Clear paths rebuilt
[2022.04.05-11.01.03:566][464]LogNavigationPoint: PostEditMove Clear paths rebuilt
[2022.04.05-11.01.05:073][531]LogTemp: Repeating last play command: VR Preview
[2022.04.05-11.01.05:079][531]LogPlayLevel: PlayLevel: No blueprints needed recompiling
[2022.04.05-11.01.05:079][531]LogHMD: Initializing OVRPlugin session
[2022.04.05-11.01.05:355][531]LogHMD: Allocating Oculus 3200 x 1600 rendertarget swapchain
[2022.04.05-11.01.05:356][531]PIE: New page: PIE session: VRTemplateMap (Apr 5, 2022, 3:01:05 PM)
[2022.04.05-11.01.05:356][531]LogPlayLevel: Creating play world package: /Game/VRTemplate/Maps/UEDPIE_0_VRTemplateMap
[2022.04.05-11.01.05:379][531]LogPlayLevel: PIE: StaticDuplicateObject took: (0.022132s)
[2022.04.05-11.01.05:379][531]LogAIModule: Creating AISystem for world VRTemplateMap
[2022.04.05-11.01.05:380][531]LogPlayLevel: PIE: World Init took: (0.000805s)
[2022.04.05-11.01.05:380][531]LogPlayLevel: PIE: Created PIE world by copying editor world from /Game/VRTemplate/Maps/VRTemplateMap.VRTemplateMap to /Game/VRTemplate/Maps/UEDPIE_0_VRTemplateMap.VRTemplateMap (0.023071s)
[2022.04.05-11.01.05:414][531]LogUObjectHash: Compacting FUObjectHashTables data took   3.30ms
[2022.04.05-11.01.05:417][531]LogAudio: Display: Creating Audio Device:                 Id: 7, Scope: Unique, Realtime: True
[2022.04.05-11.01.05:417][531]LogAudioMixer: Display: Audio Mixer Platform Settings:
[2022.04.05-11.01.05:417][531]LogAudioMixer: Display: 	Sample Rate:						  48000
[2022.04.05-11.01.05:417][531]LogAudioMixer: Display: 	Callback Buffer Frame Size Requested: 1024
[2022.04.05-11.01.05:417][531]LogAudioMixer: Display: 	Callback Buffer Frame Size To Use:	  1024
[2022.04.05-11.01.05:417][531]LogAudioMixer: Display: 	Number of buffers to queue:			  1
[2022.04.05-11.01.05:417][531]LogAudioMixer: Display: 	Max Channels (voices):				  0
[2022.04.05-11.01.05:417][531]LogAudioMixer: Display: 	Number of Async Source Workers:		  4
[2022.04.05-11.01.05:417][531]LogAudio: Display: AudioDevice MaxSources: 32
[2022.04.05-11.01.05:417][531]LogAudio: Display: Audio Spatialization Plugin: Resonance Audio is external send: 1
[2022.04.05-11.01.05:417][531]LogAudio: Display: Audio Reverb Plugin: Resonance Audio
[2022.04.05-11.01.05:417][531]LogAudio: Display: Audio Occlusion Plugin: None (built-in).
[2022.04.05-11.01.05:417][531]LogAudioMixer: Display: Initializing audio mixer.
[2022.04.05-11.01.05:418][531]LogAudioMixer: Display: 0: FrontLeft
[2022.04.05-11.01.05:418][531]LogAudioMixer: Display: 1: FrontRight
[2022.04.05-11.01.05:418][531]LogAudioMixer: Display: 0: FrontLeft
[2022.04.05-11.01.05:418][531]LogAudioMixer: Display: 1: FrontRight
[2022.04.05-11.01.05:418][531]LogAudioMixer: Display: 0: FrontLeft
[2022.04.05-11.01.05:418][531]LogAudioMixer: Display: 1: FrontRight
[2022.04.05-11.01.05:419][531]LogAudioMixer: Display: 0: FrontLeft
[2022.04.05-11.01.05:419][531]LogAudioMixer: Display: 1: FrontRight
[2022.04.05-11.01.05:423][531]LogAudioMixer: Display: Using Audio Device Headphones (Oculus Virtual Audio Device)
[2022.04.05-11.01.05:423][531]LogAudioMixer: Display: Initializing Sound Submixes...
[2022.04.05-11.01.05:423][531]LogAudioMixer: Display: Creating Master Submix 'MasterSubmixDefault'
[2022.04.05-11.01.05:423][531]LogAudioMixer: Display: Creating Master Submix 'MasterReverbSubmixDefault'
[2022.04.05-11.01.05:424][531]LogAudioMixer: Display: Creating Master Submix 'MasterEQSubmixDefault'
[2022.04.05-11.01.05:424][531]LogAudioMixer: FMixerPlatformXAudio2::StartAudioStream() called
[2022.04.05-11.01.05:424][531]LogAudioMixer: Display: Output buffers initialized: Frames=1024, Channels=2, Samples=2048
[2022.04.05-11.01.05:426][531]LogAudioMixer: Display: Starting AudioMixerPlatformInterface::RunInternal()
[2022.04.05-11.01.05:426][531]LogAudioMixer: Display: FMixerPlatformXAudio2::SubmitBuffer() called for the first time
[2022.04.05-11.01.05:426][531]LogInit: FAudioDevice initialized.
[2022.04.05-11.01.05:426][531]LogAudio: Display: Audio Device (ID: 7) registered with world 'VRTemplateMap'.
[2022.04.05-11.01.05:435][531]LogSlate: Updating window title bar state: overlay mode, drag disabled, window buttons hidden, title bar hidden
[2022.04.05-11.01.05:493][531]LogHMD: Allocating Oculus 3648 x 1840 rendertarget swapchain
[2022.04.05-11.01.05:520][531]LogLoad: Game class is 'VRGameMode_C'
[2022.04.05-11.01.05:528][531]LogWorld: Bringing World /Game/VRTemplate/Maps/UEDPIE_0_VRTemplateMap.VRTemplateMap up for play (max tick rate 0) at 2022.04.05-13.01.05
[2022.04.05-11.01.05:529][531]LogWorld: Bringing up level for play took: 0.007556
[2022.04.05-11.01.05:529][531]LogOnline: OSS: Creating online subsystem instance for: :Context_27
[2022.04.05-11.01.05:531][531]LogSpawn: Warning: SpawnActor failed because no class was specified
[2022.04.05-11.01.05:532][531]LogSlate: New Slate User Created.  User Index 8, Is Virtual User: 1
[2022.04.05-11.01.05:532][531]LogSlate: Slate User Registered.  User Index 8, Is Virtual User: 1
[2022.04.05-11.01.05:533][531]LogBlueprintUserMessages: [shutters_logic] 42
[2022.04.05-11.01.05:539][531]PIE: Server logged in
[2022.04.05-11.01.05:540][531]PIE: Play in editor total start time 0.461 seconds.
[2022.04.05-11.01.05:541][531]LogEngine: Changing dynamic resolution state.
[2022.04.05-11.01.05:547][531]LogResonanceAudio: Display: Resonance Audio Listener is initialized
[2022.04.05-11.01.05:562][531]LogHMD: Allocating Oculus 3648 x 1840 depth rendertarget swapchain
[2022.04.05-11.01.05:586][533]LogProfilingDebugging: Allocated a 1024 x 1024 texture for HMD canvas layer
[2022.04.05-11.01.20:754][114]LogBlueprintUserMessages: [BlindsButton_2] Grab
[2022.04.05-11.01.21:546][171]LogBlueprintUserMessages: [BlindsButton_2] Grab
[2022.04.05-11.01.22:591][246]LogBlueprintUserMessages: [BlindsButton_2] Grab
[2022.04.05-11.01.23:133][285]LogBlueprintUserMessages: [BlindsButton_2] Grab
[2022.04.05-11.01.23:455][308]LogBlueprintUserMessages: [BlindsButton_2] Grab
[2022.04.05-11.01.23:969][345]LogBlueprintUserMessages: [BlindsButton_2] Grab
[2022.04.05-11.01.24:985][418]LogBlueprintUserMessages: [BlindsButton_2] Grab
[2022.04.05-11.01.25:319][442]LogBlueprintUserMessages: [BlindsButton_2] Grab
[2022.04.05-11.01.25:556][459]LogBlueprintUserMessages: [BlindsButton_2] Grab
[2022.04.05-11.01.25:765][474]LogBlueprintUserMessages: [BlindsButton_2] Grab
[2022.04.05-11.01.26:294][512]LogBlueprintUserMessages: [BlindsButton_2] Grab
[2022.04.05-11.01.27:018][564]LogBlueprintUserMessages: [BlindsButton_2] Grab
[2022.04.05-11.01.27:268][582]LogBlueprintUserMessages: [BlindsButton_2] Grab
[2022.04.05-11.01.27:506][599]LogBlueprintUserMessages: [BlindsButton_2] Grab
[2022.04.05-11.01.27:839][623]LogBlueprintUserMessages: [BlindsButton_2] Grab
[2022.04.05-11.01.28:257][653]LogBlueprintUserMessages: [BlindsButton_2] Grab
[2022.04.05-11.01.28:507][671]LogBlueprintUserMessages: [BlindsButton_2] Grab
[2022.04.05-11.01.28:717][686]LogBlueprintUserMessages: [BlindsButton_2] Grab
[2022.04.05-11.01.29:023][708]LogBlueprintUserMessages: [BlindsButton_2] Grab
[2022.04.05-11.01.29:454][739]LogBlueprintUserMessages: [BlindsButton_2] Grab
[2022.04.05-11.01.29:829][766]LogBlueprintUserMessages: [BlindsButton_2] Grab
[2022.04.05-11.01.30:219][794]LogBlueprintUserMessages: [BlindsButton_2] Grab
[2022.04.05-11.01.30:540][817]LogBlueprintUserMessages: [BlindsButton_2] Grab
[2022.04.05-11.01.30:860][840]LogBlueprintUserMessages: [BlindsButton_2] Grab
[2022.04.05-11.01.31:139][860]LogBlueprintUserMessages: [BlindsButton_2] Grab
[2022.04.05-11.01.31:402][879]LogBlueprintUserMessages: [BlindsButton_2] Grab
[2022.04.05-11.01.31:640][896]LogBlueprintUserMessages: [BlindsButton_2] Grab
[2022.04.05-11.01.31:919][916]LogBlueprintUserMessages: [BlindsButton_2] Grab
[2022.04.05-11.01.32:183][935]LogBlueprintUserMessages: [BlindsButton_2] Grab
[2022.04.05-11.01.32:447][954]LogBlueprintUserMessages: [BlindsButton_2] Grab
[2022.04.05-11.01.32:767][977]LogBlueprintUserMessages: [BlindsButton_2] Grab
[2022.04.05-11.01.33:030][996]LogBlueprintUserMessages: [BlindsButton_2] Grab
[2022.04.05-11.01.33:352][ 19]LogBlueprintUserMessages: [BlindsButton_2] Grab
[2022.04.05-11.01.33:686][ 43]LogBlueprintUserMessages: [BlindsButton_2] Grab
[2022.04.05-11.01.33:964][ 63]LogBlueprintUserMessages: [BlindsButton_2] Grab
[2022.04.05-11.01.34:242][ 83]LogBlueprintUserMessages: [BlindsButton_2] Grab
[2022.04.05-11.01.34:534][104]LogBlueprintUserMessages: [BlindsButton_2] Grab
[2022.04.05-11.01.34:813][124]LogBlueprintUserMessages: [BlindsButton_2] Grab
[2022.04.05-11.01.35:090][144]LogBlueprintUserMessages: [BlindsButton_2] Grab
[2022.04.05-11.01.35:341][162]LogBlueprintUserMessages: [BlindsButton_2] Grab
[2022.04.05-11.01.35:550][177]LogBlueprintUserMessages: [BlindsButton_2] Grab
[2022.04.05-11.01.35:801][195]LogBlueprintUserMessages: [BlindsButton_2] Grab
[2022.04.05-11.01.36:079][215]LogBlueprintUserMessages: [BlindsButton_2] Grab
[2022.04.05-11.01.36:498][245]LogBlueprintUserMessages: [BlindsButton_2] Grab
[2022.04.05-11.01.36:832][269]LogBlueprintUserMessages: [BlindsButton_2] Grab
[2022.04.05-11.01.37:109][289]LogBlueprintUserMessages: [BlindsButton_2] Grab
[2022.04.05-11.01.39:810][480]LogSlate: Updating window title bar state: overlay mode, drag disabled, window buttons hidden, title bar hidden
[2022.04.05-11.01.39:810][480]LogWorld: BeginTearingDown for /Game/VRTemplate/Maps/UEDPIE_0_VRTemplateMap
[2022.04.05-11.01.39:828][480]LogSlate: Window 'P8_VR_Home Preview [NetMode: Standalone]  (64-bit/Windows) OculusHMD' being destroyed
[2022.04.05-11.01.39:865][480]LogWorld: UWorld::CleanupWorld for VRTemplateMap, bSessionEnded=true, bCleanupResources=true
[2022.04.05-11.01.39:866][480]LogSlate: InvalidateAllWidgets triggered.  All widgets were invalidated
[2022.04.05-11.01.39:874][480]LogPlayLevel: Display: Shutting down PIE online subsystems
[2022.04.05-11.01.39:885][480]LogSlate: InvalidateAllWidgets triggered.  All widgets were invalidated
[2022.04.05-11.01.39:918][480]LogAudio: Display: Audio Device unregistered from world 'None'.
[2022.04.05-11.01.39:918][480]LogResonanceAudio: Display: Resonance Audio Listener is shutdown
[2022.04.05-11.01.39:918][480]LogAudioMixer: FMixerPlatformXAudio2::StopAudioStream() called
[2022.04.05-11.01.39:919][480]LogAudioMixer: FMixerPlatformXAudio2::StopAudioStream() called
[2022.04.05-11.01.39:927][480]LogSlate: Slate User Unregistered.  User Index 8
[2022.04.05-11.01.39:927][480]LogSlate: Slate User Destroyed.  User Index 8, Is Virtual User: 1
[2022.04.05-11.01.39:929][480]LogUObjectHash: Compacting FUObjectHashTables data took   2.65ms
[2022.04.05-11.01.39:947][481]LogPlayLevel: Display: Destroying online subsystem :Context_27
[2022.04.05-11.01.39:954][481]LogEngine: Changing dynamic resolution state.
[2022.04.05-11.02.04:649][610]LogEditorViewport: Clicking on Actor (context menu): StaticMeshActor (Suntech_240W_Module1_2)
[2022.04.05-11.02.18:494][260]LogEditorViewport: Clicking on Actor (LMB): CameraActor (CameraActor)
[2022.04.05-11.02.23:694][504]Cmd: CAMERA ALIGN ACTIVEVIEWPORTONLY
[2022.04.05-11.02.27:402][680]Cmd: CAMERA ALIGN ACTIVEVIEWPORTONLY
[2022.04.05-11.02.28:489][732]LogEditorViewport: Clicking on Actor (LMB): CameraActor (CameraActor)
[2022.04.05-11.02.46:703][578]LogUObjectHash: Compacting FUObjectHashTables data took   2.95ms
[2022.04.05-11.02.46:798][578]LogSavePackage: Moving '../../../../../../Users/dmock/Unreal projects/P8/P8ToBeAnnounced/P8_VR_Home/Saved/VRTemplateMap721B32444923846A498E7FAAFE5B37DE.tmp' to '../../../../../../Users/dmock/Unreal projects/P8/P8ToBeAnnounced/P8_VR_Home/Content/VRTemplate/Maps/VRTemplateMap.umap'
[2022.04.05-11.02.46:975][578]LogSavePackage: Moving '../../../../../../Users/dmock/Unreal projects/P8/P8ToBeAnnounced/P8_VR_Home/Saved/VRTemplateMap_BuiltData5416C359438122C073594E8F5196B767.tmp' to '../../../../../../Users/dmock/Unreal projects/P8/P8ToBeAnnounced/P8_VR_Home/Content/VRTemplate/Maps/VRTemplateMap_BuiltData.uasset'
[2022.04.05-11.02.46:989][578]AssetCheck: New page: Asset Save: multiple assets
[2022.04.05-11.02.46:989][578]LogContentValidation: Display: Validating MapBuildDataRegistry /Game/VRTemplate/Maps/VRTemplateMap_BuiltData.VRTemplateMap_BuiltData
[2022.04.05-11.02.46:989][578]LogContentValidation: Display: Validating World /Game/VRTemplate/Maps/VRTemplateMap.VRTemplateMap
[2022.04.05-11.02.52:680][849]BlueprintLog: New page: Compile shutters_logic
[2022.04.05-11.02.52:733][849]LogUObjectHash: Compacting FUObjectHashTables data took   2.74ms
[2022.04.05-11.03.49:368][509]BlueprintLog: New page: Compile BlindsButton
[2022.04.05-11.03.49:416][509]LogUObjectHash: Compacting FUObjectHashTables data took   3.51ms
[2022.04.05-11.04.08:213][394]BlueprintLog: New page: Compile shutters_logic
[2022.04.05-11.04.08:272][394]LogUObjectHash: Compacting FUObjectHashTables data took   3.19ms
[2022.04.05-11.04.21:294][  4]BlueprintLog: New page: Compile shutters_logic
[2022.04.05-11.04.21:353][  4]LogUObjectHash: Compacting FUObjectHashTables data took   3.26ms
[2022.04.05-11.04.29:407][385]LogTemp: Repeating last play command: VR Preview
[2022.04.05-11.04.29:413][385]LogPlayLevel: PlayLevel: No blueprints needed recompiling
[2022.04.05-11.04.29:413][385]LogHMD: Initializing OVRPlugin session
[2022.04.05-11.04.29:528][385]LogHMD: Allocating Oculus 3200 x 1600 rendertarget swapchain
[2022.04.05-11.04.29:530][385]PIE: New page: PIE session: VRTemplateMap (Apr 5, 2022, 3:04:29 PM)
[2022.04.05-11.04.29:530][385]LogPlayLevel: Creating play world package: /Game/VRTemplate/Maps/UEDPIE_0_VRTemplateMap
[2022.04.05-11.04.29:553][385]LogPlayLevel: PIE: StaticDuplicateObject took: (0.023111s)
[2022.04.05-11.04.29:553][385]LogAIModule: Creating AISystem for world VRTemplateMap
[2022.04.05-11.04.29:554][385]LogPlayLevel: PIE: World Init took: (0.000927s)
[2022.04.05-11.04.29:554][385]LogPlayLevel: PIE: Created PIE world by copying editor world from /Game/VRTemplate/Maps/VRTemplateMap.VRTemplateMap to /Game/VRTemplate/Maps/UEDPIE_0_VRTemplateMap.VRTemplateMap (0.024180s)
[2022.04.05-11.04.29:587][385]LogUObjectHash: Compacting FUObjectHashTables data took   3.33ms
[2022.04.05-11.04.29:588][385]LogAudio: Display: Creating Audio Device:                 Id: 8, Scope: Unique, Realtime: True
[2022.04.05-11.04.29:588][385]LogAudioMixer: Display: Audio Mixer Platform Settings:
[2022.04.05-11.04.29:588][385]LogAudioMixer: Display: 	Sample Rate:						  48000
[2022.04.05-11.04.29:588][385]LogAudioMixer: Display: 	Callback Buffer Frame Size Requested: 1024
[2022.04.05-11.04.29:588][385]LogAudioMixer: Display: 	Callback Buffer Frame Size To Use:	  1024
[2022.04.05-11.04.29:588][385]LogAudioMixer: Display: 	Number of buffers to queue:			  1
[2022.04.05-11.04.29:588][385]LogAudioMixer: Display: 	Max Channels (voices):				  0
[2022.04.05-11.04.29:588][385]LogAudioMixer: Display: 	Number of Async Source Workers:		  4
[2022.04.05-11.04.29:588][385]LogAudio: Display: AudioDevice MaxSources: 32
[2022.04.05-11.04.29:588][385]LogAudio: Display: Audio Spatialization Plugin: Resonance Audio is external send: 1
[2022.04.05-11.04.29:588][385]LogAudio: Display: Audio Reverb Plugin: Resonance Audio
[2022.04.05-11.04.29:588][385]LogAudio: Display: Audio Occlusion Plugin: None (built-in).
[2022.04.05-11.04.29:588][385]LogAudioMixer: Display: Initializing audio mixer.
[2022.04.05-11.04.29:589][385]LogAudioMixer: Display: 0: FrontLeft
[2022.04.05-11.04.29:589][385]LogAudioMixer: Display: 1: FrontRight
[2022.04.05-11.04.29:590][385]LogAudioMixer: Display: 0: FrontLeft
[2022.04.05-11.04.29:590][385]LogAudioMixer: Display: 1: FrontRight
[2022.04.05-11.04.29:590][385]LogAudioMixer: Display: 0: FrontLeft
[2022.04.05-11.04.29:591][385]LogAudioMixer: Display: 1: FrontRight
[2022.04.05-11.04.29:591][385]LogAudioMixer: Display: 0: FrontLeft
[2022.04.05-11.04.29:591][385]LogAudioMixer: Display: 1: FrontRight
[2022.04.05-11.04.29:595][385]LogAudioMixer: Display: Using Audio Device Headphones (Oculus Virtual Audio Device)
[2022.04.05-11.04.29:595][385]LogAudioMixer: Display: Initializing Sound Submixes...
[2022.04.05-11.04.29:595][385]LogAudioMixer: Display: Creating Master Submix 'MasterSubmixDefault'
[2022.04.05-11.04.29:595][385]LogAudioMixer: Display: Creating Master Submix 'MasterReverbSubmixDefault'
[2022.04.05-11.04.29:595][385]LogAudioMixer: Display: Creating Master Submix 'MasterEQSubmixDefault'
[2022.04.05-11.04.29:595][385]LogAudioMixer: FMixerPlatformXAudio2::StartAudioStream() called
[2022.04.05-11.04.29:595][385]LogAudioMixer: Display: Output buffers initialized: Frames=1024, Channels=2, Samples=2048
[2022.04.05-11.04.29:596][385]LogAudioMixer: Display: Starting AudioMixerPlatformInterface::RunInternal()
[2022.04.05-11.04.29:596][385]LogAudioMixer: Display: FMixerPlatformXAudio2::SubmitBuffer() called for the first time
[2022.04.05-11.04.29:596][385]LogInit: FAudioDevice initialized.
[2022.04.05-11.04.29:596][385]LogAudio: Display: Audio Device (ID: 8) registered with world 'VRTemplateMap'.
[2022.04.05-11.04.29:605][385]LogSlate: Updating window title bar state: overlay mode, drag disabled, window buttons hidden, title bar hidden
[2022.04.05-11.04.29:615][385]LogHMD: Allocating Oculus 3648 x 1840 rendertarget swapchain
[2022.04.05-11.04.29:644][385]LogLoad: Game class is 'VRGameMode_C'
[2022.04.05-11.04.29:655][385]LogWorld: Bringing World /Game/VRTemplate/Maps/UEDPIE_0_VRTemplateMap.VRTemplateMap up for play (max tick rate 0) at 2022.04.05-13.04.29
[2022.04.05-11.04.29:655][385]LogWorld: Bringing up level for play took: 0.009856
[2022.04.05-11.04.29:655][385]LogOnline: OSS: Creating online subsystem instance for: :Context_28
[2022.04.05-11.04.29:657][385]LogSpawn: Warning: SpawnActor failed because no class was specified
[2022.04.05-11.04.29:659][385]LogSlate: New Slate User Created.  User Index 8, Is Virtual User: 1
[2022.04.05-11.04.29:660][385]LogSlate: Slate User Registered.  User Index 8, Is Virtual User: 1
[2022.04.05-11.04.29:660][385]LogBlueprintUserMessages: [shutters_logic] 42
[2022.04.05-11.04.29:666][385]PIE: Server logged in
[2022.04.05-11.04.29:667][385]PIE: Play in editor total start time 0.255 seconds.
[2022.04.05-11.04.29:669][385]LogEngine: Changing dynamic resolution state.
[2022.04.05-11.04.29:675][385]LogResonanceAudio: Display: Resonance Audio Listener is initialized
[2022.04.05-11.04.29:678][385]LogHMD: Allocating Oculus 3648 x 1840 depth rendertarget swapchain
[2022.04.05-11.04.29:705][387]LogProfilingDebugging: Allocated a 1024 x 1024 texture for HMD canvas layer
[2022.04.05-11.04.45:675][998]LogEditorViewport: Clicking on Actor (LMB): StaticMeshActor (Group_364_58)
[2022.04.05-11.05.06:475][158]LogEditorViewport: Clicking on Actor (LMB): StaticMeshActor (Group_364_26)
[2022.04.05-11.05.27:628][371]LogEditorViewport: Clicking on Actor (LMB): BlindsButton_C (BlindsButton)
[2022.04.05-11.06.20:797][826]Cmd: SELECT NONE
[2022.04.05-11.06.22:181][880]Cmd: SELECT NONE
[2022.04.05-11.06.22:771][904]LogSlate: Updating window title bar state: overlay mode, drag disabled, window buttons hidden, title bar hidden
[2022.04.05-11.06.22:771][904]LogWorld: BeginTearingDown for /Game/VRTemplate/Maps/UEDPIE_0_VRTemplateMap
[2022.04.05-11.06.22:772][904]LogSlate: Window 'P8_VR_Home Preview [NetMode: Standalone]  (64-bit/Windows) OculusHMD' being destroyed
[2022.04.05-11.06.22:815][904]LogWorld: UWorld::CleanupWorld for VRTemplateMap, bSessionEnded=true, bCleanupResources=true
[2022.04.05-11.06.22:816][904]LogSlate: InvalidateAllWidgets triggered.  All widgets were invalidated
[2022.04.05-11.06.22:826][904]LogPlayLevel: Display: Shutting down PIE online subsystems
[2022.04.05-11.06.22:832][904]LogSlate: InvalidateAllWidgets triggered.  All widgets were invalidated
[2022.04.05-11.06.22:864][904]LogAudio: Display: Audio Device unregistered from world 'None'.
[2022.04.05-11.06.22:865][904]LogResonanceAudio: Display: Resonance Audio Listener is shutdown
[2022.04.05-11.06.22:865][904]LogAudioMixer: FMixerPlatformXAudio2::StopAudioStream() called
[2022.04.05-11.06.22:866][904]LogAudioMixer: FMixerPlatformXAudio2::StopAudioStream() called
[2022.04.05-11.06.22:874][904]LogSlate: Slate User Unregistered.  User Index 8
[2022.04.05-11.06.22:874][904]LogSlate: Slate User Destroyed.  User Index 8, Is Virtual User: 1
[2022.04.05-11.06.22:877][904]LogUObjectHash: Compacting FUObjectHashTables data took   3.48ms
[2022.04.05-11.06.22:902][905]LogPlayLevel: Display: Destroying online subsystem :Context_28
[2022.04.05-11.06.22:910][905]LogEngine: Changing dynamic resolution state.
[2022.04.05-11.06.25:175][ 12]LogEditorViewport: Clicking on Actor (LMB): StaticMeshActor (Group_364_26)
[2022.04.05-11.06.36:634][558]LogEditorViewport: Clicking on Actor (LMB): BlindsButton_C (BlindsButton)
[2022.04.05-11.06.36:898][570]Cmd: CAMERA ALIGN ACTIVEVIEWPORTONLY
[2022.04.05-11.06.44:904][948]LogEditorViewport: Clicking on Actor (LMB): CabinetRight_C (topRow05)
[2022.04.05-11.06.47:861][ 88]LogEditorViewport: Clicking on Actor (LMB): StaticMeshActor (Group_364_82)
[2022.04.05-11.08.42:386][460]BlueprintLog: New page: Compile shutters_logic
[2022.04.05-11.08.42:443][460]LogUObjectHash: Compacting FUObjectHashTables data took   3.39ms
[2022.04.05-11.09.46:907][455]BlueprintLog: New page: Compile shutters_logic
[2022.04.05-11.09.46:964][455]LogUObjectHash: Compacting FUObjectHashTables data took   3.35ms
[2022.04.05-11.09.55:905][875]BlueprintLog: New page: Compile shutters_logic
[2022.04.05-11.09.55:963][875]LogUObjectHash: Compacting FUObjectHashTables data took   3.29ms
[2022.04.05-11.09.59:899][ 58]LogTemp: Repeating last play command: VR Preview
[2022.04.05-11.09.59:905][ 58]LogPlayLevel: PlayLevel: No blueprints needed recompiling
[2022.04.05-11.09.59:905][ 58]LogHMD: Initializing OVRPlugin session
[2022.04.05-11.10.00:022][ 58]LogHMD: Allocating Oculus 3200 x 1600 rendertarget swapchain
[2022.04.05-11.10.00:024][ 58]PIE: New page: PIE session: VRTemplateMap (Apr 5, 2022, 3:10:00 PM)
[2022.04.05-11.10.00:024][ 58]LogPlayLevel: Creating play world package: /Game/VRTemplate/Maps/UEDPIE_0_VRTemplateMap
[2022.04.05-11.10.00:049][ 58]LogPlayLevel: PIE: StaticDuplicateObject took: (0.025289s)
[2022.04.05-11.10.00:050][ 58]LogAIModule: Creating AISystem for world VRTemplateMap
[2022.04.05-11.10.00:050][ 58]LogPlayLevel: PIE: World Init took: (0.000877s)
[2022.04.05-11.10.00:050][ 58]LogPlayLevel: PIE: Created PIE world by copying editor world from /Game/VRTemplate/Maps/VRTemplateMap.VRTemplateMap to /Game/VRTemplate/Maps/UEDPIE_0_VRTemplateMap.VRTemplateMap (0.026307s)
[2022.04.05-11.10.00:087][ 58]LogUObjectHash: Compacting FUObjectHashTables data took   3.12ms
[2022.04.05-11.10.00:087][ 58]LogAudio: Display: Creating Audio Device:                 Id: 9, Scope: Unique, Realtime: True
[2022.04.05-11.10.00:087][ 58]LogAudioMixer: Display: Audio Mixer Platform Settings:
[2022.04.05-11.10.00:087][ 58]LogAudioMixer: Display: 	Sample Rate:						  48000
[2022.04.05-11.10.00:087][ 58]LogAudioMixer: Display: 	Callback Buffer Frame Size Requested: 1024
[2022.04.05-11.10.00:087][ 58]LogAudioMixer: Display: 	Callback Buffer Frame Size To Use:	  1024
[2022.04.05-11.10.00:087][ 58]LogAudioMixer: Display: 	Number of buffers to queue:			  1
[2022.04.05-11.10.00:087][ 58]LogAudioMixer: Display: 	Max Channels (voices):				  0
[2022.04.05-11.10.00:087][ 58]LogAudioMixer: Display: 	Number of Async Source Workers:		  4
[2022.04.05-11.10.00:087][ 58]LogAudio: Display: AudioDevice MaxSources: 32
[2022.04.05-11.10.00:088][ 58]LogAudio: Display: Audio Spatialization Plugin: Resonance Audio is external send: 1
[2022.04.05-11.10.00:088][ 58]LogAudio: Display: Audio Reverb Plugin: Resonance Audio
[2022.04.05-11.10.00:088][ 58]LogAudio: Display: Audio Occlusion Plugin: None (built-in).
[2022.04.05-11.10.00:088][ 58]LogAudioMixer: Display: Initializing audio mixer.
[2022.04.05-11.10.00:089][ 58]LogAudioMixer: Display: 0: FrontLeft
[2022.04.05-11.10.00:089][ 58]LogAudioMixer: Display: 1: FrontRight
[2022.04.05-11.10.00:090][ 58]LogAudioMixer: Display: 0: FrontLeft
[2022.04.05-11.10.00:090][ 58]LogAudioMixer: Display: 1: FrontRight
[2022.04.05-11.10.00:090][ 58]LogAudioMixer: Display: 0: FrontLeft
[2022.04.05-11.10.00:090][ 58]LogAudioMixer: Display: 1: FrontRight
[2022.04.05-11.10.00:091][ 58]LogAudioMixer: Display: 0: FrontLeft
[2022.04.05-11.10.00:091][ 58]LogAudioMixer: Display: 1: FrontRight
[2022.04.05-11.10.00:096][ 58]LogAudioMixer: Display: Using Audio Device Headphones (Oculus Virtual Audio Device)
[2022.04.05-11.10.00:096][ 58]LogAudioMixer: Display: Initializing Sound Submixes...
[2022.04.05-11.10.00:096][ 58]LogAudioMixer: Display: Creating Master Submix 'MasterSubmixDefault'
[2022.04.05-11.10.00:096][ 58]LogAudioMixer: Display: Creating Master Submix 'MasterReverbSubmixDefault'
[2022.04.05-11.10.00:097][ 58]LogAudioMixer: Display: Creating Master Submix 'MasterEQSubmixDefault'
[2022.04.05-11.10.00:097][ 58]LogAudioMixer: FMixerPlatformXAudio2::StartAudioStream() called
[2022.04.05-11.10.00:097][ 58]LogAudioMixer: Display: Output buffers initialized: Frames=1024, Channels=2, Samples=2048
[2022.04.05-11.10.00:098][ 58]LogAudioMixer: Display: Starting AudioMixerPlatformInterface::RunInternal()
[2022.04.05-11.10.00:098][ 58]LogAudioMixer: Display: FMixerPlatformXAudio2::SubmitBuffer() called for the first time
[2022.04.05-11.10.00:098][ 58]LogInit: FAudioDevice initialized.
[2022.04.05-11.10.00:098][ 58]LogAudio: Display: Audio Device (ID: 9) registered with world 'VRTemplateMap'.
[2022.04.05-11.10.00:106][ 58]LogSlate: Updating window title bar state: overlay mode, drag disabled, window buttons hidden, title bar hidden
[2022.04.05-11.10.00:141][ 58]LogHMD: Allocating Oculus 3648 x 1840 rendertarget swapchain
[2022.04.05-11.10.00:168][ 58]LogLoad: Game class is 'VRGameMode_C'
[2022.04.05-11.10.00:177][ 58]LogWorld: Bringing World /Game/VRTemplate/Maps/UEDPIE_0_VRTemplateMap.VRTemplateMap up for play (max tick rate 0) at 2022.04.05-13.10.00
[2022.04.05-11.10.00:177][ 58]LogWorld: Bringing up level for play took: 0.008631
[2022.04.05-11.10.00:178][ 58]LogOnline: OSS: Creating online subsystem instance for: :Context_29
[2022.04.05-11.10.00:182][ 58]LogSpawn: Warning: SpawnActor failed because no class was specified
[2022.04.05-11.10.00:184][ 58]LogSlate: New Slate User Created.  User Index 8, Is Virtual User: 1
[2022.04.05-11.10.00:185][ 58]LogSlate: Slate User Registered.  User Index 8, Is Virtual User: 1
[2022.04.05-11.10.00:185][ 58]LogBlueprintUserMessages: [shutters_logic] 42
[2022.04.05-11.10.00:191][ 58]PIE: Server logged in
[2022.04.05-11.10.00:191][ 58]PIE: Play in editor total start time 0.287 seconds.
[2022.04.05-11.10.00:192][ 58]LogEngine: Changing dynamic resolution state.
[2022.04.05-11.10.00:201][ 58]LogResonanceAudio: Display: Resonance Audio Listener is initialized
[2022.04.05-11.10.00:205][ 58]LogHMD: Allocating Oculus 3648 x 1840 depth rendertarget swapchain
[2022.04.05-11.10.00:237][ 60]LogProfilingDebugging: Allocated a 1024 x 1024 texture for HMD canvas layer
[2022.04.05-11.10.24:633][538]LogSlate: Updating window title bar state: overlay mode, drag disabled, window buttons hidden, title bar hidden
[2022.04.05-11.10.24:633][538]LogWorld: BeginTearingDown for /Game/VRTemplate/Maps/UEDPIE_0_VRTemplateMap
[2022.04.05-11.10.24:655][538]LogSlate: Window 'P8_VR_Home Preview [NetMode: Standalone]  (64-bit/Windows) OculusHMD' being destroyed
[2022.04.05-11.10.24:695][538]LogWorld: UWorld::CleanupWorld for VRTemplateMap, bSessionEnded=true, bCleanupResources=true
[2022.04.05-11.10.24:696][538]LogSlate: InvalidateAllWidgets triggered.  All widgets were invalidated
[2022.04.05-11.10.24:707][538]LogPlayLevel: Display: Shutting down PIE online subsystems
[2022.04.05-11.10.24:720][538]LogSlate: InvalidateAllWidgets triggered.  All widgets were invalidated
[2022.04.05-11.10.24:758][538]LogAudio: Display: Audio Device unregistered from world 'None'.
[2022.04.05-11.10.24:758][538]LogResonanceAudio: Display: Resonance Audio Listener is shutdown
[2022.04.05-11.10.24:758][538]LogAudioMixer: FMixerPlatformXAudio2::StopAudioStream() called
[2022.04.05-11.10.24:760][538]LogAudioMixer: FMixerPlatformXAudio2::StopAudioStream() called
[2022.04.05-11.10.24:767][538]LogSlate: Slate User Unregistered.  User Index 8
[2022.04.05-11.10.24:767][538]LogSlate: Slate User Destroyed.  User Index 8, Is Virtual User: 1
[2022.04.05-11.10.24:770][538]LogUObjectHash: Compacting FUObjectHashTables data took   3.01ms
[2022.04.05-11.10.24:788][539]LogPlayLevel: Display: Destroying online subsystem :Context_29
[2022.04.05-11.10.24:797][539]LogEngine: Changing dynamic resolution state.
[2022.04.05-11.12.34:453][688]BlueprintLog: New page: Compile shutters_logic
[2022.04.05-11.12.34:460][688]LogActorComponent: RegisterComponentWithWorld: Owner belongs to a DEADCLASS
[2022.04.05-11.12.34:460][688]LogActorComponent: RegisterComponentWithWorld: Owner belongs to a DEADCLASS
[2022.04.05-11.12.34:460][688]LogActorComponent: RegisterComponentWithWorld: Owner belongs to a DEADCLASS
[2022.04.05-11.12.34:512][688]LogUObjectHash: Compacting FUObjectHashTables data took   3.68ms
[2022.04.05-11.13.05:416][146]BlueprintLog: New page: Compile shutters_logic
[2022.04.05-11.13.05:474][146]LogUObjectHash: Compacting FUObjectHashTables data took   3.40ms
[2022.04.05-11.13.12:727][484]BlueprintLog: New page: Compile shutters_logic
[2022.04.05-11.13.12:781][484]LogUObjectHash: Compacting FUObjectHashTables data took   3.44ms
[2022.04.05-11.13.15:594][616]BlueprintLog: New page: Compile shutters_logic
[2022.04.05-11.13.15:646][616]LogUObjectHash: Compacting FUObjectHashTables data took   3.29ms
[2022.04.05-11.13.41:708][846]BlueprintLog: New page: Compile BlindsButton
[2022.04.05-11.13.41:760][846]LogUObjectHash: Compacting FUObjectHashTables data took   3.33ms
[2022.04.05-11.14.24:719][873]BlueprintLog: New page: Compile shutters_logic
[2022.04.05-11.14.24:725][873]LogActorComponent: RegisterComponentWithWorld: Owner belongs to a DEADCLASS
[2022.04.05-11.14.24:725][873]LogActorComponent: RegisterComponentWithWorld: Owner belongs to a DEADCLASS
[2022.04.05-11.14.24:725][873]LogActorComponent: RegisterComponentWithWorld: Owner belongs to a DEADCLASS
[2022.04.05-11.14.24:776][873]LogUObjectHash: Compacting FUObjectHashTables data took   3.22ms
[2022.04.05-11.14.33:625][289]BlueprintLog: New page: Compile BlindsButton
[2022.04.05-11.14.33:672][289]LogUObjectHash: Compacting FUObjectHashTables data took   3.63ms
[2022.04.05-11.14.37:059][446]LogTemp: Repeating last play command: VR Preview
[2022.04.05-11.14.37:065][446]LogPlayLevel: PlayLevel: No blueprints needed recompiling
[2022.04.05-11.14.37:065][446]LogHMD: Initializing OVRPlugin session
[2022.04.05-11.14.37:177][446]LogHMD: Allocating Oculus 3200 x 1600 rendertarget swapchain
[2022.04.05-11.14.37:178][446]PIE: New page: PIE session: VRTemplateMap (Apr 5, 2022, 3:14:37 PM)
[2022.04.05-11.14.37:178][446]LogPlayLevel: Creating play world package: /Game/VRTemplate/Maps/UEDPIE_0_VRTemplateMap
[2022.04.05-11.14.37:202][446]LogPlayLevel: PIE: StaticDuplicateObject took: (0.023490s)
[2022.04.05-11.14.37:203][446]LogAIModule: Creating AISystem for world VRTemplateMap
[2022.04.05-11.14.37:203][446]LogPlayLevel: PIE: World Init took: (0.000846s)
[2022.04.05-11.14.37:203][446]LogPlayLevel: PIE: Created PIE world by copying editor world from /Game/VRTemplate/Maps/VRTemplateMap.VRTemplateMap to /Game/VRTemplate/Maps/UEDPIE_0_VRTemplateMap.VRTemplateMap (0.024475s)
[2022.04.05-11.14.37:235][446]LogUObjectHash: Compacting FUObjectHashTables data took   3.30ms
[2022.04.05-11.14.37:236][446]LogAudio: Display: Creating Audio Device:                 Id: 10, Scope: Unique, Realtime: True
[2022.04.05-11.14.37:236][446]LogAudioMixer: Display: Audio Mixer Platform Settings:
[2022.04.05-11.14.37:236][446]LogAudioMixer: Display: 	Sample Rate:						  48000
[2022.04.05-11.14.37:236][446]LogAudioMixer: Display: 	Callback Buffer Frame Size Requested: 1024
[2022.04.05-11.14.37:236][446]LogAudioMixer: Display: 	Callback Buffer Frame Size To Use:	  1024
[2022.04.05-11.14.37:236][446]LogAudioMixer: Display: 	Number of buffers to queue:			  1
[2022.04.05-11.14.37:236][446]LogAudioMixer: Display: 	Max Channels (voices):				  0
[2022.04.05-11.14.37:236][446]LogAudioMixer: Display: 	Number of Async Source Workers:		  4
[2022.04.05-11.14.37:236][446]LogAudio: Display: AudioDevice MaxSources: 32
[2022.04.05-11.14.37:236][446]LogAudio: Display: Audio Spatialization Plugin: Resonance Audio is external send: 1
[2022.04.05-11.14.37:236][446]LogAudio: Display: Audio Reverb Plugin: Resonance Audio
[2022.04.05-11.14.37:236][446]LogAudio: Display: Audio Occlusion Plugin: None (built-in).
[2022.04.05-11.14.37:236][446]LogAudioMixer: Display: Initializing audio mixer.
[2022.04.05-11.14.37:238][446]LogAudioMixer: Display: 0: FrontLeft
[2022.04.05-11.14.37:238][446]LogAudioMixer: Display: 1: FrontRight
[2022.04.05-11.14.37:238][446]LogAudioMixer: Display: 0: FrontLeft
[2022.04.05-11.14.37:238][446]LogAudioMixer: Display: 1: FrontRight
[2022.04.05-11.14.37:238][446]LogAudioMixer: Display: 0: FrontLeft
[2022.04.05-11.14.37:238][446]LogAudioMixer: Display: 1: FrontRight
[2022.04.05-11.14.37:239][446]LogAudioMixer: Display: 0: FrontLeft
[2022.04.05-11.14.37:239][446]LogAudioMixer: Display: 1: FrontRight
[2022.04.05-11.14.37:243][446]LogAudioMixer: Display: Using Audio Device Headphones (Oculus Virtual Audio Device)
[2022.04.05-11.14.37:243][446]LogAudioMixer: Display: Initializing Sound Submixes...
[2022.04.05-11.14.37:243][446]LogAudioMixer: Display: Creating Master Submix 'MasterSubmixDefault'
[2022.04.05-11.14.37:243][446]LogAudioMixer: Display: Creating Master Submix 'MasterReverbSubmixDefault'
[2022.04.05-11.14.37:244][446]LogAudioMixer: Display: Creating Master Submix 'MasterEQSubmixDefault'
[2022.04.05-11.14.37:244][446]LogAudioMixer: FMixerPlatformXAudio2::StartAudioStream() called
[2022.04.05-11.14.37:244][446]LogAudioMixer: Display: Output buffers initialized: Frames=1024, Channels=2, Samples=2048
[2022.04.05-11.14.37:245][446]LogAudioMixer: Display: Starting AudioMixerPlatformInterface::RunInternal()
[2022.04.05-11.14.37:245][446]LogAudioMixer: Display: FMixerPlatformXAudio2::SubmitBuffer() called for the first time
[2022.04.05-11.14.37:245][446]LogInit: FAudioDevice initialized.
[2022.04.05-11.14.37:245][446]LogAudio: Display: Audio Device (ID: 10) registered with world 'VRTemplateMap'.
[2022.04.05-11.14.37:254][446]LogSlate: Updating window title bar state: overlay mode, drag disabled, window buttons hidden, title bar hidden
[2022.04.05-11.14.37:261][446]LogHMD: Allocating Oculus 3648 x 1840 rendertarget swapchain
[2022.04.05-11.14.37:284][446]LogLoad: Game class is 'VRGameMode_C'
[2022.04.05-11.14.37:292][446]LogWorld: Bringing World /Game/VRTemplate/Maps/UEDPIE_0_VRTemplateMap.VRTemplateMap up for play (max tick rate 0) at 2022.04.05-13.14.37
[2022.04.05-11.14.37:293][446]LogWorld: Bringing up level for play took: 0.008782
[2022.04.05-11.14.37:293][446]LogOnline: OSS: Creating online subsystem instance for: :Context_30
[2022.04.05-11.14.37:296][446]LogSpawn: Warning: SpawnActor failed because no class was specified
[2022.04.05-11.14.37:297][446]LogSlate: New Slate User Created.  User Index 8, Is Virtual User: 1
[2022.04.05-11.14.37:298][446]LogSlate: Slate User Registered.  User Index 8, Is Virtual User: 1
[2022.04.05-11.14.37:302][446]PIE: Server logged in
[2022.04.05-11.14.37:303][446]PIE: Play in editor total start time 0.239 seconds.
[2022.04.05-11.14.37:304][446]LogEngine: Changing dynamic resolution state.
[2022.04.05-11.14.37:311][446]LogResonanceAudio: Display: Resonance Audio Listener is initialized
[2022.04.05-11.14.37:314][446]LogHMD: Allocating Oculus 3648 x 1840 depth rendertarget swapchain
[2022.04.05-11.15.19:892][767]LogSlate: Updating window title bar state: overlay mode, drag disabled, window buttons hidden, title bar hidden
[2022.04.05-11.15.19:892][767]LogWorld: BeginTearingDown for /Game/VRTemplate/Maps/UEDPIE_0_VRTemplateMap
[2022.04.05-11.15.19:916][767]LogSlate: Window 'P8_VR_Home Preview [NetMode: Standalone]  (64-bit/Windows) OculusHMD' being destroyed
[2022.04.05-11.15.19:955][767]LogWorld: UWorld::CleanupWorld for VRTemplateMap, bSessionEnded=true, bCleanupResources=true
[2022.04.05-11.15.19:956][767]LogSlate: InvalidateAllWidgets triggered.  All widgets were invalidated
[2022.04.05-11.15.19:969][767]LogPlayLevel: Display: Shutting down PIE online subsystems
[2022.04.05-11.15.19:979][767]LogSlate: InvalidateAllWidgets triggered.  All widgets were invalidated
[2022.04.05-11.15.20:013][767]LogAudio: Display: Audio Device unregistered from world 'None'.
[2022.04.05-11.15.20:014][767]LogResonanceAudio: Display: Resonance Audio Listener is shutdown
[2022.04.05-11.15.20:014][767]LogAudioMixer: FMixerPlatformXAudio2::StopAudioStream() called
[2022.04.05-11.15.20:015][767]LogAudioMixer: FMixerPlatformXAudio2::StopAudioStream() called
[2022.04.05-11.15.20:020][767]LogSlate: Slate User Unregistered.  User Index 8
[2022.04.05-11.15.20:020][767]LogSlate: Slate User Destroyed.  User Index 8, Is Virtual User: 1
[2022.04.05-11.15.20:024][767]LogUObjectHash: Compacting FUObjectHashTables data took   2.80ms
[2022.04.05-11.15.20:047][768]LogPlayLevel: Display: Destroying online subsystem :Context_30
[2022.04.05-11.15.20:058][768]LogEngine: Changing dynamic resolution state.
[2022.04.05-11.17.25:006][653]LogUObjectHash: Compacting FUObjectHashTables data took   3.14ms
[2022.04.05-11.17.25:096][653]LogSavePackage: Moving '../../../../../../Users/dmock/Unreal projects/P8/P8ToBeAnnounced/P8_VR_Home/Saved/VRTemplateMap_Auto647CF76034C76C8F8640131B2A595932D.tmp' to '../../../../../../Users/dmock/Unreal projects/P8/P8ToBeAnnounced/P8_VR_Home/Saved/Autosaves/Game/VRTemplate/Maps/VRTemplateMap_Auto6.umap'
[2022.04.05-11.17.25:099][653]LogFileHelpers: Editor autosave (incl. external actors) for '/Game/VRTemplate/Maps/VRTemplateMap' took 0.127
[2022.04.05-11.17.25:099][653]LogFileHelpers: Editor autosave (incl. sublevels & external actors) for all levels took 0.127
[2022.04.05-11.17.25:099][653]OBJ SavePackage: Generating thumbnails for [2] asset(s) in package [/Game/FirstPersonBP/MyStuff/BlindsButton] ([2] browsable assets)...
[2022.04.05-11.17.25:119][653]OBJ SavePackage:     Rendered thumbnail for [Blueprint /Game/FirstPersonBP/MyStuff/BlindsButton.BlindsButton]
[2022.04.05-11.17.25:119][653]OBJ SavePackage: Finished generating thumbnails for package [/Game/FirstPersonBP/MyStuff/BlindsButton]
[2022.04.05-11.17.25:128][653]LogSavePackage: Moving '../../../../../../Users/dmock/Unreal projects/P8/P8ToBeAnnounced/P8_VR_Home/Saved/BlindsButton_Auto6CF8116914D79799078131F995DA58BEB.tmp' to '../../../../../../Users/dmock/Unreal projects/P8/P8ToBeAnnounced/P8_VR_Home/Saved/Autosaves/Game/FirstPersonBP/MyStuff/BlindsButton_Auto6.uasset'
[2022.04.05-11.17.25:129][653]OBJ SavePackage: Generating thumbnails for [0] asset(s) in package [/Game/ScriptsBluePrints/shutters_logic] ([2] browsable assets)...
[2022.04.05-11.17.25:130][653]OBJ SavePackage: Finished generating thumbnails for package [/Game/ScriptsBluePrints/shutters_logic]
[2022.04.05-11.17.25:139][653]LogSavePackage: Moving '../../../../../../Users/dmock/Unreal projects/P8/P8ToBeAnnounced/P8_VR_Home/Saved/shutters_logic_Auto67CF9687F4311F7BD78DDFD92800DC989.tmp' to '../../../../../../Users/dmock/Unreal projects/P8/P8ToBeAnnounced/P8_VR_Home/Saved/Autosaves/Game/ScriptsBluePrints/shutters_logic_Auto6.uasset'
[2022.04.05-11.17.25:141][653]LogFileHelpers: Auto-saving content packages took 0.042
[2022.04.05-11.19.35:478][952]LogEditorTransaction: Undo Delete current selection
[2022.04.05-11.19.50:400][649]BlueprintLog: New page: Compile shutters_logic
[2022.04.05-11.19.50:460][649]LogUObjectHash: Compacting FUObjectHashTables data took   3.39ms
[2022.04.05-11.20.40:066][986]BlueprintLog: New page: Compile BlindsButton
[2022.04.05-11.20.40:117][986]LogUObjectHash: Compacting FUObjectHashTables data took   3.23ms
[2022.04.05-11.20.44:265][180]BlueprintLog: New page: Compile BlindsButton
[2022.04.05-11.20.44:311][180]LogUObjectHash: Compacting FUObjectHashTables data took   3.17ms
[2022.04.05-11.21.26:016][158]BlueprintLog: New page: Compile BlindsButton
[2022.04.05-11.21.26:066][158]LogUObjectHash: Compacting FUObjectHashTables data took   3.48ms
[2022.04.05-11.21.26:495][176]LogSavePackage: Moving '../../../../../../Users/dmock/Unreal projects/P8/P8ToBeAnnounced/P8_VR_Home/Saved/BlindsButton83E5A0FC465C07A7C4633380BDDE7C7D.tmp' to '../../../../../../Users/dmock/Unreal projects/P8/P8ToBeAnnounced/P8_VR_Home/Content/FirstPersonBP/MyStuff/BlindsButton.uasset'
[2022.04.05-11.21.26:507][176]AssetCheck: New page: Asset Save: BlindsButton
[2022.04.05-11.21.26:507][176]LogContentValidation: Display: Validating Blueprint /Game/FirstPersonBP/MyStuff/BlindsButton.BlindsButton
[2022.04.05-11.21.27:482][220]LogTemp: Repeating last play command: VR Preview
[2022.04.05-11.21.27:488][220]LogPlayLevel: PlayLevel: No blueprints needed recompiling
[2022.04.05-11.21.27:488][220]LogHMD: Initializing OVRPlugin session
[2022.04.05-11.21.27:597][220]LogHMD: Allocating Oculus 3200 x 1600 rendertarget swapchain
[2022.04.05-11.21.27:598][220]PIE: New page: PIE session: VRTemplateMap (Apr 5, 2022, 3:21:27 PM)
[2022.04.05-11.21.27:598][220]LogPlayLevel: Creating play world package: /Game/VRTemplate/Maps/UEDPIE_0_VRTemplateMap
[2022.04.05-11.21.27:620][220]LogPlayLevel: PIE: StaticDuplicateObject took: (0.021862s)
[2022.04.05-11.21.27:621][220]LogAIModule: Creating AISystem for world VRTemplateMap
[2022.04.05-11.21.27:621][220]LogPlayLevel: PIE: World Init took: (0.000833s)
[2022.04.05-11.21.27:621][220]LogPlayLevel: PIE: Created PIE world by copying editor world from /Game/VRTemplate/Maps/VRTemplateMap.VRTemplateMap to /Game/VRTemplate/Maps/UEDPIE_0_VRTemplateMap.VRTemplateMap (0.022827s)
[2022.04.05-11.21.27:652][220]LogUObjectHash: Compacting FUObjectHashTables data took   3.15ms
[2022.04.05-11.21.27:653][220]LogAudio: Display: Creating Audio Device:                 Id: 11, Scope: Unique, Realtime: True
[2022.04.05-11.21.27:653][220]LogAudioMixer: Display: Audio Mixer Platform Settings:
[2022.04.05-11.21.27:653][220]LogAudioMixer: Display: 	Sample Rate:						  48000
[2022.04.05-11.21.27:653][220]LogAudioMixer: Display: 	Callback Buffer Frame Size Requested: 1024
[2022.04.05-11.21.27:653][220]LogAudioMixer: Display: 	Callback Buffer Frame Size To Use:	  1024
[2022.04.05-11.21.27:653][220]LogAudioMixer: Display: 	Number of buffers to queue:			  1
[2022.04.05-11.21.27:653][220]LogAudioMixer: Display: 	Max Channels (voices):				  0
[2022.04.05-11.21.27:653][220]LogAudioMixer: Display: 	Number of Async Source Workers:		  4
[2022.04.05-11.21.27:653][220]LogAudio: Display: AudioDevice MaxSources: 32
[2022.04.05-11.21.27:653][220]LogAudio: Display: Audio Spatialization Plugin: Resonance Audio is external send: 1
[2022.04.05-11.21.27:653][220]LogAudio: Display: Audio Reverb Plugin: Resonance Audio
[2022.04.05-11.21.27:653][220]LogAudio: Display: Audio Occlusion Plugin: None (built-in).
[2022.04.05-11.21.27:653][220]LogAudioMixer: Display: Initializing audio mixer.
[2022.04.05-11.21.27:654][220]LogAudioMixer: Display: 0: FrontLeft
[2022.04.05-11.21.27:654][220]LogAudioMixer: Display: 1: FrontRight
[2022.04.05-11.21.27:655][220]LogAudioMixer: Display: 0: FrontLeft
[2022.04.05-11.21.27:655][220]LogAudioMixer: Display: 1: FrontRight
[2022.04.05-11.21.27:655][220]LogAudioMixer: Display: 0: FrontLeft
[2022.04.05-11.21.27:655][220]LogAudioMixer: Display: 1: FrontRight
[2022.04.05-11.21.27:655][220]LogAudioMixer: Display: 0: FrontLeft
[2022.04.05-11.21.27:656][220]LogAudioMixer: Display: 1: FrontRight
[2022.04.05-11.21.27:660][220]LogAudioMixer: Display: Using Audio Device Headphones (Oculus Virtual Audio Device)
[2022.04.05-11.21.27:660][220]LogAudioMixer: Display: Initializing Sound Submixes...
[2022.04.05-11.21.27:660][220]LogAudioMixer: Display: Creating Master Submix 'MasterSubmixDefault'
[2022.04.05-11.21.27:660][220]LogAudioMixer: Display: Creating Master Submix 'MasterReverbSubmixDefault'
[2022.04.05-11.21.27:660][220]LogAudioMixer: Display: Creating Master Submix 'MasterEQSubmixDefault'
[2022.04.05-11.21.27:660][220]LogAudioMixer: FMixerPlatformXAudio2::StartAudioStream() called
[2022.04.05-11.21.27:660][220]LogAudioMixer: Display: Output buffers initialized: Frames=1024, Channels=2, Samples=2048
[2022.04.05-11.21.27:661][220]LogAudioMixer: Display: Starting AudioMixerPlatformInterface::RunInternal()
[2022.04.05-11.21.27:661][220]LogAudioMixer: Display: FMixerPlatformXAudio2::SubmitBuffer() called for the first time
[2022.04.05-11.21.27:661][220]LogInit: FAudioDevice initialized.
[2022.04.05-11.21.27:661][220]LogAudio: Display: Audio Device (ID: 11) registered with world 'VRTemplateMap'.
[2022.04.05-11.21.27:669][220]LogSlate: Updating window title bar state: overlay mode, drag disabled, window buttons hidden, title bar hidden
[2022.04.05-11.21.27:676][220]LogHMD: Allocating Oculus 3648 x 1840 rendertarget swapchain
[2022.04.05-11.21.27:699][220]LogLoad: Game class is 'VRGameMode_C'
[2022.04.05-11.21.27:707][220]LogWorld: Bringing World /Game/VRTemplate/Maps/UEDPIE_0_VRTemplateMap.VRTemplateMap up for play (max tick rate 0) at 2022.04.05-13.21.27
[2022.04.05-11.21.27:707][220]LogWorld: Bringing up level for play took: 0.007809
[2022.04.05-11.21.27:708][220]LogOnline: OSS: Creating online subsystem instance for: :Context_31
[2022.04.05-11.21.27:710][220]LogSpawn: Warning: SpawnActor failed because no class was specified
[2022.04.05-11.21.27:711][220]LogSlate: New Slate User Created.  User Index 8, Is Virtual User: 1
[2022.04.05-11.21.27:712][220]LogSlate: Slate User Registered.  User Index 8, Is Virtual User: 1
[2022.04.05-11.21.27:715][220]PIE: Server logged in
[2022.04.05-11.21.27:716][220]PIE: Play in editor total start time 0.229 seconds.
[2022.04.05-11.21.27:717][220]LogEngine: Changing dynamic resolution state.
[2022.04.05-11.21.27:725][220]LogResonanceAudio: Display: Resonance Audio Listener is initialized
[2022.04.05-11.21.27:729][220]LogHMD: Allocating Oculus 3648 x 1840 depth rendertarget swapchain
[2022.04.05-11.22.07:651][383]LogSlate: Updating window title bar state: overlay mode, drag disabled, window buttons hidden, title bar hidden
[2022.04.05-11.22.07:651][383]LogWorld: BeginTearingDown for /Game/VRTemplate/Maps/UEDPIE_0_VRTemplateMap
[2022.04.05-11.22.07:679][383]LogSlate: Window 'P8_VR_Home Preview [NetMode: Standalone]  (64-bit/Windows) OculusHMD' being destroyed
[2022.04.05-11.22.07:705][383]LogWorld: UWorld::CleanupWorld for VRTemplateMap, bSessionEnded=true, bCleanupResources=true
[2022.04.05-11.22.07:706][383]LogSlate: InvalidateAllWidgets triggered.  All widgets were invalidated
[2022.04.05-11.22.07:718][383]LogPlayLevel: Display: Shutting down PIE online subsystems
[2022.04.05-11.22.07:728][383]LogSlate: InvalidateAllWidgets triggered.  All widgets were invalidated
[2022.04.05-11.22.07:760][383]LogAudio: Display: Audio Device unregistered from world 'None'.
[2022.04.05-11.22.07:760][383]LogResonanceAudio: Display: Resonance Audio Listener is shutdown
[2022.04.05-11.22.07:760][383]LogAudioMixer: FMixerPlatformXAudio2::StopAudioStream() called
[2022.04.05-11.22.07:761][383]LogAudioMixer: FMixerPlatformXAudio2::StopAudioStream() called
[2022.04.05-11.22.07:766][383]LogSlate: Slate User Unregistered.  User Index 8
[2022.04.05-11.22.07:766][383]LogSlate: Slate User Destroyed.  User Index 8, Is Virtual User: 1
[2022.04.05-11.22.07:770][383]LogUObjectHash: Compacting FUObjectHashTables data took   2.82ms
[2022.04.05-11.22.07:799][384]LogPlayLevel: Display: Destroying online subsystem :Context_31
[2022.04.05-11.22.07:810][384]LogEngine: Changing dynamic resolution state.
[2022.04.05-11.22.32:562][501]LogEditorViewport: Clicking on Actor (LMB): CameraActor (CameraActor)
[2022.04.05-11.22.46:422][ 55]LogTemp: Repeating last play command: VR Preview
[2022.04.05-11.22.46:430][ 55]LogPlayLevel: PlayLevel: No blueprints needed recompiling
[2022.04.05-11.22.46:431][ 55]LogHMD: Initializing OVRPlugin session
[2022.04.05-11.22.46:724][ 55]LogHMD: Allocating Oculus 3200 x 1600 rendertarget swapchain
[2022.04.05-11.22.46:727][ 55]PIE: New page: PIE session: VRTemplateMap (Apr 5, 2022, 3:22:46 PM)
[2022.04.05-11.22.46:727][ 55]LogPlayLevel: Creating play world package: /Game/VRTemplate/Maps/UEDPIE_0_VRTemplateMap
[2022.04.05-11.22.46:751][ 55]LogPlayLevel: PIE: StaticDuplicateObject took: (0.024247s)
[2022.04.05-11.22.46:752][ 55]LogAIModule: Creating AISystem for world VRTemplateMap
[2022.04.05-11.22.46:752][ 55]LogPlayLevel: PIE: World Init took: (0.000901s)
[2022.04.05-11.22.46:752][ 55]LogPlayLevel: PIE: Created PIE world by copying editor world from /Game/VRTemplate/Maps/VRTemplateMap.VRTemplateMap to /Game/VRTemplate/Maps/UEDPIE_0_VRTemplateMap.VRTemplateMap (0.025284s)
[2022.04.05-11.22.46:784][ 55]LogUObjectHash: Compacting FUObjectHashTables data took   2.66ms
[2022.04.05-11.22.46:785][ 55]LogAudio: Display: Creating Audio Device:                 Id: 12, Scope: Unique, Realtime: True
[2022.04.05-11.22.46:785][ 55]LogAudioMixer: Display: Audio Mixer Platform Settings:
[2022.04.05-11.22.46:785][ 55]LogAudioMixer: Display: 	Sample Rate:						  48000
[2022.04.05-11.22.46:785][ 55]LogAudioMixer: Display: 	Callback Buffer Frame Size Requested: 1024
[2022.04.05-11.22.46:785][ 55]LogAudioMixer: Display: 	Callback Buffer Frame Size To Use:	  1024
[2022.04.05-11.22.46:785][ 55]LogAudioMixer: Display: 	Number of buffers to queue:			  1
[2022.04.05-11.22.46:785][ 55]LogAudioMixer: Display: 	Max Channels (voices):				  0
[2022.04.05-11.22.46:785][ 55]LogAudioMixer: Display: 	Number of Async Source Workers:		  4
[2022.04.05-11.22.46:785][ 55]LogAudio: Display: AudioDevice MaxSources: 32
[2022.04.05-11.22.46:785][ 55]LogAudio: Display: Audio Spatialization Plugin: Resonance Audio is external send: 1
[2022.04.05-11.22.46:785][ 55]LogAudio: Display: Audio Reverb Plugin: Resonance Audio
[2022.04.05-11.22.46:785][ 55]LogAudio: Display: Audio Occlusion Plugin: None (built-in).
[2022.04.05-11.22.46:785][ 55]LogAudioMixer: Display: Initializing audio mixer.
[2022.04.05-11.22.46:786][ 55]LogAudioMixer: Display: 0: FrontLeft
[2022.04.05-11.22.46:786][ 55]LogAudioMixer: Display: 1: FrontRight
[2022.04.05-11.22.46:787][ 55]LogAudioMixer: Display: 0: FrontLeft
[2022.04.05-11.22.46:787][ 55]LogAudioMixer: Display: 1: FrontRight
[2022.04.05-11.22.46:787][ 55]LogAudioMixer: Display: 0: FrontLeft
[2022.04.05-11.22.46:787][ 55]LogAudioMixer: Display: 1: FrontRight
[2022.04.05-11.22.46:788][ 55]LogAudioMixer: Display: 0: FrontLeft
[2022.04.05-11.22.46:788][ 55]LogAudioMixer: Display: 1: FrontRight
[2022.04.05-11.22.46:791][ 55]LogAudioMixer: Display: Using Audio Device Headphones (Oculus Virtual Audio Device)
[2022.04.05-11.22.46:791][ 55]LogAudioMixer: Display: Initializing Sound Submixes...
[2022.04.05-11.22.46:791][ 55]LogAudioMixer: Display: Creating Master Submix 'MasterSubmixDefault'
[2022.04.05-11.22.46:791][ 55]LogAudioMixer: Display: Creating Master Submix 'MasterReverbSubmixDefault'
[2022.04.05-11.22.46:792][ 55]LogAudioMixer: Display: Creating Master Submix 'MasterEQSubmixDefault'
[2022.04.05-11.22.46:792][ 55]LogAudioMixer: FMixerPlatformXAudio2::StartAudioStream() called
[2022.04.05-11.22.46:792][ 55]LogAudioMixer: Display: Output buffers initialized: Frames=1024, Channels=2, Samples=2048
[2022.04.05-11.22.46:793][ 55]LogAudioMixer: Display: Starting AudioMixerPlatformInterface::RunInternal()
[2022.04.05-11.22.46:793][ 55]LogAudioMixer: Display: FMixerPlatformXAudio2::SubmitBuffer() called for the first time
[2022.04.05-11.22.46:793][ 55]LogInit: FAudioDevice initialized.
[2022.04.05-11.22.46:793][ 55]LogAudio: Display: Audio Device (ID: 12) registered with world 'VRTemplateMap'.
[2022.04.05-11.22.46:801][ 55]LogSlate: Updating window title bar state: overlay mode, drag disabled, window buttons hidden, title bar hidden
[2022.04.05-11.22.46:807][ 55]LogHMD: Allocating Oculus 3648 x 1840 rendertarget swapchain
[2022.04.05-11.22.46:831][ 55]LogLoad: Game class is 'VRGameMode_C'
[2022.04.05-11.22.46:840][ 55]LogWorld: Bringing World /Game/VRTemplate/Maps/UEDPIE_0_VRTemplateMap.VRTemplateMap up for play (max tick rate 0) at 2022.04.05-13.22.46
[2022.04.05-11.22.46:840][ 55]LogWorld: Bringing up level for play took: 0.008948
[2022.04.05-11.22.46:841][ 55]LogOnline: OSS: Creating online subsystem instance for: :Context_32
[2022.04.05-11.22.46:844][ 55]LogSpawn: Warning: SpawnActor failed because no class was specified
[2022.04.05-11.22.46:845][ 55]LogSlate: New Slate User Created.  User Index 8, Is Virtual User: 1
[2022.04.05-11.22.46:846][ 55]LogSlate: Slate User Registered.  User Index 8, Is Virtual User: 1
[2022.04.05-11.22.46:852][ 55]PIE: Server logged in
[2022.04.05-11.22.46:855][ 55]PIE: Play in editor total start time 0.424 seconds.
[2022.04.05-11.22.46:855][ 55]LogEngine: Changing dynamic resolution state.
[2022.04.05-11.22.46:862][ 55]LogResonanceAudio: Display: Resonance Audio Listener is initialized
[2022.04.05-11.22.46:873][ 55]LogHMD: Allocating Oculus 3648 x 1840 depth rendertarget swapchain
[2022.04.05-11.22.57:582][668]LogSlate: Updating window title bar state: overlay mode, drag disabled, window buttons hidden, title bar hidden
[2022.04.05-11.22.57:582][668]LogWorld: BeginTearingDown for /Game/VRTemplate/Maps/UEDPIE_0_VRTemplateMap
[2022.04.05-11.22.57:608][668]LogSlate: Window 'P8_VR_Home Preview [NetMode: Standalone]  (64-bit/Windows) OculusHMD' being destroyed
[2022.04.05-11.22.57:645][668]LogWorld: UWorld::CleanupWorld for VRTemplateMap, bSessionEnded=true, bCleanupResources=true
[2022.04.05-11.22.57:646][668]LogSlate: InvalidateAllWidgets triggered.  All widgets were invalidated
[2022.04.05-11.22.57:658][668]LogPlayLevel: Display: Shutting down PIE online subsystems
[2022.04.05-11.22.57:714][668]LogSlate: InvalidateAllWidgets triggered.  All widgets were invalidated
[2022.04.05-11.22.57:745][668]LogAudio: Display: Audio Device unregistered from world 'None'.
[2022.04.05-11.22.57:747][668]LogResonanceAudio: Display: Resonance Audio Listener is shutdown
[2022.04.05-11.22.57:747][668]LogAudioMixer: FMixerPlatformXAudio2::StopAudioStream() called
[2022.04.05-11.22.57:748][668]LogAudioMixer: FMixerPlatformXAudio2::StopAudioStream() called
[2022.04.05-11.22.57:756][668]LogSlate: Slate User Unregistered.  User Index 8
[2022.04.05-11.22.57:756][668]LogSlate: Slate User Destroyed.  User Index 8, Is Virtual User: 1
[2022.04.05-11.22.57:759][668]LogUObjectHash: Compacting FUObjectHashTables data took   2.74ms
[2022.04.05-11.22.57:798][669]LogPlayLevel: Display: Destroying online subsystem :Context_32
[2022.04.05-11.22.57:809][669]LogEngine: Changing dynamic resolution state.
[2022.04.05-11.23.00:255][740]LogEditorViewport: Clicking on Actor (LMB): StaticMeshActor (Group_706_60)
[2022.04.05-11.23.05:022][970]LogEditorViewport: Clicking on Actor (LMB): StaticMeshActor (Group_590_2)
[2022.04.05-11.23.05:676][998]LogEditorViewport: Clicking on Actor (LMB): PlayerStart (Player Start)
[2022.04.05-11.23.11:282][266]LogNavigationPoint: PostEditMove Clear paths rebuilt
[2022.04.05-11.23.12:836][340]LogEditorViewport: Clicking on Actor (context menu): StaticMeshActor (Group_590_2)
[2022.04.05-11.23.15:044][432]LogEditorViewport: Clicking on Actor (LMB): BlindsButton_C (BlindsButton)
[2022.04.05-11.23.15:334][444]Cmd: CAMERA ALIGN ACTIVEVIEWPORTONLY
[2022.04.05-11.23.16:310][491]Cmd: CAMERA ALIGN ACTIVEVIEWPORTONLY
[2022.04.05-11.23.24:650][888]LogEditorViewport: Clicking on Actor (LMB): PlayerStart (Player Start)
[2022.04.05-11.23.27:752][ 35]LogNavigationPoint: PostEditMove Clear paths rebuilt
[2022.04.05-11.23.28:313][ 62]LogNavigationPoint: PostEditMove Clear paths rebuilt
[2022.04.05-11.23.29:904][132]LogTemp: Repeating last play command: VR Preview
[2022.04.05-11.23.29:911][132]LogPlayLevel: PlayLevel: No blueprints needed recompiling
[2022.04.05-11.23.29:911][132]LogHMD: Initializing OVRPlugin session
[2022.04.05-11.23.30:034][132]LogHMD: Allocating Oculus 3200 x 1600 rendertarget swapchain
[2022.04.05-11.23.30:037][132]PIE: New page: PIE session: VRTemplateMap (Apr 5, 2022, 3:23:30 PM)
[2022.04.05-11.23.30:037][132]LogPlayLevel: Creating play world package: /Game/VRTemplate/Maps/UEDPIE_0_VRTemplateMap
[2022.04.05-11.23.30:060][132]LogPlayLevel: PIE: StaticDuplicateObject took: (0.023908s)
[2022.04.05-11.23.30:061][132]LogAIModule: Creating AISystem for world VRTemplateMap
[2022.04.05-11.23.30:061][132]LogPlayLevel: PIE: World Init took: (0.000908s)
[2022.04.05-11.23.30:061][132]LogPlayLevel: PIE: Created PIE world by copying editor world from /Game/VRTemplate/Maps/VRTemplateMap.VRTemplateMap to /Game/VRTemplate/Maps/UEDPIE_0_VRTemplateMap.VRTemplateMap (0.024951s)
[2022.04.05-11.23.30:097][132]LogUObjectHash: Compacting FUObjectHashTables data took   2.37ms
[2022.04.05-11.23.30:099][132]LogAudio: Display: Creating Audio Device:                 Id: 13, Scope: Unique, Realtime: True
[2022.04.05-11.23.30:099][132]LogAudioMixer: Display: Audio Mixer Platform Settings:
[2022.04.05-11.23.30:099][132]LogAudioMixer: Display: 	Sample Rate:						  48000
[2022.04.05-11.23.30:099][132]LogAudioMixer: Display: 	Callback Buffer Frame Size Requested: 1024
[2022.04.05-11.23.30:099][132]LogAudioMixer: Display: 	Callback Buffer Frame Size To Use:	  1024
[2022.04.05-11.23.30:099][132]LogAudioMixer: Display: 	Number of buffers to queue:			  1
[2022.04.05-11.23.30:099][132]LogAudioMixer: Display: 	Max Channels (voices):				  0
[2022.04.05-11.23.30:099][132]LogAudioMixer: Display: 	Number of Async Source Workers:		  4
[2022.04.05-11.23.30:099][132]LogAudio: Display: AudioDevice MaxSources: 32
[2022.04.05-11.23.30:100][132]LogAudio: Display: Audio Spatialization Plugin: Resonance Audio is external send: 1
[2022.04.05-11.23.30:100][132]LogAudio: Display: Audio Reverb Plugin: Resonance Audio
[2022.04.05-11.23.30:100][132]LogAudio: Display: Audio Occlusion Plugin: None (built-in).
[2022.04.05-11.23.30:100][132]LogAudioMixer: Display: Initializing audio mixer.
[2022.04.05-11.23.30:101][132]LogAudioMixer: Display: 0: FrontLeft
[2022.04.05-11.23.30:101][132]LogAudioMixer: Display: 1: FrontRight
[2022.04.05-11.23.30:102][132]LogAudioMixer: Display: 0: FrontLeft
[2022.04.05-11.23.30:102][132]LogAudioMixer: Display: 1: FrontRight
[2022.04.05-11.23.30:102][132]LogAudioMixer: Display: 0: FrontLeft
[2022.04.05-11.23.30:102][132]LogAudioMixer: Display: 1: FrontRight
[2022.04.05-11.23.30:103][132]LogAudioMixer: Display: 0: FrontLeft
[2022.04.05-11.23.30:103][132]LogAudioMixer: Display: 1: FrontRight
[2022.04.05-11.23.30:105][132]LogAudioMixer: Display: Using Audio Device Headphones (Oculus Virtual Audio Device)
[2022.04.05-11.23.30:106][132]LogAudioMixer: Display: Initializing Sound Submixes...
[2022.04.05-11.23.30:106][132]LogAudioMixer: Display: Creating Master Submix 'MasterSubmixDefault'
[2022.04.05-11.23.30:106][132]LogAudioMixer: Display: Creating Master Submix 'MasterReverbSubmixDefault'
[2022.04.05-11.23.30:106][132]LogAudioMixer: Display: Creating Master Submix 'MasterEQSubmixDefault'
[2022.04.05-11.23.30:106][132]LogAudioMixer: FMixerPlatformXAudio2::StartAudioStream() called
[2022.04.05-11.23.30:106][132]LogAudioMixer: Display: Output buffers initialized: Frames=1024, Channels=2, Samples=2048
[2022.04.05-11.23.30:108][132]LogAudioMixer: Display: Starting AudioMixerPlatformInterface::RunInternal()
[2022.04.05-11.23.30:108][132]LogAudioMixer: Display: FMixerPlatformXAudio2::SubmitBuffer() called for the first time
[2022.04.05-11.23.30:108][132]LogInit: FAudioDevice initialized.
[2022.04.05-11.23.30:108][132]LogAudio: Display: Audio Device (ID: 13) registered with world 'VRTemplateMap'.
[2022.04.05-11.23.30:118][132]LogSlate: Updating window title bar state: overlay mode, drag disabled, window buttons hidden, title bar hidden
[2022.04.05-11.23.30:135][132]LogHMD: Allocating Oculus 3648 x 1840 rendertarget swapchain
[2022.04.05-11.23.30:156][132]LogLoad: Game class is 'VRGameMode_C'
[2022.04.05-11.23.30:165][132]LogWorld: Bringing World /Game/VRTemplate/Maps/UEDPIE_0_VRTemplateMap.VRTemplateMap up for play (max tick rate 0) at 2022.04.05-13.23.30
[2022.04.05-11.23.30:165][132]LogWorld: Bringing up level for play took: 0.007692
[2022.04.05-11.23.30:165][132]LogOnline: OSS: Creating online subsystem instance for: :Context_33
[2022.04.05-11.23.30:167][132]LogSpawn: Warning: SpawnActor failed because no class was specified
[2022.04.05-11.23.30:169][132]LogSlate: New Slate User Created.  User Index 8, Is Virtual User: 1
[2022.04.05-11.23.30:171][132]LogSlate: Slate User Registered.  User Index 8, Is Virtual User: 1
[2022.04.05-11.23.30:178][132]PIE: Server logged in
[2022.04.05-11.23.30:179][132]PIE: Play in editor total start time 0.269 seconds.
[2022.04.05-11.23.30:180][132]LogEngine: Changing dynamic resolution state.
[2022.04.05-11.23.30:187][132]LogResonanceAudio: Display: Resonance Audio Listener is initialized
[2022.04.05-11.23.30:198][132]LogHMD: Allocating Oculus 3648 x 1840 depth rendertarget swapchain
[2022.04.05-11.23.50:565][537]LogSlate: Updating window title bar state: overlay mode, drag disabled, window buttons hidden, title bar hidden
[2022.04.05-11.23.50:565][537]LogWorld: BeginTearingDown for /Game/VRTemplate/Maps/UEDPIE_0_VRTemplateMap
[2022.04.05-11.23.50:590][537]LogSlate: Window 'P8_VR_Home Preview [NetMode: Standalone]  (64-bit/Windows) OculusHMD' being destroyed
[2022.04.05-11.23.50:636][537]LogWorld: UWorld::CleanupWorld for VRTemplateMap, bSessionEnded=true, bCleanupResources=true
[2022.04.05-11.23.50:637][537]LogSlate: InvalidateAllWidgets triggered.  All widgets were invalidated
[2022.04.05-11.23.50:648][537]LogPlayLevel: Display: Shutting down PIE online subsystems
[2022.04.05-11.23.50:663][537]LogSlate: InvalidateAllWidgets triggered.  All widgets were invalidated
[2022.04.05-11.23.50:701][537]LogAudio: Display: Audio Device unregistered from world 'None'.
[2022.04.05-11.23.50:702][537]LogResonanceAudio: Display: Resonance Audio Listener is shutdown
[2022.04.05-11.23.50:702][537]LogAudioMixer: FMixerPlatformXAudio2::StopAudioStream() called
[2022.04.05-11.23.50:703][537]LogAudioMixer: FMixerPlatformXAudio2::StopAudioStream() called
[2022.04.05-11.23.50:710][537]LogSlate: Slate User Unregistered.  User Index 8
[2022.04.05-11.23.50:710][537]LogSlate: Slate User Destroyed.  User Index 8, Is Virtual User: 1
[2022.04.05-11.23.50:714][537]LogUObjectHash: Compacting FUObjectHashTables data took   2.96ms
[2022.04.05-11.23.50:741][538]LogPlayLevel: Display: Destroying online subsystem :Context_33
[2022.04.05-11.23.50:753][538]LogEngine: Changing dynamic resolution state.
[2022.04.05-11.24.24:278][ 61]BlueprintLog: New page: Compile BlindsButton
[2022.04.05-11.24.24:331][ 61]LogUObjectHash: Compacting FUObjectHashTables data took   4.17ms
[2022.04.05-11.24.27:189][151]LogTemp: Repeating last play command: VR Preview
[2022.04.05-11.24.27:196][151]LogPlayLevel: PlayLevel: No blueprints needed recompiling
[2022.04.05-11.24.27:196][151]LogHMD: Initializing OVRPlugin session
[2022.04.05-11.24.27:312][151]LogHMD: Allocating Oculus 3200 x 1600 rendertarget swapchain
[2022.04.05-11.24.27:313][151]PIE: New page: PIE session: VRTemplateMap (Apr 5, 2022, 3:24:27 PM)
[2022.04.05-11.24.27:313][151]LogPlayLevel: Creating play world package: /Game/VRTemplate/Maps/UEDPIE_0_VRTemplateMap
[2022.04.05-11.24.27:345][151]LogPlayLevel: PIE: StaticDuplicateObject took: (0.031361s)
[2022.04.05-11.24.27:346][151]LogAIModule: Creating AISystem for world VRTemplateMap
[2022.04.05-11.24.27:346][151]LogPlayLevel: PIE: World Init took: (0.000953s)
[2022.04.05-11.24.27:346][151]LogPlayLevel: PIE: Created PIE world by copying editor world from /Game/VRTemplate/Maps/VRTemplateMap.VRTemplateMap to /Game/VRTemplate/Maps/UEDPIE_0_VRTemplateMap.VRTemplateMap (0.032473s)
[2022.04.05-11.24.27:380][151]LogUObjectHash: Compacting FUObjectHashTables data took   3.42ms
[2022.04.05-11.24.27:381][151]LogAudio: Display: Creating Audio Device:                 Id: 14, Scope: Unique, Realtime: True
[2022.04.05-11.24.27:381][151]LogAudioMixer: Display: Audio Mixer Platform Settings:
[2022.04.05-11.24.27:381][151]LogAudioMixer: Display: 	Sample Rate:						  48000
[2022.04.05-11.24.27:381][151]LogAudioMixer: Display: 	Callback Buffer Frame Size Requested: 1024
[2022.04.05-11.24.27:381][151]LogAudioMixer: Display: 	Callback Buffer Frame Size To Use:	  1024
[2022.04.05-11.24.27:381][151]LogAudioMixer: Display: 	Number of buffers to queue:			  1
[2022.04.05-11.24.27:381][151]LogAudioMixer: Display: 	Max Channels (voices):				  0
[2022.04.05-11.24.27:381][151]LogAudioMixer: Display: 	Number of Async Source Workers:		  4
[2022.04.05-11.24.27:381][151]LogAudio: Display: AudioDevice MaxSources: 32
[2022.04.05-11.24.27:381][151]LogAudio: Display: Audio Spatialization Plugin: Resonance Audio is external send: 1
[2022.04.05-11.24.27:381][151]LogAudio: Display: Audio Reverb Plugin: Resonance Audio
[2022.04.05-11.24.27:381][151]LogAudio: Display: Audio Occlusion Plugin: None (built-in).
[2022.04.05-11.24.27:381][151]LogAudioMixer: Display: Initializing audio mixer.
[2022.04.05-11.24.27:382][151]LogAudioMixer: Display: 0: FrontLeft
[2022.04.05-11.24.27:382][151]LogAudioMixer: Display: 1: FrontRight
[2022.04.05-11.24.27:382][151]LogAudioMixer: Display: 0: FrontLeft
[2022.04.05-11.24.27:382][151]LogAudioMixer: Display: 1: FrontRight
[2022.04.05-11.24.27:382][151]LogAudioMixer: Display: 0: FrontLeft
[2022.04.05-11.24.27:382][151]LogAudioMixer: Display: 1: FrontRight
[2022.04.05-11.24.27:383][151]LogAudioMixer: Display: 0: FrontLeft
[2022.04.05-11.24.27:383][151]LogAudioMixer: Display: 1: FrontRight
[2022.04.05-11.24.27:386][151]LogAudioMixer: Display: Using Audio Device Headphones (Oculus Virtual Audio Device)
[2022.04.05-11.24.27:387][151]LogAudioMixer: Display: Initializing Sound Submixes...
[2022.04.05-11.24.27:387][151]LogAudioMixer: Display: Creating Master Submix 'MasterSubmixDefault'
[2022.04.05-11.24.27:387][151]LogAudioMixer: Display: Creating Master Submix 'MasterReverbSubmixDefault'
[2022.04.05-11.24.27:387][151]LogAudioMixer: Display: Creating Master Submix 'MasterEQSubmixDefault'
[2022.04.05-11.24.27:387][151]LogAudioMixer: FMixerPlatformXAudio2::StartAudioStream() called
[2022.04.05-11.24.27:387][151]LogAudioMixer: Display: Output buffers initialized: Frames=1024, Channels=2, Samples=2048
[2022.04.05-11.24.27:389][151]LogAudioMixer: Display: Starting AudioMixerPlatformInterface::RunInternal()
[2022.04.05-11.24.27:389][151]LogAudioMixer: Display: FMixerPlatformXAudio2::SubmitBuffer() called for the first time
[2022.04.05-11.24.27:389][151]LogInit: FAudioDevice initialized.
[2022.04.05-11.24.27:389][151]LogAudio: Display: Audio Device (ID: 14) registered with world 'VRTemplateMap'.
[2022.04.05-11.24.27:399][151]LogSlate: Updating window title bar state: overlay mode, drag disabled, window buttons hidden, title bar hidden
[2022.04.05-11.24.27:412][151]LogHMD: Allocating Oculus 3648 x 1840 rendertarget swapchain
[2022.04.05-11.24.27:449][151]LogLoad: Game class is 'VRGameMode_C'
[2022.04.05-11.24.27:462][151]LogWorld: Bringing World /Game/VRTemplate/Maps/UEDPIE_0_VRTemplateMap.VRTemplateMap up for play (max tick rate 0) at 2022.04.05-13.24.27
[2022.04.05-11.24.27:462][151]LogWorld: Bringing up level for play took: 0.012554
[2022.04.05-11.24.27:462][151]LogOnline: OSS: Creating online subsystem instance for: :Context_34
[2022.04.05-11.24.27:466][151]LogSpawn: Warning: SpawnActor failed because no class was specified
[2022.04.05-11.24.27:467][151]LogSlate: New Slate User Created.  User Index 8, Is Virtual User: 1
[2022.04.05-11.24.27:469][151]LogSlate: Slate User Registered.  User Index 8, Is Virtual User: 1
[2022.04.05-11.24.27:479][151]PIE: Server logged in
[2022.04.05-11.24.27:481][151]PIE: Play in editor total start time 0.285 seconds.
[2022.04.05-11.24.27:482][151]LogEngine: Changing dynamic resolution state.
[2022.04.05-11.24.27:489][151]LogResonanceAudio: Display: Resonance Audio Listener is initialized
[2022.04.05-11.24.27:509][151]LogHMD: Allocating Oculus 3648 x 1840 depth rendertarget swapchain
[2022.04.05-11.24.39:105][938]LogSlate: Updating window title bar state: overlay mode, drag disabled, window buttons hidden, title bar hidden
[2022.04.05-11.24.39:105][938]LogWorld: BeginTearingDown for /Game/VRTemplate/Maps/UEDPIE_0_VRTemplateMap
[2022.04.05-11.24.39:123][938]LogSlate: Window 'P8_VR_Home Preview [NetMode: Standalone]  (64-bit/Windows) OculusHMD' being destroyed
[2022.04.05-11.24.39:165][938]LogWorld: UWorld::CleanupWorld for VRTemplateMap, bSessionEnded=true, bCleanupResources=true
[2022.04.05-11.24.39:167][938]LogSlate: InvalidateAllWidgets triggered.  All widgets were invalidated
[2022.04.05-11.24.39:176][938]LogPlayLevel: Display: Shutting down PIE online subsystems
[2022.04.05-11.24.39:190][938]LogSlate: InvalidateAllWidgets triggered.  All widgets were invalidated
[2022.04.05-11.24.39:223][938]LogAudio: Display: Audio Device unregistered from world 'None'.
[2022.04.05-11.24.39:224][938]LogResonanceAudio: Display: Resonance Audio Listener is shutdown
[2022.04.05-11.24.39:224][938]LogAudioMixer: FMixerPlatformXAudio2::StopAudioStream() called
[2022.04.05-11.24.39:225][938]LogAudioMixer: FMixerPlatformXAudio2::StopAudioStream() called
[2022.04.05-11.24.39:232][938]LogSlate: Slate User Unregistered.  User Index 8
[2022.04.05-11.24.39:232][938]LogSlate: Slate User Destroyed.  User Index 8, Is Virtual User: 1
[2022.04.05-11.24.39:234][938]LogUObjectHash: Compacting FUObjectHashTables data took   2.73ms
[2022.04.05-11.24.39:263][939]LogPlayLevel: Display: Destroying online subsystem :Context_34
[2022.04.05-11.24.39:273][939]LogEngine: Changing dynamic resolution state.
[2022.04.05-11.24.46:096][ 20]LogEditorViewport: Clicking on Actor (LMB): BlindsButton_C (BlindsButton)
[2022.04.05-11.24.47:604][ 42]LogEditorViewport: Clicking on Actor (LMB): StaticMeshActor (Group76_2)
[2022.04.05-11.24.49:079][ 56]LogEditorViewport: Clicking on Actor (LMB): BlindsButton_C (BlindsButton)
[2022.04.05-11.25.03:650][234]LogEditorViewport: Clicking on Actor (LMB): BP_Sky_Sphere_C (SkySpherePC2)
[2022.04.05-11.25.04:621][244]LogEditorViewport: Clicking on Actor (LMB): StaticMeshActor (Group_364_76)
[2022.04.05-11.25.29:295][291]BlueprintLog: New page: Compile shutters_logic
[2022.04.05-11.25.29:353][291]LogUObjectHash: Compacting FUObjectHashTables data took   2.72ms
[2022.04.05-11.25.31:781][364]LogTemp: Repeating last play command: VR Preview
[2022.04.05-11.25.31:787][364]LogPlayLevel: PlayLevel: No blueprints needed recompiling
[2022.04.05-11.25.31:787][364]LogHMD: Initializing OVRPlugin session
[2022.04.05-11.25.31:925][364]LogHMD: Allocating Oculus 3200 x 1600 rendertarget swapchain
[2022.04.05-11.25.31:927][364]PIE: New page: PIE session: VRTemplateMap (Apr 5, 2022, 3:25:31 PM)
[2022.04.05-11.25.31:927][364]LogPlayLevel: Creating play world package: /Game/VRTemplate/Maps/UEDPIE_0_VRTemplateMap
[2022.04.05-11.25.31:951][364]LogPlayLevel: PIE: StaticDuplicateObject took: (0.023532s)
[2022.04.05-11.25.31:952][364]LogAIModule: Creating AISystem for world VRTemplateMap
[2022.04.05-11.25.31:952][364]LogPlayLevel: PIE: World Init took: (0.000912s)
[2022.04.05-11.25.31:952][364]LogPlayLevel: PIE: Created PIE world by copying editor world from /Game/VRTemplate/Maps/VRTemplateMap.VRTemplateMap to /Game/VRTemplate/Maps/UEDPIE_0_VRTemplateMap.VRTemplateMap (0.024578s)
[2022.04.05-11.25.31:987][364]LogUObjectHash: Compacting FUObjectHashTables data took   3.46ms
[2022.04.05-11.25.31:988][364]LogAudio: Display: Creating Audio Device:                 Id: 15, Scope: Unique, Realtime: True
[2022.04.05-11.25.31:988][364]LogAudioMixer: Display: Audio Mixer Platform Settings:
[2022.04.05-11.25.31:988][364]LogAudioMixer: Display: 	Sample Rate:						  48000
[2022.04.05-11.25.31:988][364]LogAudioMixer: Display: 	Callback Buffer Frame Size Requested: 1024
[2022.04.05-11.25.31:988][364]LogAudioMixer: Display: 	Callback Buffer Frame Size To Use:	  1024
[2022.04.05-11.25.31:988][364]LogAudioMixer: Display: 	Number of buffers to queue:			  1
[2022.04.05-11.25.31:988][364]LogAudioMixer: Display: 	Max Channels (voices):				  0
[2022.04.05-11.25.31:988][364]LogAudioMixer: Display: 	Number of Async Source Workers:		  4
[2022.04.05-11.25.31:988][364]LogAudio: Display: AudioDevice MaxSources: 32
[2022.04.05-11.25.31:988][364]LogAudio: Display: Audio Spatialization Plugin: Resonance Audio is external send: 1
[2022.04.05-11.25.31:988][364]LogAudio: Display: Audio Reverb Plugin: Resonance Audio
[2022.04.05-11.25.31:988][364]LogAudio: Display: Audio Occlusion Plugin: None (built-in).
[2022.04.05-11.25.31:988][364]LogAudioMixer: Display: Initializing audio mixer.
[2022.04.05-11.25.31:989][364]LogAudioMixer: Display: 0: FrontLeft
[2022.04.05-11.25.31:989][364]LogAudioMixer: Display: 1: FrontRight
[2022.04.05-11.25.31:989][364]LogAudioMixer: Display: 0: FrontLeft
[2022.04.05-11.25.31:989][364]LogAudioMixer: Display: 1: FrontRight
[2022.04.05-11.25.31:989][364]LogAudioMixer: Display: 0: FrontLeft
[2022.04.05-11.25.31:989][364]LogAudioMixer: Display: 1: FrontRight
[2022.04.05-11.25.31:990][364]LogAudioMixer: Display: 0: FrontLeft
[2022.04.05-11.25.31:990][364]LogAudioMixer: Display: 1: FrontRight
[2022.04.05-11.25.31:994][364]LogAudioMixer: Display: Using Audio Device Headphones (Oculus Virtual Audio Device)
[2022.04.05-11.25.31:994][364]LogAudioMixer: Display: Initializing Sound Submixes...
[2022.04.05-11.25.31:994][364]LogAudioMixer: Display: Creating Master Submix 'MasterSubmixDefault'
[2022.04.05-11.25.31:994][364]LogAudioMixer: Display: Creating Master Submix 'MasterReverbSubmixDefault'
[2022.04.05-11.25.31:995][364]LogAudioMixer: Display: Creating Master Submix 'MasterEQSubmixDefault'
[2022.04.05-11.25.31:995][364]LogAudioMixer: FMixerPlatformXAudio2::StartAudioStream() called
[2022.04.05-11.25.31:995][364]LogAudioMixer: Display: Output buffers initialized: Frames=1024, Channels=2, Samples=2048
[2022.04.05-11.25.31:995][364]LogAudioMixer: Display: Starting AudioMixerPlatformInterface::RunInternal()
[2022.04.05-11.25.31:995][364]LogAudioMixer: Display: FMixerPlatformXAudio2::SubmitBuffer() called for the first time
[2022.04.05-11.25.31:995][364]LogInit: FAudioDevice initialized.
[2022.04.05-11.25.31:995][364]LogAudio: Display: Audio Device (ID: 15) registered with world 'VRTemplateMap'.
[2022.04.05-11.25.32:005][364]LogSlate: Updating window title bar state: overlay mode, drag disabled, window buttons hidden, title bar hidden
[2022.04.05-11.25.32:029][364]LogHMD: Allocating Oculus 3648 x 1840 rendertarget swapchain
[2022.04.05-11.25.32:057][364]LogLoad: Game class is 'VRGameMode_C'
[2022.04.05-11.25.32:066][364]LogWorld: Bringing World /Game/VRTemplate/Maps/UEDPIE_0_VRTemplateMap.VRTemplateMap up for play (max tick rate 0) at 2022.04.05-13.25.32
[2022.04.05-11.25.32:066][364]LogWorld: Bringing up level for play took: 0.008605
[2022.04.05-11.25.32:066][364]LogOnline: OSS: Creating online subsystem instance for: :Context_35
[2022.04.05-11.25.32:069][364]LogSpawn: Warning: SpawnActor failed because no class was specified
[2022.04.05-11.25.32:070][364]LogSlate: New Slate User Created.  User Index 8, Is Virtual User: 1
[2022.04.05-11.25.32:072][364]LogSlate: Slate User Registered.  User Index 8, Is Virtual User: 1
[2022.04.05-11.25.32:078][364]PIE: Server logged in
[2022.04.05-11.25.32:080][364]PIE: Play in editor total start time 0.293 seconds.
[2022.04.05-11.25.32:080][364]LogEngine: Changing dynamic resolution state.
[2022.04.05-11.25.32:087][364]LogResonanceAudio: Display: Resonance Audio Listener is initialized
[2022.04.05-11.25.32:108][364]LogHMD: Allocating Oculus 3648 x 1840 depth rendertarget swapchain
[2022.04.05-11.25.52:113][534]LogSlate: Updating window title bar state: overlay mode, drag disabled, window buttons hidden, title bar hidden
[2022.04.05-11.25.52:113][534]LogWorld: BeginTearingDown for /Game/VRTemplate/Maps/UEDPIE_0_VRTemplateMap
[2022.04.05-11.25.52:132][534]LogSlate: Window 'P8_VR_Home Preview [NetMode: Standalone]  (64-bit/Windows) OculusHMD' being destroyed
[2022.04.05-11.25.52:156][534]LogWorld: UWorld::CleanupWorld for VRTemplateMap, bSessionEnded=true, bCleanupResources=true
[2022.04.05-11.25.52:158][534]LogSlate: InvalidateAllWidgets triggered.  All widgets were invalidated
[2022.04.05-11.25.52:170][534]LogPlayLevel: Display: Shutting down PIE online subsystems
[2022.04.05-11.25.52:187][534]LogSlate: InvalidateAllWidgets triggered.  All widgets were invalidated
[2022.04.05-11.25.52:221][534]LogAudio: Display: Audio Device unregistered from world 'None'.
[2022.04.05-11.25.52:222][534]LogResonanceAudio: Display: Resonance Audio Listener is shutdown
[2022.04.05-11.25.52:222][534]LogAudioMixer: FMixerPlatformXAudio2::StopAudioStream() called
[2022.04.05-11.25.52:223][534]LogAudioMixer: FMixerPlatformXAudio2::StopAudioStream() called
[2022.04.05-11.25.52:230][534]LogSlate: Slate User Unregistered.  User Index 8
[2022.04.05-11.25.52:230][534]LogSlate: Slate User Destroyed.  User Index 8, Is Virtual User: 1
[2022.04.05-11.25.52:234][534]LogUObjectHash: Compacting FUObjectHashTables data took   3.25ms
[2022.04.05-11.25.52:264][535]LogPlayLevel: Display: Destroying online subsystem :Context_35
[2022.04.05-11.25.52:273][535]LogEngine: Changing dynamic resolution state.
[2022.04.05-11.26.04:321][ 46]BlueprintLog: New page: Compile BlindsButton
[2022.04.05-11.26.04:371][ 46]LogUObjectHash: Compacting FUObjectHashTables data took   2.62ms
[2022.04.05-11.26.08:604][228]LogTemp: Repeating last play command: VR Preview
[2022.04.05-11.26.08:610][228]LogPlayLevel: PlayLevel: No blueprints needed recompiling
[2022.04.05-11.26.08:610][228]LogHMD: Initializing OVRPlugin session
[2022.04.05-11.26.08:730][228]LogHMD: Allocating Oculus 3200 x 1600 rendertarget swapchain
[2022.04.05-11.26.08:731][228]PIE: New page: PIE session: VRTemplateMap (Apr 5, 2022, 3:26:08 PM)
[2022.04.05-11.26.08:732][228]LogPlayLevel: Creating play world package: /Game/VRTemplate/Maps/UEDPIE_0_VRTemplateMap
[2022.04.05-11.26.08:755][228]LogPlayLevel: PIE: StaticDuplicateObject took: (0.022928s)
[2022.04.05-11.26.08:756][228]LogAIModule: Creating AISystem for world VRTemplateMap
[2022.04.05-11.26.08:756][228]LogPlayLevel: PIE: World Init took: (0.000872s)
[2022.04.05-11.26.08:756][228]LogPlayLevel: PIE: Created PIE world by copying editor world from /Game/VRTemplate/Maps/VRTemplateMap.VRTemplateMap to /Game/VRTemplate/Maps/UEDPIE_0_VRTemplateMap.VRTemplateMap (0.023964s)
[2022.04.05-11.26.08:788][228]LogUObjectHash: Compacting FUObjectHashTables data took   3.22ms
[2022.04.05-11.26.08:790][228]LogAudio: Display: Creating Audio Device:                 Id: 16, Scope: Unique, Realtime: True
[2022.04.05-11.26.08:790][228]LogAudioMixer: Display: Audio Mixer Platform Settings:
[2022.04.05-11.26.08:790][228]LogAudioMixer: Display: 	Sample Rate:						  48000
[2022.04.05-11.26.08:790][228]LogAudioMixer: Display: 	Callback Buffer Frame Size Requested: 1024
[2022.04.05-11.26.08:790][228]LogAudioMixer: Display: 	Callback Buffer Frame Size To Use:	  1024
[2022.04.05-11.26.08:790][228]LogAudioMixer: Display: 	Number of buffers to queue:			  1
[2022.04.05-11.26.08:790][228]LogAudioMixer: Display: 	Max Channels (voices):				  0
[2022.04.05-11.26.08:790][228]LogAudioMixer: Display: 	Number of Async Source Workers:		  4
[2022.04.05-11.26.08:790][228]LogAudio: Display: AudioDevice MaxSources: 32
[2022.04.05-11.26.08:790][228]LogAudio: Display: Audio Spatialization Plugin: Resonance Audio is external send: 1
[2022.04.05-11.26.08:790][228]LogAudio: Display: Audio Reverb Plugin: Resonance Audio
[2022.04.05-11.26.08:790][228]LogAudio: Display: Audio Occlusion Plugin: None (built-in).
[2022.04.05-11.26.08:790][228]LogAudioMixer: Display: Initializing audio mixer.
[2022.04.05-11.26.08:791][228]LogAudioMixer: Display: 0: FrontLeft
[2022.04.05-11.26.08:791][228]LogAudioMixer: Display: 1: FrontRight
[2022.04.05-11.26.08:791][228]LogAudioMixer: Display: 0: FrontLeft
[2022.04.05-11.26.08:791][228]LogAudioMixer: Display: 1: FrontRight
[2022.04.05-11.26.08:792][228]LogAudioMixer: Display: 0: FrontLeft
[2022.04.05-11.26.08:792][228]LogAudioMixer: Display: 1: FrontRight
[2022.04.05-11.26.08:792][228]LogAudioMixer: Display: 0: FrontLeft
[2022.04.05-11.26.08:792][228]LogAudioMixer: Display: 1: FrontRight
[2022.04.05-11.26.08:796][228]LogAudioMixer: Display: Using Audio Device Headphones (Oculus Virtual Audio Device)
[2022.04.05-11.26.08:796][228]LogAudioMixer: Display: Initializing Sound Submixes...
[2022.04.05-11.26.08:796][228]LogAudioMixer: Display: Creating Master Submix 'MasterSubmixDefault'
[2022.04.05-11.26.08:796][228]LogAudioMixer: Display: Creating Master Submix 'MasterReverbSubmixDefault'
[2022.04.05-11.26.08:797][228]LogAudioMixer: Display: Creating Master Submix 'MasterEQSubmixDefault'
[2022.04.05-11.26.08:797][228]LogAudioMixer: FMixerPlatformXAudio2::StartAudioStream() called
[2022.04.05-11.26.08:797][228]LogAudioMixer: Display: Output buffers initialized: Frames=1024, Channels=2, Samples=2048
[2022.04.05-11.26.08:798][228]LogAudioMixer: Display: Starting AudioMixerPlatformInterface::RunInternal()
[2022.04.05-11.26.08:798][228]LogAudioMixer: Display: FMixerPlatformXAudio2::SubmitBuffer() called for the first time
[2022.04.05-11.26.08:798][228]LogInit: FAudioDevice initialized.
[2022.04.05-11.26.08:798][228]LogAudio: Display: Audio Device (ID: 16) registered with world 'VRTemplateMap'.
[2022.04.05-11.26.08:807][228]LogSlate: Updating window title bar state: overlay mode, drag disabled, window buttons hidden, title bar hidden
[2022.04.05-11.26.08:828][228]LogHMD: Allocating Oculus 3648 x 1840 rendertarget swapchain
[2022.04.05-11.26.08:856][228]LogLoad: Game class is 'VRGameMode_C'
[2022.04.05-11.26.08:864][228]LogWorld: Bringing World /Game/VRTemplate/Maps/UEDPIE_0_VRTemplateMap.VRTemplateMap up for play (max tick rate 0) at 2022.04.05-13.26.08
[2022.04.05-11.26.08:865][228]LogWorld: Bringing up level for play took: 0.007889
[2022.04.05-11.26.08:865][228]LogOnline: OSS: Creating online subsystem instance for: :Context_36
[2022.04.05-11.26.08:866][228]LogSpawn: Warning: SpawnActor failed because no class was specified
[2022.04.05-11.26.08:868][228]LogSlate: New Slate User Created.  User Index 8, Is Virtual User: 1
[2022.04.05-11.26.08:869][228]LogSlate: Slate User Registered.  User Index 8, Is Virtual User: 1
[2022.04.05-11.26.08:876][228]PIE: Server logged in
[2022.04.05-11.26.08:878][228]PIE: Play in editor total start time 0.268 seconds.
[2022.04.05-11.26.08:878][228]LogEngine: Changing dynamic resolution state.
[2022.04.05-11.26.08:886][228]LogResonanceAudio: Display: Resonance Audio Listener is initialized
[2022.04.05-11.26.08:899][228]LogHMD: Allocating Oculus 3648 x 1840 depth rendertarget swapchain
[2022.04.05-11.26.16:452][283]LogD3D11RHI: Timed out while waiting for GPU to catch up. (0.5 s) (ErrorCode 00000001) (00000000)
[2022.04.05-11.26.25:840][907]LogSlate: Updating window title bar state: overlay mode, drag disabled, window buttons hidden, title bar hidden
[2022.04.05-11.26.25:840][907]LogWorld: BeginTearingDown for /Game/VRTemplate/Maps/UEDPIE_0_VRTemplateMap
[2022.04.05-11.26.25:864][907]LogSlate: Window 'P8_VR_Home Preview [NetMode: Standalone]  (64-bit/Windows) OculusHMD' being destroyed
[2022.04.05-11.26.25:905][907]LogWorld: UWorld::CleanupWorld for VRTemplateMap, bSessionEnded=true, bCleanupResources=true
[2022.04.05-11.26.25:906][907]LogSlate: InvalidateAllWidgets triggered.  All widgets were invalidated
[2022.04.05-11.26.25:915][907]LogPlayLevel: Display: Shutting down PIE online subsystems
[2022.04.05-11.26.25:931][907]LogSlate: InvalidateAllWidgets triggered.  All widgets were invalidated
[2022.04.05-11.26.25:971][907]LogAudio: Display: Audio Device unregistered from world 'None'.
[2022.04.05-11.26.25:971][907]LogResonanceAudio: Display: Resonance Audio Listener is shutdown
[2022.04.05-11.26.25:971][907]LogAudioMixer: FMixerPlatformXAudio2::StopAudioStream() called
[2022.04.05-11.26.25:973][907]LogAudioMixer: FMixerPlatformXAudio2::StopAudioStream() called
[2022.04.05-11.26.25:978][907]LogSlate: Slate User Unregistered.  User Index 8
[2022.04.05-11.26.25:978][907]LogSlate: Slate User Destroyed.  User Index 8, Is Virtual User: 1
[2022.04.05-11.26.25:982][907]LogUObjectHash: Compacting FUObjectHashTables data took   2.94ms
[2022.04.05-11.26.26:014][908]LogPlayLevel: Display: Destroying online subsystem :Context_36
[2022.04.05-11.26.26:023][908]LogEngine: Changing dynamic resolution state.
[2022.04.05-11.26.36:571][384]BlueprintLog: New page: Compile BlindsButton
[2022.04.05-11.26.36:621][384]LogUObjectHash: Compacting FUObjectHashTables data took   2.65ms
[2022.04.05-11.26.38:695][477]LogTemp: Repeating last play command: VR Preview
[2022.04.05-11.26.38:701][477]LogPlayLevel: PlayLevel: No blueprints needed recompiling
[2022.04.05-11.26.38:701][477]LogHMD: Initializing OVRPlugin session
[2022.04.05-11.26.38:821][477]LogHMD: Allocating Oculus 3200 x 1600 rendertarget swapchain
[2022.04.05-11.26.38:823][477]PIE: New page: PIE session: VRTemplateMap (Apr 5, 2022, 3:26:38 PM)
[2022.04.05-11.26.38:823][477]LogPlayLevel: Creating play world package: /Game/VRTemplate/Maps/UEDPIE_0_VRTemplateMap
[2022.04.05-11.26.38:845][477]LogPlayLevel: PIE: StaticDuplicateObject took: (0.023255s)
[2022.04.05-11.26.38:846][477]LogAIModule: Creating AISystem for world VRTemplateMap
[2022.04.05-11.26.38:847][477]LogPlayLevel: PIE: World Init took: (0.001171s)
[2022.04.05-11.26.38:847][477]LogPlayLevel: PIE: Created PIE world by copying editor world from /Game/VRTemplate/Maps/VRTemplateMap.VRTemplateMap to /Game/VRTemplate/Maps/UEDPIE_0_VRTemplateMap.VRTemplateMap (0.024564s)
[2022.04.05-11.26.38:883][477]LogUObjectHash: Compacting FUObjectHashTables data took   3.32ms
[2022.04.05-11.26.38:884][477]LogAudio: Display: Creating Audio Device:                 Id: 17, Scope: Unique, Realtime: True
[2022.04.05-11.26.38:884][477]LogAudioMixer: Display: Audio Mixer Platform Settings:
[2022.04.05-11.26.38:884][477]LogAudioMixer: Display: 	Sample Rate:						  48000
[2022.04.05-11.26.38:884][477]LogAudioMixer: Display: 	Callback Buffer Frame Size Requested: 1024
[2022.04.05-11.26.38:884][477]LogAudioMixer: Display: 	Callback Buffer Frame Size To Use:	  1024
[2022.04.05-11.26.38:884][477]LogAudioMixer: Display: 	Number of buffers to queue:			  1
[2022.04.05-11.26.38:884][477]LogAudioMixer: Display: 	Max Channels (voices):				  0
[2022.04.05-11.26.38:884][477]LogAudioMixer: Display: 	Number of Async Source Workers:		  4
[2022.04.05-11.26.38:884][477]LogAudio: Display: AudioDevice MaxSources: 32
[2022.04.05-11.26.38:884][477]LogAudio: Display: Audio Spatialization Plugin: Resonance Audio is external send: 1
[2022.04.05-11.26.38:884][477]LogAudio: Display: Audio Reverb Plugin: Resonance Audio
[2022.04.05-11.26.38:885][477]LogAudio: Display: Audio Occlusion Plugin: None (built-in).
[2022.04.05-11.26.38:885][477]LogAudioMixer: Display: Initializing audio mixer.
[2022.04.05-11.26.38:886][477]LogAudioMixer: Display: 0: FrontLeft
[2022.04.05-11.26.38:886][477]LogAudioMixer: Display: 1: FrontRight
[2022.04.05-11.26.38:886][477]LogAudioMixer: Display: 0: FrontLeft
[2022.04.05-11.26.38:886][477]LogAudioMixer: Display: 1: FrontRight
[2022.04.05-11.26.38:886][477]LogAudioMixer: Display: 0: FrontLeft
[2022.04.05-11.26.38:886][477]LogAudioMixer: Display: 1: FrontRight
[2022.04.05-11.26.38:887][477]LogAudioMixer: Display: 0: FrontLeft
[2022.04.05-11.26.38:887][477]LogAudioMixer: Display: 1: FrontRight
[2022.04.05-11.26.38:890][477]LogAudioMixer: Display: Using Audio Device Headphones (Oculus Virtual Audio Device)
[2022.04.05-11.26.38:890][477]LogAudioMixer: Display: Initializing Sound Submixes...
[2022.04.05-11.26.38:891][477]LogAudioMixer: Display: Creating Master Submix 'MasterSubmixDefault'
[2022.04.05-11.26.38:891][477]LogAudioMixer: Display: Creating Master Submix 'MasterReverbSubmixDefault'
[2022.04.05-11.26.38:891][477]LogAudioMixer: Display: Creating Master Submix 'MasterEQSubmixDefault'
[2022.04.05-11.26.38:891][477]LogAudioMixer: FMixerPlatformXAudio2::StartAudioStream() called
[2022.04.05-11.26.38:891][477]LogAudioMixer: Display: Output buffers initialized: Frames=1024, Channels=2, Samples=2048
[2022.04.05-11.26.38:892][477]LogAudioMixer: Display: Starting AudioMixerPlatformInterface::RunInternal()
[2022.04.05-11.26.38:892][477]LogAudioMixer: Display: FMixerPlatformXAudio2::SubmitBuffer() called for the first time
[2022.04.05-11.26.38:892][477]LogInit: FAudioDevice initialized.
[2022.04.05-11.26.38:892][477]LogAudio: Display: Audio Device (ID: 17) registered with world 'VRTemplateMap'.
[2022.04.05-11.26.38:902][477]LogSlate: Updating window title bar state: overlay mode, drag disabled, window buttons hidden, title bar hidden
[2022.04.05-11.26.38:910][477]LogHMD: Allocating Oculus 3648 x 1840 rendertarget swapchain
[2022.04.05-11.26.38:940][477]LogLoad: Game class is 'VRGameMode_C'
[2022.04.05-11.26.38:946][477]LogWorld: Bringing World /Game/VRTemplate/Maps/UEDPIE_0_VRTemplateMap.VRTemplateMap up for play (max tick rate 0) at 2022.04.05-13.26.38
[2022.04.05-11.26.38:946][477]LogWorld: Bringing up level for play took: 0.006606
[2022.04.05-11.26.38:946][477]LogOnline: OSS: Creating online subsystem instance for: :Context_37
[2022.04.05-11.26.38:948][477]LogSpawn: Warning: SpawnActor failed because no class was specified
[2022.04.05-11.26.38:950][477]LogSlate: New Slate User Created.  User Index 8, Is Virtual User: 1
[2022.04.05-11.26.38:951][477]LogSlate: Slate User Registered.  User Index 8, Is Virtual User: 1
[2022.04.05-11.26.38:956][477]PIE: Server logged in
[2022.04.05-11.26.38:957][477]PIE: Play in editor total start time 0.257 seconds.
[2022.04.05-11.26.38:958][477]LogEngine: Changing dynamic resolution state.
[2022.04.05-11.26.38:965][477]LogResonanceAudio: Display: Resonance Audio Listener is initialized
[2022.04.05-11.26.38:983][477]LogHMD: Allocating Oculus 3648 x 1840 depth rendertarget swapchain
[2022.04.05-11.26.58:305][361]LogSlate: Updating window title bar state: overlay mode, drag disabled, window buttons hidden, title bar hidden
[2022.04.05-11.26.58:305][361]LogWorld: BeginTearingDown for /Game/VRTemplate/Maps/UEDPIE_0_VRTemplateMap
[2022.04.05-11.26.58:331][361]LogSlate: Window 'P8_VR_Home Preview [NetMode: Standalone]  (64-bit/Windows) OculusHMD' being destroyed
[2022.04.05-11.26.58:366][361]LogWorld: UWorld::CleanupWorld for VRTemplateMap, bSessionEnded=true, bCleanupResources=true
[2022.04.05-11.26.58:367][361]LogSlate: InvalidateAllWidgets triggered.  All widgets were invalidated
[2022.04.05-11.26.58:380][361]LogPlayLevel: Display: Shutting down PIE online subsystems
[2022.04.05-11.26.58:398][361]LogSlate: InvalidateAllWidgets triggered.  All widgets were invalidated
[2022.04.05-11.26.58:435][361]LogAudio: Display: Audio Device unregistered from world 'None'.
[2022.04.05-11.26.58:436][361]LogResonanceAudio: Display: Resonance Audio Listener is shutdown
[2022.04.05-11.26.58:436][361]LogAudioMixer: FMixerPlatformXAudio2::StopAudioStream() called
[2022.04.05-11.26.58:437][361]LogAudioMixer: FMixerPlatformXAudio2::StopAudioStream() called
[2022.04.05-11.26.58:441][361]LogSlate: Slate User Unregistered.  User Index 8
[2022.04.05-11.26.58:441][361]LogSlate: Slate User Destroyed.  User Index 8, Is Virtual User: 1
[2022.04.05-11.26.58:446][361]LogUObjectHash: Compacting FUObjectHashTables data took   2.82ms
[2022.04.05-11.26.58:477][362]LogPlayLevel: Display: Destroying online subsystem :Context_37
[2022.04.05-11.26.58:486][362]LogEngine: Changing dynamic resolution state.
[2022.04.05-11.27.49:958][816]LogEditorViewport: Clicking on Actor (LMB): StaticMeshActor (Group_706_24)
[2022.04.05-11.27.56:639][132]Cmd: CAMERA ALIGN ACTIVEVIEWPORTONLY
[2022.04.05-11.28.02:282][400]Cmd: TRANSACTION UNDO
[2022.04.05-11.28.02:282][400]LogEditorTransaction: Undo Move Actors
[2022.04.05-11.28.06:698][600]Cmd: TRANSACTION UNDO
[2022.04.05-11.28.06:698][600]LogEditorTransaction: Undo Move Actors
[2022.04.05-11.28.26:082][515]LogEditorViewport: Clicking on Actor (LMB): StaticMeshActor (Group_610_20)
[2022.04.05-11.28.46:733][491]LogTemp: Repeating last play command: VR Preview
[2022.04.05-11.28.46:739][491]LogPlayLevel: PlayLevel: No blueprints needed recompiling
[2022.04.05-11.28.46:739][491]LogHMD: Initializing OVRPlugin session
[2022.04.05-11.28.46:852][491]LogHMD: Allocating Oculus 3200 x 1600 rendertarget swapchain
[2022.04.05-11.28.46:854][491]PIE: New page: PIE session: VRTemplateMap (Apr 5, 2022, 3:28:46 PM)
[2022.04.05-11.28.46:854][491]LogPlayLevel: Creating play world package: /Game/VRTemplate/Maps/UEDPIE_0_VRTemplateMap
[2022.04.05-11.28.46:880][491]LogPlayLevel: PIE: StaticDuplicateObject took: (0.025819s)
[2022.04.05-11.28.46:881][491]LogAIModule: Creating AISystem for world VRTemplateMap
[2022.04.05-11.28.46:881][491]LogPlayLevel: PIE: World Init took: (0.001191s)
[2022.04.05-11.28.46:881][491]LogPlayLevel: PIE: Created PIE world by copying editor world from /Game/VRTemplate/Maps/VRTemplateMap.VRTemplateMap to /Game/VRTemplate/Maps/UEDPIE_0_VRTemplateMap.VRTemplateMap (0.027186s)
[2022.04.05-11.28.46:917][491]LogUObjectHash: Compacting FUObjectHashTables data took   2.73ms
[2022.04.05-11.28.46:920][491]LogAudio: Display: Creating Audio Device:                 Id: 18, Scope: Unique, Realtime: True
[2022.04.05-11.28.46:920][491]LogAudioMixer: Display: Audio Mixer Platform Settings:
[2022.04.05-11.28.46:920][491]LogAudioMixer: Display: 	Sample Rate:						  48000
[2022.04.05-11.28.46:920][491]LogAudioMixer: Display: 	Callback Buffer Frame Size Requested: 1024
[2022.04.05-11.28.46:920][491]LogAudioMixer: Display: 	Callback Buffer Frame Size To Use:	  1024
[2022.04.05-11.28.46:920][491]LogAudioMixer: Display: 	Number of buffers to queue:			  1
[2022.04.05-11.28.46:920][491]LogAudioMixer: Display: 	Max Channels (voices):				  0
[2022.04.05-11.28.46:920][491]LogAudioMixer: Display: 	Number of Async Source Workers:		  4
[2022.04.05-11.28.46:920][491]LogAudio: Display: AudioDevice MaxSources: 32
[2022.04.05-11.28.46:921][491]LogAudio: Display: Audio Spatialization Plugin: Resonance Audio is external send: 1
[2022.04.05-11.28.46:921][491]LogAudio: Display: Audio Reverb Plugin: Resonance Audio
[2022.04.05-11.28.46:921][491]LogAudio: Display: Audio Occlusion Plugin: None (built-in).
[2022.04.05-11.28.46:921][491]LogAudioMixer: Display: Initializing audio mixer.
[2022.04.05-11.28.46:921][491]LogAudioMixer: Display: 0: FrontLeft
[2022.04.05-11.28.46:921][491]LogAudioMixer: Display: 1: FrontRight
[2022.04.05-11.28.46:922][491]LogAudioMixer: Display: 0: FrontLeft
[2022.04.05-11.28.46:922][491]LogAudioMixer: Display: 1: FrontRight
[2022.04.05-11.28.46:927][491]LogAudioMixer: Display: 0: FrontLeft
[2022.04.05-11.28.46:927][491]LogAudioMixer: Display: 1: FrontRight
[2022.04.05-11.28.46:927][491]LogAudioMixer: Display: 0: FrontLeft
[2022.04.05-11.28.46:927][491]LogAudioMixer: Display: 1: FrontRight
[2022.04.05-11.28.46:932][491]LogAudioMixer: Display: Using Audio Device Headphones (Oculus Virtual Audio Device)
[2022.04.05-11.28.46:933][491]LogAudioMixer: Display: Initializing Sound Submixes...
[2022.04.05-11.28.46:933][491]LogAudioMixer: Display: Creating Master Submix 'MasterSubmixDefault'
[2022.04.05-11.28.46:933][491]LogAudioMixer: Display: Creating Master Submix 'MasterReverbSubmixDefault'
[2022.04.05-11.28.46:933][491]LogAudioMixer: Display: Creating Master Submix 'MasterEQSubmixDefault'
[2022.04.05-11.28.46:933][491]LogAudioMixer: FMixerPlatformXAudio2::StartAudioStream() called
[2022.04.05-11.28.46:933][491]LogAudioMixer: Display: Output buffers initialized: Frames=1024, Channels=2, Samples=2048
[2022.04.05-11.28.46:935][491]LogAudioMixer: Display: Starting AudioMixerPlatformInterface::RunInternal()
[2022.04.05-11.28.46:935][491]LogAudioMixer: Display: FMixerPlatformXAudio2::SubmitBuffer() called for the first time
[2022.04.05-11.28.46:935][491]LogInit: FAudioDevice initialized.
[2022.04.05-11.28.46:935][491]LogAudio: Display: Audio Device (ID: 18) registered with world 'VRTemplateMap'.
[2022.04.05-11.28.46:945][491]LogSlate: Updating window title bar state: overlay mode, drag disabled, window buttons hidden, title bar hidden
[2022.04.05-11.28.46:963][491]LogHMD: Allocating Oculus 3648 x 1840 rendertarget swapchain
[2022.04.05-11.28.46:990][491]LogLoad: Game class is 'VRGameMode_C'
[2022.04.05-11.28.47:000][491]LogWorld: Bringing World /Game/VRTemplate/Maps/UEDPIE_0_VRTemplateMap.VRTemplateMap up for play (max tick rate 0) at 2022.04.05-13.28.47
[2022.04.05-11.28.47:001][491]LogWorld: Bringing up level for play took: 0.010157
[2022.04.05-11.28.47:001][491]LogOnline: OSS: Creating online subsystem instance for: :Context_38
[2022.04.05-11.28.47:003][491]LogSpawn: Warning: SpawnActor failed because no class was specified
[2022.04.05-11.28.47:004][491]LogSlate: New Slate User Created.  User Index 8, Is Virtual User: 1
[2022.04.05-11.28.47:004][491]LogSlate: Slate User Registered.  User Index 8, Is Virtual User: 1
[2022.04.05-11.28.47:013][491]PIE: Server logged in
[2022.04.05-11.28.47:015][491]PIE: Play in editor total start time 0.276 seconds.
[2022.04.05-11.28.47:016][491]LogEngine: Changing dynamic resolution state.
[2022.04.05-11.28.47:023][491]LogResonanceAudio: Display: Resonance Audio Listener is initialized
[2022.04.05-11.28.47:040][491]LogHMD: Allocating Oculus 3648 x 1840 depth rendertarget swapchain
[2022.04.05-11.28.49:720][675]LogSlate: Updating window title bar state: overlay mode, drag disabled, window buttons hidden, title bar hidden
[2022.04.05-11.28.49:720][675]LogWorld: BeginTearingDown for /Game/VRTemplate/Maps/UEDPIE_0_VRTemplateMap
[2022.04.05-11.28.49:739][675]LogSlate: Window 'P8_VR_Home Preview [NetMode: Standalone]  (64-bit/Windows) OculusHMD' being destroyed
[2022.04.05-11.28.49:765][675]LogWorld: UWorld::CleanupWorld for VRTemplateMap, bSessionEnded=true, bCleanupResources=true
[2022.04.05-11.28.49:767][675]LogSlate: InvalidateAllWidgets triggered.  All widgets were invalidated
[2022.04.05-11.28.49:777][675]LogPlayLevel: Display: Shutting down PIE online subsystems
[2022.04.05-11.28.49:799][675]LogSlate: InvalidateAllWidgets triggered.  All widgets were invalidated
[2022.04.05-11.28.49:832][675]LogAudio: Display: Audio Device unregistered from world 'None'.
[2022.04.05-11.28.49:832][675]LogResonanceAudio: Display: Resonance Audio Listener is shutdown
[2022.04.05-11.28.49:832][675]LogAudioMixer: FMixerPlatformXAudio2::StopAudioStream() called
[2022.04.05-11.28.49:833][675]LogAudioMixer: FMixerPlatformXAudio2::StopAudioStream() called
[2022.04.05-11.28.49:837][675]LogSlate: Slate User Unregistered.  User Index 8
[2022.04.05-11.28.49:837][675]LogSlate: Slate User Destroyed.  User Index 8, Is Virtual User: 1
[2022.04.05-11.28.49:840][675]LogUObjectHash: Compacting FUObjectHashTables data took   2.40ms
[2022.04.05-11.28.49:877][676]LogPlayLevel: Display: Destroying online subsystem :Context_38
[2022.04.05-11.28.50:117][676]LogEngine: Changing dynamic resolution state.
[2022.04.05-11.28.51:404][731]LogEditorViewport: Clicking on Actor (LMB): BlindsButton_C (BlindsButton)
[2022.04.05-11.28.54:656][888]LogNavigationPoint: PostEditMove Clear paths rebuilt
[2022.04.05-11.28.57:866][ 36]LogTemp: Repeating last play command: VR Preview
[2022.04.05-11.28.57:872][ 36]LogPlayLevel: PlayLevel: No blueprints needed recompiling
[2022.04.05-11.28.57:872][ 36]LogHMD: Initializing OVRPlugin session
[2022.04.05-11.28.57:988][ 36]LogHMD: Allocating Oculus 3200 x 1600 rendertarget swapchain
[2022.04.05-11.28.57:990][ 36]PIE: New page: PIE session: VRTemplateMap (Apr 5, 2022, 3:28:57 PM)
[2022.04.05-11.28.57:990][ 36]LogPlayLevel: Creating play world package: /Game/VRTemplate/Maps/UEDPIE_0_VRTemplateMap
[2022.04.05-11.28.58:013][ 36]LogPlayLevel: PIE: StaticDuplicateObject took: (0.023591s)
[2022.04.05-11.28.58:014][ 36]LogAIModule: Creating AISystem for world VRTemplateMap
[2022.04.05-11.28.58:014][ 36]LogPlayLevel: PIE: World Init took: (0.000848s)
[2022.04.05-11.28.58:014][ 36]LogPlayLevel: PIE: Created PIE world by copying editor world from /Game/VRTemplate/Maps/VRTemplateMap.VRTemplateMap to /Game/VRTemplate/Maps/UEDPIE_0_VRTemplateMap.VRTemplateMap (0.024579s)
[2022.04.05-11.28.58:048][ 36]LogUObjectHash: Compacting FUObjectHashTables data took   2.75ms
[2022.04.05-11.28.58:050][ 36]LogAudio: Display: Creating Audio Device:                 Id: 19, Scope: Unique, Realtime: True
[2022.04.05-11.28.58:050][ 36]LogAudioMixer: Display: Audio Mixer Platform Settings:
[2022.04.05-11.28.58:050][ 36]LogAudioMixer: Display: 	Sample Rate:						  48000
[2022.04.05-11.28.58:050][ 36]LogAudioMixer: Display: 	Callback Buffer Frame Size Requested: 1024
[2022.04.05-11.28.58:050][ 36]LogAudioMixer: Display: 	Callback Buffer Frame Size To Use:	  1024
[2022.04.05-11.28.58:050][ 36]LogAudioMixer: Display: 	Number of buffers to queue:			  1
[2022.04.05-11.28.58:050][ 36]LogAudioMixer: Display: 	Max Channels (voices):				  0
[2022.04.05-11.28.58:050][ 36]LogAudioMixer: Display: 	Number of Async Source Workers:		  4
[2022.04.05-11.28.58:050][ 36]LogAudio: Display: AudioDevice MaxSources: 32
[2022.04.05-11.28.58:050][ 36]LogAudio: Display: Audio Spatialization Plugin: Resonance Audio is external send: 1
[2022.04.05-11.28.58:050][ 36]LogAudio: Display: Audio Reverb Plugin: Resonance Audio
[2022.04.05-11.28.58:050][ 36]LogAudio: Display: Audio Occlusion Plugin: None (built-in).
[2022.04.05-11.28.58:050][ 36]LogAudioMixer: Display: Initializing audio mixer.
[2022.04.05-11.28.58:052][ 36]LogAudioMixer: Display: 0: FrontLeft
[2022.04.05-11.28.58:052][ 36]LogAudioMixer: Display: 1: FrontRight
[2022.04.05-11.28.58:052][ 36]LogAudioMixer: Display: 0: FrontLeft
[2022.04.05-11.28.58:052][ 36]LogAudioMixer: Display: 1: FrontRight
[2022.04.05-11.28.58:052][ 36]LogAudioMixer: Display: 0: FrontLeft
[2022.04.05-11.28.58:052][ 36]LogAudioMixer: Display: 1: FrontRight
[2022.04.05-11.28.58:053][ 36]LogAudioMixer: Display: 0: FrontLeft
[2022.04.05-11.28.58:053][ 36]LogAudioMixer: Display: 1: FrontRight
[2022.04.05-11.28.58:056][ 36]LogAudioMixer: Display: Using Audio Device Headphones (Oculus Virtual Audio Device)
[2022.04.05-11.28.58:056][ 36]LogAudioMixer: Display: Initializing Sound Submixes...
[2022.04.05-11.28.58:057][ 36]LogAudioMixer: Display: Creating Master Submix 'MasterSubmixDefault'
[2022.04.05-11.28.58:057][ 36]LogAudioMixer: Display: Creating Master Submix 'MasterReverbSubmixDefault'
[2022.04.05-11.28.58:057][ 36]LogAudioMixer: Display: Creating Master Submix 'MasterEQSubmixDefault'
[2022.04.05-11.28.58:057][ 36]LogAudioMixer: FMixerPlatformXAudio2::StartAudioStream() called
[2022.04.05-11.28.58:057][ 36]LogAudioMixer: Display: Output buffers initialized: Frames=1024, Channels=2, Samples=2048
[2022.04.05-11.28.58:059][ 36]LogAudioMixer: Display: Starting AudioMixerPlatformInterface::RunInternal()
[2022.04.05-11.28.58:059][ 36]LogAudioMixer: Display: FMixerPlatformXAudio2::SubmitBuffer() called for the first time
[2022.04.05-11.28.58:059][ 36]LogInit: FAudioDevice initialized.
[2022.04.05-11.28.58:059][ 36]LogAudio: Display: Audio Device (ID: 19) registered with world 'VRTemplateMap'.
[2022.04.05-11.28.58:067][ 36]LogSlate: Updating window title bar state: overlay mode, drag disabled, window buttons hidden, title bar hidden
[2022.04.05-11.28.58:078][ 36]LogHMD: Allocating Oculus 3648 x 1840 rendertarget swapchain
[2022.04.05-11.28.58:106][ 36]LogLoad: Game class is 'VRGameMode_C'
[2022.04.05-11.28.58:118][ 36]LogWorld: Bringing World /Game/VRTemplate/Maps/UEDPIE_0_VRTemplateMap.VRTemplateMap up for play (max tick rate 0) at 2022.04.05-13.28.58
[2022.04.05-11.28.58:119][ 36]LogWorld: Bringing up level for play took: 0.011598
[2022.04.05-11.28.58:119][ 36]LogOnline: OSS: Creating online subsystem instance for: :Context_39
[2022.04.05-11.28.58:121][ 36]LogSpawn: Warning: SpawnActor failed because no class was specified
[2022.04.05-11.28.58:123][ 36]LogSlate: New Slate User Created.  User Index 8, Is Virtual User: 1
[2022.04.05-11.28.58:124][ 36]LogSlate: Slate User Registered.  User Index 8, Is Virtual User: 1
[2022.04.05-11.28.58:135][ 36]PIE: Server logged in
[2022.04.05-11.28.58:136][ 36]PIE: Play in editor total start time 0.264 seconds.
[2022.04.05-11.28.58:137][ 36]LogEngine: Changing dynamic resolution state.
[2022.04.05-11.28.58:143][ 36]LogResonanceAudio: Display: Resonance Audio Listener is initialized
[2022.04.05-11.28.58:158][ 36]LogHMD: Allocating Oculus 3648 x 1840 depth rendertarget swapchain
[2022.04.05-11.29.41:514][780]LogSlate: Updating window title bar state: overlay mode, drag disabled, window buttons hidden, title bar hidden
[2022.04.05-11.29.41:514][780]LogWorld: BeginTearingDown for /Game/VRTemplate/Maps/UEDPIE_0_VRTemplateMap
[2022.04.05-11.29.41:541][780]LogSlate: Window 'P8_VR_Home Preview [NetMode: Standalone]  (64-bit/Windows) OculusHMD' being destroyed
[2022.04.05-11.29.41:576][780]LogWorld: UWorld::CleanupWorld for VRTemplateMap, bSessionEnded=true, bCleanupResources=true
[2022.04.05-11.29.41:578][780]LogSlate: InvalidateAllWidgets triggered.  All widgets were invalidated
[2022.04.05-11.29.41:584][780]LogPlayLevel: Display: Shutting down PIE online subsystems
[2022.04.05-11.29.41:595][780]LogSlate: InvalidateAllWidgets triggered.  All widgets were invalidated
[2022.04.05-11.29.41:631][780]LogAudio: Display: Audio Device unregistered from world 'None'.
[2022.04.05-11.29.41:632][780]LogResonanceAudio: Display: Resonance Audio Listener is shutdown
[2022.04.05-11.29.41:632][780]LogAudioMixer: FMixerPlatformXAudio2::StopAudioStream() called
[2022.04.05-11.29.41:634][780]LogAudioMixer: FMixerPlatformXAudio2::StopAudioStream() called
[2022.04.05-11.29.41:643][780]LogSlate: Slate User Unregistered.  User Index 8
[2022.04.05-11.29.41:643][780]LogSlate: Slate User Destroyed.  User Index 8, Is Virtual User: 1
[2022.04.05-11.29.41:647][780]LogUObjectHash: Compacting FUObjectHashTables data took   3.63ms
[2022.04.05-11.29.41:671][781]LogPlayLevel: Display: Destroying online subsystem :Context_39
[2022.04.05-11.29.41:682][781]LogEngine: Changing dynamic resolution state.
[2022.04.05-11.29.45:857][963]LogEditorViewport: Clicking on Actor (LMB): BP_Sky_Sphere_C (SkySpherePC2)
[2022.04.05-11.29.47:431][ 36]LogEditorViewport: Clicking on Actor (LMB): DirectionalLight (DirectionalLight)
[2022.04.05-11.30.23:947][774]Cmd: TRANSACTION UNDO
[2022.04.05-11.30.23:947][774]LogEditorTransaction: Undo Reset to Default
[2022.04.05-11.30.24:761][802]Cmd: TRANSACTION UNDO
[2022.04.05-11.30.24:761][802]LogEditorTransaction: Undo Edit Source Angle
[2022.04.05-11.30.48:543][917]Cmd: TRANSACTION UNDO
[2022.04.05-11.30.48:543][917]LogEditorTransaction: Undo Set Rotation
[2022.04.05-11.30.49:031][930]Cmd: TRANSACTION UNDO
[2022.04.05-11.30.49:031][930]LogEditorTransaction: Undo Set Rotation
[2022.04.05-11.31.05:622][707]Cmd: TRANSACTION UNDO
[2022.04.05-11.31.05:622][707]LogEditorTransaction: Undo Set Rotation
[2022.04.05-11.31.14:639][121]Cmd: TRANSACTION UNDO
[2022.04.05-11.31.14:639][121]LogEditorTransaction: Undo Set Rotation
[2022.04.05-11.31.19:829][345]MapCheck: New page: Map Check
[2022.04.05-11.31.19:852][345]Cmd: MAP REBUILD ALLVISIBLE
[2022.04.05-11.31.19:855][345]LogEditorServer: Rebuildmap Clear paths rebuilt
[2022.04.05-11.31.19:863][345]LogWorld: UWorld::CleanupWorld for VRTemplateMap, bSessionEnded=true, bCleanupResources=false
[2022.04.05-11.31.19:903][345]LogNavigationDataBuild: Display: UNavigationSystemV1::Build started...
[2022.04.05-11.31.19:904][345]LogNavigationDataBuild: Display:    Building navigation data using PHYSICS_INTERFACE_PHYSX.
[2022.04.05-11.31.19:904][345]LogNavigationDataBuild: Display:    Building navigation data using WITH_PHYSX.
[2022.04.05-11.31.19:904][345]LogNavigationDataBuild: Display:    Building NavData:  Name Default class /Script/NavigationSystem.RecastNavMesh agent radius 35.0.
[2022.04.05-11.31.19:905][345]LogNavigation: Warning: Recreating dtNavMesh instance due to saved navmesh origin (X=-1708.795 Y=-0.000 Z=10.000, usually the RecastNavMesh location) not being aligned with tile size (1000 uu) 
[2022.04.05-11.31.19:987][345]LogNavigationDataBuild: Display: UNavigationSystemV1::Build total execution time: 0.08s
[2022.04.05-11.31.20:031][345]LogUObjectHash: Compacting FUObjectHashTables data took   2.88ms
[2022.04.05-11.31.20:046][345]LogLevel: Display: Export Material TexCoord Scales took 0.007 seconds.
[2022.04.05-11.31.20:053][345]TextureStreamingBuild: Display: Build Texture Streaming took 0.007 seconds.
[2022.04.05-11.31.20:083][345]LogUObjectHash: Compacting FUObjectHashTables data took   0.72ms
[2022.04.05-11.31.20:087][345]LightingResults: New page: Lighting Build - Apr 5, 2022, 3:31:20 PM
[2022.04.05-11.31.20:097][345]LogSwarmInterface: [OpenConnection] Registering TCP channel ...
[2022.04.05-11.31.20:102][345]LogSwarmInterface: [OpenConnection] Connecting to agent ...
[2022.04.05-11.31.20:103][345]LogSwarmInterface: [TryOpenConnection] Testing the Agent
[2022.04.05-11.31.20:107][345]LogSwarmInterface: [TryOpenConnection] Opening Connection to Agent
[2022.04.05-11.31.20:107][345]LogSwarmInterface: [TryOpenConnection] Local Process ID is 1492
[2022.04.05-11.31.24:715][345]LogStaticLightingSystem: Running Lightmass w/ ImmediateImport mode ENABLED
[2022.04.05-11.31.24:715][345]LogStaticLightingSystem: Running Lightmass w/ ImmediateProcess mode ENABLED
[2022.04.05-11.31.24:715][345]LogStaticLightingSystem: Running Lightmass w/ Sorting mode ENABLED
[2022.04.05-11.31.24:715][345]LogStaticLightingSystem: Running Lightmass w/ Mapping paddings ENABLED
[2022.04.05-11.31.24:715][345]LogStaticLightingSystem: Running Lightmass w/ Mapping debug paddings DISABLED
[2022.04.05-11.31.24:987][345]Cmd: MAP CHECK DONTDISPLAYDIALOG
[2022.04.05-11.31.24:987][345]MapCheck: New page: VRTemplateMap - Apr 5, 2022, 3:31:24 PM
[2022.04.05-11.31.24:988][345]MapCheck: Error: WorldSettings_1 Maps need lighting rebuilt 
[2022.04.05-11.31.24:989][345]MapCheck: Map check complete: 1 Error(s), 0 Warning(s), took 2.684ms to complete.
[2022.04.05-11.31.24:991][345]LogEditorBuildUtils: Build time 0:05
[2022.04.05-11.31.25:056][345]LogShaderCompilers: Display: === FShaderJobCache stats ===
[2022.04.05-11.31.25:056][345]LogShaderCompilers: Display: Total job queries 103, among them cache hits 10 (9.71%)
[2022.04.05-11.31.25:056][345]LogShaderCompilers: Display: Tracking 65 distinct input hashes that result in 34 distinct outputs (52.31%)
[2022.04.05-11.31.25:056][345]LogShaderCompilers: Display: RAM used: 0.63 MB (0.00 GB) of 819.20 MB (0.80 GB) budget. Usage: 0.08%
[2022.04.05-11.31.25:056][345]LogShaderCompilers: Display: ================================================
[2022.04.05-11.31.25:257][347]LogUObjectHash: Compacting FUObjectHashTables data took   2.84ms
[2022.04.05-11.31.26:789][401]LightingResults: Warning: Component_56_001 Object has overlapping UVs.
[2022.04.05-11.31.26:789][401]LightingResults: Component_56_001 Lightmap UV are overlapping by 20.9%. Please adjust content - Enable Error Coloring to visualize.
[2022.04.05-11.31.27:070][414]LightingResults: Warning: Group_741_001 Object has overlapping UVs.
[2022.04.05-11.31.27:101][415]LightingResults: Group_741_001 Lightmap UV are overlapping by 2.6%. Please adjust content - Enable Error Coloring to visualize.
[2022.04.05-11.31.27:101][415]LightingResults: Warning: Group_847_001 Object has overlapping UVs.
[2022.04.05-11.31.27:101][415]LightingResults: Group_847_001 Lightmap UV are overlapping by 30.5%. Please adjust content - Enable Error Coloring to visualize.
[2022.04.05-11.31.27:381][426]LightingResults: Warning: Group_742_001 Object has overlapping UVs.
[2022.04.05-11.31.27:381][426]LightingResults: Group_742_001 Lightmap UV are overlapping by 9.6%. Please adjust content - Enable Error Coloring to visualize.
[2022.04.05-11.31.27:415][428]LogSlate: Window 'Message Log' being destroyed
[2022.04.05-11.31.27:437][428]LogSlate: Window 'Message Log' being destroyed
[2022.04.05-11.31.27:493][430]LightingResults: Warning: Group_768_001 Object has overlapping UVs.
[2022.04.05-11.31.27:493][430]LightingResults: Group_768_001 Lightmap UV are overlapping by 35.7%. Please adjust content - Enable Error Coloring to visualize.
[2022.04.05-11.31.27:524][432]LightingResults: Warning: Group_131_001 Object has overlapping UVs.
[2022.04.05-11.31.27:524][432]LightingResults: Group_131_001 Lightmap UV are overlapping by 55.9%. Please adjust content - Enable Error Coloring to visualize.
[2022.04.05-11.31.27:572][434]LightingResults: Warning: Group_697_001 Object has overlapping UVs.
[2022.04.05-11.31.27:572][434]LightingResults: Group_697_001 Lightmap UV are overlapping by 93.3%. Please adjust content - Enable Error Coloring to visualize.
[2022.04.05-11.31.27:604][435]LightingResults: Warning: Group_131_001 Object has overlapping UVs.
[2022.04.05-11.31.27:604][435]LightingResults: Group_131_001 Lightmap UV are overlapping by 55.9%. Please adjust content - Enable Error Coloring to visualize.
[2022.04.05-11.31.27:727][441]LightingResults: Warning: Group_133_001 Object has overlapping UVs.
[2022.04.05-11.31.27:727][441]LightingResults: Group_133_001 Lightmap UV are overlapping by 72.8%. Please adjust content - Enable Error Coloring to visualize.
[2022.04.05-11.31.27:854][448]LightingResults: Warning: Group_590_001 Object has overlapping UVs.
[2022.04.05-11.31.27:854][448]LightingResults: Group_590_001 Lightmap UV are overlapping by 59.0%. Please adjust content - Enable Error Coloring to visualize.
[2022.04.05-11.31.27:938][452]LightingResults: Warning: Group_598_2_001 Object has overlapping UVs.
[2022.04.05-11.31.27:938][452]LightingResults: Group_598_2_001 Lightmap UV are overlapping by 86.5%. Please adjust content - Enable Error Coloring to visualize.
[2022.04.05-11.31.27:996][455]LightingResults: Warning: Group_131_001 Object has overlapping UVs.
[2022.04.05-11.31.27:997][455]LightingResults: Group_131_001 Lightmap UV are overlapping by 55.9%. Please adjust content - Enable Error Coloring to visualize.
[2022.04.05-11.31.28:500][480]LightingResults: Warning: Group_629_001 Object has overlapping UVs.
[2022.04.05-11.31.28:500][480]LightingResults: Group_629_001 Lightmap UV are overlapping by 18.0%. Please adjust content - Enable Error Coloring to visualize.
[2022.04.05-11.31.28:548][483]LightingResults: Warning: Group_660_001 Object has overlapping UVs.
[2022.04.05-11.31.28:548][483]LightingResults: Group_660_001 Lightmap UV are overlapping by 27.7%. Please adjust content - Enable Error Coloring to visualize.
[2022.04.05-11.31.28:581][484]LightingResults: Warning: Group_764_001 Object has overlapping UVs.
[2022.04.05-11.31.28:581][484]LightingResults: Group_764_001 Lightmap UV are overlapping by 53.0%. Please adjust content - Enable Error Coloring to visualize.
[2022.04.05-11.31.29:683][547]Job is a success!
[2022.04.05-11.31.29:883][548]LogVolumetricLightmapImport: Imported Volumetric Lightmap in 0.005s
[2022.04.05-11.31.29:884][548]LogVolumetricLightmapImport:      Indirection Texture 16x16x16 = 0.0Mb
[2022.04.05-11.31.29:884][548]LogVolumetricLightmapImport:      BrickData (all levels) 0.0Mb
[2022.04.05-11.31.29:884][548]LogVolumetricLightmapImport:      Bricks at depth
[2022.04.05-11.31.29:884][548]LogVolumetricLightmapImport:          0: 12.5% covering 100.0% of volume
[2022.04.05-11.31.29:884][548]LogVolumetricLightmapImport:          1: 12.5% covering 1.6% of volume
[2022.04.05-11.31.29:884][548]LogVolumetricLightmapImport:          2: 75.0% covering 0.1% of volume
[2022.04.05-11.31.29:884][548]LogVolumetricLightmapImport:      Bricks in each level
[2022.04.05-11.31.29:884][548]LogVolumetricLightmapImport:          VRTemplateMap 			 8 bricks 	 100.0% (Persistent Level)
[2022.04.05-11.31.30:221][548]LogTexture: Display: Building textures: HQ_Lightmap0_1 (OODLE_AutoDXT, 1024X1024)
[2022.04.05-11.31.30:221][548]LogTexture: Display: Building textures: LQ_Lightmap_0_1 (OODLE_DXT1, 1024X1024)
[2022.04.05-11.31.30:221][548]LogTexture: Display: Building textures: HQ_Lightmap0_2 (OODLE_AutoDXT, 1024X1024)
[2022.04.05-11.31.30:222][548]LogTextureFormatOodle: Display: non-RDO encode 1024 x 1024 x 1 to format OODLE_AutoDXT (Oodle OodleTex_BC3) lambda=0 effort=20 
[2022.04.05-11.31.30:222][548]LogTexture: Display: Building textures: LQ_Lightmap_0_2 (OODLE_DXT1, 1024X1024)
[2022.04.05-11.31.30:222][548]LogTextureFormatOodle: Display: non-RDO encode 1024 x 1024 x 1 to format OODLE_DXT1 (Oodle OodleTex_BC1_WithTransparency) lambda=0 effort=20 
[2022.04.05-11.31.30:222][548]LogTexture: Display: Building textures: HQ_Lightmap0_3 (OODLE_AutoDXT, 1024X1024)
[2022.04.05-11.31.30:222][548]LogTexture: Display: Building textures: LQ_Lightmap_0_3 (OODLE_DXT1, 1024X1024)
[2022.04.05-11.31.30:222][548]LogTextureFormatOodle: Display: non-RDO encode 1024 x 1024 x 1 to format OODLE_AutoDXT (Oodle OodleTex_BC3) lambda=0 effort=20 
[2022.04.05-11.31.30:222][548]LogTexture: Display: Building textures: HQ_Lightmap0_4 (OODLE_AutoDXT, 1024X1024)
[2022.04.05-11.31.30:222][548]LogTexture: Display: Building textures: HQ_Lightmap0_5 (OODLE_AutoDXT, 512X512)
[2022.04.05-11.31.30:222][548]LogTexture: Display: Building textures: LQ_Lightmap_0_4 (OODLE_DXT1, 1024X1024)
[2022.04.05-11.31.30:222][548]LogTexture: Display: Building textures: LQ_Lightmap_0_5 (OODLE_DXT1, 512X512)
[2022.04.05-11.31.30:222][548]LogTexture: Display: Building textures: HQ_Lightmap1_6 (OODLE_AutoDXT, 64X64)
[2022.04.05-11.31.30:222][548]LogTextureFormatOodle: Display: non-RDO encode 1024 x 1024 x 1 to format OODLE_DXT1 (Oodle OodleTex_BC1_WithTransparency) lambda=0 effort=20 
[2022.04.05-11.31.30:222][548]LogTexture: Display: Building textures: LQ_Lightmap_1_6 (OODLE_DXT1, 64X64)
[2022.04.05-11.31.30:222][548]LogTextureFormatOodle: Display: non-RDO encode 1024 x 1024 x 1 to format OODLE_AutoDXT (Oodle OodleTex_BC3) lambda=0 effort=20 
[2022.04.05-11.31.30:222][548]LogTextureFormatOodle: Display: non-RDO encode 1024 x 1024 x 1 to format OODLE_DXT1 (Oodle OodleTex_BC1_WithTransparency) lambda=0 effort=20 
[2022.04.05-11.31.30:222][548]LogTextureFormatOodle: Display: non-RDO encode 1024 x 1024 x 1 to format OODLE_AutoDXT (Oodle OodleTex_BC3) lambda=0 effort=20 
[2022.04.05-11.31.30:222][548]LogTextureFormatOodle: Display: non-RDO encode 1024 x 1024 x 1 to format OODLE_DXT1 (Oodle OodleTex_BC1_WithTransparency) lambda=0 effort=20 
[2022.04.05-11.31.30:423][548]LogTexture: Display: Building textures: ShadowMapTexture2D_9 (G8, 32X32)
[2022.04.05-11.31.30:424][548]LogTexture: Display: Building textures: ShadowMapTexture2D_8 (BGRA8, 1024X1024)
[2022.04.05-11.31.30:424][548]Lightmass on DAVID: 4.66 sec total, 299 ms importing, 75 ms setup, 549 ms photons, 3.68 sec processing, 0 ms extra exporting [469/469 mappings]. Threads: 55.2 sec total, 26.2 sec processing.
[2022.04.05-11.31.30:447][548]LogStaticLightingSystem: VRTemplateMap_BuiltData storing lightmap data for 469 meshes in 9 LightmapResourceClusters (52.1 Meshes per cluster).
[2022.04.05-11.31.30:487][548]LogUObjectHash: Compacting FUObjectHashTables data took   2.25ms
[2022.04.05-11.31.30:511][548]LogStaticLightingSystem: Illumination: 10.3 sec (269 ms encoding lightmaps, 126 ms encoding shadowmaps)
[2022.04.05-11.31.30:511][548]LogStaticLightingSystem: Lightmap texture memory:  8.5 MB (8.5 MB streaming, 0.0 MB non-streaming), 12 textures
[2022.04.05-11.31.30:511][548]LogStaticLightingSystem: Shadowmap texture memory: 5.3 MB (5.3 MB streaming, 0.0 MB non-streaming), 2 textures
[2022.04.05-11.31.30:721][548]DumpUnbuiltLightIteractions
[2022.04.05-11.31.30:721][548]Lights with unbuilt interactions: 0
[2022.04.05-11.31.30:721][548]
[2022.04.05-11.31.30:721][548]Primitives with unbuilt interactions: 0
[2022.04.05-11.31.30:781][549]Cmd: MAP CHECK NOTIFYRESULTS
[2022.04.05-11.31.30:781][549]MapCheck: New page: VRTemplateMap - Apr 5, 2022, 3:31:30 PM
[2022.04.05-11.31.30:783][549]MapCheck: Map check complete: 0 Error(s), 0 Warning(s), took 2.014ms to complete.
[2022.04.05-11.31.33:090][660]LogSlate: Window 'Message Log' being destroyed
[2022.04.05-11.31.33:093][660]LogSlate: Window 'Message Log' being destroyed
[2022.04.05-11.31.41:688][ 76]LogTemp: Repeating last play command: VR Preview
[2022.04.05-11.31.41:693][ 76]LogPlayLevel: PlayLevel: No blueprints needed recompiling
[2022.04.05-11.31.41:693][ 76]LogHMD: Initializing OVRPlugin session
[2022.04.05-11.31.41:803][ 76]LogHMD: Allocating Oculus 3200 x 1600 rendertarget swapchain
[2022.04.05-11.31.41:805][ 76]PIE: New page: PIE session: VRTemplateMap (Apr 5, 2022, 3:31:41 PM)
[2022.04.05-11.31.41:805][ 76]LogPlayLevel: Creating play world package: /Game/VRTemplate/Maps/UEDPIE_0_VRTemplateMap
[2022.04.05-11.31.41:838][ 76]LogPlayLevel: PIE: StaticDuplicateObject took: (0.033138s)
[2022.04.05-11.31.41:839][ 76]LogAIModule: Creating AISystem for world VRTemplateMap
[2022.04.05-11.31.41:839][ 76]LogPlayLevel: PIE: World Init took: (0.001290s)
[2022.04.05-11.31.41:839][ 76]LogPlayLevel: PIE: Created PIE world by copying editor world from /Game/VRTemplate/Maps/VRTemplateMap.VRTemplateMap to /Game/VRTemplate/Maps/UEDPIE_0_VRTemplateMap.VRTemplateMap (0.034598s)
[2022.04.05-11.31.41:872][ 76]LogUObjectHash: Compacting FUObjectHashTables data took   2.37ms
[2022.04.05-11.31.41:875][ 76]LogAudio: Display: Creating Audio Device:                 Id: 20, Scope: Unique, Realtime: True
[2022.04.05-11.31.41:875][ 76]LogAudioMixer: Display: Audio Mixer Platform Settings:
[2022.04.05-11.31.41:875][ 76]LogAudioMixer: Display: 	Sample Rate:						  48000
[2022.04.05-11.31.41:875][ 76]LogAudioMixer: Display: 	Callback Buffer Frame Size Requested: 1024
[2022.04.05-11.31.41:875][ 76]LogAudioMixer: Display: 	Callback Buffer Frame Size To Use:	  1024
[2022.04.05-11.31.41:875][ 76]LogAudioMixer: Display: 	Number of buffers to queue:			  1
[2022.04.05-11.31.41:875][ 76]LogAudioMixer: Display: 	Max Channels (voices):				  0
[2022.04.05-11.31.41:875][ 76]LogAudioMixer: Display: 	Number of Async Source Workers:		  4
[2022.04.05-11.31.41:875][ 76]LogAudio: Display: AudioDevice MaxSources: 32
[2022.04.05-11.31.41:876][ 76]LogAudio: Display: Audio Spatialization Plugin: Resonance Audio is external send: 1
[2022.04.05-11.31.41:876][ 76]LogAudio: Display: Audio Reverb Plugin: Resonance Audio
[2022.04.05-11.31.41:876][ 76]LogAudio: Display: Audio Occlusion Plugin: None (built-in).
[2022.04.05-11.31.41:876][ 76]LogAudioMixer: Display: Initializing audio mixer.
[2022.04.05-11.31.41:877][ 76]LogAudioMixer: Display: 0: FrontLeft
[2022.04.05-11.31.41:877][ 76]LogAudioMixer: Display: 1: FrontRight
[2022.04.05-11.31.41:877][ 76]LogAudioMixer: Display: 0: FrontLeft
[2022.04.05-11.31.41:877][ 76]LogAudioMixer: Display: 1: FrontRight
[2022.04.05-11.31.41:877][ 76]LogAudioMixer: Display: 0: FrontLeft
[2022.04.05-11.31.41:877][ 76]LogAudioMixer: Display: 1: FrontRight
[2022.04.05-11.31.41:878][ 76]LogAudioMixer: Display: 0: FrontLeft
[2022.04.05-11.31.41:878][ 76]LogAudioMixer: Display: 1: FrontRight
[2022.04.05-11.31.41:881][ 76]LogAudioMixer: Display: Using Audio Device Headphones (Oculus Virtual Audio Device)
[2022.04.05-11.31.41:881][ 76]LogAudioMixer: Display: Initializing Sound Submixes...
[2022.04.05-11.31.41:881][ 76]LogAudioMixer: Display: Creating Master Submix 'MasterSubmixDefault'
[2022.04.05-11.31.41:881][ 76]LogAudioMixer: Display: Creating Master Submix 'MasterReverbSubmixDefault'
[2022.04.05-11.31.41:882][ 76]LogAudioMixer: Display: Creating Master Submix 'MasterEQSubmixDefault'
[2022.04.05-11.31.41:882][ 76]LogAudioMixer: FMixerPlatformXAudio2::StartAudioStream() called
[2022.04.05-11.31.41:882][ 76]LogAudioMixer: Display: Output buffers initialized: Frames=1024, Channels=2, Samples=2048
[2022.04.05-11.31.41:883][ 76]LogAudioMixer: Display: Starting AudioMixerPlatformInterface::RunInternal()
[2022.04.05-11.31.41:883][ 76]LogAudioMixer: Display: FMixerPlatformXAudio2::SubmitBuffer() called for the first time
[2022.04.05-11.31.41:883][ 76]LogInit: FAudioDevice initialized.
[2022.04.05-11.31.41:883][ 76]LogAudio: Display: Audio Device (ID: 20) registered with world 'VRTemplateMap'.
[2022.04.05-11.31.41:891][ 76]LogSlate: Updating window title bar state: overlay mode, drag disabled, window buttons hidden, title bar hidden
[2022.04.05-11.31.41:902][ 76]LogHMD: Allocating Oculus 3648 x 1840 rendertarget swapchain
[2022.04.05-11.31.41:930][ 76]LogLoad: Game class is 'VRGameMode_C'
[2022.04.05-11.31.41:937][ 76]LogWorld: Bringing World /Game/VRTemplate/Maps/UEDPIE_0_VRTemplateMap.VRTemplateMap up for play (max tick rate 0) at 2022.04.05-13.31.41
[2022.04.05-11.31.41:938][ 76]LogWorld: Bringing up level for play took: 0.007862
[2022.04.05-11.31.41:938][ 76]LogOnline: OSS: Creating online subsystem instance for: :Context_40
[2022.04.05-11.31.41:941][ 76]LogSpawn: Warning: SpawnActor failed because no class was specified
[2022.04.05-11.31.41:942][ 76]LogSlate: New Slate User Created.  User Index 8, Is Virtual User: 1
[2022.04.05-11.31.41:943][ 76]LogSlate: Slate User Registered.  User Index 8, Is Virtual User: 1
[2022.04.05-11.31.41:952][ 76]PIE: Server logged in
[2022.04.05-11.31.41:953][ 76]PIE: Play in editor total start time 0.261 seconds.
[2022.04.05-11.31.41:954][ 76]LogEngine: Changing dynamic resolution state.
[2022.04.05-11.31.41:960][ 76]LogResonanceAudio: Display: Resonance Audio Listener is initialized
[2022.04.05-11.31.41:963][ 76]LogHMD: Allocating Oculus 3648 x 1840 depth rendertarget swapchain
[2022.04.05-11.35.06:186][281]LogSlate: Updating window title bar state: overlay mode, drag disabled, window buttons hidden, title bar hidden
[2022.04.05-11.35.06:186][281]LogWorld: BeginTearingDown for /Game/VRTemplate/Maps/UEDPIE_0_VRTemplateMap
[2022.04.05-11.35.06:205][281]LogSlate: Window 'P8_VR_Home Preview [NetMode: Standalone]  (64-bit/Windows) OculusHMD' being destroyed
[2022.04.05-11.35.06:235][281]LogWorld: UWorld::CleanupWorld for VRTemplateMap, bSessionEnded=true, bCleanupResources=true
[2022.04.05-11.35.06:236][281]LogSlate: InvalidateAllWidgets triggered.  All widgets were invalidated
[2022.04.05-11.35.06:249][281]LogPlayLevel: Display: Shutting down PIE online subsystems
[2022.04.05-11.35.06:263][281]LogSlate: InvalidateAllWidgets triggered.  All widgets were invalidated
[2022.04.05-11.35.06:296][281]LogResonanceAudio: Display: Resonance Audio Listener is shutdown
[2022.04.05-11.35.06:296][281]LogAudioMixer: FMixerPlatformXAudio2::StopAudioStream() called
[2022.04.05-11.35.06:297][281]LogAudioMixer: FMixerPlatformXAudio2::StopAudioStream() called
[2022.04.05-11.35.06:302][281]LogSlate: Slate User Unregistered.  User Index 8
[2022.04.05-11.35.06:302][281]LogSlate: Slate User Destroyed.  User Index 8, Is Virtual User: 1
[2022.04.05-11.35.06:306][281]LogUObjectHash: Compacting FUObjectHashTables data took   3.54ms
[2022.04.05-11.35.06:338][282]LogPlayLevel: Display: Destroying online subsystem :Context_40
[2022.04.05-11.35.06:348][282]LogEngine: Changing dynamic resolution state.
[2022.04.05-11.35.16:382][738]LogEditorViewport: Clicking on Actor (LMB): StaticMeshActor (Group_706_50)
[2022.04.05-11.35.27:236][255]LogEditorViewport: Clicking on Actor (LMB): StaticMeshActor (gutterleft)
[2022.04.05-11.35.30:935][433]LogEditorViewport: Clicking on Actor (LMB): StaticMeshActor (Group82_4)
[2022.04.05-11.38.29:292][808]LogEditorViewport: Clicking on Actor (context menu): StaticMeshActor (Group_364_82)
[2022.04.05-11.38.32:096][934]LogEditorViewport: Clicking on Actor (context menu): StaticMeshActor (Group17_2)
[2022.04.05-11.39.10:370][730]LogUObjectHash: Compacting FUObjectHashTables data took   2.81ms
[2022.04.05-11.39.10:463][730]LogSavePackage: Moving '../../../../../../Users/dmock/Unreal projects/P8/P8ToBeAnnounced/P8_VR_Home/Saved/VRTemplateMapF542DBE14FB7F41F55CB92ABAD5DCBF3.tmp' to '../../../../../../Users/dmock/Unreal projects/P8/P8ToBeAnnounced/P8_VR_Home/Content/VRTemplate/Maps/VRTemplateMap.umap'
[2022.04.05-11.39.10:606][730]LogSavePackage: Moving '../../../../../../Users/dmock/Unreal projects/P8/P8ToBeAnnounced/P8_VR_Home/Saved/VRTemplateMap_BuiltData50487420404556DBBC484B9B91BE456B.tmp' to '../../../../../../Users/dmock/Unreal projects/P8/P8ToBeAnnounced/P8_VR_Home/Content/VRTemplate/Maps/VRTemplateMap_BuiltData.uasset'
[2022.04.05-11.39.10:632][730]AssetCheck: New page: Asset Save: multiple assets
[2022.04.05-11.39.10:632][730]LogContentValidation: Display: Validating MapBuildDataRegistry /Game/VRTemplate/Maps/VRTemplateMap_BuiltData.VRTemplateMap_BuiltData
[2022.04.05-11.39.10:632][730]LogContentValidation: Display: Validating World /Game/VRTemplate/Maps/VRTemplateMap.VRTemplateMap
[2022.04.05-11.39.16:847][ 24]LogEditorViewport: Clicking on Actor (LMB): PointLight (PointLight)
[2022.04.05-11.39.26:319][467]MapCheck: New page: Map Check
[2022.04.05-11.39.26:343][467]Cmd: MAP REBUILD ALLVISIBLE
[2022.04.05-11.39.26:343][467]LogEditorServer: Rebuildmap Clear paths rebuilt
[2022.04.05-11.39.26:347][467]LogWorld: UWorld::CleanupWorld for VRTemplateMap, bSessionEnded=true, bCleanupResources=false
[2022.04.05-11.39.26:380][467]LogNavigationDataBuild: Display: UNavigationSystemV1::Build started...
[2022.04.05-11.39.26:380][467]LogNavigationDataBuild: Display:    Building navigation data using PHYSICS_INTERFACE_PHYSX.
[2022.04.05-11.39.26:380][467]LogNavigationDataBuild: Display:    Building navigation data using WITH_PHYSX.
[2022.04.05-11.39.26:380][467]LogNavigationDataBuild: Display:    Building NavData:  Name Default class /Script/NavigationSystem.RecastNavMesh agent radius 35.0.
[2022.04.05-11.39.26:380][467]LogNavigation: Warning: Recreating dtNavMesh instance due to saved navmesh origin (X=-1708.795 Y=-0.000 Z=10.000, usually the RecastNavMesh location) not being aligned with tile size (1000 uu) 
[2022.04.05-11.39.26:478][467]LogNavigationDataBuild: Display: UNavigationSystemV1::Build total execution time: 0.10s
[2022.04.05-11.39.26:515][467]LogUObjectHash: Compacting FUObjectHashTables data took   2.48ms
[2022.04.05-11.39.26:525][467]LogLevel: Display: Export Material TexCoord Scales took 0.005 seconds.
[2022.04.05-11.39.26:529][467]TextureStreamingBuild: Display: Build Texture Streaming took 0.005 seconds.
[2022.04.05-11.39.26:561][467]LogUObjectHash: Compacting FUObjectHashTables data took   0.76ms
[2022.04.05-11.39.26:563][467]LightingResults: New page: Lighting Build - Apr 5, 2022, 3:39:26 PM
[2022.04.05-11.39.26:569][467]LogSwarmInterface: [OpenConnection] Registering TCP channel ...
[2022.04.05-11.39.26:573][467]LogSwarmInterface: [OpenConnection] Connecting to agent ...
[2022.04.05-11.39.26:573][467]LogSwarmInterface: [TryOpenConnection] Testing the Agent
[2022.04.05-11.39.26:573][467]LogSwarmInterface: [TryOpenConnection] Opening Connection to Agent
[2022.04.05-11.39.26:573][467]LogSwarmInterface: [TryOpenConnection] Local Process ID is 1492
[2022.04.05-11.39.31:117][467]LogStaticLightingSystem: Running Lightmass w/ ImmediateImport mode ENABLED
[2022.04.05-11.39.31:117][467]LogStaticLightingSystem: Running Lightmass w/ ImmediateProcess mode ENABLED
[2022.04.05-11.39.31:117][467]LogStaticLightingSystem: Running Lightmass w/ Sorting mode ENABLED
[2022.04.05-11.39.31:117][467]LogStaticLightingSystem: Running Lightmass w/ Mapping paddings ENABLED
[2022.04.05-11.39.31:117][467]LogStaticLightingSystem: Running Lightmass w/ Mapping debug paddings DISABLED
[2022.04.05-11.39.31:224][467]Cmd: MAP CHECK DONTDISPLAYDIALOG
[2022.04.05-11.39.31:224][467]MapCheck: New page: VRTemplateMap - Apr 5, 2022, 3:39:31 PM
[2022.04.05-11.39.31:224][467]MapCheck: Error: WorldSettings_1 Maps need lighting rebuilt 
[2022.04.05-11.39.31:226][467]MapCheck: Map check complete: 1 Error(s), 0 Warning(s), took 1.587ms to complete.
[2022.04.05-11.39.31:228][467]LogEditorBuildUtils: Build time 0:04
[2022.04.05-11.39.31:297][467]LogShaderCompilers: Display: === FShaderJobCache stats ===
[2022.04.05-11.39.31:297][467]LogShaderCompilers: Display: Total job queries 103, among them cache hits 10 (9.71%)
[2022.04.05-11.39.31:297][467]LogShaderCompilers: Display: Tracking 65 distinct input hashes that result in 34 distinct outputs (52.31%)
[2022.04.05-11.39.31:297][467]LogShaderCompilers: Display: RAM used: 0.63 MB (0.00 GB) of 819.20 MB (0.80 GB) budget. Usage: 0.08%
[2022.04.05-11.39.31:297][467]LogShaderCompilers: Display: ================================================
[2022.04.05-11.39.31:419][468]LogUObjectHash: Compacting FUObjectHashTables data took   3.18ms
[2022.04.05-11.39.32:686][515]LightingResults: Warning: Component_56_001 Object has overlapping UVs.
[2022.04.05-11.39.32:686][515]LightingResults: Component_56_001 Lightmap UV are overlapping by 20.9%. Please adjust content - Enable Error Coloring to visualize.
[2022.04.05-11.39.33:015][530]LightingResults: Warning: Group_741_001 Object has overlapping UVs.
[2022.04.05-11.39.33:015][530]LightingResults: Warning: Group_847_001 Object has overlapping UVs.
[2022.04.05-11.39.33:015][530]LightingResults: Group_847_001 Lightmap UV are overlapping by 30.5%. Please adjust content - Enable Error Coloring to visualize.
[2022.04.05-11.39.33:015][530]LightingResults: Group_741_001 Lightmap UV are overlapping by 2.6%. Please adjust content - Enable Error Coloring to visualize.
[2022.04.05-11.39.33:095][534]LogSlate: Window 'Message Log' being destroyed
[2022.04.05-11.39.33:121][534]LogSlate: Window 'Message Log' being destroyed
[2022.04.05-11.39.33:298][540]LightingResults: Warning: Group_742_001 Object has overlapping UVs.
[2022.04.05-11.39.33:298][540]LightingResults: Group_742_001 Lightmap UV are overlapping by 9.6%. Please adjust content - Enable Error Coloring to visualize.
[2022.04.05-11.39.33:361][543]LightingResults: Warning: Group_768_001 Object has overlapping UVs.
[2022.04.05-11.39.33:361][543]LightingResults: Group_768_001 Lightmap UV are overlapping by 35.7%. Please adjust content - Enable Error Coloring to visualize.
[2022.04.05-11.39.33:394][544]LightingResults: Warning: Group_131_001 Object has overlapping UVs.
[2022.04.05-11.39.33:394][544]LightingResults: Group_131_001 Lightmap UV are overlapping by 55.9%. Please adjust content - Enable Error Coloring to visualize.
[2022.04.05-11.39.33:456][548]LightingResults: Warning: Group_131_001 Object has overlapping UVs.
[2022.04.05-11.39.33:456][548]LightingResults: Group_131_001 Lightmap UV are overlapping by 55.9%. Please adjust content - Enable Error Coloring to visualize.
[2022.04.05-11.39.33:473][549]LightingResults: Warning: Group_697_001 Object has overlapping UVs.
[2022.04.05-11.39.33:473][549]LightingResults: Group_697_001 Lightmap UV are overlapping by 93.3%. Please adjust content - Enable Error Coloring to visualize.
[2022.04.05-11.39.33:645][555]LightingResults: Warning: Group_133_001 Object has overlapping UVs.
[2022.04.05-11.39.33:645][555]LightingResults: Group_133_001 Lightmap UV are overlapping by 72.8%. Please adjust content - Enable Error Coloring to visualize.
[2022.04.05-11.39.33:769][559]LightingResults: Warning: Group_590_001 Object has overlapping UVs.
[2022.04.05-11.39.33:769][559]LightingResults: Group_590_001 Lightmap UV are overlapping by 59.0%. Please adjust content - Enable Error Coloring to visualize.
[2022.04.05-11.39.33:909][566]LightingResults: Warning: Group_131_001 Object has overlapping UVs.
[2022.04.05-11.39.33:909][566]LightingResults: Group_131_001 Lightmap UV are overlapping by 55.9%. Please adjust content - Enable Error Coloring to visualize.
[2022.04.05-11.39.33:909][566]LightingResults: Warning: Group_598_2_001 Object has overlapping UVs.
[2022.04.05-11.39.33:925][567]LightingResults: Group_598_2_001 Lightmap UV are overlapping by 86.5%. Please adjust content - Enable Error Coloring to visualize.
[2022.04.05-11.39.34:505][597]LightingResults: Warning: Group_629_001 Object has overlapping UVs.
[2022.04.05-11.39.34:522][598]LightingResults: Group_629_001 Lightmap UV are overlapping by 18.0%. Please adjust content - Enable Error Coloring to visualize.
[2022.04.05-11.39.34:600][602]LightingResults: Warning: Group_660_001 Object has overlapping UVs.
[2022.04.05-11.39.34:600][602]LightingResults: Group_660_001 Lightmap UV are overlapping by 27.7%. Please adjust content - Enable Error Coloring to visualize.
[2022.04.05-11.39.34:663][605]LightingResults: Warning: Group_764_001 Object has overlapping UVs.
[2022.04.05-11.39.34:663][605]LightingResults: Group_764_001 Lightmap UV are overlapping by 53.0%. Please adjust content - Enable Error Coloring to visualize.
[2022.04.05-11.39.35:495][649]Job is a success!
[2022.04.05-11.39.35:663][651]LogVolumetricLightmapImport: Imported Volumetric Lightmap in 0.004s
[2022.04.05-11.39.35:663][651]LogVolumetricLightmapImport:      Indirection Texture 16x16x16 = 0.0Mb
[2022.04.05-11.39.35:663][651]LogVolumetricLightmapImport:      BrickData (all levels) 0.0Mb
[2022.04.05-11.39.35:663][651]LogVolumetricLightmapImport:      Bricks at depth
[2022.04.05-11.39.35:663][651]LogVolumetricLightmapImport:          0: 12.5% covering 100.0% of volume
[2022.04.05-11.39.35:663][651]LogVolumetricLightmapImport:          1: 12.5% covering 1.6% of volume
[2022.04.05-11.39.35:663][651]LogVolumetricLightmapImport:          2: 75.0% covering 0.1% of volume
[2022.04.05-11.39.35:663][651]LogVolumetricLightmapImport:      Bricks in each level
[2022.04.05-11.39.35:663][651]LogVolumetricLightmapImport:          VRTemplateMap 			 8 bricks 	 100.0% (Persistent Level)
[2022.04.05-11.39.36:040][651]LogTexture: Display: Building textures: HQ_Lightmap1_1 (OODLE_AutoDXT, 1024X1024)
[2022.04.05-11.39.36:040][651]LogTextureFormatOodle: Display: non-RDO encode 1024 x 1024 x 1 to format OODLE_AutoDXT (Oodle OodleTex_BC3) lambda=0 effort=20 
[2022.04.05-11.39.36:040][651]LogTexture: Display: Building textures: LQ_Lightmap_1_1 (OODLE_DXT1, 1024X1024)
[2022.04.05-11.39.36:040][651]LogTexture: Display: Building textures: HQ_Lightmap1_2 (OODLE_AutoDXT, 1024X1024)
[2022.04.05-11.39.36:040][651]LogTexture: Display: Building textures: HQ_Lightmap1_3 (OODLE_AutoDXT, 1024X1024)
[2022.04.05-11.39.36:040][651]LogTexture: Display: Building textures: LQ_Lightmap_1_2 (OODLE_DXT1, 1024X1024)
[2022.04.05-11.39.36:040][651]LogTexture: Display: Building textures: LQ_Lightmap_1_3 (OODLE_DXT1, 1024X1024)
[2022.04.05-11.39.36:040][651]LogTexture: Display: Building textures: HQ_Lightmap1_4 (OODLE_AutoDXT, 1024X1024)
[2022.04.05-11.39.36:040][651]LogTextureFormatOodle: Display: non-RDO encode 1024 x 1024 x 1 to format OODLE_AutoDXT (Oodle OodleTex_BC3) lambda=0 effort=20 
[2022.04.05-11.39.36:040][651]LogTexture: Display: Building textures: LQ_Lightmap_1_4 (OODLE_DXT1, 1024X1024)
[2022.04.05-11.39.36:040][651]LogTexture: Display: Building textures: HQ_Lightmap1_5 (OODLE_AutoDXT, 512X512)
[2022.04.05-11.39.36:040][651]LogTexture: Display: Building textures: LQ_Lightmap_1_5 (OODLE_DXT1, 512X512)
[2022.04.05-11.39.36:040][651]LogTexture: Display: Building textures: HQ_Lightmap0_6 (OODLE_AutoDXT, 64X64)
[2022.04.05-11.39.36:040][651]LogTexture: Display: Building textures: LQ_Lightmap_0_6 (OODLE_DXT1, 64X64)
[2022.04.05-11.39.36:040][651]LogTextureFormatOodle: Display: non-RDO encode 1024 x 1024 x 1 to format OODLE_AutoDXT (Oodle OodleTex_BC3) lambda=0 effort=20 
[2022.04.05-11.39.36:040][651]LogTextureFormatOodle: Display: non-RDO encode 1024 x 1024 x 1 to format OODLE_DXT1 (Oodle OodleTex_BC1_WithTransparency) lambda=0 effort=20 
[2022.04.05-11.39.36:040][651]LogTextureFormatOodle: Display: non-RDO encode 1024 x 1024 x 1 to format OODLE_AutoDXT (Oodle OodleTex_BC3) lambda=0 effort=20 
[2022.04.05-11.39.36:040][651]LogTextureFormatOodle: Display: non-RDO encode 1024 x 1024 x 1 to format OODLE_DXT1 (Oodle OodleTex_BC1_WithTransparency) lambda=0 effort=20 
[2022.04.05-11.39.36:040][651]LogTextureFormatOodle: Display: non-RDO encode 1024 x 1024 x 1 to format OODLE_DXT1 (Oodle OodleTex_BC1_WithTransparency) lambda=0 effort=20 
[2022.04.05-11.39.36:040][651]LogTextureFormatOodle: Display: non-RDO encode 1024 x 1024 x 1 to format OODLE_DXT1 (Oodle OodleTex_BC1_WithTransparency) lambda=0 effort=20 
[2022.04.05-11.39.36:258][651]LogTexture: Display: Building textures: ShadowMapTexture2D_11 (G8, 32X32)
[2022.04.05-11.39.36:258][651]LogTexture: Display: Building textures: ShadowMapTexture2D_10 (BGRA8, 1024X1024)
[2022.04.05-11.39.36:258][651]Lightmass on DAVID: 4.42 sec total, 216 ms importing, 40 ms setup, 536 ms photons, 3.59 sec processing, 0 ms extra exporting [469/469 mappings]. Threads: 53.8 sec total, 27.8 sec processing.
[2022.04.05-11.39.36:279][651]LogStaticLightingSystem: VRTemplateMap_BuiltData storing lightmap data for 469 meshes in 9 LightmapResourceClusters (52.1 Meshes per cluster).
[2022.04.05-11.39.36:314][651]LogUObjectHash: Compacting FUObjectHashTables data took   2.20ms
[2022.04.05-11.39.36:338][651]LogStaticLightingSystem: Illumination: 9.73 sec (310 ms encoding lightmaps, 127 ms encoding shadowmaps)
[2022.04.05-11.39.36:338][651]LogStaticLightingSystem: Lightmap texture memory:  8.5 MB (8.5 MB streaming, 0.0 MB non-streaming), 12 textures
[2022.04.05-11.39.36:338][651]LogStaticLightingSystem: Shadowmap texture memory: 5.3 MB (5.3 MB streaming, 0.0 MB non-streaming), 2 textures
[2022.04.05-11.39.37:169][651]DumpUnbuiltLightIteractions
[2022.04.05-11.39.37:169][651]Lights with unbuilt interactions: 0
[2022.04.05-11.39.37:169][651]
[2022.04.05-11.39.37:169][651]Primitives with unbuilt interactions: 0
[2022.04.05-11.39.37:228][652]Cmd: MAP CHECK NOTIFYRESULTS
[2022.04.05-11.39.37:228][652]MapCheck: New page: VRTemplateMap - Apr 5, 2022, 3:39:37 PM
[2022.04.05-11.39.37:230][652]MapCheck: Map check complete: 0 Error(s), 0 Warning(s), took 2.534ms to complete.
[2022.04.05-11.39.38:615][718]LogSlate: Window 'Message Log' being destroyed
[2022.04.05-11.39.38:619][718]LogSlate: Window 'Message Log' being destroyed
[2022.04.05-11.40.50:103][ 94]Cmd: TRANSACTION UNDO
[2022.04.05-11.40.50:103][ 94]LogEditorTransaction: Undo Edit Intensity
[2022.04.05-11.41.14:548][234]MapCheck: New page: Map Check
[2022.04.05-11.41.14:564][234]Cmd: MAP REBUILD ALLVISIBLE
[2022.04.05-11.41.14:564][234]LogEditorServer: Rebuildmap Clear paths rebuilt
[2022.04.05-11.41.14:567][234]LogWorld: UWorld::CleanupWorld for VRTemplateMap, bSessionEnded=true, bCleanupResources=false
[2022.04.05-11.41.14:601][234]LogNavigationDataBuild: Display: UNavigationSystemV1::Build started...
[2022.04.05-11.41.14:601][234]LogNavigationDataBuild: Display:    Building navigation data using PHYSICS_INTERFACE_PHYSX.
[2022.04.05-11.41.14:601][234]LogNavigationDataBuild: Display:    Building navigation data using WITH_PHYSX.
[2022.04.05-11.41.14:601][234]LogNavigationDataBuild: Display:    Building NavData:  Name Default class /Script/NavigationSystem.RecastNavMesh agent radius 35.0.
[2022.04.05-11.41.14:601][234]LogNavigation: Warning: Recreating dtNavMesh instance due to saved navmesh origin (X=-1708.795 Y=-0.000 Z=10.000, usually the RecastNavMesh location) not being aligned with tile size (1000 uu) 
[2022.04.05-11.41.14:684][234]LogNavigationDataBuild: Display: UNavigationSystemV1::Build total execution time: 0.08s
[2022.04.05-11.41.14:722][234]LogUObjectHash: Compacting FUObjectHashTables data took   2.73ms
[2022.04.05-11.41.14:735][234]LogLevel: Display: Export Material TexCoord Scales took 0.005 seconds.
[2022.04.05-11.41.14:739][234]TextureStreamingBuild: Display: Build Texture Streaming took 0.004 seconds.
[2022.04.05-11.41.14:770][234]LogUObjectHash: Compacting FUObjectHashTables data took   0.66ms
[2022.04.05-11.41.14:773][234]LightingResults: New page: Lighting Build - Apr 5, 2022, 3:41:14 PM
[2022.04.05-11.41.14:777][234]LogSwarmInterface: [OpenConnection] Registering TCP channel ...
[2022.04.05-11.41.14:781][234]LogSwarmInterface: [OpenConnection] Connecting to agent ...
[2022.04.05-11.41.14:781][234]LogSwarmInterface: [TryOpenConnection] Testing the Agent
[2022.04.05-11.41.14:782][234]LogSwarmInterface: [TryOpenConnection] Opening Connection to Agent
[2022.04.05-11.41.14:782][234]LogSwarmInterface: [TryOpenConnection] Local Process ID is 1492
[2022.04.05-11.41.19:344][234]LogStaticLightingSystem: Running Lightmass w/ ImmediateImport mode ENABLED
[2022.04.05-11.41.19:344][234]LogStaticLightingSystem: Running Lightmass w/ ImmediateProcess mode ENABLED
[2022.04.05-11.41.19:344][234]LogStaticLightingSystem: Running Lightmass w/ Sorting mode ENABLED
[2022.04.05-11.41.19:344][234]LogStaticLightingSystem: Running Lightmass w/ Mapping paddings ENABLED
[2022.04.05-11.41.19:344][234]LogStaticLightingSystem: Running Lightmass w/ Mapping debug paddings DISABLED
[2022.04.05-11.41.19:606][234]Cmd: MAP CHECK DONTDISPLAYDIALOG
[2022.04.05-11.41.19:607][234]MapCheck: New page: VRTemplateMap - Apr 5, 2022, 3:41:19 PM
[2022.04.05-11.41.19:607][234]MapCheck: Error: WorldSettings_1 Maps need lighting rebuilt 
[2022.04.05-11.41.19:609][234]MapCheck: Map check complete: 1 Error(s), 0 Warning(s), took 2.047ms to complete.
[2022.04.05-11.41.19:611][234]LogEditorBuildUtils: Build time 0:05
[2022.04.05-11.41.19:921][236]LogUObjectHash: Compacting FUObjectHashTables data took   2.83ms
[2022.04.05-11.41.21:205][279]LogSlate: Window 'Message Log' being destroyed
[2022.04.05-11.41.21:234][279]LogSlate: Window 'Message Log' being destroyed
[2022.04.05-11.41.21:331][283]LightingResults: Warning: Component_56_001 Object has overlapping UVs.
[2022.04.05-11.41.21:332][283]LightingResults: Component_56_001 Lightmap UV are overlapping by 20.9%. Please adjust content - Enable Error Coloring to visualize.
[2022.04.05-11.41.21:671][292]LightingResults: Warning: Group_741_001 Object has overlapping UVs.
[2022.04.05-11.41.21:671][292]LightingResults: Group_741_001 Lightmap UV are overlapping by 2.6%. Please adjust content - Enable Error Coloring to visualize.
[2022.04.05-11.41.21:671][292]LightingResults: Warning: Group_847_001 Object has overlapping UVs.
[2022.04.05-11.41.21:671][292]LightingResults: Group_847_001 Lightmap UV are overlapping by 30.5%. Please adjust content - Enable Error Coloring to visualize.
[2022.04.05-11.41.21:978][304]LightingResults: Warning: Group_742_001 Object has overlapping UVs.
[2022.04.05-11.41.21:978][304]LightingResults: Group_742_001 Lightmap UV are overlapping by 9.6%. Please adjust content - Enable Error Coloring to visualize.
[2022.04.05-11.41.22:021][306]LightingResults: Warning: Group_768_001 Object has overlapping UVs.
[2022.04.05-11.41.22:021][306]LightingResults: Group_768_001 Lightmap UV are overlapping by 35.7%. Please adjust content - Enable Error Coloring to visualize.
[2022.04.05-11.41.22:068][309]LightingResults: Warning: Group_131_001 Object has overlapping UVs.
[2022.04.05-11.41.22:068][309]LightingResults: Group_131_001 Lightmap UV are overlapping by 55.9%. Please adjust content - Enable Error Coloring to visualize.
[2022.04.05-11.41.22:148][313]LightingResults: Warning: Group_131_001 Object has overlapping UVs.
[2022.04.05-11.41.22:148][313]LightingResults: Group_131_001 Lightmap UV are overlapping by 55.9%. Please adjust content - Enable Error Coloring to visualize.
[2022.04.05-11.41.22:165][314]LightingResults: Warning: Group_697_001 Object has overlapping UVs.
[2022.04.05-11.41.22:165][314]LightingResults: Group_697_001 Lightmap UV are overlapping by 93.3%. Please adjust content - Enable Error Coloring to visualize.
[2022.04.05-11.41.22:290][320]LightingResults: Warning: Group_133_001 Object has overlapping UVs.
[2022.04.05-11.41.22:290][320]LightingResults: Group_133_001 Lightmap UV are overlapping by 72.8%. Please adjust content - Enable Error Coloring to visualize.
[2022.04.05-11.41.22:463][330]LightingResults: Warning: Group_590_001 Object has overlapping UVs.
[2022.04.05-11.41.22:463][330]LightingResults: Group_590_001 Lightmap UV are overlapping by 59.0%. Please adjust content - Enable Error Coloring to visualize.
[2022.04.05-11.41.22:620][337]LightingResults: Warning: Group_131_001 Object has overlapping UVs.
[2022.04.05-11.41.22:620][337]LightingResults: Group_131_001 Lightmap UV are overlapping by 55.9%. Please adjust content - Enable Error Coloring to visualize.
[2022.04.05-11.41.22:637][338]LightingResults: Warning: Group_598_2_001 Object has overlapping UVs.
[2022.04.05-11.41.22:637][338]LightingResults: Group_598_2_001 Lightmap UV are overlapping by 86.5%. Please adjust content - Enable Error Coloring to visualize.
[2022.04.05-11.41.23:617][387]LightingResults: Warning: Group_629_001 Object has overlapping UVs.
[2022.04.05-11.41.23:617][387]LightingResults: Group_629_001 Lightmap UV are overlapping by 18.0%. Please adjust content - Enable Error Coloring to visualize.
[2022.04.05-11.41.23:693][390]LightingResults: Warning: Group_660_001 Object has overlapping UVs.
[2022.04.05-11.41.23:693][390]LightingResults: Group_660_001 Lightmap UV are overlapping by 27.7%. Please adjust content - Enable Error Coloring to visualize.
[2022.04.05-11.41.23:740][393]LightingResults: Warning: Group_764_001 Object has overlapping UVs.
[2022.04.05-11.41.23:740][393]LightingResults: Group_764_001 Lightmap UV are overlapping by 53.0%. Please adjust content - Enable Error Coloring to visualize.
[2022.04.05-11.41.23:915][400]Job is a success!
[2022.04.05-11.41.24:102][402]LogVolumetricLightmapImport: Imported Volumetric Lightmap in 0.005s
[2022.04.05-11.41.24:102][402]LogVolumetricLightmapImport:      Indirection Texture 16x16x16 = 0.0Mb
[2022.04.05-11.41.24:102][402]LogVolumetricLightmapImport:      BrickData (all levels) 0.0Mb
[2022.04.05-11.41.24:102][402]LogVolumetricLightmapImport:      Bricks at depth
[2022.04.05-11.41.24:102][402]LogVolumetricLightmapImport:          0: 12.5% covering 100.0% of volume
[2022.04.05-11.41.24:102][402]LogVolumetricLightmapImport:          1: 12.5% covering 1.6% of volume
[2022.04.05-11.41.24:102][402]LogVolumetricLightmapImport:          2: 75.0% covering 0.1% of volume
[2022.04.05-11.41.24:102][402]LogVolumetricLightmapImport:      Bricks in each level
[2022.04.05-11.41.24:102][402]LogVolumetricLightmapImport:          VRTemplateMap 			 8 bricks 	 100.0% (Persistent Level)
[2022.04.05-11.41.24:489][402]LogTexture: Display: Building textures: HQ_Lightmap0_1 (OODLE_AutoDXT, 1024X1024)
[2022.04.05-11.41.24:489][402]LogTexture: Display: Building textures: LQ_Lightmap_0_1 (OODLE_DXT1, 1024X1024)
[2022.04.05-11.41.24:489][402]LogTextureFormatOodle: Display: non-RDO encode 1024 x 1024 x 1 to format OODLE_AutoDXT (Oodle OodleTex_BC3) lambda=0 effort=20 
[2022.04.05-11.41.24:489][402]LogTexture: Display: Building textures: HQ_Lightmap0_2 (OODLE_AutoDXT, 1024X1024)
[2022.04.05-11.41.24:489][402]LogTexture: Display: Building textures: LQ_Lightmap_0_2 (OODLE_DXT1, 1024X1024)
[2022.04.05-11.41.24:489][402]LogTextureFormatOodle: Display: non-RDO encode 1024 x 1024 x 1 to format OODLE_DXT1 (Oodle OodleTex_BC1_WithTransparency) lambda=0 effort=20 
[2022.04.05-11.41.24:489][402]LogTexture: Display: Building textures: LQ_Lightmap_0_3 (OODLE_DXT1, 1024X1024)
[2022.04.05-11.41.24:489][402]LogTexture: Display: Building textures: HQ_Lightmap0_3 (OODLE_AutoDXT, 1024X1024)
[2022.04.05-11.41.24:489][402]LogTextureFormatOodle: Display: non-RDO encode 1024 x 1024 x 1 to format OODLE_AutoDXT (Oodle OodleTex_BC3) lambda=0 effort=20 
[2022.04.05-11.41.24:489][402]LogTexture: Display: Building textures: HQ_Lightmap0_5 (OODLE_AutoDXT, 512X512)
[2022.04.05-11.41.24:489][402]LogTexture: Display: Building textures: HQ_Lightmap0_4 (OODLE_AutoDXT, 1024X1024)
[2022.04.05-11.41.24:489][402]LogTexture: Display: Building textures: LQ_Lightmap_0_4 (OODLE_DXT1, 1024X1024)
[2022.04.05-11.41.24:489][402]LogTexture: Display: Building textures: LQ_Lightmap_0_5 (OODLE_DXT1, 512X512)
[2022.04.05-11.41.24:489][402]LogTextureFormatOodle: Display: non-RDO encode 1024 x 1024 x 1 to format OODLE_DXT1 (Oodle OodleTex_BC1_WithTransparency) lambda=0 effort=20 
[2022.04.05-11.41.24:489][402]LogTexture: Display: Building textures: HQ_Lightmap1_6 (OODLE_AutoDXT, 64X64)
[2022.04.05-11.41.24:489][402]LogTexture: Display: Building textures: LQ_Lightmap_1_6 (OODLE_DXT1, 64X64)
[2022.04.05-11.41.24:489][402]LogTextureFormatOodle: Display: non-RDO encode 1024 x 1024 x 1 to format OODLE_AutoDXT (Oodle OodleTex_BC3) lambda=0 effort=20 
[2022.04.05-11.41.24:489][402]LogTextureFormatOodle: Display: non-RDO encode 1024 x 1024 x 1 to format OODLE_AutoDXT (Oodle OodleTex_BC3) lambda=0 effort=20 
[2022.04.05-11.41.24:489][402]LogTextureFormatOodle: Display: non-RDO encode 1024 x 1024 x 1 to format OODLE_DXT1 (Oodle OodleTex_BC1_WithTransparency) lambda=0 effort=20 
[2022.04.05-11.41.24:489][402]LogTextureFormatOodle: Display: non-RDO encode 1024 x 1024 x 1 to format OODLE_DXT1 (Oodle OodleTex_BC1_WithTransparency) lambda=0 effort=20 
[2022.04.05-11.41.24:722][402]LogTexture: Display: Building textures: ShadowMapTexture2D_13 (G8, 32X32)
[2022.04.05-11.41.24:722][402]LogTexture: Display: Building textures: ShadowMapTexture2D_12 (BGRA8, 1024X1024)
[2022.04.05-11.41.24:722][402]Lightmass on DAVID: 4.36 sec total, 246 ms importing, 72 ms setup, 568 ms photons, 3.42 sec processing, 0 ms extra exporting [469/469 mappings]. Threads: 51.2 sec total, 28.3 sec processing.
[2022.04.05-11.41.24:745][402]LogStaticLightingSystem: VRTemplateMap_BuiltData storing lightmap data for 469 meshes in 9 LightmapResourceClusters (52.1 Meshes per cluster).
[2022.04.05-11.41.24:788][402]LogUObjectHash: Compacting FUObjectHashTables data took   4.38ms
[2022.04.05-11.41.24:816][402]LogStaticLightingSystem: Illumination: 9.99 sec (312 ms encoding lightmaps, 141 ms encoding shadowmaps)
[2022.04.05-11.41.24:816][402]LogStaticLightingSystem: Lightmap texture memory:  8.5 MB (8.5 MB streaming, 0.0 MB non-streaming), 12 textures
[2022.04.05-11.41.24:816][402]LogStaticLightingSystem: Shadowmap texture memory: 5.3 MB (5.3 MB streaming, 0.0 MB non-streaming), 2 textures
[2022.04.05-11.41.25:458][402]DumpUnbuiltLightIteractions
[2022.04.05-11.41.25:458][402]Lights with unbuilt interactions: 0
[2022.04.05-11.41.25:458][402]
[2022.04.05-11.41.25:458][402]Primitives with unbuilt interactions: 0
[2022.04.05-11.41.25:522][403]Cmd: MAP CHECK NOTIFYRESULTS
[2022.04.05-11.41.25:522][403]MapCheck: New page: VRTemplateMap - Apr 5, 2022, 3:41:25 PM
[2022.04.05-11.41.25:524][403]MapCheck: Map check complete: 0 Error(s), 0 Warning(s), took 1.784ms to complete.
[2022.04.05-11.41.26:830][469]LogSlate: Window 'Message Log' being destroyed
[2022.04.05-11.41.26:834][469]LogSlate: Window 'Message Log' being destroyed
[2022.04.05-11.41.50:091][558]Cmd: TRANSACTION UNDO
[2022.04.05-11.41.50:091][558]LogEditorTransaction: Undo Reset to Default
[2022.04.05-11.41.50:931][588]Cmd: TRANSACTION UNDO
[2022.04.05-11.41.50:932][588]LogEditorTransaction: Undo Edit Intensity
[2022.04.05-11.41.58:309][932]LogUObjectHash: Compacting FUObjectHashTables data took   2.60ms
[2022.04.05-11.41.58:403][932]LogSavePackage: Moving '../../../../../../Users/dmock/Unreal projects/P8/P8ToBeAnnounced/P8_VR_Home/Saved/VRTemplateMapE0EAAA5D49B4E4B1F5942E9D9F6F3AB1.tmp' to '../../../../../../Users/dmock/Unreal projects/P8/P8ToBeAnnounced/P8_VR_Home/Content/VRTemplate/Maps/VRTemplateMap.umap'
[2022.04.05-11.41.58:558][932]LogSavePackage: Moving '../../../../../../Users/dmock/Unreal projects/P8/P8ToBeAnnounced/P8_VR_Home/Saved/VRTemplateMap_BuiltDataD16623584B33A569943903BA8E653F1E.tmp' to '../../../../../../Users/dmock/Unreal projects/P8/P8ToBeAnnounced/P8_VR_Home/Content/VRTemplate/Maps/VRTemplateMap_BuiltData.uasset'
[2022.04.05-11.41.58:571][932]AssetCheck: New page: Asset Save: multiple assets
[2022.04.05-11.41.58:571][932]LogContentValidation: Display: Validating MapBuildDataRegistry /Game/VRTemplate/Maps/VRTemplateMap_BuiltData.VRTemplateMap_BuiltData
[2022.04.05-11.41.58:571][932]LogContentValidation: Display: Validating World /Game/VRTemplate/Maps/VRTemplateMap.VRTemplateMap
[2022.04.05-11.42.25:280][200]LogPhysics: Warning: Scale for /Engine/Transient.World_12:PersistentLevel.FlapsButton_C_0.StaticMesh has a component set to zero, which will result in a bad body instance. Scale:X=1.062 Y=0.000 Z=0.562
[2022.04.05-11.42.25:280][200]LogPhysics: Warning: PopulatePhysXGeometryAndTransform(Convex): ConvexElem has invalid transform
[2022.04.05-11.42.25:280][200]LogPhysics: Warning: ForeachShape(Convex): ScaledElem[0] invalid
[2022.04.05-11.42.25:280][200]LogPhysics: Warning: Scale for /Engine/Transient.World_12:PersistentLevel.FlapsButton_C_0.StaticMesh has a component set to zero, which will result in a bad body instance. Scale:X=1.062 Y=0.000 Z=0.562
[2022.04.05-11.42.25:280][200]LogPhysics: Warning: PopulatePhysXGeometryAndTransform(Convex): ConvexElem has invalid transform
[2022.04.05-11.42.25:280][200]LogPhysics: Warning: ForeachShape(Convex): ScaledElem[0] invalid
[2022.04.05-11.42.25:296][201]LogPhysics: Warning: Scale for /Engine/Transient.World_12:PersistentLevel.FlapsButton_C_0.StaticMesh has a component set to zero, which will result in a bad body instance. Scale:X=1.062 Y=0.000 Z=0.562
[2022.04.05-11.42.25:296][201]LogPhysics: Warning: PopulatePhysXGeometryAndTransform(Convex): ConvexElem has invalid transform
[2022.04.05-11.42.25:296][201]LogPhysics: Warning: ForeachShape(Convex): ScaledElem[0] invalid
[2022.04.05-11.42.25:296][201]LogPhysics: Warning: Scale for /Engine/Transient.World_12:PersistentLevel.FlapsButton_C_0.StaticMesh has a component set to zero, which will result in a bad body instance. Scale:X=1.062 Y=0.000 Z=0.562
[2022.04.05-11.42.25:296][201]LogPhysics: Warning: PopulatePhysXGeometryAndTransform(Convex): ConvexElem has invalid transform
[2022.04.05-11.42.25:296][201]LogPhysics: Warning: ForeachShape(Convex): ScaledElem[0] invalid
[2022.04.05-11.42.26:930][278]LogEditorTransaction: Undo Modify Component(s)
[2022.04.05-11.42.38:103][793]LogEditorViewport: Clicking on Actor (LMB): StaticMeshActor (Group80_2)
[2022.04.05-11.42.38:771][823]LogEditorViewport: Clicking on Actor (LMB): CabinetLeft_C (topRow04)
[2022.04.05-11.42.41:543][958]LogEditorViewport: Clicking on Actor (LMB): StaticMeshActor (Group80_2)
[2022.04.05-11.42.42:325][995]LogEditorViewport: Clicking on Actor (LMB): StaticMeshActor (Group17_2)
[2022.04.05-11.42.43:225][ 36]LogEditorViewport: Clicking on Actor (LMB): StaticMeshActor (Group_364_6)
[2022.04.05-11.42.47:479][243]LogEditorViewport: Clicking on Actor (LMB): Flap_C (Flap)
[2022.04.05-11.42.55:801][635]LogEditorViewport: Clicking on Actor (LMB): StaticMeshActor (flap_top_right)
[2022.04.05-11.43.07:399][187]Cmd: DELETE
[2022.04.05-11.43.07:399][187]Cmd: ACTOR DELETE
[2022.04.05-11.43.07:409][187]LogEditorActor: Deleted Actor: Flap_C
[2022.04.05-11.43.07:441][187]LogUObjectHash: Compacting FUObjectHashTables data took   1.98ms
[2022.04.05-11.43.07:444][187]LogEditorActor: Deleted 1 Actors (0.044 secs)
[2022.04.05-11.43.49:221][153]LogSlate: Prevented a slow task dialog from being summoned while a context menu was open
[2022.04.05-11.43.49:248][153]LogEditorClassViewer: Warning: Class /Engine/Tutorial/InWorldBlueprintEditing/TutorialAssets/IWBE_Blutility.IWBE_Blutility_C has parent /Script/Blutility.PlacedEditorUtilityBase, but this parent is not found. The Class will not be shown in ClassViewer.
[2022.04.05-11.43.52:820][324]LogUObjectHash: Warning: Ambiguous path search, could be BlueprintGeneratedClass /Game/ScriptsBluePrints/DoorsAndClosets2/Grab.Grab_C or BlueprintGeneratedClass /Game/ScriptsBluePrints/Grab.Grab_C
[2022.04.05-11.43.55:065][429]BlueprintLog: New page: Compile VentsButton
[2022.04.05-11.43.55:115][429]LogUObjectHash: Compacting FUObjectHashTables data took   3.32ms
[2022.04.05-11.44.13:215][202]LogSlate: Window 'Change Variable Type' being destroyed
[2022.04.05-11.44.17:245][387]LogSlate: Window 'Find in Blueprints' being destroyed
[2022.04.05-11.44.17:247][387]LogSlate: Window 'Find in Blueprints' being destroyed
[2022.04.05-11.44.22:570][639]BlueprintLog: New page: Compile VentsButton
[2022.04.05-11.44.22:571][639]LogBlueprint: Warning: [AssetLog] C:\Users\dmock\Unreal projects\P8\P8ToBeAnnounced\P8_VR_Home\Content\FirstPersonBP\MyStuff\VentsButton.uasset: [Compiler] Could not find a variable named "shutters_logic" in 'VentsButton_C'.
Make sure 'VentsButton_C' has been compiled for  Get shutters_logic
[2022.04.05-11.44.22:572][639]LogBlueprint: Error: [AssetLog] C:\Users\dmock\Unreal projects\P8\P8ToBeAnnounced\P8_VR_Home\Content\FirstPersonBP\MyStuff\VentsButton.uasset: [Compiler] The property associated with  Shutters Logic  could not be found in '/Game/FirstPersonBP/MyStuff/VentsButton.VentsButton_C'
[2022.04.05-11.44.22:620][639]LogUObjectHash: Compacting FUObjectHashTables data took   3.47ms
[2022.04.05-11.46.10:820][516]LogSlate: Window 'Delete Variable' being destroyed
[2022.04.05-11.46.23:042][ 90]BlueprintLog: New page: Compile shutters_logic
[2022.04.05-11.46.23:098][ 90]LogUObjectHash: Compacting FUObjectHashTables data took   3.17ms
[2022.04.05-11.46.27:570][153]LogSlate: Window 'Delete Variable' being destroyed
[2022.04.05-11.46.29:578][245]BlueprintLog: New page: Compile shutters_logic
[2022.04.05-11.46.29:631][245]LogUObjectHash: Compacting FUObjectHashTables data took   3.19ms
[2022.04.05-11.46.34:127][448]BlueprintLog: New page: Compile shutters_logic
[2022.04.05-11.46.34:180][448]LogUObjectHash: Compacting FUObjectHashTables data took   3.24ms
[2022.04.05-11.47.56:318][284]LogContentBrowser: Attempting asset rename: shutters_logic -> rotate_logic
[2022.04.05-11.47.56:355][284]LogMetaData: Removing '/Game/ScriptsBluePrints/rotate_logic.rotate_logic_C' ref from Metadata '/Game/ScriptsBluePrints/shutters_logic.PackageMetaData'
[2022.04.05-11.47.56:355][284]LogMetaData: Removing '/Game/ScriptsBluePrints/rotate_logic.rotate_logic:EventGraph.K2Node_Event_2' ref from Metadata '/Game/ScriptsBluePrints/shutters_logic.PackageMetaData'
[2022.04.05-11.47.56:355][284]LogMetaData: Removing '/Game/ScriptsBluePrints/rotate_logic.SKEL_rotate_logic_C' ref from Metadata '/Game/ScriptsBluePrints/shutters_logic.PackageMetaData'
[2022.04.05-11.47.56:355][284]LogMetaData: Removing '/Game/ScriptsBluePrints/rotate_logic.SKEL_rotate_logic_C:Rotate' ref from Metadata '/Game/ScriptsBluePrints/shutters_logic.PackageMetaData'
[2022.04.05-11.47.56:355][284]LogMetaData: Removing '/Game/ScriptsBluePrints/rotate_logic.SKEL_rotate_logic_C:ReceiveBeginPlay' ref from Metadata '/Game/ScriptsBluePrints/shutters_logic.PackageMetaData'
[2022.04.05-11.47.56:355][284]LogMetaData: Removing '/Game/ScriptsBluePrints/rotate_logic.rotate_logic:Rotate.K2Node_FunctionEntry_0' ref from Metadata '/Game/ScriptsBluePrints/shutters_logic.PackageMetaData'
[2022.04.05-11.47.56:355][284]LogMetaData: Removing '/Game/ScriptsBluePrints/rotate_logic.rotate_logic_C:Rotate' ref from Metadata '/Game/ScriptsBluePrints/shutters_logic.PackageMetaData'
[2022.04.05-11.47.56:355][284]LogMetaData: Removing '/Game/ScriptsBluePrints/rotate_logic.rotate_logic_C:ReceiveBeginPlay' ref from Metadata '/Game/ScriptsBluePrints/shutters_logic.PackageMetaData'
[2022.04.05-11.47.56:394][284]LogSavePackage: Moving '../../../../../../Users/dmock/Unreal projects/P8/P8ToBeAnnounced/P8_VR_Home/Saved/rotate_logic5D693C60413A61ED8A3FA28713E11954.tmp' to '../../../../../../Users/dmock/Unreal projects/P8/P8ToBeAnnounced/P8_VR_Home/Content/ScriptsBluePrints/rotate_logic.uasset'
[2022.04.05-11.47.56:397][284]LogSavePackage: Moving '../../../../../../Users/dmock/Unreal projects/P8/P8ToBeAnnounced/P8_VR_Home/Saved/shutters_logic773692A6488D05AEBC46B6B1B5AD0591.tmp' to '../../../../../../Users/dmock/Unreal projects/P8/P8ToBeAnnounced/P8_VR_Home/Content/ScriptsBluePrints/shutters_logic.uasset'
[2022.04.05-11.47.56:480][284]AssetCheck: New page: Asset Save: multiple assets
[2022.04.05-11.47.56:480][284]LogContentValidation: Display: Validating ObjectRedirector /Game/ScriptsBluePrints/shutters_logic.shutters_logic
[2022.04.05-11.47.56:480][284]LogContentValidation: Display: Validating ObjectRedirector /Game/ScriptsBluePrints/shutters_logic.Default__shutters_logic_C
[2022.04.05-11.47.56:480][284]LogContentValidation: Display: Validating ObjectRedirector /Game/ScriptsBluePrints/shutters_logic.shutters_logic_C
[2022.04.05-11.47.56:480][284]LogContentValidation: Display: Validating Blueprint /Game/ScriptsBluePrints/rotate_logic.rotate_logic
[2022.04.05-11.48.35:709][142]BlueprintLog: New page: Compile BlindsButton
[2022.04.05-11.48.35:763][142]LogUObjectHash: Compacting FUObjectHashTables data took   3.48ms
[2022.04.05-11.48.59:073][244]BlueprintLog: New page: Compile rotate_logic
[2022.04.05-11.48.59:126][244]LogUObjectHash: Compacting FUObjectHashTables data took   3.18ms
[2022.04.05-11.49.20:201][246]LogEditorViewport: Clicking on Actor (LMB): StaticMeshActor (Group_364_6)
[2022.04.05-11.50.12:291][692]LogEditorTransaction: Undo Align Top
[2022.04.05-11.50.12:961][714]LogEditorTransaction: Undo Align Middle
[2022.04.05-11.51.11:149][457]BlueprintLog: New page: Compile BlindsButton
[2022.04.05-11.51.11:199][457]LogUObjectHash: Compacting FUObjectHashTables data took   3.48ms
[2022.04.05-11.52.03:880][917]BlueprintLog: New page: Compile VentsButton
[2022.04.05-11.52.03:882][917]LogBlueprint: Error: [AssetLog] C:\Users\dmock\Unreal projects\P8\P8ToBeAnnounced\P8_VR_Home\Content\FirstPersonBP\MyStuff\VentsButton.uasset: [Compiler] This blueprint (self) is not a rotate_logic_C, therefore ' Target ' must have a connection.
[2022.04.05-11.52.03:927][917]LogUObjectHash: Compacting FUObjectHashTables data took   3.16ms
[2022.04.05-11.52.21:038][719]BlueprintLog: New page: Compile VentsButton
[2022.04.05-11.52.21:086][719]LogUObjectHash: Compacting FUObjectHashTables data took   3.65ms
[2022.04.05-11.52.40:588][649]BlueprintLog: New page: Compile VentsButton
[2022.04.05-11.52.40:635][649]LogUObjectHash: Compacting FUObjectHashTables data took   3.68ms
[2022.04.05-11.52.46:495][926]LogEditorViewport: Clicking on Actor (LMB): NavMeshBoundsVolume (NavMeshBoundsVolume)
[2022.04.05-11.52.49:571][ 75]LogEditorViewport: Clicking on Actor (LMB): PlayerStart (Player Start)
[2022.04.05-11.52.55:897][374]LogNavigationPoint: PostEditMove Clear paths rebuilt
[2022.04.05-11.53.00:875][611]LogEditorViewport: Clicking on Actor (LMB): BlindsButton_C (BlindsButton)
[2022.04.05-11.53.30:999][ 13]LogEditorViewport: Clicking on Actor (LMB): PointLight (PointLight)
[2022.04.05-11.53.45:671][700]MapCheck: New page: Map Check
[2022.04.05-11.53.45:699][700]Cmd: MAP REBUILD ALLVISIBLE
[2022.04.05-11.53.45:700][700]LogEditorServer: Rebuildmap Clear paths rebuilt
[2022.04.05-11.53.45:703][700]LogWorld: UWorld::CleanupWorld for VRTemplateMap, bSessionEnded=true, bCleanupResources=false
[2022.04.05-11.53.45:742][700]LogNavigationDataBuild: Display: UNavigationSystemV1::Build started...
[2022.04.05-11.53.45:742][700]LogNavigationDataBuild: Display:    Building navigation data using PHYSICS_INTERFACE_PHYSX.
[2022.04.05-11.53.45:742][700]LogNavigationDataBuild: Display:    Building navigation data using WITH_PHYSX.
[2022.04.05-11.53.45:742][700]LogNavigationDataBuild: Display:    Building NavData:  Name Default class /Script/NavigationSystem.RecastNavMesh agent radius 35.0.
[2022.04.05-11.53.45:742][700]LogNavigation: Warning: Recreating dtNavMesh instance due to saved navmesh origin (X=-1708.795 Y=-0.000 Z=10.000, usually the RecastNavMesh location) not being aligned with tile size (1000 uu) 
[2022.04.05-11.53.45:844][700]LogNavigationDataBuild: Display: UNavigationSystemV1::Build total execution time: 0.10s
[2022.04.05-11.53.45:887][700]LogUObjectHash: Compacting FUObjectHashTables data took   3.79ms
[2022.04.05-11.53.45:899][700]LogLevel: Display: Export Material TexCoord Scales took 0.005 seconds.
[2022.04.05-11.53.45:904][700]TextureStreamingBuild: Display: Build Texture Streaming took 0.005 seconds.
[2022.04.05-11.53.45:936][700]LogUObjectHash: Compacting FUObjectHashTables data took   0.74ms
[2022.04.05-11.53.45:938][700]LightingResults: New page: Lighting Build - Apr 5, 2022, 3:53:45 PM
[2022.04.05-11.53.45:943][700]LogSwarmInterface: [OpenConnection] Registering TCP channel ...
[2022.04.05-11.53.45:949][700]LogSwarmInterface: [OpenConnection] Connecting to agent ...
[2022.04.05-11.53.45:950][700]LogSwarmInterface: [TryOpenConnection] Testing the Agent
[2022.04.05-11.53.45:950][700]LogSwarmInterface: [TryOpenConnection] Opening Connection to Agent
[2022.04.05-11.53.45:950][700]LogSwarmInterface: [TryOpenConnection] Local Process ID is 1492
[2022.04.05-11.53.50:529][700]LogStaticLightingSystem: Running Lightmass w/ ImmediateImport mode ENABLED
[2022.04.05-11.53.50:529][700]LogStaticLightingSystem: Running Lightmass w/ ImmediateProcess mode ENABLED
[2022.04.05-11.53.50:529][700]LogStaticLightingSystem: Running Lightmass w/ Sorting mode ENABLED
[2022.04.05-11.53.50:529][700]LogStaticLightingSystem: Running Lightmass w/ Mapping paddings ENABLED
[2022.04.05-11.53.50:529][700]LogStaticLightingSystem: Running Lightmass w/ Mapping debug paddings DISABLED
[2022.04.05-11.53.50:892][700]Cmd: MAP CHECK DONTDISPLAYDIALOG
[2022.04.05-11.53.50:893][700]MapCheck: New page: VRTemplateMap - Apr 5, 2022, 3:53:50 PM
[2022.04.05-11.53.50:893][700]MapCheck: Error: WorldSettings_1 Maps need lighting rebuilt 
[2022.04.05-11.53.50:894][700]MapCheck: Map check complete: 1 Error(s), 0 Warning(s), took 1.831ms to complete.
[2022.04.05-11.53.50:896][700]LogEditorBuildUtils: Build time 0:05
[2022.04.05-11.53.50:977][700]LogShaderCompilers: Display: === FShaderJobCache stats ===
[2022.04.05-11.53.50:977][700]LogShaderCompilers: Display: Total job queries 103, among them cache hits 10 (9.71%)
[2022.04.05-11.53.50:977][700]LogShaderCompilers: Display: Tracking 65 distinct input hashes that result in 34 distinct outputs (52.31%)
[2022.04.05-11.53.50:977][700]LogShaderCompilers: Display: RAM used: 0.63 MB (0.00 GB) of 819.20 MB (0.80 GB) budget. Usage: 0.08%
[2022.04.05-11.53.50:977][700]LogShaderCompilers: Display: ================================================
[2022.04.05-11.53.51:198][702]LogUObjectHash: Compacting FUObjectHashTables data took   2.46ms
[2022.04.05-11.53.52:657][727]LightingResults: Warning: Component_56_001 Object has overlapping UVs.
[2022.04.05-11.53.52:657][727]LightingResults: Component_56_001 Lightmap UV are overlapping by 20.9%. Please adjust content - Enable Error Coloring to visualize.
[2022.04.05-11.53.52:955][733]LightingResults: Warning: Group_741_001 Object has overlapping UVs.
[2022.04.05-11.53.52:955][733]LightingResults: Group_741_001 Lightmap UV are overlapping by 2.6%. Please adjust content - Enable Error Coloring to visualize.
[2022.04.05-11.53.53:002][734]LightingResults: Warning: Group_847_001 Object has overlapping UVs.
[2022.04.05-11.53.53:002][734]LightingResults: Group_847_001 Lightmap UV are overlapping by 30.5%. Please adjust content - Enable Error Coloring to visualize.
[2022.04.05-11.53.53:299][740]LightingResults: Warning: Group_742_001 Object has overlapping UVs.
[2022.04.05-11.53.53:299][740]LightingResults: Group_742_001 Lightmap UV are overlapping by 9.6%. Please adjust content - Enable Error Coloring to visualize.
[2022.04.05-11.53.53:345][741]LightingResults: Warning: Group_768_001 Object has overlapping UVs.
[2022.04.05-11.53.53:345][741]LightingResults: Group_768_001 Lightmap UV are overlapping by 35.7%. Please adjust content - Enable Error Coloring to visualize.
[2022.04.05-11.53.53:393][742]LightingResults: Warning: Group_131_001 Object has overlapping UVs.
[2022.04.05-11.53.53:393][742]LightingResults: Group_131_001 Lightmap UV are overlapping by 55.9%. Please adjust content - Enable Error Coloring to visualize.
[2022.04.05-11.53.53:439][743]LightingResults: Warning: Group_697_001 Object has overlapping UVs.
[2022.04.05-11.53.53:439][743]LightingResults: Group_697_001 Lightmap UV are overlapping by 93.3%. Please adjust content - Enable Error Coloring to visualize.
[2022.04.05-11.53.53:485][744]LightingResults: Warning: Group_131_001 Object has overlapping UVs.
[2022.04.05-11.53.53:485][744]LightingResults: Group_131_001 Lightmap UV are overlapping by 55.9%. Please adjust content - Enable Error Coloring to visualize.
[2022.04.05-11.53.53:644][747]LightingResults: Warning: Group_133_001 Object has overlapping UVs.
[2022.04.05-11.53.53:644][747]LightingResults: Group_133_001 Lightmap UV are overlapping by 72.8%. Please adjust content - Enable Error Coloring to visualize.
[2022.04.05-11.53.53:740][749]LightingResults: Warning: Group_590_001 Object has overlapping UVs.
[2022.04.05-11.53.53:740][749]LightingResults: Group_590_001 Lightmap UV are overlapping by 59.0%. Please adjust content - Enable Error Coloring to visualize.
[2022.04.05-11.53.53:883][752]LightingResults: Warning: Group_598_2_001 Object has overlapping UVs.
[2022.04.05-11.53.53:883][752]LightingResults: Group_598_2_001 Lightmap UV are overlapping by 86.5%. Please adjust content - Enable Error Coloring to visualize.
[2022.04.05-11.53.53:883][752]LightingResults: Warning: Group_131_001 Object has overlapping UVs.
[2022.04.05-11.53.53:930][753]LightingResults: Group_131_001 Lightmap UV are overlapping by 55.9%. Please adjust content - Enable Error Coloring to visualize.
[2022.04.05-11.53.54:512][765]LightingResults: Warning: Group_629_001 Object has overlapping UVs.
[2022.04.05-11.53.54:512][765]LightingResults: Group_629_001 Lightmap UV are overlapping by 18.0%. Please adjust content - Enable Error Coloring to visualize.
[2022.04.05-11.53.54:605][767]LightingResults: Warning: Group_660_001 Object has overlapping UVs.
[2022.04.05-11.53.54:605][767]LightingResults: Group_660_001 Lightmap UV are overlapping by 27.7%. Please adjust content - Enable Error Coloring to visualize.
[2022.04.05-11.53.54:605][767]LightingResults: Warning: Group_764_001 Object has overlapping UVs.
[2022.04.05-11.53.54:605][767]LightingResults: Group_764_001 Lightmap UV are overlapping by 53.0%. Please adjust content - Enable Error Coloring to visualize.
[2022.04.05-11.53.55:262][782]Job is a success!
[2022.04.05-11.53.55:503][783]LogVolumetricLightmapImport: Imported Volumetric Lightmap in 0.005s
[2022.04.05-11.53.55:503][783]LogVolumetricLightmapImport:      Indirection Texture 16x16x16 = 0.0Mb
[2022.04.05-11.53.55:503][783]LogVolumetricLightmapImport:      BrickData (all levels) 0.0Mb
[2022.04.05-11.53.55:503][783]LogVolumetricLightmapImport:      Bricks at depth
[2022.04.05-11.53.55:503][783]LogVolumetricLightmapImport:          0: 12.5% covering 100.0% of volume
[2022.04.05-11.53.55:503][783]LogVolumetricLightmapImport:          1: 12.5% covering 1.6% of volume
[2022.04.05-11.53.55:503][783]LogVolumetricLightmapImport:          2: 75.0% covering 0.1% of volume
[2022.04.05-11.53.55:503][783]LogVolumetricLightmapImport:      Bricks in each level
[2022.04.05-11.53.55:503][783]LogVolumetricLightmapImport:          VRTemplateMap 			 8 bricks 	 100.0% (Persistent Level)
[2022.04.05-11.53.55:884][783]LogTexture: Display: Building textures: HQ_Lightmap1_1 (OODLE_AutoDXT, 1024X1024)
[2022.04.05-11.53.55:884][783]LogTextureFormatOodle: Display: non-RDO encode 1024 x 1024 x 1 to format OODLE_AutoDXT (Oodle OodleTex_BC3) lambda=0 effort=20 
[2022.04.05-11.53.55:884][783]LogTexture: Display: Building textures: LQ_Lightmap_1_1 (OODLE_DXT1, 1024X1024)
[2022.04.05-11.53.55:884][783]LogTexture: Display: Building textures: HQ_Lightmap1_2 (OODLE_AutoDXT, 1024X1024)
[2022.04.05-11.53.55:884][783]LogTexture: Display: Building textures: LQ_Lightmap_1_2 (OODLE_DXT1, 1024X1024)
[2022.04.05-11.53.55:884][783]LogTextureFormatOodle: Display: non-RDO encode 1024 x 1024 x 1 to format OODLE_DXT1 (Oodle OodleTex_BC1_WithTransparency) lambda=0 effort=20 
[2022.04.05-11.53.55:884][783]LogTexture: Display: Building textures: HQ_Lightmap1_3 (OODLE_AutoDXT, 1024X1024)
[2022.04.05-11.53.55:884][783]LogTextureFormatOodle: Display: non-RDO encode 1024 x 1024 x 1 to format OODLE_AutoDXT (Oodle OodleTex_BC3) lambda=0 effort=20 
[2022.04.05-11.53.55:884][783]LogTextureFormatOodle: Display: non-RDO encode 1024 x 1024 x 1 to format OODLE_DXT1 (Oodle OodleTex_BC1_WithTransparency) lambda=0 effort=20 
[2022.04.05-11.53.55:884][783]LogTexture: Display: Building textures: LQ_Lightmap_1_4 (OODLE_DXT1, 1024X1024)
[2022.04.05-11.53.55:884][783]LogTexture: Display: Building textures: HQ_Lightmap1_4 (OODLE_AutoDXT, 1024X1024)
[2022.04.05-11.53.55:884][783]LogTexture: Display: Building textures: HQ_Lightmap0_6 (OODLE_AutoDXT, 64X64)
[2022.04.05-11.53.55:884][783]LogTexture: Display: Building textures: HQ_Lightmap1_5 (OODLE_AutoDXT, 512X512)
[2022.04.05-11.53.55:884][783]LogTexture: Display: Building textures: LQ_Lightmap_1_3 (OODLE_DXT1, 1024X1024)
[2022.04.05-11.53.55:884][783]LogTexture: Display: Building textures: LQ_Lightmap_1_5 (OODLE_DXT1, 512X512)
[2022.04.05-11.53.55:884][783]LogTexture: Display: Building textures: LQ_Lightmap_0_6 (OODLE_DXT1, 64X64)
[2022.04.05-11.53.55:884][783]LogTextureFormatOodle: Display: non-RDO encode 1024 x 1024 x 1 to format OODLE_AutoDXT (Oodle OodleTex_BC3) lambda=0 effort=20 
[2022.04.05-11.53.55:884][783]LogTextureFormatOodle: Display: non-RDO encode 1024 x 1024 x 1 to format OODLE_DXT1 (Oodle OodleTex_BC1_WithTransparency) lambda=0 effort=20 
[2022.04.05-11.53.55:884][783]LogTextureFormatOodle: Display: non-RDO encode 1024 x 1024 x 1 to format OODLE_AutoDXT (Oodle OodleTex_BC3) lambda=0 effort=20 
[2022.04.05-11.53.55:884][783]LogTextureFormatOodle: Display: non-RDO encode 1024 x 1024 x 1 to format OODLE_DXT1 (Oodle OodleTex_BC1_WithTransparency) lambda=0 effort=20 
[2022.04.05-11.53.56:065][783]LogTexture: Display: Building textures: ShadowMapTexture2D_15 (G8, 32X32)
[2022.04.05-11.53.56:065][783]LogTexture: Display: Building textures: ShadowMapTexture2D_14 (BGRA8, 1024X1024)
[2022.04.05-11.53.56:065][783]LogStaticLightingSystem: VRTemplateMap_BuiltData storing lightmap data for 469 meshes in 9 LightmapResourceClusters (52.1 Meshes per cluster).
[2022.04.05-11.53.56:106][783]Lightmass on DAVID: 4.43 sec total, 241 ms importing, 80 ms setup, 560 ms photons, 3.50 sec processing, 0 ms extra exporting [469/469 mappings]. Threads: 52.5 sec total, 26.2 sec processing.
[2022.04.05-11.53.56:110][783]LogUObjectHash: Compacting FUObjectHashTables data took   2.76ms
[2022.04.05-11.53.56:143][783]LogStaticLightingSystem: Illumination: 10.1 sec (303 ms encoding lightmaps, 138 ms encoding shadowmaps)
[2022.04.05-11.53.56:143][783]LogStaticLightingSystem: Lightmap texture memory:  8.5 MB (8.5 MB streaming, 0.0 MB non-streaming), 12 textures
[2022.04.05-11.53.56:143][783]LogStaticLightingSystem: Shadowmap texture memory: 5.3 MB (5.3 MB streaming, 0.0 MB non-streaming), 2 textures
[2022.04.05-11.53.56:588][783]DumpUnbuiltLightIteractions
[2022.04.05-11.53.56:588][783]Lights with unbuilt interactions: 0
[2022.04.05-11.53.56:588][783]
[2022.04.05-11.53.56:588][783]Primitives with unbuilt interactions: 0
[2022.04.05-11.53.56:654][784]Cmd: MAP CHECK NOTIFYRESULTS
[2022.04.05-11.53.56:654][784]MapCheck: New page: VRTemplateMap - Apr 5, 2022, 3:53:56 PM
[2022.04.05-11.53.56:656][784]MapCheck: Map check complete: 0 Error(s), 0 Warning(s), took 1.662ms to complete.
[2022.04.05-11.53.59:769][921]LogSlate: Window 'Message Log' being destroyed
[2022.04.05-11.53.59:772][921]LogSlate: Window 'Message Log' being destroyed
[2022.04.05-11.54.02:621][ 48]LogTemp: Repeating last play command: VR Preview
[2022.04.05-11.54.02:629][ 48]BlueprintLog: New page: Pre-Play auto-recompile
[2022.04.05-11.54.02:635][ 48]LogPlayLevel: [PlayLevel] Compiling rotate_logic before play...
[2022.04.05-11.54.02:681][ 48]LogPlayLevel: [PlayLevel] Compiling ShutterHandle before play...
[2022.04.05-11.54.02:682][ 48]LogBlueprint: Warning: [AssetLog] C:\Users\dmock\Unreal projects\P8\P8ToBeAnnounced\P8_VR_Home\Content\ScriptsBluePrints\ShutterHandle.uasset: [Compiler] Could not find a variable named "Has Grabbed" in 'rotate_logic_C'.
Make sure 'rotate_logic_C' has been compiled for  Set Has Grabbed
[2022.04.05-11.54.02:683][ 48]LogBlueprint: Error: [AssetLog] C:\Users\dmock\Unreal projects\P8\P8ToBeAnnounced\P8_VR_Home\Content\ScriptsBluePrints\ShutterHandle.uasset: [Compiler] The property associated with  Has Grabbed  could not be found in '/Game/ScriptsBluePrints/ShutterHandle.ShutterHandle_C'
[2022.04.05-11.54.02:745][ 48]LogUObjectHash: Compacting FUObjectHashTables data took   4.42ms
[2022.04.05-11.54.02:747][ 48]LogPlayLevel: PlayLevel: Blueprint regeneration took 117 ms (2 blueprints)
[2022.04.05-11.54.02:747][ 48]BlueprintLog: Warning: Blueprint failed to compile:  ShutterHandle
[2022.04.05-11.54.02:749][ 48]LogCustomDialog: Dialog displayed:
[2022.04.05-11.54.07:277][ 48]LogSlate: Window 'Blueprint Compilation Errors' being destroyed
[2022.04.05-11.54.08:872][117]LogSlate: Window 'Message Log' being destroyed
[2022.04.05-11.54.08:876][117]LogSlate: Window 'Message Log' being destroyed
[2022.04.05-11.54.12:227][274]BlueprintLog: New page: Compile rotate_logic
[2022.04.05-11.54.12:281][274]LogUObjectHash: Compacting FUObjectHashTables data took   2.61ms
[2022.04.05-11.54.14:035][350]BlueprintLog: New page: Compile BlindsButton
[2022.04.05-11.54.14:083][350]LogUObjectHash: Compacting FUObjectHashTables data took   3.56ms
[2022.04.05-11.54.15:978][436]BlueprintLog: New page: Compile VentsButton
[2022.04.05-11.54.16:027][436]LogUObjectHash: Compacting FUObjectHashTables data took   3.49ms
[2022.04.05-11.54.31:165][144]BlueprintLog: New page: Compile ShutterHandle
[2022.04.05-11.54.31:212][144]LogUObjectHash: Compacting FUObjectHashTables data took   3.37ms
[2022.04.05-11.54.34:099][275]LogTemp: Repeating last play command: VR Preview
[2022.04.05-11.54.34:106][275]LogPlayLevel: PlayLevel: No blueprints needed recompiling
[2022.04.05-11.54.34:106][275]LogHMD: Initializing OVRPlugin session
[2022.04.05-11.54.34:229][275]LogHMD: Allocating Oculus 3200 x 1600 rendertarget swapchain
[2022.04.05-11.54.34:231][275]PIE: New page: PIE session: VRTemplateMap (Apr 5, 2022, 3:54:34 PM)
[2022.04.05-11.54.34:231][275]LogPlayLevel: Creating play world package: /Game/VRTemplate/Maps/UEDPIE_0_VRTemplateMap
[2022.04.05-11.54.34:255][275]LogPlayLevel: PIE: StaticDuplicateObject took: (0.023469s)
[2022.04.05-11.54.34:256][275]LogAIModule: Creating AISystem for world VRTemplateMap
[2022.04.05-11.54.34:256][275]LogPlayLevel: PIE: World Init took: (0.000906s)
[2022.04.05-11.54.34:256][275]LogPlayLevel: PIE: Created PIE world by copying editor world from /Game/VRTemplate/Maps/VRTemplateMap.VRTemplateMap to /Game/VRTemplate/Maps/UEDPIE_0_VRTemplateMap.VRTemplateMap (0.024511s)
[2022.04.05-11.54.34:292][275]LogUObjectHash: Compacting FUObjectHashTables data took   3.28ms
[2022.04.05-11.54.34:294][275]LogAudio: Display: Creating Audio Device:                 Id: 21, Scope: Unique, Realtime: True
[2022.04.05-11.54.34:294][275]LogAudioMixer: Display: Audio Mixer Platform Settings:
[2022.04.05-11.54.34:294][275]LogAudioMixer: Display: 	Sample Rate:						  48000
[2022.04.05-11.54.34:294][275]LogAudioMixer: Display: 	Callback Buffer Frame Size Requested: 1024
[2022.04.05-11.54.34:294][275]LogAudioMixer: Display: 	Callback Buffer Frame Size To Use:	  1024
[2022.04.05-11.54.34:294][275]LogAudioMixer: Display: 	Number of buffers to queue:			  1
[2022.04.05-11.54.34:294][275]LogAudioMixer: Display: 	Max Channels (voices):				  0
[2022.04.05-11.54.34:294][275]LogAudioMixer: Display: 	Number of Async Source Workers:		  4
[2022.04.05-11.54.34:294][275]LogAudio: Display: AudioDevice MaxSources: 32
[2022.04.05-11.54.34:294][275]LogAudio: Display: Audio Spatialization Plugin: Resonance Audio is external send: 1
[2022.04.05-11.54.34:294][275]LogAudio: Display: Audio Reverb Plugin: Resonance Audio
[2022.04.05-11.54.34:294][275]LogAudio: Display: Audio Occlusion Plugin: None (built-in).
[2022.04.05-11.54.34:294][275]LogAudioMixer: Display: Initializing audio mixer.
[2022.04.05-11.54.34:296][275]LogAudioMixer: Display: 0: FrontLeft
[2022.04.05-11.54.34:296][275]LogAudioMixer: Display: 1: FrontRight
[2022.04.05-11.54.34:297][275]LogAudioMixer: Display: 0: FrontLeft
[2022.04.05-11.54.34:297][275]LogAudioMixer: Display: 1: FrontRight
[2022.04.05-11.54.34:297][275]LogAudioMixer: Display: 0: FrontLeft
[2022.04.05-11.54.34:297][275]LogAudioMixer: Display: 1: FrontRight
[2022.04.05-11.54.34:297][275]LogAudioMixer: Display: 0: FrontLeft
[2022.04.05-11.54.34:297][275]LogAudioMixer: Display: 1: FrontRight
[2022.04.05-11.54.34:302][275]LogAudioMixer: Display: Using Audio Device Headphones (Oculus Virtual Audio Device)
[2022.04.05-11.54.34:302][275]LogAudioMixer: Display: Initializing Sound Submixes...
[2022.04.05-11.54.34:302][275]LogAudioMixer: Display: Creating Master Submix 'MasterSubmixDefault'
[2022.04.05-11.54.34:302][275]LogAudioMixer: Display: Creating Master Submix 'MasterReverbSubmixDefault'
[2022.04.05-11.54.34:303][275]LogAudioMixer: Display: Creating Master Submix 'MasterEQSubmixDefault'
[2022.04.05-11.54.34:303][275]LogAudioMixer: FMixerPlatformXAudio2::StartAudioStream() called
[2022.04.05-11.54.34:303][275]LogAudioMixer: Display: Output buffers initialized: Frames=1024, Channels=2, Samples=2048
[2022.04.05-11.54.34:304][275]LogAudioMixer: Display: Starting AudioMixerPlatformInterface::RunInternal()
[2022.04.05-11.54.34:304][275]LogAudioMixer: Display: FMixerPlatformXAudio2::SubmitBuffer() called for the first time
[2022.04.05-11.54.34:304][275]LogInit: FAudioDevice initialized.
[2022.04.05-11.54.34:304][275]LogAudio: Display: Audio Device (ID: 21) registered with world 'VRTemplateMap'.
[2022.04.05-11.54.34:315][275]LogSlate: Updating window title bar state: overlay mode, drag disabled, window buttons hidden, title bar hidden
[2022.04.05-11.54.34:325][275]LogHMD: Allocating Oculus 3648 x 1840 rendertarget swapchain
[2022.04.05-11.54.34:351][275]LogLoad: Game class is 'VRGameMode_C'
[2022.04.05-11.54.34:358][275]LogWorld: Bringing World /Game/VRTemplate/Maps/UEDPIE_0_VRTemplateMap.VRTemplateMap up for play (max tick rate 0) at 2022.04.05-13.54.34
[2022.04.05-11.54.34:358][275]LogWorld: Bringing up level for play took: 0.007301
[2022.04.05-11.54.34:358][275]LogOnline: OSS: Creating online subsystem instance for: :Context_41
[2022.04.05-11.54.34:361][275]LogSpawn: Warning: SpawnActor failed because no class was specified
[2022.04.05-11.54.34:362][275]LogSlate: New Slate User Created.  User Index 8, Is Virtual User: 1
[2022.04.05-11.54.34:363][275]LogSlate: Slate User Registered.  User Index 8, Is Virtual User: 1
[2022.04.05-11.54.34:367][275]PIE: Server logged in
[2022.04.05-11.54.34:368][275]PIE: Play in editor total start time 0.263 seconds.
[2022.04.05-11.54.34:369][275]LogEngine: Changing dynamic resolution state.
[2022.04.05-11.54.34:376][275]LogResonanceAudio: Display: Resonance Audio Listener is initialized
[2022.04.05-11.54.34:393][275]LogHMD: Allocating Oculus 3648 x 1840 depth rendertarget swapchain
[2022.04.05-11.55.16:581][229]LogSlate: Updating window title bar state: overlay mode, drag disabled, window buttons hidden, title bar hidden
[2022.04.05-11.55.16:581][229]LogWorld: BeginTearingDown for /Game/VRTemplate/Maps/UEDPIE_0_VRTemplateMap
[2022.04.05-11.55.16:599][229]LogSlate: Window 'P8_VR_Home Preview [NetMode: Standalone]  (64-bit/Windows) OculusHMD' being destroyed
[2022.04.05-11.55.16:626][229]LogWorld: UWorld::CleanupWorld for VRTemplateMap, bSessionEnded=true, bCleanupResources=true
[2022.04.05-11.55.16:627][229]LogSlate: InvalidateAllWidgets triggered.  All widgets were invalidated
[2022.04.05-11.55.16:637][229]LogPlayLevel: Display: Shutting down PIE online subsystems
[2022.04.05-11.55.16:649][229]LogSlate: InvalidateAllWidgets triggered.  All widgets were invalidated
[2022.04.05-11.55.16:683][229]LogAudio: Display: Audio Device unregistered from world 'None'.
[2022.04.05-11.55.16:683][229]LogResonanceAudio: Display: Resonance Audio Listener is shutdown
[2022.04.05-11.55.16:683][229]LogAudioMixer: FMixerPlatformXAudio2::StopAudioStream() called
[2022.04.05-11.55.16:683][229]LogAudioMixer: FMixerPlatformXAudio2::StopAudioStream() called
[2022.04.05-11.55.16:690][229]LogSlate: Slate User Unregistered.  User Index 8
[2022.04.05-11.55.16:690][229]LogSlate: Slate User Destroyed.  User Index 8, Is Virtual User: 1
[2022.04.05-11.55.16:694][229]LogUObjectHash: Compacting FUObjectHashTables data took   3.13ms
[2022.04.05-11.55.16:726][230]LogPlayLevel: Display: Destroying online subsystem :Context_41
[2022.04.05-11.55.16:735][230]LogEngine: Changing dynamic resolution state.
[2022.04.05-11.55.35:060][ 68]BlueprintLog: New page: Compile rotate_logic
[2022.04.05-11.55.35:119][ 68]LogUObjectHash: Compacting FUObjectHashTables data took   2.76ms
[2022.04.05-11.55.37:683][181]LogTemp: Repeating last play command: VR Preview
[2022.04.05-11.55.37:690][181]LogPlayLevel: PlayLevel: No blueprints needed recompiling
[2022.04.05-11.55.37:690][181]LogHMD: Initializing OVRPlugin session
[2022.04.05-11.55.37:820][181]LogHMD: Allocating Oculus 3200 x 1600 rendertarget swapchain
[2022.04.05-11.55.37:821][181]PIE: New page: PIE session: VRTemplateMap (Apr 5, 2022, 3:55:37 PM)
[2022.04.05-11.55.37:822][181]LogPlayLevel: Creating play world package: /Game/VRTemplate/Maps/UEDPIE_0_VRTemplateMap
[2022.04.05-11.55.37:845][181]LogPlayLevel: PIE: StaticDuplicateObject took: (0.023473s)
[2022.04.05-11.55.37:846][181]LogAIModule: Creating AISystem for world VRTemplateMap
[2022.04.05-11.55.37:846][181]LogPlayLevel: PIE: World Init took: (0.000934s)
[2022.04.05-11.55.37:847][181]LogPlayLevel: PIE: Created PIE world by copying editor world from /Game/VRTemplate/Maps/VRTemplateMap.VRTemplateMap to /Game/VRTemplate/Maps/UEDPIE_0_VRTemplateMap.VRTemplateMap (0.024566s)
[2022.04.05-11.55.37:880][181]LogUObjectHash: Compacting FUObjectHashTables data took   3.17ms
[2022.04.05-11.55.37:881][181]LogAudio: Display: Creating Audio Device:                 Id: 22, Scope: Unique, Realtime: True
[2022.04.05-11.55.37:881][181]LogAudioMixer: Display: Audio Mixer Platform Settings:
[2022.04.05-11.55.37:881][181]LogAudioMixer: Display: 	Sample Rate:						  48000
[2022.04.05-11.55.37:881][181]LogAudioMixer: Display: 	Callback Buffer Frame Size Requested: 1024
[2022.04.05-11.55.37:881][181]LogAudioMixer: Display: 	Callback Buffer Frame Size To Use:	  1024
[2022.04.05-11.55.37:881][181]LogAudioMixer: Display: 	Number of buffers to queue:			  1
[2022.04.05-11.55.37:881][181]LogAudioMixer: Display: 	Max Channels (voices):				  0
[2022.04.05-11.55.37:881][181]LogAudioMixer: Display: 	Number of Async Source Workers:		  4
[2022.04.05-11.55.37:881][181]LogAudio: Display: AudioDevice MaxSources: 32
[2022.04.05-11.55.37:881][181]LogAudio: Display: Audio Spatialization Plugin: Resonance Audio is external send: 1
[2022.04.05-11.55.37:881][181]LogAudio: Display: Audio Reverb Plugin: Resonance Audio
[2022.04.05-11.55.37:881][181]LogAudio: Display: Audio Occlusion Plugin: None (built-in).
[2022.04.05-11.55.37:881][181]LogAudioMixer: Display: Initializing audio mixer.
[2022.04.05-11.55.37:882][181]LogAudioMixer: Display: 0: FrontLeft
[2022.04.05-11.55.37:882][181]LogAudioMixer: Display: 1: FrontRight
[2022.04.05-11.55.37:883][181]LogAudioMixer: Display: 0: FrontLeft
[2022.04.05-11.55.37:883][181]LogAudioMixer: Display: 1: FrontRight
[2022.04.05-11.55.37:883][181]LogAudioMixer: Display: 0: FrontLeft
[2022.04.05-11.55.37:883][181]LogAudioMixer: Display: 1: FrontRight
[2022.04.05-11.55.37:883][181]LogAudioMixer: Display: 0: FrontLeft
[2022.04.05-11.55.37:884][181]LogAudioMixer: Display: 1: FrontRight
[2022.04.05-11.55.37:888][181]LogAudioMixer: Display: Using Audio Device Headphones (Oculus Virtual Audio Device)
[2022.04.05-11.55.37:888][181]LogAudioMixer: Display: Initializing Sound Submixes...
[2022.04.05-11.55.37:888][181]LogAudioMixer: Display: Creating Master Submix 'MasterSubmixDefault'
[2022.04.05-11.55.37:888][181]LogAudioMixer: Display: Creating Master Submix 'MasterReverbSubmixDefault'
[2022.04.05-11.55.37:889][181]LogAudioMixer: Display: Creating Master Submix 'MasterEQSubmixDefault'
[2022.04.05-11.55.37:889][181]LogAudioMixer: FMixerPlatformXAudio2::StartAudioStream() called
[2022.04.05-11.55.37:889][181]LogAudioMixer: Display: Output buffers initialized: Frames=1024, Channels=2, Samples=2048
[2022.04.05-11.55.37:889][181]LogAudioMixer: Display: Starting AudioMixerPlatformInterface::RunInternal()
[2022.04.05-11.55.37:889][181]LogAudioMixer: Display: FMixerPlatformXAudio2::SubmitBuffer() called for the first time
[2022.04.05-11.55.37:889][181]LogInit: FAudioDevice initialized.
[2022.04.05-11.55.37:889][181]LogAudio: Display: Audio Device (ID: 22) registered with world 'VRTemplateMap'.
[2022.04.05-11.55.37:897][181]LogSlate: Updating window title bar state: overlay mode, drag disabled, window buttons hidden, title bar hidden
[2022.04.05-11.55.37:904][181]LogHMD: Allocating Oculus 3648 x 1840 rendertarget swapchain
[2022.04.05-11.55.37:933][181]LogLoad: Game class is 'VRGameMode_C'
[2022.04.05-11.55.37:943][181]LogWorld: Bringing World /Game/VRTemplate/Maps/UEDPIE_0_VRTemplateMap.VRTemplateMap up for play (max tick rate 0) at 2022.04.05-13.55.37
[2022.04.05-11.55.37:944][181]LogWorld: Bringing up level for play took: 0.010130
[2022.04.05-11.55.37:945][181]LogOnline: OSS: Creating online subsystem instance for: :Context_42
[2022.04.05-11.55.37:947][181]LogSpawn: Warning: SpawnActor failed because no class was specified
[2022.04.05-11.55.37:948][181]LogSlate: New Slate User Created.  User Index 8, Is Virtual User: 1
[2022.04.05-11.55.37:949][181]LogSlate: Slate User Registered.  User Index 8, Is Virtual User: 1
[2022.04.05-11.55.37:958][181]PIE: Server logged in
[2022.04.05-11.55.37:958][181]PIE: Play in editor total start time 0.269 seconds.
[2022.04.05-11.55.37:959][181]LogEngine: Changing dynamic resolution state.
[2022.04.05-11.55.37:967][181]LogResonanceAudio: Display: Resonance Audio Listener is initialized
[2022.04.05-11.55.37:985][181]LogHMD: Allocating Oculus 3648 x 1840 depth rendertarget swapchain
[2022.04.05-11.55.47:725][841]LogSlate: Updating window title bar state: overlay mode, drag disabled, window buttons hidden, title bar hidden
[2022.04.05-11.55.47:725][841]LogWorld: BeginTearingDown for /Game/VRTemplate/Maps/UEDPIE_0_VRTemplateMap
[2022.04.05-11.55.47:751][841]LogSlate: Window 'P8_VR_Home Preview [NetMode: Standalone]  (64-bit/Windows) OculusHMD' being destroyed
[2022.04.05-11.55.47:785][841]LogWorld: UWorld::CleanupWorld for VRTemplateMap, bSessionEnded=true, bCleanupResources=true
[2022.04.05-11.55.47:787][841]LogSlate: InvalidateAllWidgets triggered.  All widgets were invalidated
[2022.04.05-11.55.47:794][841]LogPlayLevel: Display: Shutting down PIE online subsystems
[2022.04.05-11.55.47:806][841]LogSlate: InvalidateAllWidgets triggered.  All widgets were invalidated
[2022.04.05-11.55.47:842][841]LogAudio: Display: Audio Device unregistered from world 'None'.
[2022.04.05-11.55.47:842][841]LogResonanceAudio: Display: Resonance Audio Listener is shutdown
[2022.04.05-11.55.47:842][841]LogAudioMixer: FMixerPlatformXAudio2::StopAudioStream() called
[2022.04.05-11.55.47:845][841]LogAudioMixer: FMixerPlatformXAudio2::StopAudioStream() called
[2022.04.05-11.55.47:853][841]LogSlate: Slate User Unregistered.  User Index 8
[2022.04.05-11.55.47:853][841]LogSlate: Slate User Destroyed.  User Index 8, Is Virtual User: 1
[2022.04.05-11.55.47:856][841]LogUObjectHash: Compacting FUObjectHashTables data took   3.18ms
[2022.04.05-11.55.47:884][842]LogPlayLevel: Display: Destroying online subsystem :Context_42
[2022.04.05-11.55.47:896][842]LogEngine: Changing dynamic resolution state.
[2022.04.05-11.56.12:707][997]BlueprintLog: New page: Compile rotate_logic
[2022.04.05-11.56.12:761][997]LogUObjectHash: Compacting FUObjectHashTables data took   2.64ms
[2022.04.05-11.56.24:521][554]BlueprintLog: New page: Compile BlindsButton
[2022.04.05-11.56.24:570][554]LogUObjectHash: Compacting FUObjectHashTables data took   3.49ms
[2022.04.05-11.56.27:886][707]BlueprintLog: New page: Compile VentsButton
[2022.04.05-11.56.27:935][707]LogUObjectHash: Compacting FUObjectHashTables data took   3.28ms
[2022.04.05-11.56.30:786][839]LogEditorViewport: Clicking on Actor (LMB): BlindsButton_C (BlindsButton)
[2022.04.05-11.56.45:077][516]LogEditorViewport: Clicking on Actor (LMB): VentsButton_C (VentsButton)
[2022.04.05-11.56.50:961][789]LogUObjectHash: Compacting FUObjectHashTables data took   3.07ms
[2022.04.05-11.56.51:053][789]LogSavePackage: Moving '../../../../../../Users/dmock/Unreal projects/P8/P8ToBeAnnounced/P8_VR_Home/Saved/VRTemplateMap3F67E45A43BDA154275ECB9E8192853E.tmp' to '../../../../../../Users/dmock/Unreal projects/P8/P8ToBeAnnounced/P8_VR_Home/Content/VRTemplate/Maps/VRTemplateMap.umap'
[2022.04.05-11.56.51:205][789]LogSavePackage: Moving '../../../../../../Users/dmock/Unreal projects/P8/P8ToBeAnnounced/P8_VR_Home/Saved/VRTemplateMap_BuiltData3A8500914299C6623234B3BDCA54117E.tmp' to '../../../../../../Users/dmock/Unreal projects/P8/P8ToBeAnnounced/P8_VR_Home/Content/VRTemplate/Maps/VRTemplateMap_BuiltData.uasset'
[2022.04.05-11.56.51:225][789]AssetCheck: New page: Asset Save: multiple assets
[2022.04.05-11.56.51:226][789]LogContentValidation: Display: Validating MapBuildDataRegistry /Game/VRTemplate/Maps/VRTemplateMap_BuiltData.VRTemplateMap_BuiltData
[2022.04.05-11.56.51:226][789]LogContentValidation: Display: Validating World /Game/VRTemplate/Maps/VRTemplateMap.VRTemplateMap
[2022.04.05-11.56.53:123][870]LogTemp: Repeating last play command: VR Preview
[2022.04.05-11.56.53:135][870]LogPlayLevel: PlayLevel: No blueprints needed recompiling
[2022.04.05-11.56.53:135][870]LogHMD: Initializing OVRPlugin session
[2022.04.05-11.56.53:295][870]LogHMD: Allocating Oculus 3200 x 1600 rendertarget swapchain
[2022.04.05-11.56.53:296][870]PIE: New page: PIE session: VRTemplateMap (Apr 5, 2022, 3:56:53 PM)
[2022.04.05-11.56.53:296][870]LogPlayLevel: Creating play world package: /Game/VRTemplate/Maps/UEDPIE_0_VRTemplateMap
[2022.04.05-11.56.53:321][870]LogPlayLevel: PIE: StaticDuplicateObject took: (0.024183s)
[2022.04.05-11.56.53:321][870]LogAIModule: Creating AISystem for world VRTemplateMap
[2022.04.05-11.56.53:322][870]LogPlayLevel: PIE: World Init took: (0.001140s)
[2022.04.05-11.56.53:322][870]LogPlayLevel: PIE: Created PIE world by copying editor world from /Game/VRTemplate/Maps/VRTemplateMap.VRTemplateMap to /Game/VRTemplate/Maps/UEDPIE_0_VRTemplateMap.VRTemplateMap (0.025529s)
[2022.04.05-11.56.53:357][870]LogUObjectHash: Compacting FUObjectHashTables data took   2.78ms
[2022.04.05-11.56.53:358][870]LogAudio: Display: Creating Audio Device:                 Id: 23, Scope: Unique, Realtime: True
[2022.04.05-11.56.53:358][870]LogAudioMixer: Display: Audio Mixer Platform Settings:
[2022.04.05-11.56.53:358][870]LogAudioMixer: Display: 	Sample Rate:						  48000
[2022.04.05-11.56.53:358][870]LogAudioMixer: Display: 	Callback Buffer Frame Size Requested: 1024
[2022.04.05-11.56.53:358][870]LogAudioMixer: Display: 	Callback Buffer Frame Size To Use:	  1024
[2022.04.05-11.56.53:358][870]LogAudioMixer: Display: 	Number of buffers to queue:			  1
[2022.04.05-11.56.53:358][870]LogAudioMixer: Display: 	Max Channels (voices):				  0
[2022.04.05-11.56.53:358][870]LogAudioMixer: Display: 	Number of Async Source Workers:		  4
[2022.04.05-11.56.53:358][870]LogAudio: Display: AudioDevice MaxSources: 32
[2022.04.05-11.56.53:359][870]LogAudio: Display: Audio Spatialization Plugin: Resonance Audio is external send: 1
[2022.04.05-11.56.53:359][870]LogAudio: Display: Audio Reverb Plugin: Resonance Audio
[2022.04.05-11.56.53:359][870]LogAudio: Display: Audio Occlusion Plugin: None (built-in).
[2022.04.05-11.56.53:359][870]LogAudioMixer: Display: Initializing audio mixer.
[2022.04.05-11.56.53:360][870]LogAudioMixer: Display: 0: FrontLeft
[2022.04.05-11.56.53:360][870]LogAudioMixer: Display: 1: FrontRight
[2022.04.05-11.56.53:360][870]LogAudioMixer: Display: 0: FrontLeft
[2022.04.05-11.56.53:360][870]LogAudioMixer: Display: 1: FrontRight
[2022.04.05-11.56.53:360][870]LogAudioMixer: Display: 0: FrontLeft
[2022.04.05-11.56.53:360][870]LogAudioMixer: Display: 1: FrontRight
[2022.04.05-11.56.53:361][870]LogAudioMixer: Display: 0: FrontLeft
[2022.04.05-11.56.53:361][870]LogAudioMixer: Display: 1: FrontRight
[2022.04.05-11.56.53:365][870]LogAudioMixer: Display: Using Audio Device Headphones (Oculus Virtual Audio Device)
[2022.04.05-11.56.53:365][870]LogAudioMixer: Display: Initializing Sound Submixes...
[2022.04.05-11.56.53:365][870]LogAudioMixer: Display: Creating Master Submix 'MasterSubmixDefault'
[2022.04.05-11.56.53:366][870]LogAudioMixer: Display: Creating Master Submix 'MasterReverbSubmixDefault'
[2022.04.05-11.56.53:366][870]LogAudioMixer: Display: Creating Master Submix 'MasterEQSubmixDefault'
[2022.04.05-11.56.53:366][870]LogAudioMixer: FMixerPlatformXAudio2::StartAudioStream() called
[2022.04.05-11.56.53:366][870]LogAudioMixer: Display: Output buffers initialized: Frames=1024, Channels=2, Samples=2048
[2022.04.05-11.56.53:367][870]LogAudioMixer: Display: Starting AudioMixerPlatformInterface::RunInternal()
[2022.04.05-11.56.53:367][870]LogAudioMixer: Display: FMixerPlatformXAudio2::SubmitBuffer() called for the first time
[2022.04.05-11.56.53:367][870]LogInit: FAudioDevice initialized.
[2022.04.05-11.56.53:367][870]LogAudio: Display: Audio Device (ID: 23) registered with world 'VRTemplateMap'.
[2022.04.05-11.56.53:377][870]LogSlate: Updating window title bar state: overlay mode, drag disabled, window buttons hidden, title bar hidden
[2022.04.05-11.56.53:391][870]LogHMD: Allocating Oculus 3648 x 1840 rendertarget swapchain
[2022.04.05-11.56.53:416][870]LogLoad: Game class is 'VRGameMode_C'
[2022.04.05-11.56.53:424][870]LogWorld: Bringing World /Game/VRTemplate/Maps/UEDPIE_0_VRTemplateMap.VRTemplateMap up for play (max tick rate 0) at 2022.04.05-13.56.53
[2022.04.05-11.56.53:425][870]LogWorld: Bringing up level for play took: 0.008049
[2022.04.05-11.56.53:426][870]LogOnline: OSS: Creating online subsystem instance for: :Context_43
[2022.04.05-11.56.53:428][870]LogSpawn: Warning: SpawnActor failed because no class was specified
[2022.04.05-11.56.53:430][870]LogSlate: New Slate User Created.  User Index 8, Is Virtual User: 1
[2022.04.05-11.56.53:431][870]LogSlate: Slate User Registered.  User Index 8, Is Virtual User: 1
[2022.04.05-11.56.53:443][870]PIE: Server logged in
[2022.04.05-11.56.53:444][870]PIE: Play in editor total start time 0.313 seconds.
[2022.04.05-11.56.53:445][870]LogEngine: Changing dynamic resolution state.
[2022.04.05-11.56.53:453][870]LogResonanceAudio: Display: Resonance Audio Listener is initialized
[2022.04.05-11.56.53:467][870]LogHMD: Allocating Oculus 3648 x 1840 depth rendertarget swapchain
[2022.04.05-11.57.44:525][317]LogSlate: Updating window title bar state: overlay mode, drag disabled, window buttons hidden, title bar hidden
[2022.04.05-11.57.44:526][317]LogWorld: BeginTearingDown for /Game/VRTemplate/Maps/UEDPIE_0_VRTemplateMap
[2022.04.05-11.57.44:549][317]LogSlate: Window 'P8_VR_Home Preview [NetMode: Standalone]  (64-bit/Windows) OculusHMD' being destroyed
[2022.04.05-11.57.44:596][317]LogWorld: UWorld::CleanupWorld for VRTemplateMap, bSessionEnded=true, bCleanupResources=true
[2022.04.05-11.57.44:597][317]LogSlate: InvalidateAllWidgets triggered.  All widgets were invalidated
[2022.04.05-11.57.44:607][317]LogPlayLevel: Display: Shutting down PIE online subsystems
[2022.04.05-11.57.44:616][317]LogSlate: InvalidateAllWidgets triggered.  All widgets were invalidated
[2022.04.05-11.57.44:652][317]LogAudio: Display: Audio Device unregistered from world 'None'.
[2022.04.05-11.57.44:653][317]LogResonanceAudio: Display: Resonance Audio Listener is shutdown
[2022.04.05-11.57.44:653][317]LogAudioMixer: FMixerPlatformXAudio2::StopAudioStream() called
[2022.04.05-11.57.44:654][317]LogAudioMixer: FMixerPlatformXAudio2::StopAudioStream() called
[2022.04.05-11.57.44:659][317]LogSlate: Slate User Unregistered.  User Index 8
[2022.04.05-11.57.44:659][317]LogSlate: Slate User Destroyed.  User Index 8, Is Virtual User: 1
[2022.04.05-11.57.44:664][317]LogUObjectHash: Compacting FUObjectHashTables data took   3.74ms
[2022.04.05-11.57.44:691][318]LogPlayLevel: Display: Destroying online subsystem :Context_43
[2022.04.05-11.57.44:702][318]LogEngine: Changing dynamic resolution state.
[2022.04.05-11.57.48:957][487]LogEditorViewport: Clicking on Actor (LMB): StaticMeshActor (flap_bottom_right)
[2022.04.05-11.59.11:344][352]LogEditorClassViewer: Warning: Class /Engine/Tutorial/InWorldBlueprintEditing/TutorialAssets/IWBE_Blutility.IWBE_Blutility_C has parent /Script/Blutility.PlacedEditorUtilityBase, but this parent is not found. The Class will not be shown in ClassViewer.
[2022.04.05-11.59.11:347][352]LogSlate: Warning: Slate: Had to block on waiting for a draw buffer
[2022.04.05-11.59.13:484][352]LogSlate: Window 'Create Blueprint From Selection' being destroyed
[2022.04.05-11.59.24:404][864]Cmd: TRANSACTION UNDO
[2022.04.05-11.59.24:404][864]LogEditorTransaction: Undo Rotate Components
[2022.04.05-12.00.00:797][510]LogAssetEditorSubsystem: Opening Asset editor for Blueprint /Game/FirstPersonBP/MyStuff/InfoActor.InfoActor
[2022.04.05-12.00.11:857][ 12]LogWorld: UWorld::CleanupWorld for World_21, bSessionEnded=true, bCleanupResources=true
[2022.04.05-12.00.11:857][ 12]LogSlate: InvalidateAllWidgets triggered.  All widgets were invalidated
[2022.04.05-12.00.29:735][847]LogEditorViewport: Clicking on Component (context menu): StaticMeshComponent (StaticMeshComponent0)
[2022.04.05-12.00.31:089][910]LogEditorViewport: Clicking on Component (LMB): StaticMeshComponent (StaticMeshComponent0)
[2022.04.05-12.00.32:188][961]LogEditorViewport: Clicking on Component (LMB): StaticMeshComponent (StaticMeshComponent0)
[2022.04.05-12.00.33:668][ 31]LogEditorViewport: Clicking on Component (context menu): StaticMeshComponent (StaticMeshComponent0)
[2022.04.05-12.00.34:567][ 73]LogEditorViewport: Clicking on Component (LMB): StaticMeshComponent (StaticMeshComponent0)
[2022.04.05-12.00.38:175][244]LogEditorViewport: Clicking on Component (context menu): StaticMeshComponent (StaticMeshComponent0)
[2022.04.05-12.00.46:739][639]LogEditorViewport: Clicking on Component (context menu): StaticMeshComponent (StaticMeshComponent0)
[2022.04.05-12.00.49:536][769]LogEditorViewport: Clicking on Component (LMB): StaticMeshComponent (StaticMeshComponent0)
[2022.04.05-12.01.39:659][ 77]Cmd: DELETE
[2022.04.05-12.01.39:659][ 77]Cmd: ACTOR DELETE
[2022.04.05-12.01.39:666][ 77]LogEditorActor: Deleted Actor: Flap_C
[2022.04.05-12.01.39:705][ 77]LogUObjectHash: Compacting FUObjectHashTables data took   3.26ms
[2022.04.05-12.01.39:710][ 77]LogEditorActor: Deleted 1 Actors (0.052 secs)
[2022.04.05-12.01.40:976][138]LogAssetEditorSubsystem: Opening Asset editor for Blueprint /Game/FirstPersonBP/MyStuff/Flap.Flap
[2022.04.05-12.01.57:595][904]LogEditorTransaction: Undo Modify Component(s)
[2022.04.05-12.02.04:610][225]LogEditorTransaction: Undo Modify Component(s)
[2022.04.05-12.02.20:433][953]LogEditorTransaction: Undo Modify Component(s)
[2022.04.05-12.02.41:882][955]LogEditorTransaction: Undo Modify Component(s)
[2022.04.05-12.02.44:156][ 53]BlueprintLog: New page: Compile Flap
[2022.04.05-12.02.44:210][ 53]LogUObjectHash: Compacting FUObjectHashTables data took   2.47ms
[2022.04.05-12.02.46:588][161]LogEditorViewport: Clicking on Actor (LMB): StaticMeshActor (flap_bottom_right)
[2022.04.05-12.02.50:214][331]Cmd: DELETE
[2022.04.05-12.02.50:214][331]Cmd: ACTOR DELETE
[2022.04.05-12.02.50:220][331]LogEditorActor: Deleted Actor: StaticMeshActor
[2022.04.05-12.02.50:255][331]LogUObjectHash: Compacting FUObjectHashTables data took   2.92ms
[2022.04.05-12.02.50:256][331]LogEditorActor: Deleted 1 Actors (0.041 secs)
[2022.04.05-12.02.51:105][372]LogEditorViewport: Clicking on Actor (LMB): StaticMeshActor (Group43_2)
[2022.04.05-12.02.54:429][511]Cmd: TRANSACTION UNDO
[2022.04.05-12.02.54:429][511]LogEditorTransaction: Undo Create Actors
[2022.04.05-12.02.54:990][524]Cmd: TRANSACTION UNDO
[2022.04.05-12.02.54:990][524]LogEditorTransaction: Undo Clicking on Actors
[2022.04.05-12.02.55:720][557]Cmd: TRANSACTION UNDO
[2022.04.05-12.02.55:720][557]LogEditorTransaction: Undo Delete Actors
[2022.04.05-12.03.11:893][266]Cmd: CAMERA ALIGN ACTIVEVIEWPORTONLY
[2022.04.05-12.03.20:797][679]LogEditorViewport: Clicking on Actor (LMB): StaticMeshActor (flap_bottom_right)
[2022.04.05-12.03.25:066][879]LogEditorViewport: Clicking on Actor (LMB): StaticMeshActor (flap_bottom_right)
[2022.04.05-12.03.25:499][899]LogEditorViewport: Clicking on Actor (LMB): Flap_C (Flap)
[2022.04.05-12.03.29:790][ 99]Cmd: CAMERA ALIGN ACTIVEVIEWPORTONLY
[2022.04.05-12.03.31:772][192]Cmd: TRANSACTION UNDO
[2022.04.05-12.03.31:772][192]LogEditorTransaction: Undo Paste Location
[2022.04.05-12.03.32:708][226]Cmd: CAMERA ALIGN ACTIVEVIEWPORTONLY
[2022.04.05-12.04.01:204][563]Cmd: DELETE
[2022.04.05-12.04.01:204][563]Cmd: ACTOR DELETE
[2022.04.05-12.04.01:211][563]LogEditorActor: Deleted Actor: StaticMeshActor
[2022.04.05-12.04.01:246][563]LogUObjectHash: Compacting FUObjectHashTables data took   2.68ms
[2022.04.05-12.04.01:247][563]LogEditorActor: Deleted 1 Actors (0.042 secs)
[2022.04.05-12.04.07:119][840]LogEditorViewport: Clicking on Actor (LMB): StaticMeshActor (flap_top_right)
[2022.04.05-12.04.30:159][893]Cmd: DELETE
[2022.04.05-12.04.30:159][893]Cmd: ACTOR DELETE
[2022.04.05-12.04.30:165][893]LogEditorActor: Deleted Actor: StaticMeshActor
[2022.04.05-12.04.30:200][893]LogUObjectHash: Compacting FUObjectHashTables data took   2.01ms
[2022.04.05-12.04.30:201][893]LogEditorActor: Deleted 1 Actors (0.041 secs)
[2022.04.05-12.04.39:626][293]Cmd: CAMERA ALIGN ACTIVEVIEWPORTONLY
[2022.04.05-12.04.53:982][968]LogEditorViewport: Clicking on Actor (context menu): StaticMeshActor (Group43_2)
[2022.04.05-12.04.56:946][101]Cmd: DELETE
[2022.04.05-12.04.56:946][101]Cmd: ACTOR DELETE
[2022.04.05-12.04.56:952][101]LogEditorActor: Deleted Actor: StaticMeshActor
[2022.04.05-12.04.56:986][101]LogUObjectHash: Compacting FUObjectHashTables data took   2.05ms
[2022.04.05-12.04.56:987][101]LogEditorActor: Deleted 1 Actors (0.041 secs)
[2022.04.05-12.05.31:894][717]Cmd: DELETE
[2022.04.05-12.05.31:894][717]Cmd: ACTOR DELETE
[2022.04.05-12.05.31:900][717]LogEditorActor: Deleted Actor: StaticMeshActor
[2022.04.05-12.05.31:933][717]LogUObjectHash: Compacting FUObjectHashTables data took   1.97ms
[2022.04.05-12.05.31:934][717]LogEditorActor: Deleted 1 Actors (0.041 secs)
[2022.04.05-12.05.33:093][773]LogEditorViewport: Clicking on Actor (LMB): Flap_C (Flap4)
[2022.04.05-12.05.37:896][998]LogEditorViewport: Clicking on Actor (LMB): Flap_C (Flap)
[2022.04.05-12.05.45:792][367]LogEditorViewport: Clicking on Actor (context menu): Flap_C (Flap)
[2022.04.05-12.05.56:302][855]Cmd: PIVOT SNAPPED
[2022.04.05-12.06.07:951][395]LogEditorViewport: Clicking on Actor (context menu): Flap_C (Flap)
[2022.04.05-12.06.16:769][806]Cmd: ACTOR BAKEPREPIVOT
[2022.04.05-12.06.22:217][ 60]Cmd: TRANSACTION UNDO
[2022.04.05-12.06.22:217][ 60]LogEditorTransaction: Undo Rotate Actors
[2022.04.05-12.06.25:538][207]Cmd: TRANSACTION UNDO
[2022.04.05-12.06.25:538][207]LogEditorTransaction: Undo Rotate Components
[2022.04.05-12.06.28:137][318]LogEditorViewport: Clicking on Component (context menu): StaticMeshComponent (StaticMesh)
[2022.04.05-12.06.36:809][710]Cmd: TRANSACTION UNDO
[2022.04.05-12.06.36:809][710]LogEditorTransaction: Undo Rotate Actors
[2022.04.05-12.06.55:782][588]LogEditorViewport: Clicking on Actor (LMB): StaticMeshActor (Group43_2)
[2022.04.05-12.06.56:422][618]LogEditorViewport: Clicking on Actor (LMB): Flap_C (Flap)
[2022.04.05-12.07.03:280][939]LogEditorViewport: Clicking on Actor (LMB): StaticMeshActor (Group43_2)
[2022.04.05-12.07.07:335][134]LogEditorViewport: Clicking on Actor (LMB): Flap_C (Flap)
[2022.04.05-12.07.15:260][507]LogTemp: Repeating last play command: VR Preview
[2022.04.05-12.07.15:266][507]LogPlayLevel: PlayLevel: No blueprints needed recompiling
[2022.04.05-12.07.15:266][507]LogHMD: Initializing OVRPlugin session
[2022.04.05-12.07.15:399][507]LogHMD: Allocating Oculus 3200 x 1600 rendertarget swapchain
[2022.04.05-12.07.15:401][507]PIE: New page: PIE session: VRTemplateMap (Apr 5, 2022, 4:07:15 PM)
[2022.04.05-12.07.15:401][507]LogPlayLevel: Creating play world package: /Game/VRTemplate/Maps/UEDPIE_0_VRTemplateMap
[2022.04.05-12.07.15:425][507]LogPlayLevel: PIE: StaticDuplicateObject took: (0.023107s)
[2022.04.05-12.07.15:425][507]LogAIModule: Creating AISystem for world VRTemplateMap
[2022.04.05-12.07.15:426][507]LogPlayLevel: PIE: World Init took: (0.000942s)
[2022.04.05-12.07.15:426][507]LogPlayLevel: PIE: Created PIE world by copying editor world from /Game/VRTemplate/Maps/VRTemplateMap.VRTemplateMap to /Game/VRTemplate/Maps/UEDPIE_0_VRTemplateMap.VRTemplateMap (0.024201s)
[2022.04.05-12.07.15:466][507]LogUObjectHash: Compacting FUObjectHashTables data took   3.70ms
[2022.04.05-12.07.15:468][507]LogAudio: Display: Creating Audio Device:                 Id: 24, Scope: Unique, Realtime: True
[2022.04.05-12.07.15:468][507]LogAudioMixer: Display: Audio Mixer Platform Settings:
[2022.04.05-12.07.15:468][507]LogAudioMixer: Display: 	Sample Rate:						  48000
[2022.04.05-12.07.15:468][507]LogAudioMixer: Display: 	Callback Buffer Frame Size Requested: 1024
[2022.04.05-12.07.15:468][507]LogAudioMixer: Display: 	Callback Buffer Frame Size To Use:	  1024
[2022.04.05-12.07.15:468][507]LogAudioMixer: Display: 	Number of buffers to queue:			  1
[2022.04.05-12.07.15:468][507]LogAudioMixer: Display: 	Max Channels (voices):				  0
[2022.04.05-12.07.15:468][507]LogAudioMixer: Display: 	Number of Async Source Workers:		  4
[2022.04.05-12.07.15:468][507]LogAudio: Display: AudioDevice MaxSources: 32
[2022.04.05-12.07.15:468][507]LogAudio: Display: Audio Spatialization Plugin: Resonance Audio is external send: 1
[2022.04.05-12.07.15:468][507]LogAudio: Display: Audio Reverb Plugin: Resonance Audio
[2022.04.05-12.07.15:468][507]LogAudio: Display: Audio Occlusion Plugin: None (built-in).
[2022.04.05-12.07.15:468][507]LogAudioMixer: Display: Initializing audio mixer.
[2022.04.05-12.07.15:469][507]LogAudioMixer: Display: 0: FrontLeft
[2022.04.05-12.07.15:469][507]LogAudioMixer: Display: 1: FrontRight
[2022.04.05-12.07.15:469][507]LogAudioMixer: Display: 0: FrontLeft
[2022.04.05-12.07.15:469][507]LogAudioMixer: Display: 1: FrontRight
[2022.04.05-12.07.15:470][507]LogAudioMixer: Display: 0: FrontLeft
[2022.04.05-12.07.15:470][507]LogAudioMixer: Display: 1: FrontRight
[2022.04.05-12.07.15:470][507]LogAudioMixer: Display: 0: FrontLeft
[2022.04.05-12.07.15:470][507]LogAudioMixer: Display: 1: FrontRight
[2022.04.05-12.07.15:475][507]LogAudioMixer: Display: Using Audio Device Headphones (Oculus Virtual Audio Device)
[2022.04.05-12.07.15:475][507]LogAudioMixer: Display: Initializing Sound Submixes...
[2022.04.05-12.07.15:476][507]LogAudioMixer: Display: Creating Master Submix 'MasterSubmixDefault'
[2022.04.05-12.07.15:476][507]LogAudioMixer: Display: Creating Master Submix 'MasterReverbSubmixDefault'
[2022.04.05-12.07.15:476][507]LogAudioMixer: Display: Creating Master Submix 'MasterEQSubmixDefault'
[2022.04.05-12.07.15:476][507]LogAudioMixer: FMixerPlatformXAudio2::StartAudioStream() called
[2022.04.05-12.07.15:476][507]LogAudioMixer: Display: Output buffers initialized: Frames=1024, Channels=2, Samples=2048
[2022.04.05-12.07.15:477][507]LogAudioMixer: Display: Starting AudioMixerPlatformInterface::RunInternal()
[2022.04.05-12.07.15:477][507]LogAudioMixer: Display: FMixerPlatformXAudio2::SubmitBuffer() called for the first time
[2022.04.05-12.07.15:477][507]LogInit: FAudioDevice initialized.
[2022.04.05-12.07.15:477][507]LogAudio: Display: Audio Device (ID: 24) registered with world 'VRTemplateMap'.
[2022.04.05-12.07.15:487][507]LogSlate: Updating window title bar state: overlay mode, drag disabled, window buttons hidden, title bar hidden
[2022.04.05-12.07.15:497][507]LogHMD: Allocating Oculus 3648 x 1840 rendertarget swapchain
[2022.04.05-12.07.15:523][507]LogLoad: Game class is 'VRGameMode_C'
[2022.04.05-12.07.15:532][507]LogWorld: Bringing World /Game/VRTemplate/Maps/UEDPIE_0_VRTemplateMap.VRTemplateMap up for play (max tick rate 0) at 2022.04.05-14.07.15
[2022.04.05-12.07.15:533][507]LogWorld: Bringing up level for play took: 0.008345
[2022.04.05-12.07.15:533][507]LogOnline: OSS: Creating online subsystem instance for: :Context_46
[2022.04.05-12.07.15:536][507]LogSpawn: Warning: SpawnActor failed because no class was specified
[2022.04.05-12.07.15:537][507]LogSlate: New Slate User Created.  User Index 8, Is Virtual User: 1
[2022.04.05-12.07.15:538][507]LogSlate: Slate User Registered.  User Index 8, Is Virtual User: 1
[2022.04.05-12.07.15:546][507]PIE: Server logged in
[2022.04.05-12.07.15:547][507]PIE: Play in editor total start time 0.282 seconds.
[2022.04.05-12.07.15:547][507]LogEngine: Changing dynamic resolution state.
[2022.04.05-12.07.15:555][507]LogResonanceAudio: Display: Resonance Audio Listener is initialized
[2022.04.05-12.07.15:558][507]LogHMD: Allocating Oculus 3648 x 1840 depth rendertarget swapchain
[2022.04.05-12.07.38:607][975]LogSlate: Updating window title bar state: overlay mode, drag disabled, window buttons hidden, title bar hidden
[2022.04.05-12.07.38:607][975]LogWorld: BeginTearingDown for /Game/VRTemplate/Maps/UEDPIE_0_VRTemplateMap
[2022.04.05-12.07.38:631][975]LogSlate: Window 'P8_VR_Home Preview [NetMode: Standalone]  (64-bit/Windows) OculusHMD' being destroyed
[2022.04.05-12.07.38:665][975]LogWorld: UWorld::CleanupWorld for VRTemplateMap, bSessionEnded=true, bCleanupResources=true
[2022.04.05-12.07.38:667][975]LogSlate: InvalidateAllWidgets triggered.  All widgets were invalidated
[2022.04.05-12.07.38:674][975]LogPlayLevel: Display: Shutting down PIE online subsystems
[2022.04.05-12.07.38:683][975]LogSlate: InvalidateAllWidgets triggered.  All widgets were invalidated
[2022.04.05-12.07.38:719][975]LogAudio: Display: Audio Device unregistered from world 'None'.
[2022.04.05-12.07.38:720][975]LogResonanceAudio: Display: Resonance Audio Listener is shutdown
[2022.04.05-12.07.38:720][975]LogAudioMixer: FMixerPlatformXAudio2::StopAudioStream() called
[2022.04.05-12.07.38:721][975]LogAudioMixer: FMixerPlatformXAudio2::StopAudioStream() called
[2022.04.05-12.07.38:728][975]LogSlate: Slate User Unregistered.  User Index 8
[2022.04.05-12.07.38:729][975]LogSlate: Slate User Destroyed.  User Index 8, Is Virtual User: 1
[2022.04.05-12.07.38:732][975]LogUObjectHash: Compacting FUObjectHashTables data took   2.44ms
[2022.04.05-12.07.38:755][976]LogPlayLevel: Display: Destroying online subsystem :Context_46
[2022.04.05-12.07.38:763][976]LogEngine: Changing dynamic resolution state.
[2022.04.05-12.07.44:450][240]LogEditorViewport: Clicking on Actor (LMB): StaticMeshActor (Group43_2)
[2022.04.05-12.07.44:904][260]LogEditorViewport: Clicking on Actor (LMB): Flap_C (Flap)
[2022.04.05-12.08.19:206][867]LogEditorViewport: Clicking on Actor (LMB): VentsButton_C (VentsButton)
[2022.04.05-12.08.26:012][193]LogEditorViewport: Clicking on Actor (LMB): Flap_C (Flap)
[2022.04.05-12.08.45:029][ 87]Cmd: TRANSACTION UNDO
[2022.04.05-12.08.45:029][ 87]LogEditorTransaction: Undo Edit 0
[2022.04.05-12.08.49:956][309]LogEditorViewport: Clicking on Actor (LMB): StaticMeshActor (Group_364_76)
[2022.04.05-12.09.02:038][876]LogEditorViewport: Clicking on Actor (LMB): Flap_C (Flap)
[2022.04.05-12.09.12:313][355]LogEditorViewport: Clicking on Actor (LMB): StaticMeshActor (Group43_2)
[2022.04.05-12.09.15:496][506]LogTemp: Repeating last play command: VR Preview
[2022.04.05-12.09.15:502][506]LogPlayLevel: PlayLevel: No blueprints needed recompiling
[2022.04.05-12.09.15:502][506]LogHMD: Initializing OVRPlugin session
[2022.04.05-12.09.15:639][506]LogHMD: Allocating Oculus 3200 x 1600 rendertarget swapchain
[2022.04.05-12.09.15:641][506]PIE: New page: PIE session: VRTemplateMap (Apr 5, 2022, 4:09:15 PM)
[2022.04.05-12.09.15:641][506]LogPlayLevel: Creating play world package: /Game/VRTemplate/Maps/UEDPIE_0_VRTemplateMap
[2022.04.05-12.09.15:664][506]LogPlayLevel: PIE: StaticDuplicateObject took: (0.023567s)
[2022.04.05-12.09.15:665][506]LogAIModule: Creating AISystem for world VRTemplateMap
[2022.04.05-12.09.15:665][506]LogPlayLevel: PIE: World Init took: (0.000985s)
[2022.04.05-12.09.15:665][506]LogPlayLevel: PIE: Created PIE world by copying editor world from /Game/VRTemplate/Maps/VRTemplateMap.VRTemplateMap to /Game/VRTemplate/Maps/UEDPIE_0_VRTemplateMap.VRTemplateMap (0.024762s)
[2022.04.05-12.09.15:703][506]LogUObjectHash: Compacting FUObjectHashTables data took   3.59ms
[2022.04.05-12.09.15:705][506]LogAudio: Display: Creating Audio Device:                 Id: 25, Scope: Unique, Realtime: True
[2022.04.05-12.09.15:705][506]LogAudioMixer: Display: Audio Mixer Platform Settings:
[2022.04.05-12.09.15:705][506]LogAudioMixer: Display: 	Sample Rate:						  48000
[2022.04.05-12.09.15:705][506]LogAudioMixer: Display: 	Callback Buffer Frame Size Requested: 1024
[2022.04.05-12.09.15:705][506]LogAudioMixer: Display: 	Callback Buffer Frame Size To Use:	  1024
[2022.04.05-12.09.15:705][506]LogAudioMixer: Display: 	Number of buffers to queue:			  1
[2022.04.05-12.09.15:705][506]LogAudioMixer: Display: 	Max Channels (voices):				  0
[2022.04.05-12.09.15:705][506]LogAudioMixer: Display: 	Number of Async Source Workers:		  4
[2022.04.05-12.09.15:705][506]LogAudio: Display: AudioDevice MaxSources: 32
[2022.04.05-12.09.15:705][506]LogAudio: Display: Audio Spatialization Plugin: Resonance Audio is external send: 1
[2022.04.05-12.09.15:705][506]LogAudio: Display: Audio Reverb Plugin: Resonance Audio
[2022.04.05-12.09.15:705][506]LogAudio: Display: Audio Occlusion Plugin: None (built-in).
[2022.04.05-12.09.15:705][506]LogAudioMixer: Display: Initializing audio mixer.
[2022.04.05-12.09.15:706][506]LogAudioMixer: Display: 0: FrontLeft
[2022.04.05-12.09.15:706][506]LogAudioMixer: Display: 1: FrontRight
[2022.04.05-12.09.15:707][506]LogAudioMixer: Display: 0: FrontLeft
[2022.04.05-12.09.15:707][506]LogAudioMixer: Display: 1: FrontRight
[2022.04.05-12.09.15:707][506]LogAudioMixer: Display: 0: FrontLeft
[2022.04.05-12.09.15:707][506]LogAudioMixer: Display: 1: FrontRight
[2022.04.05-12.09.15:708][506]LogAudioMixer: Display: 0: FrontLeft
[2022.04.05-12.09.15:708][506]LogAudioMixer: Display: 1: FrontRight
[2022.04.05-12.09.15:712][506]LogAudioMixer: Display: Using Audio Device Headphones (Oculus Virtual Audio Device)
[2022.04.05-12.09.15:713][506]LogAudioMixer: Display: Initializing Sound Submixes...
[2022.04.05-12.09.15:713][506]LogAudioMixer: Display: Creating Master Submix 'MasterSubmixDefault'
[2022.04.05-12.09.15:713][506]LogAudioMixer: Display: Creating Master Submix 'MasterReverbSubmixDefault'
[2022.04.05-12.09.15:713][506]LogAudioMixer: Display: Creating Master Submix 'MasterEQSubmixDefault'
[2022.04.05-12.09.15:713][506]LogAudioMixer: FMixerPlatformXAudio2::StartAudioStream() called
[2022.04.05-12.09.15:713][506]LogAudioMixer: Display: Output buffers initialized: Frames=1024, Channels=2, Samples=2048
[2022.04.05-12.09.15:715][506]LogAudioMixer: Display: Starting AudioMixerPlatformInterface::RunInternal()
[2022.04.05-12.09.15:715][506]LogAudioMixer: Display: FMixerPlatformXAudio2::SubmitBuffer() called for the first time
[2022.04.05-12.09.15:715][506]LogInit: FAudioDevice initialized.
[2022.04.05-12.09.15:715][506]LogAudio: Display: Audio Device (ID: 25) registered with world 'VRTemplateMap'.
[2022.04.05-12.09.15:725][506]LogSlate: Updating window title bar state: overlay mode, drag disabled, window buttons hidden, title bar hidden
[2022.04.05-12.09.15:742][506]LogHMD: Allocating Oculus 3648 x 1840 rendertarget swapchain
[2022.04.05-12.09.15:774][506]LogLoad: Game class is 'VRGameMode_C'
[2022.04.05-12.09.15:782][506]LogWorld: Bringing World /Game/VRTemplate/Maps/UEDPIE_0_VRTemplateMap.VRTemplateMap up for play (max tick rate 0) at 2022.04.05-14.09.15
[2022.04.05-12.09.15:782][506]LogWorld: Bringing up level for play took: 0.008256
[2022.04.05-12.09.15:782][506]LogOnline: OSS: Creating online subsystem instance for: :Context_47
[2022.04.05-12.09.15:785][506]LogSpawn: Warning: SpawnActor failed because no class was specified
[2022.04.05-12.09.15:786][506]LogSlate: New Slate User Created.  User Index 8, Is Virtual User: 1
[2022.04.05-12.09.15:787][506]LogSlate: Slate User Registered.  User Index 8, Is Virtual User: 1
[2022.04.05-12.09.15:795][506]PIE: Server logged in
[2022.04.05-12.09.15:796][506]PIE: Play in editor total start time 0.296 seconds.
[2022.04.05-12.09.15:797][506]LogEngine: Changing dynamic resolution state.
[2022.04.05-12.09.15:805][506]LogResonanceAudio: Display: Resonance Audio Listener is initialized
[2022.04.05-12.09.15:808][506]LogHMD: Allocating Oculus 3648 x 1840 depth rendertarget swapchain
[2022.04.05-12.09.29:385][969]LogSlate: Updating window title bar state: overlay mode, drag disabled, window buttons hidden, title bar hidden
[2022.04.05-12.09.29:385][969]LogWorld: BeginTearingDown for /Game/VRTemplate/Maps/UEDPIE_0_VRTemplateMap
[2022.04.05-12.09.29:408][969]LogSlate: Window 'P8_VR_Home Preview [NetMode: Standalone]  (64-bit/Windows) OculusHMD' being destroyed
[2022.04.05-12.09.29:445][969]LogWorld: UWorld::CleanupWorld for VRTemplateMap, bSessionEnded=true, bCleanupResources=true
[2022.04.05-12.09.29:446][969]LogSlate: InvalidateAllWidgets triggered.  All widgets were invalidated
[2022.04.05-12.09.29:462][969]LogPlayLevel: Display: Shutting down PIE online subsystems
[2022.04.05-12.09.29:479][969]LogSlate: InvalidateAllWidgets triggered.  All widgets were invalidated
[2022.04.05-12.09.29:518][969]LogAudio: Display: Audio Device unregistered from world 'None'.
[2022.04.05-12.09.29:518][969]LogResonanceAudio: Display: Resonance Audio Listener is shutdown
[2022.04.05-12.09.29:518][969]LogAudioMixer: FMixerPlatformXAudio2::StopAudioStream() called
[2022.04.05-12.09.29:520][969]LogAudioMixer: FMixerPlatformXAudio2::StopAudioStream() called
[2022.04.05-12.09.29:524][969]LogSlate: Slate User Unregistered.  User Index 8
[2022.04.05-12.09.29:524][969]LogSlate: Slate User Destroyed.  User Index 8, Is Virtual User: 1
[2022.04.05-12.09.29:528][969]LogUObjectHash: Compacting FUObjectHashTables data took   2.95ms
[2022.04.05-12.09.29:559][970]LogPlayLevel: Display: Destroying online subsystem :Context_47
[2022.04.05-12.09.29:885][970]LogEngine: Changing dynamic resolution state.
[2022.04.05-12.09.31:772][ 54]Cmd: TRANSACTION UNDO
[2022.04.05-12.09.31:772][ 54]LogEditorTransaction: Undo Clicking on Actors
[2022.04.05-12.09.33:377][120]Cmd: TRANSACTION UNDO
[2022.04.05-12.09.33:377][120]LogEditorTransaction: Undo Edit 0
[2022.04.05-12.09.35:351][213]Cmd: TRANSACTION UNDO
[2022.04.05-12.09.35:351][213]LogEditorTransaction: Undo Clicking on Component (tree view)
[2022.04.05-12.09.39:231][395]Cmd: TRANSACTION UNDO
[2022.04.05-12.09.39:231][395]LogEditorTransaction: Undo Clicking on Component (tree view)
[2022.04.05-12.09.39:962][419]Cmd: TRANSACTION UNDO
[2022.04.05-12.09.39:962][419]LogEditorTransaction: Undo Clicking on Actors
[2022.04.05-12.09.45:462][675]LogEditorViewport: Clicking on Actor (LMB): Flap_C (Flap)
[2022.04.05-12.09.59:170][330]LogEditorViewport: Clicking on Actor (LMB): StaticMeshActor (Group_364_66)
[2022.04.05-12.10.14:778][ 67]LogSlate: Prevented a slow task dialog from being summoned while a context menu was open
[2022.04.05-12.10.14:797][ 67]LogEditorClassViewer: Warning: Class /Engine/Tutorial/InWorldBlueprintEditing/TutorialAssets/IWBE_Blutility.IWBE_Blutility_C has parent /Script/Blutility.PlacedEditorUtilityBase, but this parent is not found. The Class will not be shown in ClassViewer.
[2022.04.05-12.10.20:278][329]LogBlueprint: Warning: Reparenting blueprint Blueprint /Game/FirstPersonBP/MyStuff/Flap.Flap from Actor to StaticMeshActor...
[2022.04.05-12.10.20:284][329]BlueprintLog: New page: Compile Flap
[2022.04.05-12.10.20:338][329]LogUObjectHash: Compacting FUObjectHashTables data took   3.79ms
[2022.04.05-12.10.31:741][863]LogEditorViewport: Clicking on Actor (LMB): StaticMeshActor (Group43_2)
[2022.04.05-12.10.32:926][919]Cmd: CAMERA ALIGN ACTIVEVIEWPORTONLY
[2022.04.05-12.10.37:069][116]LogEditorViewport: Clicking on Actor (LMB): StaticMeshActor (Group43_2)
[2022.04.05-12.10.37:693][146]LogEditorViewport: Clicking on Actor (LMB): StaticMeshActor (Group43_2)
[2022.04.05-12.10.38:095][165]LogEditorViewport: Clicking on Actor (LMB): StaticMeshActor (Group43_2)
[2022.04.05-12.10.38:440][182]LogEditorViewport: Clicking on Actor (LMB): StaticMeshActor (Group43_2)
[2022.04.05-12.10.39:767][243]EditorErrors: New page: Actor attachment
[2022.04.05-12.10.42:585][379]Cmd: CAMERA ALIGN ACTIVEVIEWPORTONLY
[2022.04.05-12.10.45:646][526]Cmd: TRANSACTION UNDO
[2022.04.05-12.10.45:646][526]LogEditorTransaction: Undo Clicking on Actors
[2022.04.05-12.10.46:253][543]Cmd: TRANSACTION UNDO
[2022.04.05-12.10.46:253][543]LogEditorTransaction: Undo Clicking on Actors
[2022.04.05-12.10.46:799][569]Cmd: TRANSACTION UNDO
[2022.04.05-12.10.46:799][569]LogEditorTransaction: Undo Clicking on Actors
[2022.04.05-12.10.47:341][595]Cmd: TRANSACTION UNDO
[2022.04.05-12.10.47:341][595]LogEditorTransaction: Undo Attach actors
[2022.04.05-12.10.51:591][798]LogEditorViewport: Clicking on Actor (LMB): StaticMeshActor (Group43_2)
[2022.04.05-12.11.08:766][619]LogEditorViewport: Clicking on Actor (LMB): Flap_C (Flap2)
[2022.04.05-12.11.36:554][937]LogEditorViewport: Clicking on Actor (LMB): StaticMeshActor (Group_364_80)
[2022.04.05-12.11.40:554][124]LogEditorViewport: Clicking on Actor (LMB): Flap_C (Flap2)
[2022.04.05-12.11.57:029][897]Cmd: TRANSACTION UNDO
[2022.04.05-12.11.57:029][897]LogEditorTransaction: Undo Move Actors
[2022.04.05-12.12.08:009][399]LogTemp: Repeating last play command: VR Preview
[2022.04.05-12.12.08:016][399]LogPlayLevel: PlayLevel: No blueprints needed recompiling
[2022.04.05-12.12.08:016][399]LogHMD: Initializing OVRPlugin session
[2022.04.05-12.12.08:151][399]LogHMD: Allocating Oculus 3200 x 1600 rendertarget swapchain
[2022.04.05-12.12.08:152][399]PIE: New page: PIE session: VRTemplateMap (Apr 5, 2022, 4:12:08 PM)
[2022.04.05-12.12.08:152][399]LogPlayLevel: Creating play world package: /Game/VRTemplate/Maps/UEDPIE_0_VRTemplateMap
[2022.04.05-12.12.08:177][399]LogPlayLevel: PIE: StaticDuplicateObject took: (0.023944s)
[2022.04.05-12.12.08:178][399]LogAIModule: Creating AISystem for world VRTemplateMap
[2022.04.05-12.12.08:178][399]LogPlayLevel: PIE: World Init took: (0.000917s)
[2022.04.05-12.12.08:178][399]LogPlayLevel: PIE: Created PIE world by copying editor world from /Game/VRTemplate/Maps/VRTemplateMap.VRTemplateMap to /Game/VRTemplate/Maps/UEDPIE_0_VRTemplateMap.VRTemplateMap (0.025005s)
[2022.04.05-12.12.08:216][399]LogUObjectHash: Compacting FUObjectHashTables data took   2.56ms
[2022.04.05-12.12.08:218][399]LogAudio: Display: Creating Audio Device:                 Id: 26, Scope: Unique, Realtime: True
[2022.04.05-12.12.08:218][399]LogAudioMixer: Display: Audio Mixer Platform Settings:
[2022.04.05-12.12.08:218][399]LogAudioMixer: Display: 	Sample Rate:						  48000
[2022.04.05-12.12.08:218][399]LogAudioMixer: Display: 	Callback Buffer Frame Size Requested: 1024
[2022.04.05-12.12.08:218][399]LogAudioMixer: Display: 	Callback Buffer Frame Size To Use:	  1024
[2022.04.05-12.12.08:218][399]LogAudioMixer: Display: 	Number of buffers to queue:			  1
[2022.04.05-12.12.08:218][399]LogAudioMixer: Display: 	Max Channels (voices):				  0
[2022.04.05-12.12.08:218][399]LogAudioMixer: Display: 	Number of Async Source Workers:		  4
[2022.04.05-12.12.08:218][399]LogAudio: Display: AudioDevice MaxSources: 32
[2022.04.05-12.12.08:218][399]LogAudio: Display: Audio Spatialization Plugin: Resonance Audio is external send: 1
[2022.04.05-12.12.08:218][399]LogAudio: Display: Audio Reverb Plugin: Resonance Audio
[2022.04.05-12.12.08:218][399]LogAudio: Display: Audio Occlusion Plugin: None (built-in).
[2022.04.05-12.12.08:218][399]LogAudioMixer: Display: Initializing audio mixer.
[2022.04.05-12.12.08:219][399]LogAudioMixer: Display: 0: FrontLeft
[2022.04.05-12.12.08:219][399]LogAudioMixer: Display: 1: FrontRight
[2022.04.05-12.12.08:220][399]LogAudioMixer: Display: 0: FrontLeft
[2022.04.05-12.12.08:220][399]LogAudioMixer: Display: 1: FrontRight
[2022.04.05-12.12.08:220][399]LogAudioMixer: Display: 0: FrontLeft
[2022.04.05-12.12.08:220][399]LogAudioMixer: Display: 1: FrontRight
[2022.04.05-12.12.08:221][399]LogAudioMixer: Display: 0: FrontLeft
[2022.04.05-12.12.08:221][399]LogAudioMixer: Display: 1: FrontRight
[2022.04.05-12.12.08:225][399]LogAudioMixer: Display: Using Audio Device Headphones (Oculus Virtual Audio Device)
[2022.04.05-12.12.08:225][399]LogAudioMixer: Display: Initializing Sound Submixes...
[2022.04.05-12.12.08:225][399]LogAudioMixer: Display: Creating Master Submix 'MasterSubmixDefault'
[2022.04.05-12.12.08:225][399]LogAudioMixer: Display: Creating Master Submix 'MasterReverbSubmixDefault'
[2022.04.05-12.12.08:225][399]LogAudioMixer: Display: Creating Master Submix 'MasterEQSubmixDefault'
[2022.04.05-12.12.08:225][399]LogAudioMixer: FMixerPlatformXAudio2::StartAudioStream() called
[2022.04.05-12.12.08:225][399]LogAudioMixer: Display: Output buffers initialized: Frames=1024, Channels=2, Samples=2048
[2022.04.05-12.12.08:226][399]LogAudioMixer: Display: Starting AudioMixerPlatformInterface::RunInternal()
[2022.04.05-12.12.08:226][399]LogAudioMixer: Display: FMixerPlatformXAudio2::SubmitBuffer() called for the first time
[2022.04.05-12.12.08:226][399]LogInit: FAudioDevice initialized.
[2022.04.05-12.12.08:226][399]LogAudio: Display: Audio Device (ID: 26) registered with world 'VRTemplateMap'.
[2022.04.05-12.12.08:239][399]LogSlate: Updating window title bar state: overlay mode, drag disabled, window buttons hidden, title bar hidden
[2022.04.05-12.12.08:253][399]LogHMD: Allocating Oculus 3648 x 1840 rendertarget swapchain
[2022.04.05-12.12.08:279][399]LogLoad: Game class is 'VRGameMode_C'
[2022.04.05-12.12.08:288][399]LogWorld: Bringing World /Game/VRTemplate/Maps/UEDPIE_0_VRTemplateMap.VRTemplateMap up for play (max tick rate 0) at 2022.04.05-14.12.08
[2022.04.05-12.12.08:288][399]LogWorld: Bringing up level for play took: 0.008226
[2022.04.05-12.12.08:289][399]LogOnline: OSS: Creating online subsystem instance for: :Context_48
[2022.04.05-12.12.08:291][399]LogSpawn: Warning: SpawnActor failed because no class was specified
[2022.04.05-12.12.08:292][399]LogSlate: New Slate User Created.  User Index 8, Is Virtual User: 1
[2022.04.05-12.12.08:294][399]LogSlate: Slate User Registered.  User Index 8, Is Virtual User: 1
[2022.04.05-12.12.08:308][399]PIE: Server logged in
[2022.04.05-12.12.08:310][399]PIE: Play in editor total start time 0.293 seconds.
[2022.04.05-12.12.08:310][399]LogEngine: Changing dynamic resolution state.
[2022.04.05-12.12.08:319][399]LogResonanceAudio: Display: Resonance Audio Listener is initialized
[2022.04.05-12.12.08:339][399]LogHMD: Allocating Oculus 3648 x 1840 depth rendertarget swapchain
[2022.04.05-12.12.40:033][594]LogSlate: Updating window title bar state: overlay mode, drag disabled, window buttons hidden, title bar hidden
[2022.04.05-12.12.40:033][594]LogWorld: BeginTearingDown for /Game/VRTemplate/Maps/UEDPIE_0_VRTemplateMap
[2022.04.05-12.12.40:057][594]LogSlate: Window 'P8_VR_Home Preview [NetMode: Standalone]  (64-bit/Windows) OculusHMD' being destroyed
[2022.04.05-12.12.40:107][594]LogWorld: UWorld::CleanupWorld for VRTemplateMap, bSessionEnded=true, bCleanupResources=true
[2022.04.05-12.12.40:108][594]LogSlate: InvalidateAllWidgets triggered.  All widgets were invalidated
[2022.04.05-12.12.40:116][594]LogPlayLevel: Display: Shutting down PIE online subsystems
[2022.04.05-12.12.40:134][594]LogSlate: InvalidateAllWidgets triggered.  All widgets were invalidated
[2022.04.05-12.12.40:170][594]LogAudio: Display: Audio Device unregistered from world 'None'.
[2022.04.05-12.12.40:170][594]LogResonanceAudio: Display: Resonance Audio Listener is shutdown
[2022.04.05-12.12.40:170][594]LogAudioMixer: FMixerPlatformXAudio2::StopAudioStream() called
[2022.04.05-12.12.40:172][594]LogAudioMixer: FMixerPlatformXAudio2::StopAudioStream() called
[2022.04.05-12.12.40:177][594]LogSlate: Slate User Unregistered.  User Index 8
[2022.04.05-12.12.40:178][594]LogSlate: Slate User Destroyed.  User Index 8, Is Virtual User: 1
[2022.04.05-12.12.40:181][594]LogUObjectHash: Compacting FUObjectHashTables data took   2.67ms
[2022.04.05-12.12.40:215][595]LogPlayLevel: Display: Destroying online subsystem :Context_48
[2022.04.05-12.12.40:223][595]LogEngine: Changing dynamic resolution state.
[2022.04.05-12.12.48:461][975]LogEditorViewport: Clicking on Actor (LMB): StaticMeshActor (Group43_2)
[2022.04.05-12.12.55:792][322]Cmd: TRANSACTION UNDO
[2022.04.05-12.12.55:792][322]LogEditorTransaction: Undo Move Actors
[2022.04.05-12.13.02:258][616]Cmd: TRANSACTION UNDO
[2022.04.05-12.13.02:258][616]LogEditorTransaction: Undo Move Actors
[2022.04.05-12.13.10:052][978]LogEditorViewport: Clicking on Actor (LMB): Flap_C (Flap)
[2022.04.05-12.13.48:847][798]LogUObjectHash: Compacting FUObjectHashTables data took   2.62ms
[2022.04.05-12.13.48:943][798]LogSavePackage: Moving '../../../../../../Users/dmock/Unreal projects/P8/P8ToBeAnnounced/P8_VR_Home/Saved/VRTemplateMap_Auto7304F9CDA4353F5CBEC2C0D9AAB8E1E76.tmp' to '../../../../../../Users/dmock/Unreal projects/P8/P8ToBeAnnounced/P8_VR_Home/Saved/Autosaves/Game/VRTemplate/Maps/VRTemplateMap_Auto7.umap'
[2022.04.05-12.13.48:945][798]LogFileHelpers: Editor autosave (incl. external actors) for '/Game/VRTemplate/Maps/VRTemplateMap' took 0.130
[2022.04.05-12.13.48:945][798]LogFileHelpers: Editor autosave (incl. sublevels & external actors) for all levels took 0.130
[2022.04.05-12.13.48:945][798]OBJ SavePackage: Generating thumbnails for [2] asset(s) in package [/Game/FirstPersonBP/MyStuff/Flap] ([4] browsable assets)...
[2022.04.05-12.13.48:959][798]OBJ SavePackage:     Rendered thumbnail for [Blueprint /Game/FirstPersonBP/MyStuff/Flap.Flap]
[2022.04.05-12.13.48:965][798]OBJ SavePackage:     Rendered thumbnail for [Blueprint /Game/FirstPersonBP/MyStuff/Flap.Flap]
[2022.04.05-12.13.48:965][798]OBJ SavePackage: Finished generating thumbnails for package [/Game/FirstPersonBP/MyStuff/Flap]
[2022.04.05-12.13.48:971][798]LogSavePackage: Moving '../../../../../../Users/dmock/Unreal projects/P8/P8ToBeAnnounced/P8_VR_Home/Saved/Flap_Auto772C8155845A473C55BC36896C975C368.tmp' to '../../../../../../Users/dmock/Unreal projects/P8/P8ToBeAnnounced/P8_VR_Home/Saved/Autosaves/Game/FirstPersonBP/MyStuff/Flap_Auto7.uasset'
[2022.04.05-12.13.48:972][798]OBJ SavePackage: Generating thumbnails for [2] asset(s) in package [/Game/FirstPersonBP/MyStuff/BlindsButton] ([2] browsable assets)...
[2022.04.05-12.13.48:979][798]OBJ SavePackage:     Rendered thumbnail for [Blueprint /Game/FirstPersonBP/MyStuff/BlindsButton.BlindsButton]
[2022.04.05-12.13.48:979][798]OBJ SavePackage: Finished generating thumbnails for package [/Game/FirstPersonBP/MyStuff/BlindsButton]
[2022.04.05-12.13.48:987][798]LogSavePackage: Moving '../../../../../../Users/dmock/Unreal projects/P8/P8ToBeAnnounced/P8_VR_Home/Saved/BlindsButton_Auto742F7558245C8DD8DA2C71C95B84E4D84.tmp' to '../../../../../../Users/dmock/Unreal projects/P8/P8ToBeAnnounced/P8_VR_Home/Saved/Autosaves/Game/FirstPersonBP/MyStuff/BlindsButton_Auto7.uasset'
[2022.04.05-12.13.48:988][798]OBJ SavePackage: Generating thumbnails for [2] asset(s) in package [/Game/FirstPersonBP/MyStuff/VentsButton] ([4] browsable assets)...
[2022.04.05-12.13.48:995][798]OBJ SavePackage:     Rendered thumbnail for [Blueprint /Game/FirstPersonBP/MyStuff/VentsButton.VentsButton]
[2022.04.05-12.13.49:002][798]OBJ SavePackage:     Rendered thumbnail for [Blueprint /Game/FirstPersonBP/MyStuff/VentsButton.VentsButton]
[2022.04.05-12.13.49:002][798]OBJ SavePackage: Finished generating thumbnails for package [/Game/FirstPersonBP/MyStuff/VentsButton]
[2022.04.05-12.13.49:010][798]LogSavePackage: Moving '../../../../../../Users/dmock/Unreal projects/P8/P8ToBeAnnounced/P8_VR_Home/Saved/VentsButton_Auto750C68AD3424F9DBE249E289331462492.tmp' to '../../../../../../Users/dmock/Unreal projects/P8/P8ToBeAnnounced/P8_VR_Home/Saved/Autosaves/Game/FirstPersonBP/MyStuff/VentsButton_Auto7.uasset'
[2022.04.05-12.13.49:013][798]OBJ SavePackage: Generating thumbnails for [0] asset(s) in package [/Game/ScriptsBluePrints/ShutterHandle] ([2] browsable assets)...
[2022.04.05-12.13.49:013][798]OBJ SavePackage: Finished generating thumbnails for package [/Game/ScriptsBluePrints/ShutterHandle]
[2022.04.05-12.13.49:021][798]LogSavePackage: Moving '../../../../../../Users/dmock/Unreal projects/P8/P8ToBeAnnounced/P8_VR_Home/Saved/ShutterHandle_Auto7E113FB854429CF8D7E1BC99D0B2E0A96.tmp' to '../../../../../../Users/dmock/Unreal projects/P8/P8ToBeAnnounced/P8_VR_Home/Saved/Autosaves/Game/ScriptsBluePrints/ShutterHandle_Auto7.uasset'
[2022.04.05-12.13.49:022][798]OBJ SavePackage: Generating thumbnails for [0] asset(s) in package [/Game/ScriptsBluePrints/rotate_logic] ([2] browsable assets)...
[2022.04.05-12.13.49:022][798]OBJ SavePackage: Finished generating thumbnails for package [/Game/ScriptsBluePrints/rotate_logic]
[2022.04.05-12.13.49:030][798]LogSavePackage: Moving '../../../../../../Users/dmock/Unreal projects/P8/P8ToBeAnnounced/P8_VR_Home/Saved/rotate_logic_Auto78D18A22A466D8640338CDBAEF4E691C7.tmp' to '../../../../../../Users/dmock/Unreal projects/P8/P8ToBeAnnounced/P8_VR_Home/Saved/Autosaves/Game/ScriptsBluePrints/rotate_logic_Auto7.uasset'
[2022.04.05-12.13.49:032][798]LogFileHelpers: Auto-saving content packages took 0.087
[2022.04.05-12.15.59:626][946]BlueprintLog: New page: Compile rotate_logic
[2022.04.05-12.15.59:691][946]LogUObjectHash: Compacting FUObjectHashTables data took   3.34ms
[2022.04.05-12.16.06:018][247]LogEditorTransaction: Undo Delete current selection
[2022.04.05-12.16.06:226][253]LogEditorTransaction: Undo Delete current selection
[2022.04.05-12.16.10:855][462]LogEditorTransaction: Undo Move Node
[2022.04.05-12.16.15:335][656]BlueprintLog: New page: Compile rotate_logic
[2022.04.05-12.16.15:395][656]LogUObjectHash: Compacting FUObjectHashTables data took   3.27ms
[2022.04.05-12.18.42:100][703]LogEditorTransaction: Undo Modify Component(s)
[2022.04.05-12.18.48:347][974]LogEditorTransaction: Undo Modify Component(s)
[2022.04.05-12.20.34:720][ 70]BlueprintLog: New page: Compile VentsButton
[2022.04.05-12.20.34:775][ 70]LogUObjectHash: Compacting FUObjectHashTables data took   3.25ms
[2022.04.05-12.21.00:319][276]BlueprintLog: New page: Compile BlindsButton
[2022.04.05-12.21.00:372][276]LogUObjectHash: Compacting FUObjectHashTables data took   3.53ms
[2022.04.05-12.24.13:477][502]LogUObjectHash: Compacting FUObjectHashTables data took   4.00ms
[2022.04.05-12.24.13:569][502]LogSavePackage: Moving '../../../../../../Users/dmock/Unreal projects/P8/P8ToBeAnnounced/P8_VR_Home/Saved/VRTemplateMap_Auto8F89648C547818088580095A0834FF6D6.tmp' to '../../../../../../Users/dmock/Unreal projects/P8/P8ToBeAnnounced/P8_VR_Home/Saved/Autosaves/Game/VRTemplate/Maps/VRTemplateMap_Auto8.umap'
[2022.04.05-12.24.13:571][502]LogFileHelpers: Editor autosave (incl. external actors) for '/Game/VRTemplate/Maps/VRTemplateMap' took 0.140
[2022.04.05-12.24.13:571][502]LogFileHelpers: Editor autosave (incl. sublevels & external actors) for all levels took 0.140
[2022.04.05-12.24.13:571][502]OBJ SavePackage: Generating thumbnails for [2] asset(s) in package [/Game/ScriptsBluePrints/DoorsAndClosets2/Door] ([2] browsable assets)...
[2022.04.05-12.24.13:598][502]OBJ SavePackage:     Rendered thumbnail for [Blueprint /Game/ScriptsBluePrints/DoorsAndClosets2/Door.Door]
[2022.04.05-12.24.13:598][502]OBJ SavePackage: Finished generating thumbnails for package [/Game/ScriptsBluePrints/DoorsAndClosets2/Door]
[2022.04.05-12.24.13:614][502]LogSavePackage: Moving '../../../../../../Users/dmock/Unreal projects/P8/P8ToBeAnnounced/P8_VR_Home/Saved/Door_Auto84CCC131447B60770DA40DFAAD8769933.tmp' to '../../../../../../Users/dmock/Unreal projects/P8/P8ToBeAnnounced/P8_VR_Home/Saved/Autosaves/Game/ScriptsBluePrints/DoorsAndClosets2/Door_Auto8.uasset'
[2022.04.05-12.24.13:615][502]OBJ SavePackage: Generating thumbnails for [2] asset(s) in package [/Game/FirstPersonBP/MyStuff/Flap] ([4] browsable assets)...
[2022.04.05-12.24.13:624][502]OBJ SavePackage:     Rendered thumbnail for [Blueprint /Game/FirstPersonBP/MyStuff/Flap.Flap]
[2022.04.05-12.24.13:630][502]OBJ SavePackage:     Rendered thumbnail for [Blueprint /Game/FirstPersonBP/MyStuff/Flap.Flap]
[2022.04.05-12.24.13:632][502]OBJ SavePackage: Finished generating thumbnails for package [/Game/FirstPersonBP/MyStuff/Flap]
[2022.04.05-12.24.13:638][502]LogSavePackage: Moving '../../../../../../Users/dmock/Unreal projects/P8/P8ToBeAnnounced/P8_VR_Home/Saved/Flap_Auto8568FAB91457FCF77C72F5EA57ABA4630.tmp' to '../../../../../../Users/dmock/Unreal projects/P8/P8ToBeAnnounced/P8_VR_Home/Saved/Autosaves/Game/FirstPersonBP/MyStuff/Flap_Auto8.uasset'
[2022.04.05-12.24.13:639][502]OBJ SavePackage: Generating thumbnails for [2] asset(s) in package [/Game/FirstPersonBP/MyStuff/BlindsButton] ([2] browsable assets)...
[2022.04.05-12.24.13:645][502]OBJ SavePackage:     Rendered thumbnail for [Blueprint /Game/FirstPersonBP/MyStuff/BlindsButton.BlindsButton]
[2022.04.05-12.24.13:645][502]OBJ SavePackage: Finished generating thumbnails for package [/Game/FirstPersonBP/MyStuff/BlindsButton]
[2022.04.05-12.24.13:655][502]LogSavePackage: Moving '../../../../../../Users/dmock/Unreal projects/P8/P8ToBeAnnounced/P8_VR_Home/Saved/BlindsButton_Auto8F0158C894DD3210DFB2A8E925A31DB03.tmp' to '../../../../../../Users/dmock/Unreal projects/P8/P8ToBeAnnounced/P8_VR_Home/Saved/Autosaves/Game/FirstPersonBP/MyStuff/BlindsButton_Auto8.uasset'
[2022.04.05-12.24.13:655][502]OBJ SavePackage: Generating thumbnails for [2] asset(s) in package [/Game/FirstPersonBP/MyStuff/VentsButton] ([4] browsable assets)...
[2022.04.05-12.24.13:662][502]OBJ SavePackage:     Rendered thumbnail for [Blueprint /Game/FirstPersonBP/MyStuff/VentsButton.VentsButton]
[2022.04.05-12.24.13:667][502]OBJ SavePackage:     Rendered thumbnail for [Blueprint /Game/FirstPersonBP/MyStuff/VentsButton.VentsButton]
[2022.04.05-12.24.13:667][502]OBJ SavePackage: Finished generating thumbnails for package [/Game/FirstPersonBP/MyStuff/VentsButton]
[2022.04.05-12.24.13:675][502]LogSavePackage: Moving '../../../../../../Users/dmock/Unreal projects/P8/P8ToBeAnnounced/P8_VR_Home/Saved/VentsButton_Auto82E48C8B8455C0D8D81FB04A712360767.tmp' to '../../../../../../Users/dmock/Unreal projects/P8/P8ToBeAnnounced/P8_VR_Home/Saved/Autosaves/Game/FirstPersonBP/MyStuff/VentsButton_Auto8.uasset'
[2022.04.05-12.24.13:676][502]OBJ SavePackage: Generating thumbnails for [0] asset(s) in package [/Game/ScriptsBluePrints/ShutterHandle] ([2] browsable assets)...
[2022.04.05-12.24.13:676][502]OBJ SavePackage: Finished generating thumbnails for package [/Game/ScriptsBluePrints/ShutterHandle]
[2022.04.05-12.24.13:681][502]LogSavePackage: Moving '../../../../../../Users/dmock/Unreal projects/P8/P8ToBeAnnounced/P8_VR_Home/Saved/ShutterHandle_Auto84DFFA2064088B880DFF3DE88EE624DE8.tmp' to '../../../../../../Users/dmock/Unreal projects/P8/P8ToBeAnnounced/P8_VR_Home/Saved/Autosaves/Game/ScriptsBluePrints/ShutterHandle_Auto8.uasset'
[2022.04.05-12.24.13:683][502]OBJ SavePackage: Generating thumbnails for [0] asset(s) in package [/Game/ScriptsBluePrints/rotate_logic] ([2] browsable assets)...
[2022.04.05-12.24.13:683][502]OBJ SavePackage: Finished generating thumbnails for package [/Game/ScriptsBluePrints/rotate_logic]
[2022.04.05-12.24.13:692][502]LogSavePackage: Moving '../../../../../../Users/dmock/Unreal projects/P8/P8ToBeAnnounced/P8_VR_Home/Saved/rotate_logic_Auto89957E9044899720FB338ACB7930ACC8D.tmp' to '../../../../../../Users/dmock/Unreal projects/P8/P8ToBeAnnounced/P8_VR_Home/Saved/Autosaves/Game/ScriptsBluePrints/rotate_logic_Auto8.uasset'
[2022.04.05-12.24.13:692][502]LogFileHelpers: Auto-saving content packages took 0.121
[2022.04.05-12.24.34:341][461]LogUObjectHash: Warning: Ambiguous path search, could be BlueprintGeneratedClass /Game/ScriptsBluePrints/DoorsAndClosets2/Grab.Grab_C or BlueprintGeneratedClass /Game/ScriptsBluePrints/Grab.Grab_C
[2022.04.05-12.24.34:341][461]LogUObjectHash: Warning: Ambiguous path search, could be BlueprintGeneratedClass /Game/ScriptsBluePrints/DoorsAndClosets2/Grab.SKEL_Grab_C or BlueprintGeneratedClass /Game/ScriptsBluePrints/Grab.SKEL_Grab_C
[2022.04.05-12.26.32:973][956]LogEditorTransaction: Undo Move Nodes
[2022.04.05-12.26.38:443][202]LogD3D11RHI: Error: SwapChain->ResizeBuffers(0, SizeX, SizeY, RenderTargetFormat, SwapChainFlags) failed 
 at D:/Build/++UE4/Sync/Engine/Source/Runtime/Windows/D3D11RHI/Private/D3D11Viewport.cpp:298 
 with error DXGI_ERROR_DEVICE_REMOVED, 
 (Size=2561x1356 Fullscreen=0 Format=DXGI_FORMAT_R10G10B10A2_UNORM(0x00000018)) -> (Size=1164x617 Fullscreen=0 Format=DXGI_FORMAT_R10G10B10A2_UNORM(0x00000018))
[2022.04.05-12.26.38:443][202]LogD3D11RHI: [Aftermath] GDynamicRHI=000001DE22D6CA80, GDX11NVAfterMathEnabled=0, Result=0xFFFFFFFF, bDeviceActive=0
[2022.04.05-12.26.38:443][202]LogOutputDevice: Warning: 

Script Stack (0 frames):

[2022.04.05-12.26.38:444][202]LogWindows: Windows GetLastError: The operation completed successfully. (0)
[2022.04.05-12.26.40:192][202]LogWindows: FPlatformMisc::RequestExit(0)
[2022.04.05-12.26.40:192][202]LogWindows: FPlatformMisc::RequestExitWithStatus(0, 0)
[2022.04.05-12.26.40:192][202]LogCore: Engine exit requested (reason: Win RequestExit)
[2022.04.05-12.26.40:194][202]LogWindows: FPlatformMisc::RequestExit(1)
[2022.04.05-12.26.40:194][202]LogWindows: FPlatformMisc::RequestExitWithStatus(1, 3)
[2022.04.05-12.26.40:194][202]LogCore: Engine exit requested (reason: Win RequestExit; note: exit was already requested)
[2022.04.05-12.26.40:197][202]Log file closed, 04/05/22 14:26:40
