Log file open, 04/26/22 09:26:19
LogWindows: Failed to load 'aqProf.dll' (GetLastError=126)
LogWindows: File 'aqProf.dll' does not exist
LogWindows: Failed to load 'VtuneApi.dll' (GetLastError=126)
LogWindows: File 'VtuneApi.dll' does not exist
LogWindows: Failed to load 'VtuneApi32e.dll' (GetLastError=126)
LogWindows: File 'VtuneApi32e.dll' does not exist
LogConsoleResponse: Display: Failed to find resolution value strings in scalability ini. Falling back to default.
LogConsoleResponse: Display: Failed to find resolution value strings in scalability ini. Falling back to default.
LogInit: Display: Running engine for game: P8_VR_Home
LogPlatformFile: Not using cached read wrapper
LogTaskGraph: Started task graph with 5 named threads and 47 total threads with 3 sets of task threads.
LogStats: Stats thread started at 0.185721
LogICUInternationalization: ICU TimeZone Detection - Raw Offset: +1:00, Platform Override: ''
LogInit: Display: Loading text-based GConfig....
LogPluginManager: Mounting plugin MeshPainting
LogPluginManager: Mounting plugin XGEController
LogPluginManager: Mounting plugin Paper2D
LogPluginManager: Mounting plugin LiveLink
LogPluginManager: Mounting plugin OodleData
LogPluginManager: Mounting plugin LightPropagationVolume
LogPluginManager: Mounting plugin CameraShakePreviewer
LogPluginManager: Mounting plugin GameplayCameras
LogPluginManager: Mounting plugin OodleNetwork
LogPluginManager: Mounting plugin DataprepEditor
LogPluginManager: Mounting plugin DatasmithContent
LogPluginManager: Mounting plugin DatasmithImporter
LogPluginManager: Mounting plugin AnimationSharing
LogPluginManager: Mounting plugin VariantManager
LogPluginManager: Mounting plugin StaticMeshEditorExtension
LogPluginManager: Mounting plugin KDevelopSourceCodeAccess
LogPluginManager: Mounting plugin CodeLiteSourceCodeAccess
LogPluginManager: Mounting plugin CLionSourceCodeAccess
LogPluginManager: Mounting plugin VariantManagerContent
LogPluginManager: Mounting plugin GitSourceControl
LogPluginManager: Mounting plugin NullSourceCodeAccess
LogPluginManager: Mounting plugin PixWinPlugin
LogPluginManager: Mounting plugin PerforceSourceControl
LogPluginManager: Mounting plugin PluginUtils
LogPluginManager: Mounting plugin PlasticSourceControl
LogPluginManager: Mounting plugin PropertyAccessNode
LogPluginManager: Mounting plugin RiderSourceCodeAccess
LogPluginManager: Mounting plugin SubversionSourceControl
LogPluginManager: Mounting plugin TextureFormatOodle
LogPluginManager: Mounting plugin UObjectPlugin
LogPluginManager: Mounting plugin VisualStudioSourceCodeAccess
LogPluginManager: Mounting plugin Niagara
LogPluginManager: Mounting plugin AndroidMedia
LogPluginManager: Mounting plugin AvfMedia
LogPluginManager: Mounting plugin XCodeSourceCodeAccess
LogPluginManager: Mounting plugin LuminPlatformFeatures
LogPluginManager: Mounting plugin MagicLeap
LogPluginManager: Mounting plugin VisualStudioCodeSourceCodeAccess
LogPluginManager: Mounting plugin MagicLeapLightEstimation
LogPluginManager: Mounting plugin MagicLeapMedia
LogPluginManager: Mounting plugin MagicLeapPassableWorld
LogPluginManager: Mounting plugin MLSDK
LogPluginManager: Mounting plugin ImgMedia
LogPluginManager: Mounting plugin AlembicImporter
LogPluginManager: Mounting plugin AutomationUtils
LogPluginManager: Mounting plugin BackChannel
LogPluginManager: Mounting plugin MediaCompositing
LogPluginManager: Mounting plugin BlastPlugin
LogPluginManager: Mounting plugin ChaosCloth
LogPluginManager: Mounting plugin ChaosClothEditor
LogPluginManager: Mounting plugin ChaosEditor
LogPluginManager: Mounting plugin ChaosNiagara
LogPluginManager: Mounting plugin ChaosSolverPlugin
LogPluginManager: Mounting plugin CharacterAI
LogPluginManager: Mounting plugin MediaPlayerEditor
LogPluginManager: Mounting plugin WebMMedia
LogPluginManager: Mounting plugin WmfMedia
LogPluginManager: Mounting plugin GeometryCache
LogPluginManager: Mounting plugin GeometryCollectionPlugin
LogPluginManager: Mounting plugin GeometryProcessing
LogPluginManager: Mounting plugin MotoSynth
LogPluginManager: Mounting plugin PlanarCut
LogPluginManager: Mounting plugin OpenImageDenoise
LogPluginManager: Mounting plugin PythonScriptPlugin
LogPluginManager: Mounting plugin PlatformCrypto
LogPluginManager: Mounting plugin ActorSequence
LogPluginManager: Mounting plugin LevelSequenceEditor
LogPluginManager: Mounting plugin MatineeToLevelSequence
LogPluginManager: Mounting plugin SkeletalReduction
LogPluginManager: Mounting plugin ProxyLODPlugin
LogPluginManager: Mounting plugin TemplateSequence
LogPluginManager: Mounting plugin TcpMessaging
LogPluginManager: Mounting plugin UdpMessaging
LogPluginManager: Mounting plugin LauncherChunkInstaller
LogPluginManager: Mounting plugin OnlineSubsystem
LogPluginManager: Mounting plugin OnlineSubsystemNull
LogPluginManager: Mounting plugin OnlineSubsystemUtils
LogPluginManager: Mounting plugin ScreenshotTools
LogPluginManager: Mounting plugin ActorLayerUtilities
LogPluginManager: Mounting plugin AndroidDeviceProfileSelector
LogPluginManager: Mounting plugin AndroidMoviePlayer
LogPluginManager: Mounting plugin AndroidPermission
LogPluginManager: Mounting plugin AppleImageUtils
LogPluginManager: Mounting plugin ArchVisCharacter
LogPluginManager: Mounting plugin AppleMoviePlayer
LogPluginManager: Mounting plugin AssetTags
LogPluginManager: Mounting plugin AudioCapture
LogPluginManager: Mounting plugin AudioSynesthesia
LogPluginManager: Mounting plugin CableComponent
LogPluginManager: Mounting plugin ChunkDownloader
LogPluginManager: Mounting plugin Takes
LogPluginManager: Mounting plugin CustomMeshComponent
LogPluginManager: Mounting plugin EditableMesh
LogPluginManager: Mounting plugin ExampleDeviceProfileSelector
LogPluginManager: Mounting plugin GooglePAD
LogPluginManager: Mounting plugin GoogleCloudMessaging
LogPluginManager: Mounting plugin IOSDeviceProfileSelector
LogPluginManager: Mounting plugin LinuxDeviceProfileSelector
LogPluginManager: Mounting plugin LocationServicesBPLibrary
LogPluginManager: Mounting plugin MobilePatchingUtils
LogPluginManager: Mounting plugin OpenXREyeTracker
LogPluginManager: Mounting plugin OpenXRHandTracking
LogPluginManager: Mounting plugin OpenXR
LogPluginManager: Mounting plugin PhysXVehicles
LogPluginManager: Mounting plugin PostSplashScreen
LogPluginManager: Mounting plugin ProceduralMeshComponent
LogPluginManager: Mounting plugin SoundFields
LogPluginManager: Mounting plugin PropertyAccessEditor
LogPluginManager: Mounting plugin ResonanceAudio
LogPluginManager: Mounting plugin RuntimePhysXCooking
LogPluginManager: Mounting plugin SignificanceManager
LogPluginManager: Mounting plugin Synthesis
LogPluginManager: Mounting plugin WebMMoviePlayer
LogPluginManager: Mounting plugin WindowsMoviePlayer
LogPluginManager: Mounting plugin AssetManagerEditor
LogPluginManager: Mounting plugin CryptoKeys
LogPluginManager: Mounting plugin CurveEditorTools
LogPluginManager: Mounting plugin FacialAnimation
LogPluginManager: Mounting plugin GameplayTagsEditor
LogPluginManager: Mounting plugin DataValidation
LogPluginManager: Mounting plugin EditorScriptingUtilities
LogPluginManager: Mounting plugin MaterialAnalyzer
LogPluginManager: Mounting plugin MacGraphicsSwitching
LogPluginManager: Mounting plugin MeshEditor
LogPluginManager: Mounting plugin GeometryMode
LogPluginManager: Mounting plugin PluginBrowser
LogPluginManager: Mounting plugin MobileLauncherProfileWizard
LogPluginManager: Mounting plugin SpeedTreeImporter
LogPluginManager: Mounting plugin EnvironmentQueryEditor
LogPluginManager: Mounting plugin AISupport
LogPluginManager: Mounting plugin OnlineSubsystemGooglePlay
LogPluginManager: Mounting plugin OnlineSubsystemIOS
LogPluginManager: Mounting plugin OculusOpenXR
LogPluginManager: Mounting plugin OculusVR
LogPluginManager: Mounting plugin ContentBrowserAssetDataSource
LogPluginManager: Mounting plugin ContentBrowserClassDataSource
LogPluginManager: Mounting plugin ContentBrowserFileDataSource
PixWinPlugin: PIX capture plugin failed to initialize! Check that the process is launched from PIX.
LogInit: Using libcurl 7.55.1-DEV
LogInit:  - built for x86_64-pc-win32
LogInit:  - supports SSL with OpenSSL/1.1.1
LogInit:  - supports HTTP deflate (compression) using libz 1.2.8
LogInit:  - other features:
LogInit:      CURL_VERSION_SSL
LogInit:      CURL_VERSION_LIBZ
LogInit:      CURL_VERSION_IPV6
LogInit:      CURL_VERSION_ASYNCHDNS
LogInit:      CURL_VERSION_LARGEFILE
LogInit:      CURL_VERSION_IDN
LogInit:  CurlRequestOptions (configurable via config and command line):
LogInit:  - bVerifyPeer = true  - Libcurl will verify peer certificate
LogInit:  - bUseHttpProxy = false  - Libcurl will NOT use HTTP proxy
LogInit:  - bDontReuseConnections = false  - Libcurl will reuse connections
LogInit:  - MaxHostConnections = 16  - Libcurl will limit the number of connections to a host
LogInit:  - LocalHostAddr = Default
LogInit:  - BufferSize = 65536
LogOnline: OSS: Creating online subsystem instance for: NULL
LogInit: WinSock: version 1.1 (2.2), MaxSocks=32767, MaxUdp=65467
LogOnline: OSS: TryLoadSubsystemAndSetDefault: Loaded subsystem for module [NULL]
LogOculusPluginWrapper: OculusPlugin initialized successfully
LogHMD: Failed initializing OVRPlugin 1.59.0
LogInit: Build: ++UE4+Release-4.27-CL-18319896
LogInit: Engine Version: 4.27.2-18319896+++UE4+Release-4.27
LogInit: Compatible Engine Version: 4.27.0-17155196+++UE4+Release-4.27
LogInit: Net CL: 17155196
LogInit: OS: Windows 10 (Release 2009) (), CPU: AMD Ryzen 9 5900HS with Radeon Graphics        , GPU: AMD Radeon(TM) Graphics
LogInit: Compiled (64-bit): Nov 30 2021 07:12:08
LogInit: Compiled with Visual C++: 19.24.28315.00
LogInit: Build Configuration: Development
LogInit: Branch Name: ++UE4+Release-4.27
LogInit: Command Line:  -EpicPortal -epicusername=Teirrken -epicuserid=dfb2d60c641c4fbc9eea0e112e889e93 -epiclocale=en -epicsandboxid=ue
LogInit: Base Directory: C:/Program Files/Epic Games/UE_4.27/Engine/Binaries/Win64/
LogInit: Allocator: TBB
LogInit: Installed Engine Build: 1
LogDevObjectVersion: Number of dev versions registered: 29
LogDevObjectVersion:   Dev-Blueprints (B0D832E4-1F89-4F0D-ACCF-7EB736FD4AA2): 10
LogDevObjectVersion:   Dev-Build (E1C64328-A22C-4D53-A36C-8E866417BD8C): 0
LogDevObjectVersion:   Dev-Core (375EC13C-06E4-48FB-B500-84F0262A717E): 4
LogDevObjectVersion:   Dev-Editor (E4B068ED-F494-42E9-A231-DA0B2E46BB41): 40
LogDevObjectVersion:   Dev-Framework (CFFC743F-43B0-4480-9391-14DF171D2073): 37
LogDevObjectVersion:   Dev-Mobile (B02B49B5-BB20-44E9-A304-32B752E40360): 3
LogDevObjectVersion:   Dev-Networking (A4E4105C-59A1-49B5-A7C5-40C4547EDFEE): 0
LogDevObjectVersion:   Dev-Online (39C831C9-5AE6-47DC-9A44-9C173E1C8E7C): 0
LogDevObjectVersion:   Dev-Physics (78F01B33-EBEA-4F98-B9B4-84EACCB95AA2): 14
LogDevObjectVersion:   Dev-Platform (6631380F-2D4D-43E0-8009-CF276956A95A): 0
LogDevObjectVersion:   Dev-Rendering (12F88B9F-8875-4AFC-A67C-D90C383ABD29): 45
LogDevObjectVersion:   Dev-Sequencer (7B5AE74C-D270-4C10-A958-57980B212A5A): 13
LogDevObjectVersion:   Dev-VR (D7296918-1DD6-4BDD-9DE2-64A83CC13884): 3
LogDevObjectVersion:   Dev-LoadTimes (C2A15278-BFE7-4AFE-6C17-90FF531DF755): 1
LogDevObjectVersion:   Private-Geometry (6EACA3D4-40EC-4CC1-B786-8BED09428FC5): 3
LogDevObjectVersion:   Dev-AnimPhys (29E575DD-E0A3-4627-9D10-D276232CDCEA): 17
LogDevObjectVersion:   Dev-Anim (AF43A65D-7FD3-4947-9873-3E8ED9C1BB05): 15
LogDevObjectVersion:   Dev-ReflectionCapture (6B266CEC-1EC7-4B8F-A30B-E4D90942FC07): 1
LogDevObjectVersion:   Dev-Automation (0DF73D61-A23F-47EA-B727-89E90C41499A): 1
LogDevObjectVersion:   FortniteMain (601D1886-AC64-4F84-AA16-D3DE0DEAC7D6): 47
LogDevObjectVersion:   FortniteRelease (E7086368-6B23-4C58-8439-1B7016265E91): 1
LogDevObjectVersion:   Dev-Enterprise (9DFFBCD6-494F-0158-E221-12823C92A888): 10
LogDevObjectVersion:   Dev-Niagara (F2AED0AC-9AFE-416F-8664-AA7FFA26D6FC): 1
LogDevObjectVersion:   Dev-Destruction (174F1F0B-B4C6-45A5-B13F-2EE8D0FB917D): 10
LogDevObjectVersion:   Dev-Physics-Ext (35F94A83-E258-406C-A318-09F59610247C): 41
LogDevObjectVersion:   Dev-PhysicsMaterial-Chaos (B68FC16E-8B1B-42E2-B453-215C058844FE): 1
LogDevObjectVersion:   Dev-CineCamera (B2E18506-4273-CFC2-A54E-F4BB758BBA07): 1
LogDevObjectVersion:   Dev-VirtualProduction (64F58936-FD1B-42BA-BA96-7289D5D0FA4E): 1
LogDevObjectVersion:   Dev-MediaFramework (6F0ED827-A609-4895-9C91-998D90180EA4): 2
LogInit: Presizing for max 25165824 objects, including 0 objects not considered by GC, pre-allocating 0 bytes for permanent pool.
LogConfig: Applying CVar settings from Section [/Script/Engine.StreamingSettings] File [C:/Users/dmock/Unreal projects/P8/P8ToBeAnnounced/P8_VR_Home/Saved/Config/Windows/Engine.ini]
LogConfig: Setting CVar [[s.MinBulkDataSizeForAsyncLoading:131072]]
LogConfig: Setting CVar [[s.AsyncLoadingThreadEnabled:0]]
LogConfig: Setting CVar [[s.EventDrivenLoaderEnabled:1]]
LogConfig: Setting CVar [[s.WarnIfTimeLimitExceeded:0]]
LogConfig: Setting CVar [[s.TimeLimitExceededMultiplier:1.5]]
LogConfig: Setting CVar [[s.TimeLimitExceededMinTime:0.005]]
LogConfig: Setting CVar [[s.UseBackgroundLevelStreaming:1]]
LogConfig: Setting CVar [[s.PriorityAsyncLoadingExtraTime:15.0]]
LogConfig: Setting CVar [[s.LevelStreamingActorsUpdateTimeLimit:5.0]]
LogConfig: Setting CVar [[s.PriorityLevelStreamingActorsUpdateExtraTime:5.0]]
LogConfig: Setting CVar [[s.LevelStreamingComponentsRegistrationGranularity:10]]
LogConfig: Setting CVar [[s.UnregisterComponentsTimeLimit:1.0]]
LogConfig: Setting CVar [[s.LevelStreamingComponentsUnregistrationGranularity:5]]
LogConfig: Setting CVar [[s.FlushStreamingOnExit:1]]
LogInit: Object subsystem initialized
LogConfig: Setting CVar [[con.DebugEarlyDefault:1]]
LogConfig: Setting CVar [[r.setres:1280x720]]
[2022.04.26-07.26.20:787][  0]LogConfig: Setting CVar [[r.VSync:0]]
[2022.04.26-07.26.20:787][  0]LogConfig: Setting CVar [[r.RHICmdBypass:0]]
[2022.04.26-07.26.20:787][  0]LogConfig: Applying CVar settings from Section [/Script/Engine.RendererSettings] File [C:/Users/dmock/Unreal projects/P8/P8ToBeAnnounced/P8_VR_Home/Saved/Config/Windows/Engine.ini]
[2022.04.26-07.26.20:787][  0]LogConfig: Setting CVar [[r.GPUCrashDebugging:0]]
[2022.04.26-07.26.20:787][  0]LogConfig: Setting CVar [[r.Mobile.DisableVertexFog:1]]
[2022.04.26-07.26.20:787][  0]LogConfig: Setting CVar [[r.Shadow.CSM.MaxMobileCascades:2]]
[2022.04.26-07.26.20:787][  0]LogConfig: Setting CVar [[r.MobileMSAA:4]]
[2022.04.26-07.26.20:787][  0]LogConfig: Setting CVar [[r.Mobile.AllowDitheredLODTransition:0]]
[2022.04.26-07.26.20:787][  0]LogConfig: Setting CVar [[r.Mobile.AllowSoftwareOcclusion:0]]
[2022.04.26-07.26.20:787][  0]LogConfig: Setting CVar [[r.Mobile.VirtualTextures:0]]
[2022.04.26-07.26.20:787][  0]LogConfig: Setting CVar [[r.DiscardUnusedQuality:0]]
[2022.04.26-07.26.20:787][  0]LogConfig: Setting CVar [[r.AllowOcclusionQueries:1]]
[2022.04.26-07.26.20:787][  0]LogConfig: Setting CVar [[r.MinScreenRadiusForLights:0.030000]]
[2022.04.26-07.26.20:787][  0]LogConfig: Setting CVar [[r.MinScreenRadiusForDepthPrepass:0.030000]]
[2022.04.26-07.26.20:787][  0]LogConfig: Setting CVar [[r.MinScreenRadiusForCSMDepth:0.010000]]
[2022.04.26-07.26.20:787][  0]LogConfig: Setting CVar [[r.PrecomputedVisibilityWarning:0]]
[2022.04.26-07.26.20:787][  0]LogConfig: Setting CVar [[r.TextureStreaming:1]]
[2022.04.26-07.26.20:787][  0]LogConfig: Setting CVar [[Compat.UseDXT5NormalMaps:0]]
[2022.04.26-07.26.20:787][  0]LogConfig: Setting CVar [[r.VirtualTextures:0]]
[2022.04.26-07.26.20:787][  0]LogConfig: Setting CVar [[r.VirtualTexturedLightmaps:0]]
[2022.04.26-07.26.20:787][  0]LogConfig: Setting CVar [[r.VT.TileSize:128]]
[2022.04.26-07.26.20:787][  0]LogConfig: Setting CVar [[r.VT.TileBorderSize:4]]
[2022.04.26-07.26.20:787][  0]LogConfig: Setting CVar [[r.vt.FeedbackFactor:16]]
[2022.04.26-07.26.20:787][  0]LogConfig: Setting CVar [[r.VT.EnableCompressZlib:1]]
[2022.04.26-07.26.20:787][  0]LogConfig: Setting CVar [[r.VT.EnableCompressCrunch:0]]
[2022.04.26-07.26.20:787][  0]LogConfig: Setting CVar [[r.ClearCoatNormal:0]]
[2022.04.26-07.26.20:787][  0]LogConfig: Setting CVar [[r.ReflectionCaptureResolution:128]]
[2022.04.26-07.26.20:787][  0]LogConfig: Setting CVar [[r.Mobile.ReflectionCaptureCompression:0]]
[2022.04.26-07.26.20:787][  0]LogConfig: Setting CVar [[r.ReflectionEnvironmentLightmapMixBasedOnRoughness:1]]
[2022.04.26-07.26.20:787][  0]LogConfig: Setting CVar [[r.ForwardShading:1]]
[2022.04.26-07.26.20:787][  0]LogConfig: Setting CVar [[r.VertexFoggingForOpaque:1]]
[2022.04.26-07.26.20:787][  0]LogConfig: Setting CVar [[r.AllowStaticLighting:1]]
[2022.04.26-07.26.20:787][  0]LogConfig: Setting CVar [[r.NormalMapsForStaticLighting:0]]
[2022.04.26-07.26.20:787][  0]LogConfig: Setting CVar [[r.GenerateMeshDistanceFields:0]]
[2022.04.26-07.26.20:787][  0]LogConfig: Setting CVar [[r.DistanceFieldBuild.EightBit:0]]
[2022.04.26-07.26.20:787][  0]LogConfig: Setting CVar [[r.GenerateLandscapeGIData:0]]
[2022.04.26-07.26.20:787][  0]LogConfig: Setting CVar [[r.DistanceFieldBuild.Compress:0]]
[2022.04.26-07.26.20:787][  0]LogConfig: Setting CVar [[r.TessellationAdaptivePixelsPerTriangle:48.000000]]
[2022.04.26-07.26.20:787][  0]LogConfig: Setting CVar [[r.SeparateTranslucency:0]]
[2022.04.26-07.26.20:787][  0]LogConfig: Setting CVar [[r.TranslucentSortPolicy:0]]
[2022.04.26-07.26.20:787][  0]LogConfig: Setting CVar [[r.CustomDepth:1]]
[2022.04.26-07.26.20:787][  0]LogConfig: Setting CVar [[r.CustomDepthTemporalAAJitter:1]]
[2022.04.26-07.26.20:787][  0]LogConfig: Setting CVar [[r.PostProcessing.PropagateAlpha:0]]
[2022.04.26-07.26.20:787][  0]LogConfig: Setting CVar [[r.DefaultFeature.Bloom:0]]
[2022.04.26-07.26.20:787][  0]LogConfig: Setting CVar [[r.DefaultFeature.AmbientOcclusion:0]]
[2022.04.26-07.26.20:787][  0]LogConfig: Setting CVar [[r.DefaultFeature.AmbientOcclusionStaticFraction:1]]
[2022.04.26-07.26.20:787][  0]LogConfig: Setting CVar [[r.DefaultFeature.AutoExposure:0]]
[2022.04.26-07.26.20:787][  0]LogConfig: Setting CVar [[r.DefaultFeature.AutoExposure.Method:0]]
[2022.04.26-07.26.20:787][  0]LogConfig: Setting CVar [[r.DefaultFeature.AutoExposure.Bias:1.000000]]
[2022.04.26-07.26.20:787][  0]LogConfig: Setting CVar [[r.DefaultFeature.AutoExposure.ExtendDefaultLuminanceRange:1]]
[2022.04.26-07.26.20:787][  0]LogConfig: Setting CVar [[r.UsePreExposure:1]]
[2022.04.26-07.26.20:787][  0]LogConfig: Setting CVar [[r.EyeAdaptation.EditorOnly:0]]
[2022.04.26-07.26.20:787][  0]LogConfig: Setting CVar [[r.DefaultFeature.MotionBlur:0]]
[2022.04.26-07.26.20:787][  0]LogConfig: Setting CVar [[r.DefaultFeature.LensFlare:0]]
[2022.04.26-07.26.20:787][  0]LogConfig: Setting CVar [[r.TemporalAA.Upsampling:0]]
[2022.04.26-07.26.20:787][  0]LogConfig: Setting CVar [[r.SSGI.Enable:0]]
[2022.04.26-07.26.20:787][  0]LogConfig: Setting CVar [[r.DefaultFeature.AntiAliasing:3]]
[2022.04.26-07.26.20:787][  0]LogConfig: Setting CVar [[r.DefaultFeature.LightUnits:1]]
[2022.04.26-07.26.20:787][  0]LogConfig: Setting CVar [[r.DefaultBackBufferPixelFormat:4]]
[2022.04.26-07.26.20:787][  0]LogConfig: Setting CVar [[r.Shadow.UnbuiltPreviewInGame:1]]
[2022.04.26-07.26.20:787][  0]LogConfig: Setting CVar [[r.StencilForLODDither:0]]
[2022.04.26-07.26.20:788][  0]LogConfig: Setting CVar [[r.EarlyZPass:3]]
[2022.04.26-07.26.20:788][  0]LogConfig: Setting CVar [[r.EarlyZPassOnlyMaterialMasking:0]]
[2022.04.26-07.26.20:788][  0]LogConfig: Setting CVar [[r.DBuffer:1]]
[2022.04.26-07.26.20:788][  0]LogConfig: Setting CVar [[r.ClearSceneMethod:1]]
[2022.04.26-07.26.20:788][  0]LogConfig: Setting CVar [[r.BasePassOutputsVelocity:0]]
[2022.04.26-07.26.20:788][  0]LogConfig: Setting CVar [[r.VertexDeformationOutputsVelocity:0]]
[2022.04.26-07.26.20:788][  0]LogConfig: Setting CVar [[r.SelectiveBasePassOutputs:0]]
[2022.04.26-07.26.20:788][  0]LogConfig: Setting CVar [[fx.GPUSimulationTextureSizeX:1024]]
[2022.04.26-07.26.20:788][  0]LogConfig: Setting CVar [[fx.GPUSimulationTextureSizeY:1024]]
[2022.04.26-07.26.20:788][  0]LogConfig: Setting CVar [[r.AllowGlobalClipPlane:0]]
[2022.04.26-07.26.20:788][  0]LogConfig: Setting CVar [[r.GBufferFormat:1]]
[2022.04.26-07.26.20:788][  0]LogConfig: Setting CVar [[r.MorphTarget.Mode:1]]
[2022.04.26-07.26.20:788][  0]LogConfig: Setting CVar [[vr.InstancedStereo:1]]
[2022.04.26-07.26.20:788][  0]LogConfig: Setting CVar [[r.MobileHDR:1]]
[2022.04.26-07.26.20:788][  0]LogConfig: Setting CVar [[vr.MobileMultiView:1]]
[2022.04.26-07.26.20:788][  0]LogConfig: Setting CVar [[r.Mobile.UseHWsRGBEncoding:1]]
[2022.04.26-07.26.20:788][  0]LogConfig: Setting CVar [[vr.RoundRobinOcclusion:0]]
[2022.04.26-07.26.20:788][  0]LogConfig: Setting CVar [[vr.ODSCapture:0]]
[2022.04.26-07.26.20:788][  0]LogConfig: Setting CVar [[r.MeshStreaming:0]]
[2022.04.26-07.26.20:788][  0]LogConfig: Setting CVar [[r.WireframeCullThreshold:5.000000]]
[2022.04.26-07.26.20:788][  0]LogConfig: Setting CVar [[r.RayTracing:0]]
[2022.04.26-07.26.20:788][  0]LogConfig: Setting CVar [[r.RayTracing.UseTextureLod:0]]
[2022.04.26-07.26.20:788][  0]LogConfig: Setting CVar [[r.SupportStationarySkylight:1]]
[2022.04.26-07.26.20:788][  0]LogConfig: Setting CVar [[r.SupportLowQualityLightmaps:1]]
[2022.04.26-07.26.20:788][  0]LogConfig: Setting CVar [[r.SupportPointLightWholeSceneShadows:1]]
[2022.04.26-07.26.20:788][  0]LogConfig: Setting CVar [[r.SupportAtmosphericFog:1]]
[2022.04.26-07.26.20:788][  0]LogConfig: Setting CVar [[r.SupportSkyAtmosphere:1]]
[2022.04.26-07.26.20:788][  0]LogConfig: Setting CVar [[r.SupportSkyAtmosphereAffectsHeightFog:0]]
[2022.04.26-07.26.20:788][  0]LogConfig: Setting CVar [[r.SkinCache.CompileShaders:0]]
[2022.04.26-07.26.20:788][  0]LogConfig: Setting CVar [[r.SkinCache.DefaultBehavior:1]]
[2022.04.26-07.26.20:788][  0]LogConfig: Setting CVar [[r.SkinCache.SceneMemoryLimitInMB:128.000000]]
[2022.04.26-07.26.20:788][  0]LogConfig: Setting CVar [[r.Mobile.EnableStaticAndCSMShadowReceivers:1]]
[2022.04.26-07.26.20:788][  0]LogConfig: Setting CVar [[r.Mobile.EnableMovableLightCSMShaderCulling:1]]
[2022.04.26-07.26.20:788][  0]LogConfig: Setting CVar [[r.Mobile.AllowDistanceFieldShadows:1]]
[2022.04.26-07.26.20:788][  0]LogConfig: Setting CVar [[r.Mobile.AllowMovableDirectionalLights:1]]
[2022.04.26-07.26.20:788][  0]LogConfig: Setting CVar [[r.MobileNumDynamicPointLights:4]]
[2022.04.26-07.26.20:788][  0]LogConfig: Setting CVar [[r.MobileDynamicPointLightsUseStaticBranch:1]]
[2022.04.26-07.26.20:788][  0]LogConfig: Setting CVar [[r.Mobile.EnableMovableSpotlights:0]]
[2022.04.26-07.26.20:788][  0]LogConfig: Setting CVar [[r.Mobile.EnableMovableSpotlightsShadow:0]]
[2022.04.26-07.26.20:788][  0]LogConfig: Setting CVar [[r.GPUSkin.Support16BitBoneIndex:0]]
[2022.04.26-07.26.20:788][  0]LogConfig: Setting CVar [[r.GPUSkin.Limit2BoneInfluences:0]]
[2022.04.26-07.26.20:788][  0]LogConfig: Setting CVar [[r.SupportDepthOnlyIndexBuffers:1]]
[2022.04.26-07.26.20:788][  0]LogConfig: Setting CVar [[r.SupportReversedIndexBuffers:1]]
[2022.04.26-07.26.20:788][  0]LogConfig: Setting CVar [[r.LightPropagationVolume:0]]
[2022.04.26-07.26.20:788][  0]LogConfig: Setting CVar [[r.Mobile.AmbientOcclusion:0]]
[2022.04.26-07.26.20:788][  0]LogConfig: Setting CVar [[r.GPUSkin.UnlimitedBoneInfluences:0]]
[2022.04.26-07.26.20:788][  0]LogConfig: Setting CVar [[r.GPUSkin.UnlimitedBoneInfluencesThreshold:8]]
[2022.04.26-07.26.20:788][  0]LogConfig: Setting CVar [[r.Mobile.PlanarReflectionMode:0]]
[2022.04.26-07.26.20:788][  0]LogConfig: Setting CVar [[r.Mobile.SupportGPUScene:1]]
[2022.04.26-07.26.20:788][  0]LogConfig: Applying CVar settings from Section [/Script/Engine.RendererOverrideSettings] File [C:/Users/dmock/Unreal projects/P8/P8ToBeAnnounced/P8_VR_Home/Saved/Config/Windows/Engine.ini]
[2022.04.26-07.26.20:788][  0]LogConfig: Applying CVar settings from Section [/Script/Engine.StreamingSettings] File [C:/Users/dmock/Unreal projects/P8/P8ToBeAnnounced/P8_VR_Home/Saved/Config/Windows/Engine.ini]
[2022.04.26-07.26.20:788][  0]LogConfig: Setting CVar [[s.MinBulkDataSizeForAsyncLoading:131072]]
[2022.04.26-07.26.20:788][  0]LogConfig: Setting CVar [[s.AsyncLoadingThreadEnabled:0]]
[2022.04.26-07.26.20:788][  0]LogConfig: Setting CVar [[s.EventDrivenLoaderEnabled:1]]
[2022.04.26-07.26.20:788][  0]LogConfig: Setting CVar [[s.WarnIfTimeLimitExceeded:0]]
[2022.04.26-07.26.20:788][  0]LogConfig: Setting CVar [[s.TimeLimitExceededMultiplier:1.5]]
[2022.04.26-07.26.20:788][  0]LogConfig: Setting CVar [[s.TimeLimitExceededMinTime:0.005]]
[2022.04.26-07.26.20:788][  0]LogConfig: Setting CVar [[s.UseBackgroundLevelStreaming:1]]
[2022.04.26-07.26.20:788][  0]LogConfig: Setting CVar [[s.PriorityAsyncLoadingExtraTime:15.0]]
[2022.04.26-07.26.20:788][  0]LogConfig: Setting CVar [[s.LevelStreamingActorsUpdateTimeLimit:5.0]]
[2022.04.26-07.26.20:788][  0]LogConfig: Setting CVar [[s.PriorityLevelStreamingActorsUpdateExtraTime:5.0]]
[2022.04.26-07.26.20:788][  0]LogConfig: Setting CVar [[s.LevelStreamingComponentsRegistrationGranularity:10]]
[2022.04.26-07.26.20:788][  0]LogConfig: Setting CVar [[s.UnregisterComponentsTimeLimit:1.0]]
[2022.04.26-07.26.20:788][  0]LogConfig: Setting CVar [[s.LevelStreamingComponentsUnregistrationGranularity:5]]
[2022.04.26-07.26.20:788][  0]LogConfig: Setting CVar [[s.FlushStreamingOnExit:1]]
[2022.04.26-07.26.20:788][  0]LogConfig: Applying CVar settings from Section [/Script/Engine.GarbageCollectionSettings] File [C:/Users/dmock/Unreal projects/P8/P8ToBeAnnounced/P8_VR_Home/Saved/Config/Windows/Engine.ini]
[2022.04.26-07.26.20:788][  0]LogConfig: Setting CVar [[gc.MaxObjectsNotConsideredByGC:1]]
[2022.04.26-07.26.20:788][  0]LogConfig: Setting CVar [[gc.SizeOfPermanentObjectPool:0]]
[2022.04.26-07.26.20:788][  0]LogConfig: Setting CVar [[gc.FlushStreamingOnGC:0]]
[2022.04.26-07.26.20:788][  0]LogConfig: Setting CVar [[gc.NumRetriesBeforeForcingGC:10]]
[2022.04.26-07.26.20:788][  0]LogConfig: Setting CVar [[gc.AllowParallelGC:1]]
[2022.04.26-07.26.20:788][  0]LogConfig: Setting CVar [[gc.TimeBetweenPurgingPendingKillObjects:61.1]]
[2022.04.26-07.26.20:788][  0]LogConfig: Setting CVar [[gc.MaxObjectsInEditor:25165824]]
[2022.04.26-07.26.20:788][  0]LogConfig: Setting CVar [[gc.IncrementalBeginDestroyEnabled:1]]
[2022.04.26-07.26.20:788][  0]LogConfig: Setting CVar [[gc.CreateGCClusters:1]]
[2022.04.26-07.26.20:788][  0]LogConfig: Setting CVar [[gc.MinGCClusterSize:5]]
[2022.04.26-07.26.20:788][  0]LogConfig: Setting CVar [[gc.ActorClusteringEnabled:0]]
[2022.04.26-07.26.20:788][  0]LogConfig: Setting CVar [[gc.BlueprintClusteringEnabled:0]]
[2022.04.26-07.26.20:788][  0]LogConfig: Setting CVar [[gc.UseDisregardForGCOnDedicatedServers:0]]
[2022.04.26-07.26.20:788][  0]LogConfig: Setting CVar [[gc.MultithreadedDestructionEnabled:1]]
[2022.04.26-07.26.20:788][  0]LogConfig: Applying CVar settings from Section [/Script/Engine.NetworkSettings] File [C:/Users/dmock/Unreal projects/P8/P8ToBeAnnounced/P8_VR_Home/Saved/Config/Windows/Engine.ini]
[2022.04.26-07.26.20:788][  0]LogConfig: Applying CVar settings from Section [/Script/UnrealEd.CookerSettings] File [C:/Users/dmock/Unreal projects/P8/P8ToBeAnnounced/P8_VR_Home/Saved/Config/Windows/Engine.ini]
[2022.04.26-07.26.20:792][  0]LogConfig: Applying CVar settings from Section [ViewDistanceQuality@3] File [C:/Users/dmock/Unreal projects/P8/P8ToBeAnnounced/P8_VR_Home/Saved/Config/Windows/Scalability.ini]
[2022.04.26-07.26.20:792][  0]LogConfig: Setting CVar [[r.SkeletalMeshLODBias:0]]
[2022.04.26-07.26.20:792][  0]LogConfig: Setting CVar [[r.ViewDistanceScale:1.0]]
[2022.04.26-07.26.20:792][  0]LogConfig: Applying CVar settings from Section [AntiAliasingQuality@3] File [C:/Users/dmock/Unreal projects/P8/P8ToBeAnnounced/P8_VR_Home/Saved/Config/Windows/Scalability.ini]
[2022.04.26-07.26.20:792][  0]LogConfig: Setting CVar [[r.PostProcessAAQuality:4]]
[2022.04.26-07.26.20:792][  0]LogConfig: Applying CVar settings from Section [ShadowQuality@3] File [C:/Users/dmock/Unreal projects/P8/P8ToBeAnnounced/P8_VR_Home/Saved/Config/Windows/Scalability.ini]
[2022.04.26-07.26.20:792][  0]LogConfig: Setting CVar [[r.LightFunctionQuality:1]]
[2022.04.26-07.26.20:792][  0]LogConfig: Setting CVar [[r.ShadowQuality:5]]
[2022.04.26-07.26.20:792][  0]LogConfig: Setting CVar [[r.Shadow.CSM.MaxCascades:10]]
[2022.04.26-07.26.20:792][  0]LogConfig: Setting CVar [[r.Shadow.MaxResolution:2048]]
[2022.04.26-07.26.20:792][  0]LogConfig: Setting CVar [[r.Shadow.MaxCSMResolution:2048]]
[2022.04.26-07.26.20:792][  0]LogConfig: Setting CVar [[r.Shadow.RadiusThreshold:0.01]]
[2022.04.26-07.26.20:792][  0]LogConfig: Setting CVar [[r.Shadow.DistanceScale:1.0]]
[2022.04.26-07.26.20:792][  0]LogConfig: Setting CVar [[r.Shadow.CSM.TransitionScale:1.0]]
[2022.04.26-07.26.20:792][  0]LogConfig: Setting CVar [[r.Shadow.PreShadowResolutionFactor:1.0]]
[2022.04.26-07.26.20:792][  0]LogConfig: Setting CVar [[r.DistanceFieldShadowing:1]]
[2022.04.26-07.26.20:792][  0]LogConfig: Setting CVar [[r.DistanceFieldAO:1]]
[2022.04.26-07.26.20:792][  0]LogConfig: Setting CVar [[r.AOQuality:2]]
[2022.04.26-07.26.20:792][  0]LogConfig: Setting CVar [[r.VolumetricFog:1]]
[2022.04.26-07.26.20:792][  0]LogConfig: Setting CVar [[r.VolumetricFog.GridPixelSize:8]]
[2022.04.26-07.26.20:792][  0]LogConfig: Setting CVar [[r.VolumetricFog.GridSizeZ:128]]
[2022.04.26-07.26.20:792][  0]LogConfig: Setting CVar [[r.VolumetricFog.HistoryMissSupersampleCount:4]]
[2022.04.26-07.26.20:792][  0]LogConfig: Setting CVar [[r.LightMaxDrawDistanceScale:1]]
[2022.04.26-07.26.20:792][  0]LogConfig: Setting CVar [[r.CapsuleShadows:1]]
[2022.04.26-07.26.20:792][  0]LogConfig: Applying CVar settings from Section [PostProcessQuality@3] File [C:/Users/dmock/Unreal projects/P8/P8ToBeAnnounced/P8_VR_Home/Saved/Config/Windows/Scalability.ini]
[2022.04.26-07.26.20:792][  0]LogConfig: Setting CVar [[r.MotionBlurQuality:4]]
[2022.04.26-07.26.20:792][  0]LogConfig: Setting CVar [[r.AmbientOcclusionMipLevelFactor:0.4]]
[2022.04.26-07.26.20:792][  0]LogConfig: Setting CVar [[r.AmbientOcclusionMaxQuality:100]]
[2022.04.26-07.26.20:792][  0]LogConfig: Setting CVar [[r.AmbientOcclusionLevels:-1]]
[2022.04.26-07.26.20:792][  0]LogConfig: Setting CVar [[r.AmbientOcclusionRadiusScale:1.0]]
[2022.04.26-07.26.20:792][  0]LogConfig: Setting CVar [[r.DepthOfFieldQuality:2]]
[2022.04.26-07.26.20:792][  0]LogConfig: Setting CVar [[r.RenderTargetPoolMin:400]]
[2022.04.26-07.26.20:792][  0]LogConfig: Setting CVar [[r.LensFlareQuality:2]]
[2022.04.26-07.26.20:792][  0]LogConfig: Setting CVar [[r.SceneColorFringeQuality:1]]
[2022.04.26-07.26.20:792][  0]LogConfig: Setting CVar [[r.EyeAdaptationQuality:2]]
[2022.04.26-07.26.20:792][  0]LogConfig: Setting CVar [[r.BloomQuality:5]]
[2022.04.26-07.26.20:792][  0]LogConfig: Setting CVar [[r.FastBlurThreshold:100]]
[2022.04.26-07.26.20:792][  0]LogConfig: Setting CVar [[r.Upscale.Quality:3]]
[2022.04.26-07.26.20:792][  0]LogConfig: Setting CVar [[r.Tonemapper.GrainQuantization:1]]
[2022.04.26-07.26.20:792][  0]LogConfig: Setting CVar [[r.LightShaftQuality:1]]
[2022.04.26-07.26.20:792][  0]LogConfig: Setting CVar [[r.Filter.SizeScale:1]]
[2022.04.26-07.26.20:792][  0]LogConfig: Setting CVar [[r.Tonemapper.Quality:5]]
[2022.04.26-07.26.20:792][  0]LogConfig: Setting CVar [[r.DOF.Gather.AccumulatorQuality:1        ; higher gathering accumulator quality]]
[2022.04.26-07.26.20:792][  0]LogConfig: Setting CVar [[r.DOF.Gather.PostfilterMethod:1          ; Median3x3 postfilering method]]
[2022.04.26-07.26.20:792][  0]LogConfig: Setting CVar [[r.DOF.Gather.EnableBokehSettings:0       ; no bokeh simulation when gathering]]
[2022.04.26-07.26.20:792][  0]LogConfig: Setting CVar [[r.DOF.Gather.RingCount:4                 ; medium number of samples when gathering]]
[2022.04.26-07.26.20:792][  0]LogConfig: Setting CVar [[r.DOF.Scatter.ForegroundCompositing:1    ; additive foreground scattering]]
[2022.04.26-07.26.20:792][  0]LogConfig: Setting CVar [[r.DOF.Scatter.BackgroundCompositing:2    ; additive background scattering]]
[2022.04.26-07.26.20:792][  0]LogConfig: Setting CVar [[r.DOF.Scatter.EnableBokehSettings:1      ; bokeh simulation when scattering]]
[2022.04.26-07.26.20:792][  0]LogConfig: Setting CVar [[r.DOF.Scatter.MaxSpriteRatio:0.1         ; only a maximum of 10% of scattered bokeh]]
[2022.04.26-07.26.20:792][  0]LogConfig: Setting CVar [[r.DOF.Recombine.Quality:1                ; cheap slight out of focus]]
[2022.04.26-07.26.20:792][  0]LogConfig: Setting CVar [[r.DOF.Recombine.EnableBokehSettings:0    ; no bokeh simulation on slight out of focus]]
[2022.04.26-07.26.20:792][  0]LogConfig: Setting CVar [[r.DOF.TemporalAAQuality:1                ; more stable temporal accumulation]]
[2022.04.26-07.26.20:792][  0]LogConfig: Setting CVar [[r.DOF.Kernel.MaxForegroundRadius:0.025]]
[2022.04.26-07.26.20:792][  0]LogConfig: Setting CVar [[r.DOF.Kernel.MaxBackgroundRadius:0.025]]
[2022.04.26-07.26.20:792][  0]LogConfig: Applying CVar settings from Section [TextureQuality@3] File [C:/Users/dmock/Unreal projects/P8/P8ToBeAnnounced/P8_VR_Home/Saved/Config/Windows/Scalability.ini]
[2022.04.26-07.26.20:792][  0]LogConfig: Setting CVar [[r.Streaming.MipBias:0]]
[2022.04.26-07.26.20:792][  0]LogConfig: Setting CVar [[r.Streaming.AmortizeCPUToGPUCopy:0]]
[2022.04.26-07.26.20:792][  0]LogConfig: Setting CVar [[r.Streaming.MaxNumTexturesToStreamPerFrame:0]]
[2022.04.26-07.26.20:792][  0]LogConfig: Setting CVar [[r.Streaming.Boost:1]]
[2022.04.26-07.26.20:792][  0]LogConfig: Setting CVar [[r.MaxAnisotropy:8]]
[2022.04.26-07.26.20:792][  0]LogConfig: Setting CVar [[r.VT.MaxAnisotropy:8]]
[2022.04.26-07.26.20:792][  0]LogConfig: Setting CVar [[r.Streaming.LimitPoolSizeToVRAM:0]]
[2022.04.26-07.26.20:792][  0]LogConfig: Setting CVar [[r.Streaming.PoolSize:1000]]
[2022.04.26-07.26.20:792][  0]LogConfig: Setting CVar [[r.Streaming.MaxEffectiveScreenSize:0]]
[2022.04.26-07.26.20:792][  0]LogConfig: Applying CVar settings from Section [EffectsQuality@3] File [C:/Users/dmock/Unreal projects/P8/P8ToBeAnnounced/P8_VR_Home/Saved/Config/Windows/Scalability.ini]
[2022.04.26-07.26.20:792][  0]LogConfig: Setting CVar [[r.TranslucencyLightingVolumeDim:64]]
[2022.04.26-07.26.20:792][  0]LogConfig: Setting CVar [[r.RefractionQuality:2]]
[2022.04.26-07.26.20:792][  0]LogConfig: Setting CVar [[r.SSR.Quality:3]]
[2022.04.26-07.26.20:792][  0]LogConfig: Setting CVar [[r.SSR.HalfResSceneColor:0]]
[2022.04.26-07.26.20:792][  0]LogConfig: Setting CVar [[r.SceneColorFormat:4]]
[2022.04.26-07.26.20:792][  0]LogConfig: Setting CVar [[r.DetailMode:2]]
[2022.04.26-07.26.20:792][  0]LogConfig: Setting CVar [[r.TranslucencyVolumeBlur:1]]
[2022.04.26-07.26.20:792][  0]LogConfig: Setting CVar [[r.MaterialQualityLevel:1 ; High quality]]
[2022.04.26-07.26.20:792][  0]LogConfig: Setting CVar [[r.AnisotropicMaterials:1]]
[2022.04.26-07.26.20:792][  0]LogConfig: Setting CVar [[r.SSS.Scale:1]]
[2022.04.26-07.26.20:792][  0]LogConfig: Setting CVar [[r.SSS.SampleSet:2]]
[2022.04.26-07.26.20:792][  0]LogConfig: Setting CVar [[r.SSS.Quality:1]]
[2022.04.26-07.26.20:792][  0]LogConfig: Setting CVar [[r.SSS.HalfRes:0]]
[2022.04.26-07.26.20:792][  0]LogConfig: Setting CVar [[r.SSGI.Quality:3]]
[2022.04.26-07.26.20:792][  0]LogConfig: Setting CVar [[r.EmitterSpawnRateScale:1.0]]
[2022.04.26-07.26.20:792][  0]LogConfig: Setting CVar [[r.ParticleLightQuality:2]]
[2022.04.26-07.26.20:792][  0]LogConfig: Setting CVar [[r.SkyAtmosphere.AerialPerspectiveLUT.FastApplyOnOpaque:1 ; Always have FastSkyLUT 1 in this case to avoid wrong sky]]
[2022.04.26-07.26.20:792][  0]LogConfig: Setting CVar [[r.SkyAtmosphere.AerialPerspectiveLUT.SampleCountMaxPerSlice:4]]
[2022.04.26-07.26.20:792][  0]LogConfig: Setting CVar [[r.SkyAtmosphere.AerialPerspectiveLUT.DepthResolution:16.0]]
[2022.04.26-07.26.20:792][  0]LogConfig: Setting CVar [[r.SkyAtmosphere.FastSkyLUT:1]]
[2022.04.26-07.26.20:792][  0]LogConfig: Setting CVar [[r.SkyAtmosphere.FastSkyLUT.SampleCountMin:4.0]]
[2022.04.26-07.26.20:792][  0]LogConfig: Setting CVar [[r.SkyAtmosphere.FastSkyLUT.SampleCountMax:128.0]]
[2022.04.26-07.26.20:792][  0]LogConfig: Setting CVar [[r.SkyAtmosphere.SampleCountMin:4.0]]
[2022.04.26-07.26.20:792][  0]LogConfig: Setting CVar [[r.SkyAtmosphere.SampleCountMax:128.0]]
[2022.04.26-07.26.20:792][  0]LogConfig: Setting CVar [[r.SkyAtmosphere.TransmittanceLUT.UseSmallFormat:0]]
[2022.04.26-07.26.20:792][  0]LogConfig: Setting CVar [[r.SkyAtmosphere.TransmittanceLUT.SampleCount:10.0]]
[2022.04.26-07.26.20:792][  0]LogConfig: Setting CVar [[r.SkyAtmosphere.MultiScatteringLUT.SampleCount:15.0]]
[2022.04.26-07.26.20:792][  0]LogConfig: Setting CVar [[r.SkyLight.RealTimeReflectionCapture:1]]
[2022.04.26-07.26.20:792][  0]LogConfig: Applying CVar settings from Section [FoliageQuality@3] File [C:/Users/dmock/Unreal projects/P8/P8ToBeAnnounced/P8_VR_Home/Saved/Config/Windows/Scalability.ini]
[2022.04.26-07.26.20:792][  0]LogConfig: Setting CVar [[foliage.DensityScale:1.0]]
[2022.04.26-07.26.20:792][  0]LogConfig: Setting CVar [[grass.DensityScale:1.0]]
[2022.04.26-07.26.20:792][  0]LogConfig: Applying CVar settings from Section [ShadingQuality@3] File [C:/Users/dmock/Unreal projects/P8/P8ToBeAnnounced/P8_VR_Home/Saved/Config/Windows/Scalability.ini]
[2022.04.26-07.26.20:792][  0]LogConfig: Setting CVar [[r.HairStrands.SkyLighting.IntegrationType:2]]
[2022.04.26-07.26.20:792][  0]LogConfig: Setting CVar [[r.HairStrands.SkyAO.SampleCount:4]]
[2022.04.26-07.26.20:792][  0]LogConfig: Setting CVar [[r.HairStrands.Visibility.MSAA.SamplePerPixel:4]]
[2022.04.26-07.26.20:792][  0]LogInit: Selected Device Profile: [Windows]
[2022.04.26-07.26.20:792][  0]LogInit: Applying CVar settings loaded from the selected device profile: [Windows]
[2022.04.26-07.26.20:792][  0]LogHAL: Display: Platform has ~ 16 GB [16542703616 / 17179869184 / 16], which maps to Larger [LargestMinGB=32, LargerMinGB=12, DefaultMinGB=8, SmallerMinGB=6, SmallestMinGB=0)
[2022.04.26-07.26.20:792][  0]LogInit: Going up to parent DeviceProfile []
[2022.04.26-07.26.20:793][  0]LogConfig: Applying CVar settings from Section [ViewDistanceQuality@3] File [C:/Users/dmock/Unreal projects/P8/P8ToBeAnnounced/P8_VR_Home/Saved/Config/Windows/Scalability.ini]
[2022.04.26-07.26.20:793][  0]LogConfig: Setting CVar [[r.SkeletalMeshLODBias:0]]
[2022.04.26-07.26.20:793][  0]LogConfig: Setting CVar [[r.ViewDistanceScale:1.0]]
[2022.04.26-07.26.20:793][  0]LogConfig: Applying CVar settings from Section [AntiAliasingQuality@3] File [C:/Users/dmock/Unreal projects/P8/P8ToBeAnnounced/P8_VR_Home/Saved/Config/Windows/Scalability.ini]
[2022.04.26-07.26.20:793][  0]LogConfig: Setting CVar [[r.PostProcessAAQuality:4]]
[2022.04.26-07.26.20:793][  0]LogConfig: Applying CVar settings from Section [ShadowQuality@3] File [C:/Users/dmock/Unreal projects/P8/P8ToBeAnnounced/P8_VR_Home/Saved/Config/Windows/Scalability.ini]
[2022.04.26-07.26.20:793][  0]LogConfig: Setting CVar [[r.LightFunctionQuality:1]]
[2022.04.26-07.26.20:793][  0]LogConfig: Setting CVar [[r.ShadowQuality:5]]
[2022.04.26-07.26.20:793][  0]LogConfig: Setting CVar [[r.Shadow.CSM.MaxCascades:10]]
[2022.04.26-07.26.20:793][  0]LogConfig: Setting CVar [[r.Shadow.MaxResolution:2048]]
[2022.04.26-07.26.20:793][  0]LogConfig: Setting CVar [[r.Shadow.MaxCSMResolution:2048]]
[2022.04.26-07.26.20:793][  0]LogConfig: Setting CVar [[r.Shadow.RadiusThreshold:0.01]]
[2022.04.26-07.26.20:793][  0]LogConfig: Setting CVar [[r.Shadow.DistanceScale:1.0]]
[2022.04.26-07.26.20:793][  0]LogConfig: Setting CVar [[r.Shadow.CSM.TransitionScale:1.0]]
[2022.04.26-07.26.20:793][  0]LogConfig: Setting CVar [[r.Shadow.PreShadowResolutionFactor:1.0]]
[2022.04.26-07.26.20:793][  0]LogConfig: Setting CVar [[r.DistanceFieldShadowing:1]]
[2022.04.26-07.26.20:793][  0]LogConfig: Setting CVar [[r.DistanceFieldAO:1]]
[2022.04.26-07.26.20:793][  0]LogConfig: Setting CVar [[r.AOQuality:2]]
[2022.04.26-07.26.20:793][  0]LogConfig: Setting CVar [[r.VolumetricFog:1]]
[2022.04.26-07.26.20:793][  0]LogConfig: Setting CVar [[r.VolumetricFog.GridPixelSize:8]]
[2022.04.26-07.26.20:793][  0]LogConfig: Setting CVar [[r.VolumetricFog.GridSizeZ:128]]
[2022.04.26-07.26.20:793][  0]LogConfig: Setting CVar [[r.VolumetricFog.HistoryMissSupersampleCount:4]]
[2022.04.26-07.26.20:793][  0]LogConfig: Setting CVar [[r.LightMaxDrawDistanceScale:1]]
[2022.04.26-07.26.20:793][  0]LogConfig: Setting CVar [[r.CapsuleShadows:1]]
[2022.04.26-07.26.20:793][  0]LogConfig: Applying CVar settings from Section [PostProcessQuality@3] File [C:/Users/dmock/Unreal projects/P8/P8ToBeAnnounced/P8_VR_Home/Saved/Config/Windows/Scalability.ini]
[2022.04.26-07.26.20:793][  0]LogConfig: Setting CVar [[r.MotionBlurQuality:4]]
[2022.04.26-07.26.20:793][  0]LogConfig: Setting CVar [[r.AmbientOcclusionMipLevelFactor:0.4]]
[2022.04.26-07.26.20:793][  0]LogConfig: Setting CVar [[r.AmbientOcclusionMaxQuality:100]]
[2022.04.26-07.26.20:793][  0]LogConfig: Setting CVar [[r.AmbientOcclusionLevels:-1]]
[2022.04.26-07.26.20:793][  0]LogConfig: Setting CVar [[r.AmbientOcclusionRadiusScale:1.0]]
[2022.04.26-07.26.20:793][  0]LogConfig: Setting CVar [[r.DepthOfFieldQuality:2]]
[2022.04.26-07.26.20:793][  0]LogConfig: Setting CVar [[r.RenderTargetPoolMin:400]]
[2022.04.26-07.26.20:793][  0]LogConfig: Setting CVar [[r.LensFlareQuality:2]]
[2022.04.26-07.26.20:793][  0]LogConfig: Setting CVar [[r.SceneColorFringeQuality:1]]
[2022.04.26-07.26.20:793][  0]LogConfig: Setting CVar [[r.EyeAdaptationQuality:2]]
[2022.04.26-07.26.20:793][  0]LogConfig: Setting CVar [[r.BloomQuality:5]]
[2022.04.26-07.26.20:793][  0]LogConfig: Setting CVar [[r.FastBlurThreshold:100]]
[2022.04.26-07.26.20:793][  0]LogConfig: Setting CVar [[r.Upscale.Quality:3]]
[2022.04.26-07.26.20:793][  0]LogConfig: Setting CVar [[r.Tonemapper.GrainQuantization:1]]
[2022.04.26-07.26.20:793][  0]LogConfig: Setting CVar [[r.LightShaftQuality:1]]
[2022.04.26-07.26.20:793][  0]LogConfig: Setting CVar [[r.Filter.SizeScale:1]]
[2022.04.26-07.26.20:793][  0]LogConfig: Setting CVar [[r.Tonemapper.Quality:5]]
[2022.04.26-07.26.20:793][  0]LogConfig: Setting CVar [[r.DOF.Gather.AccumulatorQuality:1        ; higher gathering accumulator quality]]
[2022.04.26-07.26.20:793][  0]LogConfig: Setting CVar [[r.DOF.Gather.PostfilterMethod:1          ; Median3x3 postfilering method]]
[2022.04.26-07.26.20:793][  0]LogConfig: Setting CVar [[r.DOF.Gather.EnableBokehSettings:0       ; no bokeh simulation when gathering]]
[2022.04.26-07.26.20:793][  0]LogConfig: Setting CVar [[r.DOF.Gather.RingCount:4                 ; medium number of samples when gathering]]
[2022.04.26-07.26.20:793][  0]LogConfig: Setting CVar [[r.DOF.Scatter.ForegroundCompositing:1    ; additive foreground scattering]]
[2022.04.26-07.26.20:793][  0]LogConfig: Setting CVar [[r.DOF.Scatter.BackgroundCompositing:2    ; additive background scattering]]
[2022.04.26-07.26.20:793][  0]LogConfig: Setting CVar [[r.DOF.Scatter.EnableBokehSettings:1      ; bokeh simulation when scattering]]
[2022.04.26-07.26.20:793][  0]LogConfig: Setting CVar [[r.DOF.Scatter.MaxSpriteRatio:0.1         ; only a maximum of 10% of scattered bokeh]]
[2022.04.26-07.26.20:793][  0]LogConfig: Setting CVar [[r.DOF.Recombine.Quality:1                ; cheap slight out of focus]]
[2022.04.26-07.26.20:793][  0]LogConfig: Setting CVar [[r.DOF.Recombine.EnableBokehSettings:0    ; no bokeh simulation on slight out of focus]]
[2022.04.26-07.26.20:793][  0]LogConfig: Setting CVar [[r.DOF.TemporalAAQuality:1                ; more stable temporal accumulation]]
[2022.04.26-07.26.20:793][  0]LogConfig: Setting CVar [[r.DOF.Kernel.MaxForegroundRadius:0.025]]
[2022.04.26-07.26.20:793][  0]LogConfig: Setting CVar [[r.DOF.Kernel.MaxBackgroundRadius:0.025]]
[2022.04.26-07.26.20:793][  0]LogConfig: Applying CVar settings from Section [TextureQuality@3] File [C:/Users/dmock/Unreal projects/P8/P8ToBeAnnounced/P8_VR_Home/Saved/Config/Windows/Scalability.ini]
[2022.04.26-07.26.20:793][  0]LogConfig: Setting CVar [[r.Streaming.MipBias:0]]
[2022.04.26-07.26.20:793][  0]LogConfig: Setting CVar [[r.Streaming.AmortizeCPUToGPUCopy:0]]
[2022.04.26-07.26.20:793][  0]LogConfig: Setting CVar [[r.Streaming.MaxNumTexturesToStreamPerFrame:0]]
[2022.04.26-07.26.20:793][  0]LogConfig: Setting CVar [[r.Streaming.Boost:1]]
[2022.04.26-07.26.20:793][  0]LogConfig: Setting CVar [[r.MaxAnisotropy:8]]
[2022.04.26-07.26.20:793][  0]LogConfig: Setting CVar [[r.VT.MaxAnisotropy:8]]
[2022.04.26-07.26.20:793][  0]LogConfig: Setting CVar [[r.Streaming.LimitPoolSizeToVRAM:0]]
[2022.04.26-07.26.20:793][  0]LogConfig: Setting CVar [[r.Streaming.PoolSize:1000]]
[2022.04.26-07.26.20:793][  0]LogConfig: Setting CVar [[r.Streaming.MaxEffectiveScreenSize:0]]
[2022.04.26-07.26.20:793][  0]LogConfig: Applying CVar settings from Section [EffectsQuality@3] File [C:/Users/dmock/Unreal projects/P8/P8ToBeAnnounced/P8_VR_Home/Saved/Config/Windows/Scalability.ini]
[2022.04.26-07.26.20:793][  0]LogConfig: Setting CVar [[r.TranslucencyLightingVolumeDim:64]]
[2022.04.26-07.26.20:793][  0]LogConfig: Setting CVar [[r.RefractionQuality:2]]
[2022.04.26-07.26.20:793][  0]LogConfig: Setting CVar [[r.SSR.Quality:3]]
[2022.04.26-07.26.20:793][  0]LogConfig: Setting CVar [[r.SSR.HalfResSceneColor:0]]
[2022.04.26-07.26.20:793][  0]LogConfig: Setting CVar [[r.SceneColorFormat:4]]
[2022.04.26-07.26.20:793][  0]LogConfig: Setting CVar [[r.DetailMode:2]]
[2022.04.26-07.26.20:793][  0]LogConfig: Setting CVar [[r.TranslucencyVolumeBlur:1]]
[2022.04.26-07.26.20:793][  0]LogConfig: Setting CVar [[r.MaterialQualityLevel:1 ; High quality]]
[2022.04.26-07.26.20:793][  0]LogConfig: Setting CVar [[r.AnisotropicMaterials:1]]
[2022.04.26-07.26.20:793][  0]LogConfig: Setting CVar [[r.SSS.Scale:1]]
[2022.04.26-07.26.20:793][  0]LogConfig: Setting CVar [[r.SSS.SampleSet:2]]
[2022.04.26-07.26.20:793][  0]LogConfig: Setting CVar [[r.SSS.Quality:1]]
[2022.04.26-07.26.20:793][  0]LogConfig: Setting CVar [[r.SSS.HalfRes:0]]
[2022.04.26-07.26.20:793][  0]LogConfig: Setting CVar [[r.SSGI.Quality:3]]
[2022.04.26-07.26.20:793][  0]LogConfig: Setting CVar [[r.EmitterSpawnRateScale:1.0]]
[2022.04.26-07.26.20:793][  0]LogConfig: Setting CVar [[r.ParticleLightQuality:2]]
[2022.04.26-07.26.20:793][  0]LogConfig: Setting CVar [[r.SkyAtmosphere.AerialPerspectiveLUT.FastApplyOnOpaque:1 ; Always have FastSkyLUT 1 in this case to avoid wrong sky]]
[2022.04.26-07.26.20:793][  0]LogConfig: Setting CVar [[r.SkyAtmosphere.AerialPerspectiveLUT.SampleCountMaxPerSlice:4]]
[2022.04.26-07.26.20:793][  0]LogConfig: Setting CVar [[r.SkyAtmosphere.AerialPerspectiveLUT.DepthResolution:16.0]]
[2022.04.26-07.26.20:793][  0]LogConfig: Setting CVar [[r.SkyAtmosphere.FastSkyLUT:1]]
[2022.04.26-07.26.20:793][  0]LogConfig: Setting CVar [[r.SkyAtmosphere.FastSkyLUT.SampleCountMin:4.0]]
[2022.04.26-07.26.20:793][  0]LogConfig: Setting CVar [[r.SkyAtmosphere.FastSkyLUT.SampleCountMax:128.0]]
[2022.04.26-07.26.20:793][  0]LogConfig: Setting CVar [[r.SkyAtmosphere.SampleCountMin:4.0]]
[2022.04.26-07.26.20:793][  0]LogConfig: Setting CVar [[r.SkyAtmosphere.SampleCountMax:128.0]]
[2022.04.26-07.26.20:793][  0]LogConfig: Setting CVar [[r.SkyAtmosphere.TransmittanceLUT.UseSmallFormat:0]]
[2022.04.26-07.26.20:793][  0]LogConfig: Setting CVar [[r.SkyAtmosphere.TransmittanceLUT.SampleCount:10.0]]
[2022.04.26-07.26.20:793][  0]LogConfig: Setting CVar [[r.SkyAtmosphere.MultiScatteringLUT.SampleCount:15.0]]
[2022.04.26-07.26.20:793][  0]LogConfig: Setting CVar [[r.SkyLight.RealTimeReflectionCapture:1]]
[2022.04.26-07.26.20:793][  0]LogConfig: Applying CVar settings from Section [FoliageQuality@3] File [C:/Users/dmock/Unreal projects/P8/P8ToBeAnnounced/P8_VR_Home/Saved/Config/Windows/Scalability.ini]
[2022.04.26-07.26.20:793][  0]LogConfig: Setting CVar [[foliage.DensityScale:1.0]]
[2022.04.26-07.26.20:793][  0]LogConfig: Setting CVar [[grass.DensityScale:1.0]]
[2022.04.26-07.26.20:793][  0]LogConfig: Applying CVar settings from Section [ShadingQuality@3] File [C:/Users/dmock/Unreal projects/P8/P8ToBeAnnounced/P8_VR_Home/Saved/Config/Windows/Scalability.ini]
[2022.04.26-07.26.20:793][  0]LogConfig: Setting CVar [[r.HairStrands.SkyLighting.IntegrationType:2]]
[2022.04.26-07.26.20:793][  0]LogConfig: Setting CVar [[r.HairStrands.SkyAO.SampleCount:4]]
[2022.04.26-07.26.20:793][  0]LogConfig: Setting CVar [[r.HairStrands.Visibility.MSAA.SamplePerPixel:4]]
[2022.04.26-07.26.20:793][  0]LogConfig: Applying CVar settings from Section [Startup] File [../../../Engine/Config/ConsoleVariables.ini]
[2022.04.26-07.26.20:794][  0]LogConfig: Setting CVar [[net.UseAdaptiveNetUpdateFrequency:0]]
[2022.04.26-07.26.20:794][  0]LogConfig: Setting CVar [[p.chaos.AllowCreatePhysxBodies:1]]
[2022.04.26-07.26.20:794][  0]LogConfig: Setting CVar [[fx.SkipVectorVMBackendOptimizations:1]]
[2022.04.26-07.26.20:794][  0]LogConfig: Applying CVar settings from Section [ConsoleVariables] File [C:/Users/dmock/Unreal projects/P8/P8ToBeAnnounced/P8_VR_Home/Saved/Config/Windows/Engine.ini]
[2022.04.26-07.26.20:794][  0]LogConfig: Applying CVar settings from Section [ConsoleVariables] File [C:/Users/dmock/Unreal projects/P8/P8ToBeAnnounced/P8_VR_Home/Saved/Config/Windows/Editor.ini]
[2022.04.26-07.26.20:794][  0]LogInit: Computer: DAVID
[2022.04.26-07.26.20:794][  0]LogInit: User: dmock
[2022.04.26-07.26.20:794][  0]LogInit: CPU Page size=4096, Cores=8
[2022.04.26-07.26.20:794][  0]LogInit: High frequency timer resolution =10.000000 MHz
[2022.04.26-07.26.20:794][  0]LogMemory: Memory total: Physical=15.4GB (16GB approx)
[2022.04.26-07.26.20:794][  0]LogMemory: Platform Memory Stats for Windows
[2022.04.26-07.26.20:794][  0]LogMemory: Process Physical Memory: 146.64 MB used, 146.64 MB peak
[2022.04.26-07.26.20:794][  0]LogMemory: Process Virtual Memory: 128.63 MB used, 128.63 MB peak
[2022.04.26-07.26.20:794][  0]LogMemory: Physical Memory: 6685.07 MB used,  9091.28 MB free, 15776.35 MB total
[2022.04.26-07.26.20:794][  0]LogMemory: Virtual Memory: 134195704.00 MB used,  22026.01 MB free, 134217728.00 MB total
[2022.04.26-07.26.20:798][  0]LogWindows: WindowsPlatformFeatures enabled
[2022.04.26-07.26.20:813][  0]LogInit: Physics initialised using underlying interface: PhysX
[2022.04.26-07.26.20:813][  0]LogInit: Using OS detected language (en-US).
[2022.04.26-07.26.20:813][  0]LogInit: Using OS detected locale (en-US).
[2022.04.26-07.26.20:815][  0]LogTextLocalizationManager: No specific localization for 'en-US' exists, so the 'en' localization will be used.
[2022.04.26-07.26.20:945][  0]LogInit: Setting process to per monitor DPI aware
[2022.04.26-07.26.20:951][  0]LogWindowsTextInputMethodSystem: Display: IME system deactivated.
[2022.04.26-07.26.20:958][  0]LogSlate: New Slate User Created.  User Index 0, Is Virtual User: 0
[2022.04.26-07.26.20:958][  0]LogSlate: Slate User Registered.  User Index 0, Is Virtual User: 0
[2022.04.26-07.26.21:038][  0]LogD3D11RHI: Loaded GFSDK_Aftermath_Lib.x64.dll
[2022.04.26-07.26.21:120][  0]LogHMD: Optional extension XR_VARJO_quad_views is not available
[2022.04.26-07.26.21:120][  0]LogHMD: Warning: Required extension XR_EXT_eye_gaze_interaction is not available
[2022.04.26-07.26.21:120][  0]LogHMD: Could not enable all required OpenXR extensions for OpenXREyeTracker on current system. This plugin will be loaded but ignored, but will be enabled on a target platform that supports the required extension.
[2022.04.26-07.26.21:622][  0]LogHMD: Failed to get an OpenXR system, result is XR_ERROR_FORM_FACTOR_UNAVAILABLE. Please check that your runtime supports VR headsets.
[2022.04.26-07.26.21:622][  0]LogD3D11RHI: D3D11 min allowed feature level: 11_0
[2022.04.26-07.26.21:622][  0]LogD3D11RHI: D3D11 max allowed feature level: 11_0
[2022.04.26-07.26.21:622][  0]LogD3D11RHI: D3D11 adapters:
[2022.04.26-07.26.21:697][  0]LogD3D11RHI:    0. 'NVIDIA GeForce RTX 3050 Ti Laptop GPU' (Feature Level 11_0)
[2022.04.26-07.26.21:697][  0]LogD3D11RHI:       3990/0/7888 MB DedicatedVideo/DedicatedSystem/SharedSystem, Outputs:1, VendorId:0x10de
[2022.04.26-07.26.21:728][  0]LogD3D11RHI:    1. 'AMD Radeon(TM) Graphics' (Feature Level 11_0)
[2022.04.26-07.26.21:728][  0]LogD3D11RHI:       496/0/7888 MB DedicatedVideo/DedicatedSystem/SharedSystem, Outputs:0, VendorId:0x1002
[2022.04.26-07.26.21:729][  0]LogD3D11RHI:    2. 'Microsoft Basic Render Driver' (Feature Level 11_0)
[2022.04.26-07.26.21:729][  0]LogD3D11RHI:       0/0/7888 MB DedicatedVideo/DedicatedSystem/SharedSystem, Outputs:0, VendorId:0x1414
[2022.04.26-07.26.21:729][  0]LogD3D11RHI: Chosen D3D11 Adapter:
[2022.04.26-07.26.21:729][  0]LogD3D11RHI:     Description : NVIDIA GeForce RTX 3050 Ti Laptop GPU
[2022.04.26-07.26.21:729][  0]LogD3D11RHI:     VendorId    : 10de
[2022.04.26-07.26.21:729][  0]LogD3D11RHI:     DeviceId    : 25a0
[2022.04.26-07.26.21:729][  0]LogD3D11RHI:     SubSysId    : 14ec1043
[2022.04.26-07.26.21:729][  0]LogD3D11RHI:     Revision    : 00a1
[2022.04.26-07.26.21:729][  0]LogD3D11RHI:     DedicatedVideoMemory : 4183818240 bytes
[2022.04.26-07.26.21:729][  0]LogD3D11RHI:     DedicatedSystemMemory : 0 bytes
[2022.04.26-07.26.21:729][  0]LogD3D11RHI:     SharedSystemMemory : 8271351808 bytes
[2022.04.26-07.26.21:729][  0]LogD3D11RHI:     AdapterLuid : 0 55951
[2022.04.26-07.26.21:734][  0]LogD3D11RHI: Creating new Direct3DDevice
[2022.04.26-07.26.21:734][  0]LogD3D11RHI:     GPU DeviceId: 0x25a0 (for the marketing name, search the web for "GPU Device Id")
[2022.04.26-07.26.21:734][  0]LogWindows: EnumDisplayDevices:
[2022.04.26-07.26.21:735][  0]LogWindows:    0. 'AMD Radeon(TM) Graphics' (P:1 D:1)
[2022.04.26-07.26.21:735][  0]LogWindows:    1. 'AMD Radeon(TM) Graphics' (P:0 D:0)
[2022.04.26-07.26.21:735][  0]LogWindows:    2. 'AMD Radeon(TM) Graphics' (P:0 D:0)
[2022.04.26-07.26.21:735][  0]LogWindows:    3. 'NVIDIA GeForce RTX 3050 Ti Laptop GPU' (P:0 D:0)
[2022.04.26-07.26.21:735][  0]LogWindows:    4. 'NVIDIA GeForce RTX 3050 Ti Laptop GPU' (P:0 D:0)
[2022.04.26-07.26.21:735][  0]LogWindows:    5. 'NVIDIA GeForce RTX 3050 Ti Laptop GPU' (P:0 D:0)
[2022.04.26-07.26.21:735][  0]LogWindows:    6. 'NVIDIA GeForce RTX 3050 Ti Laptop GPU' (P:0 D:0)
[2022.04.26-07.26.21:735][  0]LogWindows: DebugString: PrimaryIsNotTheChoosenAdapter PrimaryIsNotTheChoosenAdapter PrimaryIsNotTheChoosenAdapter FoundDriverCount:4 
[2022.04.26-07.26.21:735][  0]LogD3D11RHI:     Adapter Name: NVIDIA GeForce RTX 3050 Ti Laptop GPU
[2022.04.26-07.26.21:735][  0]LogD3D11RHI:   Driver Version: 462.13 (internal:27.21.14.6213, unified:462.13)
[2022.04.26-07.26.21:735][  0]LogD3D11RHI:      Driver Date: 3-24-2021
[2022.04.26-07.26.21:735][  0]LogRHI: Texture pool is 2793 MB (70% of 3990 MB)
[2022.04.26-07.26.21:735][  0]LogD3D11RHI: Creating D3DDevice using adapter:
[2022.04.26-07.26.21:735][  0]LogD3D11RHI:     Description : NVIDIA GeForce RTX 3050 Ti Laptop GPU
[2022.04.26-07.26.21:735][  0]LogD3D11RHI:     VendorId    : 10de
[2022.04.26-07.26.21:735][  0]LogD3D11RHI:     DeviceId    : 25a0
[2022.04.26-07.26.21:735][  0]LogD3D11RHI:     SubSysId    : 14ec1043
[2022.04.26-07.26.21:735][  0]LogD3D11RHI:     Revision    : 00a1
[2022.04.26-07.26.21:735][  0]LogD3D11RHI:     DedicatedVideoMemory : 4183818240 bytes
[2022.04.26-07.26.21:735][  0]LogD3D11RHI:     DedicatedSystemMemory : 0 bytes
[2022.04.26-07.26.21:736][  0]LogD3D11RHI:     SharedSystemMemory : 8271351808 bytes
[2022.04.26-07.26.21:736][  0]LogD3D11RHI:     AdapterLuid : 0 55951
[2022.04.26-07.26.21:783][  0]LogD3D11RHI: RHI has support for 64 bit atomics
[2022.04.26-07.26.21:783][  0]LogD3D11RHI: Async texture creation enabled
[2022.04.26-07.26.21:783][  0]LogD3D11RHI: Array index from any shader is supported
[2022.04.26-07.26.21:799][  0]LogD3D11RHI: GPU Timing Frequency: 1000.000000 (Debug: 2 1)
[2022.04.26-07.26.21:809][  0]LogRHI: GeForceNow SDK initialized: 1
[2022.04.26-07.26.21:995][  0]LogTargetPlatformManager: Display: Loaded TargetPlatform 'AllDesktop'
[2022.04.26-07.26.22:013][  0]LogTargetPlatformManager: Display: Loaded TargetPlatform 'Android'
[2022.04.26-07.26.22:013][  0]LogTargetPlatformManager: Display: Loaded TargetPlatform 'Android_ASTC'
[2022.04.26-07.26.22:013][  0]LogTargetPlatformManager: Display: Loaded TargetPlatform 'Android_DXT'
[2022.04.26-07.26.22:013][  0]LogTargetPlatformManager: Display: Loaded TargetPlatform 'Android_ETC2'
[2022.04.26-07.26.22:013][  0]LogTargetPlatformManager: Display: Loaded TargetPlatform 'AndroidClient'
[2022.04.26-07.26.22:013][  0]LogTargetPlatformManager: Display: Loaded TargetPlatform 'Android_ASTCClient'
[2022.04.26-07.26.22:013][  0]LogTargetPlatformManager: Display: Loaded TargetPlatform 'Android_DXTClient'
[2022.04.26-07.26.22:013][  0]LogTargetPlatformManager: Display: Loaded TargetPlatform 'Android_ETC2Client'
[2022.04.26-07.26.22:013][  0]LogTargetPlatformManager: Display: Loaded TargetPlatform 'Android_Multi'
[2022.04.26-07.26.22:013][  0]LogTargetPlatformManager: Display: Loaded TargetPlatform 'Android_MultiClient'
[2022.04.26-07.26.22:028][  0]LogTargetPlatformManager: Display: Loaded TargetPlatform 'IOSClient'
[2022.04.26-07.26.22:028][  0]LogTargetPlatformManager: Display: Loaded TargetPlatform 'IOS'
[2022.04.26-07.26.22:036][  0]LogTargetPlatformManager: Display: Loaded TargetPlatform 'Linux'
[2022.04.26-07.26.22:040][  0]LogTargetPlatformManager: Display: Loaded TargetPlatform 'LinuxNoEditor'
[2022.04.26-07.26.22:044][  0]LogTargetPlatformManager: Display: Loaded TargetPlatform 'LinuxClient'
[2022.04.26-07.26.22:048][  0]LogTargetPlatformManager: Display: Loaded TargetPlatform 'LinuxServer'
[2022.04.26-07.26.22:056][  0]LogTargetPlatformManager: Display: Loaded TargetPlatform 'LinuxAArch64NoEditor'
[2022.04.26-07.26.22:059][  0]LogTargetPlatformManager: Display: Loaded TargetPlatform 'LinuxAArch64Client'
[2022.04.26-07.26.22:063][  0]LogTargetPlatformManager: Display: Loaded TargetPlatform 'LinuxAArch64Server'
[2022.04.26-07.26.22:083][  0]LogTargetPlatformManager: Display: Loaded TargetPlatform 'Lumin'
[2022.04.26-07.26.22:083][  0]LogTargetPlatformManager: Display: Loaded TargetPlatform 'LuminClient'
[2022.04.26-07.26.22:091][  0]LogTargetPlatformManager: Display: Loaded TargetPlatform 'MacNoEditor'
[2022.04.26-07.26.22:094][  0]LogTargetPlatformManager: Display: Loaded TargetPlatform 'Mac'
[2022.04.26-07.26.22:097][  0]LogTargetPlatformManager: Display: Loaded TargetPlatform 'MacClient'
[2022.04.26-07.26.22:101][  0]LogTargetPlatformManager: Display: Loaded TargetPlatform 'MacServer'
[2022.04.26-07.26.22:109][  0]LogTargetPlatformManager: Display: Loaded TargetPlatform 'TVOSClient'
[2022.04.26-07.26.22:109][  0]LogTargetPlatformManager: Display: Loaded TargetPlatform 'TVOS'
[2022.04.26-07.26.22:117][  0]LogTargetPlatformManager: Display: Loaded TargetPlatform 'WindowsNoEditor'
[2022.04.26-07.26.22:121][  0]LogTargetPlatformManager: Display: Loaded TargetPlatform 'Windows'
[2022.04.26-07.26.22:124][  0]LogTargetPlatformManager: Display: Loaded TargetPlatform 'WindowsClient'
[2022.04.26-07.26.22:128][  0]LogTargetPlatformManager: Display: Loaded TargetPlatform 'WindowsServer'
[2022.04.26-07.26.22:128][  0]LogTargetPlatformManager: Display: Building Assets For Windows
[2022.04.26-07.26.22:133][  0]LogAudioDebug: Display: Lib vorbis DLL was dynamically loaded.
[2022.04.26-07.26.22:156][  0]LogTextureFormatOodle: Display: Oodle Texture 2.9.0 init RDO Off
[2022.04.26-07.26.22:179][  0]LogRendererCore: Ray tracing is disabled. Reason: r.RayTracing=0.
[2022.04.26-07.26.22:179][  0]LogShaderCompilers: Guid format shader working directory is -30 characters bigger than the processId version (../../../../../../Users/dmock/Unreal projects/P8/P8ToBeAnnounced/P8_VR_Home/Intermediate/Shaders/WorkingDirectory/28332/).
[2022.04.26-07.26.22:180][  0]LogShaderCompilers: Cleaned the shader compiler working directory 'C:/Users/dmock/AppData/Local/Temp/UnrealShaderWorkingDir/975B799E41DDEE77C7CB989478CBBBAE/'.
[2022.04.26-07.26.22:180][  0]LogXGEController: Cannot use XGE Controller as Incredibuild is not installed on this machine.
[2022.04.26-07.26.22:180][  0]LogShaderCompilers: Cannot use XGE Shader Compiler as Incredibuild is not installed on this machine.
[2022.04.26-07.26.22:180][  0]LogShaderCompilers: Display: Using Local Shader Compiler.
[2022.04.26-07.26.22:711][  0]LogDerivedDataCache: Display: Max Cache Size: 512 MB
[2022.04.26-07.26.22:761][  0]LogDerivedDataCache: Loaded boot cache 0.05s 140MB C:/Users/dmock/AppData/Local/UnrealEngine/4.27/DerivedDataCache/Boot.ddc.
[2022.04.26-07.26.22:761][  0]LogDerivedDataCache: Display: Loaded Boot cache: C:/Users/dmock/AppData/Local/UnrealEngine/4.27/DerivedDataCache/Boot.ddc
[2022.04.26-07.26.22:762][  0]LogDerivedDataCache: FDerivedDataBackendGraph:  Pak pak cache file ../../../../../../Users/dmock/Unreal projects/P8/P8ToBeAnnounced/P8_VR_Home/DerivedDataCache/DDC.ddp not found, will not use a pak cache.
[2022.04.26-07.26.22:762][  0]LogDerivedDataCache: Unable to find inner node Pak for hierarchical cache Hierarchy.
[2022.04.26-07.26.22:762][  0]LogDerivedDataCache: FDerivedDataBackendGraph:  CompressedPak pak cache file ../../../../../../Users/dmock/Unreal projects/P8/P8ToBeAnnounced/P8_VR_Home/DerivedDataCache/Compressed.ddp not found, will not use a pak cache.
[2022.04.26-07.26.22:762][  0]LogDerivedDataCache: Unable to find inner node CompressedPak for hierarchical cache Hierarchy.
[2022.04.26-07.26.22:776][  0]LogDerivedDataCache: Display: Pak cache opened for reading ../../../Engine/DerivedDataCache/Compressed.ddp.
[2022.04.26-07.26.22:776][  0]LogDerivedDataCache: FDerivedDataBackendGraph:  EnterprisePak pak cache file ../../../Enterprise/DerivedDataCache/Compressed.ddp not found, will not use a pak cache.
[2022.04.26-07.26.22:776][  0]LogDerivedDataCache: Unable to find inner node EnterprisePak for hierarchical cache Hierarchy.
[2022.04.26-07.26.22:782][  0]LogDerivedDataCache: Speed tests for C:/Users/dmock/AppData/Local/UnrealEngine/Common/DerivedDataCache took 0.01 seconds
[2022.04.26-07.26.22:782][  0]LogDerivedDataCache: Display: Performance to C:/Users/dmock/AppData/Local/UnrealEngine/Common/DerivedDataCache: Latency=0.01ms. RandomReadSpeed=394.00MBs, RandomWriteSpeed=260.13MBs. Assigned SpeedClass 'Local'
[2022.04.26-07.26.22:783][  0]LogDerivedDataCache: Using Local data cache path C:/Users/dmock/AppData/Local/UnrealEngine/Common/DerivedDataCache: Writable
[2022.04.26-07.26.22:783][  0]LogDerivedDataCache: Shared data cache path not found in *engine.ini, will not use an Shared cache.
[2022.04.26-07.26.22:783][  0]LogDerivedDataCache: Unable to find inner node Shared for hierarchical cache Hierarchy.
[2022.04.26-07.26.22:816][  0]LogSlate: Using FreeType 2.10.0
[2022.04.26-07.26.22:816][  0]LogSlate: SlateFontServices - WITH_FREETYPE: 1, WITH_HARFBUZZ: 1
[2022.04.26-07.26.23:316][  0]LogHMD: Failed to get an OpenXR system, result is XR_ERROR_FORM_FACTOR_UNAVAILABLE. Please check that your runtime supports VR headsets.
[2022.04.26-07.26.23:332][  0]LogAssetRegistry: FAssetRegistry took 0.0024 seconds to start up
[2022.04.26-07.26.23:506][  0]LogInit: Selected Device Profile: [Windows]
[2022.04.26-07.26.23:506][  0]LogInit: Active device profile: [00000182D2B92A00][00000182C33B61C0 49] Windows
[2022.04.26-07.26.23:506][  0]LogInit: Profiles: [00000182D2B92A00][00000182C33B61C0 49] Windows, [00000182D2B45800][00000182C33BE340 49] WindowsNoEditor, [00000182D2B91800][00000182C33C24C0 49] WindowsServer, [00000182D2B46900][00000182D0DF6640 49] WindowsClient, [00000182D2B92B00][00000182D0DFA7C0 49] IOS, [00000182D2B45500][00000182D0DFE940 49] iPadAir, [00000182D2B91600][00000182D0E02AC0 49] iPadAir2, [00000182D2ADF300][00000182D0E0AD80 49] IPadPro, [00000182D2ADF400][00000182D0E06DC0 49] iPadAir3, [00000182D2B92F00][00000182D0E0EF40 49] iPadAir4, [00000182D2ADDD00][00000182C33BB080 49] iPadMini2, [00000182D2B91700][00000182D0E131C0 49] iPadMini3, [00000182D2ADF900][00000182D0E17300 49] iPadMini4, [00000182D2B91E00][00000182D0E1F480 49] iPadMini5, [00000182D2AF6C00][00000182D0E27740 49] iPhone6, [00000182D2AF6D00][00000182D0E23780 49] iPodTouch6, [00000182D2ADCD00][00000182D0E2FA40 49] iPhone7, [00000182D2ADCC00][00000182D0E2BA80 49] iPodTouch7, [00000182D2AF5C00][00000182D0E33C00 49] iPhone5S, [00000182D2ADF500][00000182D0E36200 49] iPhone6Plus, [00000182D2AF7300][00000182D0E3A380 49] iPhone6S, [00000182D2ADCA00][00000182D0E3E500 49] iPhone6SPlus, [00000182D2AF6E00][00000182D231C680 49] iPhone7Plus, [00000182D2ADD600][00000182D2320800 49] iPhoneSE, [00000182D2AF5D00][00000182D2324980 49] iPhone8, [00000182D2ADE600][00000182D2328B00 49] iPhone8Plus, [00000182D2AF5200][00000182D232CC80 49] iPhoneX, [00000182D2ADD300][00000182D2334E00 49] iPhoneXS, [00000182D2AF4200][00000182D233CF80 49] iPhoneXSMax, [00000182D2ADDE00][00000182D2341100 49] iPhoneXR, [00000182D2AF7400][00000182D0E1B240 49] iPhone11, [00000182D2ADF700][00000182D2345380 49] iPhone11Pro, [00000182D2AF5100][00000182D23494C0 49] iPhone11ProMax, [00000182D2ADEB00][00000182D2351640 49] iPhoneSE2, [00000182D2AF7F00][00000182D23557C0 49] iPhone12Mini, [00000182D2ADCE00][00000182D2359940 49] iPhone12, [00000182D2AF4C00][00000182D235DAC0 49] iPhone12Pro, [00000182D2ADF200][00000182D23600C0 49] iPhone12ProMax, [00000182D2AF7E00][00000182D2364240 49] iPadPro105, [00000182D2ADD700][00000182D23683C0 49] iPadPro129, [00000182D2AF6F00][00000182D236C540 49] iPadPro97, [00000182D2ADE100][00000182D23706C0 49] iPadPro2_129, [00000182D2AF7B00][00000182D2374840 49] iPad5, [00000182D2ADFF00][00000182D23789C0 49] iPad6, [00000182D2AF4300][00000182D237CB40 49] iPad7, [00000182D2ADD200][00000182CECEACC0 49] iPad8, [00000182D2AF7000][00000182D2380E40 49] iPadPro11, [00000182D2C00D00][00000182D2384FC0 49] iPadPro2_11, [00000182D2B47600][00000182D2389140 49] iPadPro3_129, [00000182D2C00300][00000182D238D2C0 49] iPadPro4_129, [00000182D2B46400][00000182D234D400 49] AppleTV, [00000182D2C00B00][00000182CF1CB540 49] AppleTV4K, [00000182D2B46A00][00000182CF1CF680 49] TVOS, [00000182D2C01700][00000182CF1E77C0 49] Mac, [00000182D2B47A00][00000182C4B3F940 49] MacClient, [00000182D2C01000][00000182C4B47AC0 49] MacNoEditor, [00000182D2B46F00][00000182C4B4A0C0 49] MacServer, [00000182D2C01600][00000182C4B4E240 49] Linux, [00000182D2B45B00][00000182C4B523C0 49] LinuxAArch64, [00000182D2C01400][00000182C4B56540 49] LinuxNoEditor, [00000182D2B44600][00000182CEC7E6C0 49] LinuxAArch64NoEditor, [00000182D2C00200][00000182CEC82840 49] LinuxClient, [00000182D2B46700][00000182CEC869C0 49] LinuxAArch64Client, [00000182D2AF4900][00000182CEC8AB40 49] LinuxServer, [00000182D2ADE900][00000182CEC8ECC0 49] LinuxAArch64Server, [00000182D2AF6400][00000182CEC92E40 49] Android, [00000182D2ADE200][00000182CEC96FC0 49] Android_Low, [00000182D2AF5600][00000182CEC9B140 49] Android_Mid, [00000182D2ADE400][00000182CEC9F2C0 49] Android_High, [00000182D2AF7C00][00000182CECA3440 49] Android_Default, [00000182D2ADD400][00000182C4B3B580 49] Android_Adreno4xx, [00000182D2AF5300][00000182CECA76C0 49] Android_Adreno5xx_Low, [00000182D2ADE300][00000182CECAB800 49] Android_Adreno5xx, [00000182D2AF4100][00000182CECAF940 49] Android_Adreno6xx, [00000182D2ADEA00][00000182CECB7AC0 49] Android_Adreno6xx_Vulkan, [00000182D2AF7600][00000182CECBA0C0 49] Android_Mali_T6xx, [00000182D2ADFA00][00000182CECBE240 49] Android_Mali_T7xx, [00000182D2AF6700][00000182CECC23C0 49] Android_Mali_T8xx, [00000182D2ADEE00][00000182CECC6540 49] Android_Mali_G71, [00000182D2AF5900][00000182CECCA6C0 49] Android_Mali_G72, [00000182D2ADE500][00000182CECCE840 49] Android_Mali_G72_Vulkan, [00000182D2AF4500][00000182D33A09C0 49] Android_Mali_G76, [00000182D2ADD100][00000182D33A4B40 49] Android_Mali_G76_Vulkan, [00000182D2AF4800][00000182D33A8CC0 49] Android_Mali_G77, [00000182D2ADDC00][00000182D33ACE40 49] Android_Mali_G77_Vulkan, [00000182D2AF5400][00000182D33B0FC0 49] Android_Mali_G78, [00000182D2ADE700][00000182D33B5140 49] Android_Mali_G78_Vulkan, [00000182D2AF5000][00000182D33B92C0 49] Android_Mali_G710, [00000182D2ADD800][00000182D33BD440 49] Android_Mali_G710_Vulkan, [00000182D2AF4D00][00000182D33C15C0 49] Android_Vulkan_SM5, [00000182D2ADE000][00000182D33C5740 49] Android_PowerVR_G6xxx, [00000182D2C00400][00000182CECB3880 49] Android_PowerVR_GT7xxx, [00000182D2ADD500][00000182D33C99C0 49] Android_PowerVR_GE8xxx, [00000182D2C00F00][00000182D33CDB00 49] Android_PowerVR_GM9xxx, [00000182D2ADEC00][00000182D33D4100 49] Android_PowerVR_GM9xxx_Vulkan, [00000182D2B92700][00000182D33D8280 49] Android_TegraK1, [00000182D2B45200][00000182D33DC400 49] Android_Unknown_Vulkan, [00000182D2B92200][00000182D33E0580 49] Lumin, [00000182D2B46C00][00000182D33E4700 49] Lumin_Desktop, [00000182D2B92600][00000182D33E8880 49] HoloLens, 
[2022.04.26-07.26.23:538][  0]LogMeshReduction: Using QuadricMeshReduction for automatic static mesh reduction
[2022.04.26-07.26.23:538][  0]LogMeshReduction: Using SimplygonMeshReduction for automatic skeletal mesh reduction
[2022.04.26-07.26.23:538][  0]LogMeshReduction: Using ProxyLODMeshReduction for automatic mesh merging
[2022.04.26-07.26.23:538][  0]LogMeshReduction: No distributed automatic mesh merging module available
[2022.04.26-07.26.23:538][  0]LogMeshMerging: No distributed automatic mesh merging module available
[2022.04.26-07.26.23:609][  0]LogNetVersion: P8_VR_Home 1.0.0, NetCL: 17155196, EngineNetVer: 17, GameNetVer: 0 (Checksum: 1173850688)
[2022.04.26-07.26.23:862][  0]LogTexture: Default maximum texture size for cubemaps generated from long-lat sources has been changed from 512 to unlimited. In order to preserve old behaiour for '/Engine/MapTemplates/Sky/DaylightAmbientCubemap.DaylightAmbientCubemap', its maximum texture size has been explicitly set to 512.
[2022.04.26-07.26.23:898][  0]LogHMD: PokeAHoleMaterial loaded successfully
[2022.04.26-07.26.23:902][  0]LogUObjectArray: 17075 objects as part of root set at end of initial load.
[2022.04.26-07.26.23:902][  0]LogUObjectAllocator: 4275792 out of 0 bytes used by permanent object pool.
[2022.04.26-07.26.23:903][  0]LogUObjectArray: CloseDisregardForGC: 0/0 objects in disregard for GC pool
[2022.04.26-07.26.24:024][  0]LogNiagaraDebuggerClient: Niagara Debugger Client Initialized | Session: CB4A26894A96EF4BB0C376AC2FAF8C0D | Instance: 03785BDC41BEEEC7368ABB843C2F0E34 (DAVID-28332).
[2022.04.26-07.26.24:114][  0]LogPython: Using Python 3.7.7
[2022.04.26-07.26.24:484][  0]LogTcpMessaging: Initializing TcpMessaging bridge
[2022.04.26-07.26.24:488][  0]LogUdpMessaging: Initializing bridge on interface 0.0.0.0:0 to multicast group 230.0.0.1:6666.
[2022.04.26-07.26.24:749][  0]LogTexture: Default maximum texture size for cubemaps generated from long-lat sources has been changed from 512 to unlimited. In order to preserve old behaiour for '/Engine/EditorMaterials/AssetViewer/EpicQuadPanorama_CC+EV1.EpicQuadPanorama_CC+EV1', its maximum texture size has been explicitly set to 512.
[2022.04.26-07.26.25:353][  0]SourceControl: Source control is disabled
[2022.04.26-07.26.25:353][  0]SourceControl: Source control is disabled
[2022.04.26-07.26.25:355][  0]SourceControl: Source control is disabled
[2022.04.26-07.26.25:359][  0]SourceControl: Source control is disabled
[2022.04.26-07.26.25:364][  0]SourceControl: Source control is disabled
[2022.04.26-07.26.25:369][  0]LogUProjectInfo: Found projects:
[2022.04.26-07.26.25:371][  0]LogVSAccessor: Display: Unable to create Visual Studio setup instance: 80040154
[2022.04.26-07.26.25:372][  0]LogVSAccessor: Display: Unable to create Visual Studio setup instance: 80040154
[2022.04.26-07.26.25:372][  0]LogVSAccessor: Display: Unable to create Visual Studio setup instance: 80040154
[2022.04.26-07.26.25:489][  0]LogOpenImageDenoise: OIDN starting up
[2022.04.26-07.26.25:501][  0]LogAndroidPermission: UAndroidPermissionCallbackProxy::GetInstance
[2022.04.26-07.26.25:518][  0]LogAudioCaptureCore: Display: No Audio Capture implementations found. Audio input will be silent.
[2022.04.26-07.26.25:518][  0]LogAudioCaptureCore: Display: No Audio Capture implementations found. Audio input will be silent.
[2022.04.26-07.26.25:684][  0]LogOcInput: OculusInput pre-init called
[2022.04.26-07.26.25:804][  0]LogCollectionManager: Loaded 0 collections in 0.001119 seconds
[2022.04.26-07.26.25:855][  0]LogFileCache: Scanning file cache for directory 'C:/Users/dmock/Unreal projects/P8/P8ToBeAnnounced/P8_VR_Home/Saved/Collections/' took 0.00s
[2022.04.26-07.26.25:855][  0]LogFileCache: Scanning file cache for directory 'C:/Users/dmock/Unreal projects/P8/P8ToBeAnnounced/P8_VR_Home/Content/Developers/dmock/Collections/' took 0.00s
[2022.04.26-07.26.25:855][  0]LogFileCache: Scanning file cache for directory 'C:/Users/dmock/Unreal projects/P8/P8ToBeAnnounced/P8_VR_Home/Content/Collections/' took 0.00s
[2022.04.26-07.26.25:855][  0]LogEngine: Initializing Engine...
[2022.04.26-07.26.26:357][  0]LogHMD: Failed to get an OpenXR system, result is XR_ERROR_FORM_FACTOR_UNAVAILABLE. Please check that your runtime supports VR headsets.
[2022.04.26-07.26.26:357][  0]LogMagicLeap: Warning: VR disabled because ZI is not enabled.  To enable, in the editor, Edit -> Project Settings -> Plugins -> Magic Leap Plugin -> Enable Zero Iteration
[2022.04.26-07.26.26:357][  0]LogStats: UGameplayTagsManager::InitializeManager -  0.000 s
[2022.04.26-07.26.26:436][  0]LogInit: Initializing FReadOnlyCVARCache
[2022.04.26-07.26.26:443][  0]LogAIModule: Creating AISystem for world Untitled
[2022.04.26-07.26.26:450][  0]LogAudio: Display: Initializing Audio Device Manager...
[2022.04.26-07.26.26:453][  0]LogAudio: Display: Loading Default Audio Settings Objects...
[2022.04.26-07.26.26:453][  0]LogAudio: Display: No default SoundConcurrencyObject specified (or failed to load).
[2022.04.26-07.26.26:453][  0]LogAudio: Display: Audio Device Manager Initialized
[2022.04.26-07.26.26:453][  0]LogAudio: Display: Creating Audio Device:                 Id: 1, Scope: Shared, Realtime: True
[2022.04.26-07.26.26:453][  0]LogAudioMixer: Display: Audio Mixer Platform Settings:
[2022.04.26-07.26.26:453][  0]LogAudioMixer: Display: 	Sample Rate:						  48000
[2022.04.26-07.26.26:454][  0]LogAudioMixer: Display: 	Callback Buffer Frame Size Requested: 1024
[2022.04.26-07.26.26:454][  0]LogAudioMixer: Display: 	Callback Buffer Frame Size To Use:	  1024
[2022.04.26-07.26.26:454][  0]LogAudioMixer: Display: 	Number of buffers to queue:			  1
[2022.04.26-07.26.26:454][  0]LogAudioMixer: Display: 	Max Channels (voices):				  0
[2022.04.26-07.26.26:454][  0]LogAudioMixer: Display: 	Number of Async Source Workers:		  4
[2022.04.26-07.26.26:454][  0]LogAudio: Display: AudioDevice MaxSources: 32
[2022.04.26-07.26.26:454][  0]LogAudio: Display: Audio Spatialization Plugin: Resonance Audio is external send: 1
[2022.04.26-07.26.26:454][  0]LogAudio: Display: Audio Reverb Plugin: Resonance Audio
[2022.04.26-07.26.26:454][  0]LogAudio: Display: Audio Occlusion Plugin: None (built-in).
[2022.04.26-07.26.26:454][  0]LogAudioMixer: Display: Initializing audio mixer.
[2022.04.26-07.26.26:461][  0]LogAudioMixer: Display: 0: FrontLeft
[2022.04.26-07.26.26:461][  0]LogAudioMixer: Display: 1: FrontRight
[2022.04.26-07.26.26:605][  0]LogAudioMixer: Display: Using Audio Device Højttalere (Realtek(R) Audio)
[2022.04.26-07.26.26:606][  0]LogAudioMixer: Display: Initializing Sound Submixes...
[2022.04.26-07.26.26:608][  0]LogAudioMixer: Display: Creating Master Submix 'MasterSubmixDefault'
[2022.04.26-07.26.26:608][  0]LogAudioMixer: Display: Creating Master Submix 'MasterReverbSubmixDefault'
[2022.04.26-07.26.26:608][  0]LogAudioMixer: Display: Creating Master Submix 'MasterEQSubmixDefault'
[2022.04.26-07.26.26:615][  0]LogAudioMixer: FMixerPlatformXAudio2::StartAudioStream() called
[2022.04.26-07.26.26:615][  0]LogAudioMixer: Display: Output buffers initialized: Frames=1024, Channels=2, Samples=2048
[2022.04.26-07.26.26:616][  0]LogAudioMixer: Display: Starting AudioMixerPlatformInterface::RunInternal()
[2022.04.26-07.26.26:616][  0]LogAudioMixer: Display: FMixerPlatformXAudio2::SubmitBuffer() called for the first time
[2022.04.26-07.26.26:616][  0]LogInit: FAudioDevice initialized.
[2022.04.26-07.26.26:616][  0]LogAudio: Display: Audio Device (ID: 1) registered with world 'Untitled'.
[2022.04.26-07.26.26:616][  0]LogNetVersion: Set ProjectVersion to 1.0.0.0. Version Checksum will be recalculated on next use.
[2022.04.26-07.26.26:675][  0]LogDerivedDataCache: Saved boot cache 0.06s 140MB C:/Users/dmock/AppData/Local/UnrealEngine/4.27/DerivedDataCache/Boot.ddc.
[2022.04.26-07.26.26:676][  0]LogInit: Texture streaming: Enabled
[2022.04.26-07.26.26:686][  0]LogAnalytics: Display: [UEEditor.Rocket.Release] APIServer = https://datarouter.ol.epicgames.com/. AppVersion = 4.27.2-18319896+++UE4+Release-4.27
[2022.04.26-07.26.26:689][  0]LogEngineSessionManager: EngineSessionManager initialized
[2022.04.26-07.26.26:689][  0]LogEditorSessionSummary: Verbose: Initializing EditorSessionSummaryWriter for editor session tracking
[2022.04.26-07.26.26:690][  0]LogEditorSessionSummary: EditorSessionSummaryWriter initialized
[2022.04.26-07.26.26:713][  0]LogInit: Transaction tracking system initialized
[2022.04.26-07.26.26:730][  0]BlueprintLog: New page: Editor Load
[2022.04.26-07.26.26:778][  0]LocalizationService: Localization service is disabled
[2022.04.26-07.26.26:796][  0]TimingProfiler: Initialize
[2022.04.26-07.26.26:796][  0]TimingProfiler: OnSessionChanged
[2022.04.26-07.26.26:796][  0]LoadingProfiler: Initialize
[2022.04.26-07.26.26:796][  0]LoadingProfiler: OnSessionChanged
[2022.04.26-07.26.26:796][  0]NetworkingProfiler: Initialize
[2022.04.26-07.26.26:796][  0]NetworkingProfiler: OnSessionChanged
[2022.04.26-07.26.26:796][  0]MemoryProfiler: Initialize
[2022.04.26-07.26.26:796][  0]MemoryProfiler: OnSessionChanged
[2022.04.26-07.26.27:020][  0]LogVSAccessor: Display: Unable to create Visual Studio setup instance: 80040154
[2022.04.26-07.26.27:020][  0]LogVSAccessor: Display: Unable to create Visual Studio setup instance: 80040154
[2022.04.26-07.26.27:021][  0]LogVSAccessor: Display: Unable to create Visual Studio setup instance: 80040154
[2022.04.26-07.26.27:153][  0]LogCook: Display: CookSettings for Memory: MemoryMaxUsedVirtual 0MiB, MemoryMaxUsedPhysical 16384MiB, MemoryMinFreeVirtual 0MiB, MemoryMinFreePhysical 1024MiB
[2022.04.26-07.26.27:153][  0]LogCook: Display: Mobile HDR setting 1
[2022.04.26-07.26.27:313][  0]LogFileCache: Scanning file cache for directory 'C:/Users/dmock/Unreal projects/P8/P8ToBeAnnounced/P8_VR_Home/Content/' took 0.01s
[2022.04.26-07.26.27:313][  0]LogInit: Display: Engine is initialized. Leaving FEngineLoop::Init()
[2022.04.26-07.26.27:314][  0]SourceControl: Source control is disabled
[2022.04.26-07.26.27:314][  0]LogUnrealEdMisc: Loading editor; pre map load, took 7.804
[2022.04.26-07.26.27:314][  0]Cmd: MAP LOAD FILE="../../../../../../Users/dmock/Unreal projects/P8/P8ToBeAnnounced/P8_VR_Home/Content/VRTemplate/Maps/VRTemplateMap.umap" TEMPLATE=0 SHOWPROGRESS=1 FEATURELEVEL=3
[2022.04.26-07.26.27:315][  0]LightingResults: New page: Lighting Build
[2022.04.26-07.26.27:316][  0]LogWorld: UWorld::CleanupWorld for Untitled, bSessionEnded=true, bCleanupResources=true
[2022.04.26-07.26.27:316][  0]LogSlate: InvalidateAllWidgets triggered.  All widgets were invalidated
[2022.04.26-07.26.27:316][  0]MapCheck: New page: Map Check
[2022.04.26-07.26.27:316][  0]LightingResults: New page: Lighting Build
[2022.04.26-07.26.27:336][  0]LogAudio: Display: Audio Device unregistered from world 'None'.
[2022.04.26-07.26.27:338][  0]LogUObjectHash: Compacting FUObjectHashTables data took   0.80ms
[2022.04.26-07.26.28:411][  0]LogLinker: Warning: Asset '../../../../../../Users/dmock/Unreal projects/P8/P8ToBeAnnounced/P8_VR_Home/Content/Materials/PP_Outliner_M.uasset' has been saved with empty engine version. The asset will be loaded but may be incompatible.
[2022.04.26-07.26.28:418][  0]LogLinker: Warning: Asset '../../../../../../Users/dmock/Unreal projects/P8/P8ToBeAnnounced/P8_VR_Home/Content/Materials/MF_ConvolveTexture.uasset' has been saved with empty engine version. The asset will be loaded but may be incompatible.
[2022.04.26-07.26.28:422][  0]LogLinker: Warning: Asset '../../../../../../Users/dmock/Unreal projects/P8/P8ToBeAnnounced/P8_VR_Home/Content/Materials/MF_ExtractDepth.uasset' has been saved with empty engine version. The asset will be loaded but may be incompatible.
[2022.04.26-07.26.28:426][  0]LogLinker: Warning: Asset '../../../../../../Users/dmock/Unreal projects/P8/P8ToBeAnnounced/P8_VR_Home/Content/Materials/MF_SampleSceneTextureNeighbourUVs.uasset' has been saved with empty engine version. The asset will be loaded but may be incompatible.
[2022.04.26-07.26.28:941][  0]LogLinker: Warning: [AssetLog] C:\Users\dmock\Unreal projects\P8\P8ToBeAnnounced\P8_VR_Home\Content\ScriptsBluePrints\newfridge_actualFridge.uasset: Failed to load '/Game/ScriptsBluePrints/su': Can't find file.
[2022.04.26-07.26.28:941][  0]LogLinker: Warning: [AssetLog] C:\Users\dmock\Unreal projects\P8\P8ToBeAnnounced\P8_VR_Home\Content\ScriptsBluePrints\newfridge_actualFridge.uasset: Failed to load '/Game/ScriptsBluePrints/su': Can't find file.
[2022.04.26-07.26.28:941][  0]LogLinker: Warning: [AssetLog] C:\Users\dmock\Unreal projects\P8\P8ToBeAnnounced\P8_VR_Home\Content\ScriptsBluePrints\newfridge_actualFridge.uasset: Failed to load '/Game/ScriptsBluePrints/su': Can't find file.
[2022.04.26-07.26.28:945][  0]LogLinker: Warning: [AssetLog] C:\Users\dmock\Unreal projects\P8\P8ToBeAnnounced\P8_VR_Home\Content\ScriptsBluePrints\newfridge_Circle.uasset: Failed to load '/Game/ScriptsBluePrints/DefaultMaterial': Can't find file.
[2022.04.26-07.26.28:945][  0]LogLinker: Warning: [AssetLog] C:\Users\dmock\Unreal projects\P8\P8ToBeAnnounced\P8_VR_Home\Content\ScriptsBluePrints\newfridge_Circle.uasset: Failed to load '/Game/ScriptsBluePrints/DefaultMaterial': Can't find file.
[2022.04.26-07.26.28:946][  0]LogLinker: Warning: [AssetLog] C:\Users\dmock\Unreal projects\P8\P8ToBeAnnounced\P8_VR_Home\Content\ScriptsBluePrints\newfridge_Circle.uasset: Failed to load '/Game/ScriptsBluePrints/DefaultMaterial': Can't find file.
[2022.04.26-07.26.28:950][  0]LogLinker: Warning: [AssetLog] C:\Users\dmock\Unreal projects\P8\P8ToBeAnnounced\P8_VR_Home\Content\ScriptsBluePrints\newfridge_crankAndrobe.uasset: Failed to load '/Game/ScriptsBluePrints/inox1': Can't find file.
[2022.04.26-07.26.28:950][  0]LogLinker: Warning: [AssetLog] C:\Users\dmock\Unreal projects\P8\P8ToBeAnnounced\P8_VR_Home\Content\ScriptsBluePrints\newfridge_crankAndrobe.uasset: Failed to load '/Game/ScriptsBluePrints/inox1': Can't find file.
[2022.04.26-07.26.28:950][  0]LogLinker: Warning: [AssetLog] C:\Users\dmock\Unreal projects\P8\P8ToBeAnnounced\P8_VR_Home\Content\ScriptsBluePrints\newfridge_crankAndrobe.uasset: Failed to load '/Game/ScriptsBluePrints/inox1': Can't find file.
[2022.04.26-07.26.28:954][  0]LogLinker: Warning: [AssetLog] C:\Users\dmock\Unreal projects\P8\P8ToBeAnnounced\P8_VR_Home\Content\ScriptsBluePrints\newfridge_Cube.uasset: Failed to load '/Game/ScriptsBluePrints/inox1': Can't find file.
[2022.04.26-07.26.28:954][  0]LogLinker: Warning: [AssetLog] C:\Users\dmock\Unreal projects\P8\P8ToBeAnnounced\P8_VR_Home\Content\ScriptsBluePrints\newfridge_Cube.uasset: Failed to load '/Game/ScriptsBluePrints/inox1': Can't find file.
[2022.04.26-07.26.28:958][  0]LogLinker: Warning: [AssetLog] C:\Users\dmock\Unreal projects\P8\P8ToBeAnnounced\P8_VR_Home\Content\ScriptsBluePrints\newfridge_Cylinder.uasset: Failed to load '/Game/ScriptsBluePrints/Veneer_C02_120cm': Can't find file.
[2022.04.26-07.26.28:958][  0]LogLinker: Warning: [AssetLog] C:\Users\dmock\Unreal projects\P8\P8ToBeAnnounced\P8_VR_Home\Content\ScriptsBluePrints\newfridge_Cylinder.uasset: Failed to load '/Game/ScriptsBluePrints/Veneer_C02_120cm': Can't find file.
[2022.04.26-07.26.28:958][  0]LogLinker: Warning: [AssetLog] C:\Users\dmock\Unreal projects\P8\P8ToBeAnnounced\P8_VR_Home\Content\ScriptsBluePrints\newfridge_Cylinder.uasset: Failed to load '/Game/ScriptsBluePrints/Veneer_C02_120cm': Can't find file.
[2022.04.26-07.26.28:962][  0]LogLinker: Warning: [AssetLog] C:\Users\dmock\Unreal projects\P8\P8ToBeAnnounced\P8_VR_Home\Content\ScriptsBluePrints\newfridge_Cylinder_001.uasset: Failed to load '/Game/ScriptsBluePrints/3dce5eb1cce44beea64fd92ce66ce4f5': Can't find file.
[2022.04.26-07.26.28:962][  0]LogLinker: Warning: [AssetLog] C:\Users\dmock\Unreal projects\P8\P8ToBeAnnounced\P8_VR_Home\Content\ScriptsBluePrints\newfridge_Cylinder_001.uasset: Failed to load '/Game/ScriptsBluePrints/3dce5eb1cce44beea64fd92ce66ce4f5': Can't find file.
[2022.04.26-07.26.28:962][  0]LogLinker: Warning: [AssetLog] C:\Users\dmock\Unreal projects\P8\P8ToBeAnnounced\P8_VR_Home\Content\ScriptsBluePrints\newfridge_Cylinder_001.uasset: Failed to load '/Game/ScriptsBluePrints/inox1': Can't find file.
[2022.04.26-07.26.28:962][  0]LogLinker: Warning: [AssetLog] C:\Users\dmock\Unreal projects\P8\P8ToBeAnnounced\P8_VR_Home\Content\ScriptsBluePrints\newfridge_Cylinder_001.uasset: Failed to load '/Game/ScriptsBluePrints/3dce5eb1cce44beea64fd92ce66ce4f5': Can't find file.
[2022.04.26-07.26.28:962][  0]LogLinker: Warning: [AssetLog] C:\Users\dmock\Unreal projects\P8\P8ToBeAnnounced\P8_VR_Home\Content\ScriptsBluePrints\newfridge_Cylinder_001.uasset: Failed to load '/Game/ScriptsBluePrints/inox1': Can't find file.
[2022.04.26-07.26.28:967][  0]LogLinker: Warning: [AssetLog] C:\Users\dmock\Unreal projects\P8\P8ToBeAnnounced\P8_VR_Home\Content\ScriptsBluePrints\newfridge_Cylinder_002.uasset: Failed to load '/Game/ScriptsBluePrints/inox1': Can't find file.
[2022.04.26-07.26.28:967][  0]LogLinker: Warning: [AssetLog] C:\Users\dmock\Unreal projects\P8\P8ToBeAnnounced\P8_VR_Home\Content\ScriptsBluePrints\newfridge_Cylinder_002.uasset: Failed to load '/Game/ScriptsBluePrints/inox1': Can't find file.
[2022.04.26-07.26.28:972][  0]LogLinker: Warning: [AssetLog] C:\Users\dmock\Unreal projects\P8\P8ToBeAnnounced\P8_VR_Home\Content\ScriptsBluePrints\newfridge_Cylinder_012.uasset: Failed to load '/Game/ScriptsBluePrints/inox1': Can't find file.
[2022.04.26-07.26.28:972][  0]LogLinker: Warning: [AssetLog] C:\Users\dmock\Unreal projects\P8\P8ToBeAnnounced\P8_VR_Home\Content\ScriptsBluePrints\newfridge_Cylinder_012.uasset: Failed to load '/Game/ScriptsBluePrints/inox1': Can't find file.
[2022.04.26-07.26.28:975][  0]LogLinker: Warning: [AssetLog] C:\Users\dmock\Unreal projects\P8\P8ToBeAnnounced\P8_VR_Home\Content\ScriptsBluePrints\newfridge_Group_884_2.uasset: Failed to load '/Game/ScriptsBluePrints/Veneer_C02_120cm': Can't find file.
[2022.04.26-07.26.28:975][  0]LogLinker: Warning: [AssetLog] C:\Users\dmock\Unreal projects\P8\P8ToBeAnnounced\P8_VR_Home\Content\ScriptsBluePrints\newfridge_Group_884_2.uasset: Failed to load '/Game/ScriptsBluePrints/Veneer_C02_120cm': Can't find file.
[2022.04.26-07.26.28:979][  0]LogLinker: Warning: [AssetLog] C:\Users\dmock\Unreal projects\P8\P8ToBeAnnounced\P8_VR_Home\Content\ScriptsBluePrints\newfridge_Torus.uasset: Failed to load '/Game/ScriptsBluePrints/inox1': Can't find file.
[2022.04.26-07.26.28:979][  0]LogLinker: Warning: [AssetLog] C:\Users\dmock\Unreal projects\P8\P8ToBeAnnounced\P8_VR_Home\Content\ScriptsBluePrints\newfridge_Torus.uasset: Failed to load '/Game/ScriptsBluePrints/inox1': Can't find file.
[2022.04.26-07.26.29:195][  0]LogLinker: Warning: [AssetLog] C:\Users\dmock\Unreal projects\P8\P8ToBeAnnounced\P8_VR_Home\Content\ScriptsBluePrints\newfridge_Torus.uasset: Failed to load '/Game/ScriptsBluePrints/inox1': Can't find file.
[2022.04.26-07.26.29:195][  0]LoadErrors: Failed to load /Game/ScriptsBluePrints/inox1.inox1 Referenced by newfridge_Torus
[2022.04.26-07.26.29:196][  0]LogLinker: Warning: [AssetLog] C:\Users\dmock\Unreal projects\P8\P8ToBeAnnounced\P8_VR_Home\Content\ScriptsBluePrints\newfridge_Torus.uasset: Failed to load '/Game/ScriptsBluePrints/inox1': Can't find file.
[2022.04.26-07.26.29:196][  0]LoadErrors: Failed to load /Game/ScriptsBluePrints/inox1.inox1 Referenced by newfridge_Torus
[2022.04.26-07.26.29:196][  0]LogLinker: Warning: [AssetLog] C:\Users\dmock\Unreal projects\P8\P8ToBeAnnounced\P8_VR_Home\Content\ScriptsBluePrints\newfridge_Group_884_2.uasset: Failed to load '/Game/ScriptsBluePrints/Veneer_C02_120cm': Can't find file.
[2022.04.26-07.26.29:196][  0]LoadErrors: Failed to load /Game/ScriptsBluePrints/Veneer_C02_120cm.Veneer_C02_120cm Referenced by newfridge_Group_884_2
[2022.04.26-07.26.29:196][  0]LogLinker: Warning: [AssetLog] C:\Users\dmock\Unreal projects\P8\P8ToBeAnnounced\P8_VR_Home\Content\ScriptsBluePrints\newfridge_Group_884_2.uasset: Failed to load '/Game/ScriptsBluePrints/Veneer_C02_120cm': Can't find file.
[2022.04.26-07.26.29:196][  0]LoadErrors: Failed to load /Game/ScriptsBluePrints/Veneer_C02_120cm.Veneer_C02_120cm Referenced by newfridge_Group_884_2
[2022.04.26-07.26.29:196][  0]LogLinker: Warning: [AssetLog] C:\Users\dmock\Unreal projects\P8\P8ToBeAnnounced\P8_VR_Home\Content\ScriptsBluePrints\newfridge_Cylinder_012.uasset: Failed to load '/Game/ScriptsBluePrints/inox1': Can't find file.
[2022.04.26-07.26.29:196][  0]LoadErrors: Failed to load /Game/ScriptsBluePrints/inox1.inox1 Referenced by newfridge_Cylinder_012
[2022.04.26-07.26.29:196][  0]LogLinker: Warning: [AssetLog] C:\Users\dmock\Unreal projects\P8\P8ToBeAnnounced\P8_VR_Home\Content\ScriptsBluePrints\newfridge_Cylinder_012.uasset: Failed to load '/Game/ScriptsBluePrints/inox1': Can't find file.
[2022.04.26-07.26.29:196][  0]LoadErrors: Failed to load /Game/ScriptsBluePrints/inox1.inox1 Referenced by newfridge_Cylinder_012
[2022.04.26-07.26.29:197][  0]LogLinker: Warning: [AssetLog] C:\Users\dmock\Unreal projects\P8\P8ToBeAnnounced\P8_VR_Home\Content\ScriptsBluePrints\newfridge_Cylinder_002.uasset: Failed to load '/Game/ScriptsBluePrints/inox1': Can't find file.
[2022.04.26-07.26.29:197][  0]LoadErrors: Failed to load /Game/ScriptsBluePrints/inox1.inox1 Referenced by newfridge_Cylinder_002
[2022.04.26-07.26.29:197][  0]LogLinker: Warning: [AssetLog] C:\Users\dmock\Unreal projects\P8\P8ToBeAnnounced\P8_VR_Home\Content\ScriptsBluePrints\newfridge_Cylinder_002.uasset: Failed to load '/Game/ScriptsBluePrints/inox1': Can't find file.
[2022.04.26-07.26.29:197][  0]LoadErrors: Failed to load /Game/ScriptsBluePrints/inox1.inox1 Referenced by newfridge_Cylinder_002
[2022.04.26-07.26.29:197][  0]LogLinker: Warning: [AssetLog] C:\Users\dmock\Unreal projects\P8\P8ToBeAnnounced\P8_VR_Home\Content\ScriptsBluePrints\newfridge_Cylinder_001.uasset: Failed to load '/Game/ScriptsBluePrints/inox1': Can't find file.
[2022.04.26-07.26.29:197][  0]LoadErrors: Failed to load /Game/ScriptsBluePrints/inox1.inox1 Referenced by newfridge_Cylinder_001
[2022.04.26-07.26.29:197][  0]LogLinker: Warning: [AssetLog] C:\Users\dmock\Unreal projects\P8\P8ToBeAnnounced\P8_VR_Home\Content\ScriptsBluePrints\newfridge_Cylinder_001.uasset: Failed to load '/Game/ScriptsBluePrints/3dce5eb1cce44beea64fd92ce66ce4f5': Can't find file.
[2022.04.26-07.26.29:197][  0]LoadErrors: Failed to load /Game/ScriptsBluePrints/3dce5eb1cce44beea64fd92ce66ce4f5.3dce5eb1cce44beea64fd92ce66ce4f5 Referenced by newfridge_Cylinder_001
[2022.04.26-07.26.29:197][  0]LogLinker: Warning: [AssetLog] C:\Users\dmock\Unreal projects\P8\P8ToBeAnnounced\P8_VR_Home\Content\ScriptsBluePrints\newfridge_Cylinder_001.uasset: Failed to load '/Game/ScriptsBluePrints/inox1': Can't find file.
[2022.04.26-07.26.29:197][  0]LoadErrors: Failed to load /Game/ScriptsBluePrints/inox1.inox1 Referenced by newfridge_Cylinder_001
[2022.04.26-07.26.29:197][  0]LogLinker: Warning: [AssetLog] C:\Users\dmock\Unreal projects\P8\P8ToBeAnnounced\P8_VR_Home\Content\ScriptsBluePrints\newfridge_Cylinder_001.uasset: Failed to load '/Game/ScriptsBluePrints/3dce5eb1cce44beea64fd92ce66ce4f5': Can't find file.
[2022.04.26-07.26.29:197][  0]LoadErrors: Failed to load /Game/ScriptsBluePrints/3dce5eb1cce44beea64fd92ce66ce4f5.3dce5eb1cce44beea64fd92ce66ce4f5 Referenced by newfridge_Cylinder_001
[2022.04.26-07.26.29:198][  0]LogLinker: Warning: [AssetLog] C:\Users\dmock\Unreal projects\P8\P8ToBeAnnounced\P8_VR_Home\Content\ScriptsBluePrints\newfridge_Cylinder.uasset: Failed to load '/Game/ScriptsBluePrints/Veneer_C02_120cm': Can't find file.
[2022.04.26-07.26.29:198][  0]LoadErrors: Failed to load /Game/ScriptsBluePrints/Veneer_C02_120cm.Veneer_C02_120cm Referenced by newfridge_Cylinder
[2022.04.26-07.26.29:198][  0]LogLinker: Warning: [AssetLog] C:\Users\dmock\Unreal projects\P8\P8ToBeAnnounced\P8_VR_Home\Content\ScriptsBluePrints\newfridge_Cylinder.uasset: Failed to load '/Game/ScriptsBluePrints/Veneer_C02_120cm': Can't find file.
[2022.04.26-07.26.29:198][  0]LoadErrors: Failed to load /Game/ScriptsBluePrints/Veneer_C02_120cm.Veneer_C02_120cm Referenced by newfridge_Cylinder
[2022.04.26-07.26.29:198][  0]LogLinker: Warning: [AssetLog] C:\Users\dmock\Unreal projects\P8\P8ToBeAnnounced\P8_VR_Home\Content\ScriptsBluePrints\newfridge_Cube.uasset: Failed to load '/Game/ScriptsBluePrints/inox1': Can't find file.
[2022.04.26-07.26.29:198][  0]LoadErrors: Failed to load /Game/ScriptsBluePrints/inox1.inox1 Referenced by newfridge_Cube
[2022.04.26-07.26.29:198][  0]LogLinker: Warning: [AssetLog] C:\Users\dmock\Unreal projects\P8\P8ToBeAnnounced\P8_VR_Home\Content\ScriptsBluePrints\newfridge_Cube.uasset: Failed to load '/Game/ScriptsBluePrints/inox1': Can't find file.
[2022.04.26-07.26.29:198][  0]LoadErrors: Failed to load /Game/ScriptsBluePrints/inox1.inox1 Referenced by newfridge_Cube
[2022.04.26-07.26.29:198][  0]LogLinker: Warning: [AssetLog] C:\Users\dmock\Unreal projects\P8\P8ToBeAnnounced\P8_VR_Home\Content\ScriptsBluePrints\newfridge_crankAndrobe.uasset: Failed to load '/Game/ScriptsBluePrints/inox1': Can't find file.
[2022.04.26-07.26.29:198][  0]LoadErrors: Failed to load /Game/ScriptsBluePrints/inox1.inox1 Referenced by newfridge_crankAndrobe
[2022.04.26-07.26.29:198][  0]LogLinker: Warning: [AssetLog] C:\Users\dmock\Unreal projects\P8\P8ToBeAnnounced\P8_VR_Home\Content\ScriptsBluePrints\newfridge_crankAndrobe.uasset: Failed to load '/Game/ScriptsBluePrints/inox1': Can't find file.
[2022.04.26-07.26.29:199][  0]LoadErrors: Failed to load /Game/ScriptsBluePrints/inox1.inox1 Referenced by newfridge_crankAndrobe
[2022.04.26-07.26.29:199][  0]LogLinker: Warning: [AssetLog] C:\Users\dmock\Unreal projects\P8\P8ToBeAnnounced\P8_VR_Home\Content\ScriptsBluePrints\newfridge_Circle.uasset: Failed to load '/Game/ScriptsBluePrints/DefaultMaterial': Can't find file.
[2022.04.26-07.26.29:199][  0]LoadErrors: Failed to load /Game/ScriptsBluePrints/DefaultMaterial.DefaultMaterial Referenced by newfridge_Circle
[2022.04.26-07.26.29:199][  0]LogLinker: Warning: [AssetLog] C:\Users\dmock\Unreal projects\P8\P8ToBeAnnounced\P8_VR_Home\Content\ScriptsBluePrints\newfridge_Circle.uasset: Failed to load '/Game/ScriptsBluePrints/DefaultMaterial': Can't find file.
[2022.04.26-07.26.29:199][  0]LoadErrors: Failed to load /Game/ScriptsBluePrints/DefaultMaterial.DefaultMaterial Referenced by newfridge_Circle
[2022.04.26-07.26.29:199][  0]LogLinker: Warning: [AssetLog] C:\Users\dmock\Unreal projects\P8\P8ToBeAnnounced\P8_VR_Home\Content\ScriptsBluePrints\newfridge_actualFridge.uasset: Failed to load '/Game/ScriptsBluePrints/su': Can't find file.
[2022.04.26-07.26.29:199][  0]LoadErrors: Failed to load /Game/ScriptsBluePrints/su.su Referenced by newfridge_actualFridge
[2022.04.26-07.26.29:199][  0]LogLinker: Warning: [AssetLog] C:\Users\dmock\Unreal projects\P8\P8ToBeAnnounced\P8_VR_Home\Content\ScriptsBluePrints\newfridge_actualFridge.uasset: Failed to load '/Game/ScriptsBluePrints/su': Can't find file.
[2022.04.26-07.26.29:199][  0]LoadErrors: Failed to load /Game/ScriptsBluePrints/su.su Referenced by newfridge_actualFridge
[2022.04.26-07.26.30:032][  0]LogPhysics: Warning: Failed to cook TriMesh: /Game/Marwa/shuttersNew/Group_688_2_001.Group_688_2_001.
[2022.04.26-07.26.30:032][  0]LogPhysics: Warning: Attempt to build physics data for /Game/Marwa/shuttersNew/Group_688_2_001.Group_688_2_001:BodySetup_0 when we are unable to.
[2022.04.26-07.26.30:056][  0]LogPhysics: Warning: Failed to cook TriMesh: /Game/Marwa/shuttersNew/Group_658_001.Group_658_001.
[2022.04.26-07.26.30:056][  0]LogPhysics: Warning: Attempt to build physics data for /Game/Marwa/shuttersNew/Group_658_001.Group_658_001:BodySetup_0 when we are unable to.
[2022.04.26-07.26.30:078][  0]LogPhysics: Warning: Failed to cook TriMesh: /Game/Marwa/shuttersNew/Group_629_001.Group_629_001.
[2022.04.26-07.26.30:078][  0]LogPhysics: Warning: Attempt to build physics data for /Game/Marwa/shuttersNew/Group_629_001.Group_629_001:BodySetup_0 when we are unable to.
[2022.04.26-07.26.30:093][  0]LogPhysics: Warning: Failed to cook TriMesh: /Game/Marwa/shuttersNew/Group_621_001.Group_621_001.
[2022.04.26-07.26.30:093][  0]LogPhysics: Warning: Attempt to build physics data for /Game/Marwa/shuttersNew/Group_621_001.Group_621_001:BodySetup_0 when we are unable to.
[2022.04.26-07.26.30:220][  0]LogPhysics: Warning: Failed to cook TriMesh: /Game/Marwa/shuttersNew/Group_167_001.Group_167_001.
[2022.04.26-07.26.30:220][  0]LogPhysics: Warning: Attempt to build physics data for /Game/Marwa/shuttersNew/Group_167_001.Group_167_001:BodySetup_0 when we are unable to.
[2022.04.26-07.26.31:026][  0]LogAudio: Display: Audio Device (ID: 1) registered with world 'VRTemplateMap'.
[2022.04.26-07.26.31:027][  0]LogAIModule: Creating AISystem for world VRTemplateMap
[2022.04.26-07.26.31:058][  0]PIE: Warning: AttachTo: '/Game/VRTemplate/Maps/VRTemplateMap.VRTemplateMap:PersistentLevel.Empty_002.DefaultSceneRoot1' is not static  (in blueprint "Blinds"), cannot attach '/Game/VRTemplate/Maps/VRTemplateMap.VRTemplateMap:PersistentLevel.Empty_002.DefaultSceneRoot' which is static to it. Aborting.
[2022.04.26-07.26.31:058][  0]PIE: Warning: AttachTo: '/Game/VRTemplate/Maps/VRTemplateMap.VRTemplateMap:PersistentLevel.Empty_002.DefaultSceneRoot1' is not static  (in blueprint "Blinds"), cannot attach '/Game/VRTemplate/Maps/VRTemplateMap.VRTemplateMap:PersistentLevel.Empty_002.DefaultSceneRoot' which is static to it. Aborting.
[2022.04.26-07.26.31:060][  0]LogEditorServer: Finished looking for orphan Actors (0.000 secs)
[2022.04.26-07.26.31:060][  0]LogNavigation: Warning: Recreating dtNavMesh instance due to saved navmesh origin (X=-1708.795 Y=-0.000 Z=10.000, usually the RecastNavMesh location) not being aligned with tile size (1000 uu) 
[2022.04.26-07.26.31:315][  0]LogUObjectHash: Compacting FUObjectHashTables data took   1.22ms
[2022.04.26-07.26.31:315][  0]Cmd: MAP CHECKDEP NOCLEARLOG
[2022.04.26-07.26.31:315][  0]MapCheck: Map check complete: 0 Error(s), 0 Warning(s), took 0.161ms to complete.
[2022.04.26-07.26.31:315][  0]LogFileHelpers: Loading map 'VRTemplateMap' took 4.001
[2022.04.26-07.26.31:319][  0]LogUnrealEdMisc: Total Editor Startup Time, took 11.809
[2022.04.26-07.26.31:451][  0]LogSlate: Updating window title bar state: overlay mode, drag disabled, window buttons hidden, title bar hidden
[2022.04.26-07.26.31:467][  0]LogSlate: Updating window title bar state: overlay mode, drag disabled, window buttons hidden, title bar hidden
[2022.04.26-07.26.31:480][  0]LogSlate: Updating window title bar state: overlay mode, drag disabled, window buttons hidden, title bar hidden
[2022.04.26-07.26.31:485][  0]LogSlate: Updating window title bar state: overlay mode, drag disabled, window buttons hidden, title bar hidden
[2022.04.26-07.26.31:512][  0]LogNativeClassHierarchy: Verbose: Native class hierarchy populated in 0.0087 seconds. Added 4030 classes and 980 folders.
[2022.04.26-07.26.31:516][  0]LogNativeClassHierarchy: Verbose: Native class hierarchy updated for 'WidgetCarousel' in 0.0003 seconds. Added 0 classes and 0 folders.
[2022.04.26-07.26.31:525][  0]LogPakFile: PakFile PrimaryIndexSize=187
[2022.04.26-07.26.31:525][  0]LogPakFile: PakFile PathHashIndexSize=101
[2022.04.26-07.26.31:525][  0]LogPakFile: PakFile FullDirectoryIndexSize=148
[2022.04.26-07.26.31:525][  0]LogShaderLibrary: Display: ShaderCodeLibraryPakFileMountedCallback: PakFile 'C:/Program Files/Epic Games/UE_4.27/FeaturePacks/FP_FirstPerson.upack' (chunk index -1, root 'root:/') mounted
[2022.04.26-07.26.31:525][  0]LogShaderLibrary: Display: ShaderCodeLibraryPakFileMountedCallback: pending pak file info (ChunkID:-1 Root:root:/ File:C:/Program Files/Epic Games/UE_4.27/FeaturePacks/FP_FirstPerson.upack)
[2022.04.26-07.26.31:525][  0]LogPakFile: OnPakFileMounted2Time == 0.000049
[2022.04.26-07.26.31:531][  0]LogPakFile: PakFile PrimaryIndexSize=189
[2022.04.26-07.26.31:531][  0]LogPakFile: PakFile PathHashIndexSize=101
[2022.04.26-07.26.31:531][  0]LogPakFile: PakFile FullDirectoryIndexSize=152
[2022.04.26-07.26.31:531][  0]LogShaderLibrary: Display: ShaderCodeLibraryPakFileMountedCallback: PakFile 'C:/Program Files/Epic Games/UE_4.27/FeaturePacks/FP_FirstPersonBP.upack' (chunk index -1, root 'root:/') mounted
[2022.04.26-07.26.31:531][  0]LogShaderLibrary: Display: ShaderCodeLibraryPakFileMountedCallback: pending pak file info (ChunkID:-1 Root:root:/ File:C:/Program Files/Epic Games/UE_4.27/FeaturePacks/FP_FirstPersonBP.upack)
[2022.04.26-07.26.31:531][  0]LogPakFile: OnPakFileMounted2Time == 0.000041
[2022.04.26-07.26.31:534][  0]LogPakFile: PakFile PrimaryIndexSize=191
[2022.04.26-07.26.31:534][  0]LogPakFile: PakFile PathHashIndexSize=101
[2022.04.26-07.26.31:534][  0]LogPakFile: PakFile FullDirectoryIndexSize=160
[2022.04.26-07.26.31:534][  0]LogShaderLibrary: Display: ShaderCodeLibraryPakFileMountedCallback: PakFile 'C:/Program Files/Epic Games/UE_4.27/FeaturePacks/MobileStarterContent.upack' (chunk index -1, root 'root:/') mounted
[2022.04.26-07.26.31:534][  0]LogShaderLibrary: Display: ShaderCodeLibraryPakFileMountedCallback: pending pak file info (ChunkID:-1 Root:root:/ File:C:/Program Files/Epic Games/UE_4.27/FeaturePacks/MobileStarterContent.upack)
[2022.04.26-07.26.31:535][  0]LogPakFile: OnPakFileMounted2Time == 0.000031
[2022.04.26-07.26.31:538][  0]LogPakFile: PakFile PrimaryIndexSize=185
[2022.04.26-07.26.31:538][  0]LogPakFile: PakFile PathHashIndexSize=101
[2022.04.26-07.26.31:538][  0]LogPakFile: PakFile FullDirectoryIndexSize=148
[2022.04.26-07.26.31:538][  0]LogShaderLibrary: Display: ShaderCodeLibraryPakFileMountedCallback: PakFile 'C:/Program Files/Epic Games/UE_4.27/FeaturePacks/StarterContent.upack' (chunk index -1, root 'root:/') mounted
[2022.04.26-07.26.31:538][  0]LogShaderLibrary: Display: ShaderCodeLibraryPakFileMountedCallback: pending pak file info (ChunkID:-1 Root:root:/ File:C:/Program Files/Epic Games/UE_4.27/FeaturePacks/StarterContent.upack)
[2022.04.26-07.26.31:538][  0]LogPakFile: OnPakFileMounted2Time == 0.000033
[2022.04.26-07.26.31:542][  0]LogPakFile: PakFile PrimaryIndexSize=190
[2022.04.26-07.26.31:542][  0]LogPakFile: PakFile PathHashIndexSize=101
[2022.04.26-07.26.31:542][  0]LogPakFile: PakFile FullDirectoryIndexSize=154
[2022.04.26-07.26.31:542][  0]LogShaderLibrary: Display: ShaderCodeLibraryPakFileMountedCallback: PakFile 'C:/Program Files/Epic Games/UE_4.27/FeaturePacks/TP_2DSideScroller.upack' (chunk index -1, root 'root:/') mounted
[2022.04.26-07.26.31:542][  0]LogShaderLibrary: Display: ShaderCodeLibraryPakFileMountedCallback: pending pak file info (ChunkID:-1 Root:root:/ File:C:/Program Files/Epic Games/UE_4.27/FeaturePacks/TP_2DSideScroller.upack)
[2022.04.26-07.26.31:542][  0]LogPakFile: OnPakFileMounted2Time == 0.000034
[2022.04.26-07.26.31:545][  0]LogPakFile: PakFile PrimaryIndexSize=192
[2022.04.26-07.26.31:545][  0]LogPakFile: PakFile PathHashIndexSize=101
[2022.04.26-07.26.31:545][  0]LogPakFile: PakFile FullDirectoryIndexSize=158
[2022.04.26-07.26.31:545][  0]LogShaderLibrary: Display: ShaderCodeLibraryPakFileMountedCallback: PakFile 'C:/Program Files/Epic Games/UE_4.27/FeaturePacks/TP_2DSideScrollerBP.upack' (chunk index -1, root 'root:/') mounted
[2022.04.26-07.26.31:545][  0]LogShaderLibrary: Display: ShaderCodeLibraryPakFileMountedCallback: pending pak file info (ChunkID:-1 Root:root:/ File:C:/Program Files/Epic Games/UE_4.27/FeaturePacks/TP_2DSideScrollerBP.upack)
[2022.04.26-07.26.31:545][  0]LogPakFile: OnPakFileMounted2Time == 0.000029
[2022.04.26-07.26.31:549][  0]LogPakFile: PakFile PrimaryIndexSize=182
[2022.04.26-07.26.31:549][  0]LogPakFile: PakFile PathHashIndexSize=101
[2022.04.26-07.26.31:549][  0]LogPakFile: PakFile FullDirectoryIndexSize=138
[2022.04.26-07.26.31:549][  0]LogShaderLibrary: Display: ShaderCodeLibraryPakFileMountedCallback: PakFile 'C:/Program Files/Epic Games/UE_4.27/FeaturePacks/TP_Flying.upack' (chunk index -1, root 'root:/') mounted
[2022.04.26-07.26.31:549][  0]LogShaderLibrary: Display: ShaderCodeLibraryPakFileMountedCallback: pending pak file info (ChunkID:-1 Root:root:/ File:C:/Program Files/Epic Games/UE_4.27/FeaturePacks/TP_Flying.upack)
[2022.04.26-07.26.31:549][  0]LogPakFile: OnPakFileMounted2Time == 0.000030
[2022.04.26-07.26.31:553][  0]LogPakFile: PakFile PrimaryIndexSize=184
[2022.04.26-07.26.31:553][  0]LogPakFile: PakFile PathHashIndexSize=101
[2022.04.26-07.26.31:553][  0]LogPakFile: PakFile FullDirectoryIndexSize=142
[2022.04.26-07.26.31:553][  0]LogShaderLibrary: Display: ShaderCodeLibraryPakFileMountedCallback: PakFile 'C:/Program Files/Epic Games/UE_4.27/FeaturePacks/TP_FlyingBP.upack' (chunk index -1, root 'root:/') mounted
[2022.04.26-07.26.31:553][  0]LogShaderLibrary: Display: ShaderCodeLibraryPakFileMountedCallback: pending pak file info (ChunkID:-1 Root:root:/ File:C:/Program Files/Epic Games/UE_4.27/FeaturePacks/TP_FlyingBP.upack)
[2022.04.26-07.26.31:553][  0]LogPakFile: OnPakFileMounted2Time == 0.000030
[2022.04.26-07.26.31:557][  0]LogPakFile: PakFile PrimaryIndexSize=188
[2022.04.26-07.26.31:557][  0]LogPakFile: PakFile PathHashIndexSize=101
[2022.04.26-07.26.31:557][  0]LogPakFile: PakFile FullDirectoryIndexSize=150
[2022.04.26-07.26.31:557][  0]LogShaderLibrary: Display: ShaderCodeLibraryPakFileMountedCallback: PakFile 'C:/Program Files/Epic Games/UE_4.27/FeaturePacks/TP_HandheldARBP.upack' (chunk index -1, root 'root:/') mounted
[2022.04.26-07.26.31:557][  0]LogShaderLibrary: Display: ShaderCodeLibraryPakFileMountedCallback: pending pak file info (ChunkID:-1 Root:root:/ File:C:/Program Files/Epic Games/UE_4.27/FeaturePacks/TP_HandheldARBP.upack)
[2022.04.26-07.26.31:557][  0]LogPakFile: OnPakFileMounted2Time == 0.000031
[2022.04.26-07.26.31:562][  0]LogPakFile: PakFile PrimaryIndexSize=182
[2022.04.26-07.26.31:562][  0]LogPakFile: PakFile PathHashIndexSize=101
[2022.04.26-07.26.31:562][  0]LogPakFile: PakFile FullDirectoryIndexSize=138
[2022.04.26-07.26.31:562][  0]LogShaderLibrary: Display: ShaderCodeLibraryPakFileMountedCallback: PakFile 'C:/Program Files/Epic Games/UE_4.27/FeaturePacks/TP_Puzzle.upack' (chunk index -1, root 'root:/') mounted
[2022.04.26-07.26.31:562][  0]LogShaderLibrary: Display: ShaderCodeLibraryPakFileMountedCallback: pending pak file info (ChunkID:-1 Root:root:/ File:C:/Program Files/Epic Games/UE_4.27/FeaturePacks/TP_Puzzle.upack)
[2022.04.26-07.26.31:562][  0]LogPakFile: OnPakFileMounted2Time == 0.000032
[2022.04.26-07.26.31:565][  0]LogPakFile: PakFile PrimaryIndexSize=184
[2022.04.26-07.26.31:565][  0]LogPakFile: PakFile PathHashIndexSize=101
[2022.04.26-07.26.31:565][  0]LogPakFile: PakFile FullDirectoryIndexSize=142
[2022.04.26-07.26.31:565][  0]LogShaderLibrary: Display: ShaderCodeLibraryPakFileMountedCallback: PakFile 'C:/Program Files/Epic Games/UE_4.27/FeaturePacks/TP_PuzzleBP.upack' (chunk index -1, root 'root:/') mounted
[2022.04.26-07.26.31:565][  0]LogShaderLibrary: Display: ShaderCodeLibraryPakFileMountedCallback: pending pak file info (ChunkID:-1 Root:root:/ File:C:/Program Files/Epic Games/UE_4.27/FeaturePacks/TP_PuzzleBP.upack)
[2022.04.26-07.26.31:565][  0]LogPakFile: OnPakFileMounted2Time == 0.000034
[2022.04.26-07.26.31:569][  0]LogPakFile: PakFile PrimaryIndexSize=183
[2022.04.26-07.26.31:569][  0]LogPakFile: PakFile PathHashIndexSize=101
[2022.04.26-07.26.31:569][  0]LogPakFile: PakFile FullDirectoryIndexSize=140
[2022.04.26-07.26.31:569][  0]LogShaderLibrary: Display: ShaderCodeLibraryPakFileMountedCallback: PakFile 'C:/Program Files/Epic Games/UE_4.27/FeaturePacks/TP_Rolling.upack' (chunk index -1, root 'root:/') mounted
[2022.04.26-07.26.31:569][  0]LogShaderLibrary: Display: ShaderCodeLibraryPakFileMountedCallback: pending pak file info (ChunkID:-1 Root:root:/ File:C:/Program Files/Epic Games/UE_4.27/FeaturePacks/TP_Rolling.upack)
[2022.04.26-07.26.31:569][  0]LogPakFile: OnPakFileMounted2Time == 0.000029
[2022.04.26-07.26.31:573][  0]LogPakFile: PakFile PrimaryIndexSize=185
[2022.04.26-07.26.31:573][  0]LogPakFile: PakFile PathHashIndexSize=101
[2022.04.26-07.26.31:573][  0]LogPakFile: PakFile FullDirectoryIndexSize=144
[2022.04.26-07.26.31:573][  0]LogShaderLibrary: Display: ShaderCodeLibraryPakFileMountedCallback: PakFile 'C:/Program Files/Epic Games/UE_4.27/FeaturePacks/TP_RollingBP.upack' (chunk index -1, root 'root:/') mounted
[2022.04.26-07.26.31:573][  0]LogShaderLibrary: Display: ShaderCodeLibraryPakFileMountedCallback: pending pak file info (ChunkID:-1 Root:root:/ File:C:/Program Files/Epic Games/UE_4.27/FeaturePacks/TP_RollingBP.upack)
[2022.04.26-07.26.31:573][  0]LogPakFile: OnPakFileMounted2Time == 0.000038
[2022.04.26-07.26.31:576][  0]LogPakFile: PakFile PrimaryIndexSize=188
[2022.04.26-07.26.31:576][  0]LogPakFile: PakFile PathHashIndexSize=101
[2022.04.26-07.26.31:576][  0]LogPakFile: PakFile FullDirectoryIndexSize=150
[2022.04.26-07.26.31:576][  0]LogShaderLibrary: Display: ShaderCodeLibraryPakFileMountedCallback: PakFile 'C:/Program Files/Epic Games/UE_4.27/FeaturePacks/TP_SideScroller.upack' (chunk index -1, root 'root:/') mounted
[2022.04.26-07.26.31:576][  0]LogShaderLibrary: Display: ShaderCodeLibraryPakFileMountedCallback: pending pak file info (ChunkID:-1 Root:root:/ File:C:/Program Files/Epic Games/UE_4.27/FeaturePacks/TP_SideScroller.upack)
[2022.04.26-07.26.31:577][  0]LogPakFile: OnPakFileMounted2Time == 0.000031
[2022.04.26-07.26.31:579][  0]LogPakFile: PakFile PrimaryIndexSize=190
[2022.04.26-07.26.31:580][  0]LogPakFile: PakFile PathHashIndexSize=101
[2022.04.26-07.26.31:580][  0]LogPakFile: PakFile FullDirectoryIndexSize=154
[2022.04.26-07.26.31:580][  0]LogShaderLibrary: Display: ShaderCodeLibraryPakFileMountedCallback: PakFile 'C:/Program Files/Epic Games/UE_4.27/FeaturePacks/TP_SideScrollerBP.upack' (chunk index -1, root 'root:/') mounted
[2022.04.26-07.26.31:580][  0]LogShaderLibrary: Display: ShaderCodeLibraryPakFileMountedCallback: pending pak file info (ChunkID:-1 Root:root:/ File:C:/Program Files/Epic Games/UE_4.27/FeaturePacks/TP_SideScrollerBP.upack)
[2022.04.26-07.26.31:580][  0]LogPakFile: OnPakFileMounted2Time == 0.000030
[2022.04.26-07.26.31:583][  0]LogPakFile: PakFile PrimaryIndexSize=187
[2022.04.26-07.26.31:583][  0]LogPakFile: PakFile PathHashIndexSize=101
[2022.04.26-07.26.31:583][  0]LogPakFile: PakFile FullDirectoryIndexSize=148
[2022.04.26-07.26.31:583][  0]LogShaderLibrary: Display: ShaderCodeLibraryPakFileMountedCallback: PakFile 'C:/Program Files/Epic Games/UE_4.27/FeaturePacks/TP_ThirdPerson.upack' (chunk index -1, root 'root:/') mounted
[2022.04.26-07.26.31:583][  0]LogShaderLibrary: Display: ShaderCodeLibraryPakFileMountedCallback: pending pak file info (ChunkID:-1 Root:root:/ File:C:/Program Files/Epic Games/UE_4.27/FeaturePacks/TP_ThirdPerson.upack)
[2022.04.26-07.26.31:583][  0]LogPakFile: OnPakFileMounted2Time == 0.000024
[2022.04.26-07.26.31:587][  0]LogPakFile: PakFile PrimaryIndexSize=189
[2022.04.26-07.26.31:587][  0]LogPakFile: PakFile PathHashIndexSize=101
[2022.04.26-07.26.31:587][  0]LogPakFile: PakFile FullDirectoryIndexSize=152
[2022.04.26-07.26.31:587][  0]LogShaderLibrary: Display: ShaderCodeLibraryPakFileMountedCallback: PakFile 'C:/Program Files/Epic Games/UE_4.27/FeaturePacks/TP_ThirdPersonBP.upack' (chunk index -1, root 'root:/') mounted
[2022.04.26-07.26.31:587][  0]LogShaderLibrary: Display: ShaderCodeLibraryPakFileMountedCallback: pending pak file info (ChunkID:-1 Root:root:/ File:C:/Program Files/Epic Games/UE_4.27/FeaturePacks/TP_ThirdPersonBP.upack)
[2022.04.26-07.26.31:587][  0]LogPakFile: OnPakFileMounted2Time == 0.000029
[2022.04.26-07.26.31:590][  0]LogPakFile: PakFile PrimaryIndexSize=183
[2022.04.26-07.26.31:590][  0]LogPakFile: PakFile PathHashIndexSize=101
[2022.04.26-07.26.31:590][  0]LogPakFile: PakFile FullDirectoryIndexSize=140
[2022.04.26-07.26.31:590][  0]LogShaderLibrary: Display: ShaderCodeLibraryPakFileMountedCallback: PakFile 'C:/Program Files/Epic Games/UE_4.27/FeaturePacks/TP_TopDown.upack' (chunk index -1, root 'root:/') mounted
[2022.04.26-07.26.31:590][  0]LogShaderLibrary: Display: ShaderCodeLibraryPakFileMountedCallback: pending pak file info (ChunkID:-1 Root:root:/ File:C:/Program Files/Epic Games/UE_4.27/FeaturePacks/TP_TopDown.upack)
[2022.04.26-07.26.31:590][  0]LogPakFile: OnPakFileMounted2Time == 0.000042
[2022.04.26-07.26.31:594][  0]LogPakFile: PakFile PrimaryIndexSize=185
[2022.04.26-07.26.31:594][  0]LogPakFile: PakFile PathHashIndexSize=101
[2022.04.26-07.26.31:594][  0]LogPakFile: PakFile FullDirectoryIndexSize=144
[2022.04.26-07.26.31:594][  0]LogShaderLibrary: Display: ShaderCodeLibraryPakFileMountedCallback: PakFile 'C:/Program Files/Epic Games/UE_4.27/FeaturePacks/TP_TopDownBP.upack' (chunk index -1, root 'root:/') mounted
[2022.04.26-07.26.31:594][  0]LogShaderLibrary: Display: ShaderCodeLibraryPakFileMountedCallback: pending pak file info (ChunkID:-1 Root:root:/ File:C:/Program Files/Epic Games/UE_4.27/FeaturePacks/TP_TopDownBP.upack)
[2022.04.26-07.26.31:594][  0]LogPakFile: OnPakFileMounted2Time == 0.000029
[2022.04.26-07.26.31:599][  0]LogPakFile: PakFile PrimaryIndexSize=185
[2022.04.26-07.26.31:599][  0]LogPakFile: PakFile PathHashIndexSize=101
[2022.04.26-07.26.31:599][  0]LogPakFile: PakFile FullDirectoryIndexSize=144
[2022.04.26-07.26.31:599][  0]LogShaderLibrary: Display: ShaderCodeLibraryPakFileMountedCallback: PakFile 'C:/Program Files/Epic Games/UE_4.27/FeaturePacks/TP_TwinStick.upack' (chunk index -1, root 'root:/') mounted
[2022.04.26-07.26.31:599][  0]LogShaderLibrary: Display: ShaderCodeLibraryPakFileMountedCallback: pending pak file info (ChunkID:-1 Root:root:/ File:C:/Program Files/Epic Games/UE_4.27/FeaturePacks/TP_TwinStick.upack)
[2022.04.26-07.26.31:599][  0]LogPakFile: OnPakFileMounted2Time == 0.000031
[2022.04.26-07.26.31:603][  0]LogPakFile: PakFile PrimaryIndexSize=187
[2022.04.26-07.26.31:603][  0]LogPakFile: PakFile PathHashIndexSize=101
[2022.04.26-07.26.31:603][  0]LogPakFile: PakFile FullDirectoryIndexSize=148
[2022.04.26-07.26.31:603][  0]LogShaderLibrary: Display: ShaderCodeLibraryPakFileMountedCallback: PakFile 'C:/Program Files/Epic Games/UE_4.27/FeaturePacks/TP_TwinStickBP.upack' (chunk index -1, root 'root:/') mounted
[2022.04.26-07.26.31:603][  0]LogShaderLibrary: Display: ShaderCodeLibraryPakFileMountedCallback: pending pak file info (ChunkID:-1 Root:root:/ File:C:/Program Files/Epic Games/UE_4.27/FeaturePacks/TP_TwinStickBP.upack)
[2022.04.26-07.26.31:603][  0]LogPakFile: OnPakFileMounted2Time == 0.000031
[2022.04.26-07.26.31:606][  0]LogPakFile: PakFile PrimaryIndexSize=183
[2022.04.26-07.26.31:606][  0]LogPakFile: PakFile PathHashIndexSize=101
[2022.04.26-07.26.31:606][  0]LogPakFile: PakFile FullDirectoryIndexSize=140
[2022.04.26-07.26.31:606][  0]LogShaderLibrary: Display: ShaderCodeLibraryPakFileMountedCallback: PakFile 'C:/Program Files/Epic Games/UE_4.27/FeaturePacks/TP_Vehicle.upack' (chunk index -1, root 'root:/') mounted
[2022.04.26-07.26.31:606][  0]LogShaderLibrary: Display: ShaderCodeLibraryPakFileMountedCallback: pending pak file info (ChunkID:-1 Root:root:/ File:C:/Program Files/Epic Games/UE_4.27/FeaturePacks/TP_Vehicle.upack)
[2022.04.26-07.26.31:606][  0]LogPakFile: OnPakFileMounted2Time == 0.000035
[2022.04.26-07.26.31:610][  0]LogPakFile: PakFile PrimaryIndexSize=186
[2022.04.26-07.26.31:610][  0]LogPakFile: PakFile PathHashIndexSize=101
[2022.04.26-07.26.31:610][  0]LogPakFile: PakFile FullDirectoryIndexSize=146
[2022.04.26-07.26.31:610][  0]LogShaderLibrary: Display: ShaderCodeLibraryPakFileMountedCallback: PakFile 'C:/Program Files/Epic Games/UE_4.27/FeaturePacks/TP_VehicleAdv.upack' (chunk index -1, root 'root:/') mounted
[2022.04.26-07.26.31:610][  0]LogShaderLibrary: Display: ShaderCodeLibraryPakFileMountedCallback: pending pak file info (ChunkID:-1 Root:root:/ File:C:/Program Files/Epic Games/UE_4.27/FeaturePacks/TP_VehicleAdv.upack)
[2022.04.26-07.26.31:610][  0]LogPakFile: OnPakFileMounted2Time == 0.000030
[2022.04.26-07.26.31:614][  0]LogPakFile: PakFile PrimaryIndexSize=188
[2022.04.26-07.26.31:614][  0]LogPakFile: PakFile PathHashIndexSize=101
[2022.04.26-07.26.31:614][  0]LogPakFile: PakFile FullDirectoryIndexSize=150
[2022.04.26-07.26.31:614][  0]LogShaderLibrary: Display: ShaderCodeLibraryPakFileMountedCallback: PakFile 'C:/Program Files/Epic Games/UE_4.27/FeaturePacks/TP_VehicleAdvBP.upack' (chunk index -1, root 'root:/') mounted
[2022.04.26-07.26.31:614][  0]LogShaderLibrary: Display: ShaderCodeLibraryPakFileMountedCallback: pending pak file info (ChunkID:-1 Root:root:/ File:C:/Program Files/Epic Games/UE_4.27/FeaturePacks/TP_VehicleAdvBP.upack)
[2022.04.26-07.26.31:614][  0]LogPakFile: OnPakFileMounted2Time == 0.000031
[2022.04.26-07.26.31:618][  0]LogPakFile: PakFile PrimaryIndexSize=185
[2022.04.26-07.26.31:618][  0]LogPakFile: PakFile PathHashIndexSize=101
[2022.04.26-07.26.31:618][  0]LogPakFile: PakFile FullDirectoryIndexSize=144
[2022.04.26-07.26.31:618][  0]LogShaderLibrary: Display: ShaderCodeLibraryPakFileMountedCallback: PakFile 'C:/Program Files/Epic Games/UE_4.27/FeaturePacks/TP_VehicleBP.upack' (chunk index -1, root 'root:/') mounted
[2022.04.26-07.26.31:618][  0]LogShaderLibrary: Display: ShaderCodeLibraryPakFileMountedCallback: pending pak file info (ChunkID:-1 Root:root:/ File:C:/Program Files/Epic Games/UE_4.27/FeaturePacks/TP_VehicleBP.upack)
[2022.04.26-07.26.31:618][  0]LogPakFile: OnPakFileMounted2Time == 0.000033
[2022.04.26-07.26.31:622][  0]LogPakFile: PakFile PrimaryIndexSize=192
[2022.04.26-07.26.31:622][  0]LogPakFile: PakFile PathHashIndexSize=101
[2022.04.26-07.26.31:622][  0]LogPakFile: PakFile FullDirectoryIndexSize=158
[2022.04.26-07.26.31:622][  0]LogShaderLibrary: Display: ShaderCodeLibraryPakFileMountedCallback: PakFile 'C:/Program Files/Epic Games/UE_4.27/FeaturePacks/TP_VirtualRealityBP.upack' (chunk index -1, root 'root:/') mounted
[2022.04.26-07.26.31:622][  0]LogShaderLibrary: Display: ShaderCodeLibraryPakFileMountedCallback: pending pak file info (ChunkID:-1 Root:root:/ File:C:/Program Files/Epic Games/UE_4.27/FeaturePacks/TP_VirtualRealityBP.upack)
[2022.04.26-07.26.31:622][  0]LogPakFile: OnPakFileMounted2Time == 0.000030
[2022.04.26-07.26.31:796][  0]LogNativeClassHierarchy: Verbose: Native class hierarchy updated for 'AddContentDialog' in 0.0003 seconds. Added 0 classes and 0 folders.
[2022.04.26-07.26.31:904][  0]LogSlate: Took 0.000126 seconds to synchronously load lazily loaded font '../../../Engine/Content/Slate/Fonts/Roboto-Regular.ttf' (155K)
[2022.04.26-07.26.31:910][  0]LogSlate: Took 0.004928 seconds to synchronously load lazily loaded font '../../../Engine/Content/Editor/Slate/Fonts/FontAwesome.ttf' (139K)
[2022.04.26-07.26.31:911][  0]LogSlate: Took 0.000082 seconds to synchronously load lazily loaded font '../../../Engine/Content/Slate/Fonts/Roboto-Bold.ttf' (160K)
[2022.04.26-07.26.31:989][  0]LogRenderer: Reallocating scene render targets to support 740x352 Format 10 NumSamples 4 (Frame:1).
[2022.04.26-07.26.32:116][  0]LogSlate: Took 0.003574 seconds to synchronously load lazily loaded font '../../../Engine/Content/Slate/Fonts/Roboto-Light.ttf' (167K)
[2022.04.26-07.26.32:174][  0]LogNativeClassHierarchy: Verbose: Native class hierarchy updated for 'HierarchicalLODOutliner' in 0.0003 seconds. Added 0 classes and 0 folders.
[2022.04.26-07.26.32:174][  0]LogLoad: (Engine Initialization) Total time: 12.66 seconds
[2022.04.26-07.26.32:174][  0]LogLoad: (Engine Initialization) Total Blueprint compile time: 0.00 seconds
[2022.04.26-07.26.32:235][  0]LogAssetRegistry: Asset discovery search completed in 8.9033 seconds
[2022.04.26-07.26.32:239][  0]LogCollectionManager: Fixed up redirectors for 0 collections in 0.000003 seconds (updated 0 objects)
[2022.04.26-07.26.32:241][  0]LogContentStreaming: Texture pool size now 1000 MB
[2022.04.26-07.26.32:333][  0]LogSlate: Took 0.006562 seconds to synchronously load lazily loaded font '../../../Engine/Content/Slate/Fonts/DroidSansMono.ttf' (77K)
[2022.04.26-07.26.32:343][  1]LogFileCache: Retrieving MD5 hashes for directory 'C:/Users/dmock/Unreal projects/P8/P8ToBeAnnounced/P8_VR_Home/Content/' took 0.15s
[2022.04.26-07.26.32:369][  1]LogResonanceAudio: Display: Resonance Audio Listener is initialized
[2022.04.26-07.26.33:195][ 41]LogSlate: Took 0.000132 seconds to synchronously load lazily loaded font '../../../Engine/Content/Slate/Fonts/Roboto-Light.ttf' (167K)
[2022.04.26-07.26.36:352][206]LogAssetEditorSubsystem: Opening Asset editor for Blueprint /Game/FirstPersonBP/MyStuff/BlindString.BlindString
[2022.04.26-07.26.36:495][206]LogEnum: Warning: Enum name collision: 'GrabType::NewEnumerator0' is in both '/Game/ScriptsBluePrints/VRTemplate/Blueprints/GrabType.GrabType' and '/Game/VRTemplate/Blueprints/GrabType.GrabType'
[2022.04.26-07.26.36:495][206]LogEnum: Warning: Enum name collision: 'GrabType::NewEnumerator4' is in both '/Game/ScriptsBluePrints/VRTemplate/Blueprints/GrabType.GrabType' and '/Game/VRTemplate/Blueprints/GrabType.GrabType'
[2022.04.26-07.26.36:495][206]LogEnum: Warning: Enum name collision: 'GrabType::NewEnumerator1' is in both '/Game/ScriptsBluePrints/VRTemplate/Blueprints/GrabType.GrabType' and '/Game/VRTemplate/Blueprints/GrabType.GrabType'
[2022.04.26-07.26.36:495][206]LogEnum: Warning: Enum name collision: 'GrabType::NewEnumerator3' is in both '/Game/ScriptsBluePrints/VRTemplate/Blueprints/GrabType.GrabType' and '/Game/VRTemplate/Blueprints/GrabType.GrabType'
[2022.04.26-07.26.36:495][206]LogEnum: Warning: Enum name collision: 'GrabType::GrabType_MAX' is in both '/Game/ScriptsBluePrints/VRTemplate/Blueprints/GrabType.GrabType' and '/Game/VRTemplate/Blueprints/GrabType.GrabType'
[2022.04.26-07.26.36:495][206]LogEnum: Warning: Enum name collision: 'GrabType::NewEnumerator0' is in both '/Game/ScriptsBluePrints/VRTemplate/Blueprints/GrabType.GrabType' and '/Game/VRTemplate/Blueprints/GrabType.GrabType'
[2022.04.26-07.26.36:495][206]LogEnum: Warning: Enum name collision: 'GrabType::NewEnumerator4' is in both '/Game/ScriptsBluePrints/VRTemplate/Blueprints/GrabType.GrabType' and '/Game/VRTemplate/Blueprints/GrabType.GrabType'
[2022.04.26-07.26.36:495][206]LogEnum: Warning: Enum name collision: 'GrabType::NewEnumerator1' is in both '/Game/ScriptsBluePrints/VRTemplate/Blueprints/GrabType.GrabType' and '/Game/VRTemplate/Blueprints/GrabType.GrabType'
[2022.04.26-07.26.36:495][206]LogEnum: Warning: Enum name collision: 'GrabType::NewEnumerator3' is in both '/Game/ScriptsBluePrints/VRTemplate/Blueprints/GrabType.GrabType' and '/Game/VRTemplate/Blueprints/GrabType.GrabType'
[2022.04.26-07.26.36:766][206]LogNativeClassHierarchy: Verbose: Native class hierarchy updated for 'BlueprintGraph' in 0.0006 seconds. Added 126 classes and 0 folders.
[2022.04.26-07.26.37:474][206]LogAssetEditorSubsystem: Opening Asset editor for Blueprint /Game/FirstPersonBP/MyStuff/BlindsButton.BlindsButton
[2022.04.26-07.26.37:773][206]LogSlate: Took 0.000117 seconds to synchronously load lazily loaded font '../../../Engine/Content/Slate/Fonts/Roboto-BoldCondensed.ttf' (158K)
[2022.04.26-07.26.37:879][207]LogSlate: Took 0.003384 seconds to synchronously load lazily loaded font '../../../Engine/Content/Slate/Fonts/Roboto-Italic.ttf' (157K)
[2022.04.26-07.26.39:605][309]LogSlate: Window 'Message Log' being destroyed
[2022.04.26-07.26.39:607][309]LogSlate: Window 'Message Log' being destroyed
[2022.04.26-07.26.44:311][560]LogRenderer: Reallocating scene render targets to support 1296x616 Format 10 NumSamples 4 (Frame:211).
[2022.04.26-07.26.45:154][608]LogSlate: Window 'BlindsButton' being destroyed
[2022.04.26-07.27.38:319][748]LogAssetEditorSubsystem: Opening Asset editor for Blueprint /Game/FirstPersonBP/MyStuff/GameManager.GameManager
[2022.04.26-07.27.45:888][182]LogEditorViewport: Clicking on Actor (LMB): BP_Sky_Sphere_C (SkySpherePC2)
[2022.04.26-07.27.51:210][496]LogAssetEditorSubsystem: Opening Asset editor for Blueprint /Game/FirstPersonBP/MyStuff/CompGrab.CompGrab
[2022.04.26-07.27.53:434][613]LogWorld: UWorld::CleanupWorld for World_13, bSessionEnded=true, bCleanupResources=true
[2022.04.26-07.27.53:434][613]LogSlate: InvalidateAllWidgets triggered.  All widgets were invalidated
[2022.04.26-07.30.12:797][917]LogCurveEditor: Warning: A key on CurveFloat_0 could not be moved because there was already a key at that time.
[2022.04.26-07.31.38:108][ 29]BlueprintLog: New page: Compile BlindString
[2022.04.26-07.31.38:151][ 29]LogUObjectHash: Compacting FUObjectHashTables data took   2.66ms
[2022.04.26-07.32.28:067][  9]LogBlueprint: Warning: [AssetLog] C:\Users\dmock\Unreal projects\P8\P8ToBeAnnounced\P8_VR_Home\Content\FirstPersonBP\MyStuff\BlindString.uasset: [Compiler] Pasted node  CustomEvent   conflicted with  Event Grab  and was replaced as a Custom Event!
[2022.04.26-07.34.42:624][ 64]LogAssetEditorSubsystem: Opening Asset editor for Blueprint /Game/FirstPersonBP/MyStuff/GameManager.GameManager
[2022.04.26-07.34.51:156][558]LogWorld: UWorld::CleanupWorld for World_15, bSessionEnded=true, bCleanupResources=true
[2022.04.26-07.34.51:156][558]LogSlate: InvalidateAllWidgets triggered.  All widgets were invalidated
[2022.04.26-07.34.57:701][915]LogAssetEditorSubsystem: Opening Asset editor for Blueprint /Game/FirstPersonBP/MyStuff/VentsButton.VentsButton
[2022.04.26-07.35.06:248][410]LogWorld: UWorld::CleanupWorld for World_16, bSessionEnded=true, bCleanupResources=true
[2022.04.26-07.35.06:248][410]LogSlate: InvalidateAllWidgets triggered.  All widgets were invalidated
[2022.04.26-07.35.37:532][273]LogSavePackage: Moving '../../../../../../Users/dmock/Unreal projects/P8/P8ToBeAnnounced/P8_VR_Home/Saved/CompGrab963D08E74568125C214A8C92487806C9.tmp' to '../../../../../../Users/dmock/Unreal projects/P8/P8ToBeAnnounced/P8_VR_Home/Content/FirstPersonBP/MyStuff/CompGrab.uasset'
[2022.04.26-07.35.37:544][273]AssetCheck: New page: Asset Save: CompGrab
[2022.04.26-07.35.37:544][273]LogContentValidation: Display: Validating Blueprint /Game/FirstPersonBP/MyStuff/CompGrab.CompGrab
[2022.04.26-07.36.55:806][916]LogUObjectHash: Compacting FUObjectHashTables data took   2.72ms
[2022.04.26-07.36.55:904][916]LogSavePackage: Moving '../../../../../../Users/dmock/Unreal projects/P8/P8ToBeAnnounced/P8_VR_Home/Saved/VRTemplateMap_Auto1F0B7C2C8463D5CC9555B5B819D2211EC.tmp' to '../../../../../../Users/dmock/Unreal projects/P8/P8ToBeAnnounced/P8_VR_Home/Saved/Autosaves/Game/VRTemplate/Maps/VRTemplateMap_Auto1.umap'
[2022.04.26-07.36.55:911][916]LogFileHelpers: Editor autosave (incl. external actors) for '/Game/VRTemplate/Maps/VRTemplateMap' took 0.129
[2022.04.26-07.36.55:911][916]LogFileHelpers: Editor autosave (incl. sublevels & external actors) for all levels took 0.129
[2022.04.26-07.36.55:911][916]OBJ SavePackage: Generating thumbnails for [2] asset(s) in package [/Game/FirstPersonBP/MyStuff/BlindsButton] ([2] browsable assets)...
[2022.04.26-07.36.55:920][916]OBJ SavePackage:     Rendered thumbnail for [Blueprint /Game/FirstPersonBP/MyStuff/BlindsButton.BlindsButton]
[2022.04.26-07.36.55:920][916]OBJ SavePackage: Finished generating thumbnails for package [/Game/FirstPersonBP/MyStuff/BlindsButton]
[2022.04.26-07.36.55:930][916]LogSavePackage: Moving '../../../../../../Users/dmock/Unreal projects/P8/P8ToBeAnnounced/P8_VR_Home/Saved/BlindsButton_Auto11AAF7F3049890F2741200A9B065771F7.tmp' to '../../../../../../Users/dmock/Unreal projects/P8/P8ToBeAnnounced/P8_VR_Home/Saved/Autosaves/Game/FirstPersonBP/MyStuff/BlindsButton_Auto1.uasset'
[2022.04.26-07.36.55:931][916]OBJ SavePackage: Generating thumbnails for [2] asset(s) in package [/Game/FirstPersonBP/MyStuff/BlindString] ([2] browsable assets)...
[2022.04.26-07.36.55:939][916]OBJ SavePackage:     Rendered thumbnail for [Blueprint /Game/FirstPersonBP/MyStuff/BlindString.BlindString]
[2022.04.26-07.36.55:939][916]OBJ SavePackage: Finished generating thumbnails for package [/Game/FirstPersonBP/MyStuff/BlindString]
[2022.04.26-07.36.55:958][916]LogSavePackage: Moving '../../../../../../Users/dmock/Unreal projects/P8/P8ToBeAnnounced/P8_VR_Home/Saved/BlindString_Auto10DFF7E1D4835FEBD1F1CABA3E36196FC.tmp' to '../../../../../../Users/dmock/Unreal projects/P8/P8ToBeAnnounced/P8_VR_Home/Saved/Autosaves/Game/FirstPersonBP/MyStuff/BlindString_Auto1.uasset'
[2022.04.26-07.36.55:959][916]LogFileHelpers: Auto-saving content packages took 0.049
[2022.04.26-07.40.35:639][ 32]BlueprintLog: New page: Compile BlindString
[2022.04.26-07.40.35:677][ 32]LogUObjectHash: Compacting FUObjectHashTables data took   2.04ms
[2022.04.26-07.42.33:812][ 87]LogEditorViewport: Clicking on Actor (LMB): StaticMeshActor (Group_364_4)
[2022.04.26-07.42.38:056][331]LogAssetEditorSubsystem: Opening Asset editor for Blueprint /Game/FirstPersonBP/MyStuff/Blinds.Blinds
[2022.04.26-07.43.24:042][ 69]LogEditorViewport: Clicking on Actor (LMB): InfoWidgetActor_C (InfoWidgetActor)
[2022.04.26-07.43.26:679][225]LogEditorViewport: Clicking on Actor (LMB): Actor (Group33)
[2022.04.26-07.43.30:489][451]LogEditorViewport: Clicking on Actor (LMB): GameManager_C (GameManager)
[2022.04.26-07.43.38:819][949]LogEditorViewport: Clicking on Actor (LMB): Actor (Group76_3)
[2022.04.26-07.43.53:720][831]LogSlate: Took 0.003811 seconds to synchronously load lazily loaded font '../../../Engine/Content/Slate/Fonts/Roboto-BoldCondensedItalic.ttf' (160K)
[2022.04.26-07.47.59:187][  4]LogUObjectHash: Compacting FUObjectHashTables data took   3.12ms
[2022.04.26-07.47.59:282][  4]LogSavePackage: Moving '../../../../../../Users/dmock/Unreal projects/P8/P8ToBeAnnounced/P8_VR_Home/Saved/VRTemplateMap_Auto2108B6A0647008E30AAF53D9EF17C48F4.tmp' to '../../../../../../Users/dmock/Unreal projects/P8/P8ToBeAnnounced/P8_VR_Home/Saved/Autosaves/Game/VRTemplate/Maps/VRTemplateMap_Auto2.umap'
[2022.04.26-07.47.59:284][  4]LogFileHelpers: Editor autosave (incl. external actors) for '/Game/VRTemplate/Maps/VRTemplateMap' took 0.123
[2022.04.26-07.47.59:284][  4]LogFileHelpers: Editor autosave (incl. sublevels & external actors) for all levels took 0.123
[2022.04.26-07.47.59:285][  4]OBJ SavePackage: Generating thumbnails for [0] asset(s) in package [/Game/FirstPersonBP/MyStuff/CompGrab] ([2] browsable assets)...
[2022.04.26-07.47.59:285][  4]OBJ SavePackage: Finished generating thumbnails for package [/Game/FirstPersonBP/MyStuff/CompGrab]
[2022.04.26-07.47.59:297][  4]LogSavePackage: Moving '../../../../../../Users/dmock/Unreal projects/P8/P8ToBeAnnounced/P8_VR_Home/Saved/CompGrab_Auto2CF3681014852516F3C00DB919AD13AD4.tmp' to '../../../../../../Users/dmock/Unreal projects/P8/P8ToBeAnnounced/P8_VR_Home/Saved/Autosaves/Game/FirstPersonBP/MyStuff/CompGrab_Auto2.uasset'
[2022.04.26-07.47.59:298][  4]OBJ SavePackage: Generating thumbnails for [2] asset(s) in package [/Game/FirstPersonBP/MyStuff/BlindString] ([2] browsable assets)...
[2022.04.26-07.47.59:309][  4]OBJ SavePackage:     Rendered thumbnail for [Blueprint /Game/FirstPersonBP/MyStuff/BlindString.BlindString]
[2022.04.26-07.47.59:309][  4]OBJ SavePackage: Finished generating thumbnails for package [/Game/FirstPersonBP/MyStuff/BlindString]
[2022.04.26-07.47.59:327][  4]LogSavePackage: Moving '../../../../../../Users/dmock/Unreal projects/P8/P8ToBeAnnounced/P8_VR_Home/Saved/BlindString_Auto29F89B4EB4849AAE8A3BA20A7DE883630.tmp' to '../../../../../../Users/dmock/Unreal projects/P8/P8ToBeAnnounced/P8_VR_Home/Saved/Autosaves/Game/FirstPersonBP/MyStuff/BlindString_Auto2.uasset'
[2022.04.26-07.47.59:328][  4]LogFileHelpers: Auto-saving content packages took 0.044
[2022.04.26-07.55.42:944][736]BlueprintLog: New page: Compile BlindString
[2022.04.26-07.55.42:986][736]LogUObjectHash: Compacting FUObjectHashTables data took   2.23ms
[2022.04.26-07.57.10:128][944]LogSavePackage: Moving '../../../../../../Users/dmock/Unreal projects/P8/P8ToBeAnnounced/P8_VR_Home/Saved/BlindString8B54C63F4D0DD9EC06503A85E039EC76.tmp' to '../../../../../../Users/dmock/Unreal projects/P8/P8ToBeAnnounced/P8_VR_Home/Content/FirstPersonBP/MyStuff/BlindString.uasset'
[2022.04.26-07.57.10:139][944]AssetCheck: New page: Asset Save: BlindString
[2022.04.26-07.57.10:139][944]LogContentValidation: Display: Validating Blueprint /Game/FirstPersonBP/MyStuff/BlindString.BlindString
[2022.04.26-07.57.10:926][991]Cmd: OBJ SAVEPACKAGE PACKAGE="/Game/FirstPersonBP/MyStuff/Blinds" FILE="../../../../../../Users/dmock/Unreal projects/P8/P8ToBeAnnounced/P8_VR_Home/Content/FirstPersonBP/MyStuff/Blinds.uasset" SILENT=true
[2022.04.26-07.57.10:934][991]LogSavePackage: Moving '../../../../../../Users/dmock/Unreal projects/P8/P8ToBeAnnounced/P8_VR_Home/Saved/Blinds2DA365F942ADA2753F1C2E9A4C28FE98.tmp' to '../../../../../../Users/dmock/Unreal projects/P8/P8ToBeAnnounced/P8_VR_Home/Content/FirstPersonBP/MyStuff/Blinds.uasset'
[2022.04.26-07.57.10:943][991]AssetCheck: New page: Asset Save: Blinds
[2022.04.26-07.57.10:943][991]LogContentValidation: Display: Validating Blueprint /Game/FirstPersonBP/MyStuff/Blinds.Blinds
[2022.04.26-07.57.12:082][ 58]LogSavePackage: Moving '../../../../../../Users/dmock/Unreal projects/P8/P8ToBeAnnounced/P8_VR_Home/Saved/BlindsButtonF37B6F9C496A8A006706ECB3ADD5A102.tmp' to '../../../../../../Users/dmock/Unreal projects/P8/P8ToBeAnnounced/P8_VR_Home/Content/FirstPersonBP/MyStuff/BlindsButton.uasset'
[2022.04.26-07.57.12:091][ 58]AssetCheck: New page: Asset Save: BlindsButton
[2022.04.26-07.57.12:092][ 58]LogContentValidation: Display: Validating Blueprint /Game/FirstPersonBP/MyStuff/BlindsButton.BlindsButton
[2022.04.26-07.57.12:365][ 74]LogSavePackage: Moving '../../../../../../Users/dmock/Unreal projects/P8/P8ToBeAnnounced/P8_VR_Home/Saved/BlindsButtonEA9FED824C6756BE47F54084BE3D8F36.tmp' to '../../../../../../Users/dmock/Unreal projects/P8/P8ToBeAnnounced/P8_VR_Home/Content/FirstPersonBP/MyStuff/BlindsButton.uasset'
[2022.04.26-07.57.12:375][ 74]AssetCheck: New page: Asset Save: BlindsButton
[2022.04.26-07.57.12:375][ 74]LogContentValidation: Display: Validating Blueprint /Game/FirstPersonBP/MyStuff/BlindsButton.BlindsButton
[2022.04.26-07.57.13:763][154]LogSavePackage: Moving '../../../../../../Users/dmock/Unreal projects/P8/P8ToBeAnnounced/P8_VR_Home/Saved/CompGrab9D8FA92F4F0B26998950AD8A31150891.tmp' to '../../../../../../Users/dmock/Unreal projects/P8/P8ToBeAnnounced/P8_VR_Home/Content/FirstPersonBP/MyStuff/CompGrab.uasset'
[2022.04.26-07.57.13:773][154]AssetCheck: New page: Asset Save: CompGrab
[2022.04.26-07.57.13:773][154]LogContentValidation: Display: Validating Blueprint /Game/FirstPersonBP/MyStuff/CompGrab.CompGrab
[2022.04.26-07.57.14:883][218]LogUObjectHash: Compacting FUObjectHashTables data took   2.31ms
[2022.04.26-07.57.14:980][218]LogSavePackage: Moving '../../../../../../Users/dmock/Unreal projects/P8/P8ToBeAnnounced/P8_VR_Home/Saved/VRTemplateMapE2CB1FAB44F52AA4076E1DA1F76C41B8.tmp' to '../../../../../../Users/dmock/Unreal projects/P8/P8ToBeAnnounced/P8_VR_Home/Content/VRTemplate/Maps/VRTemplateMap.umap'
[2022.04.26-07.57.15:182][218]LogSavePackage: Moving '../../../../../../Users/dmock/Unreal projects/P8/P8ToBeAnnounced/P8_VR_Home/Saved/VRTemplateMap_BuiltData735449E142257C669D4E8D8DB9501A6D.tmp' to '../../../../../../Users/dmock/Unreal projects/P8/P8ToBeAnnounced/P8_VR_Home/Content/VRTemplate/Maps/VRTemplateMap_BuiltData.uasset'
[2022.04.26-07.57.15:192][218]AssetCheck: New page: Asset Save: multiple assets
[2022.04.26-07.57.15:192][218]LogContentValidation: Display: Validating MapBuildDataRegistry /Game/VRTemplate/Maps/VRTemplateMap_BuiltData.VRTemplateMap_BuiltData
[2022.04.26-07.57.15:192][218]LogContentValidation: Display: Validating World /Game/VRTemplate/Maps/VRTemplateMap.VRTemplateMap
[2022.04.26-07.58.37:428][153]LogTcpMessaging: Started Connection to '127.0.0.1:6666'
[2022.04.26-07.59.13:142][ 56]LogUObjectHash: Compacting FUObjectHashTables data took   2.32ms
[2022.04.26-07.59.13:161][ 56]LogWorld: UWorld::CleanupWorld for World_2, bSessionEnded=true, bCleanupResources=true
[2022.04.26-07.59.13:161][ 56]LogSlate: InvalidateAllWidgets triggered.  All widgets were invalidated
[2022.04.26-07.59.13:209][ 56]LogActorComponent: UnregisterComponent: (/Engine/Transient.EditorFloorComp) Not registered. Aborting.
[2022.04.26-07.59.13:209][ 56]LogWorld: UWorld::CleanupWorld for World_3, bSessionEnded=true, bCleanupResources=true
[2022.04.26-07.59.13:209][ 56]LogSlate: InvalidateAllWidgets triggered.  All widgets were invalidated
[2022.04.26-07.59.13:258][ 56]LogActorComponent: UnregisterComponent: (/Engine/Transient.EditorFloorComp) Not registered. Aborting.
[2022.04.26-07.59.13:258][ 56]LogWorld: UWorld::CleanupWorld for World_17, bSessionEnded=true, bCleanupResources=true
[2022.04.26-07.59.13:258][ 56]LogSlate: InvalidateAllWidgets triggered.  All widgets were invalidated
[2022.04.26-07.59.13:307][ 56]LogWorld: UWorld::CleanupWorld for World_14, bSessionEnded=true, bCleanupResources=true
[2022.04.26-07.59.13:307][ 56]LogSlate: InvalidateAllWidgets triggered.  All widgets were invalidated
[2022.04.26-07.59.13:357][ 56]LogSlate: Window 'P8_VR_Home - Unreal Editor' being destroyed
[2022.04.26-07.59.13:441][ 57]Cmd: QUIT_EDITOR
[2022.04.26-07.59.13:441][ 57]LogCore: Engine exit requested (reason: UUnrealEdEngine::CloseEditor())
[2022.04.26-07.59.13:448][ 57]LogCore: Engine exit requested (reason: EngineExit() was called; note: exit was already requested)
[2022.04.26-07.59.13:449][ 57]LogAudio: Display: Beginning Audio Device Manager Shutdown (Module: AudioMixerXAudio2)...
[2022.04.26-07.59.13:449][ 57]LogAudio: Display: Destroying 1 Remaining Audio Device(s)...
[2022.04.26-07.59.13:449][ 57]LogAudio: Display: Audio Device unregistered from world 'VRTemplateMap'.
[2022.04.26-07.59.13:449][ 57]LogResonanceAudio: Display: Resonance Audio Listener is shutdown
[2022.04.26-07.59.13:450][ 57]LogAudioMixer: FMixerPlatformXAudio2::StopAudioStream() called
[2022.04.26-07.59.13:450][ 57]LogAudioMixer: FMixerPlatformXAudio2::StopAudioStream() called
[2022.04.26-07.59.13:461][ 57]LogAudio: Display: Audio Device Manager Shutdown
[2022.04.26-07.59.13:462][ 57]LogWindowsTextInputMethodSystem: Display: IME system deactivated.
[2022.04.26-07.59.13:466][ 57]LogExit: Preparing to exit.
[2022.04.26-07.59.14:437][ 57]LogUObjectHash: Compacting FUObjectHashTables data took   2.03ms
[2022.04.26-07.59.15:484][ 57]LogWorld: UWorld::CleanupWorld for World_0, bSessionEnded=true, bCleanupResources=true
[2022.04.26-07.59.15:485][ 57]LogWorld: UWorld::CleanupWorld for World_1, bSessionEnded=true, bCleanupResources=true
[2022.04.26-07.59.15:487][ 57]LogWorld: UWorld::CleanupWorld for World_5, bSessionEnded=true, bCleanupResources=true
[2022.04.26-07.59.15:488][ 57]LogWorld: UWorld::CleanupWorld for World_6, bSessionEnded=true, bCleanupResources=true
[2022.04.26-07.59.15:490][ 57]LogWorld: UWorld::CleanupWorld for World_7, bSessionEnded=true, bCleanupResources=true
[2022.04.26-07.59.15:491][ 57]LogWorld: UWorld::CleanupWorld for World_9, bSessionEnded=true, bCleanupResources=true
[2022.04.26-07.59.15:492][ 57]LogWorld: UWorld::CleanupWorld for World_10, bSessionEnded=true, bCleanupResources=true
[2022.04.26-07.59.15:494][ 57]LogWorld: UWorld::CleanupWorld for World_11, bSessionEnded=true, bCleanupResources=true
[2022.04.26-07.59.15:495][ 57]LogWorld: UWorld::CleanupWorld for World_12, bSessionEnded=true, bCleanupResources=true
[2022.04.26-07.59.15:496][ 57]LogWorld: UWorld::CleanupWorld for World_8, bSessionEnded=true, bCleanupResources=true
[2022.04.26-07.59.15:497][ 57]LogWorld: UWorld::CleanupWorld for World_4, bSessionEnded=true, bCleanupResources=true
[2022.04.26-07.59.15:548][ 57]LogDemo: Cleaned up 0 splitscreen connections with owner deletion
[2022.04.26-07.59.15:553][ 57]LogWorld: UWorld::CleanupWorld for None, bSessionEnded=true, bCleanupResources=true
[2022.04.26-07.59.15:553][ 57]LogExit: Editor shut down
[2022.04.26-07.59.15:554][ 57]LogExit: Transaction tracking system shut down
[2022.04.26-07.59.15:837][ 57]LogExit: Object subsystem successfully closed.
[2022.04.26-07.59.15:857][ 57]LogShaderCompilers: Display: === FShaderJobCache stats ===
[2022.04.26-07.59.15:857][ 57]LogShaderCompilers: Display: Total job queries 0, among them cache hits 0 (0.00%)
[2022.04.26-07.59.15:857][ 57]LogShaderCompilers: Display: Tracking 0 distinct input hashes that result in 0 distinct outputs (0.00%)
[2022.04.26-07.59.15:857][ 57]LogShaderCompilers: Display: RAM used: 0.00 MB (0.00 GB) of 819.20 MB (0.80 GB) budget. Usage: 0.00%
[2022.04.26-07.59.15:857][ 57]LogShaderCompilers: Display: ================================================
[2022.04.26-07.59.15:864][ 57]LogShaderCompilers: Display: Shaders left to compile 0
[2022.04.26-07.59.15:883][ 57]LogModuleManager: Shutting down and abandoning module BlueprintGraph (906)
[2022.04.26-07.59.15:883][ 57]LogModuleManager: Shutting down and abandoning module HierarchicalLODOutliner (904)
[2022.04.26-07.59.15:883][ 57]LogModuleManager: Shutting down and abandoning module AddContentDialog (902)
[2022.04.26-07.59.15:883][ 57]LogModuleManager: Shutting down and abandoning module WidgetCarousel (901)
[2022.04.26-07.59.15:883][ 57]LogModuleManager: Shutting down and abandoning module EditorWidgets (898)
[2022.04.26-07.59.15:883][ 57]LogModuleManager: Shutting down and abandoning module SceneOutliner (896)
[2022.04.26-07.59.15:883][ 57]LogModuleManager: Shutting down and abandoning module StatsViewer (894)
[2022.04.26-07.59.15:883][ 57]LogModuleManager: Shutting down and abandoning module PIEPreviewDeviceProfileSelector (892)
[2022.04.26-07.59.15:883][ 57]LogModuleManager: Shutting down and abandoning module SequenceRecorderSections (890)
[2022.04.26-07.59.15:883][ 57]LogModuleManager: Shutting down and abandoning module AutomationWorker (888)
[2022.04.26-07.59.15:883][ 57]LogModuleManager: Shutting down and abandoning module OculusMR (886)
[2022.04.26-07.59.15:883][ 57]LogModuleManager: Shutting down and abandoning module TextureAlignMode (884)
[2022.04.26-07.59.15:883][ 57]LogModuleManager: Shutting down and abandoning module BspMode (882)
[2022.04.26-07.59.15:883][ 57]LogModuleManager: Shutting down and abandoning module GeometryMode (880)
[2022.04.26-07.59.15:883][ 57]LogModuleManager: Shutting down and abandoning module ResonanceAudioEditor (878)
[2022.04.26-07.59.15:883][ 57]LogModuleManager: Shutting down and abandoning module OpenXRInput (876)
[2022.04.26-07.59.15:883][ 57]LogModuleManager: Shutting down and abandoning module GooglePADEditor (874)
[2022.04.26-07.59.15:883][ 57]LogModuleManager: Shutting down and abandoning module TakeRecorderSources (872)
[2022.04.26-07.59.15:883][ 57]LogModuleManager: Shutting down and abandoning module TakeRecorder (871)
[2022.04.26-07.59.15:883][ 57]LogModuleManager: Shutting down and abandoning module TakeTrackRecorders (868)
[2022.04.26-07.59.15:883][ 57]LogModuleManager: Shutting down and abandoning module TakesCore (866)
[2022.04.26-07.59.15:883][ 57]LogModuleManager: Shutting down and abandoning module AudioCaptureEditor (864)
[2022.04.26-07.59.15:883][ 57]LogModuleManager: Shutting down and abandoning module TemplateSequenceEditor (862)
[2022.04.26-07.59.15:883][ 57]LogModuleManager: Shutting down and abandoning module MatineeToLevelSequence (860)
[2022.04.26-07.59.15:883][ 57]LogModuleManager: Shutting down and abandoning module LevelSequenceEditor (858)
[2022.04.26-07.59.15:883][ 57]LogModuleManager: Shutting down and abandoning module ActorSequenceEditor (856)
[2022.04.26-07.59.15:883][ 57]LogModuleManager: Shutting down and abandoning module PlanarCut (854)
[2022.04.26-07.59.15:883][ 57]LogModuleManager: Shutting down and abandoning module WmfMediaFactory (852)
[2022.04.26-07.59.15:883][ 57]LogModuleManager: Shutting down and abandoning module WmfMediaEditor (850)
[2022.04.26-07.59.15:883][ 57]LogModuleManager: Shutting down and abandoning module WebMMediaFactory (848)
[2022.04.26-07.59.15:883][ 57]LogModuleManager: Shutting down and abandoning module WebMMediaEditor (846)
[2022.04.26-07.59.15:883][ 57]LogModuleManager: Shutting down and abandoning module WebMMedia (844)
[2022.04.26-07.59.15:883][ 57]LogModuleManager: Shutting down and abandoning module MediaPlayerEditor (842)
[2022.04.26-07.59.15:883][ 57]LogModuleManager: Shutting down and abandoning module CharacterAI (840)
[2022.04.26-07.59.15:883][ 57]LogModuleManager: Shutting down and abandoning module MediaCompositingEditor (838)
[2022.04.26-07.59.15:883][ 57]LogModuleManager: Shutting down and abandoning module SequenceRecorder (837)
[2022.04.26-07.59.15:883][ 57]LogModuleManager: Shutting down and abandoning module OpenExrWrapper (834)
[2022.04.26-07.59.15:883][ 57]LogModuleManager: Shutting down and abandoning module ImgMediaFactory (832)
[2022.04.26-07.59.15:883][ 57]LogModuleManager: Shutting down and abandoning module ImgMediaEditor (830)
[2022.04.26-07.59.15:883][ 57]LogModuleManager: Shutting down and abandoning module MagicLeapMediaCodecFactory (828)
[2022.04.26-07.59.15:883][ 57]LogModuleManager: Shutting down and abandoning module MagicLeapMediaFactory (826)
[2022.04.26-07.59.15:883][ 57]LogModuleManager: Shutting down and abandoning module MagicLeapMediaEditor (824)
[2022.04.26-07.59.15:884][ 57]LogModuleManager: Shutting down and abandoning module AvfMediaFactory (822)
[2022.04.26-07.59.15:884][ 57]LogModuleManager: Shutting down and abandoning module AvfMediaEditor (820)
[2022.04.26-07.59.15:884][ 57]LogModuleManager: Shutting down and abandoning module AndroidMediaFactory (818)
[2022.04.26-07.59.15:884][ 57]LogModuleManager: Shutting down and abandoning module AndroidMediaEditor (816)
[2022.04.26-07.59.15:884][ 57]LogModuleManager: Shutting down and abandoning module CameraShakePreviewer (814)
[2022.04.26-07.59.15:884][ 57]LogModuleManager: Shutting down and abandoning module SmartSnapping (812)
[2022.04.26-07.59.15:884][ 57]LogModuleManager: Shutting down and abandoning module SessionServices (810)
[2022.04.26-07.59.15:884][ 57]LogModuleManager: Shutting down and abandoning module MeshPaint (808)
[2022.04.26-07.59.15:884][ 57]LogModuleManager: Shutting down and abandoning module VirtualTexturingEditor (806)
[2022.04.26-07.59.15:884][ 57]LogModuleManager: Shutting down and abandoning module FoliageEdit (804)
[2022.04.26-07.59.15:884][ 57]LogModuleManager: Shutting down and abandoning module LandscapeEditor (802)
[2022.04.26-07.59.15:884][ 57]LogModuleManager: Shutting down and abandoning module MeshPaintMode (800)
[2022.04.26-07.59.15:884][ 57]LogModuleManager: Shutting down and abandoning module SceneDepthPickerMode (798)
[2022.04.26-07.59.15:884][ 57]LogModuleManager: Shutting down and abandoning module ActorPickerMode (796)
[2022.04.26-07.59.15:884][ 57]LogModuleManager: Shutting down and abandoning module PlacementMode (794)
[2022.04.26-07.59.15:884][ 57]LogModuleManager: Shutting down and abandoning module ViewportSnapping (792)
[2022.04.26-07.59.15:884][ 57]LogModuleManager: Shutting down and abandoning module ViewportInteraction (790)
[2022.04.26-07.59.15:884][ 57]LogModuleManager: Shutting down and abandoning module ClothPainter (788)
[2022.04.26-07.59.15:884][ 57]LogModuleManager: Shutting down and abandoning module SkeletalMeshEditor (787)
[2022.04.26-07.59.15:884][ 57]LogModuleManager: Shutting down and abandoning module LogVisualizer (784)
[2022.04.26-07.59.15:884][ 57]LogModuleManager: Shutting down and abandoning module IntroTutorials (782)
[2022.04.26-07.59.15:884][ 57]LogModuleManager: Shutting down and abandoning module GameProjectGeneration (781)
[2022.04.26-07.59.15:884][ 57]LogModuleManager: Shutting down and abandoning module LuminPlatformEditor (778)
[2022.04.26-07.59.15:884][ 57]LogModuleManager: Shutting down and abandoning module IOSPlatformEditor (776)
[2022.04.26-07.59.15:884][ 57]LogModuleManager: Shutting down and abandoning module AndroidPlatformEditor (774)
[2022.04.26-07.59.15:884][ 57]LogModuleManager: Shutting down and abandoning module AndroidDeviceDetection (773)
[2022.04.26-07.59.16:975][ 57]LogModuleManager: Shutting down and abandoning module WindowsPlatformEditor (770)
[2022.04.26-07.59.16:975][ 57]LogModuleManager: Shutting down and abandoning module LuminRuntimeSettings (768)
[2022.04.26-07.59.16:975][ 57]LogModuleManager: Shutting down and abandoning module IOSRuntimeSettings (766)
[2022.04.26-07.59.16:975][ 57]LogModuleManager: Shutting down and abandoning module AndroidRuntimeSettings (764)
[2022.04.26-07.59.16:975][ 57]LogModuleManager: Shutting down and abandoning module TraceInsights (762)
[2022.04.26-07.59.16:975][ 57]MemoryProfiler: Shutdown
[2022.04.26-07.59.16:975][ 57]NetworkingProfiler: Shutdown
[2022.04.26-07.59.16:975][ 57]LoadingProfiler: Shutdown
[2022.04.26-07.59.16:975][ 57]TimingProfiler: Shutdown
[2022.04.26-07.59.16:975][ 57]LogModuleManager: Shutting down and abandoning module TraceServices (761)
[2022.04.26-07.59.16:975][ 57]LogModuleManager: Shutting down and abandoning module EditorInteractiveToolsFramework (758)
[2022.04.26-07.59.16:975][ 57]LogModuleManager: Shutting down and abandoning module TimeManagementEditor (756)
[2022.04.26-07.59.16:975][ 57]LogModuleManager: Shutting down and abandoning module InputBindingEditor (754)
[2022.04.26-07.59.16:975][ 57]LogModuleManager: Shutting down and abandoning module MergeActors (752)
[2022.04.26-07.59.16:975][ 57]LogModuleManager: Shutting down and abandoning module LocalizationDashboard (750)
[2022.04.26-07.59.16:975][ 57]LogModuleManager: Shutting down and abandoning module LocalizationService (749)
[2022.04.26-07.59.16:975][ 57]LogModuleManager: Shutting down and abandoning module HardwareTargeting (746)
[2022.04.26-07.59.16:975][ 57]LogModuleManager: Shutting down and abandoning module DeviceProfileEditor (744)
[2022.04.26-07.59.16:975][ 57]LogModuleManager: Shutting down and abandoning module UndoHistory (742)
[2022.04.26-07.59.16:975][ 57]LogModuleManager: Shutting down and abandoning module XmlParser (740)
[2022.04.26-07.59.16:975][ 57]LogModuleManager: Shutting down and abandoning module Blutility (738)
[2022.04.26-07.59.16:975][ 57]LogModuleManager: Shutting down and abandoning module ProjectSettingsViewer (736)
[2022.04.26-07.59.16:975][ 57]LogModuleManager: Shutting down and abandoning module ProjectTargetPlatformEditor (735)
[2022.04.26-07.59.16:975][ 57]LogModuleManager: Shutting down and abandoning module EditorSettingsViewer (732)
[2022.04.26-07.59.16:975][ 57]LogModuleManager: Shutting down and abandoning module InternationalizationSettings (731)
[2022.04.26-07.59.16:975][ 57]LogModuleManager: Shutting down and abandoning module SettingsEditor (728)
[2022.04.26-07.59.16:975][ 57]LogModuleManager: Shutting down and abandoning module ProjectLauncher (726)
[2022.04.26-07.59.16:975][ 57]LogModuleManager: Shutting down and abandoning module SessionFrontend (724)
[2022.04.26-07.59.16:975][ 57]LogModuleManager: Shutting down and abandoning module ProfilerClient (722)
[2022.04.26-07.59.16:975][ 57]LogModuleManager: Shutting down and abandoning module DeviceManager (720)
[2022.04.26-07.59.16:975][ 57]LogModuleManager: Shutting down and abandoning module TargetDeviceServices (719)
[2022.04.26-07.59.17:019][ 57]LogModuleManager: Shutting down and abandoning module AutomationController (716)
[2022.04.26-07.59.17:019][ 57]LogModuleManager: Shutting down and abandoning module AutomationWindow (714)
[2022.04.26-07.59.17:019][ 57]LogModuleManager: Shutting down and abandoning module Layers (712)
[2022.04.26-07.59.17:019][ 57]LogModuleManager: Shutting down and abandoning module ComponentVisualizers (710)
[2022.04.26-07.59.17:019][ 57]LogModuleManager: Shutting down and abandoning module DetailCustomizations (708)
[2022.04.26-07.59.17:019][ 57]LogModuleManager: Shutting down and abandoning module PackagesDialog (706)
[2022.04.26-07.59.17:019][ 57]LogModuleManager: Shutting down and abandoning module AnimationBlueprintEditor (704)
[2022.04.26-07.59.17:019][ 57]LogModuleManager: Shutting down and abandoning module Persona (702)
[2022.04.26-07.59.17:019][ 57]LogModuleManager: Shutting down and abandoning module AnimGraph (701)
[2022.04.26-07.59.17:019][ 57]LogModuleManager: Shutting down and abandoning module Kismet (698)
[2022.04.26-07.59.17:025][ 57]LogModuleManager: Shutting down and abandoning module KismetWidgets (697)
[2022.04.26-07.59.17:025][ 57]LogModuleManager: Shutting down and abandoning module GraphEditor (694)
[2022.04.26-07.59.17:025][ 57]LogModuleManager: Shutting down and abandoning module StructViewer (692)
[2022.04.26-07.59.17:025][ 57]LogModuleManager: Shutting down and abandoning module ClassViewer (690)
[2022.04.26-07.59.17:025][ 57]LogModuleManager: Shutting down and abandoning module Toolbox (688)
[2022.04.26-07.59.17:025][ 57]LogModuleManager: Shutting down and abandoning module ModuleUI (686)
[2022.04.26-07.59.17:025][ 57]LogModuleManager: Shutting down and abandoning module OutputLog (684)
[2022.04.26-07.59.17:026][ 57]LogModuleManager: Shutting down and abandoning module GammaUI (682)
[2022.04.26-07.59.17:026][ 57]LogModuleManager: Shutting down and abandoning module Documentation (680)
[2022.04.26-07.59.17:026][ 57]LogModuleManager: Shutting down and abandoning module LiveCoding (678)
[2022.04.26-07.59.17:026][ 57]LogModuleManager: Shutting down and abandoning module LevelSequence (676)
[2022.04.26-07.59.17:026][ 57]LogModuleManager: Shutting down and abandoning module MovieSceneTracks (674)
[2022.04.26-07.59.17:026][ 57]LogModuleManager: Shutting down and abandoning module MovieScene (672)
[2022.04.26-07.59.17:026][ 57]LogModuleManager: Shutting down and abandoning module StreamingPauseRendering (670)
[2022.04.26-07.59.17:026][ 57]LogModuleManager: Shutting down and abandoning module LauncherPlatform (668)
[2022.04.26-07.59.17:026][ 57]LogModuleManager: Shutting down and abandoning module AnalyticsET (666)
[2022.04.26-07.59.17:026][ 57]LogModuleManager: Shutting down and abandoning module PortalServices (664)
[2022.04.26-07.59.17:026][ 57]LogModuleManager: Shutting down and abandoning module PortalRpc (662)
[2022.04.26-07.59.17:026][ 57]LogModuleManager: Shutting down and abandoning module MessagingRpc (660)
[2022.04.26-07.59.17:026][ 57]LogModuleManager: Shutting down and abandoning module AudioMixerXAudio2 (658)
[2022.04.26-07.59.17:026][ 57]LogModuleManager: Shutting down and abandoning module AudioMixerCore (657)
[2022.04.26-07.59.17:026][ 57]LogModuleManager: Shutting down and abandoning module AIModule (654)
[2022.04.26-07.59.17:026][ 57]LogModuleManager: Shutting down and abandoning module GameplayDebugger (653)
[2022.04.26-07.59.17:026][ 57]LogModuleManager: Shutting down and abandoning module AITestSuite (651)
[2022.04.26-07.59.17:026][ 57]LogModuleManager: Shutting down and abandoning module NavigationSystem (649)
[2022.04.26-07.59.17:026][ 57]LogModuleManager: Shutting down and abandoning module ImageWriteQueue (646)
[2022.04.26-07.59.17:031][ 57]LogModuleManager: Shutting down and abandoning module ProfilerService (644)
[2022.04.26-07.59.17:039][ 57]LogModuleManager: Shutting down and abandoning module TaskGraph (642)
[2022.04.26-07.59.17:039][ 57]LogModuleManager: Shutting down and abandoning module AudioSynesthesiaEditor (640)
[2022.04.26-07.59.17:039][ 57]LogModuleManager: Shutting down and abandoning module ContentBrowserFileDataSource (638)
[2022.04.26-07.59.17:039][ 57]LogModuleManager: Shutting down and abandoning module ContentBrowserClassDataSource (636)
[2022.04.26-07.59.17:039][ 57]LogModuleManager: Shutting down and abandoning module ContentBrowserAssetDataSource (634)
[2022.04.26-07.59.17:039][ 57]LogModuleManager: Shutting down and abandoning module CollectionManager (633)
[2022.04.26-07.59.17:039][ 57]LogModuleManager: Shutting down and abandoning module OculusEditor (630)
[2022.04.26-07.59.17:039][ 57]LogModuleManager: Shutting down and abandoning module OculusInput (628)
[2022.04.26-07.59.17:039][ 57]LogModuleManager: Shutting down and abandoning module SpeedTreeImporter (626)
[2022.04.26-07.59.17:039][ 57]LogModuleManager: Shutting down and abandoning module MobileLauncherProfileWizard (624)
[2022.04.26-07.59.17:039][ 57]LogModuleManager: Shutting down and abandoning module PluginBrowser (622)
[2022.04.26-07.59.17:039][ 57]LogModuleManager: Shutting down and abandoning module PolygonModeling (620)
[2022.04.26-07.59.17:039][ 57]LogModuleManager: Shutting down and abandoning module MeshEditor (618)
[2022.04.26-07.59.17:039][ 57]LogModuleManager: Shutting down and abandoning module MaterialAnalyzer (616)
[2022.04.26-07.59.17:039][ 57]LogModuleManager: Shutting down and abandoning module EditorScriptingUtilities (614)
[2022.04.26-07.59.17:039][ 57]LogModuleManager: Shutting down and abandoning module CurveEditorTools (612)
[2022.04.26-07.59.17:040][ 57]LogModuleManager: Shutting down and abandoning module CryptoKeysOpenSSL (610)
[2022.04.26-07.59.17:040][ 57]LogModuleManager: Shutting down and abandoning module CryptoKeys (608)
[2022.04.26-07.59.17:040][ 57]LogModuleManager: Shutting down and abandoning module SynthesisEditor (606)
[2022.04.26-07.59.17:040][ 57]LogModuleManager: Shutting down and abandoning module Synthesis (604)
[2022.04.26-07.59.17:040][ 57]LogModuleManager: Shutting down and abandoning module ResonanceAudio (602)
[2022.04.26-07.59.17:040][ 57]LogModuleManager: Shutting down and abandoning module ProceduralMeshComponentEditor (600)
[2022.04.26-07.59.17:040][ 57]LogModuleManager: Shutting down and abandoning module ProceduralMeshComponent (598)
[2022.04.26-07.59.17:040][ 57]LogModuleManager: Shutting down and abandoning module OpenXREditor (596)
[2022.04.26-07.59.17:040][ 57]LogModuleManager: Shutting down and abandoning module MobilePatchingUtils (594)
[2022.04.26-07.59.17:040][ 57]LogModuleManager: Shutting down and abandoning module GooglePAD (592)
[2022.04.26-07.59.17:040][ 57]LogModuleManager: Shutting down and abandoning module EditableMesh (590)
[2022.04.26-07.59.17:040][ 57]LogModuleManager: Shutting down and abandoning module CustomMeshComponent (588)
[2022.04.26-07.59.17:040][ 57]LogModuleManager: Shutting down and abandoning module TakeSequencer (586)
[2022.04.26-07.59.17:040][ 57]LogModuleManager: Shutting down and abandoning module TakeMovieScene (584)
[2022.04.26-07.59.17:040][ 57]LogModuleManager: Shutting down and abandoning module CableComponent (582)
[2022.04.26-07.59.17:040][ 57]LogModuleManager: Shutting down and abandoning module AudioCapture (580)
[2022.04.26-07.59.17:040][ 57]LogModuleManager: Shutting down and abandoning module AudioCaptureRtAudio (579)
[2022.04.26-07.59.17:040][ 57]LogModuleManager: Shutting down and abandoning module AssetTags (576)
[2022.04.26-07.59.17:040][ 57]LogModuleManager: Shutting down and abandoning module ArchVisCharacter (574)
[2022.04.26-07.59.17:040][ 57]LogModuleManager: Shutting down and abandoning module AppleImageUtilsBlueprintSupport (572)
[2022.04.26-07.59.17:040][ 57]LogModuleManager: Shutting down and abandoning module AppleImageUtils (570)
[2022.04.26-07.59.17:040][ 57]LogModuleManager: Shutting down and abandoning module AndroidPermission (568)
[2022.04.26-07.59.17:040][ 57]LogModuleManager: Shutting down and abandoning module ActorLayerUtilitiesEditor (566)
[2022.04.26-07.59.17:040][ 57]LogModuleManager: Shutting down and abandoning module ActorLayerUtilities (564)
[2022.04.26-07.59.17:040][ 57]LogModuleManager: Shutting down and abandoning module ScreenshotTools (562)
[2022.04.26-07.59.17:040][ 57]LogModuleManager: Shutting down and abandoning module TemplateSequence (560)
[2022.04.26-07.59.17:040][ 57]LogModuleManager: Shutting down and abandoning module OpenImageDenoise (558)
[2022.04.26-07.59.17:040][ 57]LogOpenImageDenoise: OIDN shutting down
[2022.04.26-07.59.17:040][ 57]LogModuleManager: Shutting down and abandoning module MotoSynthEditor (556)
[2022.04.26-07.59.17:040][ 57]LogModuleManager: Shutting down and abandoning module MotoSynth (554)
[2022.04.26-07.59.17:040][ 57]LogModuleManager: Shutting down and abandoning module MeshConversion (552)
[2022.04.26-07.59.17:040][ 57]LogModuleManager: Shutting down and abandoning module DynamicMesh (550)
[2022.04.26-07.59.17:040][ 57]LogModuleManager: Shutting down and abandoning module GeometryAlgorithms (548)
[2022.04.26-07.59.17:040][ 57]LogModuleManager: Shutting down and abandoning module GeometricObjects (546)
[2022.04.26-07.59.17:040][ 57]LogModuleManager: Shutting down and abandoning module GeometryCollectionTracks (544)
[2022.04.26-07.59.17:040][ 57]LogModuleManager: Shutting down and abandoning module GeometryCollectionSequencer (543)
[2022.04.26-07.59.17:040][ 57]LogModuleManager: Shutting down and abandoning module GeometryCollectionEditor (540)
[2022.04.26-07.59.17:040][ 57]LogModuleManager: Shutting down and abandoning module GeometryCacheTracks (538)
[2022.04.26-07.59.17:040][ 57]LogModuleManager: Shutting down and abandoning module GeometryCacheStreamer (536)
[2022.04.26-07.59.17:040][ 57]LogModuleManager: Shutting down and abandoning module GeometryCacheSequencer (534)
[2022.04.26-07.59.17:040][ 57]LogModuleManager: Shutting down and abandoning module ChaosSolverEditor (532)
[2022.04.26-07.59.17:040][ 57]LogModuleManager: Shutting down and abandoning module ChaosNiagara (530)
[2022.04.26-07.59.17:040][ 57]LogModuleManager: Shutting down and abandoning module FractureEditor (528)
[2022.04.26-07.59.17:040][ 57]LogModuleManager: Shutting down and abandoning module ChaosClothEditor (526)
[2022.04.26-07.59.17:040][ 57]LogModuleManager: Shutting down and abandoning module BlastCore (524)
[2022.04.26-07.59.17:040][ 57]LogModuleManager: Shutting down and abandoning module BlastAuthoring (522)
[2022.04.26-07.59.17:040][ 57]LogModuleManager: Shutting down and abandoning module MediaCompositing (520)
[2022.04.26-07.59.17:040][ 57]LogModuleManager: Shutting down and abandoning module BackChannel (518)
[2022.04.26-07.59.17:040][ 57]LogModuleManager: Shutting down and abandoning module AutomationUtilsEditor (516)
[2022.04.26-07.59.17:040][ 57]LogModuleManager: Shutting down and abandoning module AutomationUtils (514)
[2022.04.26-07.59.17:040][ 57]LogModuleManager: Shutting down and abandoning module AlembicImporter (512)
[2022.04.26-07.59.17:040][ 57]LogModuleManager: Shutting down and abandoning module AlembicLibrary (511)
[2022.04.26-07.59.17:040][ 57]LogModuleManager: Shutting down and abandoning module GeometryCache (510)
[2022.04.26-07.59.17:040][ 57]LogModuleManager: Shutting down and abandoning module GeometryCacheEd (509)
[2022.04.26-07.59.17:040][ 57]LogModuleManager: Shutting down and abandoning module ImgMedia (504)
[2022.04.26-07.59.17:040][ 57]LogModuleManager: Shutting down and abandoning module MagicLeapSharedWorld (502)
[2022.04.26-07.59.17:040][ 57]LogModuleManager: Shutting down and abandoning module MagicLeapLightEstimation (500)
[2022.04.26-07.59.17:040][ 57]LogModuleManager: Shutting down and abandoning module VisualStudioCodeSourceCodeAccess (498)
[2022.04.26-07.59.17:040][ 57]LogModuleManager: Shutting down and abandoning module MagicLeapHelperVulkan (496)
[2022.04.26-07.59.17:040][ 57]LogModuleManager: Shutting down and abandoning module MagicLeapHelperOpenGL (494)
[2022.04.26-07.59.17:040][ 57]LogModuleManager: Shutting down and abandoning module MagicLeapAudio (492)
[2022.04.26-07.59.17:040][ 57]LogModuleManager: Shutting down and abandoning module NiagaraEditorWidgets (490)
[2022.04.26-07.59.17:040][ 57]LogModuleManager: Shutting down and abandoning module VisualStudioSourceCodeAccess (488)
[2022.04.26-07.59.17:040][ 57]LogModuleManager: Shutting down and abandoning module UObjectPlugin (486)
[2022.04.26-07.59.17:040][ 57]LogModuleManager: Shutting down and abandoning module SubversionSourceControl (484)
[2022.04.26-07.59.17:040][ 57]LogModuleManager: Shutting down and abandoning module RiderSourceCodeAccess (482)
[2022.04.26-07.59.17:040][ 57]LogModuleManager: Shutting down and abandoning module PlasticSourceControl (480)
[2022.04.26-07.59.17:040][ 57]LogModuleManager: Shutting down and abandoning module PluginUtils (478)
[2022.04.26-07.59.17:040][ 57]LogModuleManager: Shutting down and abandoning module PerforceSourceControl (476)
[2022.04.26-07.59.17:040][ 57]LogModuleManager: Shutting down and abandoning module GitSourceControl (474)
[2022.04.26-07.59.17:040][ 57]LogModuleManager: Shutting down and abandoning module SourceControl (473)
[2022.04.26-07.59.17:040][ 57]LogModuleManager: Shutting down and abandoning module CLionSourceCodeAccess (470)
[2022.04.26-07.59.17:040][ 57]LogModuleManager: Shutting down and abandoning module StaticMeshEditorExtension (468)
[2022.04.26-07.59.17:041][ 57]LogModuleManager: Shutting down and abandoning module StaticMeshEditor (467)
[2022.04.26-07.59.17:041][ 57]LogModuleManager: Shutting down and abandoning module AdvancedPreviewScene (466)
[2022.04.26-07.59.17:041][ 57]LogModuleManager: Shutting down and abandoning module MeshProcessingLibrary (463)
[2022.04.26-07.59.17:042][ 57]LogModuleManager: Shutting down and abandoning module VariantManager (460)
[2022.04.26-07.59.17:042][ 57]LogModuleManager: Shutting down and abandoning module VariantManagerContentEditor (459)
[2022.04.26-07.59.17:042][ 57]LogModuleManager: Shutting down and abandoning module AnimationSharingEd (456)
[2022.04.26-07.59.17:042][ 57]LogModuleManager: Shutting down and abandoning module DirectLinkTest (454)
[2022.04.26-07.59.17:042][ 57]LogModuleManager: Shutting down and abandoning module DatasmithNativeTranslator (452)
[2022.04.26-07.59.17:042][ 57]LogModuleManager: Shutting down and abandoning module DatasmithTranslator (450)
[2022.04.26-07.59.17:042][ 57]LogModuleManager: Shutting down and abandoning module DatasmithImporter (448)
[2022.04.26-07.59.17:042][ 57]LogModuleManager: Shutting down and abandoning module FieldSystemEngine (447)
[2022.04.26-07.59.17:042][ 57]LogModuleManager: Shutting down and abandoning module DatasmithContentEditor (444)
[2022.04.26-07.59.17:042][ 57]LogModuleManager: Shutting down and abandoning module DataprepEditorScriptingUtilities (442)
[2022.04.26-07.59.17:042][ 57]LogModuleManager: Shutting down and abandoning module DataprepLibraries (440)
[2022.04.26-07.59.17:042][ 57]LogModuleManager: Shutting down and abandoning module DataprepCore (438)
[2022.04.26-07.59.17:042][ 57]LogModuleManager: Shutting down and abandoning module DataprepEditor (436)
[2022.04.26-07.59.17:043][ 57]LogModuleManager: Shutting down and abandoning module OodleNetworkHandlerComponent (434)
[2022.04.26-07.59.17:043][ 57]LogModuleManager: Shutting down and abandoning module LightPropagationVolumeEditor (432)
[2022.04.26-07.59.17:043][ 57]LogModuleManager: Shutting down and abandoning module LiveLinkSequencer (430)
[2022.04.26-07.59.17:043][ 57]LogModuleManager: Shutting down and abandoning module LiveLinkMovieScene (428)
[2022.04.26-07.59.17:043][ 57]LogModuleManager: Shutting down and abandoning module LiveLinkGraphNode (426)
[2022.04.26-07.59.17:043][ 57]LogModuleManager: Shutting down and abandoning module LiveLinkEditor (424)
[2022.04.26-07.59.17:043][ 57]LogModuleManager: Shutting down and abandoning module LiveLinkComponents (422)
[2022.04.26-07.59.17:043][ 57]LogModuleManager: Shutting down and abandoning module LiveLink (420)
[2022.04.26-07.59.17:608][ 57]LogModuleManager: Shutting down and abandoning module PaperTiledImporter (418)
[2022.04.26-07.59.17:608][ 57]LogModuleManager: Shutting down and abandoning module PaperSpriteSheetImporter (416)
[2022.04.26-07.59.17:608][ 57]LogModuleManager: Shutting down and abandoning module Paper2DEditor (414)
[2022.04.26-07.59.17:608][ 57]LogModuleManager: Shutting down and abandoning module MeshPaintingToolset (412)
[2022.04.26-07.59.17:608][ 57]LogModuleManager: Shutting down and abandoning module MeshPaintEditorMode (410)
[2022.04.26-07.59.17:608][ 57]LogModuleManager: Shutting down and abandoning module P8_VR_Home (408)
[2022.04.26-07.59.17:608][ 57]LogModuleManager: Shutting down and abandoning module EnvironmentQueryEditor (406)
[2022.04.26-07.59.17:608][ 57]LogModuleManager: Shutting down and abandoning module DataValidation (404)
[2022.04.26-07.59.17:608][ 57]LogModuleManager: Shutting down and abandoning module GameplayTagsEditor (402)
[2022.04.26-07.59.17:608][ 57]LogModuleManager: Shutting down and abandoning module FacialAnimationEditor (400)
[2022.04.26-07.59.17:608][ 57]LogModuleManager: Shutting down and abandoning module FacialAnimation (398)
[2022.04.26-07.59.17:608][ 57]LogModuleManager: Shutting down and abandoning module AssetManagerEditor (396)
[2022.04.26-07.59.17:608][ 57]LogModuleManager: Shutting down and abandoning module LevelEditor (395)
[2022.04.26-07.59.17:609][ 57]LogModuleManager: Shutting down and abandoning module PixelInspectorModule (394)
[2022.04.26-07.59.17:609][ 57]LogModuleManager: Shutting down and abandoning module CommonMenuExtensions (392)
[2022.04.26-07.59.17:609][ 57]LogModuleManager: Shutting down and abandoning module MainFrame (390)
[2022.04.26-07.59.17:609][ 57]LogModuleManager: Shutting down and abandoning module HotReload (389)
[2022.04.26-07.59.17:609][ 57]LogModuleManager: Shutting down and abandoning module ToolMenus (385)
[2022.04.26-07.59.17:609][ 57]LogModuleManager: Shutting down and abandoning module TreeMap (383)
[2022.04.26-07.59.17:609][ 57]LogModuleManager: Shutting down and abandoning module SignificanceManager (380)
[2022.04.26-07.59.17:609][ 57]LogModuleManager: Shutting down and abandoning module RuntimePhysXCooking (378)
[2022.04.26-07.59.17:609][ 57]LogModuleManager: Shutting down and abandoning module PropertyAccessEditor (376)
[2022.04.26-07.59.17:609][ 57]LogModuleManager: Shutting down and abandoning module SoundFields (374)
[2022.04.26-07.59.17:609][ 57]LogModuleManager: Shutting down and abandoning module PhysXVehiclesEditor (372)
[2022.04.26-07.59.17:609][ 57]LogModuleManager: Shutting down and abandoning module LocationServicesBPLibrary (368)
[2022.04.26-07.59.17:609][ 57]LogModuleManager: Shutting down and abandoning module AudioSynesthesia (366)
[2022.04.26-07.59.17:609][ 57]LogModuleManager: Shutting down and abandoning module AudioSynesthesiaCore (364)
[2022.04.26-07.59.17:609][ 57]LogModuleManager: Shutting down and abandoning module UdpMessaging (362)
[2022.04.26-07.59.17:711][ 57]LogModuleManager: Shutting down and abandoning module TcpMessaging (360)
[2022.04.26-07.59.17:812][ 57]LogModuleManager: Shutting down and abandoning module ActorSequence (358)
[2022.04.26-07.59.17:812][ 57]LogModuleManager: Shutting down and abandoning module PythonScriptPlugin (356)
[2022.04.26-07.59.17:812][ 57]LogModuleManager: Shutting down and abandoning module ImgMediaEngine (354)
[2022.04.26-07.59.17:812][ 57]LogModuleManager: Shutting down and abandoning module MagicLeapARPin (352)
[2022.04.26-07.59.17:812][ 57]LogModuleManager: Shutting down and abandoning module MagicLeapHandMeshing (350)
[2022.04.26-07.59.17:812][ 57]LogModuleManager: Shutting down and abandoning module MagicLeapSecureStorage (348)
[2022.04.26-07.59.17:812][ 57]LogModuleManager: Shutting down and abandoning module MagicLeapPrivileges (346)
[2022.04.26-07.59.17:812][ 57]LogModuleManager: Shutting down and abandoning module MagicLeapPlanes (344)
[2022.04.26-07.59.17:812][ 57]LogMagicLeapPlanes: Planes tracker already destroyed.
[2022.04.26-07.59.17:812][ 57]LogModuleManager: Shutting down and abandoning module MagicLeapImageTracker (342)
[2022.04.26-07.59.17:812][ 57]LogModuleManager: Shutting down and abandoning module MagicLeapIdentity (340)
[2022.04.26-07.59.17:812][ 57]LogModuleManager: Shutting down and abandoning module MagicLeapHandTracking (338)
[2022.04.26-07.59.17:812][ 57]LogModuleManager: Shutting down and abandoning module MagicLeapEyeTracker (336)
[2022.04.26-07.59.17:812][ 57]LogModuleManager: Shutting down and abandoning module MagicLeapController (334)
[2022.04.26-07.59.17:812][ 57]LogModuleManager: Shutting down and abandoning module MagicLeapARPinImpl (332)
[2022.04.26-07.59.17:812][ 57]LogModuleManager: Shutting down and abandoning module MagicLeapAR (330)
[2022.04.26-07.59.17:812][ 57]LogModuleManager: Shutting down and abandoning module NiagaraAnimNotifies (328)
[2022.04.26-07.59.17:812][ 57]LogModuleManager: Shutting down and abandoning module Niagara (326)
[2022.04.26-07.59.17:812][ 57]LogModuleManager: Shutting down and abandoning module SignalProcessing (325)
[2022.04.26-07.59.17:812][ 57]LogModuleManager: Shutting down and abandoning module NiagaraEditor (323)
[2022.04.26-07.59.17:812][ 57]LogModuleManager: Shutting down and abandoning module ContentBrowser (322)
[2022.04.26-07.59.17:812][ 57]LogModuleManager: Shutting down and abandoning module ContentBrowserData (321)
[2022.04.26-07.59.17:812][ 57]LogModuleManager: Shutting down and abandoning module NiagaraCore (316)
[2022.04.26-07.59.17:812][ 57]LogModuleManager: Shutting down and abandoning module PropertyAccessNode (314)
[2022.04.26-07.59.17:812][ 57]LogModuleManager: Shutting down and abandoning module AnimationSharing (312)
[2022.04.26-07.59.17:812][ 57]LogModuleManager: Shutting down and abandoning module GameplayCameras (310)
[2022.04.26-07.59.17:812][ 57]LogModuleManager: Shutting down and abandoning module LightPropagationVolumeRuntime (308)
[2022.04.26-07.59.17:812][ 57]LogModuleManager: Shutting down and abandoning module Paper2D (306)
[2022.04.26-07.59.17:812][ 57]LogModuleManager: Shutting down and abandoning module WindowsMoviePlayer (304)
[2022.04.26-07.59.17:813][ 57]LogModuleManager: Shutting down and abandoning module WebMMoviePlayer (302)
[2022.04.26-07.59.17:813][ 57]LogModuleManager: Shutting down and abandoning module NetworkReplayStreaming (300)
[2022.04.26-07.59.17:813][ 57]LogModuleManager: Shutting down and abandoning module PacketHandler (298)
[2022.04.26-07.59.17:813][ 57]LogModuleManager: Shutting down and abandoning module ClothingSystemEditor (296)
[2022.04.26-07.59.17:813][ 57]LogModuleManager: Shutting down and abandoning module ClothingSystemRuntimeNv (294)
[2022.04.26-07.59.17:813][ 57]LogModuleManager: Shutting down and abandoning module MediaAssets (292)
[2022.04.26-07.59.17:813][ 57]LogModuleManager: Shutting down and abandoning module Overlay (290)
[2022.04.26-07.59.17:813][ 57]LogModuleManager: Shutting down and abandoning module OverlayEditor (289)
[2022.04.26-07.59.17:813][ 57]LogModuleManager: Shutting down and abandoning module VREditor (286)
[2022.04.26-07.59.17:813][ 57]LogModuleManager: Shutting down and abandoning module StringTableEditor (284)
[2022.04.26-07.59.17:813][ 57]LogModuleManager: Shutting down and abandoning module GameplayTasksEditor (282)
[2022.04.26-07.59.17:813][ 57]LogModuleManager: Shutting down and abandoning module BehaviorTreeEditor (280)
[2022.04.26-07.59.17:813][ 57]LogModuleManager: Shutting down and abandoning module FunctionalTesting (278)
[2022.04.26-07.59.17:813][ 57]LogModuleManager: Shutting down and abandoning module CollisionAnalyzer (276)
[2022.04.26-07.59.17:813][ 57]LogModuleManager: Shutting down and abandoning module WorkspaceMenuStructure (275)
[2022.04.26-07.59.17:813][ 57]LogModuleManager: Shutting down and abandoning module UMG (272)
[2022.04.26-07.59.17:813][ 57]LogModuleManager: Shutting down and abandoning module UMGEditor (271)
[2022.04.26-07.59.17:813][ 57]LogModuleManager: Shutting down and abandoning module MessageLog (269)
[2022.04.26-07.59.17:813][ 57]LogModuleManager: Shutting down and abandoning module SlateReflector (264)
[2022.04.26-07.59.17:813][ 57]LogModuleManager: Shutting down and abandoning module Slate (262)
[2022.04.26-07.59.17:813][ 57]LogModuleManager: Shutting down and abandoning module SlateCore (260)
[2022.04.26-07.59.17:814][ 57]LogModuleManager: Shutting down and abandoning module LandscapeEditorUtilities (258)
[2022.04.26-07.59.17:814][ 57]LogModuleManager: Shutting down and abandoning module UnrealEd (256)
[2022.04.26-07.59.17:814][ 57]LogModuleManager: Shutting down and abandoning module MRMesh (254)
[2022.04.26-07.59.17:814][ 57]LogModuleManager: Shutting down and abandoning module SourceCodeAccess (252)
[2022.04.26-07.59.17:814][ 57]LogModuleManager: Shutting down and abandoning module HeadMountedDisplay (250)
[2022.04.26-07.59.17:814][ 57]LogModuleManager: Shutting down and abandoning module XAudio2 (248)
[2022.04.26-07.59.17:814][ 57]LogModuleManager: Shutting down and abandoning module Networking (246)
[2022.04.26-07.59.17:814][ 57]LogModuleManager: Shutting down and abandoning module Core (244)
[2022.04.26-07.59.17:814][ 57]LogModuleManager: Shutting down and abandoning module MaterialEditor (242)
[2022.04.26-07.59.17:814][ 57]LogModuleManager: Shutting down and abandoning module MovieSceneTools (240)
[2022.04.26-07.59.17:814][ 57]LogModuleManager: Shutting down and abandoning module CurveEditor (239)
[2022.04.26-07.59.17:814][ 57]LogModuleManager: Shutting down and abandoning module Sequencer (237)
[2022.04.26-07.59.17:814][ 57]LogModuleManager: Shutting down and abandoning module EditorStyle (236)
[2022.04.26-07.59.17:815][ 57]LogModuleManager: Shutting down and abandoning module KismetCompiler (232)
[2022.04.26-07.59.17:815][ 57]LogModuleManager: Shutting down and abandoning module MeshBuilder (230)
[2022.04.26-07.59.17:815][ 57]LogModuleManager: Shutting down and abandoning module MeshUtilities (228)
[2022.04.26-07.59.17:815][ 57]LogModuleManager: Shutting down and abandoning module MeshMergeUtilities (227)
[2022.04.26-07.59.17:815][ 57]LogModuleManager: Shutting down and abandoning module MeshReductionInterface (226)
[2022.04.26-07.59.17:815][ 57]LogModuleManager: Shutting down and abandoning module MeshBoneReduction (225)
[2022.04.26-07.59.17:815][ 57]LogModuleManager: Shutting down and abandoning module SkeletalMeshReduction (223)
[2022.04.26-07.59.17:815][ 57]LogModuleManager: Shutting down and abandoning module ProxyLODMeshReduction (221)
[2022.04.26-07.59.17:815][ 57]LogModuleManager: Shutting down and abandoning module QuadricMeshReduction (219)
[2022.04.26-07.59.17:815][ 57]LogModuleManager: Shutting down and abandoning module MaterialBaking (215)
[2022.04.26-07.59.17:815][ 57]LogModuleManager: Shutting down and abandoning module NullInstallBundleManager (210)
[2022.04.26-07.59.17:815][ 57]LogModuleManager: Shutting down and abandoning module DerivedDataCache (208)
[2022.04.26-07.59.17:815][ 57]LogModuleManager: Shutting down and abandoning module TargetPlatform (206)
[2022.04.26-07.59.17:815][ 57]LogModuleManager: Shutting down and abandoning module VulkanShaderFormat (205)
[2022.04.26-07.59.17:815][ 57]LogModuleManager: Shutting down and abandoning module ShaderFormatVectorVM (203)
[2022.04.26-07.59.17:815][ 57]LogModuleManager: Shutting down and abandoning module ShaderFormatOpenGL (201)
[2022.04.26-07.59.17:815][ 57]LogModuleManager: Shutting down and abandoning module ShaderFormatD3D (199)
[2022.04.26-07.59.17:815][ 57]LogModuleManager: Shutting down and abandoning module MetalShaderFormat (197)
[2022.04.26-07.59.17:815][ 57]LogModuleManager: Shutting down and abandoning module TextureFormatOodle (195)
[2022.04.26-07.59.17:815][ 57]LogModuleManager: Shutting down and abandoning module TextureFormatUncompressed (193)
[2022.04.26-07.59.17:815][ 57]LogModuleManager: Shutting down and abandoning module TextureFormatPVR (191)
[2022.04.26-07.59.17:815][ 57]LogModuleManager: Shutting down and abandoning module TextureFormatETC2 (189)
[2022.04.26-07.59.17:815][ 57]LogModuleManager: Shutting down and abandoning module TextureFormatDXT (187)
[2022.04.26-07.59.17:815][ 57]LogModuleManager: Shutting down and abandoning module TextureFormatIntelISPCTexComp (185)
[2022.04.26-07.59.17:815][ 57]LogModuleManager: Shutting down and abandoning module TextureFormatASTC (183)
[2022.04.26-07.59.17:815][ 57]LogModuleManager: Shutting down and abandoning module ImageWrapper (182)
[2022.04.26-07.59.17:815][ 57]LogModuleManager: Shutting down and abandoning module AudioFormatOpus (179)
[2022.04.26-07.59.17:815][ 57]LogModuleManager: Shutting down and abandoning module AudioFormatOgg (177)
[2022.04.26-07.59.17:815][ 57]LogModuleManager: Shutting down and abandoning module AudioFormatADPCM (175)
[2022.04.26-07.59.17:815][ 57]LogModuleManager: Shutting down and abandoning module WindowsServerTargetPlatform (173)
[2022.04.26-07.59.17:815][ 57]LogModuleManager: Shutting down and abandoning module WindowsClientTargetPlatform (171)
[2022.04.26-07.59.17:815][ 57]LogModuleManager: Shutting down and abandoning module WindowsTargetPlatform (169)
[2022.04.26-07.59.17:815][ 57]LogModuleManager: Shutting down and abandoning module WindowsNoEditorTargetPlatform (167)
[2022.04.26-07.59.17:815][ 57]LogModuleManager: Shutting down and abandoning module TVOSTargetPlatform (165)
[2022.04.26-07.59.17:816][ 57]LogModuleManager: Shutting down and abandoning module MacServerTargetPlatform (163)
[2022.04.26-07.59.17:816][ 57]LogModuleManager: Shutting down and abandoning module MacClientTargetPlatform (161)
[2022.04.26-07.59.17:816][ 57]LogModuleManager: Shutting down and abandoning module MacTargetPlatform (159)
[2022.04.26-07.59.17:816][ 57]LogModuleManager: Shutting down and abandoning module MacNoEditorTargetPlatform (157)
[2022.04.26-07.59.17:816][ 57]LogModuleManager: Shutting down and abandoning module LuminTargetPlatform (155)
[2022.04.26-07.59.17:816][ 57]LogModuleManager: Shutting down and abandoning module LinuxAArch64ServerTargetPlatform (153)
[2022.04.26-07.59.17:816][ 57]LogModuleManager: Shutting down and abandoning module LinuxAArch64ClientTargetPlatform (151)
[2022.04.26-07.59.17:816][ 57]LogModuleManager: Shutting down and abandoning module LinuxAArch64NoEditorTargetPlatform (149)
[2022.04.26-07.59.17:816][ 57]LogModuleManager: Shutting down and abandoning module LinuxServerTargetPlatform (147)
[2022.04.26-07.59.17:816][ 57]LogModuleManager: Shutting down and abandoning module LinuxClientTargetPlatform (145)
[2022.04.26-07.59.17:816][ 57]LogModuleManager: Shutting down and abandoning module LinuxNoEditorTargetPlatform (143)
[2022.04.26-07.59.17:816][ 57]LogModuleManager: Shutting down and abandoning module LinuxTargetPlatform (141)
[2022.04.26-07.59.17:816][ 57]LogModuleManager: Shutting down and abandoning module Messaging (139)
[2022.04.26-07.59.17:817][ 57]LogModuleManager: Shutting down and abandoning module IOSTargetPlatform (137)
[2022.04.26-07.59.17:817][ 57]LogModuleManager: Shutting down and abandoning module AndroidTargetPlatform (135)
[2022.04.26-07.59.17:819][ 57]LogModuleManager: Shutting down and abandoning module AllDesktopTargetPlatform (133)
[2022.04.26-07.59.17:819][ 57]LogModuleManager: Shutting down and abandoning module D3D11RHI (130)
[2022.04.26-07.59.17:819][ 57]LogModuleManager: Shutting down and abandoning module InputCore (128)
[2022.04.26-07.59.17:819][ 57]LogModuleManager: Shutting down and abandoning module Settings (126)
[2022.04.26-07.59.17:819][ 57]LogModuleManager: Shutting down and abandoning module DirectoryWatcher (124)
[2022.04.26-07.59.17:820][ 57]LogModuleManager: Shutting down and abandoning module PhysXCooking (122)
[2022.04.26-07.59.17:820][ 57]LogModuleManager: Shutting down and abandoning module Chaos (120)
[2022.04.26-07.59.17:820][ 57]LogModuleManager: Shutting down and abandoning module WindowsPlatformFeatures (118)
[2022.04.26-07.59.17:820][ 57]LogModuleManager: Shutting down and abandoning module GameplayMediaEncoder (117)
[2022.04.26-07.59.17:820][ 57]LogModuleManager: Shutting down and abandoning module AVEncoder (116)
[2022.04.26-07.59.17:820][ 57]LogModuleManager: Shutting down and abandoning module OculusHMD (112)
[2022.04.26-07.59.17:820][ 57]LogModuleManager: Shutting down and abandoning module OculusOpenXRHMD (110)
[2022.04.26-07.59.17:820][ 57]LogModuleManager: Shutting down and abandoning module AISupportModule (108)
[2022.04.26-07.59.17:820][ 57]LogModuleManager: Shutting down and abandoning module OpenXRAR (106)
[2022.04.26-07.59.17:820][ 57]LogModuleManager: Shutting down and abandoning module AugmentedReality (105)
[2022.04.26-07.59.17:820][ 57]LogModuleManager: Shutting down and abandoning module OpenXRHandTracking (102)
[2022.04.26-07.59.17:820][ 57]LogSlate: Slate User Destroyed.  User Index 0, Is Virtual User: 0
[2022.04.26-07.59.17:820][ 57]LogModuleManager: Shutting down and abandoning module OpenXRHMD (101)
[2022.04.26-07.59.17:822][ 57]LogModuleManager: Shutting down and abandoning module OpenXREyeTracker (98)
[2022.04.26-07.59.17:822][ 57]LogModuleManager: Shutting down and abandoning module ExampleDeviceProfileSelector (96)
[2022.04.26-07.59.17:822][ 57]LogModuleManager: Shutting down and abandoning module ChunkDownloader (94)
[2022.04.26-07.59.17:822][ 57]LogModuleManager: Shutting down and abandoning module OnlineBlueprintSupport (92)
[2022.04.26-07.59.17:822][ 57]LogModuleManager: Shutting down and abandoning module OnlineSubsystem (88)
[2022.04.26-07.59.17:823][ 57]LogModuleManager: Shutting down and abandoning module XMPP (83)
[2022.04.26-07.59.17:823][ 57]LogModuleManager: Shutting down and abandoning module WebSockets (82)
[2022.04.26-07.59.17:854][ 57]LogModuleManager: Shutting down and abandoning module HTTP (79)
[2022.04.26-07.59.17:854][ 57]LogHttp: Display: Http module shutting down, but needs to wait on 1 outstanding Http requests:
[2022.04.26-07.59.17:854][ 57]LogHttp: Display: 	verb=[POST] url=[https://datarouter.ol.epicgames.com/datarouter/api/v1/public/data?SessionID=%7BB11D1786-4B06-9D29-0C36-888AAD413323%7D&AppID=UEEditor.Rocket.Release&AppVersion=4.27.2-18319896%2B%2B%2BUE4%2BRelease-4.27&UserID=f612e1f44212923d8799278296a31a83%7Cdfb2d60c641c4fbc9eea0e112e889e93%7Cf89af9e0-1ff1-47d8-a315-244fa8996bb9&AppEnvironment=datacollector-binary&UploadType=eteventstream] refs=[1] status=Processing
[2022.04.26-07.59.17:854][ 57]LogHttp: Display: cleaning up 1 outstanding Http requests.
[2022.04.26-07.59.17:880][ 57]LogModuleManager: Shutting down and abandoning module SSL (78)
[2022.04.26-07.59.17:881][ 57]LogModuleManager: Shutting down and abandoning module LauncherChunkInstaller (74)
[2022.04.26-07.59.17:881][ 57]LogModuleManager: Shutting down and abandoning module WmfMedia (72)
[2022.04.26-07.59.17:883][ 57]LogModuleManager: Shutting down and abandoning module Media (71)
[2022.04.26-07.59.17:883][ 57]LogModuleManager: Shutting down and abandoning module MediaInfo (70)
[2022.04.26-07.59.17:883][ 57]LogModuleManager: Shutting down and abandoning module ChaosCloth (66)
[2022.04.26-07.59.17:883][ 57]LogModuleManager: Shutting down and abandoning module ExrReaderGpu (64)
[2022.04.26-07.59.17:883][ 57]LogModuleManager: Shutting down and abandoning module MLSDK (62)
[2022.04.26-07.59.17:883][ 57]LogModuleManager: Shutting down and abandoning module MagicLeap (60)
[2022.04.26-07.59.17:883][ 57]LogModuleManager: Shutting down and abandoning module NiagaraVertexFactories (58)
[2022.04.26-07.59.17:883][ 57]LogModuleManager: Shutting down and abandoning module NiagaraShader (56)
[2022.04.26-07.59.17:883][ 57]LogModuleManager: Shutting down and abandoning module PixWinPlugin (54)
[2022.04.26-07.59.17:883][ 57]LogModuleManager: Shutting down and abandoning module VariantManagerContent (52)
[2022.04.26-07.59.17:883][ 57]LogModuleManager: Shutting down and abandoning module DatasmithContent (50)
[2022.04.26-07.59.17:884][ 57]LogModuleManager: Shutting down and abandoning module DesktopPlatform (48)
[2022.04.26-07.59.17:884][ 57]LogModuleManager: Shutting down and abandoning module PlatformCryptoOpenSSL (46)
[2022.04.26-07.59.17:884][ 57]LogModuleManager: Shutting down and abandoning module PlatformCryptoTypes (44)
[2022.04.26-07.59.17:884][ 57]LogModuleManager: Shutting down and abandoning module PlatformCrypto (42)
[2022.04.26-07.59.17:884][ 57]LogModuleManager: Shutting down and abandoning module PythonScriptPluginPreload (40)
[2022.04.26-07.59.17:884][ 57]LogModuleManager: Shutting down and abandoning module OodleDataCompressionFormat (38)
[2022.04.26-07.59.17:884][ 57]LogModuleManager: Shutting down and abandoning module XGEController (36)
[2022.04.26-07.59.17:884][ 57]LogModuleManager: Shutting down and abandoning module AnimationModifiers (34)
[2022.04.26-07.59.17:884][ 57]LogModuleManager: Shutting down and abandoning module AudioEditor (32)
[2022.04.26-07.59.17:884][ 57]LogModuleManager: Shutting down and abandoning module PropertyEditor (31)
[2022.04.26-07.59.17:884][ 57]LogModuleManager: Shutting down and abandoning module TextureCompressor (28)
[2022.04.26-07.59.17:884][ 57]LogModuleManager: Shutting down and abandoning module RenderCore (26)
[2022.04.26-07.59.17:884][ 57]LogModuleManager: Shutting down and abandoning module Landscape (24)
[2022.04.26-07.59.17:884][ 57]LogModuleManager: Shutting down and abandoning module SlateRHIRenderer (22)
[2022.04.26-07.59.17:885][ 57]LogModuleManager: Shutting down and abandoning module AnimGraphRuntime (20)
[2022.04.26-07.59.17:885][ 57]LogModuleManager: Shutting down and abandoning module Renderer (18)
[2022.04.26-07.59.17:885][ 57]LogModuleManager: Shutting down and abandoning module Engine (16)
[2022.04.26-07.59.17:885][ 57]LogModuleManager: Shutting down and abandoning module CoreUObject (14)
[2022.04.26-07.59.17:885][ 57]LogModuleManager: Shutting down and abandoning module NetworkFile (12)
[2022.04.26-07.59.17:885][ 57]LogModuleManager: Shutting down and abandoning module CookedIterativeFile (10)
[2022.04.26-07.59.17:885][ 57]LogModuleManager: Shutting down and abandoning module StreamingFile (8)
[2022.04.26-07.59.17:885][ 57]LogModuleManager: Shutting down and abandoning module SandboxFile (6)
[2022.04.26-07.59.17:885][ 57]LogModuleManager: Shutting down and abandoning module PakFile (4)
[2022.04.26-07.59.17:885][ 57]LogModuleManager: Shutting down and abandoning module RSA (3)
[2022.04.26-07.59.17:885][ 57]LogContentStreaming: Display: There are 1 unreleased StreamingManagers
[2022.04.26-07.59.17:904][ 57]LogD3D11RHI: Shutdown
[2022.04.26-07.59.17:904][ 57]LogD3D11RHI: CleanupD3DDevice
[2022.04.26-07.59.17:907][ 57]LogExit: Exiting.
[2022.04.26-07.59.17:916][ 57]Log file closed, 04/26/22 09:59:17
