Log file open, 03/01/22 09:26:43
LogWindows: Failed to load 'aqProf.dll' (GetLastError=126)
LogWindows: File 'aqProf.dll' does not exist
LogWindows: Failed to load 'VtuneApi.dll' (GetLastError=126)
LogWindows: File 'VtuneApi.dll' does not exist
LogWindows: Failed to load 'VtuneApi32e.dll' (GetLastError=126)
LogWindows: File 'VtuneApi32e.dll' does not exist
LogConsoleResponse: Display: Failed to find resolution value strings in scalability ini. Falling back to default.
LogConsoleResponse: Display: Failed to find resolution value strings in scalability ini. Falling back to default.
LogInit: Display: Running engine for game: P8_VR_Home
LogPlatformFile: Not using cached read wrapper
LogTaskGraph: Started task graph with 5 named threads and 23 total threads with 3 sets of task threads.
LogStats: Stats thread started at 0.791222
LogICUInternationalization: ICU TimeZone Detection - Raw Offset: +1:00, Platform Override: ''
LogInit: Display: Loading text-based GConfig....
LogPluginManager: Mounting plugin MeshPainting
LogPluginManager: Mounting plugin XGEController
LogPluginManager: Mounting plugin AISupport
LogPluginManager: Mounting plugin Paper2D
LogPluginManager: Mounting plugin EnvironmentQueryEditor
LogPluginManager: Mounting plugin LightPropagationVolume
LogPluginManager: Mounting plugin OodleData
LogPluginManager: Mounting plugin LiveLink
LogPluginManager: Mounting plugin OodleNetwork
LogPluginManager: Mounting plugin GameplayCameras
LogPluginManager: Mounting plugin AnimationSharing
LogPluginManager: Mounting plugin CodeLiteSourceCodeAccess
LogPluginManager: Mounting plugin GitSourceControl
LogPluginManager: Mounting plugin KDevelopSourceCodeAccess
LogPluginManager: Mounting plugin CLionSourceCodeAccess
LogPluginManager: Mounting plugin NullSourceCodeAccess
LogPluginManager: Mounting plugin PerforceSourceControl
LogPluginManager: Mounting plugin PixWinPlugin
LogPluginManager: Mounting plugin CameraShakePreviewer
LogPluginManager: Mounting plugin PlasticSourceControl
LogPluginManager: Mounting plugin PropertyAccessNode
LogPluginManager: Mounting plugin PluginUtils
LogPluginManager: Mounting plugin RiderSourceCodeAccess
LogPluginManager: Mounting plugin SubversionSourceControl
LogPluginManager: Mounting plugin TextureFormatOodle
LogPluginManager: Mounting plugin VisualStudioCodeSourceCodeAccess
LogPluginManager: Mounting plugin VisualStudioSourceCodeAccess
LogPluginManager: Mounting plugin XCodeSourceCodeAccess
LogPluginManager: Mounting plugin DataprepEditor
LogPluginManager: Mounting plugin UObjectPlugin
LogPluginManager: Mounting plugin DatasmithContent
LogPluginManager: Mounting plugin DatasmithImporter
LogPluginManager: Mounting plugin StaticMeshEditorExtension
LogPluginManager: Mounting plugin VariantManagerContent
LogPluginManager: Mounting plugin VariantManager
LogPluginManager: Mounting plugin Niagara
LogPluginManager: Mounting plugin AlembicImporter
LogPluginManager: Mounting plugin AutomationUtils
LogPluginManager: Mounting plugin BackChannel
LogPluginManager: Mounting plugin BlastPlugin
LogPluginManager: Mounting plugin ChaosCloth
LogPluginManager: Mounting plugin ChaosEditor
LogPluginManager: Mounting plugin ChaosNiagara
LogPluginManager: Mounting plugin ChaosSolverPlugin
LogPluginManager: Mounting plugin CharacterAI
LogPluginManager: Mounting plugin ChaosClothEditor
LogPluginManager: Mounting plugin GeometryCache
LogPluginManager: Mounting plugin GeometryCollectionPlugin
LogPluginManager: Mounting plugin GeometryProcessing
LogPluginManager: Mounting plugin MotoSynth
LogPluginManager: Mounting plugin OpenImageDenoise
LogPluginManager: Mounting plugin PlanarCut
LogPluginManager: Mounting plugin PythonScriptPlugin
LogPluginManager: Mounting plugin ProxyLODPlugin
LogPluginManager: Mounting plugin PlatformCrypto
LogPluginManager: Mounting plugin SkeletalReduction
LogPluginManager: Mounting plugin LuminPlatformFeatures
LogPluginManager: Mounting plugin MagicLeap
LogPluginManager: Mounting plugin MagicLeapLightEstimation
LogPluginManager: Mounting plugin MagicLeapMedia
LogPluginManager: Mounting plugin MagicLeapPassableWorld
LogPluginManager: Mounting plugin MLSDK
LogPluginManager: Mounting plugin AndroidMedia
LogPluginManager: Mounting plugin AvfMedia
LogPluginManager: Mounting plugin ImgMedia
LogPluginManager: Mounting plugin MediaCompositing
LogPluginManager: Mounting plugin MediaPlayerEditor
LogPluginManager: Mounting plugin WebMMedia
LogPluginManager: Mounting plugin WmfMedia
LogPluginManager: Mounting plugin TcpMessaging
LogPluginManager: Mounting plugin UdpMessaging
LogPluginManager: Mounting plugin OnlineSubsystem
LogPluginManager: Mounting plugin ActorSequence
LogPluginManager: Mounting plugin LevelSequenceEditor
LogPluginManager: Mounting plugin MatineeToLevelSequence
LogPluginManager: Mounting plugin TemplateSequence
LogPluginManager: Mounting plugin OnlineSubsystemNull
LogPluginManager: Mounting plugin LauncherChunkInstaller
LogPluginManager: Mounting plugin OnlineSubsystemUtils
LogPluginManager: Mounting plugin ActorLayerUtilities
LogPluginManager: Mounting plugin AndroidMoviePlayer
LogPluginManager: Mounting plugin AndroidPermission
LogPluginManager: Mounting plugin AndroidDeviceProfileSelector
LogPluginManager: Mounting plugin AppleImageUtils
LogPluginManager: Mounting plugin AppleMoviePlayer
LogPluginManager: Mounting plugin AssetTags
LogPluginManager: Mounting plugin AudioCapture
LogPluginManager: Mounting plugin AudioSynesthesia
LogPluginManager: Mounting plugin ArchVisCharacter
LogPluginManager: Mounting plugin CableComponent
LogPluginManager: Mounting plugin EditableMesh
LogPluginManager: Mounting plugin CustomMeshComponent
LogPluginManager: Mounting plugin ChunkDownloader
LogPluginManager: Mounting plugin GoogleCloudMessaging
LogPluginManager: Mounting plugin GooglePAD
LogPluginManager: Mounting plugin ExampleDeviceProfileSelector
LogPluginManager: Mounting plugin IOSDeviceProfileSelector
LogPluginManager: Mounting plugin LinuxDeviceProfileSelector
LogPluginManager: Mounting plugin LocationServicesBPLibrary
LogPluginManager: Mounting plugin MobilePatchingUtils
LogPluginManager: Mounting plugin OpenXR
LogPluginManager: Mounting plugin OpenXRHandTracking
LogPluginManager: Mounting plugin OpenXREyeTracker
LogPluginManager: Mounting plugin PostSplashScreen
LogPluginManager: Mounting plugin PhysXVehicles
LogPluginManager: Mounting plugin ProceduralMeshComponent
LogPluginManager: Mounting plugin PropertyAccessEditor
LogPluginManager: Mounting plugin ResonanceAudio
LogPluginManager: Mounting plugin RuntimePhysXCooking
LogPluginManager: Mounting plugin SignificanceManager
LogPluginManager: Mounting plugin AssetManagerEditor
LogPluginManager: Mounting plugin SoundFields
LogPluginManager: Mounting plugin Synthesis
LogPluginManager: Mounting plugin CryptoKeys
LogPluginManager: Mounting plugin CurveEditorTools
LogPluginManager: Mounting plugin ScreenshotTools
LogPluginManager: Mounting plugin DataValidation
LogPluginManager: Mounting plugin EditorScriptingUtilities
LogPluginManager: Mounting plugin FacialAnimation
LogPluginManager: Mounting plugin WebMMoviePlayer
LogPluginManager: Mounting plugin GameplayTagsEditor
LogPluginManager: Mounting plugin GeometryMode
LogPluginManager: Mounting plugin WindowsMoviePlayer
LogPluginManager: Mounting plugin Takes
LogPluginManager: Mounting plugin MacGraphicsSwitching
LogPluginManager: Mounting plugin MaterialAnalyzer
LogPluginManager: Mounting plugin MeshEditor
LogPluginManager: Mounting plugin MobileLauncherProfileWizard
LogPluginManager: Mounting plugin PluginBrowser
LogPluginManager: Mounting plugin SpeedTreeImporter
LogPluginManager: Mounting plugin OnlineSubsystemGooglePlay
LogPluginManager: Mounting plugin OnlineSubsystemIOS
LogPluginManager: Mounting plugin OculusVR
LogPluginManager: Mounting plugin OculusOpenXR
LogPluginManager: Mounting plugin ContentBrowserAssetDataSource
LogPluginManager: Mounting plugin ContentBrowserFileDataSource
LogPluginManager: Mounting plugin ContentBrowserClassDataSource
PixWinPlugin: PIX capture plugin failed to initialize! Check that the process is launched from PIX.
LogInit: Using libcurl 7.55.1-DEV
LogInit:  - built for x86_64-pc-win32
LogInit:  - supports SSL with OpenSSL/1.1.1
LogInit:  - supports HTTP deflate (compression) using libz 1.2.8
LogInit:  - other features:
LogInit:      CURL_VERSION_SSL
LogInit:      CURL_VERSION_LIBZ
LogInit:      CURL_VERSION_IPV6
LogInit:      CURL_VERSION_ASYNCHDNS
LogInit:      CURL_VERSION_LARGEFILE
LogInit:      CURL_VERSION_IDN
LogInit:  CurlRequestOptions (configurable via config and command line):
LogInit:  - bVerifyPeer = true  - Libcurl will verify peer certificate
LogInit:  - bUseHttpProxy = false  - Libcurl will NOT use HTTP proxy
LogInit:  - bDontReuseConnections = false  - Libcurl will reuse connections
LogInit:  - MaxHostConnections = 16  - Libcurl will limit the number of connections to a host
LogInit:  - LocalHostAddr = Default
LogInit:  - BufferSize = 65536
LogOnline: OSS: Creating online subsystem instance for: NULL
LogInit: WinSock: version 1.1 (2.2), MaxSocks=32767, MaxUdp=65467
LogOnline: OSS: TryLoadSubsystemAndSetDefault: Loaded subsystem for module [NULL]
LogOculusPluginWrapper: OculusPlugin initialized successfully
LogHMD: FOculusHMDModule PreInit successfully
LogInit: Build: ++UE4+Release-4.27-CL-18319896
LogInit: Engine Version: 4.27.2-18319896+++UE4+Release-4.27
LogInit: Compatible Engine Version: 4.27.0-17155196+++UE4+Release-4.27
LogInit: Net CL: 17155196
LogInit: OS: Windows 10 (Release 2009) (), CPU: Intel(R) Core(TM) i7-6700HQ CPU @ 2.60GHz, GPU: NVIDIA GeForce GTX 1070
LogInit: Compiled (64-bit): Nov 30 2021 07:12:08
LogInit: Compiled with Visual C++: 19.24.28315.00
LogInit: Build Configuration: Development
LogInit: Branch Name: ++UE4+Release-4.27
LogInit: Command Line:  -EpicPortal -epicusername=qwe_oscar -epicuserid=32bc89cd799e41ec8c630bba4abf8911 -epiclocale=en -epicsandboxid=ue
LogInit: Base Directory: D:/Program Files/Epic Games/UE_4.27/Engine/Binaries/Win64/
LogInit: Allocator: TBB
LogInit: Installed Engine Build: 1
LogDevObjectVersion: Number of dev versions registered: 29
LogDevObjectVersion:   Dev-Blueprints (B0D832E4-1F89-4F0D-ACCF-7EB736FD4AA2): 10
LogDevObjectVersion:   Dev-Build (E1C64328-A22C-4D53-A36C-8E866417BD8C): 0
LogDevObjectVersion:   Dev-Core (375EC13C-06E4-48FB-B500-84F0262A717E): 4
LogDevObjectVersion:   Dev-Editor (E4B068ED-F494-42E9-A231-DA0B2E46BB41): 40
LogDevObjectVersion:   Dev-Framework (CFFC743F-43B0-4480-9391-14DF171D2073): 37
LogDevObjectVersion:   Dev-Mobile (B02B49B5-BB20-44E9-A304-32B752E40360): 3
LogDevObjectVersion:   Dev-Networking (A4E4105C-59A1-49B5-A7C5-40C4547EDFEE): 0
LogDevObjectVersion:   Dev-Online (39C831C9-5AE6-47DC-9A44-9C173E1C8E7C): 0
LogDevObjectVersion:   Dev-Physics (78F01B33-EBEA-4F98-B9B4-84EACCB95AA2): 14
LogDevObjectVersion:   Dev-Platform (6631380F-2D4D-43E0-8009-CF276956A95A): 0
LogDevObjectVersion:   Dev-Rendering (12F88B9F-8875-4AFC-A67C-D90C383ABD29): 45
LogDevObjectVersion:   Dev-Sequencer (7B5AE74C-D270-4C10-A958-57980B212A5A): 13
LogDevObjectVersion:   Dev-VR (D7296918-1DD6-4BDD-9DE2-64A83CC13884): 3
LogDevObjectVersion:   Dev-LoadTimes (C2A15278-BFE7-4AFE-6C17-90FF531DF755): 1
LogDevObjectVersion:   Private-Geometry (6EACA3D4-40EC-4CC1-B786-8BED09428FC5): 3
LogDevObjectVersion:   Dev-AnimPhys (29E575DD-E0A3-4627-9D10-D276232CDCEA): 17
LogDevObjectVersion:   Dev-Anim (AF43A65D-7FD3-4947-9873-3E8ED9C1BB05): 15
LogDevObjectVersion:   Dev-ReflectionCapture (6B266CEC-1EC7-4B8F-A30B-E4D90942FC07): 1
LogDevObjectVersion:   Dev-Automation (0DF73D61-A23F-47EA-B727-89E90C41499A): 1
LogDevObjectVersion:   FortniteMain (601D1886-AC64-4F84-AA16-D3DE0DEAC7D6): 47
LogDevObjectVersion:   FortniteRelease (E7086368-6B23-4C58-8439-1B7016265E91): 1
LogDevObjectVersion:   Dev-Enterprise (9DFFBCD6-494F-0158-E221-12823C92A888): 10
LogDevObjectVersion:   Dev-Niagara (F2AED0AC-9AFE-416F-8664-AA7FFA26D6FC): 1
LogDevObjectVersion:   Dev-Destruction (174F1F0B-B4C6-45A5-B13F-2EE8D0FB917D): 10
LogDevObjectVersion:   Dev-Physics-Ext (35F94A83-E258-406C-A318-09F59610247C): 41
LogDevObjectVersion:   Dev-PhysicsMaterial-Chaos (B68FC16E-8B1B-42E2-B453-215C058844FE): 1
LogDevObjectVersion:   Dev-CineCamera (B2E18506-4273-CFC2-A54E-F4BB758BBA07): 1
LogDevObjectVersion:   Dev-VirtualProduction (64F58936-FD1B-42BA-BA96-7289D5D0FA4E): 1
LogDevObjectVersion:   Dev-MediaFramework (6F0ED827-A609-4895-9C91-998D90180EA4): 2
LogInit: Presizing for max 25165824 objects, including 0 objects not considered by GC, pre-allocating 0 bytes for permanent pool.
LogConfig: Applying CVar settings from Section [/Script/Engine.StreamingSettings] File [C:/Users/qwe_o/P8ToBeAnnounced/P8_VR_Home/Saved/Config/Windows/Engine.ini]
LogConfig: Setting CVar [[s.MinBulkDataSizeForAsyncLoading:131072]]
LogConfig: Setting CVar [[s.AsyncLoadingThreadEnabled:0]]
LogConfig: Setting CVar [[s.EventDrivenLoaderEnabled:1]]
LogConfig: Setting CVar [[s.WarnIfTimeLimitExceeded:0]]
LogConfig: Setting CVar [[s.TimeLimitExceededMultiplier:1.5]]
LogConfig: Setting CVar [[s.TimeLimitExceededMinTime:0.005]]
LogConfig: Setting CVar [[s.UseBackgroundLevelStreaming:1]]
LogConfig: Setting CVar [[s.PriorityAsyncLoadingExtraTime:15.0]]
LogConfig: Setting CVar [[s.LevelStreamingActorsUpdateTimeLimit:5.0]]
LogConfig: Setting CVar [[s.PriorityLevelStreamingActorsUpdateExtraTime:5.0]]
LogConfig: Setting CVar [[s.LevelStreamingComponentsRegistrationGranularity:10]]
LogConfig: Setting CVar [[s.UnregisterComponentsTimeLimit:1.0]]
LogConfig: Setting CVar [[s.LevelStreamingComponentsUnregistrationGranularity:5]]
LogConfig: Setting CVar [[s.FlushStreamingOnExit:1]]
LogInit: Object subsystem initialized
LogConfig: Setting CVar [[con.DebugEarlyDefault:1]]
LogConfig: Setting CVar [[r.setres:1280x720]]
[2022.03.01-08.26.44:240][  0]LogConfig: Setting CVar [[r.VSync:0]]
[2022.03.01-08.26.44:240][  0]LogConfig: Setting CVar [[r.RHICmdBypass:0]]
[2022.03.01-08.26.44:241][  0]LogConfig: Applying CVar settings from Section [/Script/Engine.RendererSettings] File [C:/Users/qwe_o/P8ToBeAnnounced/P8_VR_Home/Saved/Config/Windows/Engine.ini]
[2022.03.01-08.26.44:241][  0]LogConfig: Setting CVar [[r.GPUCrashDebugging:0]]
[2022.03.01-08.26.44:241][  0]LogConfig: Setting CVar [[r.Mobile.DisableVertexFog:1]]
[2022.03.01-08.26.44:241][  0]LogConfig: Setting CVar [[r.Shadow.CSM.MaxMobileCascades:2]]
[2022.03.01-08.26.44:241][  0]LogConfig: Setting CVar [[r.MobileMSAA:4]]
[2022.03.01-08.26.44:241][  0]LogConfig: Setting CVar [[r.Mobile.AllowDitheredLODTransition:0]]
[2022.03.01-08.26.44:241][  0]LogConfig: Setting CVar [[r.Mobile.AllowSoftwareOcclusion:0]]
[2022.03.01-08.26.44:241][  0]LogConfig: Setting CVar [[r.Mobile.VirtualTextures:0]]
[2022.03.01-08.26.44:241][  0]LogConfig: Setting CVar [[r.DiscardUnusedQuality:0]]
[2022.03.01-08.26.44:241][  0]LogConfig: Setting CVar [[r.AllowOcclusionQueries:1]]
[2022.03.01-08.26.44:241][  0]LogConfig: Setting CVar [[r.MinScreenRadiusForLights:0.030000]]
[2022.03.01-08.26.44:241][  0]LogConfig: Setting CVar [[r.MinScreenRadiusForDepthPrepass:0.030000]]
[2022.03.01-08.26.44:241][  0]LogConfig: Setting CVar [[r.MinScreenRadiusForCSMDepth:0.010000]]
[2022.03.01-08.26.44:241][  0]LogConfig: Setting CVar [[r.PrecomputedVisibilityWarning:0]]
[2022.03.01-08.26.44:241][  0]LogConfig: Setting CVar [[r.TextureStreaming:1]]
[2022.03.01-08.26.44:241][  0]LogConfig: Setting CVar [[Compat.UseDXT5NormalMaps:0]]
[2022.03.01-08.26.44:241][  0]LogConfig: Setting CVar [[r.VirtualTextures:0]]
[2022.03.01-08.26.44:241][  0]LogConfig: Setting CVar [[r.VirtualTexturedLightmaps:0]]
[2022.03.01-08.26.44:241][  0]LogConfig: Setting CVar [[r.VT.TileSize:128]]
[2022.03.01-08.26.44:241][  0]LogConfig: Setting CVar [[r.VT.TileBorderSize:4]]
[2022.03.01-08.26.44:241][  0]LogConfig: Setting CVar [[r.vt.FeedbackFactor:16]]
[2022.03.01-08.26.44:241][  0]LogConfig: Setting CVar [[r.VT.EnableCompressZlib:1]]
[2022.03.01-08.26.44:241][  0]LogConfig: Setting CVar [[r.VT.EnableCompressCrunch:0]]
[2022.03.01-08.26.44:241][  0]LogConfig: Setting CVar [[r.ClearCoatNormal:0]]
[2022.03.01-08.26.44:241][  0]LogConfig: Setting CVar [[r.ReflectionCaptureResolution:128]]
[2022.03.01-08.26.44:241][  0]LogConfig: Setting CVar [[r.Mobile.ReflectionCaptureCompression:0]]
[2022.03.01-08.26.44:241][  0]LogConfig: Setting CVar [[r.ReflectionEnvironmentLightmapMixBasedOnRoughness:1]]
[2022.03.01-08.26.44:241][  0]LogConfig: Setting CVar [[r.ForwardShading:1]]
[2022.03.01-08.26.44:241][  0]LogConfig: Setting CVar [[r.VertexFoggingForOpaque:1]]
[2022.03.01-08.26.44:241][  0]LogConfig: Setting CVar [[r.AllowStaticLighting:1]]
[2022.03.01-08.26.44:241][  0]LogConfig: Setting CVar [[r.NormalMapsForStaticLighting:0]]
[2022.03.01-08.26.44:241][  0]LogConfig: Setting CVar [[r.GenerateMeshDistanceFields:0]]
[2022.03.01-08.26.44:241][  0]LogConfig: Setting CVar [[r.DistanceFieldBuild.EightBit:0]]
[2022.03.01-08.26.44:241][  0]LogConfig: Setting CVar [[r.GenerateLandscapeGIData:0]]
[2022.03.01-08.26.44:241][  0]LogConfig: Setting CVar [[r.DistanceFieldBuild.Compress:0]]
[2022.03.01-08.26.44:241][  0]LogConfig: Setting CVar [[r.TessellationAdaptivePixelsPerTriangle:48.000000]]
[2022.03.01-08.26.44:241][  0]LogConfig: Setting CVar [[r.SeparateTranslucency:0]]
[2022.03.01-08.26.44:241][  0]LogConfig: Setting CVar [[r.TranslucentSortPolicy:0]]
[2022.03.01-08.26.44:241][  0]LogConfig: Setting CVar [[r.CustomDepth:1]]
[2022.03.01-08.26.44:241][  0]LogConfig: Setting CVar [[r.CustomDepthTemporalAAJitter:1]]
[2022.03.01-08.26.44:241][  0]LogConfig: Setting CVar [[r.PostProcessing.PropagateAlpha:0]]
[2022.03.01-08.26.44:241][  0]LogConfig: Setting CVar [[r.DefaultFeature.Bloom:0]]
[2022.03.01-08.26.44:241][  0]LogConfig: Setting CVar [[r.DefaultFeature.AmbientOcclusion:0]]
[2022.03.01-08.26.44:241][  0]LogConfig: Setting CVar [[r.DefaultFeature.AmbientOcclusionStaticFraction:1]]
[2022.03.01-08.26.44:241][  0]LogConfig: Setting CVar [[r.DefaultFeature.AutoExposure:0]]
[2022.03.01-08.26.44:241][  0]LogConfig: Setting CVar [[r.DefaultFeature.AutoExposure.Method:0]]
[2022.03.01-08.26.44:241][  0]LogConfig: Setting CVar [[r.DefaultFeature.AutoExposure.Bias:1.000000]]
[2022.03.01-08.26.44:241][  0]LogConfig: Setting CVar [[r.DefaultFeature.AutoExposure.ExtendDefaultLuminanceRange:1]]
[2022.03.01-08.26.44:241][  0]LogConfig: Setting CVar [[r.UsePreExposure:1]]
[2022.03.01-08.26.44:242][  0]LogConfig: Setting CVar [[r.EyeAdaptation.EditorOnly:0]]
[2022.03.01-08.26.44:242][  0]LogConfig: Setting CVar [[r.DefaultFeature.MotionBlur:0]]
[2022.03.01-08.26.44:242][  0]LogConfig: Setting CVar [[r.DefaultFeature.LensFlare:0]]
[2022.03.01-08.26.44:242][  0]LogConfig: Setting CVar [[r.TemporalAA.Upsampling:0]]
[2022.03.01-08.26.44:242][  0]LogConfig: Setting CVar [[r.SSGI.Enable:0]]
[2022.03.01-08.26.44:242][  0]LogConfig: Setting CVar [[r.DefaultFeature.AntiAliasing:3]]
[2022.03.01-08.26.44:242][  0]LogConfig: Setting CVar [[r.DefaultFeature.LightUnits:1]]
[2022.03.01-08.26.44:242][  0]LogConfig: Setting CVar [[r.DefaultBackBufferPixelFormat:4]]
[2022.03.01-08.26.44:242][  0]LogConfig: Setting CVar [[r.Shadow.UnbuiltPreviewInGame:1]]
[2022.03.01-08.26.44:242][  0]LogConfig: Setting CVar [[r.StencilForLODDither:0]]
[2022.03.01-08.26.44:242][  0]LogConfig: Setting CVar [[r.EarlyZPass:3]]
[2022.03.01-08.26.44:242][  0]LogConfig: Setting CVar [[r.EarlyZPassOnlyMaterialMasking:0]]
[2022.03.01-08.26.44:242][  0]LogConfig: Setting CVar [[r.DBuffer:1]]
[2022.03.01-08.26.44:242][  0]LogConfig: Setting CVar [[r.ClearSceneMethod:1]]
[2022.03.01-08.26.44:242][  0]LogConfig: Setting CVar [[r.BasePassOutputsVelocity:0]]
[2022.03.01-08.26.44:242][  0]LogConfig: Setting CVar [[r.VertexDeformationOutputsVelocity:0]]
[2022.03.01-08.26.44:242][  0]LogConfig: Setting CVar [[r.SelectiveBasePassOutputs:0]]
[2022.03.01-08.26.44:242][  0]LogConfig: Setting CVar [[fx.GPUSimulationTextureSizeX:1024]]
[2022.03.01-08.26.44:242][  0]LogConfig: Setting CVar [[fx.GPUSimulationTextureSizeY:1024]]
[2022.03.01-08.26.44:242][  0]LogConfig: Setting CVar [[r.AllowGlobalClipPlane:0]]
[2022.03.01-08.26.44:242][  0]LogConfig: Setting CVar [[r.GBufferFormat:1]]
[2022.03.01-08.26.44:242][  0]LogConfig: Setting CVar [[r.MorphTarget.Mode:1]]
[2022.03.01-08.26.44:242][  0]LogConfig: Setting CVar [[vr.InstancedStereo:1]]
[2022.03.01-08.26.44:242][  0]LogConfig: Setting CVar [[r.MobileHDR:0]]
[2022.03.01-08.26.44:242][  0]LogConfig: Setting CVar [[vr.MobileMultiView:1]]
[2022.03.01-08.26.44:242][  0]LogConfig: Setting CVar [[r.Mobile.UseHWsRGBEncoding:1]]
[2022.03.01-08.26.44:242][  0]LogConfig: Setting CVar [[vr.RoundRobinOcclusion:0]]
[2022.03.01-08.26.44:242][  0]LogConfig: Setting CVar [[vr.ODSCapture:0]]
[2022.03.01-08.26.44:242][  0]LogConfig: Setting CVar [[r.MeshStreaming:0]]
[2022.03.01-08.26.44:242][  0]LogConfig: Setting CVar [[r.WireframeCullThreshold:5.000000]]
[2022.03.01-08.26.44:242][  0]LogConfig: Setting CVar [[r.RayTracing:0]]
[2022.03.01-08.26.44:242][  0]LogConfig: Setting CVar [[r.RayTracing.UseTextureLod:0]]
[2022.03.01-08.26.44:242][  0]LogConfig: Setting CVar [[r.SupportStationarySkylight:1]]
[2022.03.01-08.26.44:242][  0]LogConfig: Setting CVar [[r.SupportLowQualityLightmaps:1]]
[2022.03.01-08.26.44:242][  0]LogConfig: Setting CVar [[r.SupportPointLightWholeSceneShadows:1]]
[2022.03.01-08.26.44:242][  0]LogConfig: Setting CVar [[r.SupportAtmosphericFog:1]]
[2022.03.01-08.26.44:242][  0]LogConfig: Setting CVar [[r.SupportSkyAtmosphere:1]]
[2022.03.01-08.26.44:242][  0]LogConfig: Setting CVar [[r.SupportSkyAtmosphereAffectsHeightFog:0]]
[2022.03.01-08.26.44:242][  0]LogConfig: Setting CVar [[r.SkinCache.CompileShaders:0]]
[2022.03.01-08.26.44:242][  0]LogConfig: Setting CVar [[r.SkinCache.DefaultBehavior:1]]
[2022.03.01-08.26.44:242][  0]LogConfig: Setting CVar [[r.SkinCache.SceneMemoryLimitInMB:128.000000]]
[2022.03.01-08.26.44:242][  0]LogConfig: Setting CVar [[r.Mobile.EnableStaticAndCSMShadowReceivers:1]]
[2022.03.01-08.26.44:242][  0]LogConfig: Setting CVar [[r.Mobile.EnableMovableLightCSMShaderCulling:1]]
[2022.03.01-08.26.44:242][  0]LogConfig: Setting CVar [[r.Mobile.AllowDistanceFieldShadows:1]]
[2022.03.01-08.26.44:242][  0]LogConfig: Setting CVar [[r.Mobile.AllowMovableDirectionalLights:1]]
[2022.03.01-08.26.44:242][  0]LogConfig: Setting CVar [[r.MobileNumDynamicPointLights:4]]
[2022.03.01-08.26.44:242][  0]LogConfig: Setting CVar [[r.MobileDynamicPointLightsUseStaticBranch:1]]
[2022.03.01-08.26.44:242][  0]LogConfig: Setting CVar [[r.Mobile.EnableMovableSpotlights:0]]
[2022.03.01-08.26.44:242][  0]LogConfig: Setting CVar [[r.Mobile.EnableMovableSpotlightsShadow:0]]
[2022.03.01-08.26.44:242][  0]LogConfig: Setting CVar [[r.GPUSkin.Support16BitBoneIndex:0]]
[2022.03.01-08.26.44:242][  0]LogConfig: Setting CVar [[r.GPUSkin.Limit2BoneInfluences:0]]
[2022.03.01-08.26.44:242][  0]LogConfig: Setting CVar [[r.SupportDepthOnlyIndexBuffers:1]]
[2022.03.01-08.26.44:243][  0]LogConfig: Setting CVar [[r.SupportReversedIndexBuffers:1]]
[2022.03.01-08.26.44:243][  0]LogConfig: Setting CVar [[r.LightPropagationVolume:0]]
[2022.03.01-08.26.44:243][  0]LogConfig: Setting CVar [[r.Mobile.AmbientOcclusion:0]]
[2022.03.01-08.26.44:243][  0]LogConfig: Setting CVar [[r.GPUSkin.UnlimitedBoneInfluences:0]]
[2022.03.01-08.26.44:243][  0]LogConfig: Setting CVar [[r.GPUSkin.UnlimitedBoneInfluencesThreshold:8]]
[2022.03.01-08.26.44:243][  0]LogConfig: Setting CVar [[r.Mobile.PlanarReflectionMode:0]]
[2022.03.01-08.26.44:243][  0]LogConfig: Setting CVar [[r.Mobile.SupportGPUScene:1]]
[2022.03.01-08.26.44:243][  0]LogConfig: Applying CVar settings from Section [/Script/Engine.RendererOverrideSettings] File [C:/Users/qwe_o/P8ToBeAnnounced/P8_VR_Home/Saved/Config/Windows/Engine.ini]
[2022.03.01-08.26.44:243][  0]LogConfig: Applying CVar settings from Section [/Script/Engine.StreamingSettings] File [C:/Users/qwe_o/P8ToBeAnnounced/P8_VR_Home/Saved/Config/Windows/Engine.ini]
[2022.03.01-08.26.44:243][  0]LogConfig: Setting CVar [[s.MinBulkDataSizeForAsyncLoading:131072]]
[2022.03.01-08.26.44:243][  0]LogConfig: Setting CVar [[s.AsyncLoadingThreadEnabled:0]]
[2022.03.01-08.26.44:243][  0]LogConfig: Setting CVar [[s.EventDrivenLoaderEnabled:1]]
[2022.03.01-08.26.44:243][  0]LogConfig: Setting CVar [[s.WarnIfTimeLimitExceeded:0]]
[2022.03.01-08.26.44:243][  0]LogConfig: Setting CVar [[s.TimeLimitExceededMultiplier:1.5]]
[2022.03.01-08.26.44:243][  0]LogConfig: Setting CVar [[s.TimeLimitExceededMinTime:0.005]]
[2022.03.01-08.26.44:243][  0]LogConfig: Setting CVar [[s.UseBackgroundLevelStreaming:1]]
[2022.03.01-08.26.44:243][  0]LogConfig: Setting CVar [[s.PriorityAsyncLoadingExtraTime:15.0]]
[2022.03.01-08.26.44:243][  0]LogConfig: Setting CVar [[s.LevelStreamingActorsUpdateTimeLimit:5.0]]
[2022.03.01-08.26.44:243][  0]LogConfig: Setting CVar [[s.PriorityLevelStreamingActorsUpdateExtraTime:5.0]]
[2022.03.01-08.26.44:243][  0]LogConfig: Setting CVar [[s.LevelStreamingComponentsRegistrationGranularity:10]]
[2022.03.01-08.26.44:243][  0]LogConfig: Setting CVar [[s.UnregisterComponentsTimeLimit:1.0]]
[2022.03.01-08.26.44:243][  0]LogConfig: Setting CVar [[s.LevelStreamingComponentsUnregistrationGranularity:5]]
[2022.03.01-08.26.44:243][  0]LogConfig: Setting CVar [[s.FlushStreamingOnExit:1]]
[2022.03.01-08.26.44:243][  0]LogConfig: Applying CVar settings from Section [/Script/Engine.GarbageCollectionSettings] File [C:/Users/qwe_o/P8ToBeAnnounced/P8_VR_Home/Saved/Config/Windows/Engine.ini]
[2022.03.01-08.26.44:243][  0]LogConfig: Setting CVar [[gc.MaxObjectsNotConsideredByGC:1]]
[2022.03.01-08.26.44:243][  0]LogConfig: Setting CVar [[gc.SizeOfPermanentObjectPool:0]]
[2022.03.01-08.26.44:243][  0]LogConfig: Setting CVar [[gc.FlushStreamingOnGC:0]]
[2022.03.01-08.26.44:243][  0]LogConfig: Setting CVar [[gc.NumRetriesBeforeForcingGC:10]]
[2022.03.01-08.26.44:243][  0]LogConfig: Setting CVar [[gc.AllowParallelGC:1]]
[2022.03.01-08.26.44:243][  0]LogConfig: Setting CVar [[gc.TimeBetweenPurgingPendingKillObjects:61.1]]
[2022.03.01-08.26.44:243][  0]LogConfig: Setting CVar [[gc.MaxObjectsInEditor:25165824]]
[2022.03.01-08.26.44:243][  0]LogConfig: Setting CVar [[gc.IncrementalBeginDestroyEnabled:1]]
[2022.03.01-08.26.44:243][  0]LogConfig: Setting CVar [[gc.CreateGCClusters:1]]
[2022.03.01-08.26.44:243][  0]LogConfig: Setting CVar [[gc.MinGCClusterSize:5]]
[2022.03.01-08.26.44:243][  0]LogConfig: Setting CVar [[gc.ActorClusteringEnabled:0]]
[2022.03.01-08.26.44:243][  0]LogConfig: Setting CVar [[gc.BlueprintClusteringEnabled:0]]
[2022.03.01-08.26.44:243][  0]LogConfig: Setting CVar [[gc.UseDisregardForGCOnDedicatedServers:0]]
[2022.03.01-08.26.44:243][  0]LogConfig: Setting CVar [[gc.MultithreadedDestructionEnabled:1]]
[2022.03.01-08.26.44:243][  0]LogConfig: Applying CVar settings from Section [/Script/Engine.NetworkSettings] File [C:/Users/qwe_o/P8ToBeAnnounced/P8_VR_Home/Saved/Config/Windows/Engine.ini]
[2022.03.01-08.26.44:243][  0]LogConfig: Applying CVar settings from Section [/Script/UnrealEd.CookerSettings] File [C:/Users/qwe_o/P8ToBeAnnounced/P8_VR_Home/Saved/Config/Windows/Engine.ini]
[2022.03.01-08.26.44:248][  0]LogConfig: Applying CVar settings from Section [ViewDistanceQuality@3] File [C:/Users/qwe_o/P8ToBeAnnounced/P8_VR_Home/Saved/Config/Windows/Scalability.ini]
[2022.03.01-08.26.44:248][  0]LogConfig: Setting CVar [[r.SkeletalMeshLODBias:0]]
[2022.03.01-08.26.44:248][  0]LogConfig: Setting CVar [[r.ViewDistanceScale:1.0]]
[2022.03.01-08.26.44:248][  0]LogConfig: Applying CVar settings from Section [AntiAliasingQuality@3] File [C:/Users/qwe_o/P8ToBeAnnounced/P8_VR_Home/Saved/Config/Windows/Scalability.ini]
[2022.03.01-08.26.44:248][  0]LogConfig: Setting CVar [[r.PostProcessAAQuality:4]]
[2022.03.01-08.26.44:248][  0]LogConfig: Applying CVar settings from Section [ShadowQuality@3] File [C:/Users/qwe_o/P8ToBeAnnounced/P8_VR_Home/Saved/Config/Windows/Scalability.ini]
[2022.03.01-08.26.44:248][  0]LogConfig: Setting CVar [[r.LightFunctionQuality:1]]
[2022.03.01-08.26.44:248][  0]LogConfig: Setting CVar [[r.ShadowQuality:5]]
[2022.03.01-08.26.44:248][  0]LogConfig: Setting CVar [[r.Shadow.CSM.MaxCascades:10]]
[2022.03.01-08.26.44:248][  0]LogConfig: Setting CVar [[r.Shadow.MaxResolution:2048]]
[2022.03.01-08.26.44:248][  0]LogConfig: Setting CVar [[r.Shadow.MaxCSMResolution:2048]]
[2022.03.01-08.26.44:248][  0]LogConfig: Setting CVar [[r.Shadow.RadiusThreshold:0.01]]
[2022.03.01-08.26.44:248][  0]LogConfig: Setting CVar [[r.Shadow.DistanceScale:1.0]]
[2022.03.01-08.26.44:248][  0]LogConfig: Setting CVar [[r.Shadow.CSM.TransitionScale:1.0]]
[2022.03.01-08.26.44:248][  0]LogConfig: Setting CVar [[r.Shadow.PreShadowResolutionFactor:1.0]]
[2022.03.01-08.26.44:248][  0]LogConfig: Setting CVar [[r.DistanceFieldShadowing:1]]
[2022.03.01-08.26.44:248][  0]LogConfig: Setting CVar [[r.DistanceFieldAO:1]]
[2022.03.01-08.26.44:248][  0]LogConfig: Setting CVar [[r.AOQuality:2]]
[2022.03.01-08.26.44:248][  0]LogConfig: Setting CVar [[r.VolumetricFog:1]]
[2022.03.01-08.26.44:248][  0]LogConfig: Setting CVar [[r.VolumetricFog.GridPixelSize:8]]
[2022.03.01-08.26.44:248][  0]LogConfig: Setting CVar [[r.VolumetricFog.GridSizeZ:128]]
[2022.03.01-08.26.44:248][  0]LogConfig: Setting CVar [[r.VolumetricFog.HistoryMissSupersampleCount:4]]
[2022.03.01-08.26.44:248][  0]LogConfig: Setting CVar [[r.LightMaxDrawDistanceScale:1]]
[2022.03.01-08.26.44:248][  0]LogConfig: Setting CVar [[r.CapsuleShadows:1]]
[2022.03.01-08.26.44:248][  0]LogConfig: Applying CVar settings from Section [PostProcessQuality@3] File [C:/Users/qwe_o/P8ToBeAnnounced/P8_VR_Home/Saved/Config/Windows/Scalability.ini]
[2022.03.01-08.26.44:248][  0]LogConfig: Setting CVar [[r.MotionBlurQuality:4]]
[2022.03.01-08.26.44:248][  0]LogConfig: Setting CVar [[r.AmbientOcclusionMipLevelFactor:0.4]]
[2022.03.01-08.26.44:248][  0]LogConfig: Setting CVar [[r.AmbientOcclusionMaxQuality:100]]
[2022.03.01-08.26.44:248][  0]LogConfig: Setting CVar [[r.AmbientOcclusionLevels:-1]]
[2022.03.01-08.26.44:248][  0]LogConfig: Setting CVar [[r.AmbientOcclusionRadiusScale:1.0]]
[2022.03.01-08.26.44:248][  0]LogConfig: Setting CVar [[r.DepthOfFieldQuality:2]]
[2022.03.01-08.26.44:248][  0]LogConfig: Setting CVar [[r.RenderTargetPoolMin:400]]
[2022.03.01-08.26.44:248][  0]LogConfig: Setting CVar [[r.LensFlareQuality:2]]
[2022.03.01-08.26.44:248][  0]LogConfig: Setting CVar [[r.SceneColorFringeQuality:1]]
[2022.03.01-08.26.44:248][  0]LogConfig: Setting CVar [[r.EyeAdaptationQuality:2]]
[2022.03.01-08.26.44:248][  0]LogConfig: Setting CVar [[r.BloomQuality:5]]
[2022.03.01-08.26.44:248][  0]LogConfig: Setting CVar [[r.FastBlurThreshold:100]]
[2022.03.01-08.26.44:248][  0]LogConfig: Setting CVar [[r.Upscale.Quality:3]]
[2022.03.01-08.26.44:248][  0]LogConfig: Setting CVar [[r.Tonemapper.GrainQuantization:1]]
[2022.03.01-08.26.44:249][  0]LogConfig: Setting CVar [[r.LightShaftQuality:1]]
[2022.03.01-08.26.44:249][  0]LogConfig: Setting CVar [[r.Filter.SizeScale:1]]
[2022.03.01-08.26.44:249][  0]LogConfig: Setting CVar [[r.Tonemapper.Quality:5]]
[2022.03.01-08.26.44:249][  0]LogConfig: Setting CVar [[r.DOF.Gather.AccumulatorQuality:1        ; higher gathering accumulator quality]]
[2022.03.01-08.26.44:249][  0]LogConfig: Setting CVar [[r.DOF.Gather.PostfilterMethod:1          ; Median3x3 postfilering method]]
[2022.03.01-08.26.44:249][  0]LogConfig: Setting CVar [[r.DOF.Gather.EnableBokehSettings:0       ; no bokeh simulation when gathering]]
[2022.03.01-08.26.44:249][  0]LogConfig: Setting CVar [[r.DOF.Gather.RingCount:4                 ; medium number of samples when gathering]]
[2022.03.01-08.26.44:249][  0]LogConfig: Setting CVar [[r.DOF.Scatter.ForegroundCompositing:1    ; additive foreground scattering]]
[2022.03.01-08.26.44:249][  0]LogConfig: Setting CVar [[r.DOF.Scatter.BackgroundCompositing:2    ; additive background scattering]]
[2022.03.01-08.26.44:249][  0]LogConfig: Setting CVar [[r.DOF.Scatter.EnableBokehSettings:1      ; bokeh simulation when scattering]]
[2022.03.01-08.26.44:249][  0]LogConfig: Setting CVar [[r.DOF.Scatter.MaxSpriteRatio:0.1         ; only a maximum of 10% of scattered bokeh]]
[2022.03.01-08.26.44:249][  0]LogConfig: Setting CVar [[r.DOF.Recombine.Quality:1                ; cheap slight out of focus]]
[2022.03.01-08.26.44:249][  0]LogConfig: Setting CVar [[r.DOF.Recombine.EnableBokehSettings:0    ; no bokeh simulation on slight out of focus]]
[2022.03.01-08.26.44:249][  0]LogConfig: Setting CVar [[r.DOF.TemporalAAQuality:1                ; more stable temporal accumulation]]
[2022.03.01-08.26.44:249][  0]LogConfig: Setting CVar [[r.DOF.Kernel.MaxForegroundRadius:0.025]]
[2022.03.01-08.26.44:249][  0]LogConfig: Setting CVar [[r.DOF.Kernel.MaxBackgroundRadius:0.025]]
[2022.03.01-08.26.44:249][  0]LogConfig: Applying CVar settings from Section [TextureQuality@3] File [C:/Users/qwe_o/P8ToBeAnnounced/P8_VR_Home/Saved/Config/Windows/Scalability.ini]
[2022.03.01-08.26.44:249][  0]LogConfig: Setting CVar [[r.Streaming.MipBias:0]]
[2022.03.01-08.26.44:249][  0]LogConfig: Setting CVar [[r.Streaming.AmortizeCPUToGPUCopy:0]]
[2022.03.01-08.26.44:249][  0]LogConfig: Setting CVar [[r.Streaming.MaxNumTexturesToStreamPerFrame:0]]
[2022.03.01-08.26.44:249][  0]LogConfig: Setting CVar [[r.Streaming.Boost:1]]
[2022.03.01-08.26.44:249][  0]LogConfig: Setting CVar [[r.MaxAnisotropy:8]]
[2022.03.01-08.26.44:249][  0]LogConfig: Setting CVar [[r.VT.MaxAnisotropy:8]]
[2022.03.01-08.26.44:249][  0]LogConfig: Setting CVar [[r.Streaming.LimitPoolSizeToVRAM:0]]
[2022.03.01-08.26.44:249][  0]LogConfig: Setting CVar [[r.Streaming.PoolSize:1000]]
[2022.03.01-08.26.44:249][  0]LogConfig: Setting CVar [[r.Streaming.MaxEffectiveScreenSize:0]]
[2022.03.01-08.26.44:249][  0]LogConfig: Applying CVar settings from Section [EffectsQuality@3] File [C:/Users/qwe_o/P8ToBeAnnounced/P8_VR_Home/Saved/Config/Windows/Scalability.ini]
[2022.03.01-08.26.44:249][  0]LogConfig: Setting CVar [[r.TranslucencyLightingVolumeDim:64]]
[2022.03.01-08.26.44:249][  0]LogConfig: Setting CVar [[r.RefractionQuality:2]]
[2022.03.01-08.26.44:249][  0]LogConfig: Setting CVar [[r.SSR.Quality:3]]
[2022.03.01-08.26.44:249][  0]LogConfig: Setting CVar [[r.SSR.HalfResSceneColor:0]]
[2022.03.01-08.26.44:249][  0]LogConfig: Setting CVar [[r.SceneColorFormat:4]]
[2022.03.01-08.26.44:249][  0]LogConfig: Setting CVar [[r.DetailMode:2]]
[2022.03.01-08.26.44:249][  0]LogConfig: Setting CVar [[r.TranslucencyVolumeBlur:1]]
[2022.03.01-08.26.44:249][  0]LogConfig: Setting CVar [[r.MaterialQualityLevel:1 ; High quality]]
[2022.03.01-08.26.44:249][  0]LogConfig: Setting CVar [[r.AnisotropicMaterials:1]]
[2022.03.01-08.26.44:249][  0]LogConfig: Setting CVar [[r.SSS.Scale:1]]
[2022.03.01-08.26.44:249][  0]LogConfig: Setting CVar [[r.SSS.SampleSet:2]]
[2022.03.01-08.26.44:249][  0]LogConfig: Setting CVar [[r.SSS.Quality:1]]
[2022.03.01-08.26.44:249][  0]LogConfig: Setting CVar [[r.SSS.HalfRes:0]]
[2022.03.01-08.26.44:249][  0]LogConfig: Setting CVar [[r.SSGI.Quality:3]]
[2022.03.01-08.26.44:249][  0]LogConfig: Setting CVar [[r.EmitterSpawnRateScale:1.0]]
[2022.03.01-08.26.44:249][  0]LogConfig: Setting CVar [[r.ParticleLightQuality:2]]
[2022.03.01-08.26.44:249][  0]LogConfig: Setting CVar [[r.SkyAtmosphere.AerialPerspectiveLUT.FastApplyOnOpaque:1 ; Always have FastSkyLUT 1 in this case to avoid wrong sky]]
[2022.03.01-08.26.44:249][  0]LogConfig: Setting CVar [[r.SkyAtmosphere.AerialPerspectiveLUT.SampleCountMaxPerSlice:4]]
[2022.03.01-08.26.44:249][  0]LogConfig: Setting CVar [[r.SkyAtmosphere.AerialPerspectiveLUT.DepthResolution:16.0]]
[2022.03.01-08.26.44:249][  0]LogConfig: Setting CVar [[r.SkyAtmosphere.FastSkyLUT:1]]
[2022.03.01-08.26.44:249][  0]LogConfig: Setting CVar [[r.SkyAtmosphere.FastSkyLUT.SampleCountMin:4.0]]
[2022.03.01-08.26.44:249][  0]LogConfig: Setting CVar [[r.SkyAtmosphere.FastSkyLUT.SampleCountMax:128.0]]
[2022.03.01-08.26.44:249][  0]LogConfig: Setting CVar [[r.SkyAtmosphere.SampleCountMin:4.0]]
[2022.03.01-08.26.44:250][  0]LogConfig: Setting CVar [[r.SkyAtmosphere.SampleCountMax:128.0]]
[2022.03.01-08.26.44:250][  0]LogConfig: Setting CVar [[r.SkyAtmosphere.TransmittanceLUT.UseSmallFormat:0]]
[2022.03.01-08.26.44:250][  0]LogConfig: Setting CVar [[r.SkyAtmosphere.TransmittanceLUT.SampleCount:10.0]]
[2022.03.01-08.26.44:250][  0]LogConfig: Setting CVar [[r.SkyAtmosphere.MultiScatteringLUT.SampleCount:15.0]]
[2022.03.01-08.26.44:250][  0]LogConfig: Setting CVar [[r.SkyLight.RealTimeReflectionCapture:1]]
[2022.03.01-08.26.44:250][  0]LogConfig: Applying CVar settings from Section [FoliageQuality@3] File [C:/Users/qwe_o/P8ToBeAnnounced/P8_VR_Home/Saved/Config/Windows/Scalability.ini]
[2022.03.01-08.26.44:250][  0]LogConfig: Setting CVar [[foliage.DensityScale:1.0]]
[2022.03.01-08.26.44:250][  0]LogConfig: Setting CVar [[grass.DensityScale:1.0]]
[2022.03.01-08.26.44:250][  0]LogConfig: Applying CVar settings from Section [ShadingQuality@3] File [C:/Users/qwe_o/P8ToBeAnnounced/P8_VR_Home/Saved/Config/Windows/Scalability.ini]
[2022.03.01-08.26.44:250][  0]LogConfig: Setting CVar [[r.HairStrands.SkyLighting.IntegrationType:2]]
[2022.03.01-08.26.44:250][  0]LogConfig: Setting CVar [[r.HairStrands.SkyAO.SampleCount:4]]
[2022.03.01-08.26.44:250][  0]LogConfig: Setting CVar [[r.HairStrands.Visibility.MSAA.SamplePerPixel:4]]
[2022.03.01-08.26.44:250][  0]LogInit: Selected Device Profile: [Windows]
[2022.03.01-08.26.44:250][  0]LogInit: Applying CVar settings loaded from the selected device profile: [Windows]
[2022.03.01-08.26.44:250][  0]LogHAL: Display: Platform has ~ 16 GB [17112539136 / 17179869184 / 16], which maps to Larger [LargestMinGB=32, LargerMinGB=12, DefaultMinGB=8, SmallerMinGB=6, SmallestMinGB=0)
[2022.03.01-08.26.44:250][  0]LogInit: Going up to parent DeviceProfile []
[2022.03.01-08.26.44:250][  0]LogConfig: Applying CVar settings from Section [ViewDistanceQuality@3] File [C:/Users/qwe_o/P8ToBeAnnounced/P8_VR_Home/Saved/Config/Windows/Scalability.ini]
[2022.03.01-08.26.44:250][  0]LogConfig: Setting CVar [[r.SkeletalMeshLODBias:0]]
[2022.03.01-08.26.44:250][  0]LogConfig: Setting CVar [[r.ViewDistanceScale:1.0]]
[2022.03.01-08.26.44:250][  0]LogConfig: Applying CVar settings from Section [AntiAliasingQuality@3] File [C:/Users/qwe_o/P8ToBeAnnounced/P8_VR_Home/Saved/Config/Windows/Scalability.ini]
[2022.03.01-08.26.44:250][  0]LogConfig: Setting CVar [[r.PostProcessAAQuality:4]]
[2022.03.01-08.26.44:250][  0]LogConfig: Applying CVar settings from Section [ShadowQuality@3] File [C:/Users/qwe_o/P8ToBeAnnounced/P8_VR_Home/Saved/Config/Windows/Scalability.ini]
[2022.03.01-08.26.44:250][  0]LogConfig: Setting CVar [[r.LightFunctionQuality:1]]
[2022.03.01-08.26.44:250][  0]LogConfig: Setting CVar [[r.ShadowQuality:5]]
[2022.03.01-08.26.44:250][  0]LogConfig: Setting CVar [[r.Shadow.CSM.MaxCascades:10]]
[2022.03.01-08.26.44:250][  0]LogConfig: Setting CVar [[r.Shadow.MaxResolution:2048]]
[2022.03.01-08.26.44:250][  0]LogConfig: Setting CVar [[r.Shadow.MaxCSMResolution:2048]]
[2022.03.01-08.26.44:250][  0]LogConfig: Setting CVar [[r.Shadow.RadiusThreshold:0.01]]
[2022.03.01-08.26.44:250][  0]LogConfig: Setting CVar [[r.Shadow.DistanceScale:1.0]]
[2022.03.01-08.26.44:250][  0]LogConfig: Setting CVar [[r.Shadow.CSM.TransitionScale:1.0]]
[2022.03.01-08.26.44:250][  0]LogConfig: Setting CVar [[r.Shadow.PreShadowResolutionFactor:1.0]]
[2022.03.01-08.26.44:250][  0]LogConfig: Setting CVar [[r.DistanceFieldShadowing:1]]
[2022.03.01-08.26.44:250][  0]LogConfig: Setting CVar [[r.DistanceFieldAO:1]]
[2022.03.01-08.26.44:250][  0]LogConfig: Setting CVar [[r.AOQuality:2]]
[2022.03.01-08.26.44:250][  0]LogConfig: Setting CVar [[r.VolumetricFog:1]]
[2022.03.01-08.26.44:250][  0]LogConfig: Setting CVar [[r.VolumetricFog.GridPixelSize:8]]
[2022.03.01-08.26.44:250][  0]LogConfig: Setting CVar [[r.VolumetricFog.GridSizeZ:128]]
[2022.03.01-08.26.44:250][  0]LogConfig: Setting CVar [[r.VolumetricFog.HistoryMissSupersampleCount:4]]
[2022.03.01-08.26.44:250][  0]LogConfig: Setting CVar [[r.LightMaxDrawDistanceScale:1]]
[2022.03.01-08.26.44:250][  0]LogConfig: Setting CVar [[r.CapsuleShadows:1]]
[2022.03.01-08.26.44:251][  0]LogConfig: Applying CVar settings from Section [PostProcessQuality@3] File [C:/Users/qwe_o/P8ToBeAnnounced/P8_VR_Home/Saved/Config/Windows/Scalability.ini]
[2022.03.01-08.26.44:251][  0]LogConfig: Setting CVar [[r.MotionBlurQuality:4]]
[2022.03.01-08.26.44:251][  0]LogConfig: Setting CVar [[r.AmbientOcclusionMipLevelFactor:0.4]]
[2022.03.01-08.26.44:251][  0]LogConfig: Setting CVar [[r.AmbientOcclusionMaxQuality:100]]
[2022.03.01-08.26.44:251][  0]LogConfig: Setting CVar [[r.AmbientOcclusionLevels:-1]]
[2022.03.01-08.26.44:251][  0]LogConfig: Setting CVar [[r.AmbientOcclusionRadiusScale:1.0]]
[2022.03.01-08.26.44:251][  0]LogConfig: Setting CVar [[r.DepthOfFieldQuality:2]]
[2022.03.01-08.26.44:251][  0]LogConfig: Setting CVar [[r.RenderTargetPoolMin:400]]
[2022.03.01-08.26.44:251][  0]LogConfig: Setting CVar [[r.LensFlareQuality:2]]
[2022.03.01-08.26.44:251][  0]LogConfig: Setting CVar [[r.SceneColorFringeQuality:1]]
[2022.03.01-08.26.44:251][  0]LogConfig: Setting CVar [[r.EyeAdaptationQuality:2]]
[2022.03.01-08.26.44:251][  0]LogConfig: Setting CVar [[r.BloomQuality:5]]
[2022.03.01-08.26.44:251][  0]LogConfig: Setting CVar [[r.FastBlurThreshold:100]]
[2022.03.01-08.26.44:251][  0]LogConfig: Setting CVar [[r.Upscale.Quality:3]]
[2022.03.01-08.26.44:251][  0]LogConfig: Setting CVar [[r.Tonemapper.GrainQuantization:1]]
[2022.03.01-08.26.44:251][  0]LogConfig: Setting CVar [[r.LightShaftQuality:1]]
[2022.03.01-08.26.44:251][  0]LogConfig: Setting CVar [[r.Filter.SizeScale:1]]
[2022.03.01-08.26.44:251][  0]LogConfig: Setting CVar [[r.Tonemapper.Quality:5]]
[2022.03.01-08.26.44:251][  0]LogConfig: Setting CVar [[r.DOF.Gather.AccumulatorQuality:1        ; higher gathering accumulator quality]]
[2022.03.01-08.26.44:251][  0]LogConfig: Setting CVar [[r.DOF.Gather.PostfilterMethod:1          ; Median3x3 postfilering method]]
[2022.03.01-08.26.44:251][  0]LogConfig: Setting CVar [[r.DOF.Gather.EnableBokehSettings:0       ; no bokeh simulation when gathering]]
[2022.03.01-08.26.44:251][  0]LogConfig: Setting CVar [[r.DOF.Gather.RingCount:4                 ; medium number of samples when gathering]]
[2022.03.01-08.26.44:251][  0]LogConfig: Setting CVar [[r.DOF.Scatter.ForegroundCompositing:1    ; additive foreground scattering]]
[2022.03.01-08.26.44:251][  0]LogConfig: Setting CVar [[r.DOF.Scatter.BackgroundCompositing:2    ; additive background scattering]]
[2022.03.01-08.26.44:251][  0]LogConfig: Setting CVar [[r.DOF.Scatter.EnableBokehSettings:1      ; bokeh simulation when scattering]]
[2022.03.01-08.26.44:251][  0]LogConfig: Setting CVar [[r.DOF.Scatter.MaxSpriteRatio:0.1         ; only a maximum of 10% of scattered bokeh]]
[2022.03.01-08.26.44:251][  0]LogConfig: Setting CVar [[r.DOF.Recombine.Quality:1                ; cheap slight out of focus]]
[2022.03.01-08.26.44:251][  0]LogConfig: Setting CVar [[r.DOF.Recombine.EnableBokehSettings:0    ; no bokeh simulation on slight out of focus]]
[2022.03.01-08.26.44:251][  0]LogConfig: Setting CVar [[r.DOF.TemporalAAQuality:1                ; more stable temporal accumulation]]
[2022.03.01-08.26.44:251][  0]LogConfig: Setting CVar [[r.DOF.Kernel.MaxForegroundRadius:0.025]]
[2022.03.01-08.26.44:251][  0]LogConfig: Setting CVar [[r.DOF.Kernel.MaxBackgroundRadius:0.025]]
[2022.03.01-08.26.44:251][  0]LogConfig: Applying CVar settings from Section [TextureQuality@3] File [C:/Users/qwe_o/P8ToBeAnnounced/P8_VR_Home/Saved/Config/Windows/Scalability.ini]
[2022.03.01-08.26.44:251][  0]LogConfig: Setting CVar [[r.Streaming.MipBias:0]]
[2022.03.01-08.26.44:251][  0]LogConfig: Setting CVar [[r.Streaming.AmortizeCPUToGPUCopy:0]]
[2022.03.01-08.26.44:251][  0]LogConfig: Setting CVar [[r.Streaming.MaxNumTexturesToStreamPerFrame:0]]
[2022.03.01-08.26.44:251][  0]LogConfig: Setting CVar [[r.Streaming.Boost:1]]
[2022.03.01-08.26.44:251][  0]LogConfig: Setting CVar [[r.MaxAnisotropy:8]]
[2022.03.01-08.26.44:251][  0]LogConfig: Setting CVar [[r.VT.MaxAnisotropy:8]]
[2022.03.01-08.26.44:251][  0]LogConfig: Setting CVar [[r.Streaming.LimitPoolSizeToVRAM:0]]
[2022.03.01-08.26.44:251][  0]LogConfig: Setting CVar [[r.Streaming.PoolSize:1000]]
[2022.03.01-08.26.44:251][  0]LogConfig: Setting CVar [[r.Streaming.MaxEffectiveScreenSize:0]]
[2022.03.01-08.26.44:251][  0]LogConfig: Applying CVar settings from Section [EffectsQuality@3] File [C:/Users/qwe_o/P8ToBeAnnounced/P8_VR_Home/Saved/Config/Windows/Scalability.ini]
[2022.03.01-08.26.44:251][  0]LogConfig: Setting CVar [[r.TranslucencyLightingVolumeDim:64]]
[2022.03.01-08.26.44:251][  0]LogConfig: Setting CVar [[r.RefractionQuality:2]]
[2022.03.01-08.26.44:251][  0]LogConfig: Setting CVar [[r.SSR.Quality:3]]
[2022.03.01-08.26.44:251][  0]LogConfig: Setting CVar [[r.SSR.HalfResSceneColor:0]]
[2022.03.01-08.26.44:251][  0]LogConfig: Setting CVar [[r.SceneColorFormat:4]]
[2022.03.01-08.26.44:251][  0]LogConfig: Setting CVar [[r.DetailMode:2]]
[2022.03.01-08.26.44:251][  0]LogConfig: Setting CVar [[r.TranslucencyVolumeBlur:1]]
[2022.03.01-08.26.44:251][  0]LogConfig: Setting CVar [[r.MaterialQualityLevel:1 ; High quality]]
[2022.03.01-08.26.44:251][  0]LogConfig: Setting CVar [[r.AnisotropicMaterials:1]]
[2022.03.01-08.26.44:252][  0]LogConfig: Setting CVar [[r.SSS.Scale:1]]
[2022.03.01-08.26.44:252][  0]LogConfig: Setting CVar [[r.SSS.SampleSet:2]]
[2022.03.01-08.26.44:252][  0]LogConfig: Setting CVar [[r.SSS.Quality:1]]
[2022.03.01-08.26.44:252][  0]LogConfig: Setting CVar [[r.SSS.HalfRes:0]]
[2022.03.01-08.26.44:252][  0]LogConfig: Setting CVar [[r.SSGI.Quality:3]]
[2022.03.01-08.26.44:252][  0]LogConfig: Setting CVar [[r.EmitterSpawnRateScale:1.0]]
[2022.03.01-08.26.44:252][  0]LogConfig: Setting CVar [[r.ParticleLightQuality:2]]
[2022.03.01-08.26.44:252][  0]LogConfig: Setting CVar [[r.SkyAtmosphere.AerialPerspectiveLUT.FastApplyOnOpaque:1 ; Always have FastSkyLUT 1 in this case to avoid wrong sky]]
[2022.03.01-08.26.44:252][  0]LogConfig: Setting CVar [[r.SkyAtmosphere.AerialPerspectiveLUT.SampleCountMaxPerSlice:4]]
[2022.03.01-08.26.44:252][  0]LogConfig: Setting CVar [[r.SkyAtmosphere.AerialPerspectiveLUT.DepthResolution:16.0]]
[2022.03.01-08.26.44:252][  0]LogConfig: Setting CVar [[r.SkyAtmosphere.FastSkyLUT:1]]
[2022.03.01-08.26.44:252][  0]LogConfig: Setting CVar [[r.SkyAtmosphere.FastSkyLUT.SampleCountMin:4.0]]
[2022.03.01-08.26.44:252][  0]LogConfig: Setting CVar [[r.SkyAtmosphere.FastSkyLUT.SampleCountMax:128.0]]
[2022.03.01-08.26.44:252][  0]LogConfig: Setting CVar [[r.SkyAtmosphere.SampleCountMin:4.0]]
[2022.03.01-08.26.44:252][  0]LogConfig: Setting CVar [[r.SkyAtmosphere.SampleCountMax:128.0]]
[2022.03.01-08.26.44:252][  0]LogConfig: Setting CVar [[r.SkyAtmosphere.TransmittanceLUT.UseSmallFormat:0]]
[2022.03.01-08.26.44:252][  0]LogConfig: Setting CVar [[r.SkyAtmosphere.TransmittanceLUT.SampleCount:10.0]]
[2022.03.01-08.26.44:252][  0]LogConfig: Setting CVar [[r.SkyAtmosphere.MultiScatteringLUT.SampleCount:15.0]]
[2022.03.01-08.26.44:252][  0]LogConfig: Setting CVar [[r.SkyLight.RealTimeReflectionCapture:1]]
[2022.03.01-08.26.44:252][  0]LogConfig: Applying CVar settings from Section [FoliageQuality@3] File [C:/Users/qwe_o/P8ToBeAnnounced/P8_VR_Home/Saved/Config/Windows/Scalability.ini]
[2022.03.01-08.26.44:252][  0]LogConfig: Setting CVar [[foliage.DensityScale:1.0]]
[2022.03.01-08.26.44:252][  0]LogConfig: Setting CVar [[grass.DensityScale:1.0]]
[2022.03.01-08.26.44:252][  0]LogConfig: Applying CVar settings from Section [ShadingQuality@3] File [C:/Users/qwe_o/P8ToBeAnnounced/P8_VR_Home/Saved/Config/Windows/Scalability.ini]
[2022.03.01-08.26.44:252][  0]LogConfig: Setting CVar [[r.HairStrands.SkyLighting.IntegrationType:2]]
[2022.03.01-08.26.44:252][  0]LogConfig: Setting CVar [[r.HairStrands.SkyAO.SampleCount:4]]
[2022.03.01-08.26.44:252][  0]LogConfig: Setting CVar [[r.HairStrands.Visibility.MSAA.SamplePerPixel:4]]
[2022.03.01-08.26.44:252][  0]LogConfig: Applying CVar settings from Section [Startup] File [../../../Engine/Config/ConsoleVariables.ini]
[2022.03.01-08.26.44:253][  0]LogConfig: Setting CVar [[r.XGEShaderCompile:0]]
[2022.03.01-08.26.44:253][  0]LogConfig: Setting CVar [[net.UseAdaptiveNetUpdateFrequency:0]]
[2022.03.01-08.26.44:253][  0]LogConfig: Setting CVar [[p.chaos.AllowCreatePhysxBodies:1]]
[2022.03.01-08.26.44:253][  0]LogConfig: Setting CVar [[fx.SkipVectorVMBackendOptimizations:1]]
[2022.03.01-08.26.44:253][  0]LogConfig: Applying CVar settings from Section [ConsoleVariables] File [C:/Users/qwe_o/P8ToBeAnnounced/P8_VR_Home/Saved/Config/Windows/Engine.ini]
[2022.03.01-08.26.44:253][  0]LogConfig: Applying CVar settings from Section [ConsoleVariables] File [C:/Users/qwe_o/P8ToBeAnnounced/P8_VR_Home/Saved/Config/Windows/Editor.ini]
[2022.03.01-08.26.44:253][  0]LogInit: Computer: DESKTOP-28BR1PH
[2022.03.01-08.26.44:253][  0]LogInit: User: qweo
[2022.03.01-08.26.44:253][  0]LogInit: CPU Page size=4096, Cores=4
[2022.03.01-08.26.44:253][  0]LogInit: High frequency timer resolution =10.000000 MHz
[2022.03.01-08.26.44:253][  0]LogMemory: Memory total: Physical=15.9GB (16GB approx)
[2022.03.01-08.26.44:253][  0]LogMemory: Platform Memory Stats for Windows
[2022.03.01-08.26.44:253][  0]LogMemory: Process Physical Memory: 149.06 MB used, 149.07 MB peak
[2022.03.01-08.26.44:253][  0]LogMemory: Process Virtual Memory: 122.75 MB used, 122.75 MB peak
[2022.03.01-08.26.44:253][  0]LogMemory: Physical Memory: 8113.76 MB used,  8206.03 MB free, 16319.79 MB total
[2022.03.01-08.26.44:253][  0]LogMemory: Virtual Memory: 134194712.00 MB used,  23016.07 MB free, 134217728.00 MB total
[2022.03.01-08.26.44:261][  0]LogWindows: WindowsPlatformFeatures enabled
[2022.03.01-08.26.44:339][  0]LogInit: Physics initialised using underlying interface: PhysX
[2022.03.01-08.26.44:340][  0]LogInit: Using OS detected language (en-US).
[2022.03.01-08.26.44:340][  0]LogInit: Using OS detected locale (da-DK).
[2022.03.01-08.26.44:345][  0]LogTextLocalizationManager: No specific localization for 'en-US' exists, so the 'en' localization will be used.
[2022.03.01-08.26.44:689][  0]LogWindowsTextInputMethodSystem: Display: IME system deactivated.
[2022.03.01-08.26.44:713][  0]LogSlate: New Slate User Created.  User Index 0, Is Virtual User: 0
[2022.03.01-08.26.44:713][  0]LogSlate: Slate User Registered.  User Index 0, Is Virtual User: 0
[2022.03.01-08.26.45:089][  0]LogD3D11RHI: Loaded GFSDK_Aftermath_Lib.x64.dll
[2022.03.01-08.26.45:089][  0]LogD3D11RHI: D3D11 min allowed feature level: 11_0
[2022.03.01-08.26.45:089][  0]LogD3D11RHI: D3D11 max allowed feature level: 11_0
[2022.03.01-08.26.45:089][  0]LogD3D11RHI: D3D11 adapters:
[2022.03.01-08.26.45:254][  0]LogD3D11RHI:    0. 'NVIDIA GeForce GTX 1070' (Feature Level 11_0)
[2022.03.01-08.26.45:254][  0]LogD3D11RHI:       8082/0/8159 MB DedicatedVideo/DedicatedSystem/SharedSystem, Outputs:1, VendorId:0x10de
[2022.03.01-08.26.45:258][  0]LogD3D11RHI:    1. 'Microsoft Basic Render Driver' (Feature Level 11_0)
[2022.03.01-08.26.45:258][  0]LogD3D11RHI:       0/0/8159 MB DedicatedVideo/DedicatedSystem/SharedSystem, Outputs:0, VendorId:0x1414
[2022.03.01-08.26.45:258][  0]LogD3D11RHI: Chosen D3D11 Adapter:
[2022.03.01-08.26.45:258][  0]LogD3D11RHI:     Description : NVIDIA GeForce GTX 1070
[2022.03.01-08.26.45:258][  0]LogD3D11RHI:     VendorId    : 10de
[2022.03.01-08.26.45:258][  0]LogD3D11RHI:     DeviceId    : 1be1
[2022.03.01-08.26.45:258][  0]LogD3D11RHI:     SubSysId    : 14701043
[2022.03.01-08.26.45:258][  0]LogD3D11RHI:     Revision    : 00a1
[2022.03.01-08.26.45:258][  0]LogD3D11RHI:     DedicatedVideoMemory : 8474591232 bytes
[2022.03.01-08.26.45:258][  0]LogD3D11RHI:     DedicatedSystemMemory : 0 bytes
[2022.03.01-08.26.45:258][  0]LogD3D11RHI:     SharedSystemMemory : 8556269568 bytes
[2022.03.01-08.26.45:258][  0]LogD3D11RHI:     AdapterLuid : 0 55184
[2022.03.01-08.26.45:272][  0]LogD3D11RHI: Creating new Direct3DDevice
[2022.03.01-08.26.45:272][  0]LogD3D11RHI:     GPU DeviceId: 0x1be1 (for the marketing name, search the web for "GPU Device Id")
[2022.03.01-08.26.45:272][  0]LogWindows: EnumDisplayDevices:
[2022.03.01-08.26.45:272][  0]LogWindows:    0. 'NVIDIA GeForce GTX 1070' (P:1 D:1)
[2022.03.01-08.26.45:273][  0]LogWindows:    1. 'NVIDIA GeForce GTX 1070' (P:0 D:0)
[2022.03.01-08.26.45:274][  0]LogWindows:    2. 'NVIDIA GeForce GTX 1070' (P:0 D:0)
[2022.03.01-08.26.45:274][  0]LogWindows:    3. 'NVIDIA GeForce GTX 1070' (P:0 D:0)
[2022.03.01-08.26.45:275][  0]LogWindows: DebugString: FoundDriverCount:4 
[2022.03.01-08.26.45:275][  0]LogD3D11RHI:     Adapter Name: NVIDIA GeForce GTX 1070
[2022.03.01-08.26.45:275][  0]LogD3D11RHI:   Driver Version: 497.09 (internal:30.0.14.9709, unified:497.09)
[2022.03.01-08.26.45:275][  0]LogD3D11RHI:      Driver Date: 11-26-2021
[2022.03.01-08.26.45:275][  0]LogRHI: Texture pool is 5657 MB (70% of 8082 MB)
[2022.03.01-08.26.45:275][  0]LogD3D11RHI: Creating D3DDevice using adapter:
[2022.03.01-08.26.45:275][  0]LogD3D11RHI:     Description : NVIDIA GeForce GTX 1070
[2022.03.01-08.26.45:275][  0]LogD3D11RHI:     VendorId    : 10de
[2022.03.01-08.26.45:275][  0]LogD3D11RHI:     DeviceId    : 1be1
[2022.03.01-08.26.45:275][  0]LogD3D11RHI:     SubSysId    : 14701043
[2022.03.01-08.26.45:275][  0]LogD3D11RHI:     Revision    : 00a1
[2022.03.01-08.26.45:275][  0]LogD3D11RHI:     DedicatedVideoMemory : 8474591232 bytes
[2022.03.01-08.26.45:275][  0]LogD3D11RHI:     DedicatedSystemMemory : 0 bytes
[2022.03.01-08.26.45:275][  0]LogD3D11RHI:     SharedSystemMemory : 8556269568 bytes
[2022.03.01-08.26.45:275][  0]LogD3D11RHI:     AdapterLuid : 0 55184
[2022.03.01-08.26.45:418][  0]LogD3D11RHI: RHI has support for 64 bit atomics
[2022.03.01-08.26.45:418][  0]LogD3D11RHI: Async texture creation enabled
[2022.03.01-08.26.45:418][  0]LogD3D11RHI: Array index from any shader is supported
[2022.03.01-08.26.45:468][  0]LogD3D11RHI: GPU Timing Frequency: 1000.000000 (Debug: 2 1)
[2022.03.01-08.26.45:546][  0]LogRHI: GeForceNow SDK initialized: 1
[2022.03.01-08.26.46:303][  0]LogTargetPlatformManager: Display: Loaded TargetPlatform 'AllDesktop'
[2022.03.01-08.26.46:332][  0]LogTargetPlatformManager: Display: Loaded TargetPlatform 'Android'
[2022.03.01-08.26.46:332][  0]LogTargetPlatformManager: Display: Loaded TargetPlatform 'Android_ASTC'
[2022.03.01-08.26.46:332][  0]LogTargetPlatformManager: Display: Loaded TargetPlatform 'Android_DXT'
[2022.03.01-08.26.46:332][  0]LogTargetPlatformManager: Display: Loaded TargetPlatform 'Android_ETC2'
[2022.03.01-08.26.46:332][  0]LogTargetPlatformManager: Display: Loaded TargetPlatform 'AndroidClient'
[2022.03.01-08.26.46:332][  0]LogTargetPlatformManager: Display: Loaded TargetPlatform 'Android_ASTCClient'
[2022.03.01-08.26.46:332][  0]LogTargetPlatformManager: Display: Loaded TargetPlatform 'Android_DXTClient'
[2022.03.01-08.26.46:332][  0]LogTargetPlatformManager: Display: Loaded TargetPlatform 'Android_ETC2Client'
[2022.03.01-08.26.46:332][  0]LogTargetPlatformManager: Display: Loaded TargetPlatform 'Android_Multi'
[2022.03.01-08.26.46:332][  0]LogTargetPlatformManager: Display: Loaded TargetPlatform 'Android_MultiClient'
[2022.03.01-08.26.46:357][  0]LogTargetPlatformManager: Display: Loaded TargetPlatform 'IOSClient'
[2022.03.01-08.26.46:357][  0]LogTargetPlatformManager: Display: Loaded TargetPlatform 'IOS'
[2022.03.01-08.26.46:371][  0]LogTargetPlatformManager: Display: Loaded TargetPlatform 'Linux'
[2022.03.01-08.26.46:378][  0]LogTargetPlatformManager: Display: Loaded TargetPlatform 'LinuxNoEditor'
[2022.03.01-08.26.46:386][  0]LogTargetPlatformManager: Display: Loaded TargetPlatform 'LinuxClient'
[2022.03.01-08.26.46:396][  0]LogTargetPlatformManager: Display: Loaded TargetPlatform 'LinuxServer'
[2022.03.01-08.26.46:419][  0]LogTargetPlatformManager: Display: Loaded TargetPlatform 'LinuxAArch64NoEditor'
[2022.03.01-08.26.46:430][  0]LogTargetPlatformManager: Display: Loaded TargetPlatform 'LinuxAArch64Client'
[2022.03.01-08.26.46:440][  0]LogTargetPlatformManager: Display: Loaded TargetPlatform 'LinuxAArch64Server'
[2022.03.01-08.26.46:500][  0]LogTargetPlatformManager: Display: Loaded TargetPlatform 'Lumin'
[2022.03.01-08.26.46:500][  0]LogTargetPlatformManager: Display: Loaded TargetPlatform 'LuminClient'
[2022.03.01-08.26.46:519][  0]LogTargetPlatformManager: Display: Loaded TargetPlatform 'MacNoEditor'
[2022.03.01-08.26.46:528][  0]LogTargetPlatformManager: Display: Loaded TargetPlatform 'Mac'
[2022.03.01-08.26.46:537][  0]LogTargetPlatformManager: Display: Loaded TargetPlatform 'MacClient'
[2022.03.01-08.26.46:545][  0]LogTargetPlatformManager: Display: Loaded TargetPlatform 'MacServer'
[2022.03.01-08.26.46:567][  0]LogTargetPlatformManager: Display: Loaded TargetPlatform 'TVOSClient'
[2022.03.01-08.26.46:567][  0]LogTargetPlatformManager: Display: Loaded TargetPlatform 'TVOS'
[2022.03.01-08.26.46:587][  0]LogTargetPlatformManager: Display: Loaded TargetPlatform 'WindowsNoEditor'
[2022.03.01-08.26.46:596][  0]LogTargetPlatformManager: Display: Loaded TargetPlatform 'Windows'
[2022.03.01-08.26.46:605][  0]LogTargetPlatformManager: Display: Loaded TargetPlatform 'WindowsClient'
[2022.03.01-08.26.46:614][  0]LogTargetPlatformManager: Display: Loaded TargetPlatform 'WindowsServer'
[2022.03.01-08.26.46:614][  0]LogTargetPlatformManager: Display: Building Assets For Windows
[2022.03.01-08.26.46:628][  0]LogAudioDebug: Display: Lib vorbis DLL was dynamically loaded.
[2022.03.01-08.26.46:680][  0]LogTextureFormatOodle: Display: Oodle Texture 2.9.0 init RDO Off
[2022.03.01-08.26.46:739][  0]LogRendererCore: Ray tracing is disabled. Reason: r.RayTracing=0.
[2022.03.01-08.26.46:739][  0]LogShaderCompilers: Guid format shader working directory is 4 characters bigger than the processId version (C:/Users/qwe_o/P8ToBeAnnounced/P8_VR_Home/Intermediate/Shaders/WorkingDirectory/21340/).
[2022.03.01-08.26.46:740][  0]LogShaderCompilers: Cleaned the shader compiler working directory 'C:/Users/qwe_o/AppData/Local/Temp/UnrealShaderWorkingDir/A5143DD3446B784F130E74B8B922B993/'.
[2022.03.01-08.26.46:740][  0]LogXGEController: Cannot use XGE Controller as Incredibuild is not installed on this machine.
[2022.03.01-08.26.46:740][  0]LogShaderCompilers: Display: Using Local Shader Compiler.
[2022.03.01-08.26.48:044][  0]LogDerivedDataCache: Display: Max Cache Size: 512 MB
[2022.03.01-08.26.48:183][  0]LogDerivedDataCache: Loaded boot cache 0.14s 140MB C:/Users/qwe_o/AppData/Local/UnrealEngine/4.27/DerivedDataCache/Boot.ddc.
[2022.03.01-08.26.48:183][  0]LogDerivedDataCache: Display: Loaded Boot cache: C:/Users/qwe_o/AppData/Local/UnrealEngine/4.27/DerivedDataCache/Boot.ddc
[2022.03.01-08.26.48:183][  0]LogDerivedDataCache: FDerivedDataBackendGraph:  Pak pak cache file C:/Users/qwe_o/P8ToBeAnnounced/P8_VR_Home/DerivedDataCache/DDC.ddp not found, will not use a pak cache.
[2022.03.01-08.26.48:183][  0]LogDerivedDataCache: Unable to find inner node Pak for hierarchical cache Hierarchy.
[2022.03.01-08.26.48:183][  0]LogDerivedDataCache: FDerivedDataBackendGraph:  CompressedPak pak cache file C:/Users/qwe_o/P8ToBeAnnounced/P8_VR_Home/DerivedDataCache/Compressed.ddp not found, will not use a pak cache.
[2022.03.01-08.26.48:183][  0]LogDerivedDataCache: Unable to find inner node CompressedPak for hierarchical cache Hierarchy.
[2022.03.01-08.26.48:215][  0]LogDerivedDataCache: Display: Pak cache opened for reading ../../../Engine/DerivedDataCache/Compressed.ddp.
[2022.03.01-08.26.48:215][  0]LogDerivedDataCache: FDerivedDataBackendGraph:  EnterprisePak pak cache file ../../../Enterprise/DerivedDataCache/Compressed.ddp not found, will not use a pak cache.
[2022.03.01-08.26.48:215][  0]LogDerivedDataCache: Unable to find inner node EnterprisePak for hierarchical cache Hierarchy.
[2022.03.01-08.26.48:225][  0]LogDerivedDataCache: Speed tests for C:/Users/qwe_o/AppData/Local/UnrealEngine/Common/DerivedDataCache took 0.01 seconds
[2022.03.01-08.26.48:225][  0]LogDerivedDataCache: Display: Performance to C:/Users/qwe_o/AppData/Local/UnrealEngine/Common/DerivedDataCache: Latency=0.05ms. RandomReadSpeed=843.25MBs, RandomWriteSpeed=109.45MBs. Assigned SpeedClass 'Local'
[2022.03.01-08.26.48:226][  0]LogDerivedDataCache: Using Local data cache path C:/Users/qwe_o/AppData/Local/UnrealEngine/Common/DerivedDataCache: Writable
[2022.03.01-08.26.48:227][  0]LogDerivedDataCache: Shared data cache path not found in *engine.ini, will not use an Shared cache.
[2022.03.01-08.26.48:227][  0]LogDerivedDataCache: Unable to find inner node Shared for hierarchical cache Hierarchy.
[2022.03.01-08.26.48:352][  0]LogSlate: Using FreeType 2.10.0
[2022.03.01-08.26.48:353][  0]LogSlate: SlateFontServices - WITH_FREETYPE: 1, WITH_HARFBUZZ: 1
[2022.03.01-08.26.48:399][  0]LogAssetRegistry: FAssetRegistry took 0.0047 seconds to start up
[2022.03.01-08.26.48:880][  0]LogInit: Selected Device Profile: [Windows]
[2022.03.01-08.26.48:880][  0]LogInit: Active device profile: [0000015BF888B800][0000015BF70CA640 49] Windows
[2022.03.01-08.26.48:880][  0]LogInit: Profiles: [0000015BF888B800][0000015BF70CA640 49] Windows, [0000015BF8838A00][0000015BE9FEE7C0 49] WindowsNoEditor, [0000015BF8888A00][0000015BE9FF2940 49] WindowsServer, [0000015BF883B000][0000015BE9FF6AC0 49] WindowsClient, [0000015BF888AF00][0000015BF95E2C40 49] IOS, [0000015BF8839300][0000015BF70CED80 49] iPadAir, [0000015BF8889200][0000015BF94D4EC0 49] iPadAir2, [0000015BF87C3F00][0000015BF91C9100 49] IPadPro, [0000015BF87C3E00][0000015BF918D140 49] iPadAir3, [0000015BF888A900][0000015BF91DD2C0 49] iPadAir4, [0000015BF87C0F00][0000015BF91EB440 49] iPadMini2, [0000015BF8889700][0000015BF91EF5C0 49] iPadMini3, [0000015BF87C2A00][0000015BF91F3740 49] iPadMini4, [0000015BF888A100][0000015BF91F78C0 49] iPadMini5, [0000015BF8843800][0000015BF91FFB80 49] iPhone6, [0000015BF8843900][0000015BF91FBBC0 49] iPodTouch6, [0000015BF87C1100][0000015BF9206300 49] iPhone7, [0000015BF87C1200][0000015BF9202340 49] iPodTouch7, [0000015BF8840E00][0000015BF920A4C0 49] iPhone5S, [0000015BF87C0500][0000015BF920E640 49] iPhone6Plus, [0000015BF8842B00][0000015BF92127C0 49] iPhone6S, [0000015BF87C0A00][0000015BF922A940 49] iPhone6SPlus, [0000015BF8841600][0000015BF922EAC0 49] iPhone7Plus, [0000015BF87C0B00][0000015BEA35EC40 49] iPhoneSE, [0000015BF8842300][0000015BEA362DC0 49] iPhone8, [0000015BF87C2000][0000015BEA366F40 49] iPhone8Plus, [0000015BF8843F00][0000015BF91D9080 49] iPhoneX, [0000015BF87C0100][0000015BEA36F1C0 49] iPhoneXS, [0000015BF8840500][0000015BF98DF300 49] iPhoneXSMax, [0000015BF87C2800][0000015BF98E7480 49] iPhoneXR, [0000015BF8842900][0000015BF98EB600 49] iPhone11, [0000015BF87C3500][0000015BF98EF780 49] iPhone11Pro, [0000015BF8841700][0000015BF98F3900 49] iPhone11ProMax, [0000015BF87C1500][0000015BF98F7A80 49] iPhoneSE2, [0000015BF8840F00][0000015BF98FBC00 49] iPhone12Mini, [0000015BF87C2600][0000015BF959A200 49] iPhone12, [0000015BF8842600][0000015BF95AA380 49] iPhone12Pro, [0000015BF87C2C00][0000015BF95AE500 49] iPhone12ProMax, [0000015BF8842A00][0000015BEA36A680 49] iPadPro105, [0000015BF87C0200][0000015BF95B2800 49] iPadPro129, [0000015BF8841B00][0000015BF5C80980 49] iPadPro97, [0000015BF87C1E00][0000015BF5C7CB00 49] iPadPro2_129, [0000015BF8843700][0000015BE9FEAC80 49] iPad5, [0000015BF87C2B00][0000015BF95B6E00 49] iPad6, [0000015BF8843200][0000015BF95BAF80 49] iPad7, [0000015BF87C2200][0000015BF95BF100 49] iPad8, [0000015BF8843100][0000015BF98E3240 49] iPadPro11, [0000015BF87C3600][0000015BF95C3380 49] iPadPro2_11, [0000015BF8842C00][0000015BF95C74C0 49] iPadPro3_129, [0000015BF87C1F00][0000015BF0A9B640 49] iPadPro4_129, [0000015BF8840900][0000015BF0A9F7C0 49] AppleTV, [0000015BF87C1900][0000015BF0AA3940 49] AppleTV4K, [0000015BF8843300][0000015BF0AA7AC0 49] TVOS, [0000015BF87C3700][0000015BF0AAA0C0 49] Mac, [0000015BF8840800][0000015BF0AAE240 49] MacClient, [0000015BF87C0700][0000015BF0AB23C0 49] MacNoEditor, [0000015BF8840300][0000015BF0AB6540 49] MacServer, [0000015BF87C3100][0000015BF0ABA6C0 49] Linux, [0000015BF8841300][0000015BF0ABE840 49] LinuxAArch64, [0000015BF87C0800][0000015BF0AC29C0 49] LinuxNoEditor, [0000015BF8840D00][0000015BF0AC6B40 49] LinuxAArch64NoEditor, [0000015BF87C1000][0000015BF0ACACC0 49] LinuxClient, [0000015BF8843A00][0000015BEA372E40 49] LinuxAArch64Client, [0000015BF87C3300][0000015BEA376FC0 49] LinuxServer, [0000015BF8841400][0000015BEA37B140 49] LinuxAArch64Server, [0000015BF883B400][0000015BEA37F2C0 49] Android, [0000015BF88FA100][0000015BF95CB400 49] Android_Low, [0000015BF8839700][0000015BEA383540 49] Android_Mid, [0000015BF88F8100][0000015BEA387680 49] Android_High, [0000015BF8838E00][0000015BEA38B7C0 49] Android_Default, [0000015BF88FA500][0000015BEA393940 49] Android_Adreno4xx, [0000015BF883BD00][0000015BEA397AC0 49] Android_Adreno5xx_Low, [0000015BF88F8200][0000015BEA39A0C0 49] Android_Adreno5xx, [0000015BF8838300][0000015BEA39E240 49] Android_Adreno6xx, [0000015BF88F9A00][0000015BEA3A23C0 49] Android_Adreno6xx_Vulkan, [0000015BF883A400][0000015BEA3A6540 49] Android_Mali_T6xx, [0000015BF88FA700][0000015BEA3AA6C0 49] Android_Mali_T7xx, [0000015BF883AF00][0000015BF9374840 49] Android_Mali_T8xx, [0000015BF88F9900][0000015BF93789C0 49] Android_Mali_G71, [0000015BF883A900][0000015BF937CB40 49] Android_Mali_G72, [0000015BF88F8500][0000015BF9380CC0 49] Android_Mali_G72_Vulkan, [0000015BF8839400][0000015BF9384E40 49] Android_Mali_G76, [0000015BF88F9800][0000015BF9388FC0 49] Android_Mali_G76_Vulkan, [0000015BF883AE00][0000015BF938D140 49] Android_Mali_G77, [0000015BF88F9300][0000015BF93912C0 49] Android_Mali_G77_Vulkan, [0000015BF8840200][0000015BF9395440 49] Android_Mali_G78, [0000015BF87C0E00][0000015BEA38F580 49] Android_Mali_G78_Vulkan, [0000015BF8843400][0000015BF93996C0 49] Android_Mali_G710, [0000015BF87C1600][0000015BF939D800 49] Android_Mali_G710_Vulkan, [0000015BF88F8700][0000015BF93A1940 49] Android_Vulkan_SM5, [0000015BF87C1C00][0000015BF93A9AC0 49] Android_PowerVR_G6xxx, [0000015BF88F9500][0000015BF93AC0C0 49] Android_PowerVR_GT7xxx, [0000015BF87C3B00][0000015BF93B0240 49] Android_PowerVR_GE8xxx, [0000015BF88FAB00][0000015BF93B43C0 49] Android_PowerVR_GM9xxx, [0000015BF87C3000][0000015BF93B8540 49] Android_PowerVR_GM9xxx_Vulkan, [0000015BF88F8300][0000015BF93BC6C0 49] Android_TegraK1, [0000015BF87C2F00][0000015BF93C0840 49] Android_Unknown_Vulkan, [0000015BF88F9200][0000015BF93C49C0 49] Lumin, [0000015BF87C2400][0000015BF93C8B40 49] Lumin_Desktop, [0000015BF88F8B00][0000015BF93CCCC0 49] HoloLens, 
[2022.03.01-08.26.49:124][  0]LogMeshReduction: Using QuadricMeshReduction for automatic static mesh reduction
[2022.03.01-08.26.49:125][  0]LogMeshReduction: Using SimplygonMeshReduction for automatic skeletal mesh reduction
[2022.03.01-08.26.49:125][  0]LogMeshReduction: Using ProxyLODMeshReduction for automatic mesh merging
[2022.03.01-08.26.49:125][  0]LogMeshReduction: No distributed automatic mesh merging module available
[2022.03.01-08.26.49:125][  0]LogMeshMerging: No distributed automatic mesh merging module available
[2022.03.01-08.26.49:154][  0]LogNetVersion: P8_VR_Home 1.0.0, NetCL: 17155196, EngineNetVer: 17, GameNetVer: 0 (Checksum: 1173850688)
[2022.03.01-08.26.49:942][  0]LogTexture: Default maximum texture size for cubemaps generated from long-lat sources has been changed from 512 to unlimited. In order to preserve old behaiour for '/Engine/MapTemplates/Sky/DaylightAmbientCubemap.DaylightAmbientCubemap', its maximum texture size has been explicitly set to 512.
[2022.03.01-08.26.50:050][  0]LogHMD: PokeAHoleMaterial loaded successfully
[2022.03.01-08.26.50:060][  0]LogUObjectArray: 17075 objects as part of root set at end of initial load.
[2022.03.01-08.26.50:060][  0]LogUObjectAllocator: 4275792 out of 0 bytes used by permanent object pool.
[2022.03.01-08.26.50:060][  0]LogUObjectArray: CloseDisregardForGC: 0/0 objects in disregard for GC pool
[2022.03.01-08.26.50:355][  0]LogNiagaraDebuggerClient: Niagara Debugger Client Initialized | Session: 05F0EA174BF038777FBEA2912C5ABA99 | Instance: F6BCD582463506B74C136A814A89FEDD (DESKTOP-28BR1PH-21340).
[2022.03.01-08.26.50:426][  0]LogPython: Using Python 3.7.7
[2022.03.01-08.26.51:596][  0]LogTcpMessaging: Initializing TcpMessaging bridge
[2022.03.01-08.26.51:601][  0]LogUdpMessaging: Initializing bridge on interface 0.0.0.0:0 to multicast group 230.0.0.1:6666.
[2022.03.01-08.26.52:006][  0]SourceControl: Source control is disabled
[2022.03.01-08.26.52:006][  0]SourceControl: Source control is disabled
[2022.03.01-08.26.52:016][  0]SourceControl: Source control is disabled
[2022.03.01-08.26.52:019][  0]SourceControl: Source control is disabled
[2022.03.01-08.26.52:033][  0]SourceControl: Source control is disabled
[2022.03.01-08.26.52:036][  0]LogUProjectInfo: Found projects:
[2022.03.01-08.26.52:062][  0]LogTexture: Default maximum texture size for cubemaps generated from long-lat sources has been changed from 512 to unlimited. In order to preserve old behaiour for '/Engine/EditorMaterials/AssetViewer/EpicQuadPanorama_CC+EV1.EpicQuadPanorama_CC+EV1', its maximum texture size has been explicitly set to 512.
[2022.03.01-08.26.52:928][  0]LogOpenImageDenoise: OIDN starting up
[2022.03.01-08.26.52:988][  0]LogAndroidPermission: UAndroidPermissionCallbackProxy::GetInstance
[2022.03.01-08.26.53:014][  0]LogAudioCaptureCore: Display: No Audio Capture implementations found. Audio input will be silent.
[2022.03.01-08.26.53:014][  0]LogAudioCaptureCore: Display: No Audio Capture implementations found. Audio input will be silent.
[2022.03.01-08.26.53:332][  0]LogOcInput: OculusInput pre-init called
[2022.03.01-08.26.53:816][  0]LogCollectionManager: Loaded 0 collections in 0.001570 seconds
[2022.03.01-08.26.53:903][  0]LogFileCache: Scanning file cache for directory 'C:/Users/qwe_o/P8ToBeAnnounced/P8_VR_Home/Saved/Collections/' took 0.00s
[2022.03.01-08.26.53:903][  0]LogFileCache: Scanning file cache for directory 'C:/Users/qwe_o/P8ToBeAnnounced/P8_VR_Home/Content/Developers/qweo/Collections/' took 0.00s
[2022.03.01-08.26.53:903][  0]LogFileCache: Scanning file cache for directory 'C:/Users/qwe_o/P8ToBeAnnounced/P8_VR_Home/Content/Collections/' took 0.00s
[2022.03.01-08.26.53:903][  0]LogEngine: Initializing Engine...
[2022.03.01-08.26.53:928][  0]LogHMD: PokeAHoleMaterial loaded successfully
[2022.03.01-08.26.53:946][  0]LogHMD: Initializing OVRPlugin session
[2022.03.01-08.26.54:419][  0]LogHMD: Allocating Oculus 3200 x 1600 rendertarget swapchain
[2022.03.01-08.26.54:419][  0]LogHMD: Oculus plugin initialized. Version: 4.27.2-18319896+++UE4+Release-4.27, OVRPlugin: 1.59.0
[2022.03.01-08.26.54:421][  0]LogStats: UGameplayTagsManager::InitializeManager -  0.000 s
[2022.03.01-08.26.54:664][  0]LogInit: Initializing FReadOnlyCVARCache
[2022.03.01-08.26.54:676][  0]LogAIModule: Creating AISystem for world Untitled
[2022.03.01-08.26.54:704][  0]LogAudio: Display: Initializing Audio Device Manager...
[2022.03.01-08.26.54:712][  0]LogAudio: Display: Loading Default Audio Settings Objects...
[2022.03.01-08.26.54:714][  0]LogAudio: Display: No default SoundConcurrencyObject specified (or failed to load).
[2022.03.01-08.26.54:714][  0]LogAudio: Display: Audio Device Manager Initialized
[2022.03.01-08.26.54:714][  0]LogAudio: Display: Creating Audio Device:                 Id: 1, Scope: Shared, Realtime: True
[2022.03.01-08.26.54:715][  0]LogAudioMixer: Display: Audio Mixer Platform Settings:
[2022.03.01-08.26.54:715][  0]LogAudioMixer: Display: 	Sample Rate:						  48000
[2022.03.01-08.26.54:715][  0]LogAudioMixer: Display: 	Callback Buffer Frame Size Requested: 1024
[2022.03.01-08.26.54:715][  0]LogAudioMixer: Display: 	Callback Buffer Frame Size To Use:	  1024
[2022.03.01-08.26.54:715][  0]LogAudioMixer: Display: 	Number of buffers to queue:			  1
[2022.03.01-08.26.54:715][  0]LogAudioMixer: Display: 	Max Channels (voices):				  0
[2022.03.01-08.26.54:715][  0]LogAudioMixer: Display: 	Number of Async Source Workers:		  4
[2022.03.01-08.26.54:715][  0]LogAudio: Display: AudioDevice MaxSources: 32
[2022.03.01-08.26.54:715][  0]LogAudio: Display: Audio Spatialization Plugin: Resonance Audio is external send: 1
[2022.03.01-08.26.54:715][  0]LogAudio: Display: Audio Reverb Plugin: Resonance Audio
[2022.03.01-08.26.54:715][  0]LogAudio: Display: Audio Occlusion Plugin: None (built-in).
[2022.03.01-08.26.54:715][  0]LogAudioMixer: Display: Initializing audio mixer.
[2022.03.01-08.26.54:740][  0]LogAudioMixer: Display: 0: FrontLeft
[2022.03.01-08.26.54:740][  0]LogAudioMixer: Display: 1: FrontRight
[2022.03.01-08.26.54:789][  0]LogAudioMixer: Display: Using Audio Device Speakers (Realtek High Definition Audio)
[2022.03.01-08.26.54:793][  0]LogAudioMixer: Display: Initializing Sound Submixes...
[2022.03.01-08.26.54:796][  0]LogAudioMixer: Display: Creating Master Submix 'MasterSubmixDefault'
[2022.03.01-08.26.54:796][  0]LogAudioMixer: Display: Creating Master Submix 'MasterReverbSubmixDefault'
[2022.03.01-08.26.54:797][  0]LogAudioMixer: Display: Creating Master Submix 'MasterEQSubmixDefault'
[2022.03.01-08.26.54:799][  0]LogAudioMixer: FMixerPlatformXAudio2::StartAudioStream() called
[2022.03.01-08.26.54:799][  0]LogAudioMixer: Display: Output buffers initialized: Frames=1024, Channels=2, Samples=2048
[2022.03.01-08.26.54:800][  0]LogAudioMixer: Display: Starting AudioMixerPlatformInterface::RunInternal()
[2022.03.01-08.26.54:800][  0]LogAudioMixer: Display: FMixerPlatformXAudio2::SubmitBuffer() called for the first time
[2022.03.01-08.26.54:800][  0]LogInit: FAudioDevice initialized.
[2022.03.01-08.26.54:800][  0]LogAudio: Display: Audio Device (ID: 1) registered with world 'Untitled'.
[2022.03.01-08.26.54:800][  0]LogNetVersion: Set ProjectVersion to 1.0.0.0. Version Checksum will be recalculated on next use.
[2022.03.01-08.26.55:015][  0]LogDerivedDataCache: Saved boot cache 0.22s 140MB C:/Users/qwe_o/AppData/Local/UnrealEngine/4.27/DerivedDataCache/Boot.ddc.
[2022.03.01-08.26.55:020][  0]LogInit: Texture streaming: Enabled
[2022.03.01-08.26.55:036][  0]LogAnalytics: Display: [UEEditor.Rocket.Release] APIServer = https://datarouter.ol.epicgames.com/. AppVersion = 4.27.2-18319896+++UE4+Release-4.27
[2022.03.01-08.26.55:042][  0]LogEngineSessionManager: EngineSessionManager initialized
[2022.03.01-08.26.55:042][  0]LogEditorSessionSummary: Verbose: Initializing EditorSessionSummaryWriter for editor session tracking
[2022.03.01-08.26.55:045][  0]LogEditorSessionSummary: EditorSessionSummaryWriter initialized
[2022.03.01-08.26.55:102][  0]LogInit: Transaction tracking system initialized
[2022.03.01-08.26.55:148][  0]BlueprintLog: New page: Editor Load
[2022.03.01-08.26.55:251][  0]LocalizationService: Localization service is disabled
[2022.03.01-08.26.55:279][  0]TimingProfiler: Initialize
[2022.03.01-08.26.55:279][  0]TimingProfiler: OnSessionChanged
[2022.03.01-08.26.55:279][  0]LoadingProfiler: Initialize
[2022.03.01-08.26.55:280][  0]LoadingProfiler: OnSessionChanged
[2022.03.01-08.26.55:280][  0]NetworkingProfiler: Initialize
[2022.03.01-08.26.55:280][  0]NetworkingProfiler: OnSessionChanged
[2022.03.01-08.26.55:280][  0]MemoryProfiler: Initialize
[2022.03.01-08.26.55:280][  0]MemoryProfiler: OnSessionChanged
[2022.03.01-08.26.56:091][  0]LogCook: Display: CookSettings for Memory: MemoryMaxUsedVirtual 0MiB, MemoryMaxUsedPhysical 16384MiB, MemoryMinFreeVirtual 0MiB, MemoryMinFreePhysical 1024MiB
[2022.03.01-08.26.56:091][  0]LogCook: Display: Mobile HDR setting 0
[2022.03.01-08.26.56:304][  0]LogFileCache: Scanning file cache for directory 'C:/Users/qwe_o/P8ToBeAnnounced/P8_VR_Home/Content/' took 0.02s
[2022.03.01-08.26.56:437][  0]LogInit: Display: Engine is initialized. Leaving FEngineLoop::Init()
[2022.03.01-08.26.56:444][  0]SourceControl: Source control is disabled
[2022.03.01-08.26.56:444][  0]LogUnrealEdMisc: Loading editor; pre map load, took 16.017
[2022.03.01-08.26.56:444][  0]Cmd: MAP LOAD FILE="C:/Users/qwe_o/P8ToBeAnnounced/P8_VR_Home/Content/VRTemplate/Maps/VRTemplateMap.umap" TEMPLATE=0 SHOWPROGRESS=1 FEATURELEVEL=3
[2022.03.01-08.26.56:445][  0]LightingResults: New page: Lighting Build
[2022.03.01-08.26.56:448][  0]LogWorld: UWorld::CleanupWorld for Untitled, bSessionEnded=true, bCleanupResources=true
[2022.03.01-08.26.56:448][  0]LogSlate: InvalidateAllWidgets triggered.  All widgets were invalidated
[2022.03.01-08.26.56:449][  0]MapCheck: New page: Map Check
[2022.03.01-08.26.56:449][  0]LightingResults: New page: Lighting Build
[2022.03.01-08.26.56:460][  0]LogAudio: Display: Audio Device unregistered from world 'None'.
[2022.03.01-08.26.56:465][  0]LogUObjectHash: Compacting FUObjectHashTables data took   1.52ms
[2022.03.01-08.26.58:366][  0]LogPhysics: Warning: Failed to cook TriMesh: /Game/Marwa/3D_model_from_marwa/Geometries/Group_132_2.Group_132_2.
[2022.03.01-08.26.58:366][  0]LogPhysics: Warning: Attempt to build physics data for /Game/Marwa/3D_model_from_marwa/Geometries/Group_132_2.Group_132_2:BodySetup_0 when we are unable to.
[2022.03.01-08.26.58:433][  0]LogPhysics: Warning: Failed to cook TriMesh: /Game/Marwa/3D_model_from_marwa/Geometries/Group_598_2.Group_598_2.
[2022.03.01-08.26.58:433][  0]LogPhysics: Warning: Attempt to build physics data for /Game/Marwa/3D_model_from_marwa/Geometries/Group_598_2.Group_598_2:BodySetup_0 when we are unable to.
[2022.03.01-08.26.58:475][  0]LogPhysics: Warning: Failed to cook TriMesh: /Game/Marwa/3D_model_from_marwa/Geometries/Group_688_2.Group_688_2.
[2022.03.01-08.26.58:475][  0]LogPhysics: Warning: Attempt to build physics data for /Game/Marwa/3D_model_from_marwa/Geometries/Group_688_2.Group_688_2:BodySetup_0 when we are unable to.
[2022.03.01-08.26.58:753][  0]LogAudio: Display: Audio Device (ID: 1) registered with world 'VRTemplateMap'.
[2022.03.01-08.26.58:756][  0]LogAIModule: Creating AISystem for world VRTemplateMap
[2022.03.01-08.26.58:855][  0]LogEditorServer: Finished looking for orphan Actors (0.000 secs)
[2022.03.01-08.26.58:856][  0]LogNavigation: Warning: Recreating dtNavMesh instance due to saved navmesh origin (X=-20.000 Y=0.000 Z=10.000, usually the RecastNavMesh location) not being aligned with tile size (1000 uu) 
[2022.03.01-08.26.58:912][  0]LogUObjectHash: Compacting FUObjectHashTables data took   3.09ms
[2022.03.01-08.26.58:912][  0]Cmd: MAP CHECKDEP NOCLEARLOG
[2022.03.01-08.26.58:913][  0]MapCheck: Map check complete: 0 Error(s), 0 Warning(s), took 0,542ms to complete.
[2022.03.01-08.26.58:913][  0]LogFileHelpers: Loading map 'VRTemplateMap' took 2.469
[2022.03.01-08.26.58:916][  0]LogUnrealEdMisc: Total Editor Startup Time, took 18.489
[2022.03.01-08.26.59:068][  0]LogSlate: Updating window title bar state: overlay mode, drag disabled, window buttons hidden, title bar hidden
[2022.03.01-08.26.59:082][  0]LogSlate: Updating window title bar state: overlay mode, drag disabled, window buttons hidden, title bar hidden
[2022.03.01-08.26.59:098][  0]LogSlate: Updating window title bar state: overlay mode, drag disabled, window buttons hidden, title bar hidden
[2022.03.01-08.26.59:113][  0]LogSlate: Updating window title bar state: overlay mode, drag disabled, window buttons hidden, title bar hidden
[2022.03.01-08.26.59:140][  0]LogNativeClassHierarchy: Verbose: Native class hierarchy populated in 0.0132 seconds. Added 4029 classes and 978 folders.
[2022.03.01-08.26.59:143][  0]LogNativeClassHierarchy: Verbose: Native class hierarchy updated for 'WidgetCarousel' in 0.0003 seconds. Added 0 classes and 0 folders.
[2022.03.01-08.26.59:145][  0]LogPakFile: PakFile PrimaryIndexSize=187
[2022.03.01-08.26.59:146][  0]LogPakFile: PakFile PathHashIndexSize=101
[2022.03.01-08.26.59:146][  0]LogPakFile: PakFile FullDirectoryIndexSize=148
[2022.03.01-08.26.59:146][  0]LogShaderLibrary: Display: ShaderCodeLibraryPakFileMountedCallback: PakFile 'D:/Program Files/Epic Games/UE_4.27/FeaturePacks/FP_FirstPerson.upack' (chunk index -1, root 'root:/') mounted
[2022.03.01-08.26.59:146][  0]LogShaderLibrary: Display: ShaderCodeLibraryPakFileMountedCallback: pending pak file info (ChunkID:-1 Root:root:/ File:D:/Program Files/Epic Games/UE_4.27/FeaturePacks/FP_FirstPerson.upack)
[2022.03.01-08.26.59:146][  0]LogPakFile: OnPakFileMounted2Time == 0.000086
[2022.03.01-08.26.59:147][  0]LogPakFile: PakFile PrimaryIndexSize=189
[2022.03.01-08.26.59:147][  0]LogPakFile: PakFile PathHashIndexSize=101
[2022.03.01-08.26.59:147][  0]LogPakFile: PakFile FullDirectoryIndexSize=152
[2022.03.01-08.26.59:147][  0]LogShaderLibrary: Display: ShaderCodeLibraryPakFileMountedCallback: PakFile 'D:/Program Files/Epic Games/UE_4.27/FeaturePacks/FP_FirstPersonBP.upack' (chunk index -1, root 'root:/') mounted
[2022.03.01-08.26.59:147][  0]LogShaderLibrary: Display: ShaderCodeLibraryPakFileMountedCallback: pending pak file info (ChunkID:-1 Root:root:/ File:D:/Program Files/Epic Games/UE_4.27/FeaturePacks/FP_FirstPersonBP.upack)
[2022.03.01-08.26.59:147][  0]LogPakFile: OnPakFileMounted2Time == 0.000062
[2022.03.01-08.26.59:148][  0]LogPakFile: PakFile PrimaryIndexSize=191
[2022.03.01-08.26.59:148][  0]LogPakFile: PakFile PathHashIndexSize=101
[2022.03.01-08.26.59:148][  0]LogPakFile: PakFile FullDirectoryIndexSize=160
[2022.03.01-08.26.59:148][  0]LogShaderLibrary: Display: ShaderCodeLibraryPakFileMountedCallback: PakFile 'D:/Program Files/Epic Games/UE_4.27/FeaturePacks/MobileStarterContent.upack' (chunk index -1, root 'root:/') mounted
[2022.03.01-08.26.59:148][  0]LogShaderLibrary: Display: ShaderCodeLibraryPakFileMountedCallback: pending pak file info (ChunkID:-1 Root:root:/ File:D:/Program Files/Epic Games/UE_4.27/FeaturePacks/MobileStarterContent.upack)
[2022.03.01-08.26.59:148][  0]LogPakFile: OnPakFileMounted2Time == 0.000070
[2022.03.01-08.26.59:149][  0]LogPakFile: PakFile PrimaryIndexSize=185
[2022.03.01-08.26.59:149][  0]LogPakFile: PakFile PathHashIndexSize=101
[2022.03.01-08.26.59:149][  0]LogPakFile: PakFile FullDirectoryIndexSize=148
[2022.03.01-08.26.59:149][  0]LogShaderLibrary: Display: ShaderCodeLibraryPakFileMountedCallback: PakFile 'D:/Program Files/Epic Games/UE_4.27/FeaturePacks/StarterContent.upack' (chunk index -1, root 'root:/') mounted
[2022.03.01-08.26.59:149][  0]LogShaderLibrary: Display: ShaderCodeLibraryPakFileMountedCallback: pending pak file info (ChunkID:-1 Root:root:/ File:D:/Program Files/Epic Games/UE_4.27/FeaturePacks/StarterContent.upack)
[2022.03.01-08.26.59:149][  0]LogPakFile: OnPakFileMounted2Time == 0.000067
[2022.03.01-08.26.59:150][  0]LogPakFile: PakFile PrimaryIndexSize=190
[2022.03.01-08.26.59:150][  0]LogPakFile: PakFile PathHashIndexSize=101
[2022.03.01-08.26.59:150][  0]LogPakFile: PakFile FullDirectoryIndexSize=154
[2022.03.01-08.26.59:150][  0]LogShaderLibrary: Display: ShaderCodeLibraryPakFileMountedCallback: PakFile 'D:/Program Files/Epic Games/UE_4.27/FeaturePacks/TP_2DSideScroller.upack' (chunk index -1, root 'root:/') mounted
[2022.03.01-08.26.59:150][  0]LogShaderLibrary: Display: ShaderCodeLibraryPakFileMountedCallback: pending pak file info (ChunkID:-1 Root:root:/ File:D:/Program Files/Epic Games/UE_4.27/FeaturePacks/TP_2DSideScroller.upack)
[2022.03.01-08.26.59:150][  0]LogPakFile: OnPakFileMounted2Time == 0.000061
[2022.03.01-08.26.59:151][  0]LogPakFile: PakFile PrimaryIndexSize=192
[2022.03.01-08.26.59:151][  0]LogPakFile: PakFile PathHashIndexSize=101
[2022.03.01-08.26.59:151][  0]LogPakFile: PakFile FullDirectoryIndexSize=158
[2022.03.01-08.26.59:151][  0]LogShaderLibrary: Display: ShaderCodeLibraryPakFileMountedCallback: PakFile 'D:/Program Files/Epic Games/UE_4.27/FeaturePacks/TP_2DSideScrollerBP.upack' (chunk index -1, root 'root:/') mounted
[2022.03.01-08.26.59:152][  0]LogShaderLibrary: Display: ShaderCodeLibraryPakFileMountedCallback: pending pak file info (ChunkID:-1 Root:root:/ File:D:/Program Files/Epic Games/UE_4.27/FeaturePacks/TP_2DSideScrollerBP.upack)
[2022.03.01-08.26.59:152][  0]LogPakFile: OnPakFileMounted2Time == 0.000065
[2022.03.01-08.26.59:153][  0]LogPakFile: PakFile PrimaryIndexSize=182
[2022.03.01-08.26.59:153][  0]LogPakFile: PakFile PathHashIndexSize=101
[2022.03.01-08.26.59:153][  0]LogPakFile: PakFile FullDirectoryIndexSize=138
[2022.03.01-08.26.59:153][  0]LogShaderLibrary: Display: ShaderCodeLibraryPakFileMountedCallback: PakFile 'D:/Program Files/Epic Games/UE_4.27/FeaturePacks/TP_Flying.upack' (chunk index -1, root 'root:/') mounted
[2022.03.01-08.26.59:153][  0]LogShaderLibrary: Display: ShaderCodeLibraryPakFileMountedCallback: pending pak file info (ChunkID:-1 Root:root:/ File:D:/Program Files/Epic Games/UE_4.27/FeaturePacks/TP_Flying.upack)
[2022.03.01-08.26.59:153][  0]LogPakFile: OnPakFileMounted2Time == 0.000067
[2022.03.01-08.26.59:154][  0]LogPakFile: PakFile PrimaryIndexSize=184
[2022.03.01-08.26.59:154][  0]LogPakFile: PakFile PathHashIndexSize=101
[2022.03.01-08.26.59:154][  0]LogPakFile: PakFile FullDirectoryIndexSize=142
[2022.03.01-08.26.59:154][  0]LogShaderLibrary: Display: ShaderCodeLibraryPakFileMountedCallback: PakFile 'D:/Program Files/Epic Games/UE_4.27/FeaturePacks/TP_FlyingBP.upack' (chunk index -1, root 'root:/') mounted
[2022.03.01-08.26.59:154][  0]LogShaderLibrary: Display: ShaderCodeLibraryPakFileMountedCallback: pending pak file info (ChunkID:-1 Root:root:/ File:D:/Program Files/Epic Games/UE_4.27/FeaturePacks/TP_FlyingBP.upack)
[2022.03.01-08.26.59:154][  0]LogPakFile: OnPakFileMounted2Time == 0.000066
[2022.03.01-08.26.59:155][  0]LogPakFile: PakFile PrimaryIndexSize=188
[2022.03.01-08.26.59:155][  0]LogPakFile: PakFile PathHashIndexSize=101
[2022.03.01-08.26.59:155][  0]LogPakFile: PakFile FullDirectoryIndexSize=150
[2022.03.01-08.26.59:155][  0]LogShaderLibrary: Display: ShaderCodeLibraryPakFileMountedCallback: PakFile 'D:/Program Files/Epic Games/UE_4.27/FeaturePacks/TP_HandheldARBP.upack' (chunk index -1, root 'root:/') mounted
[2022.03.01-08.26.59:155][  0]LogShaderLibrary: Display: ShaderCodeLibraryPakFileMountedCallback: pending pak file info (ChunkID:-1 Root:root:/ File:D:/Program Files/Epic Games/UE_4.27/FeaturePacks/TP_HandheldARBP.upack)
[2022.03.01-08.26.59:155][  0]LogPakFile: OnPakFileMounted2Time == 0.000062
[2022.03.01-08.26.59:156][  0]LogPakFile: PakFile PrimaryIndexSize=182
[2022.03.01-08.26.59:156][  0]LogPakFile: PakFile PathHashIndexSize=101
[2022.03.01-08.26.59:156][  0]LogPakFile: PakFile FullDirectoryIndexSize=138
[2022.03.01-08.26.59:156][  0]LogShaderLibrary: Display: ShaderCodeLibraryPakFileMountedCallback: PakFile 'D:/Program Files/Epic Games/UE_4.27/FeaturePacks/TP_Puzzle.upack' (chunk index -1, root 'root:/') mounted
[2022.03.01-08.26.59:156][  0]LogShaderLibrary: Display: ShaderCodeLibraryPakFileMountedCallback: pending pak file info (ChunkID:-1 Root:root:/ File:D:/Program Files/Epic Games/UE_4.27/FeaturePacks/TP_Puzzle.upack)
[2022.03.01-08.26.59:156][  0]LogPakFile: OnPakFileMounted2Time == 0.000064
[2022.03.01-08.26.59:158][  0]LogPakFile: PakFile PrimaryIndexSize=184
[2022.03.01-08.26.59:158][  0]LogPakFile: PakFile PathHashIndexSize=101
[2022.03.01-08.26.59:158][  0]LogPakFile: PakFile FullDirectoryIndexSize=142
[2022.03.01-08.26.59:158][  0]LogShaderLibrary: Display: ShaderCodeLibraryPakFileMountedCallback: PakFile 'D:/Program Files/Epic Games/UE_4.27/FeaturePacks/TP_PuzzleBP.upack' (chunk index -1, root 'root:/') mounted
[2022.03.01-08.26.59:158][  0]LogShaderLibrary: Display: ShaderCodeLibraryPakFileMountedCallback: pending pak file info (ChunkID:-1 Root:root:/ File:D:/Program Files/Epic Games/UE_4.27/FeaturePacks/TP_PuzzleBP.upack)
[2022.03.01-08.26.59:158][  0]LogPakFile: OnPakFileMounted2Time == 0.000064
[2022.03.01-08.26.59:159][  0]LogPakFile: PakFile PrimaryIndexSize=183
[2022.03.01-08.26.59:159][  0]LogPakFile: PakFile PathHashIndexSize=101
[2022.03.01-08.26.59:159][  0]LogPakFile: PakFile FullDirectoryIndexSize=140
[2022.03.01-08.26.59:159][  0]LogShaderLibrary: Display: ShaderCodeLibraryPakFileMountedCallback: PakFile 'D:/Program Files/Epic Games/UE_4.27/FeaturePacks/TP_Rolling.upack' (chunk index -1, root 'root:/') mounted
[2022.03.01-08.26.59:159][  0]LogShaderLibrary: Display: ShaderCodeLibraryPakFileMountedCallback: pending pak file info (ChunkID:-1 Root:root:/ File:D:/Program Files/Epic Games/UE_4.27/FeaturePacks/TP_Rolling.upack)
[2022.03.01-08.26.59:159][  0]LogPakFile: OnPakFileMounted2Time == 0.000065
[2022.03.01-08.26.59:160][  0]LogPakFile: PakFile PrimaryIndexSize=185
[2022.03.01-08.26.59:160][  0]LogPakFile: PakFile PathHashIndexSize=101
[2022.03.01-08.26.59:160][  0]LogPakFile: PakFile FullDirectoryIndexSize=144
[2022.03.01-08.26.59:160][  0]LogShaderLibrary: Display: ShaderCodeLibraryPakFileMountedCallback: PakFile 'D:/Program Files/Epic Games/UE_4.27/FeaturePacks/TP_RollingBP.upack' (chunk index -1, root 'root:/') mounted
[2022.03.01-08.26.59:160][  0]LogShaderLibrary: Display: ShaderCodeLibraryPakFileMountedCallback: pending pak file info (ChunkID:-1 Root:root:/ File:D:/Program Files/Epic Games/UE_4.27/FeaturePacks/TP_RollingBP.upack)
[2022.03.01-08.26.59:160][  0]LogPakFile: OnPakFileMounted2Time == 0.000069
[2022.03.01-08.26.59:161][  0]LogPakFile: PakFile PrimaryIndexSize=188
[2022.03.01-08.26.59:161][  0]LogPakFile: PakFile PathHashIndexSize=101
[2022.03.01-08.26.59:161][  0]LogPakFile: PakFile FullDirectoryIndexSize=150
[2022.03.01-08.26.59:162][  0]LogShaderLibrary: Display: ShaderCodeLibraryPakFileMountedCallback: PakFile 'D:/Program Files/Epic Games/UE_4.27/FeaturePacks/TP_SideScroller.upack' (chunk index -1, root 'root:/') mounted
[2022.03.01-08.26.59:162][  0]LogShaderLibrary: Display: ShaderCodeLibraryPakFileMountedCallback: pending pak file info (ChunkID:-1 Root:root:/ File:D:/Program Files/Epic Games/UE_4.27/FeaturePacks/TP_SideScroller.upack)
[2022.03.01-08.26.59:162][  0]LogPakFile: OnPakFileMounted2Time == 0.000116
[2022.03.01-08.26.59:163][  0]LogPakFile: PakFile PrimaryIndexSize=190
[2022.03.01-08.26.59:163][  0]LogPakFile: PakFile PathHashIndexSize=101
[2022.03.01-08.26.59:163][  0]LogPakFile: PakFile FullDirectoryIndexSize=154
[2022.03.01-08.26.59:163][  0]LogShaderLibrary: Display: ShaderCodeLibraryPakFileMountedCallback: PakFile 'D:/Program Files/Epic Games/UE_4.27/FeaturePacks/TP_SideScrollerBP.upack' (chunk index -1, root 'root:/') mounted
[2022.03.01-08.26.59:163][  0]LogShaderLibrary: Display: ShaderCodeLibraryPakFileMountedCallback: pending pak file info (ChunkID:-1 Root:root:/ File:D:/Program Files/Epic Games/UE_4.27/FeaturePacks/TP_SideScrollerBP.upack)
[2022.03.01-08.26.59:163][  0]LogPakFile: OnPakFileMounted2Time == 0.000069
[2022.03.01-08.26.59:164][  0]LogPakFile: PakFile PrimaryIndexSize=187
[2022.03.01-08.26.59:164][  0]LogPakFile: PakFile PathHashIndexSize=101
[2022.03.01-08.26.59:164][  0]LogPakFile: PakFile FullDirectoryIndexSize=148
[2022.03.01-08.26.59:164][  0]LogShaderLibrary: Display: ShaderCodeLibraryPakFileMountedCallback: PakFile 'D:/Program Files/Epic Games/UE_4.27/FeaturePacks/TP_ThirdPerson.upack' (chunk index -1, root 'root:/') mounted
[2022.03.01-08.26.59:164][  0]LogShaderLibrary: Display: ShaderCodeLibraryPakFileMountedCallback: pending pak file info (ChunkID:-1 Root:root:/ File:D:/Program Files/Epic Games/UE_4.27/FeaturePacks/TP_ThirdPerson.upack)
[2022.03.01-08.26.59:164][  0]LogPakFile: OnPakFileMounted2Time == 0.000079
[2022.03.01-08.26.59:165][  0]LogPakFile: PakFile PrimaryIndexSize=189
[2022.03.01-08.26.59:165][  0]LogPakFile: PakFile PathHashIndexSize=101
[2022.03.01-08.26.59:165][  0]LogPakFile: PakFile FullDirectoryIndexSize=152
[2022.03.01-08.26.59:166][  0]LogShaderLibrary: Display: ShaderCodeLibraryPakFileMountedCallback: PakFile 'D:/Program Files/Epic Games/UE_4.27/FeaturePacks/TP_ThirdPersonBP.upack' (chunk index -1, root 'root:/') mounted
[2022.03.01-08.26.59:166][  0]LogShaderLibrary: Display: ShaderCodeLibraryPakFileMountedCallback: pending pak file info (ChunkID:-1 Root:root:/ File:D:/Program Files/Epic Games/UE_4.27/FeaturePacks/TP_ThirdPersonBP.upack)
[2022.03.01-08.26.59:166][  0]LogPakFile: OnPakFileMounted2Time == 0.000074
[2022.03.01-08.26.59:167][  0]LogPakFile: PakFile PrimaryIndexSize=183
[2022.03.01-08.26.59:167][  0]LogPakFile: PakFile PathHashIndexSize=101
[2022.03.01-08.26.59:167][  0]LogPakFile: PakFile FullDirectoryIndexSize=140
[2022.03.01-08.26.59:167][  0]LogShaderLibrary: Display: ShaderCodeLibraryPakFileMountedCallback: PakFile 'D:/Program Files/Epic Games/UE_4.27/FeaturePacks/TP_TopDown.upack' (chunk index -1, root 'root:/') mounted
[2022.03.01-08.26.59:167][  0]LogShaderLibrary: Display: ShaderCodeLibraryPakFileMountedCallback: pending pak file info (ChunkID:-1 Root:root:/ File:D:/Program Files/Epic Games/UE_4.27/FeaturePacks/TP_TopDown.upack)
[2022.03.01-08.26.59:167][  0]LogPakFile: OnPakFileMounted2Time == 0.000095
[2022.03.01-08.26.59:168][  0]LogPakFile: PakFile PrimaryIndexSize=185
[2022.03.01-08.26.59:168][  0]LogPakFile: PakFile PathHashIndexSize=101
[2022.03.01-08.26.59:168][  0]LogPakFile: PakFile FullDirectoryIndexSize=144
[2022.03.01-08.26.59:168][  0]LogShaderLibrary: Display: ShaderCodeLibraryPakFileMountedCallback: PakFile 'D:/Program Files/Epic Games/UE_4.27/FeaturePacks/TP_TopDownBP.upack' (chunk index -1, root 'root:/') mounted
[2022.03.01-08.26.59:168][  0]LogShaderLibrary: Display: ShaderCodeLibraryPakFileMountedCallback: pending pak file info (ChunkID:-1 Root:root:/ File:D:/Program Files/Epic Games/UE_4.27/FeaturePacks/TP_TopDownBP.upack)
[2022.03.01-08.26.59:168][  0]LogPakFile: OnPakFileMounted2Time == 0.000072
[2022.03.01-08.26.59:169][  0]LogPakFile: PakFile PrimaryIndexSize=185
[2022.03.01-08.26.59:170][  0]LogPakFile: PakFile PathHashIndexSize=101
[2022.03.01-08.26.59:170][  0]LogPakFile: PakFile FullDirectoryIndexSize=144
[2022.03.01-08.26.59:170][  0]LogShaderLibrary: Display: ShaderCodeLibraryPakFileMountedCallback: PakFile 'D:/Program Files/Epic Games/UE_4.27/FeaturePacks/TP_TwinStick.upack' (chunk index -1, root 'root:/') mounted
[2022.03.01-08.26.59:170][  0]LogShaderLibrary: Display: ShaderCodeLibraryPakFileMountedCallback: pending pak file info (ChunkID:-1 Root:root:/ File:D:/Program Files/Epic Games/UE_4.27/FeaturePacks/TP_TwinStick.upack)
[2022.03.01-08.26.59:170][  0]LogPakFile: OnPakFileMounted2Time == 0.000071
[2022.03.01-08.26.59:171][  0]LogPakFile: PakFile PrimaryIndexSize=187
[2022.03.01-08.26.59:171][  0]LogPakFile: PakFile PathHashIndexSize=101
[2022.03.01-08.26.59:171][  0]LogPakFile: PakFile FullDirectoryIndexSize=148
[2022.03.01-08.26.59:171][  0]LogShaderLibrary: Display: ShaderCodeLibraryPakFileMountedCallback: PakFile 'D:/Program Files/Epic Games/UE_4.27/FeaturePacks/TP_TwinStickBP.upack' (chunk index -1, root 'root:/') mounted
[2022.03.01-08.26.59:171][  0]LogShaderLibrary: Display: ShaderCodeLibraryPakFileMountedCallback: pending pak file info (ChunkID:-1 Root:root:/ File:D:/Program Files/Epic Games/UE_4.27/FeaturePacks/TP_TwinStickBP.upack)
[2022.03.01-08.26.59:171][  0]LogPakFile: OnPakFileMounted2Time == 0.000071
[2022.03.01-08.26.59:172][  0]LogPakFile: PakFile PrimaryIndexSize=183
[2022.03.01-08.26.59:173][  0]LogPakFile: PakFile PathHashIndexSize=101
[2022.03.01-08.26.59:173][  0]LogPakFile: PakFile FullDirectoryIndexSize=140
[2022.03.01-08.26.59:173][  0]LogShaderLibrary: Display: ShaderCodeLibraryPakFileMountedCallback: PakFile 'D:/Program Files/Epic Games/UE_4.27/FeaturePacks/TP_Vehicle.upack' (chunk index -1, root 'root:/') mounted
[2022.03.01-08.26.59:173][  0]LogShaderLibrary: Display: ShaderCodeLibraryPakFileMountedCallback: pending pak file info (ChunkID:-1 Root:root:/ File:D:/Program Files/Epic Games/UE_4.27/FeaturePacks/TP_Vehicle.upack)
[2022.03.01-08.26.59:173][  0]LogPakFile: OnPakFileMounted2Time == 0.000081
[2022.03.01-08.26.59:174][  0]LogPakFile: PakFile PrimaryIndexSize=186
[2022.03.01-08.26.59:174][  0]LogPakFile: PakFile PathHashIndexSize=101
[2022.03.01-08.26.59:174][  0]LogPakFile: PakFile FullDirectoryIndexSize=146
[2022.03.01-08.26.59:174][  0]LogShaderLibrary: Display: ShaderCodeLibraryPakFileMountedCallback: PakFile 'D:/Program Files/Epic Games/UE_4.27/FeaturePacks/TP_VehicleAdv.upack' (chunk index -1, root 'root:/') mounted
[2022.03.01-08.26.59:174][  0]LogShaderLibrary: Display: ShaderCodeLibraryPakFileMountedCallback: pending pak file info (ChunkID:-1 Root:root:/ File:D:/Program Files/Epic Games/UE_4.27/FeaturePacks/TP_VehicleAdv.upack)
[2022.03.01-08.26.59:174][  0]LogPakFile: OnPakFileMounted2Time == 0.000079
[2022.03.01-08.26.59:176][  0]LogPakFile: PakFile PrimaryIndexSize=188
[2022.03.01-08.26.59:176][  0]LogPakFile: PakFile PathHashIndexSize=101
[2022.03.01-08.26.59:176][  0]LogPakFile: PakFile FullDirectoryIndexSize=150
[2022.03.01-08.26.59:176][  0]LogShaderLibrary: Display: ShaderCodeLibraryPakFileMountedCallback: PakFile 'D:/Program Files/Epic Games/UE_4.27/FeaturePacks/TP_VehicleAdvBP.upack' (chunk index -1, root 'root:/') mounted
[2022.03.01-08.26.59:176][  0]LogShaderLibrary: Display: ShaderCodeLibraryPakFileMountedCallback: pending pak file info (ChunkID:-1 Root:root:/ File:D:/Program Files/Epic Games/UE_4.27/FeaturePacks/TP_VehicleAdvBP.upack)
[2022.03.01-08.26.59:176][  0]LogPakFile: OnPakFileMounted2Time == 0.000093
[2022.03.01-08.26.59:177][  0]LogPakFile: PakFile PrimaryIndexSize=185
[2022.03.01-08.26.59:177][  0]LogPakFile: PakFile PathHashIndexSize=101
[2022.03.01-08.26.59:177][  0]LogPakFile: PakFile FullDirectoryIndexSize=144
[2022.03.01-08.26.59:177][  0]LogShaderLibrary: Display: ShaderCodeLibraryPakFileMountedCallback: PakFile 'D:/Program Files/Epic Games/UE_4.27/FeaturePacks/TP_VehicleBP.upack' (chunk index -1, root 'root:/') mounted
[2022.03.01-08.26.59:177][  0]LogShaderLibrary: Display: ShaderCodeLibraryPakFileMountedCallback: pending pak file info (ChunkID:-1 Root:root:/ File:D:/Program Files/Epic Games/UE_4.27/FeaturePacks/TP_VehicleBP.upack)
[2022.03.01-08.26.59:177][  0]LogPakFile: OnPakFileMounted2Time == 0.000079
[2022.03.01-08.26.59:179][  0]LogPakFile: PakFile PrimaryIndexSize=192
[2022.03.01-08.26.59:179][  0]LogPakFile: PakFile PathHashIndexSize=101
[2022.03.01-08.26.59:179][  0]LogPakFile: PakFile FullDirectoryIndexSize=158
[2022.03.01-08.26.59:179][  0]LogShaderLibrary: Display: ShaderCodeLibraryPakFileMountedCallback: PakFile 'D:/Program Files/Epic Games/UE_4.27/FeaturePacks/TP_VirtualRealityBP.upack' (chunk index -1, root 'root:/') mounted
[2022.03.01-08.26.59:179][  0]LogShaderLibrary: Display: ShaderCodeLibraryPakFileMountedCallback: pending pak file info (ChunkID:-1 Root:root:/ File:D:/Program Files/Epic Games/UE_4.27/FeaturePacks/TP_VirtualRealityBP.upack)
[2022.03.01-08.26.59:179][  0]LogPakFile: OnPakFileMounted2Time == 0.000085
[2022.03.01-08.26.59:303][  0]LogNativeClassHierarchy: Verbose: Native class hierarchy updated for 'AddContentDialog' in 0.0003 seconds. Added 0 classes and 0 folders.
[2022.03.01-08.26.59:348][  0]LogSlate: Took 0.000329 seconds to synchronously load lazily loaded font '../../../Engine/Content/Slate/Fonts/Roboto-Regular.ttf' (155K)
[2022.03.01-08.26.59:350][  0]LogSlate: Took 0.000221 seconds to synchronously load lazily loaded font '../../../Engine/Content/Editor/Slate/Fonts/FontAwesome.ttf' (139K)
[2022.03.01-08.26.59:353][  0]LogSlate: Took 0.000245 seconds to synchronously load lazily loaded font '../../../Engine/Content/Slate/Fonts/Roboto-Bold.ttf' (160K)
[2022.03.01-08.26.59:540][  0]LogRenderer: Reallocating scene render targets to support 1148x572 Format 10 NumSamples 4 (Frame:1).
[2022.03.01-08.26.59:690][  0]LogNativeClassHierarchy: Verbose: Native class hierarchy updated for 'HierarchicalLODOutliner' in 0.0004 seconds. Added 0 classes and 0 folders.
[2022.03.01-08.26.59:690][  0]LogLoad: (Engine Initialization) Total time: 19.26 seconds
[2022.03.01-08.26.59:690][  0]LogLoad: (Engine Initialization) Total Blueprint compile time: 0.00 seconds
[2022.03.01-08.26.59:701][  0]LogOcInput: OculusInput is initialized
[2022.03.01-08.26.59:761][  0]LogContentStreaming: Texture pool size now 1000 MB
[2022.03.01-08.26.59:799][  1]LogFileCache: Retrieving MD5 hashes for directory 'C:/Users/qwe_o/P8ToBeAnnounced/P8_VR_Home/Content/' took 0.09s
[2022.03.01-08.26.59:831][  1]LogAssetRegistry: Asset discovery search completed in 11.4348 seconds
[2022.03.01-08.26.59:844][  1]LogCollectionManager: Fixed up redirectors for 0 collections in 0.000007 seconds (updated 0 objects)
[2022.03.01-08.26.59:865][  1]LogResonanceAudio: Display: Resonance Audio Listener is initialized
[2022.03.01-08.26.59:942][  3]LogSlate: Took 0.000238 seconds to synchronously load lazily loaded font '../../../Engine/Content/Slate/Fonts/Roboto-Light.ttf' (167K)
[2022.03.01-08.27.05:611][660]LogTcpMessaging: Started Connection to '127.0.0.1:6666'
[2022.03.01-08.27.08:269][971]LogSlate: Took 0.000416 seconds to synchronously load lazily loaded font '../../../Engine/Content/Slate/Fonts/Roboto-Italic.ttf' (157K)
[2022.03.01-08.29.37:183][ 38]LogTemp: Repeating last play command: VR Preview
[2022.03.01-08.29.37:473][ 38]LogPlayLevel: PlayLevel: No blueprints needed recompiling
[2022.03.01-08.29.37:493][ 38]PIE: New page: PIE session: VRTemplateMap (1. mar. 2022 10.29.37)
[2022.03.01-08.29.37:505][ 38]LogOnline: OSS: Creating online subsystem instance for: NULL
[2022.03.01-08.29.37:517][ 38]LogOnline: OSS: TryLoadSubsystemAndSetDefault: Loaded subsystem for module [NULL]
[2022.03.01-08.29.37:527][ 38]LogPlayLevel: Creating play world package: /Game/VRTemplate/Maps/UEDPIE_0_VRTemplateMap
[2022.03.01-08.29.37:973][ 38]LogPlayLevel: PIE: StaticDuplicateObject took: (0.445805s)
[2022.03.01-08.29.37:975][ 38]LogAIModule: Creating AISystem for world VRTemplateMap
[2022.03.01-08.29.37:977][ 38]LogPlayLevel: PIE: World Init took: (0.003707s)
[2022.03.01-08.29.37:978][ 38]LogPlayLevel: PIE: Created PIE world by copying editor world from /Game/VRTemplate/Maps/VRTemplateMap.VRTemplateMap to /Game/VRTemplate/Maps/UEDPIE_0_VRTemplateMap.VRTemplateMap (0.450572s)
[2022.03.01-08.29.37:995][ 38]LogUObjectHash: Compacting FUObjectHashTables data took   2.28ms
[2022.03.01-08.29.37:998][ 38]LogAudio: Display: Creating Audio Device:                 Id: 2, Scope: Unique, Realtime: True
[2022.03.01-08.29.37:998][ 38]LogAudioMixer: Display: Audio Mixer Platform Settings:
[2022.03.01-08.29.37:998][ 38]LogAudioMixer: Display: 	Sample Rate:						  48000
[2022.03.01-08.29.37:998][ 38]LogAudioMixer: Display: 	Callback Buffer Frame Size Requested: 1024
[2022.03.01-08.29.37:998][ 38]LogAudioMixer: Display: 	Callback Buffer Frame Size To Use:	  1024
[2022.03.01-08.29.37:999][ 38]LogAudioMixer: Display: 	Number of buffers to queue:			  1
[2022.03.01-08.29.37:999][ 38]LogAudioMixer: Display: 	Max Channels (voices):				  0
[2022.03.01-08.29.37:999][ 38]LogAudioMixer: Display: 	Number of Async Source Workers:		  4
[2022.03.01-08.29.37:999][ 38]LogAudio: Display: AudioDevice MaxSources: 32
[2022.03.01-08.29.37:999][ 38]LogAudio: Display: Audio Spatialization Plugin: Resonance Audio is external send: 1
[2022.03.01-08.29.37:999][ 38]LogAudio: Display: Audio Reverb Plugin: Resonance Audio
[2022.03.01-08.29.37:999][ 38]LogAudio: Display: Audio Occlusion Plugin: None (built-in).
[2022.03.01-08.29.37:999][ 38]LogAudioMixer: Display: Initializing audio mixer.
[2022.03.01-08.29.38:007][ 38]LogAudioMixer: Display: 0: FrontLeft
[2022.03.01-08.29.38:007][ 38]LogAudioMixer: Display: 1: FrontRight
[2022.03.01-08.29.38:012][ 38]LogAudioMixer: Display: 0: FrontLeft
[2022.03.01-08.29.38:012][ 38]LogAudioMixer: Display: 1: FrontRight
[2022.03.01-08.29.38:065][ 38]LogAudioMixer: Display: Using Audio Device Speakers (Realtek High Definition Audio)
[2022.03.01-08.29.38:065][ 38]LogAudioMixer: Display: Initializing Sound Submixes...
[2022.03.01-08.29.38:065][ 38]LogAudioMixer: Display: Creating Master Submix 'MasterSubmixDefault'
[2022.03.01-08.29.38:065][ 38]LogAudioMixer: Display: Creating Master Submix 'MasterReverbSubmixDefault'
[2022.03.01-08.29.38:066][ 38]LogAudioMixer: Display: Creating Master Submix 'MasterEQSubmixDefault'
[2022.03.01-08.29.38:066][ 38]LogAudioMixer: FMixerPlatformXAudio2::StartAudioStream() called
[2022.03.01-08.29.38:066][ 38]LogAudioMixer: Display: Output buffers initialized: Frames=1024, Channels=2, Samples=2048
[2022.03.01-08.29.38:068][ 38]LogAudioMixer: Display: Starting AudioMixerPlatformInterface::RunInternal()
[2022.03.01-08.29.38:068][ 38]LogAudioMixer: Display: FMixerPlatformXAudio2::SubmitBuffer() called for the first time
[2022.03.01-08.29.38:068][ 38]LogInit: FAudioDevice initialized.
[2022.03.01-08.29.38:068][ 38]LogAudio: Display: Audio Device (ID: 2) registered with world 'VRTemplateMap'.
[2022.03.01-08.29.38:117][ 38]LogSlate: Updating window title bar state: overlay mode, drag disabled, window buttons hidden, title bar hidden
[2022.03.01-08.29.38:162][ 38]LogHMD: Allocating Oculus 3648 x 1840 rendertarget swapchain
[2022.03.01-08.29.38:226][ 38]LogLoad: Game class is 'VRGameMode_C'
[2022.03.01-08.29.38:294][ 38]LogWorld: Bringing World /Game/VRTemplate/Maps/UEDPIE_0_VRTemplateMap.VRTemplateMap up for play (max tick rate 0) at 2022.03.01-09.29.38
[2022.03.01-08.29.38:296][ 38]LogWorld: Bringing up level for play took: 0.051772
[2022.03.01-08.29.38:297][ 38]LogOnline: OSS: Creating online subsystem instance for: :Context_2
[2022.03.01-08.29.38:316][ 38]LogSpawn: Warning: SpawnActor failed because no class was specified
[2022.03.01-08.29.38:348][ 38]LogNativeClassHierarchy: Verbose: Native class hierarchy updated for 'MovieSceneCapture' in 0.0005 seconds. Added 20 classes and 0 folders.
[2022.03.01-08.29.38:374][ 38]LogSlate: New Slate User Created.  User Index 8, Is Virtual User: 1
[2022.03.01-08.29.38:375][ 38]LogSlate: Slate User Registered.  User Index 8, Is Virtual User: 1
[2022.03.01-08.29.38:404][ 38]PIE: Server logged in
[2022.03.01-08.29.38:405][ 38]PIE: Play in editor total start time 0,943 seconds.
[2022.03.01-08.29.38:408][ 38]LogEngine: Changing dynamic resolution state.
[2022.03.01-08.29.38:420][ 38]LogBlueprintUserMessages: [DoorInverse_5] Not Valid
[2022.03.01-08.29.38:506][ 38]LogResonanceAudio: Display: Resonance Audio Listener is initialized
[2022.03.01-08.29.38:545][ 38]LogRenderer: Warning: Resizing VR buffer to 3648 by 1840
[2022.03.01-08.29.38:545][ 38]LogRenderer: Reallocating scene render targets to support 3648x1840 Format 10 NumSamples 4 (Frame:1).
[2022.03.01-08.29.38:545][ 38]LogHMD: Allocating Oculus 3648 x 1840 depth rendertarget swapchain
[2022.03.01-08.29.38:600][ 39]LogBlueprintUserMessages: [DoorInverse_5] Not Valid
[2022.03.01-08.29.38:605][ 40]LogProfilingDebugging: Allocated a 1024 x 1024 texture for HMD canvas layer
[2022.03.01-08.29.38:617][ 40]LogBlueprintUserMessages: [DoorInverse_5] Not Valid
[2022.03.01-08.29.38:645][ 41]LogBlueprintUserMessages: [DoorInverse_5] Not Valid
[2022.03.01-08.29.38:672][ 42]LogBlueprintUserMessages: [DoorInverse_5] Not Valid
[2022.03.01-08.29.38:686][ 43]LogBlueprintUserMessages: [DoorInverse_5] Not Valid
[2022.03.01-08.29.38:701][ 44]LogBlueprintUserMessages: [DoorInverse_5] Not Valid
[2022.03.01-08.29.38:715][ 45]LogBlueprintUserMessages: [DoorInverse_5] Not Valid
[2022.03.01-08.29.38:728][ 46]LogBlueprintUserMessages: [DoorInverse_5] Not Valid
[2022.03.01-08.29.38:742][ 47]LogBlueprintUserMessages: [DoorInverse_5] Not Valid
[2022.03.01-08.29.38:757][ 48]LogBlueprintUserMessages: [DoorInverse_5] Not Valid
[2022.03.01-08.29.38:770][ 49]LogBlueprintUserMessages: [DoorInverse_5] Not Valid
[2022.03.01-08.29.38:783][ 50]LogBlueprintUserMessages: [DoorInverse_5] Not Valid
[2022.03.01-08.29.38:798][ 51]LogBlueprintUserMessages: [DoorInverse_5] Not Valid
[2022.03.01-08.29.38:813][ 52]LogBlueprintUserMessages: [DoorInverse_5] Not Valid
[2022.03.01-08.29.38:826][ 53]LogBlueprintUserMessages: [DoorInverse_5] Not Valid
[2022.03.01-08.29.38:839][ 54]LogBlueprintUserMessages: [DoorInverse_5] Not Valid
[2022.03.01-08.29.38:854][ 55]LogBlueprintUserMessages: [DoorInverse_5] Not Valid
[2022.03.01-08.29.38:880][ 56]LogBlueprintUserMessages: [DoorInverse_5] Not Valid
[2022.03.01-08.29.38:894][ 57]LogBlueprintUserMessages: [DoorInverse_5] Not Valid
[2022.03.01-08.29.38:908][ 58]LogBlueprintUserMessages: [DoorInverse_5] Not Valid
[2022.03.01-08.29.38:979][ 59]LogBlueprintUserMessages: [DoorInverse_5] Not Valid
[2022.03.01-08.29.38:992][ 60]LogBlueprintUserMessages: [DoorInverse_5] Not Valid
[2022.03.01-08.29.39:006][ 61]LogBlueprintUserMessages: [DoorInverse_5] Not Valid
[2022.03.01-08.29.39:020][ 62]LogBlueprintUserMessages: [DoorInverse_5] Not Valid
[2022.03.01-08.29.39:034][ 63]LogBlueprintUserMessages: [DoorInverse_5] Not Valid
[2022.03.01-08.29.39:048][ 64]LogBlueprintUserMessages: [DoorInverse_5] Not Valid
[2022.03.01-08.29.39:062][ 65]LogBlueprintUserMessages: [DoorInverse_5] Not Valid
[2022.03.01-08.29.39:076][ 66]LogBlueprintUserMessages: [DoorInverse_5] Not Valid
[2022.03.01-08.29.39:090][ 67]LogBlueprintUserMessages: [DoorInverse_5] Not Valid
[2022.03.01-08.29.39:104][ 68]LogBlueprintUserMessages: [DoorInverse_5] Not Valid
[2022.03.01-08.29.39:118][ 69]LogBlueprintUserMessages: [DoorInverse_5] Not Valid
[2022.03.01-08.29.39:132][ 70]LogBlueprintUserMessages: [DoorInverse_5] Not Valid
[2022.03.01-08.29.39:146][ 71]LogBlueprintUserMessages: [DoorInverse_5] Not Valid
[2022.03.01-08.29.39:159][ 72]LogBlueprintUserMessages: [DoorInverse_5] Not Valid
[2022.03.01-08.29.39:173][ 73]LogBlueprintUserMessages: [DoorInverse_5] Not Valid
[2022.03.01-08.29.39:187][ 74]LogBlueprintUserMessages: [DoorInverse_5] Not Valid
[2022.03.01-08.29.39:201][ 75]LogBlueprintUserMessages: [DoorInverse_5] Not Valid
[2022.03.01-08.29.39:215][ 76]LogBlueprintUserMessages: [DoorInverse_5] Not Valid
[2022.03.01-08.29.39:228][ 77]LogBlueprintUserMessages: [DoorInverse_5] Not Valid
[2022.03.01-08.29.39:242][ 78]LogBlueprintUserMessages: [DoorInverse_5] Not Valid
[2022.03.01-08.29.39:256][ 79]LogBlueprintUserMessages: [DoorInverse_5] Not Valid
[2022.03.01-08.29.39:270][ 80]LogBlueprintUserMessages: [DoorInverse_5] Not Valid
[2022.03.01-08.29.39:284][ 81]LogBlueprintUserMessages: [DoorInverse_5] Not Valid
[2022.03.01-08.29.39:298][ 82]LogBlueprintUserMessages: [DoorInverse_5] Not Valid
[2022.03.01-08.29.39:312][ 83]LogBlueprintUserMessages: [DoorInverse_5] Not Valid
[2022.03.01-08.29.39:326][ 84]LogBlueprintUserMessages: [DoorInverse_5] Not Valid
[2022.03.01-08.29.39:340][ 85]LogBlueprintUserMessages: [DoorInverse_5] Not Valid
[2022.03.01-08.29.39:354][ 86]LogBlueprintUserMessages: [DoorInverse_5] Not Valid
[2022.03.01-08.29.39:368][ 87]LogBlueprintUserMessages: [DoorInverse_5] Not Valid
[2022.03.01-08.29.39:381][ 88]LogBlueprintUserMessages: [DoorInverse_5] Not Valid
[2022.03.01-08.29.39:395][ 89]LogBlueprintUserMessages: [DoorInverse_5] Not Valid
[2022.03.01-08.29.39:409][ 90]LogBlueprintUserMessages: [DoorInverse_5] Not Valid
[2022.03.01-08.29.39:423][ 91]LogBlueprintUserMessages: [DoorInverse_5] Not Valid
[2022.03.01-08.29.39:437][ 92]LogBlueprintUserMessages: [DoorInverse_5] Not Valid
[2022.03.01-08.29.39:451][ 93]LogBlueprintUserMessages: [DoorInverse_5] Not Valid
[2022.03.01-08.29.39:465][ 94]LogBlueprintUserMessages: [DoorInverse_5] Not Valid
[2022.03.01-08.29.39:479][ 95]LogBlueprintUserMessages: [DoorInverse_5] Not Valid
[2022.03.01-08.29.39:493][ 96]LogBlueprintUserMessages: [DoorInverse_5] Not Valid
[2022.03.01-08.29.39:507][ 97]LogBlueprintUserMessages: [DoorInverse_5] Not Valid
[2022.03.01-08.29.39:521][ 98]LogBlueprintUserMessages: [DoorInverse_5] Not Valid
[2022.03.01-08.29.39:535][ 99]LogBlueprintUserMessages: [DoorInverse_5] Not Valid
[2022.03.01-08.29.39:549][100]LogBlueprintUserMessages: [DoorInverse_5] Not Valid
[2022.03.01-08.29.39:563][101]LogBlueprintUserMessages: [DoorInverse_5] Not Valid
[2022.03.01-08.29.39:577][102]LogBlueprintUserMessages: [DoorInverse_5] Not Valid
[2022.03.01-08.29.39:591][103]LogBlueprintUserMessages: [DoorInverse_5] Not Valid
[2022.03.01-08.29.39:605][104]LogBlueprintUserMessages: [DoorInverse_5] Not Valid
[2022.03.01-08.29.39:619][105]LogBlueprintUserMessages: [DoorInverse_5] Not Valid
[2022.03.01-08.29.39:633][106]LogBlueprintUserMessages: [DoorInverse_5] Not Valid
[2022.03.01-08.29.39:647][107]LogBlueprintUserMessages: [DoorInverse_5] Not Valid
[2022.03.01-08.29.39:661][108]LogBlueprintUserMessages: [DoorInverse_5] Not Valid
[2022.03.01-08.29.39:675][109]LogBlueprintUserMessages: [DoorInverse_5] Not Valid
[2022.03.01-08.29.39:689][110]LogBlueprintUserMessages: [DoorInverse_5] Not Valid
[2022.03.01-08.29.39:703][111]LogBlueprintUserMessages: [DoorInverse_5] Not Valid
[2022.03.01-08.29.39:717][112]LogBlueprintUserMessages: [DoorInverse_5] Not Valid
[2022.03.01-08.29.39:731][113]LogBlueprintUserMessages: [DoorInverse_5] Not Valid
[2022.03.01-08.29.39:745][114]LogBlueprintUserMessages: [DoorInverse_5] Not Valid
[2022.03.01-08.29.39:772][115]LogBlueprintUserMessages: [DoorInverse_5] Not Valid
[2022.03.01-08.29.39:786][116]LogBlueprintUserMessages: [DoorInverse_5] Not Valid
[2022.03.01-08.29.39:816][117]LogBlueprintUserMessages: [DoorInverse_5] Not Valid
[2022.03.01-08.29.39:843][118]LogBlueprintUserMessages: [DoorInverse_5] Not Valid
[2022.03.01-08.29.39:869][119]LogBlueprintUserMessages: [DoorInverse_5] Not Valid
[2022.03.01-08.29.39:895][120]LogBlueprintUserMessages: [DoorInverse_5] Not Valid
[2022.03.01-08.29.39:922][121]LogBlueprintUserMessages: [DoorInverse_5] Not Valid
[2022.03.01-08.29.39:949][122]LogBlueprintUserMessages: [DoorInverse_5] Not Valid
[2022.03.01-08.29.39:976][123]LogBlueprintUserMessages: [DoorInverse_5] Not Valid
[2022.03.01-08.29.40:003][124]LogBlueprintUserMessages: [DoorInverse_5] Not Valid
[2022.03.01-08.29.40:031][125]LogBlueprintUserMessages: [DoorInverse_5] Not Valid
[2022.03.01-08.29.40:059][126]LogBlueprintUserMessages: [DoorInverse_5] Not Valid
[2022.03.01-08.29.40:086][127]LogBlueprintUserMessages: [DoorInverse_5] Not Valid
[2022.03.01-08.29.40:113][128]LogBlueprintUserMessages: [DoorInverse_5] Not Valid
[2022.03.01-08.29.40:140][129]LogBlueprintUserMessages: [DoorInverse_5] Not Valid
[2022.03.01-08.29.40:169][130]LogBlueprintUserMessages: [DoorInverse_5] Not Valid
[2022.03.01-08.29.40:199][131]LogBlueprintUserMessages: [DoorInverse_5] Not Valid
[2022.03.01-08.29.40:226][132]LogBlueprintUserMessages: [DoorInverse_5] Not Valid
[2022.03.01-08.29.40:252][133]LogBlueprintUserMessages: [DoorInverse_5] Not Valid
[2022.03.01-08.29.40:279][134]LogBlueprintUserMessages: [DoorInverse_5] Not Valid
[2022.03.01-08.29.40:306][135]LogBlueprintUserMessages: [DoorInverse_5] Not Valid
[2022.03.01-08.29.40:333][136]LogBlueprintUserMessages: [DoorInverse_5] Not Valid
[2022.03.01-08.29.40:361][137]LogBlueprintUserMessages: [DoorInverse_5] Not Valid
[2022.03.01-08.29.40:388][138]LogBlueprintUserMessages: [DoorInverse_5] Not Valid
[2022.03.01-08.29.40:417][139]LogBlueprintUserMessages: [DoorInverse_5] Not Valid
[2022.03.01-08.29.40:445][140]LogBlueprintUserMessages: [DoorInverse_5] Not Valid
[2022.03.01-08.29.40:472][141]LogBlueprintUserMessages: [DoorInverse_5] Not Valid
[2022.03.01-08.29.40:501][142]LogBlueprintUserMessages: [DoorInverse_5] Not Valid
[2022.03.01-08.29.40:529][143]LogBlueprintUserMessages: [DoorInverse_5] Not Valid
[2022.03.01-08.29.40:556][144]LogBlueprintUserMessages: [DoorInverse_5] Not Valid
[2022.03.01-08.29.40:582][145]LogBlueprintUserMessages: [DoorInverse_5] Not Valid
[2022.03.01-08.29.40:610][146]LogBlueprintUserMessages: [DoorInverse_5] Not Valid
[2022.03.01-08.29.40:637][147]LogBlueprintUserMessages: [DoorInverse_5] Not Valid
[2022.03.01-08.29.40:665][148]LogBlueprintUserMessages: [DoorInverse_5] Not Valid
[2022.03.01-08.29.40:693][149]LogBlueprintUserMessages: [DoorInverse_5] Not Valid
[2022.03.01-08.29.40:720][150]LogBlueprintUserMessages: [DoorInverse_5] Not Valid
[2022.03.01-08.29.40:749][151]LogBlueprintUserMessages: [DoorInverse_5] Not Valid
[2022.03.01-08.29.40:776][152]LogBlueprintUserMessages: [DoorInverse_5] Not Valid
[2022.03.01-08.29.40:804][153]LogBlueprintUserMessages: [DoorInverse_5] Not Valid
[2022.03.01-08.29.40:831][154]LogBlueprintUserMessages: [DoorInverse_5] Not Valid
[2022.03.01-08.29.40:857][155]LogBlueprintUserMessages: [DoorInverse_5] Not Valid
[2022.03.01-08.29.40:883][156]LogBlueprintUserMessages: [DoorInverse_5] Not Valid
[2022.03.01-08.29.40:910][157]LogBlueprintUserMessages: [DoorInverse_5] Not Valid
[2022.03.01-08.29.40:938][158]LogBlueprintUserMessages: [DoorInverse_5] Not Valid
[2022.03.01-08.29.40:966][159]LogBlueprintUserMessages: [DoorInverse_5] Not Valid
[2022.03.01-08.29.40:995][160]LogBlueprintUserMessages: [DoorInverse_5] Not Valid
[2022.03.01-08.29.41:024][161]LogBlueprintUserMessages: [DoorInverse_5] Not Valid
[2022.03.01-08.29.41:052][162]LogBlueprintUserMessages: [DoorInverse_5] Not Valid
[2022.03.01-08.29.41:080][163]LogBlueprintUserMessages: [DoorInverse_5] Not Valid
[2022.03.01-08.29.41:107][164]LogBlueprintUserMessages: [DoorInverse_5] Not Valid
[2022.03.01-08.29.41:135][165]LogBlueprintUserMessages: [DoorInverse_5] Not Valid
[2022.03.01-08.29.41:165][166]LogBlueprintUserMessages: [DoorInverse_5] Not Valid
[2022.03.01-08.29.41:193][167]LogBlueprintUserMessages: [DoorInverse_5] Not Valid
[2022.03.01-08.29.41:222][168]LogBlueprintUserMessages: [DoorInverse_5] Not Valid
[2022.03.01-08.29.41:250][169]LogBlueprintUserMessages: [DoorInverse_5] Not Valid
[2022.03.01-08.29.41:277][170]LogBlueprintUserMessages: [DoorInverse_5] Not Valid
[2022.03.01-08.29.41:305][171]LogBlueprintUserMessages: [DoorInverse_5] Not Valid
[2022.03.01-08.29.41:333][172]LogBlueprintUserMessages: [DoorInverse_5] Not Valid
[2022.03.01-08.29.41:360][173]LogBlueprintUserMessages: [DoorInverse_5] Not Valid
[2022.03.01-08.29.41:388][174]LogBlueprintUserMessages: [DoorInverse_5] Not Valid
[2022.03.01-08.29.41:417][175]LogBlueprintUserMessages: [DoorInverse_5] Not Valid
[2022.03.01-08.29.41:445][176]LogBlueprintUserMessages: [DoorInverse_5] Not Valid
[2022.03.01-08.29.41:473][177]LogBlueprintUserMessages: [DoorInverse_5] Not Valid
[2022.03.01-08.29.41:502][178]LogBlueprintUserMessages: [DoorInverse_5] Not Valid
[2022.03.01-08.29.41:529][179]LogBlueprintUserMessages: [DoorInverse_5] Not Valid
[2022.03.01-08.29.41:558][180]LogBlueprintUserMessages: [DoorInverse_5] Not Valid
[2022.03.01-08.29.41:586][181]LogBlueprintUserMessages: [DoorInverse_5] Not Valid
[2022.03.01-08.29.41:612][182]LogBlueprintUserMessages: [DoorInverse_5] Not Valid
[2022.03.01-08.29.41:640][183]LogBlueprintUserMessages: [DoorInverse_5] Not Valid
[2022.03.01-08.29.41:668][184]LogBlueprintUserMessages: [DoorInverse_5] Not Valid
[2022.03.01-08.29.41:697][185]LogBlueprintUserMessages: [DoorInverse_5] Not Valid
[2022.03.01-08.29.41:725][186]LogBlueprintUserMessages: [DoorInverse_5] Not Valid
[2022.03.01-08.29.41:739][187]LogBlueprintUserMessages: [DoorInverse_5] Not Valid
[2022.03.01-08.29.41:753][188]LogBlueprintUserMessages: [DoorInverse_5] Not Valid
[2022.03.01-08.29.41:768][189]LogBlueprintUserMessages: [DoorInverse_5] Not Valid
[2022.03.01-08.29.41:782][190]LogBlueprintUserMessages: [DoorInverse_5] Not Valid
[2022.03.01-08.29.41:797][191]LogBlueprintUserMessages: [DoorInverse_5] Not Valid
[2022.03.01-08.29.41:811][192]LogBlueprintUserMessages: [DoorInverse_5] Not Valid
[2022.03.01-08.29.41:825][193]LogBlueprintUserMessages: [DoorInverse_5] Not Valid
[2022.03.01-08.29.41:839][194]LogBlueprintUserMessages: [DoorInverse_5] Not Valid
[2022.03.01-08.29.41:853][195]LogBlueprintUserMessages: [DoorInverse_5] Not Valid
[2022.03.01-08.29.41:868][196]LogBlueprintUserMessages: [DoorInverse_5] Not Valid
[2022.03.01-08.29.41:882][197]LogBlueprintUserMessages: [DoorInverse_5] Not Valid
[2022.03.01-08.29.41:896][198]LogBlueprintUserMessages: [DoorInverse_5] Not Valid
[2022.03.01-08.29.41:910][199]LogBlueprintUserMessages: [DoorInverse_5] Not Valid
[2022.03.01-08.29.41:924][200]LogBlueprintUserMessages: [DoorInverse_5] Not Valid
[2022.03.01-08.29.41:938][201]LogBlueprintUserMessages: [DoorInverse_5] Not Valid
[2022.03.01-08.29.41:952][202]LogBlueprintUserMessages: [DoorInverse_5] Not Valid
[2022.03.01-08.29.41:966][203]LogBlueprintUserMessages: [DoorInverse_5] Not Valid
[2022.03.01-08.29.41:980][204]LogBlueprintUserMessages: [DoorInverse_5] Not Valid
[2022.03.01-08.29.41:995][205]LogBlueprintUserMessages: [DoorInverse_5] Not Valid
[2022.03.01-08.29.42:009][206]LogBlueprintUserMessages: [DoorInverse_5] Not Valid
[2022.03.01-08.29.42:023][207]LogBlueprintUserMessages: [DoorInverse_5] Not Valid
[2022.03.01-08.29.42:037][208]LogBlueprintUserMessages: [DoorInverse_5] Not Valid
[2022.03.01-08.29.42:051][209]LogBlueprintUserMessages: [DoorInverse_5] Not Valid
[2022.03.01-08.29.42:065][210]LogBlueprintUserMessages: [DoorInverse_5] Not Valid
[2022.03.01-08.29.42:079][211]LogBlueprintUserMessages: [DoorInverse_5] Not Valid
[2022.03.01-08.29.42:092][212]LogBlueprintUserMessages: [DoorInverse_5] Not Valid
[2022.03.01-08.29.42:106][213]LogBlueprintUserMessages: [DoorInverse_5] Not Valid
[2022.03.01-08.29.42:121][214]LogBlueprintUserMessages: [DoorInverse_5] Not Valid
[2022.03.01-08.29.42:134][215]LogBlueprintUserMessages: [DoorInverse_5] Not Valid
[2022.03.01-08.29.42:148][216]LogBlueprintUserMessages: [DoorInverse_5] Not Valid
[2022.03.01-08.29.42:162][217]LogBlueprintUserMessages: [DoorInverse_5] Not Valid
[2022.03.01-08.29.42:176][218]LogBlueprintUserMessages: [DoorInverse_5] Not Valid
[2022.03.01-08.29.42:190][219]LogBlueprintUserMessages: [DoorInverse_5] Not Valid
[2022.03.01-08.29.42:204][220]LogBlueprintUserMessages: [DoorInverse_5] Not Valid
[2022.03.01-08.29.42:218][221]LogBlueprintUserMessages: [DoorInverse_5] Not Valid
[2022.03.01-08.29.42:232][222]LogBlueprintUserMessages: [DoorInverse_5] Not Valid
[2022.03.01-08.29.42:247][223]LogBlueprintUserMessages: [DoorInverse_5] Not Valid
[2022.03.01-08.29.42:261][224]LogBlueprintUserMessages: [DoorInverse_5] Not Valid
[2022.03.01-08.29.42:275][225]LogBlueprintUserMessages: [DoorInverse_5] Not Valid
[2022.03.01-08.29.42:289][226]LogBlueprintUserMessages: [DoorInverse_5] Not Valid
[2022.03.01-08.29.42:303][227]LogBlueprintUserMessages: [DoorInverse_5] Not Valid
[2022.03.01-08.29.42:317][228]LogBlueprintUserMessages: [DoorInverse_5] Not Valid
[2022.03.01-08.29.42:331][229]LogBlueprintUserMessages: [DoorInverse_5] Not Valid
[2022.03.01-08.29.42:345][230]LogBlueprintUserMessages: [DoorInverse_5] Not Valid
[2022.03.01-08.29.42:359][231]LogBlueprintUserMessages: [DoorInverse_5] Not Valid
[2022.03.01-08.29.42:372][232]LogBlueprintUserMessages: [DoorInverse_5] Not Valid
[2022.03.01-08.29.42:387][233]LogBlueprintUserMessages: [DoorInverse_5] Not Valid
[2022.03.01-08.29.42:400][234]LogBlueprintUserMessages: [DoorInverse_5] Not Valid
[2022.03.01-08.29.42:414][235]LogBlueprintUserMessages: [DoorInverse_5] Not Valid
[2022.03.01-08.29.42:429][236]LogBlueprintUserMessages: [DoorInverse_5] Not Valid
[2022.03.01-08.29.42:444][237]LogBlueprintUserMessages: [DoorInverse_5] Not Valid
[2022.03.01-08.29.42:459][238]LogBlueprintUserMessages: [DoorInverse_5] Not Valid
[2022.03.01-08.29.42:473][239]LogBlueprintUserMessages: [DoorInverse_5] Not Valid
[2022.03.01-08.29.42:487][240]LogBlueprintUserMessages: [DoorInverse_5] Not Valid
[2022.03.01-08.29.42:502][241]LogBlueprintUserMessages: [DoorInverse_5] Not Valid
[2022.03.01-08.29.42:517][242]LogBlueprintUserMessages: [DoorInverse_5] Not Valid
[2022.03.01-08.29.42:532][243]LogBlueprintUserMessages: [DoorInverse_5] Not Valid
[2022.03.01-08.29.42:546][244]LogBlueprintUserMessages: [DoorInverse_5] Not Valid
[2022.03.01-08.29.42:561][245]LogBlueprintUserMessages: [DoorInverse_5] Not Valid
[2022.03.01-08.29.42:574][246]LogBlueprintUserMessages: [DoorInverse_5] Not Valid
[2022.03.01-08.29.42:588][247]LogBlueprintUserMessages: [DoorInverse_5] Not Valid
[2022.03.01-08.29.42:603][248]LogBlueprintUserMessages: [DoorInverse_5] Not Valid
[2022.03.01-08.29.42:618][249]LogBlueprintUserMessages: [DoorInverse_5] Not Valid
[2022.03.01-08.29.42:632][250]LogBlueprintUserMessages: [DoorInverse_5] Not Valid
[2022.03.01-08.29.42:646][251]LogBlueprintUserMessages: [DoorInverse_5] Not Valid
[2022.03.01-08.29.42:660][252]LogBlueprintUserMessages: [DoorInverse_5] Not Valid
[2022.03.01-08.29.42:674][253]LogBlueprintUserMessages: [DoorInverse_5] Not Valid
[2022.03.01-08.29.42:688][254]LogBlueprintUserMessages: [DoorInverse_5] Not Valid
[2022.03.01-08.29.42:701][255]LogBlueprintUserMessages: [DoorInverse_5] Not Valid
[2022.03.01-08.29.42:715][256]LogBlueprintUserMessages: [DoorInverse_5] Not Valid
[2022.03.01-08.29.42:728][257]LogBlueprintUserMessages: [DoorInverse_5] Not Valid
[2022.03.01-08.29.42:742][258]LogBlueprintUserMessages: [DoorInverse_5] Not Valid
[2022.03.01-08.29.42:755][259]LogBlueprintUserMessages: [DoorInverse_5] Not Valid
[2022.03.01-08.29.42:768][260]LogBlueprintUserMessages: [DoorInverse_5] Not Valid
[2022.03.01-08.29.42:784][261]LogBlueprintUserMessages: [DoorInverse_5] Not Valid
[2022.03.01-08.29.42:799][262]LogBlueprintUserMessages: [DoorInverse_5] Not Valid
[2022.03.01-08.29.42:813][263]LogBlueprintUserMessages: [DoorInverse_5] Not Valid
[2022.03.01-08.29.42:829][264]LogBlueprintUserMessages: [DoorInverse_5] Not Valid
[2022.03.01-08.29.42:844][265]LogBlueprintUserMessages: [DoorInverse_5] Not Valid
[2022.03.01-08.29.42:869][266]LogBlueprintUserMessages: [DoorInverse_5] Not Valid
[2022.03.01-08.29.42:897][267]LogBlueprintUserMessages: [DoorInverse_5] Not Valid
[2022.03.01-08.29.42:923][268]LogBlueprintUserMessages: [DoorInverse_5] Not Valid
[2022.03.01-08.29.42:947][269]LogBlueprintUserMessages: [DoorInverse_5] Not Valid
[2022.03.01-08.29.42:974][270]LogBlueprintUserMessages: [DoorInverse_5] Not Valid
[2022.03.01-08.29.42:999][271]LogBlueprintUserMessages: [DoorInverse_5] Not Valid
[2022.03.01-08.29.43:027][272]LogBlueprintUserMessages: [DoorInverse_5] Not Valid
[2022.03.01-08.29.43:055][273]LogBlueprintUserMessages: [DoorInverse_5] Not Valid
[2022.03.01-08.29.43:084][274]LogBlueprintUserMessages: [DoorInverse_5] Not Valid
[2022.03.01-08.29.43:113][275]LogBlueprintUserMessages: [DoorInverse_5] Not Valid
[2022.03.01-08.29.43:141][276]LogBlueprintUserMessages: [DoorInverse_5] Not Valid
[2022.03.01-08.29.43:170][277]LogBlueprintUserMessages: [DoorInverse_5] Not Valid
[2022.03.01-08.29.43:197][278]LogBlueprintUserMessages: [DoorInverse_5] Not Valid
[2022.03.01-08.29.43:224][279]LogBlueprintUserMessages: [DoorInverse_5] Not Valid
[2022.03.01-08.29.43:252][280]LogBlueprintUserMessages: [DoorInverse_5] Not Valid
[2022.03.01-08.29.43:281][281]LogBlueprintUserMessages: [DoorInverse_5] Not Valid
[2022.03.01-08.29.43:309][282]LogBlueprintUserMessages: [DoorInverse_5] Not Valid
[2022.03.01-08.29.43:337][283]LogBlueprintUserMessages: [DoorInverse_5] Not Valid
[2022.03.01-08.29.43:366][284]LogBlueprintUserMessages: [DoorInverse_5] Not Valid
[2022.03.01-08.29.43:394][285]LogBlueprintUserMessages: [DoorInverse_5] Not Valid
[2022.03.01-08.29.43:422][286]LogBlueprintUserMessages: [DoorInverse_5] Not Valid
[2022.03.01-08.29.43:450][287]LogBlueprintUserMessages: [DoorInverse_5] Not Valid
[2022.03.01-08.29.43:479][288]LogBlueprintUserMessages: [DoorInverse_5] Not Valid
[2022.03.01-08.29.43:506][289]LogBlueprintUserMessages: [DoorInverse_5] Not Valid
[2022.03.01-08.29.43:535][290]LogBlueprintUserMessages: [DoorInverse_5] Not Valid
[2022.03.01-08.29.43:563][291]LogBlueprintUserMessages: [DoorInverse_5] Not Valid
[2022.03.01-08.29.43:590][292]LogBlueprintUserMessages: [DoorInverse_5] Not Valid
[2022.03.01-08.29.43:617][293]LogBlueprintUserMessages: [DoorInverse_5] Not Valid
[2022.03.01-08.29.43:644][294]LogBlueprintUserMessages: [DoorInverse_5] Not Valid
[2022.03.01-08.29.43:673][295]LogBlueprintUserMessages: [DoorInverse_5] Not Valid
[2022.03.01-08.29.43:702][296]LogBlueprintUserMessages: [DoorInverse_5] Not Valid
[2022.03.01-08.29.43:730][297]LogBlueprintUserMessages: [DoorInverse_5] Not Valid
[2022.03.01-08.29.43:758][298]LogBlueprintUserMessages: [DoorInverse_5] Not Valid
[2022.03.01-08.29.43:786][299]LogBlueprintUserMessages: [DoorInverse_5] Not Valid
[2022.03.01-08.29.43:813][300]LogBlueprintUserMessages: [DoorInverse_5] Not Valid
[2022.03.01-08.29.43:840][301]LogBlueprintUserMessages: [DoorInverse_5] Not Valid
[2022.03.01-08.29.43:868][302]LogBlueprintUserMessages: [DoorInverse_5] Not Valid
[2022.03.01-08.29.43:896][303]LogBlueprintUserMessages: [DoorInverse_5] Not Valid
[2022.03.01-08.29.43:924][304]LogBlueprintUserMessages: [DoorInverse_5] Not Valid
[2022.03.01-08.29.43:952][305]LogBlueprintUserMessages: [DoorInverse_5] Not Valid
[2022.03.01-08.29.43:981][306]LogBlueprintUserMessages: [DoorInverse_5] Not Valid
[2022.03.01-08.29.44:009][307]LogBlueprintUserMessages: [DoorInverse_5] Not Valid
[2022.03.01-08.29.44:037][308]LogBlueprintUserMessages: [DoorInverse_5] Not Valid
[2022.03.01-08.29.44:065][309]LogBlueprintUserMessages: [DoorInverse_5] Not Valid
[2022.03.01-08.29.44:092][310]LogBlueprintUserMessages: [DoorInverse_5] Not Valid
[2022.03.01-08.29.44:120][311]LogBlueprintUserMessages: [DoorInverse_5] Not Valid
[2022.03.01-08.29.44:149][312]LogBlueprintUserMessages: [DoorInverse_5] Not Valid
[2022.03.01-08.29.44:176][313]LogBlueprintUserMessages: [DoorInverse_5] Not Valid
[2022.03.01-08.29.44:204][314]LogBlueprintUserMessages: [DoorInverse_5] Not Valid
[2022.03.01-08.29.44:231][315]LogBlueprintUserMessages: [DoorInverse_5] Not Valid
[2022.03.01-08.29.44:259][316]LogBlueprintUserMessages: [DoorInverse_5] Not Valid
[2022.03.01-08.29.44:287][317]LogBlueprintUserMessages: [DoorInverse_5] Not Valid
[2022.03.01-08.29.44:301][318]LogBlueprintUserMessages: [DoorInverse_5] Not Valid
[2022.03.01-08.29.44:315][319]LogBlueprintUserMessages: [DoorInverse_5] Not Valid
[2022.03.01-08.29.44:330][320]LogBlueprintUserMessages: [DoorInverse_5] Not Valid
[2022.03.01-08.29.44:344][321]LogBlueprintUserMessages: [DoorInverse_5] Not Valid
[2022.03.01-08.29.44:359][322]LogBlueprintUserMessages: [DoorInverse_5] Not Valid
[2022.03.01-08.29.44:373][323]LogBlueprintUserMessages: [DoorInverse_5] Not Valid
[2022.03.01-08.29.44:387][324]LogBlueprintUserMessages: [DoorInverse_5] Not Valid
[2022.03.01-08.29.44:402][325]LogBlueprintUserMessages: [DoorInverse_5] Not Valid
[2022.03.01-08.29.44:416][326]LogBlueprintUserMessages: [DoorInverse_5] Not Valid
[2022.03.01-08.29.44:431][327]LogBlueprintUserMessages: [DoorInverse_5] Not Valid
[2022.03.01-08.29.44:445][328]LogBlueprintUserMessages: [DoorInverse_5] Not Valid
[2022.03.01-08.29.44:459][329]LogBlueprintUserMessages: [DoorInverse_5] Not Valid
[2022.03.01-08.29.44:473][330]LogBlueprintUserMessages: [DoorInverse_5] Not Valid
[2022.03.01-08.29.44:487][331]LogBlueprintUserMessages: [DoorInverse_5] Not Valid
[2022.03.01-08.29.44:501][332]LogBlueprintUserMessages: [DoorInverse_5] Not Valid
[2022.03.01-08.29.44:515][333]LogBlueprintUserMessages: [DoorInverse_5] Not Valid
[2022.03.01-08.29.44:530][334]LogBlueprintUserMessages: [DoorInverse_5] Not Valid
[2022.03.01-08.29.44:543][335]LogBlueprintUserMessages: [DoorInverse_5] Not Valid
[2022.03.01-08.29.44:557][336]LogBlueprintUserMessages: [DoorInverse_5] Not Valid
[2022.03.01-08.29.44:571][337]LogBlueprintUserMessages: [DoorInverse_5] Not Valid
[2022.03.01-08.29.44:585][338]LogBlueprintUserMessages: [DoorInverse_5] Not Valid
[2022.03.01-08.29.44:599][339]LogBlueprintUserMessages: [DoorInverse_5] Not Valid
[2022.03.01-08.29.44:613][340]LogBlueprintUserMessages: [DoorInverse_5] Not Valid
[2022.03.01-08.29.44:626][341]LogBlueprintUserMessages: [DoorInverse_5] Not Valid
[2022.03.01-08.29.44:640][342]LogBlueprintUserMessages: [DoorInverse_5] Not Valid
[2022.03.01-08.29.44:654][343]LogBlueprintUserMessages: [DoorInverse_5] Not Valid
[2022.03.01-08.29.44:668][344]LogBlueprintUserMessages: [DoorInverse_5] Not Valid
[2022.03.01-08.29.44:682][345]LogBlueprintUserMessages: [DoorInverse_5] Not Valid
[2022.03.01-08.29.44:696][346]LogBlueprintUserMessages: [DoorInverse_5] Not Valid
[2022.03.01-08.29.44:710][347]LogBlueprintUserMessages: [DoorInverse_5] Not Valid
[2022.03.01-08.29.44:724][348]LogBlueprintUserMessages: [DoorInverse_5] Not Valid
[2022.03.01-08.29.44:738][349]LogBlueprintUserMessages: [DoorInverse_5] Not Valid
[2022.03.01-08.29.44:752][350]LogBlueprintUserMessages: [DoorInverse_5] Not Valid
[2022.03.01-08.29.44:766][351]LogBlueprintUserMessages: [DoorInverse_5] Not Valid
[2022.03.01-08.29.44:780][352]LogBlueprintUserMessages: [DoorInverse_5] Not Valid
[2022.03.01-08.29.44:794][353]LogBlueprintUserMessages: [DoorInverse_5] Not Valid
[2022.03.01-08.29.44:807][354]LogBlueprintUserMessages: [DoorInverse_5] Not Valid
[2022.03.01-08.29.44:821][355]LogBlueprintUserMessages: [DoorInverse_5] Not Valid
[2022.03.01-08.29.44:835][356]LogBlueprintUserMessages: [DoorInverse_5] Not Valid
[2022.03.01-08.29.44:849][357]LogBlueprintUserMessages: [DoorInverse_5] Not Valid
[2022.03.01-08.29.44:863][358]LogBlueprintUserMessages: [DoorInverse_5] Not Valid
[2022.03.01-08.29.44:877][359]LogBlueprintUserMessages: [DoorInverse_5] Not Valid
[2022.03.01-08.29.44:891][360]LogBlueprintUserMessages: [DoorInverse_5] Not Valid
[2022.03.01-08.29.44:906][361]LogBlueprintUserMessages: [DoorInverse_5] Not Valid
[2022.03.01-08.29.44:920][362]LogBlueprintUserMessages: [DoorInverse_5] Not Valid
[2022.03.01-08.29.44:933][363]LogBlueprintUserMessages: [DoorInverse_5] Not Valid
[2022.03.01-08.29.44:947][364]LogBlueprintUserMessages: [DoorInverse_5] Not Valid
[2022.03.01-08.29.44:960][365]LogBlueprintUserMessages: [DoorInverse_5] Not Valid
[2022.03.01-08.29.44:974][366]LogBlueprintUserMessages: [DoorInverse_5] Not Valid
[2022.03.01-08.29.44:987][367]LogBlueprintUserMessages: [DoorInverse_5] Not Valid
[2022.03.01-08.29.45:001][368]LogBlueprintUserMessages: [DoorInverse_5] Not Valid
[2022.03.01-08.29.45:014][369]LogBlueprintUserMessages: [DoorInverse_5] Not Valid
[2022.03.01-08.29.45:028][370]LogBlueprintUserMessages: [DoorInverse_5] Not Valid
[2022.03.01-08.29.45:042][371]LogBlueprintUserMessages: [DoorInverse_5] Not Valid
[2022.03.01-08.29.45:056][372]LogBlueprintUserMessages: [DoorInverse_5] Not Valid
[2022.03.01-08.29.45:070][373]LogBlueprintUserMessages: [DoorInverse_5] Not Valid
[2022.03.01-08.29.45:083][374]LogBlueprintUserMessages: [DoorInverse_5] Not Valid
[2022.03.01-08.29.45:097][375]LogBlueprintUserMessages: [DoorInverse_5] Not Valid
[2022.03.01-08.29.45:111][376]LogBlueprintUserMessages: [DoorInverse_5] Not Valid
[2022.03.01-08.29.45:126][377]LogBlueprintUserMessages: [DoorInverse_5] Not Valid
[2022.03.01-08.29.45:139][378]LogBlueprintUserMessages: [DoorInverse_5] Not Valid
[2022.03.01-08.29.45:153][379]LogBlueprintUserMessages: [DoorInverse_5] Not Valid
[2022.03.01-08.29.45:167][380]LogBlueprintUserMessages: [DoorInverse_5] Not Valid
[2022.03.01-08.29.45:181][381]LogBlueprintUserMessages: [DoorInverse_5] Not Valid
[2022.03.01-08.29.45:195][382]LogBlueprintUserMessages: [DoorInverse_5] Not Valid
[2022.03.01-08.29.45:209][383]LogBlueprintUserMessages: [DoorInverse_5] Not Valid
[2022.03.01-08.29.45:223][384]LogBlueprintUserMessages: [DoorInverse_5] Not Valid
[2022.03.01-08.29.45:237][385]LogBlueprintUserMessages: [DoorInverse_5] Not Valid
[2022.03.01-08.29.45:251][386]LogBlueprintUserMessages: [DoorInverse_5] Not Valid
[2022.03.01-08.29.45:265][387]LogBlueprintUserMessages: [DoorInverse_5] Not Valid
[2022.03.01-08.29.45:279][388]LogBlueprintUserMessages: [DoorInverse_5] Not Valid
[2022.03.01-08.29.45:293][389]LogBlueprintUserMessages: [DoorInverse_5] Not Valid
[2022.03.01-08.29.45:307][390]LogBlueprintUserMessages: [DoorInverse_5] Not Valid
[2022.03.01-08.29.45:321][391]LogBlueprintUserMessages: [DoorInverse_5] Not Valid
[2022.03.01-08.29.45:336][392]LogBlueprintUserMessages: [DoorInverse_5] Not Valid
[2022.03.01-08.29.45:349][393]LogBlueprintUserMessages: [DoorInverse_5] Not Valid
[2022.03.01-08.29.45:363][394]LogBlueprintUserMessages: [DoorInverse_5] Not Valid
[2022.03.01-08.29.45:377][395]LogBlueprintUserMessages: [DoorInverse_5] Not Valid
[2022.03.01-08.29.45:391][396]LogBlueprintUserMessages: [DoorInverse_5] Not Valid
[2022.03.01-08.29.45:405][397]LogBlueprintUserMessages: [DoorInverse_5] Not Valid
[2022.03.01-08.29.45:419][398]LogBlueprintUserMessages: [DoorInverse_5] Not Valid
[2022.03.01-08.29.45:434][399]LogBlueprintUserMessages: [DoorInverse_5] Not Valid
[2022.03.01-08.29.45:447][400]LogBlueprintUserMessages: [DoorInverse_5] Not Valid
[2022.03.01-08.29.45:461][401]LogBlueprintUserMessages: [DoorInverse_5] Not Valid
[2022.03.01-08.29.45:475][402]LogBlueprintUserMessages: [DoorInverse_5] Not Valid
[2022.03.01-08.29.45:489][403]LogBlueprintUserMessages: [DoorInverse_5] Not Valid
[2022.03.01-08.29.45:503][404]LogBlueprintUserMessages: [DoorInverse_5] Not Valid
[2022.03.01-08.29.45:516][405]LogBlueprintUserMessages: [DoorInverse_5] Not Valid
[2022.03.01-08.29.45:530][406]LogBlueprintUserMessages: [DoorInverse_5] Not Valid
[2022.03.01-08.29.45:544][407]LogBlueprintUserMessages: [DoorInverse_5] Not Valid
[2022.03.01-08.29.45:558][408]LogBlueprintUserMessages: [DoorInverse_5] Not Valid
[2022.03.01-08.29.45:572][409]LogBlueprintUserMessages: [DoorInverse_5] Not Valid
[2022.03.01-08.29.45:586][410]LogBlueprintUserMessages: [DoorInverse_5] Not Valid
[2022.03.01-08.29.45:600][411]LogBlueprintUserMessages: [DoorInverse_5] Not Valid
[2022.03.01-08.29.45:614][412]LogBlueprintUserMessages: [DoorInverse_5] Not Valid
[2022.03.01-08.29.45:628][413]LogBlueprintUserMessages: [DoorInverse_5] Not Valid
[2022.03.01-08.29.45:642][414]LogBlueprintUserMessages: [DoorInverse_5] Not Valid
[2022.03.01-08.29.45:656][415]LogBlueprintUserMessages: [DoorInverse_5] Not Valid
[2022.03.01-08.29.45:670][416]LogBlueprintUserMessages: [DoorInverse_5] Not Valid
[2022.03.01-08.29.45:684][417]LogBlueprintUserMessages: [DoorInverse_5] Not Valid
[2022.03.01-08.29.45:697][418]LogBlueprintUserMessages: [DoorInverse_5] Not Valid
[2022.03.01-08.29.45:711][419]LogBlueprintUserMessages: [DoorInverse_5] Not Valid
[2022.03.01-08.29.45:726][420]LogBlueprintUserMessages: [DoorInverse_5] Not Valid
[2022.03.01-08.29.45:739][421]LogBlueprintUserMessages: [DoorInverse_5] Not Valid
[2022.03.01-08.29.45:753][422]LogBlueprintUserMessages: [DoorInverse_5] Not Valid
[2022.03.01-08.29.45:767][423]LogBlueprintUserMessages: [DoorInverse_5] Not Valid
[2022.03.01-08.29.45:781][424]LogBlueprintUserMessages: [DoorInverse_5] Not Valid
[2022.03.01-08.29.45:795][425]LogBlueprintUserMessages: [DoorInverse_5] Not Valid
[2022.03.01-08.29.45:809][426]LogBlueprintUserMessages: [DoorInverse_5] Not Valid
[2022.03.01-08.29.45:822][427]LogBlueprintUserMessages: [DoorInverse_5] Not Valid
[2022.03.01-08.29.45:836][428]LogBlueprintUserMessages: [DoorInverse_5] Not Valid
[2022.03.01-08.29.45:850][429]LogBlueprintUserMessages: [DoorInverse_5] Not Valid
[2022.03.01-08.29.45:863][430]LogBlueprintUserMessages: [DoorInverse_5] Not Valid
[2022.03.01-08.29.45:877][431]LogBlueprintUserMessages: [DoorInverse_5] Not Valid
[2022.03.01-08.29.45:891][432]LogBlueprintUserMessages: [DoorInverse_5] Not Valid
[2022.03.01-08.29.45:904][433]LogBlueprintUserMessages: [DoorInverse_5] Not Valid
[2022.03.01-08.29.45:919][434]LogBlueprintUserMessages: [DoorInverse_5] Not Valid
[2022.03.01-08.29.45:933][435]LogBlueprintUserMessages: [DoorInverse_5] Not Valid
[2022.03.01-08.29.45:947][436]LogBlueprintUserMessages: [DoorInverse_5] Not Valid
[2022.03.01-08.29.45:960][437]LogBlueprintUserMessages: [DoorInverse_5] Not Valid
[2022.03.01-08.29.45:973][438]LogBlueprintUserMessages: [DoorInverse_5] Not Valid
[2022.03.01-08.29.45:987][439]LogBlueprintUserMessages: [DoorInverse_5] Not Valid
[2022.03.01-08.29.46:001][440]LogBlueprintUserMessages: [DoorInverse_5] Not Valid
[2022.03.01-08.29.46:016][441]LogBlueprintUserMessages: [DoorInverse_5] Not Valid
[2022.03.01-08.29.46:029][442]LogBlueprintUserMessages: [DoorInverse_5] Not Valid
[2022.03.01-08.29.46:043][443]LogBlueprintUserMessages: [DoorInverse_5] Not Valid
[2022.03.01-08.29.46:057][444]LogBlueprintUserMessages: [DoorInverse_5] Not Valid
[2022.03.01-08.29.46:071][445]LogBlueprintUserMessages: [DoorInverse_5] Not Valid
[2022.03.01-08.29.46:085][446]LogBlueprintUserMessages: [DoorInverse_5] Not Valid
[2022.03.01-08.29.46:099][447]LogBlueprintUserMessages: [DoorInverse_5] Not Valid
[2022.03.01-08.29.46:113][448]LogBlueprintUserMessages: [DoorInverse_5] Not Valid
[2022.03.01-08.29.46:127][449]LogBlueprintUserMessages: [DoorInverse_5] Not Valid
[2022.03.01-08.29.46:141][450]LogBlueprintUserMessages: [DoorInverse_5] Not Valid
[2022.03.01-08.29.46:155][451]LogBlueprintUserMessages: [DoorInverse_5] Not Valid
[2022.03.01-08.29.46:168][452]LogBlueprintUserMessages: [DoorInverse_5] Not Valid
[2022.03.01-08.29.46:182][453]LogBlueprintUserMessages: [DoorInverse_5] Not Valid
[2022.03.01-08.29.46:196][454]LogBlueprintUserMessages: [DoorInverse_5] Not Valid
[2022.03.01-08.29.46:210][455]LogBlueprintUserMessages: [DoorInverse_5] Not Valid
[2022.03.01-08.29.46:224][456]LogBlueprintUserMessages: [DoorInverse_5] Not Valid
[2022.03.01-08.29.46:238][457]LogBlueprintUserMessages: [DoorInverse_5] Not Valid
[2022.03.01-08.29.46:252][458]LogBlueprintUserMessages: [DoorInverse_5] Not Valid
[2022.03.01-08.29.46:265][459]LogBlueprintUserMessages: [DoorInverse_5] Not Valid
[2022.03.01-08.29.46:279][460]LogBlueprintUserMessages: [DoorInverse_5] Not Valid
[2022.03.01-08.29.46:293][461]LogBlueprintUserMessages: [DoorInverse_5] Not Valid
[2022.03.01-08.29.46:307][462]LogBlueprintUserMessages: [DoorInverse_5] Not Valid
[2022.03.01-08.29.46:321][463]LogBlueprintUserMessages: [DoorInverse_5] Not Valid
[2022.03.01-08.29.46:334][464]LogBlueprintUserMessages: [DoorInverse_5] Not Valid
[2022.03.01-08.29.46:348][465]LogBlueprintUserMessages: [DoorInverse_5] Not Valid
[2022.03.01-08.29.46:362][466]LogBlueprintUserMessages: [DoorInverse_5] Not Valid
[2022.03.01-08.29.46:376][467]LogBlueprintUserMessages: [DoorInverse_5] Not Valid
[2022.03.01-08.29.46:390][468]LogBlueprintUserMessages: [DoorInverse_5] Not Valid
[2022.03.01-08.29.46:404][469]LogBlueprintUserMessages: [DoorInverse_5] Not Valid
[2022.03.01-08.29.46:418][470]LogBlueprintUserMessages: [DoorInverse_5] Not Valid
[2022.03.01-08.29.46:432][471]LogBlueprintUserMessages: [DoorInverse_5] Not Valid
[2022.03.01-08.29.46:446][472]LogBlueprintUserMessages: [DoorInverse_5] Not Valid
[2022.03.01-08.29.46:460][473]LogBlueprintUserMessages: [DoorInverse_5] Not Valid
[2022.03.01-08.29.46:474][474]LogBlueprintUserMessages: [DoorInverse_5] Not Valid
[2022.03.01-08.29.46:488][475]LogBlueprintUserMessages: [DoorInverse_5] Not Valid
[2022.03.01-08.29.46:503][476]LogBlueprintUserMessages: [DoorInverse_5] Not Valid
[2022.03.01-08.29.46:531][477]LogBlueprintUserMessages: [DoorInverse_5] Not Valid
[2022.03.01-08.29.46:545][478]LogBlueprintUserMessages: [DoorInverse_5] Not Valid
[2022.03.01-08.29.46:559][479]LogBlueprintUserMessages: [DoorInverse_5] Not Valid
[2022.03.01-08.29.46:574][480]LogBlueprintUserMessages: [DoorInverse_5] Not Valid
[2022.03.01-08.29.46:601][481]LogBlueprintUserMessages: [DoorInverse_5] Not Valid
[2022.03.01-08.29.46:630][482]LogBlueprintUserMessages: [DoorInverse_5] Not Valid
[2022.03.01-08.29.46:661][483]LogBlueprintUserMessages: [DoorInverse_5] Not Valid
[2022.03.01-08.29.46:693][484]LogBlueprintUserMessages: [DoorInverse_5] Not Valid
[2022.03.01-08.29.46:725][485]LogBlueprintUserMessages: [DoorInverse_5] Not Valid
[2022.03.01-08.29.46:756][486]LogBlueprintUserMessages: [DoorInverse_5] Not Valid
[2022.03.01-08.29.46:785][487]LogBlueprintUserMessages: [DoorInverse_5] Not Valid
[2022.03.01-08.29.46:815][488]LogBlueprintUserMessages: [DoorInverse_5] Not Valid
[2022.03.01-08.29.46:844][489]LogBlueprintUserMessages: [DoorInverse_5] Not Valid
[2022.03.01-08.29.46:872][490]LogBlueprintUserMessages: [DoorInverse_5] Not Valid
[2022.03.01-08.29.46:900][491]LogBlueprintUserMessages: [DoorInverse_5] Not Valid
[2022.03.01-08.29.46:927][492]LogBlueprintUserMessages: [DoorInverse_5] Not Valid
[2022.03.01-08.29.46:955][493]LogBlueprintUserMessages: [DoorInverse_5] Not Valid
[2022.03.01-08.29.46:983][494]LogBlueprintUserMessages: [DoorInverse_5] Not Valid
[2022.03.01-08.29.47:011][495]LogBlueprintUserMessages: [DoorInverse_5] Not Valid
[2022.03.01-08.29.47:039][496]LogBlueprintUserMessages: [DoorInverse_5] Not Valid
[2022.03.01-08.29.47:067][497]LogBlueprintUserMessages: [DoorInverse_5] Not Valid
[2022.03.01-08.29.47:095][498]LogBlueprintUserMessages: [DoorInverse_5] Not Valid
[2022.03.01-08.29.47:122][499]LogBlueprintUserMessages: [DoorInverse_5] Not Valid
[2022.03.01-08.29.47:148][500]LogBlueprintUserMessages: [DoorInverse_5] Not Valid
[2022.03.01-08.29.47:176][501]LogBlueprintUserMessages: [DoorInverse_5] Not Valid
[2022.03.01-08.29.47:204][502]LogBlueprintUserMessages: [DoorInverse_5] Not Valid
[2022.03.01-08.29.47:233][503]LogBlueprintUserMessages: [DoorInverse_5] Not Valid
[2022.03.01-08.29.47:261][504]LogBlueprintUserMessages: [DoorInverse_5] Not Valid
[2022.03.01-08.29.47:288][505]LogBlueprintUserMessages: [DoorInverse_5] Not Valid
[2022.03.01-08.29.47:317][506]LogBlueprintUserMessages: [DoorInverse_5] Not Valid
[2022.03.01-08.29.47:345][507]LogBlueprintUserMessages: [DoorInverse_5] Not Valid
[2022.03.01-08.29.47:372][508]LogBlueprintUserMessages: [DoorInverse_5] Not Valid
[2022.03.01-08.29.47:400][509]LogBlueprintUserMessages: [DoorInverse_5] Not Valid
[2022.03.01-08.29.47:428][510]LogBlueprintUserMessages: [DoorInverse_5] Not Valid
[2022.03.01-08.29.47:457][511]LogBlueprintUserMessages: [DoorInverse_5] Not Valid
[2022.03.01-08.29.47:485][512]LogBlueprintUserMessages: [DoorInverse_5] Not Valid
[2022.03.01-08.29.47:513][513]LogBlueprintUserMessages: [DoorInverse_5] Not Valid
[2022.03.01-08.29.47:541][514]LogBlueprintUserMessages: [DoorInverse_5] Not Valid
[2022.03.01-08.29.47:569][515]LogBlueprintUserMessages: [DoorInverse_5] Not Valid
[2022.03.01-08.29.47:597][516]LogBlueprintUserMessages: [DoorInverse_5] Not Valid
[2022.03.01-08.29.47:625][517]LogBlueprintUserMessages: [DoorInverse_5] Not Valid
[2022.03.01-08.29.47:653][518]LogBlueprintUserMessages: [DoorInverse_5] Not Valid
[2022.03.01-08.29.47:681][519]LogBlueprintUserMessages: [DoorInverse_5] Not Valid
[2022.03.01-08.29.47:709][520]LogBlueprintUserMessages: [DoorInverse_5] Not Valid
[2022.03.01-08.29.47:738][521]LogBlueprintUserMessages: [DoorInverse_5] Not Valid
[2022.03.01-08.29.47:766][522]LogBlueprintUserMessages: [DoorInverse_5] Not Valid
[2022.03.01-08.29.47:794][523]LogBlueprintUserMessages: [DoorInverse_5] Not Valid
[2022.03.01-08.29.47:823][524]LogBlueprintUserMessages: [DoorInverse_5] Not Valid
[2022.03.01-08.29.47:851][525]LogBlueprintUserMessages: [DoorInverse_5] Not Valid
[2022.03.01-08.29.47:878][526]LogBlueprintUserMessages: [DoorInverse_5] Not Valid
[2022.03.01-08.29.47:907][527]LogBlueprintUserMessages: [DoorInverse_5] Not Valid
[2022.03.01-08.29.47:935][528]LogBlueprintUserMessages: [DoorInverse_5] Not Valid
[2022.03.01-08.29.47:963][529]LogBlueprintUserMessages: [DoorInverse_5] Not Valid
[2022.03.01-08.29.47:992][530]LogBlueprintUserMessages: [DoorInverse_5] Not Valid
[2022.03.01-08.29.48:019][531]LogBlueprintUserMessages: [DoorInverse_5] Not Valid
[2022.03.01-08.29.48:047][532]LogBlueprintUserMessages: [DoorInverse_5] Not Valid
[2022.03.01-08.29.48:075][533]LogBlueprintUserMessages: [DoorInverse_5] Not Valid
[2022.03.01-08.29.48:103][534]LogBlueprintUserMessages: [DoorInverse_5] Not Valid
[2022.03.01-08.29.48:132][535]LogBlueprintUserMessages: [DoorInverse_5] Not Valid
[2022.03.01-08.29.48:160][536]LogBlueprintUserMessages: [DoorInverse_5] Not Valid
[2022.03.01-08.29.48:188][537]LogBlueprintUserMessages: [DoorInverse_5] Not Valid
[2022.03.01-08.29.48:216][538]LogBlueprintUserMessages: [DoorInverse_5] Not Valid
[2022.03.01-08.29.48:243][539]LogBlueprintUserMessages: [DoorInverse_5] Not Valid
[2022.03.01-08.29.48:272][540]LogBlueprintUserMessages: [DoorInverse_5] Not Valid
[2022.03.01-08.29.48:300][541]LogBlueprintUserMessages: [DoorInverse_5] Not Valid
[2022.03.01-08.29.48:328][542]LogBlueprintUserMessages: [DoorInverse_5] Not Valid
[2022.03.01-08.29.48:356][543]LogBlueprintUserMessages: [DoorInverse_5] Not Valid
[2022.03.01-08.29.48:384][544]LogBlueprintUserMessages: [DoorInverse_5] Not Valid
[2022.03.01-08.29.48:412][545]LogBlueprintUserMessages: [DoorInverse_5] Not Valid
[2022.03.01-08.29.48:440][546]LogBlueprintUserMessages: [DoorInverse_5] Not Valid
[2022.03.01-08.29.48:468][547]LogBlueprintUserMessages: [DoorInverse_5] Not Valid
[2022.03.01-08.29.48:496][548]LogBlueprintUserMessages: [DoorInverse_5] Not Valid
[2022.03.01-08.29.48:523][549]LogBlueprintUserMessages: [DoorInverse_5] Not Valid
[2022.03.01-08.29.48:551][550]LogBlueprintUserMessages: [DoorInverse_5] Not Valid
[2022.03.01-08.29.48:579][551]LogBlueprintUserMessages: [DoorInverse_5] Not Valid
[2022.03.01-08.29.48:608][552]LogBlueprintUserMessages: [DoorInverse_5] Not Valid
[2022.03.01-08.29.48:635][553]LogBlueprintUserMessages: [DoorInverse_5] Not Valid
[2022.03.01-08.29.48:663][554]LogBlueprintUserMessages: [DoorInverse_5] Not Valid
[2022.03.01-08.29.48:691][555]LogBlueprintUserMessages: [DoorInverse_5] Not Valid
[2022.03.01-08.29.48:718][556]LogBlueprintUserMessages: [DoorInverse_5] Not Valid
[2022.03.01-08.29.48:732][557]LogBlueprintUserMessages: [DoorInverse_5] Not Valid
[2022.03.01-08.29.48:746][558]LogBlueprintUserMessages: [DoorInverse_5] Not Valid
[2022.03.01-08.29.48:761][559]LogBlueprintUserMessages: [DoorInverse_5] Not Valid
[2022.03.01-08.29.48:775][560]LogBlueprintUserMessages: [DoorInverse_5] Not Valid
[2022.03.01-08.29.48:790][561]LogBlueprintUserMessages: [DoorInverse_5] Not Valid
[2022.03.01-08.29.48:804][562]LogBlueprintUserMessages: [DoorInverse_5] Not Valid
[2022.03.01-08.29.48:819][563]LogBlueprintUserMessages: [DoorInverse_5] Not Valid
[2022.03.01-08.29.48:833][564]LogBlueprintUserMessages: [DoorInverse_5] Not Valid
[2022.03.01-08.29.48:847][565]LogBlueprintUserMessages: [DoorInverse_5] Not Valid
[2022.03.01-08.29.48:861][566]LogBlueprintUserMessages: [DoorInverse_5] Not Valid
[2022.03.01-08.29.48:876][567]LogBlueprintUserMessages: [DoorInverse_5] Not Valid
[2022.03.01-08.29.48:890][568]LogBlueprintUserMessages: [DoorInverse_5] Not Valid
[2022.03.01-08.29.48:904][569]LogBlueprintUserMessages: [DoorInverse_5] Not Valid
[2022.03.01-08.29.48:919][570]LogBlueprintUserMessages: [DoorInverse_5] Not Valid
[2022.03.01-08.29.48:932][571]LogBlueprintUserMessages: [DoorInverse_5] Not Valid
[2022.03.01-08.29.48:946][572]LogBlueprintUserMessages: [DoorInverse_5] Not Valid
[2022.03.01-08.29.48:960][573]LogBlueprintUserMessages: [DoorInverse_5] Not Valid
[2022.03.01-08.29.48:974][574]LogBlueprintUserMessages: [DoorInverse_5] Not Valid
[2022.03.01-08.29.48:988][575]LogBlueprintUserMessages: [DoorInverse_5] Not Valid
[2022.03.01-08.29.49:003][576]LogBlueprintUserMessages: [DoorInverse_5] Not Valid
[2022.03.01-08.29.49:017][577]LogBlueprintUserMessages: [DoorInverse_5] Not Valid
[2022.03.01-08.29.49:031][578]LogBlueprintUserMessages: [DoorInverse_5] Not Valid
[2022.03.01-08.29.49:044][579]LogBlueprintUserMessages: [DoorInverse_5] Not Valid
[2022.03.01-08.29.49:058][580]LogBlueprintUserMessages: [DoorInverse_5] Not Valid
[2022.03.01-08.29.49:072][581]LogBlueprintUserMessages: [DoorInverse_5] Not Valid
[2022.03.01-08.29.49:085][582]LogBlueprintUserMessages: [DoorInverse_5] Not Valid
[2022.03.01-08.29.49:099][583]LogBlueprintUserMessages: [DoorInverse_5] Not Valid
[2022.03.01-08.29.49:113][584]LogBlueprintUserMessages: [DoorInverse_5] Not Valid
[2022.03.01-08.29.49:127][585]LogBlueprintUserMessages: [DoorInverse_5] Not Valid
[2022.03.01-08.29.49:141][586]LogBlueprintUserMessages: [DoorInverse_5] Not Valid
[2022.03.01-08.29.49:155][587]LogBlueprintUserMessages: [DoorInverse_5] Not Valid
[2022.03.01-08.29.49:169][588]LogBlueprintUserMessages: [DoorInverse_5] Not Valid
[2022.03.01-08.29.49:182][589]LogBlueprintUserMessages: [DoorInverse_5] Not Valid
[2022.03.01-08.29.49:196][590]LogBlueprintUserMessages: [DoorInverse_5] Not Valid
[2022.03.01-08.29.49:210][591]LogBlueprintUserMessages: [DoorInverse_5] Not Valid
[2022.03.01-08.29.49:224][592]LogBlueprintUserMessages: [DoorInverse_5] Not Valid
[2022.03.01-08.29.49:237][593]LogBlueprintUserMessages: [DoorInverse_5] Not Valid
[2022.03.01-08.29.49:250][594]LogBlueprintUserMessages: [DoorInverse_5] Not Valid
[2022.03.01-08.29.49:265][595]LogBlueprintUserMessages: [DoorInverse_5] Not Valid
[2022.03.01-08.29.49:278][596]LogBlueprintUserMessages: [DoorInverse_5] Not Valid
[2022.03.01-08.29.49:292][597]LogBlueprintUserMessages: [DoorInverse_5] Not Valid
[2022.03.01-08.29.49:305][598]LogBlueprintUserMessages: [DoorInverse_5] Not Valid
[2022.03.01-08.29.49:319][599]LogBlueprintUserMessages: [DoorInverse_5] Not Valid
[2022.03.01-08.29.49:387][600]LogBlueprintUserMessages: [DoorInverse_5] Not Valid
[2022.03.01-08.29.49:403][601]LogBlueprintUserMessages: [DoorInverse_5] Not Valid
[2022.03.01-08.29.49:429][602]LogBlueprintUserMessages: [DoorInverse_5] Not Valid
[2022.03.01-08.29.49:455][603]LogBlueprintUserMessages: [DoorInverse_5] Not Valid
[2022.03.01-08.29.49:483][604]LogBlueprintUserMessages: [DoorInverse_5] Not Valid
[2022.03.01-08.29.49:510][605]LogBlueprintUserMessages: [DoorInverse_5] Not Valid
[2022.03.01-08.29.49:525][606]LogBlueprintUserMessages: [DoorInverse_5] Not Valid
[2022.03.01-08.29.49:538][607]LogBlueprintUserMessages: [DoorInverse_5] Not Valid
[2022.03.01-08.29.49:552][608]LogBlueprintUserMessages: [DoorInverse_5] Not Valid
[2022.03.01-08.29.49:564][609]LogBlueprintUserMessages: [DoorInverse_5] Not Valid
[2022.03.01-08.29.49:577][610]LogBlueprintUserMessages: [DoorInverse_5] Not Valid
[2022.03.01-08.29.49:591][611]LogBlueprintUserMessages: [DoorInverse_5] Not Valid
[2022.03.01-08.29.49:604][612]LogBlueprintUserMessages: [DoorInverse_5] Not Valid
[2022.03.01-08.29.49:618][613]LogBlueprintUserMessages: [DoorInverse_5] Not Valid
[2022.03.01-08.29.49:632][614]LogBlueprintUserMessages: [DoorInverse_5] Not Valid
[2022.03.01-08.29.49:646][615]LogBlueprintUserMessages: [DoorInverse_5] Not Valid
[2022.03.01-08.29.49:659][616]LogBlueprintUserMessages: [DoorInverse_5] Not Valid
[2022.03.01-08.29.49:673][617]LogBlueprintUserMessages: [DoorInverse_5] Not Valid
[2022.03.01-08.29.49:686][618]LogBlueprintUserMessages: [DoorInverse_5] Not Valid
[2022.03.01-08.29.49:700][619]LogBlueprintUserMessages: [DoorInverse_5] Not Valid
[2022.03.01-08.29.49:713][620]LogBlueprintUserMessages: [DoorInverse_5] Not Valid
[2022.03.01-08.29.49:727][621]LogBlueprintUserMessages: [DoorInverse_5] Not Valid
[2022.03.01-08.29.49:741][622]LogBlueprintUserMessages: [DoorInverse_5] Not Valid
[2022.03.01-08.29.49:755][623]LogBlueprintUserMessages: [DoorInverse_5] Not Valid
[2022.03.01-08.29.49:769][624]LogBlueprintUserMessages: [DoorInverse_5] Not Valid
[2022.03.01-08.29.49:783][625]LogBlueprintUserMessages: [DoorInverse_5] Not Valid
[2022.03.01-08.29.49:797][626]LogBlueprintUserMessages: [DoorInverse_5] Not Valid
[2022.03.01-08.29.49:811][627]LogBlueprintUserMessages: [DoorInverse_5] Not Valid
[2022.03.01-08.29.49:825][628]LogBlueprintUserMessages: [DoorInverse_5] Not Valid
[2022.03.01-08.29.49:838][629]LogBlueprintUserMessages: [DoorInverse_5] Not Valid
[2022.03.01-08.29.49:852][630]LogBlueprintUserMessages: [DoorInverse_5] Not Valid
[2022.03.01-08.29.49:866][631]LogBlueprintUserMessages: [DoorInverse_5] Not Valid
[2022.03.01-08.29.49:880][632]LogBlueprintUserMessages: [DoorInverse_5] Not Valid
[2022.03.01-08.29.49:894][633]LogBlueprintUserMessages: [DoorInverse_5] Not Valid
[2022.03.01-08.29.49:908][634]LogBlueprintUserMessages: [DoorInverse_5] Not Valid
[2022.03.01-08.29.49:922][635]LogBlueprintUserMessages: [DoorInverse_5] Not Valid
[2022.03.01-08.29.49:937][636]LogBlueprintUserMessages: [DoorInverse_5] Not Valid
[2022.03.01-08.29.49:951][637]LogBlueprintUserMessages: [DoorInverse_5] Not Valid
[2022.03.01-08.29.49:964][638]LogBlueprintUserMessages: [DoorInverse_5] Not Valid
[2022.03.01-08.29.49:979][639]LogBlueprintUserMessages: [DoorInverse_5] Not Valid
[2022.03.01-08.29.49:993][640]LogBlueprintUserMessages: [DoorInverse_5] Not Valid
[2022.03.01-08.29.50:007][641]LogBlueprintUserMessages: [DoorInverse_5] Not Valid
[2022.03.01-08.29.50:021][642]LogBlueprintUserMessages: [DoorInverse_5] Not Valid
[2022.03.01-08.29.50:035][643]LogBlueprintUserMessages: [DoorInverse_5] Not Valid
[2022.03.01-08.29.50:049][644]LogBlueprintUserMessages: [DoorInverse_5] Not Valid
[2022.03.01-08.29.50:063][645]LogBlueprintUserMessages: [DoorInverse_5] Not Valid
[2022.03.01-08.29.50:078][646]LogBlueprintUserMessages: [DoorInverse_5] Not Valid
[2022.03.01-08.29.50:092][647]LogBlueprintUserMessages: [DoorInverse_5] Not Valid
[2022.03.01-08.29.50:106][648]LogBlueprintUserMessages: [DoorInverse_5] Not Valid
[2022.03.01-08.29.50:119][649]LogBlueprintUserMessages: [DoorInverse_5] Not Valid
[2022.03.01-08.29.50:133][650]LogBlueprintUserMessages: [DoorInverse_5] Not Valid
[2022.03.01-08.29.50:147][651]LogBlueprintUserMessages: [DoorInverse_5] Not Valid
[2022.03.01-08.29.50:162][652]LogBlueprintUserMessages: [DoorInverse_5] Not Valid
[2022.03.01-08.29.50:176][653]LogBlueprintUserMessages: [DoorInverse_5] Not Valid
[2022.03.01-08.29.50:189][654]LogBlueprintUserMessages: [DoorInverse_5] Not Valid
[2022.03.01-08.29.50:203][655]LogBlueprintUserMessages: [DoorInverse_5] Not Valid
[2022.03.01-08.29.50:217][656]LogBlueprintUserMessages: [DoorInverse_5] Not Valid
[2022.03.01-08.29.50:232][657]LogBlueprintUserMessages: [DoorInverse_5] Not Valid
[2022.03.01-08.29.50:246][658]LogBlueprintUserMessages: [DoorInverse_5] Not Valid
[2022.03.01-08.29.50:260][659]LogBlueprintUserMessages: [DoorInverse_5] Not Valid
[2022.03.01-08.29.50:274][660]LogBlueprintUserMessages: [DoorInverse_5] Not Valid
[2022.03.01-08.29.50:288][661]LogBlueprintUserMessages: [DoorInverse_5] Not Valid
[2022.03.01-08.29.50:302][662]LogBlueprintUserMessages: [DoorInverse_5] Not Valid
[2022.03.01-08.29.50:316][663]LogBlueprintUserMessages: [DoorInverse_5] Not Valid
[2022.03.01-08.29.50:330][664]LogBlueprintUserMessages: [DoorInverse_5] Not Valid
[2022.03.01-08.29.50:344][665]LogBlueprintUserMessages: [DoorInverse_5] Not Valid
[2022.03.01-08.29.50:358][666]LogBlueprintUserMessages: [DoorInverse_5] Not Valid
[2022.03.01-08.29.50:372][667]LogBlueprintUserMessages: [DoorInverse_5] Not Valid
[2022.03.01-08.29.50:386][668]LogBlueprintUserMessages: [DoorInverse_5] Not Valid
[2022.03.01-08.29.50:400][669]LogBlueprintUserMessages: [DoorInverse_5] Not Valid
[2022.03.01-08.29.50:414][670]LogBlueprintUserMessages: [DoorInverse_5] Not Valid
[2022.03.01-08.29.50:427][671]LogBlueprintUserMessages: [DoorInverse_5] Not Valid
[2022.03.01-08.29.50:440][672]LogBlueprintUserMessages: [DoorInverse_5] Not Valid
[2022.03.01-08.29.50:454][673]LogBlueprintUserMessages: [DoorInverse_5] Not Valid
[2022.03.01-08.29.50:469][674]LogBlueprintUserMessages: [DoorInverse_5] Not Valid
[2022.03.01-08.29.50:483][675]LogBlueprintUserMessages: [DoorInverse_5] Not Valid
[2022.03.01-08.29.50:496][676]LogBlueprintUserMessages: [DoorInverse_5] Not Valid
[2022.03.01-08.29.50:510][677]LogBlueprintUserMessages: [DoorInverse_5] Not Valid
[2022.03.01-08.29.50:524][678]LogBlueprintUserMessages: [DoorInverse_5] Not Valid
[2022.03.01-08.29.50:538][679]LogBlueprintUserMessages: [DoorInverse_5] Not Valid
[2022.03.01-08.29.50:553][680]LogBlueprintUserMessages: [DoorInverse_5] Not Valid
[2022.03.01-08.29.50:566][681]LogBlueprintUserMessages: [DoorInverse_5] Not Valid
[2022.03.01-08.29.50:580][682]LogBlueprintUserMessages: [DoorInverse_5] Not Valid
[2022.03.01-08.29.50:594][683]LogBlueprintUserMessages: [DoorInverse_5] Not Valid
[2022.03.01-08.29.50:608][684]LogBlueprintUserMessages: [DoorInverse_5] Not Valid
[2022.03.01-08.29.50:622][685]LogBlueprintUserMessages: [DoorInverse_5] Not Valid
[2022.03.01-08.29.50:636][686]LogBlueprintUserMessages: [DoorInverse_5] Not Valid
[2022.03.01-08.29.50:650][687]LogBlueprintUserMessages: [DoorInverse_5] Not Valid
[2022.03.01-08.29.50:664][688]LogBlueprintUserMessages: [DoorInverse_5] Not Valid
[2022.03.01-08.29.50:678][689]LogBlueprintUserMessages: [DoorInverse_5] Not Valid
[2022.03.01-08.29.50:692][690]LogBlueprintUserMessages: [DoorInverse_5] Not Valid
[2022.03.01-08.29.50:706][691]LogBlueprintUserMessages: [DoorInverse_5] Not Valid
[2022.03.01-08.29.50:720][692]LogBlueprintUserMessages: [DoorInverse_5] Not Valid
[2022.03.01-08.29.50:734][693]LogBlueprintUserMessages: [DoorInverse_5] Not Valid
[2022.03.01-08.29.50:748][694]LogBlueprintUserMessages: [DoorInverse_5] Not Valid
[2022.03.01-08.29.50:804][695]LogBlueprintUserMessages: [DoorInverse_5] Not Valid
[2022.03.01-08.29.50:817][696]LogBlueprintUserMessages: [DoorInverse_5] Not Valid
[2022.03.01-08.29.50:831][697]LogBlueprintUserMessages: [DoorInverse_5] Not Valid
[2022.03.01-08.29.50:845][698]LogBlueprintUserMessages: [DoorInverse_5] Not Valid
[2022.03.01-08.29.50:859][699]LogBlueprintUserMessages: [DoorInverse_5] Not Valid
[2022.03.01-08.29.50:873][700]LogBlueprintUserMessages: [DoorInverse_5] Not Valid
[2022.03.01-08.29.50:886][701]LogBlueprintUserMessages: [DoorInverse_5] Not Valid
[2022.03.01-08.29.50:900][702]LogBlueprintUserMessages: [DoorInverse_5] Not Valid
[2022.03.01-08.29.50:914][703]LogBlueprintUserMessages: [DoorInverse_5] Not Valid
[2022.03.01-08.29.50:928][704]LogBlueprintUserMessages: [DoorInverse_5] Not Valid
[2022.03.01-08.29.50:942][705]LogBlueprintUserMessages: [DoorInverse_5] Not Valid
[2022.03.01-08.29.50:956][706]LogBlueprintUserMessages: [DoorInverse_5] Not Valid
[2022.03.01-08.29.50:970][707]LogBlueprintUserMessages: [DoorInverse_5] Not Valid
[2022.03.01-08.29.50:984][708]LogBlueprintUserMessages: [DoorInverse_5] Not Valid
[2022.03.01-08.29.50:998][709]LogBlueprintUserMessages: [DoorInverse_5] Not Valid
[2022.03.01-08.29.51:012][710]LogBlueprintUserMessages: [DoorInverse_5] Not Valid
[2022.03.01-08.29.51:026][711]LogBlueprintUserMessages: [DoorInverse_5] Not Valid
[2022.03.01-08.29.51:039][712]LogBlueprintUserMessages: [DoorInverse_5] Not Valid
[2022.03.01-08.29.51:053][713]LogBlueprintUserMessages: [DoorInverse_5] Not Valid
[2022.03.01-08.29.51:067][714]LogBlueprintUserMessages: [DoorInverse_5] Not Valid
[2022.03.01-08.29.51:081][715]LogBlueprintUserMessages: [DoorInverse_5] Not Valid
[2022.03.01-08.29.51:095][716]LogBlueprintUserMessages: [DoorInverse_5] Not Valid
[2022.03.01-08.29.51:109][717]LogBlueprintUserMessages: [DoorInverse_5] Not Valid
[2022.03.01-08.29.51:136][718]LogBlueprintUserMessages: [DoorInverse_5] Not Valid
[2022.03.01-08.29.51:149][719]LogBlueprintUserMessages: [DoorInverse_5] Not Valid
[2022.03.01-08.29.51:163][720]LogBlueprintUserMessages: [DoorInverse_5] Not Valid
[2022.03.01-08.29.51:178][721]LogBlueprintUserMessages: [DoorInverse_5] Not Valid
[2022.03.01-08.29.51:191][722]LogBlueprintUserMessages: [DoorInverse_5] Not Valid
[2022.03.01-08.29.51:205][723]LogBlueprintUserMessages: [DoorInverse_5] Not Valid
[2022.03.01-08.29.51:219][724]LogBlueprintUserMessages: [DoorInverse_5] Not Valid
[2022.03.01-08.29.51:234][725]LogBlueprintUserMessages: [DoorInverse_5] Not Valid
[2022.03.01-08.29.51:247][726]LogBlueprintUserMessages: [DoorInverse_5] Not Valid
[2022.03.01-08.29.51:261][727]LogBlueprintUserMessages: [DoorInverse_5] Not Valid
[2022.03.01-08.29.51:274][728]LogBlueprintUserMessages: [DoorInverse_5] Not Valid
[2022.03.01-08.29.51:288][729]LogBlueprintUserMessages: [DoorInverse_5] Not Valid
[2022.03.01-08.29.51:301][730]LogBlueprintUserMessages: [DoorInverse_5] Not Valid
[2022.03.01-08.29.51:315][731]LogBlueprintUserMessages: [DoorInverse_5] Not Valid
[2022.03.01-08.29.51:327][732]LogBlueprintUserMessages: [DoorInverse_5] Not Valid
[2022.03.01-08.29.51:340][733]LogBlueprintUserMessages: [DoorInverse_5] Not Valid
[2022.03.01-08.29.51:354][734]LogBlueprintUserMessages: [DoorInverse_5] Not Valid
[2022.03.01-08.29.51:368][735]LogBlueprintUserMessages: [DoorInverse_5] Not Valid
[2022.03.01-08.29.51:383][736]LogBlueprintUserMessages: [DoorInverse_5] Not Valid
[2022.03.01-08.29.51:397][737]LogBlueprintUserMessages: [DoorInverse_5] Not Valid
[2022.03.01-08.29.51:412][738]LogBlueprintUserMessages: [DoorInverse_5] Not Valid
[2022.03.01-08.29.51:426][739]LogBlueprintUserMessages: [DoorInverse_5] Not Valid
[2022.03.01-08.29.51:440][740]LogBlueprintUserMessages: [DoorInverse_5] Not Valid
[2022.03.01-08.29.51:454][741]LogBlueprintUserMessages: [DoorInverse_5] Not Valid
[2022.03.01-08.29.51:469][742]LogBlueprintUserMessages: [DoorInverse_5] Not Valid
[2022.03.01-08.29.51:483][743]LogBlueprintUserMessages: [DoorInverse_5] Not Valid
[2022.03.01-08.29.51:497][744]LogBlueprintUserMessages: [DoorInverse_5] Not Valid
[2022.03.01-08.29.51:511][745]LogBlueprintUserMessages: [DoorInverse_5] Not Valid
[2022.03.01-08.29.51:525][746]LogBlueprintUserMessages: [DoorInverse_5] Not Valid
[2022.03.01-08.29.51:539][747]LogBlueprintUserMessages: [DoorInverse_5] Not Valid
[2022.03.01-08.29.51:553][748]LogBlueprintUserMessages: [DoorInverse_5] Not Valid
[2022.03.01-08.29.51:567][749]LogBlueprintUserMessages: [DoorInverse_5] Not Valid
[2022.03.01-08.29.51:581][750]LogBlueprintUserMessages: [DoorInverse_5] Not Valid
[2022.03.01-08.29.51:595][751]LogBlueprintUserMessages: [DoorInverse_5] Not Valid
[2022.03.01-08.29.51:609][752]LogBlueprintUserMessages: [DoorInverse_5] Not Valid
[2022.03.01-08.29.51:623][753]LogBlueprintUserMessages: [DoorInverse_5] Not Valid
[2022.03.01-08.29.51:637][754]LogBlueprintUserMessages: [DoorInverse_5] Not Valid
[2022.03.01-08.29.51:651][755]LogBlueprintUserMessages: [DoorInverse_5] Not Valid
[2022.03.01-08.29.51:665][756]LogBlueprintUserMessages: [DoorInverse_5] Not Valid
[2022.03.01-08.29.51:679][757]LogBlueprintUserMessages: [DoorInverse_5] Not Valid
[2022.03.01-08.29.51:693][758]LogBlueprintUserMessages: [DoorInverse_5] Not Valid
[2022.03.01-08.29.51:706][759]LogBlueprintUserMessages: [DoorInverse_5] Not Valid
[2022.03.01-08.29.51:720][760]LogBlueprintUserMessages: [DoorInverse_5] Not Valid
[2022.03.01-08.29.51:735][761]LogBlueprintUserMessages: [DoorInverse_5] Not Valid
[2022.03.01-08.29.51:749][762]LogBlueprintUserMessages: [DoorInverse_5] Not Valid
[2022.03.01-08.29.51:761][763]LogBlueprintUserMessages: [DoorInverse_5] Not Valid
[2022.03.01-08.29.51:775][764]LogBlueprintUserMessages: [DoorInverse_5] Not Valid
[2022.03.01-08.29.51:789][765]LogBlueprintUserMessages: [DoorInverse_5] Not Valid
[2022.03.01-08.29.51:804][766]LogBlueprintUserMessages: [DoorInverse_5] Not Valid
[2022.03.01-08.29.51:818][767]LogBlueprintUserMessages: [DoorInverse_5] Not Valid
[2022.03.01-08.29.51:832][768]LogBlueprintUserMessages: [DoorInverse_5] Not Valid
[2022.03.01-08.29.51:846][769]LogBlueprintUserMessages: [DoorInverse_5] Not Valid
[2022.03.01-08.29.51:860][770]LogBlueprintUserMessages: [DoorInverse_5] Not Valid
[2022.03.01-08.29.51:874][771]LogBlueprintUserMessages: [DoorInverse_5] Not Valid
[2022.03.01-08.29.51:887][772]LogBlueprintUserMessages: [DoorInverse_5] Not Valid
[2022.03.01-08.29.51:901][773]LogBlueprintUserMessages: [DoorInverse_5] Not Valid
[2022.03.01-08.29.51:915][774]LogBlueprintUserMessages: [DoorInverse_5] Not Valid
[2022.03.01-08.29.51:929][775]LogBlueprintUserMessages: [DoorInverse_5] Not Valid
[2022.03.01-08.29.51:943][776]LogBlueprintUserMessages: [DoorInverse_5] Not Valid
[2022.03.01-08.29.51:957][777]LogBlueprintUserMessages: [DoorInverse_5] Not Valid
[2022.03.01-08.29.51:971][778]LogBlueprintUserMessages: [DoorInverse_5] Not Valid
[2022.03.01-08.29.51:985][779]LogBlueprintUserMessages: [DoorInverse_5] Not Valid
[2022.03.01-08.29.51:999][780]LogBlueprintUserMessages: [DoorInverse_5] Not Valid
[2022.03.01-08.29.52:012][781]LogBlueprintUserMessages: [DoorInverse_5] Not Valid
[2022.03.01-08.29.52:027][782]LogBlueprintUserMessages: [DoorInverse_5] Not Valid
[2022.03.01-08.29.52:041][783]LogBlueprintUserMessages: [DoorInverse_5] Not Valid
[2022.03.01-08.29.52:055][784]LogBlueprintUserMessages: [DoorInverse_5] Not Valid
[2022.03.01-08.29.52:069][785]LogBlueprintUserMessages: [DoorInverse_5] Not Valid
[2022.03.01-08.29.52:082][786]LogBlueprintUserMessages: [DoorInverse_5] Not Valid
[2022.03.01-08.29.52:096][787]LogBlueprintUserMessages: [DoorInverse_5] Not Valid
[2022.03.01-08.29.52:110][788]LogBlueprintUserMessages: [DoorInverse_5] Not Valid
[2022.03.01-08.29.52:124][789]LogBlueprintUserMessages: [DoorInverse_5] Not Valid
[2022.03.01-08.29.52:138][790]LogBlueprintUserMessages: [DoorInverse_5] Not Valid
[2022.03.01-08.29.52:152][791]LogBlueprintUserMessages: [DoorInverse_5] Not Valid
[2022.03.01-08.29.52:165][792]LogBlueprintUserMessages: [DoorInverse_5] Not Valid
[2022.03.01-08.29.52:179][793]LogBlueprintUserMessages: [DoorInverse_5] Not Valid
[2022.03.01-08.29.52:193][794]LogBlueprintUserMessages: [DoorInverse_5] Not Valid
[2022.03.01-08.29.52:206][795]LogBlueprintUserMessages: [DoorInverse_5] Not Valid
[2022.03.01-08.29.52:220][796]LogBlueprintUserMessages: [DoorInverse_5] Not Valid
[2022.03.01-08.29.52:234][797]LogBlueprintUserMessages: [DoorInverse_5] Not Valid
[2022.03.01-08.29.52:249][798]LogBlueprintUserMessages: [DoorInverse_5] Not Valid
[2022.03.01-08.29.52:263][799]LogBlueprintUserMessages: [DoorInverse_5] Not Valid
[2022.03.01-08.29.52:276][800]LogBlueprintUserMessages: [DoorInverse_5] Not Valid
[2022.03.01-08.29.52:290][801]LogBlueprintUserMessages: [DoorInverse_5] Not Valid
[2022.03.01-08.29.52:303][802]LogBlueprintUserMessages: [DoorInverse_5] Not Valid
[2022.03.01-08.29.52:317][803]LogBlueprintUserMessages: [DoorInverse_5] Not Valid
[2022.03.01-08.29.52:331][804]LogBlueprintUserMessages: [DoorInverse_5] Not Valid
[2022.03.01-08.29.52:344][805]LogBlueprintUserMessages: [DoorInverse_5] Not Valid
[2022.03.01-08.29.52:359][806]LogBlueprintUserMessages: [DoorInverse_5] Not Valid
[2022.03.01-08.29.52:372][807]LogBlueprintUserMessages: [DoorInverse_5] Not Valid
[2022.03.01-08.29.52:386][808]LogBlueprintUserMessages: [DoorInverse_5] Not Valid
[2022.03.01-08.29.52:400][809]LogBlueprintUserMessages: [DoorInverse_5] Not Valid
[2022.03.01-08.29.52:414][810]LogBlueprintUserMessages: [DoorInverse_5] Not Valid
[2022.03.01-08.29.52:428][811]LogBlueprintUserMessages: [DoorInverse_5] Not Valid
[2022.03.01-08.29.52:442][812]LogBlueprintUserMessages: [DoorInverse_5] Not Valid
[2022.03.01-08.29.52:456][813]LogBlueprintUserMessages: [DoorInverse_5] Not Valid
[2022.03.01-08.29.52:471][814]LogBlueprintUserMessages: [DoorInverse_5] Not Valid
[2022.03.01-08.29.52:485][815]LogBlueprintUserMessages: [DoorInverse_5] Not Valid
[2022.03.01-08.29.52:499][816]LogBlueprintUserMessages: [DoorInverse_5] Not Valid
[2022.03.01-08.29.52:513][817]LogBlueprintUserMessages: [DoorInverse_5] Not Valid
[2022.03.01-08.29.52:528][818]LogBlueprintUserMessages: [DoorInverse_5] Not Valid
[2022.03.01-08.29.52:542][819]LogBlueprintUserMessages: [DoorInverse_5] Not Valid
[2022.03.01-08.29.52:556][820]LogBlueprintUserMessages: [DoorInverse_5] Not Valid
[2022.03.01-08.29.52:570][821]LogBlueprintUserMessages: [DoorInverse_5] Not Valid
[2022.03.01-08.29.52:584][822]LogBlueprintUserMessages: [DoorInverse_5] Not Valid
[2022.03.01-08.29.52:598][823]LogBlueprintUserMessages: [DoorInverse_5] Not Valid
[2022.03.01-08.29.52:612][824]LogBlueprintUserMessages: [DoorInverse_5] Not Valid
[2022.03.01-08.29.52:625][825]LogBlueprintUserMessages: [DoorInverse_5] Not Valid
[2022.03.01-08.29.52:639][826]LogBlueprintUserMessages: [DoorInverse_5] Not Valid
[2022.03.01-08.29.52:654][827]LogBlueprintUserMessages: [DoorInverse_5] Not Valid
[2022.03.01-08.29.52:669][828]LogBlueprintUserMessages: [DoorInverse_5] Not Valid
[2022.03.01-08.29.52:682][829]LogBlueprintUserMessages: [DoorInverse_5] Not Valid
[2022.03.01-08.29.52:696][830]LogBlueprintUserMessages: [DoorInverse_5] Not Valid
[2022.03.01-08.29.52:709][831]LogBlueprintUserMessages: [DoorInverse_5] Not Valid
[2022.03.01-08.29.52:723][832]LogBlueprintUserMessages: [DoorInverse_5] Not Valid
[2022.03.01-08.29.52:737][833]LogBlueprintUserMessages: [DoorInverse_5] Not Valid
[2022.03.01-08.29.52:751][834]LogBlueprintUserMessages: [DoorInverse_5] Not Valid
[2022.03.01-08.29.52:765][835]LogBlueprintUserMessages: [DoorInverse_5] Not Valid
[2022.03.01-08.29.52:779][836]LogBlueprintUserMessages: [DoorInverse_5] Not Valid
[2022.03.01-08.29.52:793][837]LogBlueprintUserMessages: [DoorInverse_5] Not Valid
[2022.03.01-08.29.52:806][838]LogBlueprintUserMessages: [DoorInverse_5] Not Valid
[2022.03.01-08.29.52:820][839]LogBlueprintUserMessages: [DoorInverse_5] Not Valid
[2022.03.01-08.29.52:834][840]LogBlueprintUserMessages: [DoorInverse_5] Not Valid
[2022.03.01-08.29.52:848][841]LogBlueprintUserMessages: [DoorInverse_5] Not Valid
[2022.03.01-08.29.52:862][842]LogBlueprintUserMessages: [DoorInverse_5] Not Valid
[2022.03.01-08.29.52:876][843]LogBlueprintUserMessages: [DoorInverse_5] Not Valid
[2022.03.01-08.29.52:890][844]LogBlueprintUserMessages: [DoorInverse_5] Not Valid
[2022.03.01-08.29.52:905][845]LogBlueprintUserMessages: [DoorInverse_5] Not Valid
[2022.03.01-08.29.52:919][846]LogBlueprintUserMessages: [DoorInverse_5] Not Valid
[2022.03.01-08.29.52:933][847]LogBlueprintUserMessages: [DoorInverse_5] Not Valid
[2022.03.01-08.29.52:947][848]LogBlueprintUserMessages: [DoorInverse_5] Not Valid
[2022.03.01-08.29.52:961][849]LogBlueprintUserMessages: [DoorInverse_5] Not Valid
[2022.03.01-08.29.52:975][850]LogBlueprintUserMessages: [DoorInverse_5] Not Valid
[2022.03.01-08.29.52:989][851]LogBlueprintUserMessages: [DoorInverse_5] Not Valid
[2022.03.01-08.29.53:002][852]LogBlueprintUserMessages: [DoorInverse_5] Not Valid
[2022.03.01-08.29.53:016][853]LogBlueprintUserMessages: [DoorInverse_5] Not Valid
[2022.03.01-08.29.53:030][854]LogBlueprintUserMessages: [DoorInverse_5] Not Valid
[2022.03.01-08.29.53:044][855]LogBlueprintUserMessages: [DoorInverse_5] Not Valid
[2022.03.01-08.29.53:058][856]LogBlueprintUserMessages: [DoorInverse_5] Not Valid
[2022.03.01-08.29.53:072][857]LogBlueprintUserMessages: [DoorInverse_5] Not Valid
[2022.03.01-08.29.53:086][858]LogBlueprintUserMessages: [DoorInverse_5] Not Valid
[2022.03.01-08.29.53:100][859]LogBlueprintUserMessages: [DoorInverse_5] Not Valid
[2022.03.01-08.29.53:114][860]LogBlueprintUserMessages: [DoorInverse_5] Not Valid
[2022.03.01-08.29.53:128][861]LogBlueprintUserMessages: [DoorInverse_5] Not Valid
[2022.03.01-08.29.53:142][862]LogBlueprintUserMessages: [DoorInverse_5] Not Valid
[2022.03.01-08.29.53:156][863]LogBlueprintUserMessages: [DoorInverse_5] Not Valid
[2022.03.01-08.29.53:170][864]LogBlueprintUserMessages: [DoorInverse_5] Not Valid
[2022.03.01-08.29.53:184][865]LogBlueprintUserMessages: [DoorInverse_5] Not Valid
[2022.03.01-08.29.53:198][866]LogBlueprintUserMessages: [DoorInverse_5] Not Valid
[2022.03.01-08.29.53:212][867]LogBlueprintUserMessages: [DoorInverse_5] Not Valid
[2022.03.01-08.29.53:226][868]LogBlueprintUserMessages: [DoorInverse_5] Not Valid
[2022.03.01-08.29.53:240][869]LogBlueprintUserMessages: [DoorInverse_5] Not Valid
[2022.03.01-08.29.53:254][870]LogBlueprintUserMessages: [DoorInverse_5] Not Valid
[2022.03.01-08.29.53:268][871]LogBlueprintUserMessages: [DoorInverse_5] Not Valid
[2022.03.01-08.29.53:282][872]LogBlueprintUserMessages: [DoorInverse_5] Not Valid
[2022.03.01-08.29.53:296][873]LogBlueprintUserMessages: [DoorInverse_5] Not Valid
[2022.03.01-08.29.53:310][874]LogBlueprintUserMessages: [DoorInverse_5] Not Valid
[2022.03.01-08.29.53:324][875]LogBlueprintUserMessages: [DoorInverse_5] Not Valid
[2022.03.01-08.29.53:338][876]LogBlueprintUserMessages: [DoorInverse_5] Not Valid
[2022.03.01-08.29.53:352][877]LogBlueprintUserMessages: [DoorInverse_5] Not Valid
[2022.03.01-08.29.53:366][878]LogBlueprintUserMessages: [DoorInverse_5] Not Valid
[2022.03.01-08.29.53:379][879]LogBlueprintUserMessages: [DoorInverse_5] Not Valid
[2022.03.01-08.29.53:393][880]LogBlueprintUserMessages: [DoorInverse_5] Not Valid
[2022.03.01-08.29.53:407][881]LogBlueprintUserMessages: [DoorInverse_5] Not Valid
[2022.03.01-08.29.53:421][882]LogBlueprintUserMessages: [DoorInverse_5] Not Valid
[2022.03.01-08.29.53:435][883]LogBlueprintUserMessages: [DoorInverse_5] Not Valid
[2022.03.01-08.29.53:450][884]LogBlueprintUserMessages: [DoorInverse_5] Not Valid
[2022.03.01-08.29.53:464][885]LogBlueprintUserMessages: [DoorInverse_5] Not Valid
[2022.03.01-08.29.53:477][886]LogBlueprintUserMessages: [DoorInverse_5] Not Valid
[2022.03.01-08.29.53:492][887]LogBlueprintUserMessages: [DoorInverse_5] Not Valid
[2022.03.01-08.29.53:506][888]LogBlueprintUserMessages: [DoorInverse_5] Not Valid
[2022.03.01-08.29.53:520][889]LogBlueprintUserMessages: [DoorInverse_5] Not Valid
[2022.03.01-08.29.53:533][890]LogBlueprintUserMessages: [DoorInverse_5] Not Valid
[2022.03.01-08.29.53:547][891]LogBlueprintUserMessages: [DoorInverse_5] Not Valid
[2022.03.01-08.29.53:561][892]LogBlueprintUserMessages: [DoorInverse_5] Not Valid
[2022.03.01-08.29.53:574][893]LogBlueprintUserMessages: [DoorInverse_5] Not Valid
[2022.03.01-08.29.53:589][894]LogBlueprintUserMessages: [DoorInverse_5] Not Valid
[2022.03.01-08.29.53:603][895]LogBlueprintUserMessages: [DoorInverse_5] Not Valid
[2022.03.01-08.29.53:617][896]LogBlueprintUserMessages: [DoorInverse_5] Not Valid
[2022.03.01-08.29.53:631][897]LogBlueprintUserMessages: [DoorInverse_5] Not Valid
[2022.03.01-08.29.53:645][898]LogBlueprintUserMessages: [DoorInverse_5] Not Valid
[2022.03.01-08.29.53:659][899]LogBlueprintUserMessages: [DoorInverse_5] Not Valid
[2022.03.01-08.29.53:672][900]LogBlueprintUserMessages: [DoorInverse_5] Not Valid
[2022.03.01-08.29.53:686][901]LogBlueprintUserMessages: [DoorInverse_5] Not Valid
[2022.03.01-08.29.53:701][902]LogBlueprintUserMessages: [DoorInverse_5] Not Valid
[2022.03.01-08.29.53:715][903]LogBlueprintUserMessages: [DoorInverse_5] Not Valid
[2022.03.01-08.29.53:728][904]LogBlueprintUserMessages: [DoorInverse_5] Not Valid
[2022.03.01-08.29.53:743][905]LogBlueprintUserMessages: [DoorInverse_5] Not Valid
[2022.03.01-08.29.53:756][906]LogBlueprintUserMessages: [DoorInverse_5] Not Valid
[2022.03.01-08.29.53:770][907]LogBlueprintUserMessages: [DoorInverse_5] Not Valid
[2022.03.01-08.29.53:784][908]LogBlueprintUserMessages: [DoorInverse_5] Not Valid
[2022.03.01-08.29.53:799][909]LogBlueprintUserMessages: [DoorInverse_5] Not Valid
[2022.03.01-08.29.53:812][910]LogBlueprintUserMessages: [DoorInverse_5] Not Valid
[2022.03.01-08.29.53:826][911]LogBlueprintUserMessages: [DoorInverse_5] Not Valid
[2022.03.01-08.29.53:840][912]LogBlueprintUserMessages: [DoorInverse_5] Not Valid
[2022.03.01-08.29.53:854][913]LogBlueprintUserMessages: [DoorInverse_5] Not Valid
[2022.03.01-08.29.53:868][914]LogBlueprintUserMessages: [DoorInverse_5] Not Valid
[2022.03.01-08.29.53:882][915]LogBlueprintUserMessages: [DoorInverse_5] Not Valid
[2022.03.01-08.29.53:896][916]LogBlueprintUserMessages: [DoorInverse_5] Not Valid
[2022.03.01-08.29.53:910][917]LogBlueprintUserMessages: [DoorInverse_5] Not Valid
[2022.03.01-08.29.53:924][918]LogBlueprintUserMessages: [DoorInverse_5] Not Valid
[2022.03.01-08.29.53:938][919]LogBlueprintUserMessages: [DoorInverse_5] Not Valid
[2022.03.01-08.29.53:952][920]LogBlueprintUserMessages: [DoorInverse_5] Not Valid
[2022.03.01-08.29.53:966][921]LogBlueprintUserMessages: [DoorInverse_5] Not Valid
[2022.03.01-08.29.53:980][922]LogBlueprintUserMessages: [DoorInverse_5] Not Valid
[2022.03.01-08.29.53:994][923]LogBlueprintUserMessages: [DoorInverse_5] Not Valid
[2022.03.01-08.29.54:008][924]LogBlueprintUserMessages: [DoorInverse_5] Not Valid
[2022.03.01-08.29.54:022][925]LogBlueprintUserMessages: [DoorInverse_5] Not Valid
[2022.03.01-08.29.54:036][926]LogBlueprintUserMessages: [DoorInverse_5] Not Valid
[2022.03.01-08.29.54:050][927]LogBlueprintUserMessages: [DoorInverse_5] Not Valid
[2022.03.01-08.29.54:064][928]LogBlueprintUserMessages: [DoorInverse_5] Not Valid
[2022.03.01-08.29.54:078][929]LogBlueprintUserMessages: [DoorInverse_5] Not Valid
[2022.03.01-08.29.54:092][930]LogBlueprintUserMessages: [DoorInverse_5] Not Valid
[2022.03.01-08.29.54:106][931]LogBlueprintUserMessages: [DoorInverse_5] Not Valid
[2022.03.01-08.29.54:119][932]LogBlueprintUserMessages: [DoorInverse_5] Not Valid
[2022.03.01-08.29.54:133][933]LogBlueprintUserMessages: [DoorInverse_5] Not Valid
[2022.03.01-08.29.54:147][934]LogBlueprintUserMessages: [DoorInverse_5] Not Valid
[2022.03.01-08.29.54:161][935]LogBlueprintUserMessages: [DoorInverse_5] Not Valid
[2022.03.01-08.29.54:174][936]LogBlueprintUserMessages: [DoorInverse_5] Not Valid
[2022.03.01-08.29.54:188][937]LogBlueprintUserMessages: [DoorInverse_5] Not Valid
[2022.03.01-08.29.54:202][938]LogBlueprintUserMessages: [DoorInverse_5] Not Valid
[2022.03.01-08.29.54:217][939]LogBlueprintUserMessages: [DoorInverse_5] Not Valid
[2022.03.01-08.29.54:231][940]LogBlueprintUserMessages: [DoorInverse_5] Not Valid
[2022.03.01-08.29.54:244][941]LogBlueprintUserMessages: [DoorInverse_5] Not Valid
[2022.03.01-08.29.54:259][942]LogBlueprintUserMessages: [DoorInverse_5] Not Valid
[2022.03.01-08.29.54:273][943]LogBlueprintUserMessages: [DoorInverse_5] Not Valid
[2022.03.01-08.29.54:287][944]LogBlueprintUserMessages: [DoorInverse_5] Not Valid
[2022.03.01-08.29.54:301][945]LogBlueprintUserMessages: [DoorInverse_5] Not Valid
[2022.03.01-08.29.54:314][946]LogBlueprintUserMessages: [DoorInverse_5] Not Valid
[2022.03.01-08.29.54:327][947]LogBlueprintUserMessages: [DoorInverse_5] Not Valid
[2022.03.01-08.29.54:342][948]LogBlueprintUserMessages: [DoorInverse_5] Not Valid
[2022.03.01-08.29.54:356][949]LogBlueprintUserMessages: [DoorInverse_5] Not Valid
[2022.03.01-08.29.54:369][950]LogBlueprintUserMessages: [DoorInverse_5] Not Valid
[2022.03.01-08.29.54:384][951]LogBlueprintUserMessages: [DoorInverse_5] Not Valid
[2022.03.01-08.29.54:398][952]LogBlueprintUserMessages: [DoorInverse_5] Not Valid
[2022.03.01-08.29.54:412][953]LogBlueprintUserMessages: [DoorInverse_5] Not Valid
[2022.03.01-08.29.54:426][954]LogBlueprintUserMessages: [DoorInverse_5] Not Valid
[2022.03.01-08.29.54:440][955]LogBlueprintUserMessages: [DoorInverse_5] Not Valid
[2022.03.01-08.29.54:453][956]LogBlueprintUserMessages: [DoorInverse_5] Not Valid
[2022.03.01-08.29.54:468][957]LogBlueprintUserMessages: [DoorInverse_5] Not Valid
[2022.03.01-08.29.54:482][958]LogBlueprintUserMessages: [DoorInverse_5] Not Valid
[2022.03.01-08.29.54:496][959]LogBlueprintUserMessages: [DoorInverse_5] Not Valid
[2022.03.01-08.29.54:510][960]LogBlueprintUserMessages: [DoorInverse_5] Not Valid
[2022.03.01-08.29.54:524][961]LogBlueprintUserMessages: [DoorInverse_5] Not Valid
[2022.03.01-08.29.54:538][962]LogBlueprintUserMessages: [DoorInverse_5] Not Valid
[2022.03.01-08.29.54:551][963]LogBlueprintUserMessages: [DoorInverse_5] Not Valid
[2022.03.01-08.29.54:565][964]LogBlueprintUserMessages: [DoorInverse_5] Not Valid
[2022.03.01-08.29.54:579][965]LogBlueprintUserMessages: [DoorInverse_5] Not Valid
[2022.03.01-08.29.54:593][966]LogBlueprintUserMessages: [DoorInverse_5] Not Valid
[2022.03.01-08.29.54:607][967]LogBlueprintUserMessages: [DoorInverse_5] Not Valid
[2022.03.01-08.29.54:620][968]LogBlueprintUserMessages: [DoorInverse_5] Not Valid
[2022.03.01-08.29.54:634][969]LogBlueprintUserMessages: [DoorInverse_5] Not Valid
[2022.03.01-08.29.54:649][970]LogBlueprintUserMessages: [DoorInverse_5] Not Valid
[2022.03.01-08.29.54:663][971]LogBlueprintUserMessages: [DoorInverse_5] Not Valid
[2022.03.01-08.29.54:677][972]LogBlueprintUserMessages: [DoorInverse_5] Not Valid
[2022.03.01-08.29.54:691][973]LogBlueprintUserMessages: [DoorInverse_5] Not Valid
[2022.03.01-08.29.54:704][974]LogBlueprintUserMessages: [DoorInverse_5] Not Valid
[2022.03.01-08.29.54:718][975]LogBlueprintUserMessages: [DoorInverse_5] Not Valid
[2022.03.01-08.29.54:732][976]LogBlueprintUserMessages: [DoorInverse_5] Not Valid
[2022.03.01-08.29.54:746][977]LogBlueprintUserMessages: [DoorInverse_5] Not Valid
[2022.03.01-08.29.54:760][978]LogBlueprintUserMessages: [DoorInverse_5] Not Valid
[2022.03.01-08.29.54:774][979]LogBlueprintUserMessages: [DoorInverse_5] Not Valid
[2022.03.01-08.29.54:788][980]LogBlueprintUserMessages: [DoorInverse_5] Not Valid
[2022.03.01-08.29.54:803][981]LogBlueprintUserMessages: [DoorInverse_5] Not Valid
[2022.03.01-08.29.54:817][982]LogBlueprintUserMessages: [DoorInverse_5] Not Valid
[2022.03.01-08.29.54:831][983]LogBlueprintUserMessages: [DoorInverse_5] Not Valid
[2022.03.01-08.29.54:845][984]LogBlueprintUserMessages: [DoorInverse_5] Not Valid
[2022.03.01-08.29.54:859][985]LogBlueprintUserMessages: [DoorInverse_5] Not Valid
[2022.03.01-08.29.54:873][986]LogBlueprintUserMessages: [DoorInverse_5] Not Valid
[2022.03.01-08.29.54:887][987]LogBlueprintUserMessages: [DoorInverse_5] Not Valid
[2022.03.01-08.29.54:901][988]LogBlueprintUserMessages: [DoorInverse_5] Not Valid
[2022.03.01-08.29.54:915][989]LogBlueprintUserMessages: [DoorInverse_5] Not Valid
[2022.03.01-08.29.54:929][990]LogBlueprintUserMessages: [DoorInverse_5] Not Valid
[2022.03.01-08.29.54:943][991]LogBlueprintUserMessages: [DoorInverse_5] Not Valid
[2022.03.01-08.29.54:957][992]LogBlueprintUserMessages: [DoorInverse_5] Not Valid
[2022.03.01-08.29.54:971][993]LogBlueprintUserMessages: [DoorInverse_5] Not Valid
[2022.03.01-08.29.54:985][994]LogBlueprintUserMessages: [DoorInverse_5] Not Valid
[2022.03.01-08.29.55:000][995]LogBlueprintUserMessages: [DoorInverse_5] Not Valid
[2022.03.01-08.29.55:014][996]LogBlueprintUserMessages: [DoorInverse_5] Not Valid
[2022.03.01-08.29.55:027][997]LogBlueprintUserMessages: [DoorInverse_5] Not Valid
[2022.03.01-08.29.55:040][998]LogBlueprintUserMessages: [DoorInverse_5] Not Valid
[2022.03.01-08.29.55:054][999]LogBlueprintUserMessages: [DoorInverse_5] Not Valid
[2022.03.01-08.29.55:068][  0]LogBlueprintUserMessages: [DoorInverse_5] Not Valid
[2022.03.01-08.29.55:082][  1]LogBlueprintUserMessages: [DoorInverse_5] Not Valid
[2022.03.01-08.29.55:096][  2]LogBlueprintUserMessages: [DoorInverse_5] Not Valid
[2022.03.01-08.29.55:109][  3]LogBlueprintUserMessages: [DoorInverse_5] Not Valid
[2022.03.01-08.29.55:124][  4]LogBlueprintUserMessages: [DoorInverse_5] Not Valid
[2022.03.01-08.29.55:138][  5]LogBlueprintUserMessages: [DoorInverse_5] Not Valid
[2022.03.01-08.29.55:152][  6]LogBlueprintUserMessages: [DoorInverse_5] Not Valid
[2022.03.01-08.29.55:166][  7]LogBlueprintUserMessages: [DoorInverse_5] Not Valid
[2022.03.01-08.29.55:180][  8]LogBlueprintUserMessages: [DoorInverse_5] Not Valid
[2022.03.01-08.29.55:194][  9]LogBlueprintUserMessages: [DoorInverse_5] Not Valid
[2022.03.01-08.29.55:207][ 10]LogBlueprintUserMessages: [DoorInverse_5] Not Valid
[2022.03.01-08.29.55:222][ 11]LogBlueprintUserMessages: [DoorInverse_5] Not Valid
[2022.03.01-08.29.55:236][ 12]LogBlueprintUserMessages: [DoorInverse_5] Not Valid
[2022.03.01-08.29.55:249][ 13]LogBlueprintUserMessages: [DoorInverse_5] Not Valid
[2022.03.01-08.29.55:263][ 14]LogBlueprintUserMessages: [DoorInverse_5] Not Valid
[2022.03.01-08.29.55:277][ 15]LogBlueprintUserMessages: [DoorInverse_5] Not Valid
[2022.03.01-08.29.55:291][ 16]LogBlueprintUserMessages: [DoorInverse_5] Not Valid
[2022.03.01-08.29.55:305][ 17]LogBlueprintUserMessages: [DoorInverse_5] Not Valid
[2022.03.01-08.29.55:319][ 18]LogBlueprintUserMessages: [DoorInverse_5] Not Valid
[2022.03.01-08.29.55:333][ 19]LogBlueprintUserMessages: [DoorInverse_5] Not Valid
[2022.03.01-08.29.55:347][ 20]LogBlueprintUserMessages: [DoorInverse_5] Not Valid
[2022.03.01-08.29.55:361][ 21]LogBlueprintUserMessages: [DoorInverse_5] Not Valid
[2022.03.01-08.29.55:376][ 22]LogBlueprintUserMessages: [DoorInverse_5] Not Valid
[2022.03.01-08.29.55:390][ 23]LogBlueprintUserMessages: [DoorInverse_5] Not Valid
[2022.03.01-08.29.55:404][ 24]LogBlueprintUserMessages: [DoorInverse_5] Not Valid
[2022.03.01-08.29.55:418][ 25]LogBlueprintUserMessages: [DoorInverse_5] Not Valid
[2022.03.01-08.29.55:432][ 26]LogBlueprintUserMessages: [DoorInverse_5] Not Valid
[2022.03.01-08.29.55:446][ 27]LogBlueprintUserMessages: [DoorInverse_5] Not Valid
[2022.03.01-08.29.55:459][ 28]LogBlueprintUserMessages: [DoorInverse_5] Not Valid
[2022.03.01-08.29.55:473][ 29]LogBlueprintUserMessages: [DoorInverse_5] Not Valid
[2022.03.01-08.29.55:487][ 30]LogBlueprintUserMessages: [DoorInverse_5] Not Valid
[2022.03.01-08.29.55:501][ 31]LogBlueprintUserMessages: [DoorInverse_5] Not Valid
[2022.03.01-08.29.55:515][ 32]LogBlueprintUserMessages: [DoorInverse_5] Not Valid
[2022.03.01-08.29.55:530][ 33]LogBlueprintUserMessages: [DoorInverse_5] Not Valid
[2022.03.01-08.29.55:543][ 34]LogBlueprintUserMessages: [DoorInverse_5] Not Valid
[2022.03.01-08.29.55:557][ 35]LogBlueprintUserMessages: [DoorInverse_5] Not Valid
[2022.03.01-08.29.55:571][ 36]LogBlueprintUserMessages: [DoorInverse_5] Not Valid
[2022.03.01-08.29.55:585][ 37]LogBlueprintUserMessages: [DoorInverse_5] Not Valid
[2022.03.01-08.29.55:599][ 38]LogBlueprintUserMessages: [DoorInverse_5] Not Valid
[2022.03.01-08.29.55:613][ 39]LogBlueprintUserMessages: [DoorInverse_5] Not Valid
[2022.03.01-08.29.55:627][ 40]LogBlueprintUserMessages: [DoorInverse_5] Not Valid
[2022.03.01-08.29.55:641][ 41]LogBlueprintUserMessages: [DoorInverse_5] Not Valid
[2022.03.01-08.29.55:656][ 42]LogBlueprintUserMessages: [DoorInverse_5] Not Valid
[2022.03.01-08.29.55:669][ 43]LogBlueprintUserMessages: [DoorInverse_5] Not Valid
[2022.03.01-08.29.55:683][ 44]LogBlueprintUserMessages: [DoorInverse_5] Not Valid
[2022.03.01-08.29.55:696][ 45]LogBlueprintUserMessages: [DoorInverse_5] Not Valid
[2022.03.01-08.29.55:710][ 46]LogBlueprintUserMessages: [DoorInverse_5] Not Valid
[2022.03.01-08.29.55:724][ 47]LogBlueprintUserMessages: [DoorInverse_5] Not Valid
[2022.03.01-08.29.55:738][ 48]LogBlueprintUserMessages: [DoorInverse_5] Not Valid
[2022.03.01-08.29.55:752][ 49]LogBlueprintUserMessages: [DoorInverse_5] Not Valid
[2022.03.01-08.29.55:766][ 50]LogBlueprintUserMessages: [DoorInverse_5] Not Valid
[2022.03.01-08.29.55:781][ 51]LogBlueprintUserMessages: [DoorInverse_5] Not Valid
[2022.03.01-08.29.55:795][ 52]LogBlueprintUserMessages: [DoorInverse_5] Not Valid
[2022.03.01-08.29.55:808][ 53]LogBlueprintUserMessages: [DoorInverse_5] Not Valid
[2022.03.01-08.29.55:822][ 54]LogBlueprintUserMessages: [DoorInverse_5] Not Valid
[2022.03.01-08.29.55:836][ 55]LogBlueprintUserMessages: [DoorInverse_5] Not Valid
[2022.03.01-08.29.55:850][ 56]LogBlueprintUserMessages: [DoorInverse_5] Not Valid
[2022.03.01-08.29.55:865][ 57]LogBlueprintUserMessages: [DoorInverse_5] Not Valid
[2022.03.01-08.29.55:879][ 58]LogBlueprintUserMessages: [DoorInverse_5] Not Valid
[2022.03.01-08.29.55:892][ 59]LogBlueprintUserMessages: [DoorInverse_5] Not Valid
[2022.03.01-08.29.55:906][ 60]LogBlueprintUserMessages: [DoorInverse_5] Not Valid
[2022.03.01-08.29.55:920][ 61]LogBlueprintUserMessages: [DoorInverse_5] Not Valid
[2022.03.01-08.29.55:934][ 62]LogBlueprintUserMessages: [DoorInverse_5] Not Valid
[2022.03.01-08.29.55:947][ 63]LogBlueprintUserMessages: [DoorInverse_5] Not Valid
[2022.03.01-08.29.55:962][ 64]LogBlueprintUserMessages: [DoorInverse_5] Not Valid
[2022.03.01-08.29.55:975][ 65]LogBlueprintUserMessages: [DoorInverse_5] Not Valid
[2022.03.01-08.29.55:989][ 66]LogBlueprintUserMessages: [DoorInverse_5] Not Valid
[2022.03.01-08.29.56:004][ 67]LogBlueprintUserMessages: [DoorInverse_5] Not Valid
[2022.03.01-08.29.56:017][ 68]LogBlueprintUserMessages: [DoorInverse_5] Not Valid
[2022.03.01-08.29.56:031][ 69]LogBlueprintUserMessages: [DoorInverse_5] Not Valid
[2022.03.01-08.29.56:045][ 70]LogBlueprintUserMessages: [DoorInverse_5] Not Valid
[2022.03.01-08.29.56:059][ 71]LogBlueprintUserMessages: [DoorInverse_5] Not Valid
[2022.03.01-08.29.56:073][ 72]LogBlueprintUserMessages: [DoorInverse_5] Not Valid
[2022.03.01-08.29.56:087][ 73]LogBlueprintUserMessages: [DoorInverse_5] Not Valid
[2022.03.01-08.29.56:100][ 74]LogBlueprintUserMessages: [DoorInverse_5] Not Valid
[2022.03.01-08.29.56:115][ 75]LogBlueprintUserMessages: [DoorInverse_5] Not Valid
[2022.03.01-08.29.56:128][ 76]LogBlueprintUserMessages: [DoorInverse_5] Not Valid
[2022.03.01-08.29.56:142][ 77]LogBlueprintUserMessages: [DoorInverse_5] Not Valid
[2022.03.01-08.29.56:156][ 78]LogBlueprintUserMessages: [DoorInverse_5] Not Valid
[2022.03.01-08.29.56:170][ 79]LogBlueprintUserMessages: [DoorInverse_5] Not Valid
[2022.03.01-08.29.56:184][ 80]LogBlueprintUserMessages: [DoorInverse_5] Not Valid
[2022.03.01-08.29.56:198][ 81]LogBlueprintUserMessages: [DoorInverse_5] Not Valid
[2022.03.01-08.29.56:212][ 82]LogBlueprintUserMessages: [DoorInverse_5] Not Valid
[2022.03.01-08.29.56:226][ 83]LogBlueprintUserMessages: [DoorInverse_5] Not Valid
[2022.03.01-08.29.56:240][ 84]LogBlueprintUserMessages: [DoorInverse_5] Not Valid
[2022.03.01-08.29.56:254][ 85]LogBlueprintUserMessages: [DoorInverse_5] Not Valid
[2022.03.01-08.29.56:268][ 86]LogBlueprintUserMessages: [DoorInverse_5] Not Valid
[2022.03.01-08.29.56:283][ 87]LogBlueprintUserMessages: [DoorInverse_5] Not Valid
[2022.03.01-08.29.56:296][ 88]LogBlueprintUserMessages: [DoorInverse_5] Not Valid
[2022.03.01-08.29.56:309][ 89]LogBlueprintUserMessages: [DoorInverse_5] Not Valid
[2022.03.01-08.29.56:323][ 90]LogBlueprintUserMessages: [DoorInverse_5] Not Valid
[2022.03.01-08.29.56:337][ 91]LogBlueprintUserMessages: [DoorInverse_5] Not Valid
[2022.03.01-08.29.56:351][ 92]LogBlueprintUserMessages: [DoorInverse_5] Not Valid
[2022.03.01-08.29.56:365][ 93]LogBlueprintUserMessages: [DoorInverse_5] Not Valid
[2022.03.01-08.29.56:379][ 94]LogBlueprintUserMessages: [DoorInverse_5] Not Valid
[2022.03.01-08.29.56:393][ 95]LogBlueprintUserMessages: [DoorInverse_5] Not Valid
[2022.03.01-08.29.56:407][ 96]LogBlueprintUserMessages: [DoorInverse_5] Not Valid
[2022.03.01-08.29.56:421][ 97]LogBlueprintUserMessages: [DoorInverse_5] Not Valid
[2022.03.01-08.29.56:435][ 98]LogBlueprintUserMessages: [DoorInverse_5] Not Valid
[2022.03.01-08.29.56:449][ 99]LogBlueprintUserMessages: [DoorInverse_5] Not Valid
[2022.03.01-08.29.56:463][100]LogBlueprintUserMessages: [DoorInverse_5] Not Valid
[2022.03.01-08.29.56:477][101]LogBlueprintUserMessages: [DoorInverse_5] Not Valid
[2022.03.01-08.29.56:491][102]LogBlueprintUserMessages: [DoorInverse_5] Not Valid
[2022.03.01-08.29.56:505][103]LogBlueprintUserMessages: [DoorInverse_5] Not Valid
[2022.03.01-08.29.56:519][104]LogBlueprintUserMessages: [DoorInverse_5] Not Valid
[2022.03.01-08.29.56:533][105]LogBlueprintUserMessages: [DoorInverse_5] Not Valid
[2022.03.01-08.29.56:547][106]LogBlueprintUserMessages: [DoorInverse_5] Not Valid
[2022.03.01-08.29.56:561][107]LogBlueprintUserMessages: [DoorInverse_5] Not Valid
[2022.03.01-08.29.56:575][108]LogBlueprintUserMessages: [DoorInverse_5] Not Valid
[2022.03.01-08.29.56:589][109]LogBlueprintUserMessages: [DoorInverse_5] Not Valid
[2022.03.01-08.29.56:603][110]LogBlueprintUserMessages: [DoorInverse_5] Not Valid
[2022.03.01-08.29.56:617][111]LogBlueprintUserMessages: [DoorInverse_5] Not Valid
[2022.03.01-08.29.56:631][112]LogBlueprintUserMessages: [DoorInverse_5] Not Valid
[2022.03.01-08.29.56:645][113]LogBlueprintUserMessages: [DoorInverse_5] Not Valid
[2022.03.01-08.29.56:659][114]LogBlueprintUserMessages: [DoorInverse_5] Not Valid
[2022.03.01-08.29.56:673][115]LogBlueprintUserMessages: [DoorInverse_5] Not Valid
[2022.03.01-08.29.56:686][116]LogBlueprintUserMessages: [DoorInverse_5] Not Valid
[2022.03.01-08.29.56:700][117]LogBlueprintUserMessages: [DoorInverse_5] Not Valid
[2022.03.01-08.29.56:715][118]LogBlueprintUserMessages: [DoorInverse_5] Not Valid
[2022.03.01-08.29.56:729][119]LogBlueprintUserMessages: [DoorInverse_5] Not Valid
[2022.03.01-08.29.56:742][120]LogBlueprintUserMessages: [DoorInverse_5] Not Valid
[2022.03.01-08.29.56:756][121]LogBlueprintUserMessages: [DoorInverse_5] Not Valid
[2022.03.01-08.29.56:770][122]LogBlueprintUserMessages: [DoorInverse_5] Not Valid
[2022.03.01-08.29.56:784][123]LogBlueprintUserMessages: [DoorInverse_5] Not Valid
[2022.03.01-08.29.56:798][124]LogBlueprintUserMessages: [DoorInverse_5] Not Valid
[2022.03.01-08.29.56:812][125]LogBlueprintUserMessages: [DoorInverse_5] Not Valid
[2022.03.01-08.29.56:825][126]LogBlueprintUserMessages: [DoorInverse_5] Not Valid
[2022.03.01-08.29.56:839][127]LogBlueprintUserMessages: [DoorInverse_5] Not Valid
[2022.03.01-08.29.56:853][128]LogBlueprintUserMessages: [DoorInverse_5] Not Valid
[2022.03.01-08.29.56:867][129]LogBlueprintUserMessages: [DoorInverse_5] Not Valid
[2022.03.01-08.29.56:881][130]LogBlueprintUserMessages: [DoorInverse_5] Not Valid
[2022.03.01-08.29.56:894][131]LogBlueprintUserMessages: [DoorInverse_5] Not Valid
[2022.03.01-08.29.56:909][132]LogBlueprintUserMessages: [DoorInverse_5] Not Valid
[2022.03.01-08.29.56:923][133]LogBlueprintUserMessages: [DoorInverse_5] Not Valid
[2022.03.01-08.29.56:937][134]LogBlueprintUserMessages: [DoorInverse_5] Not Valid
[2022.03.01-08.29.56:951][135]LogBlueprintUserMessages: [DoorInverse_5] Not Valid
[2022.03.01-08.29.56:965][136]LogBlueprintUserMessages: [DoorInverse_5] Not Valid
[2022.03.01-08.29.56:978][137]LogBlueprintUserMessages: [DoorInverse_5] Not Valid
[2022.03.01-08.29.56:992][138]LogBlueprintUserMessages: [DoorInverse_5] Not Valid
[2022.03.01-08.29.57:007][139]LogBlueprintUserMessages: [DoorInverse_5] Not Valid
[2022.03.01-08.29.57:020][140]LogBlueprintUserMessages: [DoorInverse_5] Not Valid
[2022.03.01-08.29.57:034][141]LogBlueprintUserMessages: [DoorInverse_5] Not Valid
[2022.03.01-08.29.57:048][142]LogBlueprintUserMessages: [DoorInverse_5] Not Valid
[2022.03.01-08.29.57:062][143]LogBlueprintUserMessages: [DoorInverse_5] Not Valid
[2022.03.01-08.29.57:076][144]LogBlueprintUserMessages: [DoorInverse_5] Not Valid
[2022.03.01-08.29.57:090][145]LogBlueprintUserMessages: [DoorInverse_5] Not Valid
[2022.03.01-08.29.57:104][146]LogBlueprintUserMessages: [DoorInverse_5] Not Valid
[2022.03.01-08.29.57:118][147]LogBlueprintUserMessages: [DoorInverse_5] Not Valid
[2022.03.01-08.29.57:132][148]LogBlueprintUserMessages: [DoorInverse_5] Not Valid
[2022.03.01-08.29.57:146][149]LogBlueprintUserMessages: [DoorInverse_5] Not Valid
[2022.03.01-08.29.57:160][150]LogBlueprintUserMessages: [DoorInverse_5] Not Valid
[2022.03.01-08.29.57:173][151]LogBlueprintUserMessages: [DoorInverse_5] Not Valid
[2022.03.01-08.29.57:187][152]LogBlueprintUserMessages: [DoorInverse_5] Not Valid
[2022.03.01-08.29.57:202][153]LogBlueprintUserMessages: [DoorInverse_5] Not Valid
[2022.03.01-08.29.57:215][154]LogBlueprintUserMessages: [DoorInverse_5] Not Valid
[2022.03.01-08.29.57:229][155]LogBlueprintUserMessages: [DoorInverse_5] Not Valid
[2022.03.01-08.29.57:243][156]LogBlueprintUserMessages: [DoorInverse_5] Not Valid
[2022.03.01-08.29.57:257][157]LogBlueprintUserMessages: [DoorInverse_5] Not Valid
[2022.03.01-08.29.57:271][158]LogBlueprintUserMessages: [DoorInverse_5] Not Valid
[2022.03.01-08.29.57:284][159]LogBlueprintUserMessages: [DoorInverse_5] Not Valid
[2022.03.01-08.29.57:298][160]LogBlueprintUserMessages: [DoorInverse_5] Not Valid
[2022.03.01-08.29.57:312][161]LogBlueprintUserMessages: [DoorInverse_5] Not Valid
[2022.03.01-08.29.57:326][162]LogBlueprintUserMessages: [DoorInverse_5] Not Valid
[2022.03.01-08.29.57:340][163]LogBlueprintUserMessages: [DoorInverse_5] Not Valid
[2022.03.01-08.29.57:354][164]LogBlueprintUserMessages: [DoorInverse_5] Not Valid
[2022.03.01-08.29.57:369][165]LogBlueprintUserMessages: [DoorInverse_5] Not Valid
[2022.03.01-08.29.57:383][166]LogBlueprintUserMessages: [DoorInverse_5] Not Valid
[2022.03.01-08.29.57:397][167]LogBlueprintUserMessages: [DoorInverse_5] Not Valid
[2022.03.01-08.29.57:410][168]LogBlueprintUserMessages: [DoorInverse_5] Not Valid
[2022.03.01-08.29.57:425][169]LogBlueprintUserMessages: [DoorInverse_5] Not Valid
[2022.03.01-08.29.57:438][170]LogBlueprintUserMessages: [DoorInverse_5] Not Valid
[2022.03.01-08.29.57:453][171]LogBlueprintUserMessages: [DoorInverse_5] Not Valid
[2022.03.01-08.29.57:466][172]LogBlueprintUserMessages: [DoorInverse_5] Not Valid
[2022.03.01-08.29.57:480][173]LogBlueprintUserMessages: [DoorInverse_5] Not Valid
[2022.03.01-08.29.57:494][174]LogBlueprintUserMessages: [DoorInverse_5] Not Valid
[2022.03.01-08.29.57:508][175]LogBlueprintUserMessages: [DoorInverse_5] Not Valid
[2022.03.01-08.29.57:522][176]LogBlueprintUserMessages: [DoorInverse_5] Not Valid
[2022.03.01-08.29.57:536][177]LogBlueprintUserMessages: [DoorInverse_5] Not Valid
[2022.03.01-08.29.57:550][178]LogBlueprintUserMessages: [DoorInverse_5] Not Valid
[2022.03.01-08.29.57:564][179]LogBlueprintUserMessages: [DoorInverse_5] Not Valid
[2022.03.01-08.29.57:578][180]LogBlueprintUserMessages: [DoorInverse_5] Not Valid
[2022.03.01-08.29.57:592][181]LogBlueprintUserMessages: [DoorInverse_5] Not Valid
[2022.03.01-08.29.57:606][182]LogBlueprintUserMessages: [DoorInverse_5] Not Valid
[2022.03.01-08.29.57:620][183]LogBlueprintUserMessages: [DoorInverse_5] Not Valid
[2022.03.01-08.29.57:634][184]LogBlueprintUserMessages: [DoorInverse_5] Not Valid
[2022.03.01-08.29.57:648][185]LogBlueprintUserMessages: [DoorInverse_5] Not Valid
[2022.03.01-08.29.57:661][186]LogBlueprintUserMessages: [DoorInverse_5] Not Valid
[2022.03.01-08.29.57:675][187]LogBlueprintUserMessages: [DoorInverse_5] Not Valid
[2022.03.01-08.29.57:689][188]LogBlueprintUserMessages: [DoorInverse_5] Not Valid
[2022.03.01-08.29.57:703][189]LogBlueprintUserMessages: [DoorInverse_5] Not Valid
[2022.03.01-08.29.57:717][190]LogBlueprintUserMessages: [DoorInverse_5] Not Valid
[2022.03.01-08.29.57:731][191]LogBlueprintUserMessages: [DoorInverse_5] Not Valid
[2022.03.01-08.29.57:745][192]LogBlueprintUserMessages: [DoorInverse_5] Not Valid
[2022.03.01-08.29.57:759][193]LogBlueprintUserMessages: [DoorInverse_5] Not Valid
[2022.03.01-08.29.57:773][194]LogBlueprintUserMessages: [DoorInverse_5] Not Valid
[2022.03.01-08.29.57:787][195]LogBlueprintUserMessages: [DoorInverse_5] Not Valid
[2022.03.01-08.29.57:801][196]LogBlueprintUserMessages: [DoorInverse_5] Not Valid
[2022.03.01-08.29.57:815][197]LogBlueprintUserMessages: [DoorInverse_5] Not Valid
[2022.03.01-08.29.57:828][198]LogBlueprintUserMessages: [DoorInverse_5] Not Valid
[2022.03.01-08.29.57:843][199]LogBlueprintUserMessages: [DoorInverse_5] Not Valid
[2022.03.01-08.29.57:856][200]LogBlueprintUserMessages: [DoorInverse_5] Not Valid
[2022.03.01-08.29.57:870][201]LogBlueprintUserMessages: [DoorInverse_5] Not Valid
[2022.03.01-08.29.57:884][202]LogBlueprintUserMessages: [DoorInverse_5] Not Valid
[2022.03.01-08.29.57:898][203]LogBlueprintUserMessages: [DoorInverse_5] Not Valid
[2022.03.01-08.29.57:912][204]LogBlueprintUserMessages: [DoorInverse_5] Not Valid
[2022.03.01-08.29.57:926][205]LogBlueprintUserMessages: [DoorInverse_5] Not Valid
[2022.03.01-08.29.57:940][206]LogBlueprintUserMessages: [DoorInverse_5] Not Valid
[2022.03.01-08.29.57:954][207]LogBlueprintUserMessages: [DoorInverse_5] Not Valid
[2022.03.01-08.29.57:968][208]LogBlueprintUserMessages: [DoorInverse_5] Not Valid
[2022.03.01-08.29.57:982][209]LogBlueprintUserMessages: [DoorInverse_5] Not Valid
[2022.03.01-08.29.57:996][210]LogBlueprintUserMessages: [DoorInverse_5] Not Valid
[2022.03.01-08.29.58:010][211]LogBlueprintUserMessages: [DoorInverse_5] Not Valid
[2022.03.01-08.29.58:024][212]LogBlueprintUserMessages: [DoorInverse_5] Not Valid
[2022.03.01-08.29.58:038][213]LogBlueprintUserMessages: [DoorInverse_5] Not Valid
[2022.03.01-08.29.58:052][214]LogBlueprintUserMessages: [DoorInverse_5] Not Valid
[2022.03.01-08.29.58:065][215]LogBlueprintUserMessages: [DoorInverse_5] Not Valid
[2022.03.01-08.29.58:079][216]LogBlueprintUserMessages: [DoorInverse_5] Not Valid
[2022.03.01-08.29.58:093][217]LogBlueprintUserMessages: [DoorInverse_5] Not Valid
[2022.03.01-08.29.58:107][218]LogBlueprintUserMessages: [DoorInverse_5] Not Valid
[2022.03.01-08.29.58:121][219]LogBlueprintUserMessages: [DoorInverse_5] Not Valid
[2022.03.01-08.29.58:135][220]LogBlueprintUserMessages: [DoorInverse_5] Not Valid
[2022.03.01-08.29.58:149][221]LogBlueprintUserMessages: [DoorInverse_5] Not Valid
[2022.03.01-08.29.58:163][222]LogBlueprintUserMessages: [DoorInverse_5] Not Valid
[2022.03.01-08.29.58:177][223]LogBlueprintUserMessages: [DoorInverse_5] Not Valid
[2022.03.01-08.29.58:191][224]LogBlueprintUserMessages: [DoorInverse_5] Not Valid
[2022.03.01-08.29.58:205][225]LogBlueprintUserMessages: [DoorInverse_5] Not Valid
[2022.03.01-08.29.58:219][226]LogBlueprintUserMessages: [DoorInverse_5] Not Valid
[2022.03.01-08.29.58:233][227]LogBlueprintUserMessages: [DoorInverse_5] Not Valid
[2022.03.01-08.29.58:246][228]LogBlueprintUserMessages: [DoorInverse_5] Not Valid
[2022.03.01-08.29.58:260][229]LogBlueprintUserMessages: [DoorInverse_5] Not Valid
[2022.03.01-08.29.58:274][230]LogBlueprintUserMessages: [DoorInverse_5] Not Valid
[2022.03.01-08.29.58:288][231]LogBlueprintUserMessages: [DoorInverse_5] Not Valid
[2022.03.01-08.29.58:302][232]LogBlueprintUserMessages: [DoorInverse_5] Not Valid
[2022.03.01-08.29.58:316][233]LogBlueprintUserMessages: [DoorInverse_5] Not Valid
[2022.03.01-08.29.58:330][234]LogBlueprintUserMessages: [DoorInverse_5] Not Valid
[2022.03.01-08.29.58:344][235]LogBlueprintUserMessages: [DoorInverse_5] Not Valid
[2022.03.01-08.29.58:358][236]LogBlueprintUserMessages: [DoorInverse_5] Not Valid
[2022.03.01-08.29.58:372][237]LogBlueprintUserMessages: [DoorInverse_5] Not Valid
[2022.03.01-08.29.58:386][238]LogBlueprintUserMessages: [DoorInverse_5] Not Valid
[2022.03.01-08.29.58:400][239]LogBlueprintUserMessages: [DoorInverse_5] Not Valid
[2022.03.01-08.29.58:413][240]LogBlueprintUserMessages: [DoorInverse_5] Not Valid
[2022.03.01-08.29.58:428][241]LogBlueprintUserMessages: [DoorInverse_5] Not Valid
[2022.03.01-08.29.58:442][242]LogBlueprintUserMessages: [DoorInverse_5] Not Valid
[2022.03.01-08.29.58:455][243]LogBlueprintUserMessages: [DoorInverse_5] Not Valid
[2022.03.01-08.29.58:469][244]LogBlueprintUserMessages: [DoorInverse_5] Not Valid
[2022.03.01-08.29.58:484][245]LogBlueprintUserMessages: [DoorInverse_5] Not Valid
[2022.03.01-08.29.58:498][246]LogBlueprintUserMessages: [DoorInverse_5] Not Valid
[2022.03.01-08.29.58:512][247]LogBlueprintUserMessages: [DoorInverse_5] Not Valid
[2022.03.01-08.29.58:525][248]LogBlueprintUserMessages: [DoorInverse_5] Not Valid
[2022.03.01-08.29.58:539][249]LogBlueprintUserMessages: [DoorInverse_5] Not Valid
[2022.03.01-08.29.58:553][250]LogBlueprintUserMessages: [DoorInverse_5] Not Valid
[2022.03.01-08.29.58:567][251]LogBlueprintUserMessages: [DoorInverse_5] Not Valid
[2022.03.01-08.29.58:580][252]LogBlueprintUserMessages: [DoorInverse_5] Not Valid
[2022.03.01-08.29.58:595][253]LogBlueprintUserMessages: [DoorInverse_5] Not Valid
[2022.03.01-08.29.58:609][254]LogBlueprintUserMessages: [DoorInverse_5] Not Valid
[2022.03.01-08.29.58:623][255]LogBlueprintUserMessages: [DoorInverse_5] Not Valid
[2022.03.01-08.29.58:637][256]LogBlueprintUserMessages: [DoorInverse_5] Not Valid
[2022.03.01-08.29.58:650][257]LogBlueprintUserMessages: [DoorInverse_5] Not Valid
[2022.03.01-08.29.58:664][258]LogBlueprintUserMessages: [DoorInverse_5] Not Valid
[2022.03.01-08.29.58:678][259]LogBlueprintUserMessages: [DoorInverse_5] Not Valid
[2022.03.01-08.29.58:692][260]LogBlueprintUserMessages: [DoorInverse_5] Not Valid
[2022.03.01-08.29.58:706][261]LogBlueprintUserMessages: [DoorInverse_5] Not Valid
[2022.03.01-08.29.58:720][262]LogBlueprintUserMessages: [DoorInverse_5] Not Valid
[2022.03.01-08.29.58:733][263]LogBlueprintUserMessages: [DoorInverse_5] Not Valid
[2022.03.01-08.29.58:748][264]LogBlueprintUserMessages: [DoorInverse_5] Not Valid
[2022.03.01-08.29.58:761][265]LogBlueprintUserMessages: [DoorInverse_5] Not Valid
[2022.03.01-08.29.58:775][266]LogBlueprintUserMessages: [DoorInverse_5] Not Valid
[2022.03.01-08.29.58:789][267]LogBlueprintUserMessages: [DoorInverse_5] Not Valid
[2022.03.01-08.29.58:803][268]LogBlueprintUserMessages: [DoorInverse_5] Not Valid
[2022.03.01-08.29.58:817][269]LogBlueprintUserMessages: [DoorInverse_5] Not Valid
[2022.03.01-08.29.58:831][270]LogBlueprintUserMessages: [DoorInverse_5] Not Valid
[2022.03.01-08.29.58:846][271]LogBlueprintUserMessages: [DoorInverse_5] Not Valid
[2022.03.01-08.29.58:859][272]LogBlueprintUserMessages: [DoorInverse_5] Not Valid
[2022.03.01-08.29.58:874][273]LogBlueprintUserMessages: [DoorInverse_5] Not Valid
[2022.03.01-08.29.58:887][274]LogBlueprintUserMessages: [DoorInverse_5] Not Valid
[2022.03.01-08.29.58:901][275]LogBlueprintUserMessages: [DoorInverse_5] Not Valid
[2022.03.01-08.29.58:915][276]LogBlueprintUserMessages: [DoorInverse_5] Not Valid
[2022.03.01-08.29.58:929][277]LogBlueprintUserMessages: [DoorInverse_5] Not Valid
[2022.03.01-08.29.58:943][278]LogBlueprintUserMessages: [DoorInverse_5] Not Valid
[2022.03.01-08.29.58:957][279]LogBlueprintUserMessages: [DoorInverse_5] Not Valid
[2022.03.01-08.29.58:971][280]LogBlueprintUserMessages: [DoorInverse_5] Not Valid
[2022.03.01-08.29.58:985][281]LogBlueprintUserMessages: [DoorInverse_5] Not Valid
[2022.03.01-08.29.59:000][282]LogBlueprintUserMessages: [DoorInverse_5] Not Valid
[2022.03.01-08.29.59:013][283]LogBlueprintUserMessages: [DoorInverse_5] Not Valid
[2022.03.01-08.29.59:026][284]LogBlueprintUserMessages: [DoorInverse_5] Not Valid
[2022.03.01-08.29.59:040][285]LogBlueprintUserMessages: [DoorInverse_5] Not Valid
[2022.03.01-08.29.59:054][286]LogBlueprintUserMessages: [DoorInverse_5] Not Valid
[2022.03.01-08.29.59:068][287]LogBlueprintUserMessages: [DoorInverse_5] Not Valid
[2022.03.01-08.29.59:082][288]LogBlueprintUserMessages: [DoorInverse_5] Not Valid
[2022.03.01-08.29.59:096][289]LogBlueprintUserMessages: [DoorInverse_5] Not Valid
[2022.03.01-08.29.59:110][290]LogBlueprintUserMessages: [DoorInverse_5] Not Valid
[2022.03.01-08.29.59:124][291]LogBlueprintUserMessages: [DoorInverse_5] Not Valid
[2022.03.01-08.29.59:137][292]LogBlueprintUserMessages: [DoorInverse_5] Not Valid
[2022.03.01-08.29.59:152][293]LogBlueprintUserMessages: [DoorInverse_5] Not Valid
[2022.03.01-08.29.59:166][294]LogBlueprintUserMessages: [DoorInverse_5] Not Valid
[2022.03.01-08.29.59:180][295]LogBlueprintUserMessages: [DoorInverse_5] Not Valid
[2022.03.01-08.29.59:194][296]LogBlueprintUserMessages: [DoorInverse_5] Not Valid
[2022.03.01-08.29.59:207][297]LogBlueprintUserMessages: [DoorInverse_5] Not Valid
[2022.03.01-08.29.59:221][298]LogBlueprintUserMessages: [DoorInverse_5] Not Valid
[2022.03.01-08.29.59:235][299]LogBlueprintUserMessages: [DoorInverse_5] Not Valid
[2022.03.01-08.29.59:250][300]LogBlueprintUserMessages: [DoorInverse_5] Not Valid
[2022.03.01-08.29.59:263][301]LogBlueprintUserMessages: [DoorInverse_5] Not Valid
[2022.03.01-08.29.59:277][302]LogBlueprintUserMessages: [DoorInverse_5] Not Valid
[2022.03.01-08.29.59:291][303]LogBlueprintUserMessages: [DoorInverse_5] Not Valid
[2022.03.01-08.29.59:305][304]LogBlueprintUserMessages: [DoorInverse_5] Not Valid
[2022.03.01-08.29.59:319][305]LogBlueprintUserMessages: [DoorInverse_5] Not Valid
[2022.03.01-08.29.59:333][306]LogBlueprintUserMessages: [DoorInverse_5] Not Valid
[2022.03.01-08.29.59:347][307]LogBlueprintUserMessages: [DoorInverse_5] Not Valid
[2022.03.01-08.29.59:361][308]LogBlueprintUserMessages: [DoorInverse_5] Not Valid
[2022.03.01-08.29.59:375][309]LogBlueprintUserMessages: [DoorInverse_5] Not Valid
[2022.03.01-08.29.59:389][310]LogBlueprintUserMessages: [DoorInverse_5] Not Valid
[2022.03.01-08.29.59:403][311]LogBlueprintUserMessages: [DoorInverse_5] Not Valid
[2022.03.01-08.29.59:417][312]LogBlueprintUserMessages: [DoorInverse_5] Not Valid
[2022.03.01-08.29.59:431][313]LogBlueprintUserMessages: [DoorInverse_5] Not Valid
[2022.03.01-08.29.59:444][314]LogBlueprintUserMessages: [DoorInverse_5] Not Valid
[2022.03.01-08.29.59:459][315]LogBlueprintUserMessages: [DoorInverse_5] Not Valid
[2022.03.01-08.29.59:473][316]LogBlueprintUserMessages: [DoorInverse_5] Not Valid
[2022.03.01-08.29.59:486][317]LogBlueprintUserMessages: [DoorInverse_5] Not Valid
[2022.03.01-08.29.59:499][318]LogBlueprintUserMessages: [DoorInverse_5] Not Valid
[2022.03.01-08.29.59:513][319]LogBlueprintUserMessages: [DoorInverse_5] Not Valid
[2022.03.01-08.29.59:527][320]LogBlueprintUserMessages: [DoorInverse_5] Not Valid
[2022.03.01-08.29.59:542][321]LogBlueprintUserMessages: [DoorInverse_5] Not Valid
[2022.03.01-08.29.59:555][322]LogBlueprintUserMessages: [DoorInverse_5] Not Valid
[2022.03.01-08.29.59:569][323]LogBlueprintUserMessages: [DoorInverse_5] Not Valid
[2022.03.01-08.29.59:584][324]LogBlueprintUserMessages: [DoorInverse_5] Not Valid
[2022.03.01-08.29.59:598][325]LogBlueprintUserMessages: [DoorInverse_5] Not Valid
[2022.03.01-08.29.59:611][326]LogBlueprintUserMessages: [DoorInverse_5] Not Valid
[2022.03.01-08.29.59:626][327]LogBlueprintUserMessages: [DoorInverse_5] Not Valid
[2022.03.01-08.29.59:639][328]LogBlueprintUserMessages: [DoorInverse_5] Not Valid
[2022.03.01-08.29.59:653][329]LogBlueprintUserMessages: [DoorInverse_5] Not Valid
[2022.03.01-08.29.59:667][330]LogBlueprintUserMessages: [DoorInverse_5] Not Valid
[2022.03.01-08.29.59:681][331]LogBlueprintUserMessages: [DoorInverse_5] Not Valid
[2022.03.01-08.29.59:694][332]LogBlueprintUserMessages: [DoorInverse_5] Not Valid
[2022.03.01-08.29.59:708][333]LogBlueprintUserMessages: [DoorInverse_5] Not Valid
[2022.03.01-08.29.59:723][334]LogBlueprintUserMessages: [DoorInverse_5] Not Valid
[2022.03.01-08.29.59:736][335]LogBlueprintUserMessages: [DoorInverse_5] Not Valid
[2022.03.01-08.29.59:750][336]LogBlueprintUserMessages: [DoorInverse_5] Not Valid
[2022.03.01-08.29.59:764][337]LogBlueprintUserMessages: [DoorInverse_5] Not Valid
[2022.03.01-08.29.59:778][338]LogBlueprintUserMessages: [DoorInverse_5] Not Valid
[2022.03.01-08.29.59:792][339]LogBlueprintUserMessages: [DoorInverse_5] Not Valid
[2022.03.01-08.29.59:806][340]LogBlueprintUserMessages: [DoorInverse_5] Not Valid
[2022.03.01-08.29.59:820][341]LogBlueprintUserMessages: [DoorInverse_5] Not Valid
[2022.03.01-08.29.59:834][342]LogBlueprintUserMessages: [DoorInverse_5] Not Valid
[2022.03.01-08.29.59:848][343]LogBlueprintUserMessages: [DoorInverse_5] Not Valid
[2022.03.01-08.29.59:862][344]LogBlueprintUserMessages: [DoorInverse_5] Not Valid
[2022.03.01-08.29.59:876][345]LogBlueprintUserMessages: [DoorInverse_5] Not Valid
[2022.03.01-08.29.59:890][346]LogBlueprintUserMessages: [DoorInverse_5] Not Valid
[2022.03.01-08.29.59:904][347]LogBlueprintUserMessages: [DoorInverse_5] Not Valid
[2022.03.01-08.29.59:918][348]LogBlueprintUserMessages: [DoorInverse_5] Not Valid
[2022.03.01-08.29.59:932][349]LogBlueprintUserMessages: [DoorInverse_5] Not Valid
[2022.03.01-08.29.59:946][350]LogBlueprintUserMessages: [DoorInverse_5] Not Valid
[2022.03.01-08.29.59:960][351]LogBlueprintUserMessages: [DoorInverse_5] Not Valid
[2022.03.01-08.29.59:973][352]LogBlueprintUserMessages: [DoorInverse_5] Not Valid
[2022.03.01-08.29.59:987][353]LogBlueprintUserMessages: [DoorInverse_5] Not Valid
[2022.03.01-08.30.00:001][354]LogBlueprintUserMessages: [DoorInverse_5] Not Valid
[2022.03.01-08.30.00:016][355]LogBlueprintUserMessages: [DoorInverse_5] Not Valid
[2022.03.01-08.30.00:029][356]LogBlueprintUserMessages: [DoorInverse_5] Not Valid
[2022.03.01-08.30.00:043][357]LogBlueprintUserMessages: [DoorInverse_5] Not Valid
[2022.03.01-08.30.00:056][358]LogBlueprintUserMessages: [DoorInverse_5] Not Valid
[2022.03.01-08.30.00:070][359]LogBlueprintUserMessages: [DoorInverse_5] Not Valid
[2022.03.01-08.30.00:084][360]LogBlueprintUserMessages: [DoorInverse_5] Not Valid
[2022.03.01-08.30.00:098][361]LogBlueprintUserMessages: [DoorInverse_5] Not Valid
[2022.03.01-08.30.00:113][362]LogBlueprintUserMessages: [DoorInverse_5] Not Valid
[2022.03.01-08.30.00:125][363]LogBlueprintUserMessages: [DoorInverse_5] Not Valid
[2022.03.01-08.30.00:140][364]LogBlueprintUserMessages: [DoorInverse_5] Not Valid
[2022.03.01-08.30.00:155][365]LogBlueprintUserMessages: [DoorInverse_5] Not Valid
[2022.03.01-08.30.00:169][366]LogBlueprintUserMessages: [DoorInverse_5] Not Valid
[2022.03.01-08.30.00:182][367]LogBlueprintUserMessages: [DoorInverse_5] Not Valid
[2022.03.01-08.30.00:195][368]LogBlueprintUserMessages: [DoorInverse_5] Not Valid
[2022.03.01-08.30.00:210][369]LogBlueprintUserMessages: [DoorInverse_5] Not Valid
[2022.03.01-08.30.00:223][370]LogBlueprintUserMessages: [DoorInverse_5] Not Valid
[2022.03.01-08.30.00:237][371]LogBlueprintUserMessages: [DoorInverse_5] Not Valid
[2022.03.01-08.30.00:250][372]LogBlueprintUserMessages: [DoorInverse_5] Not Valid
[2022.03.01-08.30.00:264][373]LogBlueprintUserMessages: [DoorInverse_5] Not Valid
[2022.03.01-08.30.00:278][374]LogBlueprintUserMessages: [DoorInverse_5] Not Valid
[2022.03.01-08.30.00:292][375]LogBlueprintUserMessages: [DoorInverse_5] Not Valid
[2022.03.01-08.30.00:306][376]LogBlueprintUserMessages: [DoorInverse_5] Not Valid
[2022.03.01-08.30.00:320][377]LogBlueprintUserMessages: [DoorInverse_5] Not Valid
[2022.03.01-08.30.00:334][378]LogBlueprintUserMessages: [DoorInverse_5] Not Valid
[2022.03.01-08.30.00:348][379]LogBlueprintUserMessages: [DoorInverse_5] Not Valid
[2022.03.01-08.30.00:362][380]LogBlueprintUserMessages: [DoorInverse_5] Not Valid
[2022.03.01-08.30.00:376][381]LogBlueprintUserMessages: [DoorInverse_5] Not Valid
[2022.03.01-08.30.00:390][382]LogBlueprintUserMessages: [DoorInverse_5] Not Valid
[2022.03.01-08.30.00:404][383]LogBlueprintUserMessages: [DoorInverse_5] Not Valid
[2022.03.01-08.30.00:418][384]LogBlueprintUserMessages: [DoorInverse_5] Not Valid
[2022.03.01-08.30.00:432][385]LogBlueprintUserMessages: [DoorInverse_5] Not Valid
[2022.03.01-08.30.00:446][386]LogBlueprintUserMessages: [DoorInverse_5] Not Valid
[2022.03.01-08.30.00:460][387]LogBlueprintUserMessages: [DoorInverse_5] Not Valid
[2022.03.01-08.30.00:474][388]LogBlueprintUserMessages: [DoorInverse_5] Not Valid
[2022.03.01-08.30.00:488][389]LogBlueprintUserMessages: [DoorInverse_5] Not Valid
[2022.03.01-08.30.00:501][390]LogBlueprintUserMessages: [DoorInverse_5] Not Valid
[2022.03.01-08.30.00:515][391]LogBlueprintUserMessages: [DoorInverse_5] Not Valid
[2022.03.01-08.30.00:529][392]LogBlueprintUserMessages: [DoorInverse_5] Not Valid
[2022.03.01-08.30.00:543][393]LogBlueprintUserMessages: [DoorInverse_5] Not Valid
[2022.03.01-08.30.00:557][394]LogBlueprintUserMessages: [DoorInverse_5] Not Valid
[2022.03.01-08.30.00:571][395]LogBlueprintUserMessages: [DoorInverse_5] Not Valid
[2022.03.01-08.30.00:585][396]LogBlueprintUserMessages: [DoorInverse_5] Not Valid
[2022.03.01-08.30.00:599][397]LogBlueprintUserMessages: [DoorInverse_5] Not Valid
[2022.03.01-08.30.00:613][398]LogBlueprintUserMessages: [DoorInverse_5] Not Valid
[2022.03.01-08.30.00:627][399]LogBlueprintUserMessages: [DoorInverse_5] Not Valid
[2022.03.01-08.30.00:641][400]LogBlueprintUserMessages: [DoorInverse_5] Not Valid
[2022.03.01-08.30.00:655][401]LogBlueprintUserMessages: [DoorInverse_5] Not Valid
[2022.03.01-08.30.00:669][402]LogBlueprintUserMessages: [DoorInverse_5] Not Valid
[2022.03.01-08.30.00:683][403]LogBlueprintUserMessages: [DoorInverse_5] Not Valid
[2022.03.01-08.30.00:697][404]LogBlueprintUserMessages: [DoorInverse_5] Not Valid
[2022.03.01-08.30.00:711][405]LogBlueprintUserMessages: [DoorInverse_5] Not Valid
[2022.03.01-08.30.00:724][406]LogBlueprintUserMessages: [DoorInverse_5] Not Valid
[2022.03.01-08.30.00:738][407]LogBlueprintUserMessages: [DoorInverse_5] Not Valid
[2022.03.01-08.30.00:752][408]LogBlueprintUserMessages: [DoorInverse_5] Not Valid
[2022.03.01-08.30.00:766][409]LogBlueprintUserMessages: [DoorInverse_5] Not Valid
[2022.03.01-08.30.00:780][410]LogBlueprintUserMessages: [DoorInverse_5] Not Valid
[2022.03.01-08.30.00:793][411]LogBlueprintUserMessages: [DoorInverse_5] Not Valid
[2022.03.01-08.30.00:807][412]LogBlueprintUserMessages: [DoorInverse_5] Not Valid
[2022.03.01-08.30.00:821][413]LogBlueprintUserMessages: [DoorInverse_5] Not Valid
[2022.03.01-08.30.00:835][414]LogBlueprintUserMessages: [DoorInverse_5] Not Valid
[2022.03.01-08.30.00:849][415]LogBlueprintUserMessages: [DoorInverse_5] Not Valid
[2022.03.01-08.30.00:863][416]LogBlueprintUserMessages: [DoorInverse_5] Not Valid
[2022.03.01-08.30.00:877][417]LogBlueprintUserMessages: [DoorInverse_5] Not Valid
[2022.03.01-08.30.00:891][418]LogBlueprintUserMessages: [DoorInverse_5] Not Valid
[2022.03.01-08.30.00:905][419]LogBlueprintUserMessages: [DoorInverse_5] Not Valid
[2022.03.01-08.30.00:919][420]LogBlueprintUserMessages: [DoorInverse_5] Not Valid
[2022.03.01-08.30.00:933][421]LogBlueprintUserMessages: [DoorInverse_5] Not Valid
[2022.03.01-08.30.00:947][422]LogBlueprintUserMessages: [DoorInverse_5] Not Valid
[2022.03.01-08.30.00:961][423]LogBlueprintUserMessages: [DoorInverse_5] Not Valid
[2022.03.01-08.30.00:975][424]LogBlueprintUserMessages: [DoorInverse_5] Not Valid
[2022.03.01-08.30.00:989][425]LogBlueprintUserMessages: [DoorInverse_5] Not Valid
[2022.03.01-08.30.01:002][426]LogBlueprintUserMessages: [DoorInverse_5] Not Valid
[2022.03.01-08.30.01:016][427]LogBlueprintUserMessages: [DoorInverse_5] Not Valid
[2022.03.01-08.30.01:030][428]LogBlueprintUserMessages: [DoorInverse_5] Not Valid
[2022.03.01-08.30.01:045][429]LogBlueprintUserMessages: [DoorInverse_5] Not Valid
[2022.03.01-08.30.01:058][430]LogBlueprintUserMessages: [DoorInverse_5] Not Valid
[2022.03.01-08.30.01:072][431]LogBlueprintUserMessages: [DoorInverse_5] Not Valid
[2022.03.01-08.30.01:086][432]LogBlueprintUserMessages: [DoorInverse_5] Not Valid
[2022.03.01-08.30.01:100][433]LogBlueprintUserMessages: [DoorInverse_5] Not Valid
[2022.03.01-08.30.01:114][434]LogBlueprintUserMessages: [DoorInverse_5] Not Valid
[2022.03.01-08.30.01:128][435]LogBlueprintUserMessages: [DoorInverse_5] Not Valid
[2022.03.01-08.30.01:142][436]LogBlueprintUserMessages: [DoorInverse_5] Not Valid
[2022.03.01-08.30.01:156][437]LogBlueprintUserMessages: [DoorInverse_5] Not Valid
[2022.03.01-08.30.01:170][438]LogBlueprintUserMessages: [DoorInverse_5] Not Valid
[2022.03.01-08.30.01:184][439]LogBlueprintUserMessages: [DoorInverse_5] Not Valid
[2022.03.01-08.30.01:198][440]LogBlueprintUserMessages: [DoorInverse_5] Not Valid
[2022.03.01-08.30.01:212][441]LogBlueprintUserMessages: [DoorInverse_5] Not Valid
[2022.03.01-08.30.01:225][442]LogBlueprintUserMessages: [DoorInverse_5] Not Valid
[2022.03.01-08.30.01:239][443]LogBlueprintUserMessages: [DoorInverse_5] Not Valid
[2022.03.01-08.30.01:253][444]LogBlueprintUserMessages: [DoorInverse_5] Not Valid
[2022.03.01-08.30.01:267][445]LogBlueprintUserMessages: [DoorInverse_5] Not Valid
[2022.03.01-08.30.01:281][446]LogBlueprintUserMessages: [DoorInverse_5] Not Valid
[2022.03.01-08.30.01:295][447]LogBlueprintUserMessages: [DoorInverse_5] Not Valid
[2022.03.01-08.30.01:309][448]LogBlueprintUserMessages: [DoorInverse_5] Not Valid
[2022.03.01-08.30.01:323][449]LogBlueprintUserMessages: [DoorInverse_5] Not Valid
[2022.03.01-08.30.01:337][450]LogBlueprintUserMessages: [DoorInverse_5] Not Valid
[2022.03.01-08.30.01:351][451]LogBlueprintUserMessages: [DoorInverse_5] Not Valid
[2022.03.01-08.30.01:364][452]LogBlueprintUserMessages: [DoorInverse_5] Not Valid
[2022.03.01-08.30.01:378][453]LogBlueprintUserMessages: [DoorInverse_5] Not Valid
[2022.03.01-08.30.01:392][454]LogBlueprintUserMessages: [DoorInverse_5] Not Valid
[2022.03.01-08.30.01:406][455]LogBlueprintUserMessages: [DoorInverse_5] Not Valid
[2022.03.01-08.30.01:420][456]LogBlueprintUserMessages: [DoorInverse_5] Not Valid
[2022.03.01-08.30.01:434][457]LogBlueprintUserMessages: [DoorInverse_5] Not Valid
[2022.03.01-08.30.01:448][458]LogBlueprintUserMessages: [DoorInverse_5] Not Valid
[2022.03.01-08.30.01:462][459]LogBlueprintUserMessages: [DoorInverse_5] Not Valid
[2022.03.01-08.30.01:476][460]LogBlueprintUserMessages: [DoorInverse_5] Not Valid
[2022.03.01-08.30.01:490][461]LogBlueprintUserMessages: [DoorInverse_5] Not Valid
[2022.03.01-08.30.01:504][462]LogBlueprintUserMessages: [DoorInverse_5] Not Valid
[2022.03.01-08.30.01:518][463]LogBlueprintUserMessages: [DoorInverse_5] Not Valid
[2022.03.01-08.30.01:532][464]LogBlueprintUserMessages: [DoorInverse_5] Not Valid
[2022.03.01-08.30.01:545][465]LogBlueprintUserMessages: [DoorInverse_5] Not Valid
[2022.03.01-08.30.01:559][466]LogBlueprintUserMessages: [DoorInverse_5] Not Valid
[2022.03.01-08.30.01:573][467]LogBlueprintUserMessages: [DoorInverse_5] Not Valid
[2022.03.01-08.30.01:587][468]LogBlueprintUserMessages: [DoorInverse_5] Not Valid
[2022.03.01-08.30.01:601][469]LogBlueprintUserMessages: [DoorInverse_5] Not Valid
[2022.03.01-08.30.01:615][470]LogBlueprintUserMessages: [DoorInverse_5] Not Valid
[2022.03.01-08.30.01:629][471]LogBlueprintUserMessages: [DoorInverse_5] Not Valid
[2022.03.01-08.30.01:643][472]LogBlueprintUserMessages: [DoorInverse_5] Not Valid
[2022.03.01-08.30.01:657][473]LogBlueprintUserMessages: [DoorInverse_5] Not Valid
[2022.03.01-08.30.01:671][474]LogBlueprintUserMessages: [DoorInverse_5] Not Valid
[2022.03.01-08.30.01:685][475]LogBlueprintUserMessages: [DoorInverse_5] Not Valid
[2022.03.01-08.30.01:699][476]LogBlueprintUserMessages: [DoorInverse_5] Not Valid
[2022.03.01-08.30.01:713][477]LogBlueprintUserMessages: [DoorInverse_5] Not Valid
[2022.03.01-08.30.01:727][478]LogBlueprintUserMessages: [DoorInverse_5] Not Valid
[2022.03.01-08.30.01:740][479]LogBlueprintUserMessages: [DoorInverse_5] Not Valid
[2022.03.01-08.30.01:754][480]LogBlueprintUserMessages: [DoorInverse_5] Not Valid
[2022.03.01-08.30.01:768][481]LogBlueprintUserMessages: [DoorInverse_5] Not Valid
[2022.03.01-08.30.01:782][482]LogBlueprintUserMessages: [DoorInverse_5] Not Valid
[2022.03.01-08.30.01:796][483]LogBlueprintUserMessages: [DoorInverse_5] Not Valid
[2022.03.01-08.30.01:810][484]LogBlueprintUserMessages: [DoorInverse_5] Not Valid
[2022.03.01-08.30.01:824][485]LogBlueprintUserMessages: [DoorInverse_5] Not Valid
[2022.03.01-08.30.01:838][486]LogBlueprintUserMessages: [DoorInverse_5] Not Valid
[2022.03.01-08.30.01:852][487]LogBlueprintUserMessages: [DoorInverse_5] Not Valid
[2022.03.01-08.30.01:866][488]LogBlueprintUserMessages: [DoorInverse_5] Not Valid
[2022.03.01-08.30.01:880][489]LogBlueprintUserMessages: [DoorInverse_5] Not Valid
[2022.03.01-08.30.01:894][490]LogBlueprintUserMessages: [DoorInverse_5] Not Valid
[2022.03.01-08.30.01:907][491]LogBlueprintUserMessages: [DoorInverse_5] Not Valid
[2022.03.01-08.30.01:921][492]LogBlueprintUserMessages: [DoorInverse_5] Not Valid
[2022.03.01-08.30.01:936][493]LogBlueprintUserMessages: [DoorInverse_5] Not Valid
[2022.03.01-08.30.01:949][494]LogBlueprintUserMessages: [DoorInverse_5] Not Valid
[2022.03.01-08.30.01:963][495]LogBlueprintUserMessages: [DoorInverse_5] Not Valid
[2022.03.01-08.30.01:977][496]LogBlueprintUserMessages: [DoorInverse_5] Not Valid
[2022.03.01-08.30.01:991][497]LogBlueprintUserMessages: [DoorInverse_5] Not Valid
[2022.03.01-08.30.02:005][498]LogBlueprintUserMessages: [DoorInverse_5] Not Valid
[2022.03.01-08.30.02:019][499]LogBlueprintUserMessages: [DoorInverse_5] Not Valid
[2022.03.01-08.30.02:033][500]LogBlueprintUserMessages: [DoorInverse_5] Not Valid
[2022.03.01-08.30.02:047][501]LogBlueprintUserMessages: [DoorInverse_5] Not Valid
[2022.03.01-08.30.02:061][502]LogBlueprintUserMessages: [DoorInverse_5] Not Valid
[2022.03.01-08.30.02:075][503]LogBlueprintUserMessages: [DoorInverse_5] Not Valid
[2022.03.01-08.30.02:089][504]LogBlueprintUserMessages: [DoorInverse_5] Not Valid
[2022.03.01-08.30.02:103][505]LogBlueprintUserMessages: [DoorInverse_5] Not Valid
[2022.03.01-08.30.02:117][506]LogBlueprintUserMessages: [DoorInverse_5] Not Valid
[2022.03.01-08.30.02:131][507]LogBlueprintUserMessages: [DoorInverse_5] Not Valid
[2022.03.01-08.30.02:144][508]LogBlueprintUserMessages: [DoorInverse_5] Not Valid
[2022.03.01-08.30.02:159][509]LogBlueprintUserMessages: [DoorInverse_5] Not Valid
[2022.03.01-08.30.02:172][510]LogBlueprintUserMessages: [DoorInverse_5] Not Valid
[2022.03.01-08.30.02:186][511]LogBlueprintUserMessages: [DoorInverse_5] Not Valid
[2022.03.01-08.30.02:200][512]LogBlueprintUserMessages: [DoorInverse_5] Not Valid
[2022.03.01-08.30.02:214][513]LogBlueprintUserMessages: [DoorInverse_5] Not Valid
[2022.03.01-08.30.02:228][514]LogBlueprintUserMessages: [DoorInverse_5] Not Valid
[2022.03.01-08.30.02:242][515]LogBlueprintUserMessages: [DoorInverse_5] Not Valid
[2022.03.01-08.30.02:256][516]LogBlueprintUserMessages: [DoorInverse_5] Not Valid
[2022.03.01-08.30.02:270][517]LogBlueprintUserMessages: [DoorInverse_5] Not Valid
[2022.03.01-08.30.02:284][518]LogBlueprintUserMessages: [DoorInverse_5] Not Valid
[2022.03.01-08.30.02:298][519]LogBlueprintUserMessages: [DoorInverse_5] Not Valid
[2022.03.01-08.30.02:311][520]LogBlueprintUserMessages: [DoorInverse_5] Not Valid
[2022.03.01-08.30.02:325][521]LogBlueprintUserMessages: [DoorInverse_5] Not Valid
[2022.03.01-08.30.02:339][522]LogBlueprintUserMessages: [DoorInverse_5] Not Valid
[2022.03.01-08.30.02:353][523]LogBlueprintUserMessages: [DoorInverse_5] Not Valid
[2022.03.01-08.30.02:367][524]LogBlueprintUserMessages: [DoorInverse_5] Not Valid
[2022.03.01-08.30.02:381][525]LogBlueprintUserMessages: [DoorInverse_5] Not Valid
[2022.03.01-08.30.02:395][526]LogBlueprintUserMessages: [DoorInverse_5] Not Valid
[2022.03.01-08.30.02:409][527]LogBlueprintUserMessages: [DoorInverse_5] Not Valid
[2022.03.01-08.30.02:423][528]LogBlueprintUserMessages: [DoorInverse_5] Not Valid
[2022.03.01-08.30.02:437][529]LogBlueprintUserMessages: [DoorInverse_5] Not Valid
[2022.03.01-08.30.02:450][530]LogBlueprintUserMessages: [DoorInverse_5] Not Valid
[2022.03.01-08.30.02:464][531]LogBlueprintUserMessages: [DoorInverse_5] Not Valid
[2022.03.01-08.30.02:479][532]LogBlueprintUserMessages: [DoorInverse_5] Not Valid
[2022.03.01-08.30.02:493][533]LogBlueprintUserMessages: [DoorInverse_5] Not Valid
[2022.03.01-08.30.02:506][534]LogBlueprintUserMessages: [DoorInverse_5] Not Valid
[2022.03.01-08.30.02:520][535]LogBlueprintUserMessages: [DoorInverse_5] Not Valid
[2022.03.01-08.30.02:534][536]LogBlueprintUserMessages: [DoorInverse_5] Not Valid
[2022.03.01-08.30.02:548][537]LogBlueprintUserMessages: [DoorInverse_5] Not Valid
[2022.03.01-08.30.02:562][538]LogBlueprintUserMessages: [DoorInverse_5] Not Valid
[2022.03.01-08.30.02:576][539]LogBlueprintUserMessages: [DoorInverse_5] Not Valid
[2022.03.01-08.30.02:590][540]LogBlueprintUserMessages: [DoorInverse_5] Not Valid
[2022.03.01-08.30.02:604][541]LogBlueprintUserMessages: [DoorInverse_5] Not Valid
[2022.03.01-08.30.02:617][542]LogBlueprintUserMessages: [DoorInverse_5] Not Valid
[2022.03.01-08.30.02:632][543]LogBlueprintUserMessages: [DoorInverse_5] Not Valid
[2022.03.01-08.30.02:645][544]LogBlueprintUserMessages: [DoorInverse_5] Not Valid
[2022.03.01-08.30.02:659][545]LogBlueprintUserMessages: [DoorInverse_5] Not Valid
[2022.03.01-08.30.02:673][546]LogBlueprintUserMessages: [DoorInverse_5] Not Valid
[2022.03.01-08.30.02:687][547]LogBlueprintUserMessages: [DoorInverse_5] Not Valid
[2022.03.01-08.30.02:701][548]LogBlueprintUserMessages: [DoorInverse_5] Not Valid
[2022.03.01-08.30.02:715][549]LogBlueprintUserMessages: [DoorInverse_5] Not Valid
[2022.03.01-08.30.02:729][550]LogBlueprintUserMessages: [DoorInverse_5] Not Valid
[2022.03.01-08.30.02:743][551]LogBlueprintUserMessages: [DoorInverse_5] Not Valid
[2022.03.01-08.30.02:757][552]LogBlueprintUserMessages: [DoorInverse_5] Not Valid
[2022.03.01-08.30.02:771][553]LogBlueprintUserMessages: [DoorInverse_5] Not Valid
[2022.03.01-08.30.02:785][554]LogBlueprintUserMessages: [DoorInverse_5] Not Valid
[2022.03.01-08.30.02:799][555]LogBlueprintUserMessages: [DoorInverse_5] Not Valid
[2022.03.01-08.30.02:813][556]LogBlueprintUserMessages: [DoorInverse_5] Not Valid
[2022.03.01-08.30.02:827][557]LogBlueprintUserMessages: [DoorInverse_5] Not Valid
[2022.03.01-08.30.02:840][558]LogBlueprintUserMessages: [DoorInverse_5] Not Valid
[2022.03.01-08.30.02:854][559]LogBlueprintUserMessages: [DoorInverse_5] Not Valid
[2022.03.01-08.30.02:868][560]LogBlueprintUserMessages: [DoorInverse_5] Not Valid
[2022.03.01-08.30.02:882][561]LogBlueprintUserMessages: [DoorInverse_5] Not Valid
[2022.03.01-08.30.02:896][562]LogBlueprintUserMessages: [DoorInverse_5] Not Valid
[2022.03.01-08.30.02:910][563]LogBlueprintUserMessages: [DoorInverse_5] Not Valid
[2022.03.01-08.30.02:924][564]LogBlueprintUserMessages: [DoorInverse_5] Not Valid
[2022.03.01-08.30.02:937][565]LogBlueprintUserMessages: [DoorInverse_5] Not Valid
[2022.03.01-08.30.02:951][566]LogBlueprintUserMessages: [DoorInverse_5] Not Valid
[2022.03.01-08.30.02:965][567]LogBlueprintUserMessages: [DoorInverse_5] Not Valid
[2022.03.01-08.30.02:979][568]LogBlueprintUserMessages: [DoorInverse_5] Not Valid
[2022.03.01-08.30.02:994][569]LogBlueprintUserMessages: [DoorInverse_5] Not Valid
[2022.03.01-08.30.03:007][570]LogBlueprintUserMessages: [DoorInverse_5] Not Valid
[2022.03.01-08.30.03:021][571]LogBlueprintUserMessages: [DoorInverse_5] Not Valid
[2022.03.01-08.30.03:035][572]LogBlueprintUserMessages: [DoorInverse_5] Not Valid
[2022.03.01-08.30.03:049][573]LogBlueprintUserMessages: [DoorInverse_5] Not Valid
[2022.03.01-08.30.03:063][574]LogBlueprintUserMessages: [DoorInverse_5] Not Valid
[2022.03.01-08.30.03:077][575]LogBlueprintUserMessages: [DoorInverse_5] Not Valid
[2022.03.01-08.30.03:091][576]LogBlueprintUserMessages: [DoorInverse_5] Not Valid
[2022.03.01-08.30.03:105][577]LogBlueprintUserMessages: [DoorInverse_5] Not Valid
[2022.03.01-08.30.03:119][578]LogBlueprintUserMessages: [DoorInverse_5] Not Valid
[2022.03.01-08.30.03:133][579]LogBlueprintUserMessages: [DoorInverse_5] Not Valid
[2022.03.01-08.30.03:147][580]LogBlueprintUserMessages: [DoorInverse_5] Not Valid
[2022.03.01-08.30.03:160][581]LogBlueprintUserMessages: [DoorInverse_5] Not Valid
[2022.03.01-08.30.03:176][582]LogBlueprintUserMessages: [DoorInverse_5] Not Valid
[2022.03.01-08.30.03:188][583]LogBlueprintUserMessages: [DoorInverse_5] Not Valid
[2022.03.01-08.30.03:202][584]LogBlueprintUserMessages: [DoorInverse_5] Not Valid
[2022.03.01-08.30.03:216][585]LogBlueprintUserMessages: [DoorInverse_5] Not Valid
[2022.03.01-08.30.03:230][586]LogBlueprintUserMessages: [DoorInverse_5] Not Valid
[2022.03.01-08.30.03:244][587]LogBlueprintUserMessages: [DoorInverse_5] Not Valid
[2022.03.01-08.30.03:258][588]LogBlueprintUserMessages: [DoorInverse_5] Not Valid
[2022.03.01-08.30.03:272][589]LogBlueprintUserMessages: [DoorInverse_5] Not Valid
[2022.03.01-08.30.03:286][590]LogBlueprintUserMessages: [DoorInverse_5] Not Valid
[2022.03.01-08.30.03:300][591]LogBlueprintUserMessages: [DoorInverse_5] Not Valid
[2022.03.01-08.30.03:314][592]LogBlueprintUserMessages: [DoorInverse_5] Not Valid
[2022.03.01-08.30.03:328][593]LogBlueprintUserMessages: [DoorInverse_5] Not Valid
[2022.03.01-08.30.03:342][594]LogBlueprintUserMessages: [DoorInverse_5] Not Valid
[2022.03.01-08.30.03:356][595]LogBlueprintUserMessages: [DoorInverse_5] Not Valid
[2022.03.01-08.30.03:370][596]LogBlueprintUserMessages: [DoorInverse_5] Not Valid
[2022.03.01-08.30.03:383][597]LogBlueprintUserMessages: [DoorInverse_5] Not Valid
[2022.03.01-08.30.03:398][598]LogBlueprintUserMessages: [DoorInverse_5] Not Valid
[2022.03.01-08.30.03:411][599]LogBlueprintUserMessages: [DoorInverse_5] Not Valid
[2022.03.01-08.30.03:425][600]LogBlueprintUserMessages: [DoorInverse_5] Not Valid
[2022.03.01-08.30.03:438][601]LogBlueprintUserMessages: [DoorInverse_5] Not Valid
[2022.03.01-08.30.03:452][602]LogBlueprintUserMessages: [DoorInverse_5] Not Valid
[2022.03.01-08.30.03:466][603]LogBlueprintUserMessages: [DoorInverse_5] Not Valid
[2022.03.01-08.30.03:480][604]LogBlueprintUserMessages: [DoorInverse_5] Not Valid
[2022.03.01-08.30.03:494][605]LogBlueprintUserMessages: [DoorInverse_5] Not Valid
[2022.03.01-08.30.03:508][606]LogBlueprintUserMessages: [DoorInverse_5] Not Valid
[2022.03.01-08.30.03:522][607]LogBlueprintUserMessages: [DoorInverse_5] Not Valid
[2022.03.01-08.30.03:536][608]LogBlueprintUserMessages: [DoorInverse_5] Not Valid
[2022.03.01-08.30.03:550][609]LogBlueprintUserMessages: [DoorInverse_5] Not Valid
[2022.03.01-08.30.03:564][610]LogBlueprintUserMessages: [DoorInverse_5] Not Valid
[2022.03.01-08.30.03:578][611]LogBlueprintUserMessages: [DoorInverse_5] Not Valid
[2022.03.01-08.30.03:592][612]LogBlueprintUserMessages: [DoorInverse_5] Not Valid
[2022.03.01-08.30.03:606][613]LogBlueprintUserMessages: [DoorInverse_5] Not Valid
[2022.03.01-08.30.03:620][614]LogBlueprintUserMessages: [DoorInverse_5] Not Valid
[2022.03.01-08.30.03:634][615]LogBlueprintUserMessages: [DoorInverse_5] Not Valid
[2022.03.01-08.30.03:648][616]LogBlueprintUserMessages: [DoorInverse_5] Not Valid
[2022.03.01-08.30.03:662][617]LogBlueprintUserMessages: [DoorInverse_5] Not Valid
[2022.03.01-08.30.03:676][618]LogBlueprintUserMessages: [DoorInverse_5] Not Valid
[2022.03.01-08.30.03:689][619]LogBlueprintUserMessages: [DoorInverse_5] Not Valid
[2022.03.01-08.30.03:704][620]LogBlueprintUserMessages: [DoorInverse_5] Not Valid
[2022.03.01-08.30.03:717][621]LogBlueprintUserMessages: [DoorInverse_5] Not Valid
[2022.03.01-08.30.03:731][622]LogBlueprintUserMessages: [DoorInverse_5] Not Valid
[2022.03.01-08.30.03:745][623]LogBlueprintUserMessages: [DoorInverse_5] Not Valid
[2022.03.01-08.30.03:759][624]LogBlueprintUserMessages: [DoorInverse_5] Not Valid
[2022.03.01-08.30.03:773][625]LogBlueprintUserMessages: [DoorInverse_5] Not Valid
[2022.03.01-08.30.03:787][626]LogBlueprintUserMessages: [DoorInverse_5] Not Valid
[2022.03.01-08.30.03:801][627]LogBlueprintUserMessages: [DoorInverse_5] Not Valid
[2022.03.01-08.30.03:815][628]LogBlueprintUserMessages: [DoorInverse_5] Not Valid
[2022.03.01-08.30.03:829][629]LogBlueprintUserMessages: [DoorInverse_5] Not Valid
[2022.03.01-08.30.03:843][630]LogBlueprintUserMessages: [DoorInverse_5] Not Valid
[2022.03.01-08.30.03:856][631]LogBlueprintUserMessages: [DoorInverse_5] Not Valid
[2022.03.01-08.30.03:870][632]LogBlueprintUserMessages: [DoorInverse_5] Not Valid
[2022.03.01-08.30.03:884][633]LogBlueprintUserMessages: [DoorInverse_5] Not Valid
[2022.03.01-08.30.03:898][634]LogBlueprintUserMessages: [DoorInverse_5] Not Valid
[2022.03.01-08.30.03:912][635]LogBlueprintUserMessages: [DoorInverse_5] Not Valid
[2022.03.01-08.30.03:926][636]LogBlueprintUserMessages: [DoorInverse_5] Not Valid
[2022.03.01-08.30.03:940][637]LogBlueprintUserMessages: [DoorInverse_5] Not Valid
[2022.03.01-08.30.03:954][638]LogBlueprintUserMessages: [DoorInverse_5] Not Valid
[2022.03.01-08.30.03:968][639]LogBlueprintUserMessages: [DoorInverse_5] Not Valid
[2022.03.01-08.30.03:982][640]LogBlueprintUserMessages: [DoorInverse_5] Not Valid
[2022.03.01-08.30.03:995][641]LogBlueprintUserMessages: [DoorInverse_5] Not Valid
[2022.03.01-08.30.04:009][642]LogBlueprintUserMessages: [DoorInverse_5] Not Valid
[2022.03.01-08.30.04:024][643]LogBlueprintUserMessages: [DoorInverse_5] Not Valid
[2022.03.01-08.30.04:038][644]LogBlueprintUserMessages: [DoorInverse_5] Not Valid
[2022.03.01-08.30.04:052][645]LogBlueprintUserMessages: [DoorInverse_5] Not Valid
[2022.03.01-08.30.04:066][646]LogBlueprintUserMessages: [DoorInverse_5] Not Valid
[2022.03.01-08.30.04:080][647]LogBlueprintUserMessages: [DoorInverse_5] Not Valid
[2022.03.01-08.30.04:093][648]LogBlueprintUserMessages: [DoorInverse_5] Not Valid
[2022.03.01-08.30.04:107][649]LogBlueprintUserMessages: [DoorInverse_5] Not Valid
[2022.03.01-08.30.04:121][650]LogBlueprintUserMessages: [DoorInverse_5] Not Valid
[2022.03.01-08.30.04:135][651]LogBlueprintUserMessages: [DoorInverse_5] Not Valid
[2022.03.01-08.30.04:149][652]LogBlueprintUserMessages: [DoorInverse_5] Not Valid
[2022.03.01-08.30.04:163][653]LogBlueprintUserMessages: [DoorInverse_5] Not Valid
[2022.03.01-08.30.04:176][654]LogBlueprintUserMessages: [DoorInverse_5] Not Valid
[2022.03.01-08.30.04:190][655]LogBlueprintUserMessages: [DoorInverse_5] Not Valid
[2022.03.01-08.30.04:204][656]LogBlueprintUserMessages: [DoorInverse_5] Not Valid
[2022.03.01-08.30.04:218][657]LogBlueprintUserMessages: [DoorInverse_5] Not Valid
[2022.03.01-08.30.04:232][658]LogBlueprintUserMessages: [DoorInverse_5] Not Valid
[2022.03.01-08.30.04:246][659]LogBlueprintUserMessages: [DoorInverse_5] Not Valid
[2022.03.01-08.30.04:260][660]LogBlueprintUserMessages: [DoorInverse_5] Not Valid
[2022.03.01-08.30.04:274][661]LogBlueprintUserMessages: [DoorInverse_5] Not Valid
[2022.03.01-08.30.04:288][662]LogBlueprintUserMessages: [DoorInverse_5] Not Valid
[2022.03.01-08.30.04:302][663]LogBlueprintUserMessages: [DoorInverse_5] Not Valid
[2022.03.01-08.30.04:316][664]LogBlueprintUserMessages: [DoorInverse_5] Not Valid
[2022.03.01-08.30.04:330][665]LogBlueprintUserMessages: [DoorInverse_5] Not Valid
[2022.03.01-08.30.04:343][666]LogBlueprintUserMessages: [DoorInverse_5] Not Valid
[2022.03.01-08.30.04:357][667]LogBlueprintUserMessages: [DoorInverse_5] Not Valid
[2022.03.01-08.30.04:371][668]LogBlueprintUserMessages: [DoorInverse_5] Not Valid
[2022.03.01-08.30.04:385][669]LogBlueprintUserMessages: [DoorInverse_5] Not Valid
[2022.03.01-08.30.04:399][670]LogBlueprintUserMessages: [DoorInverse_5] Not Valid
[2022.03.01-08.30.04:413][671]LogBlueprintUserMessages: [DoorInverse_5] Not Valid
[2022.03.01-08.30.04:427][672]LogBlueprintUserMessages: [DoorInverse_5] Not Valid
[2022.03.01-08.30.04:441][673]LogBlueprintUserMessages: [DoorInverse_5] Not Valid
[2022.03.01-08.30.04:455][674]LogBlueprintUserMessages: [DoorInverse_5] Not Valid
[2022.03.01-08.30.04:469][675]LogBlueprintUserMessages: [DoorInverse_5] Not Valid
[2022.03.01-08.30.04:483][676]LogBlueprintUserMessages: [DoorInverse_5] Not Valid
[2022.03.01-08.30.04:497][677]LogBlueprintUserMessages: [DoorInverse_5] Not Valid
[2022.03.01-08.30.04:511][678]LogBlueprintUserMessages: [DoorInverse_5] Not Valid
[2022.03.01-08.30.04:525][679]LogBlueprintUserMessages: [DoorInverse_5] Not Valid
[2022.03.01-08.30.04:539][680]LogBlueprintUserMessages: [DoorInverse_5] Not Valid
[2022.03.01-08.30.04:553][681]LogBlueprintUserMessages: [DoorInverse_5] Not Valid
[2022.03.01-08.30.04:566][682]LogBlueprintUserMessages: [DoorInverse_5] Not Valid
[2022.03.01-08.30.04:581][683]LogBlueprintUserMessages: [DoorInverse_5] Not Valid
[2022.03.01-08.30.04:595][684]LogBlueprintUserMessages: [DoorInverse_5] Not Valid
[2022.03.01-08.30.04:609][685]LogBlueprintUserMessages: [DoorInverse_5] Not Valid
[2022.03.01-08.30.04:623][686]LogBlueprintUserMessages: [DoorInverse_5] Not Valid
[2022.03.01-08.30.04:636][687]LogBlueprintUserMessages: [DoorInverse_5] Not Valid
[2022.03.01-08.30.04:650][688]LogBlueprintUserMessages: [DoorInverse_5] Not Valid
[2022.03.01-08.30.04:664][689]LogBlueprintUserMessages: [DoorInverse_5] Not Valid
[2022.03.01-08.30.04:678][690]LogBlueprintUserMessages: [DoorInverse_5] Not Valid
[2022.03.01-08.30.04:692][691]LogBlueprintUserMessages: [DoorInverse_5] Not Valid
[2022.03.01-08.30.04:706][692]LogBlueprintUserMessages: [DoorInverse_5] Not Valid
[2022.03.01-08.30.04:720][693]LogBlueprintUserMessages: [DoorInverse_5] Not Valid
[2022.03.01-08.30.04:734][694]LogBlueprintUserMessages: [DoorInverse_5] Not Valid
[2022.03.01-08.30.04:748][695]LogBlueprintUserMessages: [DoorInverse_5] Not Valid
[2022.03.01-08.30.04:762][696]LogBlueprintUserMessages: [DoorInverse_5] Not Valid
[2022.03.01-08.30.04:776][697]LogBlueprintUserMessages: [DoorInverse_5] Not Valid
[2022.03.01-08.30.04:790][698]LogBlueprintUserMessages: [DoorInverse_5] Not Valid
[2022.03.01-08.30.04:804][699]LogBlueprintUserMessages: [DoorInverse_5] Not Valid
[2022.03.01-08.30.04:817][700]LogBlueprintUserMessages: [DoorInverse_5] Not Valid
[2022.03.01-08.30.04:831][701]LogBlueprintUserMessages: [DoorInverse_5] Not Valid
[2022.03.01-08.30.04:845][702]LogBlueprintUserMessages: [DoorInverse_5] Not Valid
[2022.03.01-08.30.04:859][703]LogBlueprintUserMessages: [DoorInverse_5] Not Valid
[2022.03.01-08.30.04:873][704]LogBlueprintUserMessages: [DoorInverse_5] Not Valid
[2022.03.01-08.30.04:886][705]LogBlueprintUserMessages: [DoorInverse_5] Not Valid
[2022.03.01-08.30.04:900][706]LogBlueprintUserMessages: [DoorInverse_5] Not Valid
[2022.03.01-08.30.04:914][707]LogBlueprintUserMessages: [DoorInverse_5] Not Valid
[2022.03.01-08.30.04:928][708]LogBlueprintUserMessages: [DoorInverse_5] Not Valid
[2022.03.01-08.30.04:943][709]LogBlueprintUserMessages: [DoorInverse_5] Not Valid
[2022.03.01-08.30.04:957][710]LogBlueprintUserMessages: [DoorInverse_5] Not Valid
[2022.03.01-08.30.04:971][711]LogBlueprintUserMessages: [DoorInverse_5] Not Valid
[2022.03.01-08.30.04:985][712]LogBlueprintUserMessages: [DoorInverse_5] Not Valid
[2022.03.01-08.30.04:998][713]LogBlueprintUserMessages: [DoorInverse_5] Not Valid
[2022.03.01-08.30.05:012][714]LogBlueprintUserMessages: [DoorInverse_5] Not Valid
[2022.03.01-08.30.05:026][715]LogBlueprintUserMessages: [DoorInverse_5] Not Valid
[2022.03.01-08.30.05:040][716]LogBlueprintUserMessages: [DoorInverse_5] Not Valid
[2022.03.01-08.30.05:054][717]LogBlueprintUserMessages: [DoorInverse_5] Not Valid
[2022.03.01-08.30.05:068][718]LogBlueprintUserMessages: [DoorInverse_5] Not Valid
[2022.03.01-08.30.05:082][719]LogBlueprintUserMessages: [DoorInverse_5] Not Valid
[2022.03.01-08.30.05:096][720]LogBlueprintUserMessages: [DoorInverse_5] Not Valid
[2022.03.01-08.30.05:110][721]LogBlueprintUserMessages: [DoorInverse_5] Not Valid
[2022.03.01-08.30.05:123][722]LogBlueprintUserMessages: [DoorInverse_5] Not Valid
[2022.03.01-08.30.05:137][723]LogBlueprintUserMessages: [DoorInverse_5] Not Valid
[2022.03.01-08.30.05:151][724]LogBlueprintUserMessages: [DoorInverse_5] Not Valid
[2022.03.01-08.30.05:165][725]LogBlueprintUserMessages: [DoorInverse_5] Not Valid
[2022.03.01-08.30.05:179][726]LogBlueprintUserMessages: [DoorInverse_5] Not Valid
[2022.03.01-08.30.05:193][727]LogBlueprintUserMessages: [DoorInverse_5] Not Valid
[2022.03.01-08.30.05:207][728]LogBlueprintUserMessages: [DoorInverse_5] Not Valid
[2022.03.01-08.30.05:221][729]LogBlueprintUserMessages: [DoorInverse_5] Not Valid
[2022.03.01-08.30.05:235][730]LogBlueprintUserMessages: [DoorInverse_5] Not Valid
[2022.03.01-08.30.05:249][731]LogBlueprintUserMessages: [DoorInverse_5] Not Valid
[2022.03.01-08.30.05:263][732]LogBlueprintUserMessages: [DoorInverse_5] Not Valid
[2022.03.01-08.30.05:277][733]LogBlueprintUserMessages: [DoorInverse_5] Not Valid
[2022.03.01-08.30.05:291][734]LogBlueprintUserMessages: [DoorInverse_5] Not Valid
[2022.03.01-08.30.05:304][735]LogBlueprintUserMessages: [DoorInverse_5] Not Valid
[2022.03.01-08.30.05:318][736]LogBlueprintUserMessages: [DoorInverse_5] Not Valid
[2022.03.01-08.30.05:332][737]LogBlueprintUserMessages: [DoorInverse_5] Not Valid
[2022.03.01-08.30.05:346][738]LogBlueprintUserMessages: [DoorInverse_5] Not Valid
[2022.03.01-08.30.05:360][739]LogBlueprintUserMessages: [DoorInverse_5] Not Valid
[2022.03.01-08.30.05:374][740]LogBlueprintUserMessages: [DoorInverse_5] Not Valid
[2022.03.01-08.30.05:388][741]LogBlueprintUserMessages: [DoorInverse_5] Not Valid
[2022.03.01-08.30.05:402][742]LogBlueprintUserMessages: [DoorInverse_5] Not Valid
[2022.03.01-08.30.05:416][743]LogBlueprintUserMessages: [DoorInverse_5] Not Valid
[2022.03.01-08.30.05:430][744]LogBlueprintUserMessages: [DoorInverse_5] Not Valid
[2022.03.01-08.30.05:444][745]LogBlueprintUserMessages: [DoorInverse_5] Not Valid
[2022.03.01-08.30.05:458][746]LogBlueprintUserMessages: [DoorInverse_5] Not Valid
[2022.03.01-08.30.05:472][747]LogBlueprintUserMessages: [DoorInverse_5] Not Valid
[2022.03.01-08.30.05:486][748]LogBlueprintUserMessages: [DoorInverse_5] Not Valid
[2022.03.01-08.30.05:499][749]LogBlueprintUserMessages: [DoorInverse_5] Not Valid
[2022.03.01-08.30.05:513][750]LogBlueprintUserMessages: [DoorInverse_5] Not Valid
[2022.03.01-08.30.05:527][751]LogBlueprintUserMessages: [DoorInverse_5] Not Valid
[2022.03.01-08.30.05:541][752]LogBlueprintUserMessages: [DoorInverse_5] Not Valid
[2022.03.01-08.30.05:555][753]LogBlueprintUserMessages: [DoorInverse_5] Not Valid
[2022.03.01-08.30.05:569][754]LogBlueprintUserMessages: [DoorInverse_5] Not Valid
[2022.03.01-08.30.05:583][755]LogBlueprintUserMessages: [DoorInverse_5] Not Valid
[2022.03.01-08.30.05:597][756]LogBlueprintUserMessages: [DoorInverse_5] Not Valid
[2022.03.01-08.30.05:611][757]LogBlueprintUserMessages: [DoorInverse_5] Not Valid
[2022.03.01-08.30.05:624][758]LogBlueprintUserMessages: [DoorInverse_5] Not Valid
[2022.03.01-08.30.05:638][759]LogBlueprintUserMessages: [DoorInverse_5] Not Valid
[2022.03.01-08.30.05:652][760]LogBlueprintUserMessages: [DoorInverse_5] Not Valid
[2022.03.01-08.30.05:666][761]LogBlueprintUserMessages: [DoorInverse_5] Not Valid
[2022.03.01-08.30.05:680][762]LogBlueprintUserMessages: [DoorInverse_5] Not Valid
[2022.03.01-08.30.05:694][763]LogBlueprintUserMessages: [DoorInverse_5] Not Valid
[2022.03.01-08.30.05:708][764]LogBlueprintUserMessages: [DoorInverse_5] Not Valid
[2022.03.01-08.30.05:722][765]LogBlueprintUserMessages: [DoorInverse_5] Not Valid
[2022.03.01-08.30.05:736][766]LogBlueprintUserMessages: [DoorInverse_5] Not Valid
[2022.03.01-08.30.05:750][767]LogBlueprintUserMessages: [DoorInverse_5] Not Valid
[2022.03.01-08.30.05:764][768]LogBlueprintUserMessages: [DoorInverse_5] Not Valid
[2022.03.01-08.30.05:778][769]LogBlueprintUserMessages: [DoorInverse_5] Not Valid
[2022.03.01-08.30.05:792][770]LogBlueprintUserMessages: [DoorInverse_5] Not Valid
[2022.03.01-08.30.05:806][771]LogBlueprintUserMessages: [DoorInverse_5] Not Valid
[2022.03.01-08.30.05:820][772]LogBlueprintUserMessages: [DoorInverse_5] Not Valid
[2022.03.01-08.30.05:834][773]LogBlueprintUserMessages: [DoorInverse_5] Not Valid
[2022.03.01-08.30.05:848][774]LogBlueprintUserMessages: [DoorInverse_5] Not Valid
[2022.03.01-08.30.05:862][775]LogBlueprintUserMessages: [DoorInverse_5] Not Valid
[2022.03.01-08.30.05:876][776]LogBlueprintUserMessages: [DoorInverse_5] Not Valid
[2022.03.01-08.30.05:890][777]LogBlueprintUserMessages: [DoorInverse_5] Not Valid
[2022.03.01-08.30.05:903][778]LogBlueprintUserMessages: [DoorInverse_5] Not Valid
[2022.03.01-08.30.05:916][779]LogBlueprintUserMessages: [DoorInverse_5] Not Valid
[2022.03.01-08.30.05:930][780]LogBlueprintUserMessages: [DoorInverse_5] Not Valid
[2022.03.01-08.30.05:945][781]LogBlueprintUserMessages: [DoorInverse_5] Not Valid
[2022.03.01-08.30.05:958][782]LogBlueprintUserMessages: [DoorInverse_5] Not Valid
[2022.03.01-08.30.05:973][783]LogBlueprintUserMessages: [DoorInverse_5] Not Valid
[2022.03.01-08.30.05:987][784]LogBlueprintUserMessages: [DoorInverse_5] Not Valid
[2022.03.01-08.30.06:001][785]LogBlueprintUserMessages: [DoorInverse_5] Not Valid
[2022.03.01-08.30.06:015][786]LogBlueprintUserMessages: [DoorInverse_5] Not Valid
[2022.03.01-08.30.06:029][787]LogBlueprintUserMessages: [DoorInverse_5] Not Valid
[2022.03.01-08.30.06:043][788]LogBlueprintUserMessages: [DoorInverse_5] Not Valid
[2022.03.01-08.30.06:056][789]LogBlueprintUserMessages: [DoorInverse_5] Not Valid
[2022.03.01-08.30.06:070][790]LogBlueprintUserMessages: [DoorInverse_5] Not Valid
[2022.03.01-08.30.06:084][791]LogBlueprintUserMessages: [DoorInverse_5] Not Valid
[2022.03.01-08.30.06:098][792]LogBlueprintUserMessages: [DoorInverse_5] Not Valid
[2022.03.01-08.30.06:112][793]LogBlueprintUserMessages: [DoorInverse_5] Not Valid
[2022.03.01-08.30.06:126][794]LogBlueprintUserMessages: [DoorInverse_5] Not Valid
[2022.03.01-08.30.06:140][795]LogBlueprintUserMessages: [DoorInverse_5] Not Valid
[2022.03.01-08.30.06:153][796]LogBlueprintUserMessages: [DoorInverse_5] Not Valid
[2022.03.01-08.30.06:167][797]LogBlueprintUserMessages: [DoorInverse_5] Not Valid
[2022.03.01-08.30.06:181][798]LogBlueprintUserMessages: [DoorInverse_5] Not Valid
[2022.03.01-08.30.06:195][799]LogBlueprintUserMessages: [DoorInverse_5] Not Valid
[2022.03.01-08.30.06:209][800]LogBlueprintUserMessages: [DoorInverse_5] Not Valid
[2022.03.01-08.30.06:223][801]LogBlueprintUserMessages: [DoorInverse_5] Not Valid
[2022.03.01-08.30.06:237][802]LogBlueprintUserMessages: [DoorInverse_5] Not Valid
[2022.03.01-08.30.06:251][803]LogBlueprintUserMessages: [DoorInverse_5] Not Valid
[2022.03.01-08.30.06:265][804]LogBlueprintUserMessages: [DoorInverse_5] Not Valid
[2022.03.01-08.30.06:279][805]LogBlueprintUserMessages: [DoorInverse_5] Not Valid
[2022.03.01-08.30.06:293][806]LogBlueprintUserMessages: [DoorInverse_5] Not Valid
[2022.03.01-08.30.06:307][807]LogBlueprintUserMessages: [DoorInverse_5] Not Valid
[2022.03.01-08.30.06:321][808]LogBlueprintUserMessages: [DoorInverse_5] Not Valid
[2022.03.01-08.30.06:335][809]LogBlueprintUserMessages: [DoorInverse_5] Not Valid
[2022.03.01-08.30.06:349][810]LogBlueprintUserMessages: [DoorInverse_5] Not Valid
[2022.03.01-08.30.06:363][811]LogBlueprintUserMessages: [DoorInverse_5] Not Valid
[2022.03.01-08.30.06:377][812]LogBlueprintUserMessages: [DoorInverse_5] Not Valid
[2022.03.01-08.30.06:390][813]LogBlueprintUserMessages: [DoorInverse_5] Not Valid
[2022.03.01-08.30.06:404][814]LogBlueprintUserMessages: [DoorInverse_5] Not Valid
[2022.03.01-08.30.06:418][815]LogBlueprintUserMessages: [DoorInverse_5] Not Valid
[2022.03.01-08.30.06:432][816]LogBlueprintUserMessages: [DoorInverse_5] Not Valid
[2022.03.01-08.30.06:446][817]LogBlueprintUserMessages: [DoorInverse_5] Not Valid
[2022.03.01-08.30.06:460][818]LogBlueprintUserMessages: [DoorInverse_5] Not Valid
[2022.03.01-08.30.06:473][819]LogBlueprintUserMessages: [DoorInverse_5] Not Valid
[2022.03.01-08.30.06:488][820]LogBlueprintUserMessages: [DoorInverse_5] Not Valid
[2022.03.01-08.30.06:501][821]LogBlueprintUserMessages: [DoorInverse_5] Not Valid
[2022.03.01-08.30.06:515][822]LogBlueprintUserMessages: [DoorInverse_5] Not Valid
[2022.03.01-08.30.06:529][823]LogBlueprintUserMessages: [DoorInverse_5] Not Valid
[2022.03.01-08.30.06:543][824]LogBlueprintUserMessages: [DoorInverse_5] Not Valid
[2022.03.01-08.30.06:557][825]LogBlueprintUserMessages: [DoorInverse_5] Not Valid
[2022.03.01-08.30.06:571][826]LogBlueprintUserMessages: [DoorInverse_5] Not Valid
[2022.03.01-08.30.06:585][827]LogBlueprintUserMessages: [DoorInverse_5] Not Valid
[2022.03.01-08.30.06:599][828]LogBlueprintUserMessages: [DoorInverse_5] Not Valid
[2022.03.01-08.30.06:613][829]LogBlueprintUserMessages: [DoorInverse_5] Not Valid
[2022.03.01-08.30.06:627][830]LogBlueprintUserMessages: [DoorInverse_5] Not Valid
[2022.03.01-08.30.06:641][831]LogBlueprintUserMessages: [DoorInverse_5] Not Valid
[2022.03.01-08.30.06:655][832]LogBlueprintUserMessages: [DoorInverse_5] Not Valid
[2022.03.01-08.30.06:669][833]LogBlueprintUserMessages: [DoorInverse_5] Not Valid
[2022.03.01-08.30.06:683][834]LogBlueprintUserMessages: [DoorInverse_5] Not Valid
[2022.03.01-08.30.06:697][835]LogBlueprintUserMessages: [DoorInverse_5] Not Valid
[2022.03.01-08.30.06:711][836]LogBlueprintUserMessages: [DoorInverse_5] Not Valid
[2022.03.01-08.30.06:725][837]LogBlueprintUserMessages: [DoorInverse_5] Not Valid
[2022.03.01-08.30.06:739][838]LogBlueprintUserMessages: [DoorInverse_5] Not Valid
[2022.03.01-08.30.06:753][839]LogBlueprintUserMessages: [DoorInverse_5] Not Valid
[2022.03.01-08.30.06:766][840]LogBlueprintUserMessages: [DoorInverse_5] Not Valid
[2022.03.01-08.30.06:780][841]LogBlueprintUserMessages: [DoorInverse_5] Not Valid
[2022.03.01-08.30.06:794][842]LogBlueprintUserMessages: [DoorInverse_5] Not Valid
[2022.03.01-08.30.06:808][843]LogBlueprintUserMessages: [DoorInverse_5] Not Valid
[2022.03.01-08.30.06:822][844]LogBlueprintUserMessages: [DoorInverse_5] Not Valid
[2022.03.01-08.30.06:836][845]LogBlueprintUserMessages: [DoorInverse_5] Not Valid
[2022.03.01-08.30.06:850][846]LogBlueprintUserMessages: [DoorInverse_5] Not Valid
[2022.03.01-08.30.06:864][847]LogBlueprintUserMessages: [DoorInverse_5] Not Valid
[2022.03.01-08.30.06:878][848]LogBlueprintUserMessages: [DoorInverse_5] Not Valid
[2022.03.01-08.30.06:891][849]LogBlueprintUserMessages: [DoorInverse_5] Not Valid
[2022.03.01-08.30.06:905][850]LogBlueprintUserMessages: [DoorInverse_5] Not Valid
[2022.03.01-08.30.06:919][851]LogBlueprintUserMessages: [DoorInverse_5] Not Valid
[2022.03.01-08.30.06:933][852]LogBlueprintUserMessages: [DoorInverse_5] Not Valid
[2022.03.01-08.30.06:947][853]LogBlueprintUserMessages: [DoorInverse_5] Not Valid
[2022.03.01-08.30.06:961][854]LogBlueprintUserMessages: [DoorInverse_5] Not Valid
[2022.03.01-08.30.06:975][855]LogBlueprintUserMessages: [DoorInverse_5] Not Valid
[2022.03.01-08.30.06:989][856]LogBlueprintUserMessages: [DoorInverse_5] Not Valid
[2022.03.01-08.30.07:003][857]LogBlueprintUserMessages: [DoorInverse_5] Not Valid
[2022.03.01-08.30.07:017][858]LogBlueprintUserMessages: [DoorInverse_5] Not Valid
[2022.03.01-08.30.07:030][859]LogBlueprintUserMessages: [DoorInverse_5] Not Valid
[2022.03.01-08.30.07:044][860]LogBlueprintUserMessages: [DoorInverse_5] Not Valid
[2022.03.01-08.30.07:058][861]LogBlueprintUserMessages: [DoorInverse_5] Not Valid
[2022.03.01-08.30.07:072][862]LogBlueprintUserMessages: [DoorInverse_5] Not Valid
[2022.03.01-08.30.07:086][863]LogBlueprintUserMessages: [DoorInverse_5] Not Valid
[2022.03.01-08.30.07:100][864]LogBlueprintUserMessages: [DoorInverse_5] Not Valid
[2022.03.01-08.30.07:114][865]LogBlueprintUserMessages: [DoorInverse_5] Not Valid
[2022.03.01-08.30.07:128][866]LogBlueprintUserMessages: [DoorInverse_5] Not Valid
[2022.03.01-08.30.07:142][867]LogBlueprintUserMessages: [DoorInverse_5] Not Valid
[2022.03.01-08.30.07:156][868]LogBlueprintUserMessages: [DoorInverse_5] Not Valid
[2022.03.01-08.30.07:170][869]LogBlueprintUserMessages: [DoorInverse_5] Not Valid
[2022.03.01-08.30.07:184][870]LogBlueprintUserMessages: [DoorInverse_5] Not Valid
[2022.03.01-08.30.07:198][871]LogBlueprintUserMessages: [DoorInverse_5] Not Valid
[2022.03.01-08.30.07:212][872]LogBlueprintUserMessages: [DoorInverse_5] Not Valid
[2022.03.01-08.30.07:226][873]LogBlueprintUserMessages: [DoorInverse_5] Not Valid
[2022.03.01-08.30.07:240][874]LogBlueprintUserMessages: [DoorInverse_5] Not Valid
[2022.03.01-08.30.07:254][875]LogBlueprintUserMessages: [DoorInverse_5] Not Valid
[2022.03.01-08.30.07:268][876]LogBlueprintUserMessages: [DoorInverse_5] Not Valid
[2022.03.01-08.30.07:281][877]LogBlueprintUserMessages: [DoorInverse_5] Not Valid
[2022.03.01-08.30.07:295][878]LogBlueprintUserMessages: [DoorInverse_5] Not Valid
[2022.03.01-08.30.07:309][879]LogBlueprintUserMessages: [DoorInverse_5] Not Valid
[2022.03.01-08.30.07:323][880]LogBlueprintUserMessages: [DoorInverse_5] Not Valid
[2022.03.01-08.30.07:337][881]LogBlueprintUserMessages: [DoorInverse_5] Not Valid
[2022.03.01-08.30.07:351][882]LogBlueprintUserMessages: [DoorInverse_5] Not Valid
[2022.03.01-08.30.07:365][883]LogBlueprintUserMessages: [DoorInverse_5] Not Valid
[2022.03.01-08.30.07:378][884]LogBlueprintUserMessages: [DoorInverse_5] Not Valid
[2022.03.01-08.30.07:392][885]LogBlueprintUserMessages: [DoorInverse_5] Not Valid
[2022.03.01-08.30.07:406][886]LogBlueprintUserMessages: [DoorInverse_5] Not Valid
[2022.03.01-08.30.07:420][887]LogBlueprintUserMessages: [DoorInverse_5] Not Valid
[2022.03.01-08.30.07:434][888]LogBlueprintUserMessages: [DoorInverse_5] Not Valid
[2022.03.01-08.30.07:448][889]LogBlueprintUserMessages: [DoorInverse_5] Not Valid
[2022.03.01-08.30.07:462][890]LogBlueprintUserMessages: [DoorInverse_5] Not Valid
[2022.03.01-08.30.07:477][891]LogBlueprintUserMessages: [DoorInverse_5] Not Valid
[2022.03.01-08.30.07:490][892]LogBlueprintUserMessages: [DoorInverse_5] Not Valid
[2022.03.01-08.30.07:504][893]LogBlueprintUserMessages: [DoorInverse_5] Not Valid
[2022.03.01-08.30.07:518][894]LogBlueprintUserMessages: [DoorInverse_5] Not Valid
[2022.03.01-08.30.07:533][895]LogBlueprintUserMessages: [DoorInverse_5] Not Valid
[2022.03.01-08.30.07:547][896]LogBlueprintUserMessages: [DoorInverse_5] Not Valid
[2022.03.01-08.30.07:574][897]LogBlueprintUserMessages: [DoorInverse_5] Not Valid
[2022.03.01-08.30.07:588][898]LogBlueprintUserMessages: [DoorInverse_5] Not Valid
[2022.03.01-08.30.07:603][899]LogBlueprintUserMessages: [DoorInverse_5] Not Valid
[2022.03.01-08.30.07:616][900]LogBlueprintUserMessages: [DoorInverse_5] Not Valid
[2022.03.01-08.30.07:630][901]LogBlueprintUserMessages: [DoorInverse_5] Not Valid
[2022.03.01-08.30.07:644][902]LogBlueprintUserMessages: [DoorInverse_5] Not Valid
[2022.03.01-08.30.07:658][903]LogBlueprintUserMessages: [DoorInverse_5] Not Valid
[2022.03.01-08.30.07:672][904]LogBlueprintUserMessages: [DoorInverse_5] Not Valid
[2022.03.01-08.30.07:685][905]LogBlueprintUserMessages: [DoorInverse_5] Not Valid
[2022.03.01-08.30.07:699][906]LogBlueprintUserMessages: [DoorInverse_5] Not Valid
[2022.03.01-08.30.07:713][907]LogBlueprintUserMessages: [DoorInverse_5] Not Valid
[2022.03.01-08.30.07:726][908]LogBlueprintUserMessages: [DoorInverse_5] Not Valid
[2022.03.01-08.30.07:740][909]LogBlueprintUserMessages: [DoorInverse_5] Not Valid
[2022.03.01-08.30.07:754][910]LogBlueprintUserMessages: [DoorInverse_5] Not Valid
[2022.03.01-08.30.07:768][911]LogBlueprintUserMessages: [DoorInverse_5] Not Valid
[2022.03.01-08.30.07:782][912]LogBlueprintUserMessages: [DoorInverse_5] Not Valid
[2022.03.01-08.30.07:796][913]LogBlueprintUserMessages: [DoorInverse_5] Not Valid
[2022.03.01-08.30.07:810][914]LogBlueprintUserMessages: [DoorInverse_5] Not Valid
[2022.03.01-08.30.07:824][915]LogBlueprintUserMessages: [DoorInverse_5] Not Valid
[2022.03.01-08.30.07:838][916]LogBlueprintUserMessages: [DoorInverse_5] Not Valid
[2022.03.01-08.30.07:852][917]LogBlueprintUserMessages: [DoorInverse_5] Not Valid
[2022.03.01-08.30.07:866][918]LogBlueprintUserMessages: [DoorInverse_5] Not Valid
[2022.03.01-08.30.07:880][919]LogBlueprintUserMessages: [DoorInverse_5] Not Valid
[2022.03.01-08.30.07:894][920]LogBlueprintUserMessages: [DoorInverse_5] Not Valid
[2022.03.01-08.30.07:908][921]LogBlueprintUserMessages: [DoorInverse_5] Not Valid
[2022.03.01-08.30.07:922][922]LogBlueprintUserMessages: [DoorInverse_5] Not Valid
[2022.03.01-08.30.07:936][923]LogBlueprintUserMessages: [DoorInverse_5] Not Valid
[2022.03.01-08.30.07:950][924]LogBlueprintUserMessages: [DoorInverse_5] Not Valid
[2022.03.01-08.30.07:964][925]LogBlueprintUserMessages: [DoorInverse_5] Not Valid
[2022.03.01-08.30.07:978][926]LogBlueprintUserMessages: [DoorInverse_5] Not Valid
[2022.03.01-08.30.07:992][927]LogBlueprintUserMessages: [DoorInverse_5] Not Valid
[2022.03.01-08.30.08:006][928]LogBlueprintUserMessages: [DoorInverse_5] Not Valid
[2022.03.01-08.30.08:019][929]LogBlueprintUserMessages: [DoorInverse_5] Not Valid
[2022.03.01-08.30.08:033][930]LogBlueprintUserMessages: [DoorInverse_5] Not Valid
[2022.03.01-08.30.08:047][931]LogBlueprintUserMessages: [DoorInverse_5] Not Valid
[2022.03.01-08.30.08:060][932]LogBlueprintUserMessages: [DoorInverse_5] Not Valid
[2022.03.01-08.30.08:395][933]LogBlueprintUserMessages: [DoorInverse_5] Not Valid
[2022.03.01-08.30.08:743][934]LogBlueprintUserMessages: [DoorInverse_5] Not Valid
[2022.03.01-08.30.09:077][935]LogBlueprintUserMessages: [DoorInverse_5] Not Valid
[2022.03.01-08.30.09:091][936]LogBlueprintUserMessages: [DoorInverse_5] Not Valid
[2022.03.01-08.30.09:105][937]LogBlueprintUserMessages: [DoorInverse_5] Not Valid
[2022.03.01-08.30.09:119][938]LogBlueprintUserMessages: [DoorInverse_5] Not Valid
[2022.03.01-08.30.09:133][939]LogBlueprintUserMessages: [DoorInverse_5] Not Valid
[2022.03.01-08.30.09:147][940]LogBlueprintUserMessages: [DoorInverse_5] Not Valid
[2022.03.01-08.30.09:160][941]LogBlueprintUserMessages: [DoorInverse_5] Not Valid
[2022.03.01-08.30.09:174][942]LogBlueprintUserMessages: [DoorInverse_5] Not Valid
[2022.03.01-08.30.09:188][943]LogBlueprintUserMessages: [DoorInverse_5] Not Valid
[2022.03.01-08.30.09:202][944]LogBlueprintUserMessages: [DoorInverse_5] Not Valid
[2022.03.01-08.30.09:216][945]LogBlueprintUserMessages: [DoorInverse_5] Not Valid
[2022.03.01-08.30.09:230][946]LogBlueprintUserMessages: [DoorInverse_5] Not Valid
[2022.03.01-08.30.09:244][947]LogBlueprintUserMessages: [DoorInverse_5] Not Valid
[2022.03.01-08.30.09:258][948]LogBlueprintUserMessages: [DoorInverse_5] Not Valid
[2022.03.01-08.30.09:382][949]LogSlate: Window 'P8_VR_Home Preview [NetMode: Standalone]  (64-bit/Windows) OculusHMD' being destroyed
[2022.03.01-08.30.09:393][949]LogWorld: BeginTearingDown for /Game/VRTemplate/Maps/UEDPIE_0_VRTemplateMap
[2022.03.01-08.30.09:395][949]LogWorld: UWorld::CleanupWorld for VRTemplateMap, bSessionEnded=true, bCleanupResources=true
[2022.03.01-08.30.09:399][949]LogSlate: InvalidateAllWidgets triggered.  All widgets were invalidated
[2022.03.01-08.30.09:410][949]LogPlayLevel: Display: Shutting down PIE online subsystems
[2022.03.01-08.30.09:417][949]LogSlate: InvalidateAllWidgets triggered.  All widgets were invalidated
[2022.03.01-08.30.09:432][949]LogAudio: Display: Audio Device unregistered from world 'None'.
[2022.03.01-08.30.09:442][949]LogResonanceAudio: Display: Resonance Audio Listener is shutdown
[2022.03.01-08.30.09:442][949]LogAudioMixer: FMixerPlatformXAudio2::StopAudioStream() called
[2022.03.01-08.30.09:444][949]LogAudioMixer: FMixerPlatformXAudio2::StopAudioStream() called
[2022.03.01-08.30.09:464][949]LogSlate: Slate User Unregistered.  User Index 8
[2022.03.01-08.30.09:464][949]LogSlate: Slate User Destroyed.  User Index 8, Is Virtual User: 1
[2022.03.01-08.30.09:466][949]LogUObjectHash: Compacting FUObjectHashTables data took   2.62ms
[2022.03.01-08.30.09:515][950]LogPlayLevel: Display: Destroying online subsystem :Context_2
[2022.03.01-08.30.52:256][415]LogNavigationPoint: PostEditMove Clear paths rebuilt
[2022.03.01-08.30.57:666][853]LogNavigationPoint: PostEditMove Clear paths rebuilt
[2022.03.01-08.31.02:641][303]LogNavigationPoint: PostEditMove Clear paths rebuilt
[2022.03.01-08.31.12:293][172]LogNavigationPoint: PostEditMove Clear paths rebuilt
[2022.03.01-08.31.24:388][421]LogTemp: Repeating last play command: VR Preview
[2022.03.01-08.31.24:401][421]LogPlayLevel: PlayLevel: No blueprints needed recompiling
[2022.03.01-08.31.24:401][421]LogHMD: Initializing OVRPlugin session
[2022.03.01-08.31.25:045][421]LogHMD: Allocating Oculus 3200 x 1600 rendertarget swapchain
[2022.03.01-08.31.25:046][421]PIE: New page: PIE session: VRTemplateMap (1. mar. 2022 10.31.25)
[2022.03.01-08.31.25:046][421]LogPlayLevel: Creating play world package: /Game/VRTemplate/Maps/UEDPIE_0_VRTemplateMap
[2022.03.01-08.31.25:499][421]LogPlayLevel: PIE: StaticDuplicateObject took: (0.452073s)
[2022.03.01-08.31.25:501][421]LogAIModule: Creating AISystem for world VRTemplateMap
[2022.03.01-08.31.25:503][421]LogPlayLevel: PIE: World Init took: (0.003410s)
[2022.03.01-08.31.25:503][421]LogPlayLevel: PIE: Created PIE world by copying editor world from /Game/VRTemplate/Maps/VRTemplateMap.VRTemplateMap to /Game/VRTemplate/Maps/UEDPIE_0_VRTemplateMap.VRTemplateMap (0.456258s)
[2022.03.01-08.31.25:522][421]LogUObjectHash: Compacting FUObjectHashTables data took   2.12ms
[2022.03.01-08.31.25:523][421]LogAudio: Display: Creating Audio Device:                 Id: 3, Scope: Unique, Realtime: True
[2022.03.01-08.31.25:523][421]LogAudioMixer: Display: Audio Mixer Platform Settings:
[2022.03.01-08.31.25:523][421]LogAudioMixer: Display: 	Sample Rate:						  48000
[2022.03.01-08.31.25:523][421]LogAudioMixer: Display: 	Callback Buffer Frame Size Requested: 1024
[2022.03.01-08.31.25:523][421]LogAudioMixer: Display: 	Callback Buffer Frame Size To Use:	  1024
[2022.03.01-08.31.25:523][421]LogAudioMixer: Display: 	Number of buffers to queue:			  1
[2022.03.01-08.31.25:523][421]LogAudioMixer: Display: 	Max Channels (voices):				  0
[2022.03.01-08.31.25:523][421]LogAudioMixer: Display: 	Number of Async Source Workers:		  4
[2022.03.01-08.31.25:523][421]LogAudio: Display: AudioDevice MaxSources: 32
[2022.03.01-08.31.25:524][421]LogAudio: Display: Audio Spatialization Plugin: Resonance Audio is external send: 1
[2022.03.01-08.31.25:524][421]LogAudio: Display: Audio Reverb Plugin: Resonance Audio
[2022.03.01-08.31.25:524][421]LogAudio: Display: Audio Occlusion Plugin: None (built-in).
[2022.03.01-08.31.25:524][421]LogAudioMixer: Display: Initializing audio mixer.
[2022.03.01-08.31.25:529][421]LogAudioMixer: Display: 0: FrontLeft
[2022.03.01-08.31.25:529][421]LogAudioMixer: Display: 1: FrontRight
[2022.03.01-08.31.25:535][421]LogAudioMixer: Display: 0: FrontLeft
[2022.03.01-08.31.25:535][421]LogAudioMixer: Display: 1: FrontRight
[2022.03.01-08.31.25:582][421]LogAudioMixer: Display: Using Audio Device Speakers (Realtek High Definition Audio)
[2022.03.01-08.31.25:582][421]LogAudioMixer: Display: Initializing Sound Submixes...
[2022.03.01-08.31.25:582][421]LogAudioMixer: Display: Creating Master Submix 'MasterSubmixDefault'
[2022.03.01-08.31.25:582][421]LogAudioMixer: Display: Creating Master Submix 'MasterReverbSubmixDefault'
[2022.03.01-08.31.25:583][421]LogAudioMixer: Display: Creating Master Submix 'MasterEQSubmixDefault'
[2022.03.01-08.31.25:583][421]LogAudioMixer: FMixerPlatformXAudio2::StartAudioStream() called
[2022.03.01-08.31.25:583][421]LogAudioMixer: Display: Output buffers initialized: Frames=1024, Channels=2, Samples=2048
[2022.03.01-08.31.25:585][421]LogAudioMixer: Display: Starting AudioMixerPlatformInterface::RunInternal()
[2022.03.01-08.31.25:585][421]LogAudioMixer: Display: FMixerPlatformXAudio2::SubmitBuffer() called for the first time
[2022.03.01-08.31.25:585][421]LogInit: FAudioDevice initialized.
[2022.03.01-08.31.25:585][421]LogAudio: Display: Audio Device (ID: 3) registered with world 'VRTemplateMap'.
[2022.03.01-08.31.25:603][421]LogSlate: Updating window title bar state: overlay mode, drag disabled, window buttons hidden, title bar hidden
[2022.03.01-08.31.25:633][421]LogLoad: Game class is 'VRGameMode_C'
[2022.03.01-08.31.25:694][421]LogWorld: Bringing World /Game/VRTemplate/Maps/UEDPIE_0_VRTemplateMap.VRTemplateMap up for play (max tick rate 0) at 2022.03.01-09.31.25
[2022.03.01-08.31.25:695][421]LogWorld: Bringing up level for play took: 0.060068
[2022.03.01-08.31.25:696][421]LogOnline: OSS: Creating online subsystem instance for: :Context_3
[2022.03.01-08.31.25:699][421]LogSpawn: Warning: SpawnActor failed because no class was specified
[2022.03.01-08.31.25:743][421]LogSlate: New Slate User Created.  User Index 8, Is Virtual User: 1
[2022.03.01-08.31.25:744][421]LogSlate: Slate User Registered.  User Index 8, Is Virtual User: 1
[2022.03.01-08.31.25:750][421]PIE: Server logged in
[2022.03.01-08.31.25:753][421]PIE: Play in editor total start time 1,353 seconds.
[2022.03.01-08.31.25:763][421]LogHMD: Allocating Oculus 3648 x 1840 rendertarget swapchain
[2022.03.01-08.31.25:763][421]LogBlueprintUserMessages: [DoorInverse_5] Not Valid
[2022.03.01-08.31.25:805][421]LogResonanceAudio: Display: Resonance Audio Listener is initialized
[2022.03.01-08.31.25:828][421]LogHMD: Allocating Oculus 3648 x 1840 depth rendertarget swapchain
[2022.03.01-08.31.25:864][422]LogProfilingDebugging: Allocated a 1024 x 1024 texture for HMD canvas layer
[2022.03.01-08.31.25:864][422]LogBlueprintUserMessages: [DoorInverse_5] Not Valid
[2022.03.01-08.31.25:878][423]LogBlueprintUserMessages: [DoorInverse_5] Not Valid
[2022.03.01-08.31.25:892][424]LogBlueprintUserMessages: [DoorInverse_5] Not Valid
[2022.03.01-08.31.25:906][425]LogBlueprintUserMessages: [DoorInverse_5] Not Valid
[2022.03.01-08.31.25:920][426]LogBlueprintUserMessages: [DoorInverse_5] Not Valid
[2022.03.01-08.31.25:933][427]LogBlueprintUserMessages: [DoorInverse_5] Not Valid
[2022.03.01-08.31.25:947][428]LogBlueprintUserMessages: [DoorInverse_5] Not Valid
[2022.03.01-08.31.25:961][429]LogBlueprintUserMessages: [DoorInverse_5] Not Valid
[2022.03.01-08.31.25:975][430]LogBlueprintUserMessages: [DoorInverse_5] Not Valid
[2022.03.01-08.31.25:988][431]LogBlueprintUserMessages: [DoorInverse_5] Not Valid
[2022.03.01-08.31.26:003][432]LogBlueprintUserMessages: [DoorInverse_5] Not Valid
[2022.03.01-08.31.26:017][433]LogBlueprintUserMessages: [DoorInverse_5] Not Valid
[2022.03.01-08.31.26:031][434]LogBlueprintUserMessages: [DoorInverse_5] Not Valid
[2022.03.01-08.31.26:045][435]LogBlueprintUserMessages: [DoorInverse_5] Not Valid
[2022.03.01-08.31.26:059][436]LogBlueprintUserMessages: [DoorInverse_5] Not Valid
[2022.03.01-08.31.26:072][437]LogBlueprintUserMessages: [DoorInverse_5] Not Valid
[2022.03.01-08.31.26:086][438]LogBlueprintUserMessages: [DoorInverse_5] Not Valid
[2022.03.01-08.31.26:100][439]LogBlueprintUserMessages: [DoorInverse_5] Not Valid
[2022.03.01-08.31.26:115][440]LogBlueprintUserMessages: [DoorInverse_5] Not Valid
[2022.03.01-08.31.26:129][441]LogBlueprintUserMessages: [DoorInverse_5] Not Valid
[2022.03.01-08.31.26:143][442]LogBlueprintUserMessages: [DoorInverse_5] Not Valid
[2022.03.01-08.31.26:156][443]LogBlueprintUserMessages: [DoorInverse_5] Not Valid
[2022.03.01-08.31.26:170][444]LogBlueprintUserMessages: [DoorInverse_5] Not Valid
[2022.03.01-08.31.26:184][445]LogBlueprintUserMessages: [DoorInverse_5] Not Valid
[2022.03.01-08.31.26:197][446]LogBlueprintUserMessages: [DoorInverse_5] Not Valid
[2022.03.01-08.31.26:212][447]LogBlueprintUserMessages: [DoorInverse_5] Not Valid
[2022.03.01-08.31.26:226][448]LogBlueprintUserMessages: [DoorInverse_5] Not Valid
[2022.03.01-08.31.26:240][449]LogBlueprintUserMessages: [DoorInverse_5] Not Valid
[2022.03.01-08.31.26:254][450]LogBlueprintUserMessages: [DoorInverse_5] Not Valid
[2022.03.01-08.31.26:268][451]LogBlueprintUserMessages: [DoorInverse_5] Not Valid
[2022.03.01-08.31.26:281][452]LogBlueprintUserMessages: [DoorInverse_5] Not Valid
[2022.03.01-08.31.26:309][453]LogBlueprintUserMessages: [DoorInverse_5] Not Valid
[2022.03.01-08.31.26:323][454]LogBlueprintUserMessages: [DoorInverse_5] Not Valid
[2022.03.01-08.31.26:337][455]LogBlueprintUserMessages: [DoorInverse_5] Not Valid
[2022.03.01-08.31.26:351][456]LogBlueprintUserMessages: [DoorInverse_5] Not Valid
[2022.03.01-08.31.26:364][457]LogBlueprintUserMessages: [DoorInverse_5] Not Valid
[2022.03.01-08.31.26:378][458]LogBlueprintUserMessages: [DoorInverse_5] Not Valid
[2022.03.01-08.31.26:392][459]LogBlueprintUserMessages: [DoorInverse_5] Not Valid
[2022.03.01-08.31.26:406][460]LogBlueprintUserMessages: [DoorInverse_5] Not Valid
[2022.03.01-08.31.26:420][461]LogBlueprintUserMessages: [DoorInverse_5] Not Valid
[2022.03.01-08.31.26:434][462]LogBlueprintUserMessages: [DoorInverse_5] Not Valid
[2022.03.01-08.31.26:448][463]LogBlueprintUserMessages: [DoorInverse_5] Not Valid
[2022.03.01-08.31.26:461][464]LogBlueprintUserMessages: [DoorInverse_5] Not Valid
[2022.03.01-08.31.26:475][465]LogBlueprintUserMessages: [DoorInverse_5] Not Valid
[2022.03.01-08.31.26:489][466]LogBlueprintUserMessages: [DoorInverse_5] Not Valid
[2022.03.01-08.31.26:503][467]LogBlueprintUserMessages: [DoorInverse_5] Not Valid
[2022.03.01-08.31.26:517][468]LogBlueprintUserMessages: [DoorInverse_5] Not Valid
[2022.03.01-08.31.26:531][469]LogBlueprintUserMessages: [DoorInverse_5] Not Valid
[2022.03.01-08.31.26:545][470]LogBlueprintUserMessages: [DoorInverse_5] Not Valid
[2022.03.01-08.31.26:559][471]LogBlueprintUserMessages: [DoorInverse_5] Not Valid
[2022.03.01-08.31.26:573][472]LogBlueprintUserMessages: [DoorInverse_5] Not Valid
[2022.03.01-08.31.26:587][473]LogBlueprintUserMessages: [DoorInverse_5] Not Valid
[2022.03.01-08.31.26:601][474]LogBlueprintUserMessages: [DoorInverse_5] Not Valid
[2022.03.01-08.31.26:615][475]LogBlueprintUserMessages: [DoorInverse_5] Not Valid
[2022.03.01-08.31.26:629][476]LogBlueprintUserMessages: [DoorInverse_5] Not Valid
[2022.03.01-08.31.26:643][477]LogBlueprintUserMessages: [DoorInverse_5] Not Valid
[2022.03.01-08.31.26:657][478]LogBlueprintUserMessages: [DoorInverse_5] Not Valid
[2022.03.01-08.31.26:670][479]LogBlueprintUserMessages: [DoorInverse_5] Not Valid
[2022.03.01-08.31.26:686][480]LogBlueprintUserMessages: [DoorInverse_5] Not Valid
[2022.03.01-08.31.26:700][481]LogBlueprintUserMessages: [DoorInverse_5] Not Valid
[2022.03.01-08.31.26:713][482]LogBlueprintUserMessages: [DoorInverse_5] Not Valid
[2022.03.01-08.31.26:728][483]LogBlueprintUserMessages: [DoorInverse_5] Not Valid
[2022.03.01-08.31.26:742][484]LogBlueprintUserMessages: [DoorInverse_5] Not Valid
[2022.03.01-08.31.26:756][485]LogBlueprintUserMessages: [DoorInverse_5] Not Valid
[2022.03.01-08.31.26:769][486]LogBlueprintUserMessages: [DoorInverse_5] Not Valid
[2022.03.01-08.31.26:783][487]LogBlueprintUserMessages: [DoorInverse_5] Not Valid
[2022.03.01-08.31.26:797][488]LogBlueprintUserMessages: [DoorInverse_5] Not Valid
[2022.03.01-08.31.26:810][489]LogBlueprintUserMessages: [DoorInverse_5] Not Valid
[2022.03.01-08.31.26:824][490]LogBlueprintUserMessages: [DoorInverse_5] Not Valid
[2022.03.01-08.31.26:838][491]LogBlueprintUserMessages: [DoorInverse_5] Not Valid
[2022.03.01-08.31.26:850][492]LogBlueprintUserMessages: [DoorInverse_5] Not Valid
[2022.03.01-08.31.26:864][493]LogBlueprintUserMessages: [DoorInverse_5] Not Valid
[2022.03.01-08.31.26:878][494]LogBlueprintUserMessages: [DoorInverse_5] Not Valid
[2022.03.01-08.31.26:892][495]LogBlueprintUserMessages: [DoorInverse_5] Not Valid
[2022.03.01-08.31.26:906][496]LogBlueprintUserMessages: [DoorInverse_5] Not Valid
[2022.03.01-08.31.26:920][497]LogBlueprintUserMessages: [DoorInverse_5] Not Valid
[2022.03.01-08.31.26:933][498]LogBlueprintUserMessages: [DoorInverse_5] Not Valid
[2022.03.01-08.31.26:947][499]LogBlueprintUserMessages: [DoorInverse_5] Not Valid
[2022.03.01-08.31.26:961][500]LogBlueprintUserMessages: [DoorInverse_5] Not Valid
[2022.03.01-08.31.26:975][501]LogBlueprintUserMessages: [DoorInverse_5] Not Valid
[2022.03.01-08.31.26:989][502]LogBlueprintUserMessages: [DoorInverse_5] Not Valid
[2022.03.01-08.31.27:003][503]LogBlueprintUserMessages: [DoorInverse_5] Not Valid
[2022.03.01-08.31.27:017][504]LogBlueprintUserMessages: [DoorInverse_5] Not Valid
[2022.03.01-08.31.27:031][505]LogBlueprintUserMessages: [DoorInverse_5] Not Valid
[2022.03.01-08.31.27:045][506]LogBlueprintUserMessages: [DoorInverse_5] Not Valid
[2022.03.01-08.31.27:059][507]LogBlueprintUserMessages: [DoorInverse_5] Not Valid
[2022.03.01-08.31.27:074][508]LogBlueprintUserMessages: [DoorInverse_5] Not Valid
[2022.03.01-08.31.27:087][509]LogBlueprintUserMessages: [DoorInverse_5] Not Valid
[2022.03.01-08.31.27:103][510]LogBlueprintUserMessages: [DoorInverse_5] Not Valid
[2022.03.01-08.31.27:116][511]LogBlueprintUserMessages: [DoorInverse_5] Not Valid
[2022.03.01-08.31.27:130][512]LogBlueprintUserMessages: [DoorInverse_5] Not Valid
[2022.03.01-08.31.27:143][513]LogBlueprintUserMessages: [DoorInverse_5] Not Valid
[2022.03.01-08.31.27:157][514]LogBlueprintUserMessages: [DoorInverse_5] Not Valid
[2022.03.01-08.31.27:170][515]LogBlueprintUserMessages: [DoorInverse_5] Not Valid
[2022.03.01-08.31.27:184][516]LogBlueprintUserMessages: [DoorInverse_5] Not Valid
[2022.03.01-08.31.27:198][517]LogBlueprintUserMessages: [DoorInverse_5] Not Valid
[2022.03.01-08.31.27:212][518]LogBlueprintUserMessages: [DoorInverse_5] Not Valid
[2022.03.01-08.31.27:226][519]LogBlueprintUserMessages: [DoorInverse_5] Not Valid
[2022.03.01-08.31.27:240][520]LogBlueprintUserMessages: [DoorInverse_5] Not Valid
[2022.03.01-08.31.27:254][521]LogBlueprintUserMessages: [DoorInverse_5] Not Valid
[2022.03.01-08.31.27:268][522]LogBlueprintUserMessages: [DoorInverse_5] Not Valid
[2022.03.01-08.31.27:282][523]LogBlueprintUserMessages: [DoorInverse_5] Not Valid
[2022.03.01-08.31.27:295][524]LogBlueprintUserMessages: [DoorInverse_5] Not Valid
[2022.03.01-08.31.27:309][525]LogBlueprintUserMessages: [DoorInverse_5] Not Valid
[2022.03.01-08.31.27:323][526]LogBlueprintUserMessages: [DoorInverse_5] Not Valid
[2022.03.01-08.31.27:337][527]LogBlueprintUserMessages: [DoorInverse_5] Not Valid
[2022.03.01-08.31.27:352][528]LogBlueprintUserMessages: [DoorInverse_5] Not Valid
[2022.03.01-08.31.27:365][529]LogBlueprintUserMessages: [DoorInverse_5] Not Valid
[2022.03.01-08.31.27:379][530]LogBlueprintUserMessages: [DoorInverse_5] Not Valid
[2022.03.01-08.31.27:393][531]LogBlueprintUserMessages: [DoorInverse_5] Not Valid
[2022.03.01-08.31.27:407][532]LogBlueprintUserMessages: [DoorInverse_5] Not Valid
[2022.03.01-08.31.27:421][533]LogBlueprintUserMessages: [DoorInverse_5] Not Valid
[2022.03.01-08.31.27:435][534]LogBlueprintUserMessages: [DoorInverse_5] Not Valid
[2022.03.01-08.31.27:449][535]LogBlueprintUserMessages: [DoorInverse_5] Not Valid
[2022.03.01-08.31.27:463][536]LogBlueprintUserMessages: [DoorInverse_5] Not Valid
[2022.03.01-08.31.27:477][537]LogBlueprintUserMessages: [DoorInverse_5] Not Valid
[2022.03.01-08.31.27:492][538]LogBlueprintUserMessages: [DoorInverse_5] Not Valid
[2022.03.01-08.31.27:505][539]LogBlueprintUserMessages: [DoorInverse_5] Not Valid
[2022.03.01-08.31.27:519][540]LogBlueprintUserMessages: [DoorInverse_5] Not Valid
[2022.03.01-08.31.27:532][541]LogBlueprintUserMessages: [DoorInverse_5] Not Valid
[2022.03.01-08.31.27:546][542]LogBlueprintUserMessages: [DoorInverse_5] Not Valid
[2022.03.01-08.31.27:560][543]LogBlueprintUserMessages: [DoorInverse_5] Not Valid
[2022.03.01-08.31.27:574][544]LogBlueprintUserMessages: [DoorInverse_5] Not Valid
[2022.03.01-08.31.27:588][545]LogBlueprintUserMessages: [DoorInverse_5] Not Valid
[2022.03.01-08.31.27:601][546]LogBlueprintUserMessages: [DoorInverse_5] Not Valid
[2022.03.01-08.31.27:615][547]LogBlueprintUserMessages: [DoorInverse_5] Not Valid
[2022.03.01-08.31.27:629][548]LogBlueprintUserMessages: [DoorInverse_5] Not Valid
[2022.03.01-08.31.27:644][549]LogBlueprintUserMessages: [DoorInverse_5] Not Valid
[2022.03.01-08.31.27:658][550]LogBlueprintUserMessages: [DoorInverse_5] Not Valid
[2022.03.01-08.31.27:672][551]LogBlueprintUserMessages: [DoorInverse_5] Not Valid
[2022.03.01-08.31.27:686][552]LogBlueprintUserMessages: [DoorInverse_5] Not Valid
[2022.03.01-08.31.27:700][553]LogBlueprintUserMessages: [DoorInverse_5] Not Valid
[2022.03.01-08.31.27:714][554]LogBlueprintUserMessages: [DoorInverse_5] Not Valid
[2022.03.01-08.31.27:727][555]LogBlueprintUserMessages: [DoorInverse_5] Not Valid
[2022.03.01-08.31.27:741][556]LogBlueprintUserMessages: [DoorInverse_5] Not Valid
[2022.03.01-08.31.27:754][557]LogBlueprintUserMessages: [DoorInverse_5] Not Valid
[2022.03.01-08.31.27:768][558]LogBlueprintUserMessages: [DoorInverse_5] Not Valid
[2022.03.01-08.31.27:782][559]LogBlueprintUserMessages: [DoorInverse_5] Not Valid
[2022.03.01-08.31.27:796][560]LogBlueprintUserMessages: [DoorInverse_5] Not Valid
[2022.03.01-08.31.27:809][561]LogBlueprintUserMessages: [DoorInverse_5] Not Valid
[2022.03.01-08.31.27:823][562]LogBlueprintUserMessages: [DoorInverse_5] Not Valid
[2022.03.01-08.31.27:837][563]LogBlueprintUserMessages: [DoorInverse_5] Not Valid
[2022.03.01-08.31.27:852][564]LogBlueprintUserMessages: [DoorInverse_5] Not Valid
[2022.03.01-08.31.27:866][565]LogBlueprintUserMessages: [DoorInverse_5] Not Valid
[2022.03.01-08.31.27:880][566]LogBlueprintUserMessages: [DoorInverse_5] Not Valid
[2022.03.01-08.31.27:893][567]LogBlueprintUserMessages: [DoorInverse_5] Not Valid
[2022.03.01-08.31.27:908][568]LogBlueprintUserMessages: [DoorInverse_5] Not Valid
[2022.03.01-08.31.27:922][569]LogBlueprintUserMessages: [DoorInverse_5] Not Valid
[2022.03.01-08.31.27:936][570]LogBlueprintUserMessages: [DoorInverse_5] Not Valid
[2022.03.01-08.31.27:950][571]LogBlueprintUserMessages: [DoorInverse_5] Not Valid
[2022.03.01-08.31.27:963][572]LogBlueprintUserMessages: [DoorInverse_5] Not Valid
[2022.03.01-08.31.27:977][573]LogBlueprintUserMessages: [DoorInverse_5] Not Valid
[2022.03.01-08.31.27:991][574]LogBlueprintUserMessages: [DoorInverse_5] Not Valid
[2022.03.01-08.31.28:005][575]LogBlueprintUserMessages: [DoorInverse_5] Not Valid
[2022.03.01-08.31.28:019][576]LogBlueprintUserMessages: [DoorInverse_5] Not Valid
[2022.03.01-08.31.28:034][577]LogBlueprintUserMessages: [DoorInverse_5] Not Valid
[2022.03.01-08.31.28:048][578]LogBlueprintUserMessages: [DoorInverse_5] Not Valid
[2022.03.01-08.31.28:062][579]LogBlueprintUserMessages: [DoorInverse_5] Not Valid
[2022.03.01-08.31.28:076][580]LogBlueprintUserMessages: [DoorInverse_5] Not Valid
[2022.03.01-08.31.28:090][581]LogBlueprintUserMessages: [DoorInverse_5] Not Valid
[2022.03.01-08.31.28:103][582]LogBlueprintUserMessages: [DoorInverse_5] Not Valid
[2022.03.01-08.31.28:117][583]LogBlueprintUserMessages: [DoorInverse_5] Not Valid
[2022.03.01-08.31.28:130][584]LogBlueprintUserMessages: [DoorInverse_5] Not Valid
[2022.03.01-08.31.28:144][585]LogBlueprintUserMessages: [DoorInverse_5] Not Valid
[2022.03.01-08.31.28:158][586]LogBlueprintUserMessages: [DoorInverse_5] Not Valid
[2022.03.01-08.31.28:172][587]LogBlueprintUserMessages: [DoorInverse_5] Not Valid
[2022.03.01-08.31.28:186][588]LogBlueprintUserMessages: [DoorInverse_5] Not Valid
[2022.03.01-08.31.28:200][589]LogBlueprintUserMessages: [DoorInverse_5] Not Valid
[2022.03.01-08.31.28:214][590]LogBlueprintUserMessages: [DoorInverse_5] Not Valid
[2022.03.01-08.31.28:228][591]LogBlueprintUserMessages: [DoorInverse_5] Not Valid
[2022.03.01-08.31.28:242][592]LogBlueprintUserMessages: [DoorInverse_5] Not Valid
[2022.03.01-08.31.28:256][593]LogBlueprintUserMessages: [DoorInverse_5] Not Valid
[2022.03.01-08.31.28:270][594]LogBlueprintUserMessages: [DoorInverse_5] Not Valid
[2022.03.01-08.31.28:284][595]LogBlueprintUserMessages: [DoorInverse_5] Not Valid
[2022.03.01-08.31.28:298][596]LogBlueprintUserMessages: [DoorInverse_5] Not Valid
[2022.03.01-08.31.28:312][597]LogBlueprintUserMessages: [DoorInverse_5] Not Valid
[2022.03.01-08.31.28:326][598]LogBlueprintUserMessages: [DoorInverse_5] Not Valid
[2022.03.01-08.31.28:339][599]LogBlueprintUserMessages: [DoorInverse_5] Not Valid
[2022.03.01-08.31.28:353][600]LogBlueprintUserMessages: [DoorInverse_5] Not Valid
[2022.03.01-08.31.28:367][601]LogBlueprintUserMessages: [DoorInverse_5] Not Valid
[2022.03.01-08.31.28:382][602]LogBlueprintUserMessages: [DoorInverse_5] Not Valid
[2022.03.01-08.31.28:396][603]LogBlueprintUserMessages: [DoorInverse_5] Not Valid
[2022.03.01-08.31.28:410][604]LogBlueprintUserMessages: [DoorInverse_5] Not Valid
[2022.03.01-08.31.28:424][605]LogBlueprintUserMessages: [DoorInverse_5] Not Valid
[2022.03.01-08.31.28:437][606]LogBlueprintUserMessages: [DoorInverse_5] Not Valid
[2022.03.01-08.31.28:451][607]LogBlueprintUserMessages: [DoorInverse_5] Not Valid
[2022.03.01-08.31.28:465][608]LogBlueprintUserMessages: [DoorInverse_5] Not Valid
[2022.03.01-08.31.28:479][609]LogBlueprintUserMessages: [DoorInverse_5] Not Valid
[2022.03.01-08.31.28:493][610]LogBlueprintUserMessages: [DoorInverse_5] Not Valid
[2022.03.01-08.31.28:507][611]LogBlueprintUserMessages: [DoorInverse_5] Not Valid
[2022.03.01-08.31.28:521][612]LogBlueprintUserMessages: [DoorInverse_5] Not Valid
[2022.03.01-08.31.28:535][613]LogBlueprintUserMessages: [DoorInverse_5] Not Valid
[2022.03.01-08.31.28:548][614]LogBlueprintUserMessages: [DoorInverse_5] Not Valid
[2022.03.01-08.31.28:562][615]LogBlueprintUserMessages: [DoorInverse_5] Not Valid
[2022.03.01-08.31.28:576][616]LogBlueprintUserMessages: [DoorInverse_5] Not Valid
[2022.03.01-08.31.28:590][617]LogBlueprintUserMessages: [DoorInverse_5] Not Valid
[2022.03.01-08.31.28:604][618]LogBlueprintUserMessages: [DoorInverse_5] Not Valid
[2022.03.01-08.31.28:618][619]LogBlueprintUserMessages: [DoorInverse_5] Not Valid
[2022.03.01-08.31.28:631][620]LogBlueprintUserMessages: [DoorInverse_5] Not Valid
[2022.03.01-08.31.28:645][621]LogBlueprintUserMessages: [DoorInverse_5] Not Valid
[2022.03.01-08.31.28:659][622]LogBlueprintUserMessages: [DoorInverse_5] Not Valid
[2022.03.01-08.31.28:673][623]LogBlueprintUserMessages: [DoorInverse_5] Not Valid
[2022.03.01-08.31.28:687][624]LogBlueprintUserMessages: [DoorInverse_5] Not Valid
[2022.03.01-08.31.28:701][625]LogBlueprintUserMessages: [DoorInverse_5] Not Valid
[2022.03.01-08.31.28:715][626]LogBlueprintUserMessages: [DoorInverse_5] Not Valid
[2022.03.01-08.31.28:729][627]LogBlueprintUserMessages: [DoorInverse_5] Not Valid
[2022.03.01-08.31.28:743][628]LogBlueprintUserMessages: [DoorInverse_5] Not Valid
[2022.03.01-08.31.28:757][629]LogBlueprintUserMessages: [DoorInverse_5] Not Valid
[2022.03.01-08.31.28:771][630]LogBlueprintUserMessages: [DoorInverse_5] Not Valid
[2022.03.01-08.31.28:786][631]LogBlueprintUserMessages: [DoorInverse_5] Not Valid
[2022.03.01-08.31.28:800][632]LogBlueprintUserMessages: [DoorInverse_5] Not Valid
[2022.03.01-08.31.28:814][633]LogBlueprintUserMessages: [DoorInverse_5] Not Valid
[2022.03.01-08.31.28:828][634]LogBlueprintUserMessages: [DoorInverse_5] Not Valid
[2022.03.01-08.31.28:841][635]LogBlueprintUserMessages: [DoorInverse_5] Not Valid
[2022.03.01-08.31.28:854][636]LogBlueprintUserMessages: [DoorInverse_5] Not Valid
[2022.03.01-08.31.28:868][637]LogBlueprintUserMessages: [DoorInverse_5] Not Valid
[2022.03.01-08.31.28:882][638]LogBlueprintUserMessages: [DoorInverse_5] Not Valid
[2022.03.01-08.31.28:896][639]LogBlueprintUserMessages: [DoorInverse_5] Not Valid
[2022.03.01-08.31.28:910][640]LogBlueprintUserMessages: [DoorInverse_5] Not Valid
[2022.03.01-08.31.28:924][641]LogBlueprintUserMessages: [DoorInverse_5] Not Valid
[2022.03.01-08.31.28:939][642]LogBlueprintUserMessages: [DoorInverse_5] Not Valid
[2022.03.01-08.31.28:952][643]LogBlueprintUserMessages: [DoorInverse_5] Not Valid
[2022.03.01-08.31.28:966][644]LogBlueprintUserMessages: [DoorInverse_5] Not Valid
[2022.03.01-08.31.28:980][645]LogBlueprintUserMessages: [DoorInverse_5] Not Valid
[2022.03.01-08.31.28:994][646]LogBlueprintUserMessages: [DoorInverse_5] Not Valid
[2022.03.01-08.31.29:008][647]LogBlueprintUserMessages: [DoorInverse_5] Not Valid
[2022.03.01-08.31.29:022][648]LogBlueprintUserMessages: [DoorInverse_5] Not Valid
[2022.03.01-08.31.29:036][649]LogBlueprintUserMessages: [DoorInverse_5] Not Valid
[2022.03.01-08.31.29:050][650]LogBlueprintUserMessages: [DoorInverse_5] Not Valid
[2022.03.01-08.31.29:063][651]LogBlueprintUserMessages: [DoorInverse_5] Not Valid
[2022.03.01-08.31.29:077][652]LogBlueprintUserMessages: [DoorInverse_5] Not Valid
[2022.03.01-08.31.29:091][653]LogBlueprintUserMessages: [DoorInverse_5] Not Valid
[2022.03.01-08.31.29:105][654]LogBlueprintUserMessages: [DoorInverse_5] Not Valid
[2022.03.01-08.31.29:120][655]LogBlueprintUserMessages: [DoorInverse_5] Not Valid
[2022.03.01-08.31.29:133][656]LogBlueprintUserMessages: [DoorInverse_5] Not Valid
[2022.03.01-08.31.29:148][657]LogBlueprintUserMessages: [DoorInverse_5] Not Valid
[2022.03.01-08.31.29:162][658]LogBlueprintUserMessages: [DoorInverse_5] Not Valid
[2022.03.01-08.31.29:175][659]LogBlueprintUserMessages: [DoorInverse_5] Not Valid
[2022.03.01-08.31.29:189][660]LogBlueprintUserMessages: [DoorInverse_5] Not Valid
[2022.03.01-08.31.29:203][661]LogBlueprintUserMessages: [DoorInverse_5] Not Valid
[2022.03.01-08.31.29:217][662]LogBlueprintUserMessages: [DoorInverse_5] Not Valid
[2022.03.01-08.31.29:231][663]LogBlueprintUserMessages: [DoorInverse_5] Not Valid
[2022.03.01-08.31.29:245][664]LogBlueprintUserMessages: [DoorInverse_5] Not Valid
[2022.03.01-08.31.29:259][665]LogBlueprintUserMessages: [DoorInverse_5] Not Valid
[2022.03.01-08.31.29:273][666]LogBlueprintUserMessages: [DoorInverse_5] Not Valid
[2022.03.01-08.31.29:287][667]LogBlueprintUserMessages: [DoorInverse_5] Not Valid
[2022.03.01-08.31.29:301][668]LogBlueprintUserMessages: [DoorInverse_5] Not Valid
[2022.03.01-08.31.29:315][669]LogBlueprintUserMessages: [DoorInverse_5] Not Valid
[2022.03.01-08.31.29:329][670]LogBlueprintUserMessages: [DoorInverse_5] Not Valid
[2022.03.01-08.31.29:343][671]LogBlueprintUserMessages: [DoorInverse_5] Not Valid
[2022.03.01-08.31.29:357][672]LogBlueprintUserMessages: [DoorInverse_5] Not Valid
[2022.03.01-08.31.29:371][673]LogBlueprintUserMessages: [DoorInverse_5] Not Valid
[2022.03.01-08.31.29:385][674]LogBlueprintUserMessages: [DoorInverse_5] Not Valid
[2022.03.01-08.31.29:399][675]LogBlueprintUserMessages: [DoorInverse_5] Not Valid
[2022.03.01-08.31.29:413][676]LogBlueprintUserMessages: [DoorInverse_5] Not Valid
[2022.03.01-08.31.29:426][677]LogBlueprintUserMessages: [DoorInverse_5] Not Valid
[2022.03.01-08.31.29:439][678]LogBlueprintUserMessages: [DoorInverse_5] Not Valid
[2022.03.01-08.31.29:454][679]LogBlueprintUserMessages: [DoorInverse_5] Not Valid
[2022.03.01-08.31.29:468][680]LogBlueprintUserMessages: [DoorInverse_5] Not Valid
[2022.03.01-08.31.29:482][681]LogBlueprintUserMessages: [DoorInverse_5] Not Valid
[2022.03.01-08.31.29:495][682]LogBlueprintUserMessages: [DoorInverse_5] Not Valid
[2022.03.01-08.31.29:509][683]LogBlueprintUserMessages: [DoorInverse_5] Not Valid
[2022.03.01-08.31.29:524][684]LogBlueprintUserMessages: [DoorInverse_5] Not Valid
[2022.03.01-08.31.29:537][685]LogBlueprintUserMessages: [DoorInverse_5] Not Valid
[2022.03.01-08.31.29:551][686]LogBlueprintUserMessages: [DoorInverse_5] Not Valid
[2022.03.01-08.31.29:565][687]LogBlueprintUserMessages: [DoorInverse_5] Not Valid
[2022.03.01-08.31.29:579][688]LogBlueprintUserMessages: [DoorInverse_5] Not Valid
[2022.03.01-08.31.29:593][689]LogBlueprintUserMessages: [DoorInverse_5] Not Valid
[2022.03.01-08.31.29:607][690]LogBlueprintUserMessages: [DoorInverse_5] Not Valid
[2022.03.01-08.31.29:621][691]LogBlueprintUserMessages: [DoorInverse_5] Not Valid
[2022.03.01-08.31.29:635][692]LogBlueprintUserMessages: [DoorInverse_5] Not Valid
[2022.03.01-08.31.29:649][693]LogBlueprintUserMessages: [DoorInverse_5] Not Valid
[2022.03.01-08.31.29:663][694]LogBlueprintUserMessages: [DoorInverse_5] Not Valid
[2022.03.01-08.31.29:677][695]LogBlueprintUserMessages: [DoorInverse_5] Not Valid
[2022.03.01-08.31.29:691][696]LogBlueprintUserMessages: [DoorInverse_5] Not Valid
[2022.03.01-08.31.29:705][697]LogBlueprintUserMessages: [DoorInverse_5] Not Valid
[2022.03.01-08.31.29:719][698]LogBlueprintUserMessages: [DoorInverse_5] Not Valid
[2022.03.01-08.31.29:733][699]LogBlueprintUserMessages: [DoorInverse_5] Not Valid
[2022.03.01-08.31.29:746][700]LogBlueprintUserMessages: [DoorInverse_5] Not Valid
[2022.03.01-08.31.29:760][701]LogBlueprintUserMessages: [DoorInverse_5] Not Valid
[2022.03.01-08.31.29:775][702]LogBlueprintUserMessages: [DoorInverse_5] Not Valid
[2022.03.01-08.31.29:789][703]LogBlueprintUserMessages: [DoorInverse_5] Not Valid
[2022.03.01-08.31.29:802][704]LogBlueprintUserMessages: [DoorInverse_5] Not Valid
[2022.03.01-08.31.29:816][705]LogBlueprintUserMessages: [DoorInverse_5] Not Valid
[2022.03.01-08.31.29:831][706]LogBlueprintUserMessages: [DoorInverse_5] Not Valid
[2022.03.01-08.31.29:845][707]LogBlueprintUserMessages: [DoorInverse_5] Not Valid
[2022.03.01-08.31.29:859][708]LogBlueprintUserMessages: [DoorInverse_5] Not Valid
[2022.03.01-08.31.29:872][709]LogBlueprintUserMessages: [DoorInverse_5] Not Valid
[2022.03.01-08.31.29:886][710]LogBlueprintUserMessages: [DoorInverse_5] Not Valid
[2022.03.01-08.31.29:900][711]LogBlueprintUserMessages: [DoorInverse_5] Not Valid
[2022.03.01-08.31.29:914][712]LogBlueprintUserMessages: [DoorInverse_5] Not Valid
[2022.03.01-08.31.29:929][713]LogBlueprintUserMessages: [DoorInverse_5] Not Valid
[2022.03.01-08.31.29:942][714]LogBlueprintUserMessages: [DoorInverse_5] Not Valid
[2022.03.01-08.31.29:955][715]LogBlueprintUserMessages: [DoorInverse_5] Not Valid
[2022.03.01-08.31.29:969][716]LogBlueprintUserMessages: [DoorInverse_5] Not Valid
[2022.03.01-08.31.29:984][717]LogBlueprintUserMessages: [DoorInverse_5] Not Valid
[2022.03.01-08.31.29:998][718]LogBlueprintUserMessages: [DoorInverse_5] Not Valid
[2022.03.01-08.31.30:011][719]LogBlueprintUserMessages: [DoorInverse_5] Not Valid
[2022.03.01-08.31.30:025][720]LogBlueprintUserMessages: [DoorInverse_5] Not Valid
[2022.03.01-08.31.30:040][721]LogBlueprintUserMessages: [DoorInverse_5] Not Valid
[2022.03.01-08.31.30:053][722]LogBlueprintUserMessages: [DoorInverse_5] Not Valid
[2022.03.01-08.31.30:067][723]LogBlueprintUserMessages: [DoorInverse_5] Not Valid
[2022.03.01-08.31.30:082][724]LogBlueprintUserMessages: [DoorInverse_5] Not Valid
[2022.03.01-08.31.30:095][725]LogBlueprintUserMessages: [DoorInverse_5] Not Valid
[2022.03.01-08.31.30:109][726]LogBlueprintUserMessages: [DoorInverse_5] Not Valid
[2022.03.01-08.31.30:123][727]LogBlueprintUserMessages: [DoorInverse_5] Not Valid
[2022.03.01-08.31.30:136][728]LogBlueprintUserMessages: [DoorInverse_5] Not Valid
[2022.03.01-08.31.30:150][729]LogBlueprintUserMessages: [DoorInverse_5] Not Valid
[2022.03.01-08.31.30:164][730]LogBlueprintUserMessages: [DoorInverse_5] Not Valid
[2022.03.01-08.31.30:178][731]LogBlueprintUserMessages: [DoorInverse_5] Not Valid
[2022.03.01-08.31.30:192][732]LogBlueprintUserMessages: [DoorInverse_5] Not Valid
[2022.03.01-08.31.30:206][733]LogBlueprintUserMessages: [DoorInverse_5] Not Valid
[2022.03.01-08.31.30:220][734]LogBlueprintUserMessages: [DoorInverse_5] Not Valid
[2022.03.01-08.31.30:234][735]LogBlueprintUserMessages: [DoorInverse_5] Not Valid
[2022.03.01-08.31.30:248][736]LogBlueprintUserMessages: [DoorInverse_5] Not Valid
[2022.03.01-08.31.30:262][737]LogBlueprintUserMessages: [DoorInverse_5] Not Valid
[2022.03.01-08.31.30:276][738]LogBlueprintUserMessages: [DoorInverse_5] Not Valid
[2022.03.01-08.31.30:290][739]LogBlueprintUserMessages: [DoorInverse_5] Not Valid
[2022.03.01-08.31.30:304][740]LogBlueprintUserMessages: [DoorInverse_5] Not Valid
[2022.03.01-08.31.30:318][741]LogBlueprintUserMessages: [DoorInverse_5] Not Valid
[2022.03.01-08.31.30:332][742]LogBlueprintUserMessages: [DoorInverse_5] Not Valid
[2022.03.01-08.31.30:346][743]LogBlueprintUserMessages: [DoorInverse_5] Not Valid
[2022.03.01-08.31.30:360][744]LogBlueprintUserMessages: [DoorInverse_5] Not Valid
[2022.03.01-08.31.30:373][745]LogBlueprintUserMessages: [DoorInverse_5] Not Valid
[2022.03.01-08.31.30:387][746]LogBlueprintUserMessages: [DoorInverse_5] Not Valid
[2022.03.01-08.31.30:401][747]LogBlueprintUserMessages: [DoorInverse_5] Not Valid
[2022.03.01-08.31.30:414][748]LogBlueprintUserMessages: [DoorInverse_5] Not Valid
[2022.03.01-08.31.30:428][749]LogBlueprintUserMessages: [DoorInverse_5] Not Valid
[2022.03.01-08.31.30:442][750]LogBlueprintUserMessages: [DoorInverse_5] Not Valid
[2022.03.01-08.31.30:455][751]LogBlueprintUserMessages: [DoorInverse_5] Not Valid
[2022.03.01-08.31.30:469][752]LogBlueprintUserMessages: [DoorInverse_5] Not Valid
[2022.03.01-08.31.30:483][753]LogBlueprintUserMessages: [DoorInverse_5] Not Valid
[2022.03.01-08.31.30:497][754]LogBlueprintUserMessages: [DoorInverse_5] Not Valid
[2022.03.01-08.31.30:511][755]LogBlueprintUserMessages: [DoorInverse_5] Not Valid
[2022.03.01-08.31.30:526][756]LogBlueprintUserMessages: [DoorInverse_5] Not Valid
[2022.03.01-08.31.30:538][757]LogBlueprintUserMessages: [DoorInverse_5] Not Valid
[2022.03.01-08.31.30:553][758]LogBlueprintUserMessages: [DoorInverse_5] Not Valid
[2022.03.01-08.31.30:568][759]LogBlueprintUserMessages: [DoorInverse_5] Not Valid
[2022.03.01-08.31.30:581][760]LogBlueprintUserMessages: [DoorInverse_5] Not Valid
[2022.03.01-08.31.30:596][761]LogBlueprintUserMessages: [DoorInverse_5] Not Valid
[2022.03.01-08.31.30:610][762]LogBlueprintUserMessages: [DoorInverse_5] Not Valid
[2022.03.01-08.31.30:624][763]LogBlueprintUserMessages: [DoorInverse_5] Not Valid
[2022.03.01-08.31.30:639][764]LogBlueprintUserMessages: [DoorInverse_5] Not Valid
[2022.03.01-08.31.30:652][765]LogBlueprintUserMessages: [DoorInverse_5] Not Valid
[2022.03.01-08.31.30:667][766]LogBlueprintUserMessages: [DoorInverse_5] Not Valid
[2022.03.01-08.31.30:680][767]LogBlueprintUserMessages: [DoorInverse_5] Not Valid
[2022.03.01-08.31.30:695][768]LogBlueprintUserMessages: [DoorInverse_5] Not Valid
[2022.03.01-08.31.30:710][769]LogBlueprintUserMessages: [DoorInverse_5] Not Valid
[2022.03.01-08.31.30:725][770]LogBlueprintUserMessages: [DoorInverse_5] Not Valid
[2022.03.01-08.31.30:740][771]LogBlueprintUserMessages: [DoorInverse_5] Not Valid
[2022.03.01-08.31.30:754][772]LogBlueprintUserMessages: [DoorInverse_5] Not Valid
[2022.03.01-08.31.30:768][773]LogBlueprintUserMessages: [DoorInverse_5] Not Valid
[2022.03.01-08.31.30:782][774]LogBlueprintUserMessages: [DoorInverse_5] Not Valid
[2022.03.01-08.31.30:797][775]LogBlueprintUserMessages: [DoorInverse_5] Not Valid
[2022.03.01-08.31.30:811][776]LogBlueprintUserMessages: [DoorInverse_5] Not Valid
[2022.03.01-08.31.30:825][777]LogBlueprintUserMessages: [DoorInverse_5] Not Valid
[2022.03.01-08.31.30:840][778]LogBlueprintUserMessages: [DoorInverse_5] Not Valid
[2022.03.01-08.31.30:854][779]LogBlueprintUserMessages: [DoorInverse_5] Not Valid
[2022.03.01-08.31.30:869][780]LogBlueprintUserMessages: [DoorInverse_5] Not Valid
[2022.03.01-08.31.30:883][781]LogBlueprintUserMessages: [DoorInverse_5] Not Valid
[2022.03.01-08.31.30:897][782]LogBlueprintUserMessages: [DoorInverse_5] Not Valid
[2022.03.01-08.31.30:911][783]LogBlueprintUserMessages: [DoorInverse_5] Not Valid
[2022.03.01-08.31.30:926][784]LogBlueprintUserMessages: [DoorInverse_5] Not Valid
[2022.03.01-08.31.30:940][785]LogBlueprintUserMessages: [DoorInverse_5] Not Valid
[2022.03.01-08.31.30:954][786]LogBlueprintUserMessages: [DoorInverse_5] Not Valid
[2022.03.01-08.31.30:968][787]LogBlueprintUserMessages: [DoorInverse_5] Not Valid
[2022.03.01-08.31.30:982][788]LogBlueprintUserMessages: [DoorInverse_5] Not Valid
[2022.03.01-08.31.30:997][789]LogBlueprintUserMessages: [DoorInverse_5] Not Valid
[2022.03.01-08.31.31:011][790]LogBlueprintUserMessages: [DoorInverse_5] Not Valid
[2022.03.01-08.31.31:025][791]LogBlueprintUserMessages: [DoorInverse_5] Not Valid
[2022.03.01-08.31.31:039][792]LogBlueprintUserMessages: [DoorInverse_5] Not Valid
[2022.03.01-08.31.31:053][793]LogBlueprintUserMessages: [DoorInverse_5] Not Valid
[2022.03.01-08.31.31:067][794]LogBlueprintUserMessages: [DoorInverse_5] Not Valid
[2022.03.01-08.31.31:081][795]LogBlueprintUserMessages: [DoorInverse_5] Not Valid
[2022.03.01-08.31.31:095][796]LogBlueprintUserMessages: [DoorInverse_5] Not Valid
[2022.03.01-08.31.31:109][797]LogBlueprintUserMessages: [DoorInverse_5] Not Valid
[2022.03.01-08.31.31:123][798]LogBlueprintUserMessages: [DoorInverse_5] Not Valid
[2022.03.01-08.31.31:137][799]LogBlueprintUserMessages: [DoorInverse_5] Not Valid
[2022.03.01-08.31.31:151][800]LogBlueprintUserMessages: [DoorInverse_5] Not Valid
[2022.03.01-08.31.31:165][801]LogBlueprintUserMessages: [DoorInverse_5] Not Valid
[2022.03.01-08.31.31:179][802]LogBlueprintUserMessages: [DoorInverse_5] Not Valid
[2022.03.01-08.31.31:193][803]LogBlueprintUserMessages: [DoorInverse_5] Not Valid
[2022.03.01-08.31.31:207][804]LogBlueprintUserMessages: [DoorInverse_5] Not Valid
[2022.03.01-08.31.31:221][805]LogBlueprintUserMessages: [DoorInverse_5] Not Valid
[2022.03.01-08.31.31:234][806]LogBlueprintUserMessages: [DoorInverse_5] Not Valid
[2022.03.01-08.31.31:248][807]LogBlueprintUserMessages: [DoorInverse_5] Not Valid
[2022.03.01-08.31.31:263][808]LogBlueprintUserMessages: [DoorInverse_5] Not Valid
[2022.03.01-08.31.31:276][809]LogBlueprintUserMessages: [DoorInverse_5] Not Valid
[2022.03.01-08.31.31:291][810]LogBlueprintUserMessages: [DoorInverse_5] Not Valid
[2022.03.01-08.31.31:304][811]LogBlueprintUserMessages: [DoorInverse_5] Not Valid
[2022.03.01-08.31.31:318][812]LogBlueprintUserMessages: [DoorInverse_5] Not Valid
[2022.03.01-08.31.31:332][813]LogBlueprintUserMessages: [DoorInverse_5] Not Valid
[2022.03.01-08.31.31:346][814]LogBlueprintUserMessages: [DoorInverse_5] Not Valid
[2022.03.01-08.31.31:360][815]LogBlueprintUserMessages: [DoorInverse_5] Not Valid
[2022.03.01-08.31.31:374][816]LogBlueprintUserMessages: [DoorInverse_5] Not Valid
[2022.03.01-08.31.31:388][817]LogBlueprintUserMessages: [DoorInverse_5] Not Valid
[2022.03.01-08.31.31:403][818]LogBlueprintUserMessages: [DoorInverse_5] Not Valid
[2022.03.01-08.31.31:417][819]LogBlueprintUserMessages: [DoorInverse_5] Not Valid
[2022.03.01-08.31.31:431][820]LogBlueprintUserMessages: [DoorInverse_5] Not Valid
[2022.03.01-08.31.31:445][821]LogBlueprintUserMessages: [DoorInverse_5] Not Valid
[2022.03.01-08.31.31:459][822]LogBlueprintUserMessages: [DoorInverse_5] Not Valid
[2022.03.01-08.31.31:473][823]LogBlueprintUserMessages: [DoorInverse_5] Not Valid
[2022.03.01-08.31.31:487][824]LogBlueprintUserMessages: [DoorInverse_5] Not Valid
[2022.03.01-08.31.31:502][825]LogBlueprintUserMessages: [DoorInverse_5] Not Valid
[2022.03.01-08.31.31:516][826]LogBlueprintUserMessages: [DoorInverse_5] Not Valid
[2022.03.01-08.31.31:531][827]LogBlueprintUserMessages: [DoorInverse_5] Not Valid
[2022.03.01-08.31.31:543][828]LogBlueprintUserMessages: [DoorInverse_5] Not Valid
[2022.03.01-08.31.31:556][829]LogBlueprintUserMessages: [DoorInverse_5] Not Valid
[2022.03.01-08.31.31:570][830]LogBlueprintUserMessages: [DoorInverse_5] Not Valid
[2022.03.01-08.31.31:583][831]LogBlueprintUserMessages: [DoorInverse_5] Not Valid
[2022.03.01-08.31.31:597][832]LogBlueprintUserMessages: [DoorInverse_5] Not Valid
[2022.03.01-08.31.31:611][833]LogBlueprintUserMessages: [DoorInverse_5] Not Valid
[2022.03.01-08.31.31:625][834]LogBlueprintUserMessages: [DoorInverse_5] Not Valid
[2022.03.01-08.31.31:639][835]LogBlueprintUserMessages: [DoorInverse_5] Not Valid
[2022.03.01-08.31.31:653][836]LogBlueprintUserMessages: [DoorInverse_5] Not Valid
[2022.03.01-08.31.31:667][837]LogBlueprintUserMessages: [DoorInverse_5] Not Valid
[2022.03.01-08.31.31:681][838]LogBlueprintUserMessages: [DoorInverse_5] Not Valid
[2022.03.01-08.31.31:695][839]LogBlueprintUserMessages: [DoorInverse_5] Not Valid
[2022.03.01-08.31.31:709][840]LogBlueprintUserMessages: [DoorInverse_5] Not Valid
[2022.03.01-08.31.31:723][841]LogBlueprintUserMessages: [DoorInverse_5] Not Valid
[2022.03.01-08.31.31:737][842]LogBlueprintUserMessages: [DoorInverse_5] Not Valid
[2022.03.01-08.31.31:751][843]LogBlueprintUserMessages: [DoorInverse_5] Not Valid
[2022.03.01-08.31.31:765][844]LogBlueprintUserMessages: [DoorInverse_5] Not Valid
[2022.03.01-08.31.31:779][845]LogBlueprintUserMessages: [DoorInverse_5] Not Valid
[2022.03.01-08.31.31:793][846]LogBlueprintUserMessages: [DoorInverse_5] Not Valid
[2022.03.01-08.31.31:807][847]LogBlueprintUserMessages: [DoorInverse_5] Not Valid
[2022.03.01-08.31.31:821][848]LogBlueprintUserMessages: [DoorInverse_5] Not Valid
[2022.03.01-08.31.31:834][849]LogBlueprintUserMessages: [DoorInverse_5] Not Valid
[2022.03.01-08.31.31:848][850]LogBlueprintUserMessages: [DoorInverse_5] Not Valid
[2022.03.01-08.31.31:862][851]LogBlueprintUserMessages: [DoorInverse_5] Not Valid
[2022.03.01-08.31.31:876][852]LogBlueprintUserMessages: [DoorInverse_5] Not Valid
[2022.03.01-08.31.31:890][853]LogBlueprintUserMessages: [DoorInverse_5] Not Valid
[2022.03.01-08.31.31:904][854]LogBlueprintUserMessages: [DoorInverse_5] Not Valid
[2022.03.01-08.31.31:918][855]LogBlueprintUserMessages: [DoorInverse_5] Not Valid
[2022.03.01-08.31.31:932][856]LogBlueprintUserMessages: [DoorInverse_5] Not Valid
[2022.03.01-08.31.31:946][857]LogBlueprintUserMessages: [DoorInverse_5] Not Valid
[2022.03.01-08.31.31:960][858]LogBlueprintUserMessages: [DoorInverse_5] Not Valid
[2022.03.01-08.31.31:974][859]LogBlueprintUserMessages: [DoorInverse_5] Not Valid
[2022.03.01-08.31.31:988][860]LogBlueprintUserMessages: [DoorInverse_5] Not Valid
[2022.03.01-08.31.32:002][861]LogBlueprintUserMessages: [DoorInverse_5] Not Valid
[2022.03.01-08.31.32:016][862]LogBlueprintUserMessages: [DoorInverse_5] Not Valid
[2022.03.01-08.31.32:030][863]LogBlueprintUserMessages: [DoorInverse_5] Not Valid
[2022.03.01-08.31.32:044][864]LogBlueprintUserMessages: [DoorInverse_5] Not Valid
[2022.03.01-08.31.32:058][865]LogBlueprintUserMessages: [DoorInverse_5] Not Valid
[2022.03.01-08.31.32:072][866]LogBlueprintUserMessages: [DoorInverse_5] Not Valid
[2022.03.01-08.31.32:086][867]LogBlueprintUserMessages: [DoorInverse_5] Not Valid
[2022.03.01-08.31.32:100][868]LogBlueprintUserMessages: [DoorInverse_5] Not Valid
[2022.03.01-08.31.32:114][869]LogBlueprintUserMessages: [DoorInverse_5] Not Valid
[2022.03.01-08.31.32:128][870]LogBlueprintUserMessages: [DoorInverse_5] Not Valid
[2022.03.01-08.31.32:141][871]LogBlueprintUserMessages: [DoorInverse_5] Not Valid
[2022.03.01-08.31.32:155][872]LogBlueprintUserMessages: [DoorInverse_5] Not Valid
[2022.03.01-08.31.32:169][873]LogBlueprintUserMessages: [DoorInverse_5] Not Valid
[2022.03.01-08.31.32:185][874]LogBlueprintUserMessages: [DoorInverse_5] Not Valid
[2022.03.01-08.31.32:197][875]LogBlueprintUserMessages: [DoorInverse_5] Not Valid
[2022.03.01-08.31.32:210][876]LogBlueprintUserMessages: [DoorInverse_5] Not Valid
[2022.03.01-08.31.32:224][877]LogBlueprintUserMessages: [DoorInverse_5] Not Valid
[2022.03.01-08.31.32:238][878]LogBlueprintUserMessages: [DoorInverse_5] Not Valid
[2022.03.01-08.31.32:252][879]LogBlueprintUserMessages: [DoorInverse_5] Not Valid
[2022.03.01-08.31.32:266][880]LogBlueprintUserMessages: [DoorInverse_5] Not Valid
[2022.03.01-08.31.32:280][881]LogBlueprintUserMessages: [DoorInverse_5] Not Valid
[2022.03.01-08.31.32:294][882]LogBlueprintUserMessages: [DoorInverse_5] Not Valid
[2022.03.01-08.31.32:308][883]LogBlueprintUserMessages: [DoorInverse_5] Not Valid
[2022.03.01-08.31.32:322][884]LogBlueprintUserMessages: [DoorInverse_5] Not Valid
[2022.03.01-08.31.32:336][885]LogBlueprintUserMessages: [DoorInverse_5] Not Valid
[2022.03.01-08.31.32:350][886]LogBlueprintUserMessages: [DoorInverse_5] Not Valid
[2022.03.01-08.31.32:363][887]LogBlueprintUserMessages: [DoorInverse_5] Not Valid
[2022.03.01-08.31.32:377][888]LogBlueprintUserMessages: [DoorInverse_5] Not Valid
[2022.03.01-08.31.32:391][889]LogBlueprintUserMessages: [DoorInverse_5] Not Valid
[2022.03.01-08.31.32:405][890]LogBlueprintUserMessages: [DoorInverse_5] Not Valid
[2022.03.01-08.31.32:419][891]LogBlueprintUserMessages: [DoorInverse_5] Not Valid
[2022.03.01-08.31.32:433][892]LogBlueprintUserMessages: [DoorInverse_5] Not Valid
[2022.03.01-08.31.32:446][893]LogBlueprintUserMessages: [DoorInverse_5] Not Valid
[2022.03.01-08.31.32:461][894]LogBlueprintUserMessages: [DoorInverse_5] Not Valid
[2022.03.01-08.31.32:475][895]LogBlueprintUserMessages: [DoorInverse_5] Not Valid
[2022.03.01-08.31.32:488][896]LogBlueprintUserMessages: [DoorInverse_5] Not Valid
[2022.03.01-08.31.32:502][897]LogBlueprintUserMessages: [DoorInverse_5] Not Valid
[2022.03.01-08.31.32:516][898]LogBlueprintUserMessages: [DoorInverse_5] Not Valid
[2022.03.01-08.31.32:531][899]LogBlueprintUserMessages: [DoorInverse_5] Not Valid
[2022.03.01-08.31.32:544][900]LogBlueprintUserMessages: [DoorInverse_5] Not Valid
[2022.03.01-08.31.32:558][901]LogBlueprintUserMessages: [DoorInverse_5] Not Valid
[2022.03.01-08.31.32:572][902]LogBlueprintUserMessages: [DoorInverse_5] Not Valid
[2022.03.01-08.31.32:586][903]LogBlueprintUserMessages: [DoorInverse_5] Not Valid
[2022.03.01-08.31.32:600][904]LogBlueprintUserMessages: [DoorInverse_5] Not Valid
[2022.03.01-08.31.32:614][905]LogBlueprintUserMessages: [DoorInverse_5] Not Valid
[2022.03.01-08.31.32:628][906]LogBlueprintUserMessages: [DoorInverse_5] Not Valid
[2022.03.01-08.31.32:641][907]LogBlueprintUserMessages: [DoorInverse_5] Not Valid
[2022.03.01-08.31.32:655][908]LogBlueprintUserMessages: [DoorInverse_5] Not Valid
[2022.03.01-08.31.32:669][909]LogBlueprintUserMessages: [DoorInverse_5] Not Valid
[2022.03.01-08.31.32:683][910]LogBlueprintUserMessages: [DoorInverse_5] Not Valid
[2022.03.01-08.31.32:697][911]LogBlueprintUserMessages: [DoorInverse_5] Not Valid
[2022.03.01-08.31.32:711][912]LogBlueprintUserMessages: [DoorInverse_5] Not Valid
[2022.03.01-08.31.32:725][913]LogBlueprintUserMessages: [DoorInverse_5] Not Valid
[2022.03.01-08.31.32:739][914]LogBlueprintUserMessages: [DoorInverse_5] Not Valid
[2022.03.01-08.31.32:753][915]LogBlueprintUserMessages: [DoorInverse_5] Not Valid
[2022.03.01-08.31.32:767][916]LogBlueprintUserMessages: [DoorInverse_5] Not Valid
[2022.03.01-08.31.32:781][917]LogBlueprintUserMessages: [DoorInverse_5] Not Valid
[2022.03.01-08.31.32:795][918]LogBlueprintUserMessages: [DoorInverse_5] Not Valid
[2022.03.01-08.31.32:809][919]LogBlueprintUserMessages: [DoorInverse_5] Not Valid
[2022.03.01-08.31.32:823][920]LogBlueprintUserMessages: [DoorInverse_5] Not Valid
[2022.03.01-08.31.32:837][921]LogBlueprintUserMessages: [DoorInverse_5] Not Valid
[2022.03.01-08.31.32:850][922]LogBlueprintUserMessages: [DoorInverse_5] Not Valid
[2022.03.01-08.31.32:864][923]LogBlueprintUserMessages: [DoorInverse_5] Not Valid
[2022.03.01-08.31.32:879][924]LogBlueprintUserMessages: [DoorInverse_5] Not Valid
[2022.03.01-08.31.32:893][925]LogBlueprintUserMessages: [DoorInverse_5] Not Valid
[2022.03.01-08.31.32:907][926]LogBlueprintUserMessages: [DoorInverse_5] Not Valid
[2022.03.01-08.31.32:921][927]LogBlueprintUserMessages: [DoorInverse_5] Not Valid
[2022.03.01-08.31.32:935][928]LogBlueprintUserMessages: [DoorInverse_5] Not Valid
[2022.03.01-08.31.32:948][929]LogBlueprintUserMessages: [DoorInverse_5] Not Valid
[2022.03.01-08.31.32:963][930]LogBlueprintUserMessages: [DoorInverse_5] Not Valid
[2022.03.01-08.31.32:976][931]LogBlueprintUserMessages: [DoorInverse_5] Not Valid
[2022.03.01-08.31.32:990][932]LogBlueprintUserMessages: [DoorInverse_5] Not Valid
[2022.03.01-08.31.33:005][933]LogBlueprintUserMessages: [DoorInverse_5] Not Valid
[2022.03.01-08.31.33:018][934]LogBlueprintUserMessages: [DoorInverse_5] Not Valid
[2022.03.01-08.31.33:032][935]LogBlueprintUserMessages: [DoorInverse_5] Not Valid
[2022.03.01-08.31.33:046][936]LogBlueprintUserMessages: [DoorInverse_5] Not Valid
[2022.03.01-08.31.33:060][937]LogBlueprintUserMessages: [DoorInverse_5] Not Valid
[2022.03.01-08.31.33:074][938]LogBlueprintUserMessages: [DoorInverse_5] Not Valid
[2022.03.01-08.31.33:088][939]LogBlueprintUserMessages: [DoorInverse_5] Not Valid
[2022.03.01-08.31.33:102][940]LogBlueprintUserMessages: [DoorInverse_5] Not Valid
[2022.03.01-08.31.33:116][941]LogBlueprintUserMessages: [DoorInverse_5] Not Valid
[2022.03.01-08.31.33:130][942]LogBlueprintUserMessages: [DoorInverse_5] Not Valid
[2022.03.01-08.31.33:143][943]LogBlueprintUserMessages: [DoorInverse_5] Not Valid
[2022.03.01-08.31.33:157][944]LogBlueprintUserMessages: [DoorInverse_5] Not Valid
[2022.03.01-08.31.33:172][945]LogBlueprintUserMessages: [DoorInverse_5] Not Valid
[2022.03.01-08.31.33:186][946]LogBlueprintUserMessages: [DoorInverse_5] Not Valid
[2022.03.01-08.31.33:199][947]LogBlueprintUserMessages: [DoorInverse_5] Not Valid
[2022.03.01-08.31.33:213][948]LogBlueprintUserMessages: [DoorInverse_5] Not Valid
[2022.03.01-08.31.33:227][949]LogBlueprintUserMessages: [DoorInverse_5] Not Valid
[2022.03.01-08.31.33:241][950]LogBlueprintUserMessages: [DoorInverse_5] Not Valid
[2022.03.01-08.31.33:255][951]LogBlueprintUserMessages: [DoorInverse_5] Not Valid
[2022.03.01-08.31.33:269][952]LogBlueprintUserMessages: [DoorInverse_5] Not Valid
[2022.03.01-08.31.33:283][953]LogBlueprintUserMessages: [DoorInverse_5] Not Valid
[2022.03.01-08.31.33:297][954]LogBlueprintUserMessages: [DoorInverse_5] Not Valid
[2022.03.01-08.31.33:311][955]LogBlueprintUserMessages: [DoorInverse_5] Not Valid
[2022.03.01-08.31.33:325][956]LogBlueprintUserMessages: [DoorInverse_5] Not Valid
[2022.03.01-08.31.33:339][957]LogBlueprintUserMessages: [DoorInverse_5] Not Valid
[2022.03.01-08.31.33:352][958]LogBlueprintUserMessages: [DoorInverse_5] Not Valid
[2022.03.01-08.31.33:366][959]LogBlueprintUserMessages: [DoorInverse_5] Not Valid
[2022.03.01-08.31.33:380][960]LogBlueprintUserMessages: [DoorInverse_5] Not Valid
[2022.03.01-08.31.33:394][961]LogBlueprintUserMessages: [DoorInverse_5] Not Valid
[2022.03.01-08.31.33:408][962]LogBlueprintUserMessages: [DoorInverse_5] Not Valid
[2022.03.01-08.31.33:422][963]LogBlueprintUserMessages: [DoorInverse_5] Not Valid
[2022.03.01-08.31.33:436][964]LogBlueprintUserMessages: [DoorInverse_5] Not Valid
[2022.03.01-08.31.33:450][965]LogBlueprintUserMessages: [DoorInverse_5] Not Valid
[2022.03.01-08.31.33:464][966]LogBlueprintUserMessages: [DoorInverse_5] Not Valid
[2022.03.01-08.31.33:478][967]LogBlueprintUserMessages: [DoorInverse_5] Not Valid
[2022.03.01-08.31.33:492][968]LogBlueprintUserMessages: [DoorInverse_5] Not Valid
[2022.03.01-08.31.33:506][969]LogBlueprintUserMessages: [DoorInverse_5] Not Valid
[2022.03.01-08.31.33:520][970]LogBlueprintUserMessages: [DoorInverse_5] Not Valid
[2022.03.01-08.31.33:534][971]LogBlueprintUserMessages: [DoorInverse_5] Not Valid
[2022.03.01-08.31.33:547][972]LogBlueprintUserMessages: [DoorInverse_5] Not Valid
[2022.03.01-08.31.33:562][973]LogBlueprintUserMessages: [DoorInverse_5] Not Valid
[2022.03.01-08.31.33:575][974]LogBlueprintUserMessages: [DoorInverse_5] Not Valid
[2022.03.01-08.31.33:589][975]LogBlueprintUserMessages: [DoorInverse_5] Not Valid
[2022.03.01-08.31.33:603][976]LogBlueprintUserMessages: [DoorInverse_5] Not Valid
[2022.03.01-08.31.33:617][977]LogBlueprintUserMessages: [DoorInverse_5] Not Valid
[2022.03.01-08.31.33:631][978]LogBlueprintUserMessages: [DoorInverse_5] Not Valid
[2022.03.01-08.31.33:645][979]LogBlueprintUserMessages: [DoorInverse_5] Not Valid
[2022.03.01-08.31.33:659][980]LogBlueprintUserMessages: [DoorInverse_5] Not Valid
[2022.03.01-08.31.33:673][981]LogBlueprintUserMessages: [DoorInverse_5] Not Valid
[2022.03.01-08.31.33:687][982]LogBlueprintUserMessages: [DoorInverse_5] Not Valid
[2022.03.01-08.31.33:701][983]LogBlueprintUserMessages: [DoorInverse_5] Not Valid
[2022.03.01-08.31.33:715][984]LogBlueprintUserMessages: [DoorInverse_5] Not Valid
[2022.03.01-08.31.33:728][985]LogBlueprintUserMessages: [DoorInverse_5] Not Valid
[2022.03.01-08.31.33:742][986]LogBlueprintUserMessages: [DoorInverse_5] Not Valid
[2022.03.01-08.31.33:756][987]LogBlueprintUserMessages: [DoorInverse_5] Not Valid
[2022.03.01-08.31.33:770][988]LogBlueprintUserMessages: [DoorInverse_5] Not Valid
[2022.03.01-08.31.33:783][989]LogBlueprintUserMessages: [DoorInverse_5] Not Valid
[2022.03.01-08.31.33:798][990]LogBlueprintUserMessages: [DoorInverse_5] Not Valid
[2022.03.01-08.31.33:812][991]LogBlueprintUserMessages: [DoorInverse_5] Not Valid
[2022.03.01-08.31.33:825][992]LogBlueprintUserMessages: [DoorInverse_5] Not Valid
[2022.03.01-08.31.33:839][993]LogBlueprintUserMessages: [DoorInverse_5] Not Valid
[2022.03.01-08.31.33:853][994]LogBlueprintUserMessages: [DoorInverse_5] Not Valid
[2022.03.01-08.31.33:867][995]LogBlueprintUserMessages: [DoorInverse_5] Not Valid
[2022.03.01-08.31.33:881][996]LogBlueprintUserMessages: [DoorInverse_5] Not Valid
[2022.03.01-08.31.33:895][997]LogBlueprintUserMessages: [DoorInverse_5] Not Valid
[2022.03.01-08.31.33:909][998]LogBlueprintUserMessages: [DoorInverse_5] Not Valid
[2022.03.01-08.31.33:923][999]LogBlueprintUserMessages: [DoorInverse_5] Not Valid
[2022.03.01-08.31.33:937][  0]LogBlueprintUserMessages: [DoorInverse_5] Not Valid
[2022.03.01-08.31.33:951][  1]LogBlueprintUserMessages: [DoorInverse_5] Not Valid
[2022.03.01-08.31.33:965][  2]LogBlueprintUserMessages: [DoorInverse_5] Not Valid
[2022.03.01-08.31.33:978][  3]LogBlueprintUserMessages: [DoorInverse_5] Not Valid
[2022.03.01-08.31.33:992][  4]LogBlueprintUserMessages: [DoorInverse_5] Not Valid
[2022.03.01-08.31.34:006][  5]LogBlueprintUserMessages: [DoorInverse_5] Not Valid
[2022.03.01-08.31.34:020][  6]LogBlueprintUserMessages: [DoorInverse_5] Not Valid
[2022.03.01-08.31.34:034][  7]LogBlueprintUserMessages: [DoorInverse_5] Not Valid
[2022.03.01-08.31.34:048][  8]LogBlueprintUserMessages: [DoorInverse_5] Not Valid
[2022.03.01-08.31.34:062][  9]LogBlueprintUserMessages: [DoorInverse_5] Not Valid
[2022.03.01-08.31.34:076][ 10]LogBlueprintUserMessages: [DoorInverse_5] Not Valid
[2022.03.01-08.31.34:090][ 11]LogBlueprintUserMessages: [DoorInverse_5] Not Valid
[2022.03.01-08.31.34:104][ 12]LogBlueprintUserMessages: [DoorInverse_5] Not Valid
[2022.03.01-08.31.34:118][ 13]LogBlueprintUserMessages: [DoorInverse_5] Not Valid
[2022.03.01-08.31.34:132][ 14]LogBlueprintUserMessages: [DoorInverse_5] Not Valid
[2022.03.01-08.31.34:146][ 15]LogBlueprintUserMessages: [DoorInverse_5] Not Valid
[2022.03.01-08.31.34:160][ 16]LogBlueprintUserMessages: [DoorInverse_5] Not Valid
[2022.03.01-08.31.34:174][ 17]LogBlueprintUserMessages: [DoorInverse_5] Not Valid
[2022.03.01-08.31.34:187][ 18]LogBlueprintUserMessages: [DoorInverse_5] Not Valid
[2022.03.01-08.31.34:201][ 19]LogBlueprintUserMessages: [DoorInverse_5] Not Valid
[2022.03.01-08.31.34:215][ 20]LogBlueprintUserMessages: [DoorInverse_5] Not Valid
[2022.03.01-08.31.34:229][ 21]LogBlueprintUserMessages: [DoorInverse_5] Not Valid
[2022.03.01-08.31.34:243][ 22]LogBlueprintUserMessages: [DoorInverse_5] Not Valid
[2022.03.01-08.31.34:257][ 23]LogBlueprintUserMessages: [DoorInverse_5] Not Valid
[2022.03.01-08.31.34:271][ 24]LogBlueprintUserMessages: [DoorInverse_5] Not Valid
[2022.03.01-08.31.34:285][ 25]LogBlueprintUserMessages: [DoorInverse_5] Not Valid
[2022.03.01-08.31.34:299][ 26]LogBlueprintUserMessages: [DoorInverse_5] Not Valid
[2022.03.01-08.31.34:313][ 27]LogBlueprintUserMessages: [DoorInverse_5] Not Valid
[2022.03.01-08.31.34:327][ 28]LogBlueprintUserMessages: [DoorInverse_5] Not Valid
[2022.03.01-08.31.34:341][ 29]LogBlueprintUserMessages: [DoorInverse_5] Not Valid
[2022.03.01-08.31.34:355][ 30]LogBlueprintUserMessages: [DoorInverse_5] Not Valid
[2022.03.01-08.31.34:368][ 31]LogBlueprintUserMessages: [DoorInverse_5] Not Valid
[2022.03.01-08.31.34:382][ 32]LogBlueprintUserMessages: [DoorInverse_5] Not Valid
[2022.03.01-08.31.34:396][ 33]LogBlueprintUserMessages: [DoorInverse_5] Not Valid
[2022.03.01-08.31.34:410][ 34]LogBlueprintUserMessages: [DoorInverse_5] Not Valid
[2022.03.01-08.31.34:424][ 35]LogBlueprintUserMessages: [DoorInverse_5] Not Valid
[2022.03.01-08.31.34:438][ 36]LogBlueprintUserMessages: [DoorInverse_5] Not Valid
[2022.03.01-08.31.34:452][ 37]LogBlueprintUserMessages: [DoorInverse_5] Not Valid
[2022.03.01-08.31.34:465][ 38]LogBlueprintUserMessages: [DoorInverse_5] Not Valid
[2022.03.01-08.31.34:479][ 39]LogBlueprintUserMessages: [DoorInverse_5] Not Valid
[2022.03.01-08.31.34:493][ 40]LogBlueprintUserMessages: [DoorInverse_5] Not Valid
[2022.03.01-08.31.34:507][ 41]LogBlueprintUserMessages: [DoorInverse_5] Not Valid
[2022.03.01-08.31.34:521][ 42]LogBlueprintUserMessages: [DoorInverse_5] Not Valid
[2022.03.01-08.31.34:535][ 43]LogBlueprintUserMessages: [DoorInverse_5] Not Valid
[2022.03.01-08.31.34:549][ 44]LogBlueprintUserMessages: [DoorInverse_5] Not Valid
[2022.03.01-08.31.34:564][ 45]LogBlueprintUserMessages: [DoorInverse_5] Not Valid
[2022.03.01-08.31.34:577][ 46]LogBlueprintUserMessages: [DoorInverse_5] Not Valid
[2022.03.01-08.31.34:592][ 47]LogBlueprintUserMessages: [DoorInverse_5] Not Valid
[2022.03.01-08.31.34:606][ 48]LogBlueprintUserMessages: [DoorInverse_5] Not Valid
[2022.03.01-08.31.34:619][ 49]LogBlueprintUserMessages: [DoorInverse_5] Not Valid
[2022.03.01-08.31.34:633][ 50]LogBlueprintUserMessages: [DoorInverse_5] Not Valid
[2022.03.01-08.31.34:647][ 51]LogBlueprintUserMessages: [DoorInverse_5] Not Valid
[2022.03.01-08.31.34:661][ 52]LogBlueprintUserMessages: [DoorInverse_5] Not Valid
[2022.03.01-08.31.34:675][ 53]LogBlueprintUserMessages: [DoorInverse_5] Not Valid
[2022.03.01-08.31.34:689][ 54]LogBlueprintUserMessages: [DoorInverse_5] Not Valid
[2022.03.01-08.31.34:703][ 55]LogBlueprintUserMessages: [DoorInverse_5] Not Valid
[2022.03.01-08.31.34:717][ 56]LogBlueprintUserMessages: [DoorInverse_5] Not Valid
[2022.03.01-08.31.34:730][ 57]LogBlueprintUserMessages: [DoorInverse_5] Not Valid
[2022.03.01-08.31.34:744][ 58]LogBlueprintUserMessages: [DoorInverse_5] Not Valid
[2022.03.01-08.31.34:758][ 59]LogBlueprintUserMessages: [DoorInverse_5] Not Valid
[2022.03.01-08.31.34:773][ 60]LogBlueprintUserMessages: [DoorInverse_5] Not Valid
[2022.03.01-08.31.34:787][ 61]LogBlueprintUserMessages: [DoorInverse_5] Not Valid
[2022.03.01-08.31.34:801][ 62]LogBlueprintUserMessages: [DoorInverse_5] Not Valid
[2022.03.01-08.31.34:814][ 63]LogBlueprintUserMessages: [DoorInverse_5] Not Valid
[2022.03.01-08.31.34:827][ 64]LogBlueprintUserMessages: [DoorInverse_5] Not Valid
[2022.03.01-08.31.34:841][ 65]LogBlueprintUserMessages: [DoorInverse_5] Not Valid
[2022.03.01-08.31.34:855][ 66]LogBlueprintUserMessages: [DoorInverse_5] Not Valid
[2022.03.01-08.31.34:869][ 67]LogBlueprintUserMessages: [DoorInverse_5] Not Valid
[2022.03.01-08.31.34:883][ 68]LogBlueprintUserMessages: [DoorInverse_5] Not Valid
[2022.03.01-08.31.34:897][ 69]LogBlueprintUserMessages: [DoorInverse_5] Not Valid
[2022.03.01-08.31.34:911][ 70]LogBlueprintUserMessages: [DoorInverse_5] Not Valid
[2022.03.01-08.31.34:925][ 71]LogBlueprintUserMessages: [DoorInverse_5] Not Valid
[2022.03.01-08.31.34:939][ 72]LogBlueprintUserMessages: [DoorInverse_5] Not Valid
[2022.03.01-08.31.34:953][ 73]LogBlueprintUserMessages: [DoorInverse_5] Not Valid
[2022.03.01-08.31.34:967][ 74]LogBlueprintUserMessages: [DoorInverse_5] Not Valid
[2022.03.01-08.31.34:981][ 75]LogBlueprintUserMessages: [DoorInverse_5] Not Valid
[2022.03.01-08.31.34:995][ 76]LogBlueprintUserMessages: [DoorInverse_5] Not Valid
[2022.03.01-08.31.35:009][ 77]LogBlueprintUserMessages: [DoorInverse_5] Not Valid
[2022.03.01-08.31.35:023][ 78]LogBlueprintUserMessages: [DoorInverse_5] Not Valid
[2022.03.01-08.31.35:037][ 79]LogBlueprintUserMessages: [DoorInverse_5] Not Valid
[2022.03.01-08.31.35:051][ 80]LogBlueprintUserMessages: [DoorInverse_5] Not Valid
[2022.03.01-08.31.35:065][ 81]LogBlueprintUserMessages: [DoorInverse_5] Not Valid
[2022.03.01-08.31.35:078][ 82]LogBlueprintUserMessages: [DoorInverse_5] Not Valid
[2022.03.01-08.31.35:093][ 83]LogBlueprintUserMessages: [DoorInverse_5] Not Valid
[2022.03.01-08.31.35:106][ 84]LogBlueprintUserMessages: [DoorInverse_5] Not Valid
[2022.03.01-08.31.35:120][ 85]LogBlueprintUserMessages: [DoorInverse_5] Not Valid
[2022.03.01-08.31.35:135][ 86]LogBlueprintUserMessages: [DoorInverse_5] Not Valid
[2022.03.01-08.31.35:149][ 87]LogBlueprintUserMessages: [DoorInverse_5] Not Valid
[2022.03.01-08.31.35:162][ 88]LogBlueprintUserMessages: [DoorInverse_5] Not Valid
[2022.03.01-08.31.35:176][ 89]LogBlueprintUserMessages: [DoorInverse_5] Not Valid
[2022.03.01-08.31.35:190][ 90]LogBlueprintUserMessages: [DoorInverse_5] Not Valid
[2022.03.01-08.31.35:204][ 91]LogBlueprintUserMessages: [DoorInverse_5] Not Valid
[2022.03.01-08.31.35:218][ 92]LogBlueprintUserMessages: [DoorInverse_5] Not Valid
[2022.03.01-08.31.35:232][ 93]LogBlueprintUserMessages: [DoorInverse_5] Not Valid
[2022.03.01-08.31.35:246][ 94]LogBlueprintUserMessages: [DoorInverse_5] Not Valid
[2022.03.01-08.31.35:260][ 95]LogBlueprintUserMessages: [DoorInverse_5] Not Valid
[2022.03.01-08.31.35:274][ 96]LogBlueprintUserMessages: [DoorInverse_5] Not Valid
[2022.03.01-08.31.35:288][ 97]LogBlueprintUserMessages: [DoorInverse_5] Not Valid
[2022.03.01-08.31.35:302][ 98]LogBlueprintUserMessages: [DoorInverse_5] Not Valid
[2022.03.01-08.31.35:316][ 99]LogBlueprintUserMessages: [DoorInverse_5] Not Valid
[2022.03.01-08.31.35:330][100]LogBlueprintUserMessages: [DoorInverse_5] Not Valid
[2022.03.01-08.31.35:343][101]LogBlueprintUserMessages: [DoorInverse_5] Not Valid
[2022.03.01-08.31.35:357][102]LogBlueprintUserMessages: [DoorInverse_5] Not Valid
[2022.03.01-08.31.35:371][103]LogBlueprintUserMessages: [DoorInverse_5] Not Valid
[2022.03.01-08.31.35:385][104]LogBlueprintUserMessages: [DoorInverse_5] Not Valid
[2022.03.01-08.31.35:399][105]LogBlueprintUserMessages: [DoorInverse_5] Not Valid
[2022.03.01-08.31.35:412][106]LogBlueprintUserMessages: [DoorInverse_5] Not Valid
[2022.03.01-08.31.35:426][107]LogBlueprintUserMessages: [DoorInverse_5] Not Valid
[2022.03.01-08.31.35:441][108]LogBlueprintUserMessages: [DoorInverse_5] Not Valid
[2022.03.01-08.31.35:455][109]LogBlueprintUserMessages: [DoorInverse_5] Not Valid
[2022.03.01-08.31.35:469][110]LogBlueprintUserMessages: [DoorInverse_5] Not Valid
[2022.03.01-08.31.35:483][111]LogBlueprintUserMessages: [DoorInverse_5] Not Valid
[2022.03.01-08.31.35:496][112]LogBlueprintUserMessages: [DoorInverse_5] Not Valid
[2022.03.01-08.31.35:510][113]LogBlueprintUserMessages: [DoorInverse_5] Not Valid
[2022.03.01-08.31.35:524][114]LogBlueprintUserMessages: [DoorInverse_5] Not Valid
[2022.03.01-08.31.35:538][115]LogBlueprintUserMessages: [DoorInverse_5] Not Valid
[2022.03.01-08.31.35:552][116]LogBlueprintUserMessages: [DoorInverse_5] Not Valid
[2022.03.01-08.31.35:566][117]LogBlueprintUserMessages: [DoorInverse_5] Not Valid
[2022.03.01-08.31.35:580][118]LogBlueprintUserMessages: [DoorInverse_5] Not Valid
[2022.03.01-08.31.35:594][119]LogBlueprintUserMessages: [DoorInverse_5] Not Valid
[2022.03.01-08.31.35:609][120]LogBlueprintUserMessages: [DoorInverse_5] Not Valid
[2022.03.01-08.31.35:623][121]LogBlueprintUserMessages: [DoorInverse_5] Not Valid
[2022.03.01-08.31.35:636][122]LogBlueprintUserMessages: [DoorInverse_5] Not Valid
[2022.03.01-08.31.35:650][123]LogBlueprintUserMessages: [DoorInverse_5] Not Valid
[2022.03.01-08.31.35:664][124]LogBlueprintUserMessages: [DoorInverse_5] Not Valid
[2022.03.01-08.31.35:678][125]LogBlueprintUserMessages: [DoorInverse_5] Not Valid
[2022.03.01-08.31.35:692][126]LogBlueprintUserMessages: [DoorInverse_5] Not Valid
[2022.03.01-08.31.35:705][127]LogBlueprintUserMessages: [DoorInverse_5] Not Valid
[2022.03.01-08.31.35:719][128]LogBlueprintUserMessages: [DoorInverse_5] Not Valid
[2022.03.01-08.31.35:733][129]LogBlueprintUserMessages: [DoorInverse_5] Not Valid
[2022.03.01-08.31.35:747][130]LogBlueprintUserMessages: [DoorInverse_5] Not Valid
[2022.03.01-08.31.35:761][131]LogBlueprintUserMessages: [DoorInverse_5] Not Valid
[2022.03.01-08.31.35:775][132]LogBlueprintUserMessages: [DoorInverse_5] Not Valid
[2022.03.01-08.31.35:789][133]LogBlueprintUserMessages: [DoorInverse_5] Not Valid
[2022.03.01-08.31.35:803][134]LogBlueprintUserMessages: [DoorInverse_5] Not Valid
[2022.03.01-08.31.35:817][135]LogBlueprintUserMessages: [DoorInverse_5] Not Valid
[2022.03.01-08.31.35:831][136]LogBlueprintUserMessages: [DoorInverse_5] Not Valid
[2022.03.01-08.31.35:845][137]LogBlueprintUserMessages: [DoorInverse_5] Not Valid
[2022.03.01-08.31.35:859][138]LogBlueprintUserMessages: [DoorInverse_5] Not Valid
[2022.03.01-08.31.35:873][139]LogBlueprintUserMessages: [DoorInverse_5] Not Valid
[2022.03.01-08.31.35:887][140]LogBlueprintUserMessages: [DoorInverse_5] Not Valid
[2022.03.01-08.31.35:901][141]LogBlueprintUserMessages: [DoorInverse_5] Not Valid
[2022.03.01-08.31.35:914][142]LogBlueprintUserMessages: [DoorInverse_5] Not Valid
[2022.03.01-08.31.35:928][143]LogBlueprintUserMessages: [DoorInverse_5] Not Valid
[2022.03.01-08.31.35:943][144]LogBlueprintUserMessages: [DoorInverse_5] Not Valid
[2022.03.01-08.31.35:957][145]LogBlueprintUserMessages: [DoorInverse_5] Not Valid
[2022.03.01-08.31.35:971][146]LogBlueprintUserMessages: [DoorInverse_5] Not Valid
[2022.03.01-08.31.35:984][147]LogBlueprintUserMessages: [DoorInverse_5] Not Valid
[2022.03.01-08.31.35:998][148]LogBlueprintUserMessages: [DoorInverse_5] Not Valid
[2022.03.01-08.31.36:012][149]LogBlueprintUserMessages: [DoorInverse_5] Not Valid
[2022.03.01-08.31.36:026][150]LogBlueprintUserMessages: [DoorInverse_5] Not Valid
[2022.03.01-08.31.36:040][151]LogBlueprintUserMessages: [DoorInverse_5] Not Valid
[2022.03.01-08.31.36:054][152]LogBlueprintUserMessages: [DoorInverse_5] Not Valid
[2022.03.01-08.31.36:067][153]LogBlueprintUserMessages: [DoorInverse_5] Not Valid
[2022.03.01-08.31.36:081][154]LogBlueprintUserMessages: [DoorInverse_5] Not Valid
[2022.03.01-08.31.36:095][155]LogBlueprintUserMessages: [DoorInverse_5] Not Valid
[2022.03.01-08.31.36:109][156]LogBlueprintUserMessages: [DoorInverse_5] Not Valid
[2022.03.01-08.31.36:123][157]LogBlueprintUserMessages: [DoorInverse_5] Not Valid
[2022.03.01-08.31.36:137][158]LogBlueprintUserMessages: [DoorInverse_5] Not Valid
[2022.03.01-08.31.36:151][159]LogBlueprintUserMessages: [DoorInverse_5] Not Valid
[2022.03.01-08.31.36:165][160]LogBlueprintUserMessages: [DoorInverse_5] Not Valid
[2022.03.01-08.31.36:179][161]LogBlueprintUserMessages: [DoorInverse_5] Not Valid
[2022.03.01-08.31.36:192][162]LogBlueprintUserMessages: [DoorInverse_5] Not Valid
[2022.03.01-08.31.36:207][163]LogBlueprintUserMessages: [DoorInverse_5] Not Valid
[2022.03.01-08.31.36:221][164]LogBlueprintUserMessages: [DoorInverse_5] Not Valid
[2022.03.01-08.31.36:235][165]LogBlueprintUserMessages: [DoorInverse_5] Not Valid
[2022.03.01-08.31.36:249][166]LogBlueprintUserMessages: [DoorInverse_5] Not Valid
[2022.03.01-08.31.36:262][167]LogBlueprintUserMessages: [DoorInverse_5] Not Valid
[2022.03.01-08.31.36:276][168]LogBlueprintUserMessages: [DoorInverse_5] Not Valid
[2022.03.01-08.31.36:291][169]LogBlueprintUserMessages: [DoorInverse_5] Not Valid
[2022.03.01-08.31.36:305][170]LogBlueprintUserMessages: [DoorInverse_5] Not Valid
[2022.03.01-08.31.36:319][171]LogBlueprintUserMessages: [DoorInverse_5] Not Valid
[2022.03.01-08.31.36:333][172]LogBlueprintUserMessages: [DoorInverse_5] Not Valid
[2022.03.01-08.31.36:346][173]LogBlueprintUserMessages: [DoorInverse_5] Not Valid
[2022.03.01-08.31.36:360][174]LogBlueprintUserMessages: [DoorInverse_5] Not Valid
[2022.03.01-08.31.36:374][175]LogBlueprintUserMessages: [DoorInverse_5] Not Valid
[2022.03.01-08.31.36:388][176]LogBlueprintUserMessages: [DoorInverse_5] Not Valid
[2022.03.01-08.31.36:402][177]LogBlueprintUserMessages: [DoorInverse_5] Not Valid
[2022.03.01-08.31.36:416][178]LogBlueprintUserMessages: [DoorInverse_5] Not Valid
[2022.03.01-08.31.36:430][179]LogBlueprintUserMessages: [DoorInverse_5] Not Valid
[2022.03.01-08.31.36:443][180]LogBlueprintUserMessages: [DoorInverse_5] Not Valid
[2022.03.01-08.31.36:457][181]LogBlueprintUserMessages: [DoorInverse_5] Not Valid
[2022.03.01-08.31.36:471][182]LogBlueprintUserMessages: [DoorInverse_5] Not Valid
[2022.03.01-08.31.36:485][183]LogBlueprintUserMessages: [DoorInverse_5] Not Valid
[2022.03.01-08.31.36:500][184]LogBlueprintUserMessages: [DoorInverse_5] Not Valid
[2022.03.01-08.31.36:513][185]LogBlueprintUserMessages: [DoorInverse_5] Not Valid
[2022.03.01-08.31.36:527][186]LogBlueprintUserMessages: [DoorInverse_5] Not Valid
[2022.03.01-08.31.36:541][187]LogBlueprintUserMessages: [DoorInverse_5] Not Valid
[2022.03.01-08.31.36:555][188]LogBlueprintUserMessages: [DoorInverse_5] Not Valid
[2022.03.01-08.31.36:569][189]LogBlueprintUserMessages: [DoorInverse_5] Not Valid
[2022.03.01-08.31.36:583][190]LogBlueprintUserMessages: [DoorInverse_5] Not Valid
[2022.03.01-08.31.36:597][191]LogBlueprintUserMessages: [DoorInverse_5] Not Valid
[2022.03.01-08.31.36:611][192]LogBlueprintUserMessages: [DoorInverse_5] Not Valid
[2022.03.01-08.31.36:625][193]LogBlueprintUserMessages: [DoorInverse_5] Not Valid
[2022.03.01-08.31.36:639][194]LogBlueprintUserMessages: [DoorInverse_5] Not Valid
[2022.03.01-08.31.36:653][195]LogBlueprintUserMessages: [DoorInverse_5] Not Valid
[2022.03.01-08.31.36:667][196]LogBlueprintUserMessages: [DoorInverse_5] Not Valid
[2022.03.01-08.31.36:681][197]LogBlueprintUserMessages: [DoorInverse_5] Not Valid
[2022.03.01-08.31.36:695][198]LogBlueprintUserMessages: [DoorInverse_5] Not Valid
[2022.03.01-08.31.36:708][199]LogBlueprintUserMessages: [DoorInverse_5] Not Valid
[2022.03.01-08.31.36:722][200]LogBlueprintUserMessages: [DoorInverse_5] Not Valid
[2022.03.01-08.31.36:736][201]LogBlueprintUserMessages: [DoorInverse_5] Not Valid
[2022.03.01-08.31.36:750][202]LogBlueprintUserMessages: [DoorInverse_5] Not Valid
[2022.03.01-08.31.36:765][203]LogBlueprintUserMessages: [DoorInverse_5] Not Valid
[2022.03.01-08.31.36:778][204]LogBlueprintUserMessages: [DoorInverse_5] Not Valid
[2022.03.01-08.31.36:792][205]LogBlueprintUserMessages: [DoorInverse_5] Not Valid
[2022.03.01-08.31.36:806][206]LogBlueprintUserMessages: [DoorInverse_5] Not Valid
[2022.03.01-08.31.36:820][207]LogBlueprintUserMessages: [DoorInverse_5] Not Valid
[2022.03.01-08.31.36:833][208]LogBlueprintUserMessages: [DoorInverse_5] Not Valid
[2022.03.01-08.31.36:848][209]LogBlueprintUserMessages: [DoorInverse_5] Not Valid
[2022.03.01-08.31.36:862][210]LogBlueprintUserMessages: [DoorInverse_5] Not Valid
[2022.03.01-08.31.36:876][211]LogBlueprintUserMessages: [DoorInverse_5] Not Valid
[2022.03.01-08.31.36:890][212]LogBlueprintUserMessages: [DoorInverse_5] Not Valid
[2022.03.01-08.31.36:904][213]LogBlueprintUserMessages: [DoorInverse_5] Not Valid
[2022.03.01-08.31.36:917][214]LogBlueprintUserMessages: [DoorInverse_5] Not Valid
[2022.03.01-08.31.36:932][215]LogBlueprintUserMessages: [DoorInverse_5] Not Valid
[2022.03.01-08.31.36:945][216]LogBlueprintUserMessages: [DoorInverse_5] Not Valid
[2022.03.01-08.31.36:959][217]LogBlueprintUserMessages: [DoorInverse_5] Not Valid
[2022.03.01-08.31.36:974][218]LogBlueprintUserMessages: [DoorInverse_5] Not Valid
[2022.03.01-08.31.36:987][219]LogBlueprintUserMessages: [DoorInverse_5] Not Valid
[2022.03.01-08.31.37:001][220]LogBlueprintUserMessages: [DoorInverse_5] Not Valid
[2022.03.01-08.31.37:015][221]LogBlueprintUserMessages: [DoorInverse_5] Not Valid
[2022.03.01-08.31.37:028][222]LogBlueprintUserMessages: [DoorInverse_5] Not Valid
[2022.03.01-08.31.37:042][223]LogBlueprintUserMessages: [DoorInverse_5] Not Valid
[2022.03.01-08.31.37:056][224]LogBlueprintUserMessages: [DoorInverse_5] Not Valid
[2022.03.01-08.31.37:070][225]LogBlueprintUserMessages: [DoorInverse_5] Not Valid
[2022.03.01-08.31.37:084][226]LogBlueprintUserMessages: [DoorInverse_5] Not Valid
[2022.03.01-08.31.37:098][227]LogBlueprintUserMessages: [DoorInverse_5] Not Valid
[2022.03.01-08.31.37:112][228]LogBlueprintUserMessages: [DoorInverse_5] Not Valid
[2022.03.01-08.31.37:126][229]LogBlueprintUserMessages: [DoorInverse_5] Not Valid
[2022.03.01-08.31.37:140][230]LogBlueprintUserMessages: [DoorInverse_5] Not Valid
[2022.03.01-08.31.37:154][231]LogBlueprintUserMessages: [DoorInverse_5] Not Valid
[2022.03.01-08.31.37:168][232]LogBlueprintUserMessages: [DoorInverse_5] Not Valid
[2022.03.01-08.31.37:182][233]LogBlueprintUserMessages: [DoorInverse_5] Not Valid
[2022.03.01-08.31.37:195][234]LogBlueprintUserMessages: [DoorInverse_5] Not Valid
[2022.03.01-08.31.37:210][235]LogBlueprintUserMessages: [DoorInverse_5] Not Valid
[2022.03.01-08.31.37:223][236]LogBlueprintUserMessages: [DoorInverse_5] Not Valid
[2022.03.01-08.31.37:237][237]LogBlueprintUserMessages: [DoorInverse_5] Not Valid
[2022.03.01-08.31.37:251][238]LogBlueprintUserMessages: [DoorInverse_5] Not Valid
[2022.03.01-08.31.37:265][239]LogBlueprintUserMessages: [DoorInverse_5] Not Valid
[2022.03.01-08.31.37:279][240]LogBlueprintUserMessages: [DoorInverse_5] Not Valid
[2022.03.01-08.31.37:293][241]LogBlueprintUserMessages: [DoorInverse_5] Not Valid
[2022.03.01-08.31.37:307][242]LogBlueprintUserMessages: [DoorInverse_5] Not Valid
[2022.03.01-08.31.37:321][243]LogBlueprintUserMessages: [DoorInverse_5] Not Valid
[2022.03.01-08.31.37:335][244]LogBlueprintUserMessages: [DoorInverse_5] Not Valid
[2022.03.01-08.31.37:349][245]LogBlueprintUserMessages: [DoorInverse_5] Not Valid
[2022.03.01-08.31.37:362][246]LogBlueprintUserMessages: [DoorInverse_5] Not Valid
[2022.03.01-08.31.37:376][247]LogBlueprintUserMessages: [DoorInverse_5] Not Valid
[2022.03.01-08.31.37:390][248]LogBlueprintUserMessages: [DoorInverse_5] Not Valid
[2022.03.01-08.31.37:404][249]LogBlueprintUserMessages: [DoorInverse_5] Not Valid
[2022.03.01-08.31.37:418][250]LogBlueprintUserMessages: [DoorInverse_5] Not Valid
[2022.03.01-08.31.37:432][251]LogBlueprintUserMessages: [DoorInverse_5] Not Valid
[2022.03.01-08.31.37:446][252]LogBlueprintUserMessages: [DoorInverse_5] Not Valid
[2022.03.01-08.31.37:460][253]LogBlueprintUserMessages: [DoorInverse_5] Not Valid
[2022.03.01-08.31.37:474][254]LogBlueprintUserMessages: [DoorInverse_5] Not Valid
[2022.03.01-08.31.37:489][255]LogBlueprintUserMessages: [DoorInverse_5] Not Valid
[2022.03.01-08.31.37:503][256]LogBlueprintUserMessages: [DoorInverse_5] Not Valid
[2022.03.01-08.31.37:516][257]LogBlueprintUserMessages: [DoorInverse_5] Not Valid
[2022.03.01-08.31.37:530][258]LogBlueprintUserMessages: [DoorInverse_5] Not Valid
[2022.03.01-08.31.37:544][259]LogBlueprintUserMessages: [DoorInverse_5] Not Valid
[2022.03.01-08.31.37:558][260]LogBlueprintUserMessages: [DoorInverse_5] Not Valid
[2022.03.01-08.31.37:572][261]LogBlueprintUserMessages: [DoorInverse_5] Not Valid
[2022.03.01-08.31.37:586][262]LogBlueprintUserMessages: [DoorInverse_5] Not Valid
[2022.03.01-08.31.37:600][263]LogBlueprintUserMessages: [DoorInverse_5] Not Valid
[2022.03.01-08.31.37:614][264]LogBlueprintUserMessages: [DoorInverse_5] Not Valid
[2022.03.01-08.31.37:627][265]LogBlueprintUserMessages: [DoorInverse_5] Not Valid
[2022.03.01-08.31.37:641][266]LogBlueprintUserMessages: [DoorInverse_5] Not Valid
[2022.03.01-08.31.37:655][267]LogBlueprintUserMessages: [DoorInverse_5] Not Valid
[2022.03.01-08.31.37:669][268]LogBlueprintUserMessages: [DoorInverse_5] Not Valid
[2022.03.01-08.31.37:683][269]LogBlueprintUserMessages: [DoorInverse_5] Not Valid
[2022.03.01-08.31.37:698][270]LogBlueprintUserMessages: [DoorInverse_5] Not Valid
[2022.03.01-08.31.37:711][271]LogBlueprintUserMessages: [DoorInverse_5] Not Valid
[2022.03.01-08.31.37:725][272]LogBlueprintUserMessages: [DoorInverse_5] Not Valid
[2022.03.01-08.31.37:739][273]LogBlueprintUserMessages: [DoorInverse_5] Not Valid
[2022.03.01-08.31.37:753][274]LogBlueprintUserMessages: [DoorInverse_5] Not Valid
[2022.03.01-08.31.37:767][275]LogBlueprintUserMessages: [DoorInverse_5] Not Valid
[2022.03.01-08.31.37:781][276]LogBlueprintUserMessages: [DoorInverse_5] Not Valid
[2022.03.01-08.31.37:794][277]LogBlueprintUserMessages: [DoorInverse_5] Not Valid
[2022.03.01-08.31.37:809][278]LogBlueprintUserMessages: [DoorInverse_5] Not Valid
[2022.03.01-08.31.37:823][279]LogBlueprintUserMessages: [DoorInverse_5] Not Valid
[2022.03.01-08.31.37:837][280]LogBlueprintUserMessages: [DoorInverse_5] Not Valid
[2022.03.01-08.31.37:850][281]LogBlueprintUserMessages: [DoorInverse_5] Not Valid
[2022.03.01-08.31.37:864][282]LogBlueprintUserMessages: [DoorInverse_5] Not Valid
[2022.03.01-08.31.37:878][283]LogBlueprintUserMessages: [DoorInverse_5] Not Valid
[2022.03.01-08.31.37:892][284]LogBlueprintUserMessages: [DoorInverse_5] Not Valid
[2022.03.01-08.31.37:906][285]LogBlueprintUserMessages: [DoorInverse_5] Not Valid
[2022.03.01-08.31.37:921][286]LogBlueprintUserMessages: [DoorInverse_5] Not Valid
[2022.03.01-08.31.37:934][287]LogBlueprintUserMessages: [DoorInverse_5] Not Valid
[2022.03.01-08.31.37:948][288]LogBlueprintUserMessages: [DoorInverse_5] Not Valid
[2022.03.01-08.31.37:962][289]LogBlueprintUserMessages: [DoorInverse_5] Not Valid
[2022.03.01-08.31.37:976][290]LogBlueprintUserMessages: [DoorInverse_5] Not Valid
[2022.03.01-08.31.37:990][291]LogBlueprintUserMessages: [DoorInverse_5] Not Valid
[2022.03.01-08.31.38:004][292]LogBlueprintUserMessages: [DoorInverse_5] Not Valid
[2022.03.01-08.31.38:018][293]LogBlueprintUserMessages: [DoorInverse_5] Not Valid
[2022.03.01-08.31.38:032][294]LogBlueprintUserMessages: [DoorInverse_5] Not Valid
[2022.03.01-08.31.38:046][295]LogBlueprintUserMessages: [DoorInverse_5] Not Valid
[2022.03.01-08.31.38:060][296]LogBlueprintUserMessages: [DoorInverse_5] Not Valid
[2022.03.01-08.31.38:074][297]LogBlueprintUserMessages: [DoorInverse_5] Not Valid
[2022.03.01-08.31.38:087][298]LogBlueprintUserMessages: [DoorInverse_5] Not Valid
[2022.03.01-08.31.38:101][299]LogBlueprintUserMessages: [DoorInverse_5] Not Valid
[2022.03.01-08.31.38:115][300]LogBlueprintUserMessages: [DoorInverse_5] Not Valid
[2022.03.01-08.31.38:129][301]LogBlueprintUserMessages: [DoorInverse_5] Not Valid
[2022.03.01-08.31.38:142][302]LogBlueprintUserMessages: [DoorInverse_5] Not Valid
[2022.03.01-08.31.38:156][303]LogBlueprintUserMessages: [DoorInverse_5] Not Valid
[2022.03.01-08.31.38:171][304]LogBlueprintUserMessages: [DoorInverse_5] Not Valid
[2022.03.01-08.31.38:184][305]LogBlueprintUserMessages: [DoorInverse_5] Not Valid
[2022.03.01-08.31.38:198][306]LogBlueprintUserMessages: [DoorInverse_5] Not Valid
[2022.03.01-08.31.38:212][307]LogBlueprintUserMessages: [DoorInverse_5] Not Valid
[2022.03.01-08.31.38:226][308]LogBlueprintUserMessages: [DoorInverse_5] Not Valid
[2022.03.01-08.31.38:240][309]LogBlueprintUserMessages: [DoorInverse_5] Not Valid
[2022.03.01-08.31.38:254][310]LogBlueprintUserMessages: [DoorInverse_5] Not Valid
[2022.03.01-08.31.38:267][311]LogBlueprintUserMessages: [DoorInverse_5] Not Valid
[2022.03.01-08.31.38:281][312]LogBlueprintUserMessages: [DoorInverse_5] Not Valid
[2022.03.01-08.31.38:295][313]LogBlueprintUserMessages: [DoorInverse_5] Not Valid
[2022.03.01-08.31.38:309][314]LogBlueprintUserMessages: [DoorInverse_5] Not Valid
[2022.03.01-08.31.38:323][315]LogBlueprintUserMessages: [DoorInverse_5] Not Valid
[2022.03.01-08.31.38:338][316]LogBlueprintUserMessages: [DoorInverse_5] Not Valid
[2022.03.01-08.31.38:352][317]LogBlueprintUserMessages: [DoorInverse_5] Not Valid
[2022.03.01-08.31.38:365][318]LogBlueprintUserMessages: [DoorInverse_5] Not Valid
[2022.03.01-08.31.38:378][319]LogBlueprintUserMessages: [DoorInverse_5] Not Valid
[2022.03.01-08.31.38:393][320]LogBlueprintUserMessages: [DoorInverse_5] Not Valid
[2022.03.01-08.31.38:406][321]LogBlueprintUserMessages: [DoorInverse_5] Not Valid
[2022.03.01-08.31.38:420][322]LogBlueprintUserMessages: [DoorInverse_5] Not Valid
[2022.03.01-08.31.38:434][323]LogBlueprintUserMessages: [DoorInverse_5] Not Valid
[2022.03.01-08.31.38:448][324]LogBlueprintUserMessages: [DoorInverse_5] Not Valid
[2022.03.01-08.31.38:462][325]LogBlueprintUserMessages: [DoorInverse_5] Not Valid
[2022.03.01-08.31.38:476][326]LogBlueprintUserMessages: [DoorInverse_5] Not Valid
[2022.03.01-08.31.38:491][327]LogBlueprintUserMessages: [DoorInverse_5] Not Valid
[2022.03.01-08.31.38:504][328]LogBlueprintUserMessages: [DoorInverse_5] Not Valid
[2022.03.01-08.31.38:518][329]LogBlueprintUserMessages: [DoorInverse_5] Not Valid
[2022.03.01-08.31.38:532][330]LogBlueprintUserMessages: [DoorInverse_5] Not Valid
[2022.03.01-08.31.38:546][331]LogBlueprintUserMessages: [DoorInverse_5] Not Valid
[2022.03.01-08.31.38:561][332]LogBlueprintUserMessages: [DoorInverse_5] Not Valid
[2022.03.01-08.31.38:574][333]LogBlueprintUserMessages: [DoorInverse_5] Not Valid
[2022.03.01-08.31.38:588][334]LogBlueprintUserMessages: [DoorInverse_5] Not Valid
[2022.03.01-08.31.38:602][335]LogBlueprintUserMessages: [DoorInverse_5] Not Valid
[2022.03.01-08.31.38:616][336]LogBlueprintUserMessages: [DoorInverse_5] Not Valid
[2022.03.01-08.31.38:630][337]LogBlueprintUserMessages: [DoorInverse_5] Not Valid
[2022.03.01-08.31.38:644][338]LogBlueprintUserMessages: [DoorInverse_5] Not Valid
[2022.03.01-08.31.38:658][339]LogBlueprintUserMessages: [DoorInverse_5] Not Valid
[2022.03.01-08.31.38:672][340]LogBlueprintUserMessages: [DoorInverse_5] Not Valid
[2022.03.01-08.31.38:686][341]LogBlueprintUserMessages: [DoorInverse_5] Not Valid
[2022.03.01-08.31.38:699][342]LogBlueprintUserMessages: [DoorInverse_5] Not Valid
[2022.03.01-08.31.38:713][343]LogBlueprintUserMessages: [DoorInverse_5] Not Valid
[2022.03.01-08.31.38:727][344]LogBlueprintUserMessages: [DoorInverse_5] Not Valid
[2022.03.01-08.31.38:741][345]LogBlueprintUserMessages: [DoorInverse_5] Not Valid
[2022.03.01-08.31.38:756][346]LogBlueprintUserMessages: [DoorInverse_5] Not Valid
[2022.03.01-08.31.38:770][347]LogBlueprintUserMessages: [DoorInverse_5] Not Valid
[2022.03.01-08.31.38:783][348]LogBlueprintUserMessages: [DoorInverse_5] Not Valid
[2022.03.01-08.31.38:797][349]LogBlueprintUserMessages: [DoorInverse_5] Not Valid
[2022.03.01-08.31.38:811][350]LogBlueprintUserMessages: [DoorInverse_5] Not Valid
[2022.03.01-08.31.38:824][351]LogBlueprintUserMessages: [DoorInverse_5] Not Valid
[2022.03.01-08.31.38:838][352]LogBlueprintUserMessages: [DoorInverse_5] Not Valid
[2022.03.01-08.31.38:853][353]LogBlueprintUserMessages: [DoorInverse_5] Not Valid
[2022.03.01-08.31.38:867][354]LogBlueprintUserMessages: [DoorInverse_5] Not Valid
[2022.03.01-08.31.38:881][355]LogBlueprintUserMessages: [DoorInverse_5] Not Valid
[2022.03.01-08.31.38:894][356]LogBlueprintUserMessages: [DoorInverse_5] Not Valid
[2022.03.01-08.31.38:908][357]LogBlueprintUserMessages: [DoorInverse_5] Not Valid
[2022.03.01-08.31.38:922][358]LogBlueprintUserMessages: [DoorInverse_5] Not Valid
[2022.03.01-08.31.38:936][359]LogBlueprintUserMessages: [DoorInverse_5] Not Valid
[2022.03.01-08.31.38:950][360]LogBlueprintUserMessages: [DoorInverse_5] Not Valid
[2022.03.01-08.31.38:964][361]LogBlueprintUserMessages: [DoorInverse_5] Not Valid
[2022.03.01-08.31.38:978][362]LogBlueprintUserMessages: [DoorInverse_5] Not Valid
[2022.03.01-08.31.38:992][363]LogBlueprintUserMessages: [DoorInverse_5] Not Valid
[2022.03.01-08.31.39:006][364]LogBlueprintUserMessages: [DoorInverse_5] Not Valid
[2022.03.01-08.31.39:020][365]LogBlueprintUserMessages: [DoorInverse_5] Not Valid
[2022.03.01-08.31.39:034][366]LogBlueprintUserMessages: [DoorInverse_5] Not Valid
[2022.03.01-08.31.39:048][367]LogBlueprintUserMessages: [DoorInverse_5] Not Valid
[2022.03.01-08.31.39:061][368]LogBlueprintUserMessages: [DoorInverse_5] Not Valid
[2022.03.01-08.31.39:075][369]LogBlueprintUserMessages: [DoorInverse_5] Not Valid
[2022.03.01-08.31.39:089][370]LogBlueprintUserMessages: [DoorInverse_5] Not Valid
[2022.03.01-08.31.39:103][371]LogBlueprintUserMessages: [DoorInverse_5] Not Valid
[2022.03.01-08.31.39:117][372]LogBlueprintUserMessages: [DoorInverse_5] Not Valid
[2022.03.01-08.31.39:131][373]LogBlueprintUserMessages: [DoorInverse_5] Not Valid
[2022.03.01-08.31.39:144][374]LogBlueprintUserMessages: [DoorInverse_5] Not Valid
[2022.03.01-08.31.39:159][375]LogBlueprintUserMessages: [DoorInverse_5] Not Valid
[2022.03.01-08.31.39:173][376]LogBlueprintUserMessages: [DoorInverse_5] Not Valid
[2022.03.01-08.31.39:187][377]LogBlueprintUserMessages: [DoorInverse_5] Not Valid
[2022.03.01-08.31.39:201][378]LogBlueprintUserMessages: [DoorInverse_5] Not Valid
[2022.03.01-08.31.39:215][379]LogBlueprintUserMessages: [DoorInverse_5] Not Valid
[2022.03.01-08.31.39:229][380]LogBlueprintUserMessages: [DoorInverse_5] Not Valid
[2022.03.01-08.31.39:242][381]LogBlueprintUserMessages: [DoorInverse_5] Not Valid
[2022.03.01-08.31.39:257][382]LogBlueprintUserMessages: [DoorInverse_5] Not Valid
[2022.03.01-08.31.39:270][383]LogBlueprintUserMessages: [DoorInverse_5] Not Valid
[2022.03.01-08.31.39:284][384]LogBlueprintUserMessages: [DoorInverse_5] Not Valid
[2022.03.01-08.31.39:297][385]LogBlueprintUserMessages: [DoorInverse_5] Not Valid
[2022.03.01-08.31.39:311][386]LogBlueprintUserMessages: [DoorInverse_5] Not Valid
[2022.03.01-08.31.39:326][387]LogBlueprintUserMessages: [DoorInverse_5] Not Valid
[2022.03.01-08.31.39:339][388]LogBlueprintUserMessages: [DoorInverse_5] Not Valid
[2022.03.01-08.31.39:353][389]LogBlueprintUserMessages: [DoorInverse_5] Not Valid
[2022.03.01-08.31.39:367][390]LogBlueprintUserMessages: [DoorInverse_5] Not Valid
[2022.03.01-08.31.39:381][391]LogBlueprintUserMessages: [DoorInverse_5] Not Valid
[2022.03.01-08.31.39:395][392]LogBlueprintUserMessages: [DoorInverse_5] Not Valid
[2022.03.01-08.31.39:409][393]LogBlueprintUserMessages: [DoorInverse_5] Not Valid
[2022.03.01-08.31.39:423][394]LogBlueprintUserMessages: [DoorInverse_5] Not Valid
[2022.03.01-08.31.39:437][395]LogBlueprintUserMessages: [DoorInverse_5] Not Valid
[2022.03.01-08.31.39:451][396]LogBlueprintUserMessages: [DoorInverse_5] Not Valid
[2022.03.01-08.31.39:465][397]LogBlueprintUserMessages: [DoorInverse_5] Not Valid
[2022.03.01-08.31.39:479][398]LogBlueprintUserMessages: [DoorInverse_5] Not Valid
[2022.03.01-08.31.39:493][399]LogBlueprintUserMessages: [DoorInverse_5] Not Valid
[2022.03.01-08.31.39:507][400]LogBlueprintUserMessages: [DoorInverse_5] Not Valid
[2022.03.01-08.31.39:521][401]LogBlueprintUserMessages: [DoorInverse_5] Not Valid
[2022.03.01-08.31.39:535][402]LogBlueprintUserMessages: [DoorInverse_5] Not Valid
[2022.03.01-08.31.39:549][403]LogBlueprintUserMessages: [DoorInverse_5] Not Valid
[2022.03.01-08.31.39:563][404]LogBlueprintUserMessages: [DoorInverse_5] Not Valid
[2022.03.01-08.31.39:576][405]LogBlueprintUserMessages: [DoorInverse_5] Not Valid
[2022.03.01-08.31.39:591][406]LogBlueprintUserMessages: [DoorInverse_5] Not Valid
[2022.03.01-08.31.39:605][407]LogBlueprintUserMessages: [DoorInverse_5] Not Valid
[2022.03.01-08.31.39:618][408]LogBlueprintUserMessages: [DoorInverse_5] Not Valid
[2022.03.01-08.31.39:632][409]LogBlueprintUserMessages: [DoorInverse_5] Not Valid
[2022.03.01-08.31.39:645][410]LogBlueprintUserMessages: [DoorInverse_5] Not Valid
[2022.03.01-08.31.39:659][411]LogBlueprintUserMessages: [DoorInverse_5] Not Valid
[2022.03.01-08.31.39:673][412]LogBlueprintUserMessages: [DoorInverse_5] Not Valid
[2022.03.01-08.31.39:687][413]LogBlueprintUserMessages: [DoorInverse_5] Not Valid
[2022.03.01-08.31.39:701][414]LogBlueprintUserMessages: [DoorInverse_5] Not Valid
[2022.03.01-08.31.39:715][415]LogBlueprintUserMessages: [DoorInverse_5] Not Valid
[2022.03.01-08.31.39:729][416]LogBlueprintUserMessages: [DoorInverse_5] Not Valid
[2022.03.01-08.31.39:743][417]LogBlueprintUserMessages: [DoorInverse_5] Not Valid
[2022.03.01-08.31.39:757][418]LogBlueprintUserMessages: [DoorInverse_5] Not Valid
[2022.03.01-08.31.39:771][419]LogBlueprintUserMessages: [DoorInverse_5] Not Valid
[2022.03.01-08.31.39:785][420]LogBlueprintUserMessages: [DoorInverse_5] Not Valid
[2022.03.01-08.31.39:799][421]LogBlueprintUserMessages: [DoorInverse_5] Not Valid
[2022.03.01-08.31.39:813][422]LogBlueprintUserMessages: [DoorInverse_5] Not Valid
[2022.03.01-08.31.39:827][423]LogBlueprintUserMessages: [DoorInverse_5] Not Valid
[2022.03.01-08.31.39:841][424]LogBlueprintUserMessages: [DoorInverse_5] Not Valid
[2022.03.01-08.31.39:855][425]LogBlueprintUserMessages: [DoorInverse_5] Not Valid
[2022.03.01-08.31.39:869][426]LogBlueprintUserMessages: [DoorInverse_5] Not Valid
[2022.03.01-08.31.39:883][427]LogBlueprintUserMessages: [DoorInverse_5] Not Valid
[2022.03.01-08.31.39:896][428]LogBlueprintUserMessages: [DoorInverse_5] Not Valid
[2022.03.01-08.31.39:911][429]LogBlueprintUserMessages: [DoorInverse_5] Not Valid
[2022.03.01-08.31.39:925][430]LogBlueprintUserMessages: [DoorInverse_5] Not Valid
[2022.03.01-08.31.39:938][431]LogBlueprintUserMessages: [DoorInverse_5] Not Valid
[2022.03.01-08.31.39:952][432]LogBlueprintUserMessages: [DoorInverse_5] Not Valid
[2022.03.01-08.31.39:966][433]LogBlueprintUserMessages: [DoorInverse_5] Not Valid
[2022.03.01-08.31.39:980][434]LogBlueprintUserMessages: [DoorInverse_5] Not Valid
[2022.03.01-08.31.39:994][435]LogBlueprintUserMessages: [DoorInverse_5] Not Valid
[2022.03.01-08.31.40:007][436]LogBlueprintUserMessages: [DoorInverse_5] Not Valid
[2022.03.01-08.31.40:022][437]LogBlueprintUserMessages: [DoorInverse_5] Not Valid
[2022.03.01-08.31.40:035][438]LogBlueprintUserMessages: [DoorInverse_5] Not Valid
[2022.03.01-08.31.40:049][439]LogBlueprintUserMessages: [DoorInverse_5] Not Valid
[2022.03.01-08.31.40:063][440]LogBlueprintUserMessages: [DoorInverse_5] Not Valid
[2022.03.01-08.31.40:078][441]LogBlueprintUserMessages: [DoorInverse_5] Not Valid
[2022.03.01-08.31.40:092][442]LogBlueprintUserMessages: [DoorInverse_5] Not Valid
[2022.03.01-08.31.40:106][443]LogBlueprintUserMessages: [DoorInverse_5] Not Valid
[2022.03.01-08.31.40:119][444]LogBlueprintUserMessages: [DoorInverse_5] Not Valid
[2022.03.01-08.31.40:134][445]LogBlueprintUserMessages: [DoorInverse_5] Not Valid
[2022.03.01-08.31.40:148][446]LogBlueprintUserMessages: [DoorInverse_5] Not Valid
[2022.03.01-08.31.40:162][447]LogBlueprintUserMessages: [DoorInverse_5] Not Valid
[2022.03.01-08.31.40:176][448]LogBlueprintUserMessages: [DoorInverse_5] Not Valid
[2022.03.01-08.31.40:190][449]LogBlueprintUserMessages: [DoorInverse_5] Not Valid
[2022.03.01-08.31.40:204][450]LogBlueprintUserMessages: [DoorInverse_5] Not Valid
[2022.03.01-08.31.40:218][451]LogBlueprintUserMessages: [DoorInverse_5] Not Valid
[2022.03.01-08.31.40:232][452]LogBlueprintUserMessages: [DoorInverse_5] Not Valid
[2022.03.01-08.31.40:246][453]LogBlueprintUserMessages: [DoorInverse_5] Not Valid
[2022.03.01-08.31.40:259][454]LogBlueprintUserMessages: [DoorInverse_5] Not Valid
[2022.03.01-08.31.40:273][455]LogBlueprintUserMessages: [DoorInverse_5] Not Valid
[2022.03.01-08.31.40:287][456]LogBlueprintUserMessages: [DoorInverse_5] Not Valid
[2022.03.01-08.31.40:302][457]LogBlueprintUserMessages: [DoorInverse_5] Not Valid
[2022.03.01-08.31.40:314][458]LogBlueprintUserMessages: [DoorInverse_5] Not Valid
[2022.03.01-08.31.40:328][459]LogBlueprintUserMessages: [DoorInverse_5] Not Valid
[2022.03.01-08.31.40:342][460]LogBlueprintUserMessages: [DoorInverse_5] Not Valid
[2022.03.01-08.31.40:356][461]LogBlueprintUserMessages: [DoorInverse_5] Not Valid
[2022.03.01-08.31.40:370][462]LogBlueprintUserMessages: [DoorInverse_5] Not Valid
[2022.03.01-08.31.40:384][463]LogBlueprintUserMessages: [DoorInverse_5] Not Valid
[2022.03.01-08.31.40:398][464]LogBlueprintUserMessages: [DoorInverse_5] Not Valid
[2022.03.01-08.31.40:412][465]LogBlueprintUserMessages: [DoorInverse_5] Not Valid
[2022.03.01-08.31.40:425][466]LogBlueprintUserMessages: [DoorInverse_5] Not Valid
[2022.03.01-08.31.40:439][467]LogBlueprintUserMessages: [DoorInverse_5] Not Valid
[2022.03.01-08.31.40:453][468]LogBlueprintUserMessages: [DoorInverse_5] Not Valid
[2022.03.01-08.31.40:468][469]LogBlueprintUserMessages: [DoorInverse_5] Not Valid
[2022.03.01-08.31.40:482][470]LogBlueprintUserMessages: [DoorInverse_5] Not Valid
[2022.03.01-08.31.40:496][471]LogBlueprintUserMessages: [DoorInverse_5] Not Valid
[2022.03.01-08.31.40:509][472]LogBlueprintUserMessages: [DoorInverse_5] Not Valid
[2022.03.01-08.31.40:523][473]LogBlueprintUserMessages: [DoorInverse_5] Not Valid
[2022.03.01-08.31.40:537][474]LogBlueprintUserMessages: [DoorInverse_5] Not Valid
[2022.03.01-08.31.40:551][475]LogBlueprintUserMessages: [DoorInverse_5] Not Valid
[2022.03.01-08.31.40:565][476]LogBlueprintUserMessages: [DoorInverse_5] Not Valid
[2022.03.01-08.31.40:579][477]LogBlueprintUserMessages: [DoorInverse_5] Not Valid
[2022.03.01-08.31.40:593][478]LogBlueprintUserMessages: [DoorInverse_5] Not Valid
[2022.03.01-08.31.40:607][479]LogBlueprintUserMessages: [DoorInverse_5] Not Valid
[2022.03.01-08.31.40:621][480]LogBlueprintUserMessages: [DoorInverse_5] Not Valid
[2022.03.01-08.31.40:635][481]LogBlueprintUserMessages: [DoorInverse_5] Not Valid
[2022.03.01-08.31.40:649][482]LogBlueprintUserMessages: [DoorInverse_5] Not Valid
[2022.03.01-08.31.40:663][483]LogBlueprintUserMessages: [DoorInverse_5] Not Valid
[2022.03.01-08.31.40:677][484]LogBlueprintUserMessages: [DoorInverse_5] Not Valid
[2022.03.01-08.31.40:691][485]LogBlueprintUserMessages: [DoorInverse_5] Not Valid
[2022.03.01-08.31.40:705][486]LogBlueprintUserMessages: [DoorInverse_5] Not Valid
[2022.03.01-08.31.40:719][487]LogBlueprintUserMessages: [DoorInverse_5] Not Valid
[2022.03.01-08.31.40:733][488]LogBlueprintUserMessages: [DoorInverse_5] Not Valid
[2022.03.01-08.31.40:747][489]LogBlueprintUserMessages: [DoorInverse_5] Not Valid
[2022.03.01-08.31.40:760][490]LogBlueprintUserMessages: [DoorInverse_5] Not Valid
[2022.03.01-08.31.40:774][491]LogBlueprintUserMessages: [DoorInverse_5] Not Valid
[2022.03.01-08.31.40:788][492]LogBlueprintUserMessages: [DoorInverse_5] Not Valid
[2022.03.01-08.31.40:802][493]LogBlueprintUserMessages: [DoorInverse_5] Not Valid
[2022.03.01-08.31.40:816][494]LogBlueprintUserMessages: [DoorInverse_5] Not Valid
[2022.03.01-08.31.40:830][495]LogBlueprintUserMessages: [DoorInverse_5] Not Valid
[2022.03.01-08.31.40:844][496]LogBlueprintUserMessages: [DoorInverse_5] Not Valid
[2022.03.01-08.31.40:857][497]LogBlueprintUserMessages: [DoorInverse_5] Not Valid
[2022.03.01-08.31.40:872][498]LogBlueprintUserMessages: [DoorInverse_5] Not Valid
[2022.03.01-08.31.40:886][499]LogBlueprintUserMessages: [DoorInverse_5] Not Valid
[2022.03.01-08.31.40:900][500]LogBlueprintUserMessages: [DoorInverse_5] Not Valid
[2022.03.01-08.31.40:913][501]LogBlueprintUserMessages: [DoorInverse_5] Not Valid
[2022.03.01-08.31.40:927][502]LogBlueprintUserMessages: [DoorInverse_5] Not Valid
[2022.03.01-08.31.40:941][503]LogBlueprintUserMessages: [DoorInverse_5] Not Valid
[2022.03.01-08.31.40:955][504]LogBlueprintUserMessages: [DoorInverse_5] Not Valid
[2022.03.01-08.31.40:968][505]LogBlueprintUserMessages: [DoorInverse_5] Not Valid
[2022.03.01-08.31.40:982][506]LogBlueprintUserMessages: [DoorInverse_5] Not Valid
[2022.03.01-08.31.40:996][507]LogBlueprintUserMessages: [DoorInverse_5] Not Valid
[2022.03.01-08.31.41:011][508]LogBlueprintUserMessages: [DoorInverse_5] Not Valid
[2022.03.01-08.31.41:025][509]LogBlueprintUserMessages: [DoorInverse_5] Not Valid
[2022.03.01-08.31.41:039][510]LogBlueprintUserMessages: [DoorInverse_5] Not Valid
[2022.03.01-08.31.41:052][511]LogBlueprintUserMessages: [DoorInverse_5] Not Valid
[2022.03.01-08.31.41:067][512]LogBlueprintUserMessages: [DoorInverse_5] Not Valid
[2022.03.01-08.31.41:081][513]LogBlueprintUserMessages: [DoorInverse_5] Not Valid
[2022.03.01-08.31.41:094][514]LogBlueprintUserMessages: [DoorInverse_5] Not Valid
[2022.03.01-08.31.41:108][515]LogBlueprintUserMessages: [DoorInverse_5] Not Valid
[2022.03.01-08.31.41:121][516]LogBlueprintUserMessages: [DoorInverse_5] Not Valid
[2022.03.01-08.31.41:135][517]LogBlueprintUserMessages: [DoorInverse_5] Not Valid
[2022.03.01-08.31.41:149][518]LogBlueprintUserMessages: [DoorInverse_5] Not Valid
[2022.03.01-08.31.41:163][519]LogBlueprintUserMessages: [DoorInverse_5] Not Valid
[2022.03.01-08.31.41:177][520]LogBlueprintUserMessages: [DoorInverse_5] Not Valid
[2022.03.01-08.31.41:191][521]LogBlueprintUserMessages: [DoorInverse_5] Not Valid
[2022.03.01-08.31.41:205][522]LogBlueprintUserMessages: [DoorInverse_5] Not Valid
[2022.03.01-08.31.41:219][523]LogBlueprintUserMessages: [DoorInverse_5] Not Valid
[2022.03.01-08.31.41:233][524]LogBlueprintUserMessages: [DoorInverse_5] Not Valid
[2022.03.01-08.31.41:247][525]LogBlueprintUserMessages: [DoorInverse_5] Not Valid
[2022.03.01-08.31.41:261][526]LogBlueprintUserMessages: [DoorInverse_5] Not Valid
[2022.03.01-08.31.41:275][527]LogBlueprintUserMessages: [DoorInverse_5] Not Valid
[2022.03.01-08.31.41:289][528]LogBlueprintUserMessages: [DoorInverse_5] Not Valid
[2022.03.01-08.31.41:303][529]LogBlueprintUserMessages: [DoorInverse_5] Not Valid
[2022.03.01-08.31.41:317][530]LogBlueprintUserMessages: [DoorInverse_5] Not Valid
[2022.03.01-08.31.41:331][531]LogBlueprintUserMessages: [DoorInverse_5] Not Valid
[2022.03.01-08.31.41:345][532]LogBlueprintUserMessages: [DoorInverse_5] Not Valid
[2022.03.01-08.31.41:359][533]LogBlueprintUserMessages: [DoorInverse_5] Not Valid
[2022.03.01-08.31.41:373][534]LogBlueprintUserMessages: [DoorInverse_5] Not Valid
[2022.03.01-08.31.41:387][535]LogBlueprintUserMessages: [DoorInverse_5] Not Valid
[2022.03.01-08.31.41:400][536]LogBlueprintUserMessages: [DoorInverse_5] Not Valid
[2022.03.01-08.31.41:414][537]LogBlueprintUserMessages: [DoorInverse_5] Not Valid
[2022.03.01-08.31.41:428][538]LogBlueprintUserMessages: [DoorInverse_5] Not Valid
[2022.03.01-08.31.41:442][539]LogBlueprintUserMessages: [DoorInverse_5] Not Valid
[2022.03.01-08.31.41:456][540]LogBlueprintUserMessages: [DoorInverse_5] Not Valid
[2022.03.01-08.31.41:470][541]LogBlueprintUserMessages: [DoorInverse_5] Not Valid
[2022.03.01-08.31.41:484][542]LogBlueprintUserMessages: [DoorInverse_5] Not Valid
[2022.03.01-08.31.41:498][543]LogBlueprintUserMessages: [DoorInverse_5] Not Valid
[2022.03.01-08.31.41:512][544]LogBlueprintUserMessages: [DoorInverse_5] Not Valid
[2022.03.01-08.31.41:526][545]LogBlueprintUserMessages: [DoorInverse_5] Not Valid
[2022.03.01-08.31.41:540][546]LogBlueprintUserMessages: [DoorInverse_5] Not Valid
[2022.03.01-08.31.41:554][547]LogBlueprintUserMessages: [DoorInverse_5] Not Valid
[2022.03.01-08.31.41:568][548]LogBlueprintUserMessages: [DoorInverse_5] Not Valid
[2022.03.01-08.31.41:582][549]LogBlueprintUserMessages: [DoorInverse_5] Not Valid
[2022.03.01-08.31.41:596][550]LogBlueprintUserMessages: [DoorInverse_5] Not Valid
[2022.03.01-08.31.41:610][551]LogBlueprintUserMessages: [DoorInverse_5] Not Valid
[2022.03.01-08.31.41:624][552]LogBlueprintUserMessages: [DoorInverse_5] Not Valid
[2022.03.01-08.31.41:637][553]LogBlueprintUserMessages: [DoorInverse_5] Not Valid
[2022.03.01-08.31.41:651][554]LogBlueprintUserMessages: [DoorInverse_5] Not Valid
[2022.03.01-08.31.41:665][555]LogBlueprintUserMessages: [DoorInverse_5] Not Valid
[2022.03.01-08.31.41:679][556]LogBlueprintUserMessages: [DoorInverse_5] Not Valid
[2022.03.01-08.31.41:693][557]LogBlueprintUserMessages: [DoorInverse_5] Not Valid
[2022.03.01-08.31.41:707][558]LogBlueprintUserMessages: [DoorInverse_5] Not Valid
[2022.03.01-08.31.41:721][559]LogBlueprintUserMessages: [DoorInverse_5] Not Valid
[2022.03.01-08.31.41:735][560]LogBlueprintUserMessages: [DoorInverse_5] Not Valid
[2022.03.01-08.31.41:748][561]LogBlueprintUserMessages: [DoorInverse_5] Not Valid
[2022.03.01-08.31.41:762][562]LogBlueprintUserMessages: [DoorInverse_5] Not Valid
[2022.03.01-08.31.41:776][563]LogBlueprintUserMessages: [DoorInverse_5] Not Valid
[2022.03.01-08.31.41:790][564]LogBlueprintUserMessages: [DoorInverse_5] Not Valid
[2022.03.01-08.31.41:804][565]LogBlueprintUserMessages: [DoorInverse_5] Not Valid
[2022.03.01-08.31.41:818][566]LogBlueprintUserMessages: [DoorInverse_5] Not Valid
[2022.03.01-08.31.41:832][567]LogBlueprintUserMessages: [DoorInverse_5] Not Valid
[2022.03.01-08.31.41:846][568]LogBlueprintUserMessages: [DoorInverse_5] Not Valid
[2022.03.01-08.31.41:860][569]LogBlueprintUserMessages: [DoorInverse_5] Not Valid
[2022.03.01-08.31.41:875][570]LogBlueprintUserMessages: [DoorInverse_5] Not Valid
[2022.03.01-08.31.41:888][571]LogBlueprintUserMessages: [DoorInverse_5] Not Valid
[2022.03.01-08.31.41:902][572]LogBlueprintUserMessages: [DoorInverse_5] Not Valid
[2022.03.01-08.31.41:916][573]LogBlueprintUserMessages: [DoorInverse_5] Not Valid
[2022.03.01-08.31.41:929][574]LogBlueprintUserMessages: [DoorInverse_5] Not Valid
[2022.03.01-08.31.41:943][575]LogBlueprintUserMessages: [DoorInverse_5] Not Valid
[2022.03.01-08.31.41:957][576]LogBlueprintUserMessages: [DoorInverse_5] Not Valid
[2022.03.01-08.31.41:971][577]LogBlueprintUserMessages: [DoorInverse_5] Not Valid
[2022.03.01-08.31.41:985][578]LogBlueprintUserMessages: [DoorInverse_5] Not Valid
[2022.03.01-08.31.41:999][579]LogBlueprintUserMessages: [DoorInverse_5] Not Valid
[2022.03.01-08.31.42:014][580]LogBlueprintUserMessages: [DoorInverse_5] Not Valid
[2022.03.01-08.31.42:028][581]LogBlueprintUserMessages: [DoorInverse_5] Not Valid
[2022.03.01-08.31.42:042][582]LogBlueprintUserMessages: [DoorInverse_5] Not Valid
[2022.03.01-08.31.42:056][583]LogBlueprintUserMessages: [DoorInverse_5] Not Valid
[2022.03.01-08.31.42:070][584]LogBlueprintUserMessages: [DoorInverse_5] Not Valid
[2022.03.01-08.31.42:084][585]LogBlueprintUserMessages: [DoorInverse_5] Not Valid
[2022.03.01-08.31.42:098][586]LogBlueprintUserMessages: [DoorInverse_5] Not Valid
[2022.03.01-08.31.42:112][587]LogBlueprintUserMessages: [DoorInverse_5] Not Valid
[2022.03.01-08.31.42:126][588]LogBlueprintUserMessages: [DoorInverse_5] Not Valid
[2022.03.01-08.31.42:140][589]LogBlueprintUserMessages: [DoorInverse_5] Not Valid
[2022.03.01-08.31.42:153][590]LogBlueprintUserMessages: [DoorInverse_5] Not Valid
[2022.03.01-08.31.42:168][591]LogBlueprintUserMessages: [DoorInverse_5] Not Valid
[2022.03.01-08.31.42:182][592]LogBlueprintUserMessages: [DoorInverse_5] Not Valid
[2022.03.01-08.31.42:196][593]LogBlueprintUserMessages: [DoorInverse_5] Not Valid
[2022.03.01-08.31.42:209][594]LogBlueprintUserMessages: [DoorInverse_5] Not Valid
[2022.03.01-08.31.42:223][595]LogBlueprintUserMessages: [DoorInverse_5] Not Valid
[2022.03.01-08.31.42:237][596]LogBlueprintUserMessages: [DoorInverse_5] Not Valid
[2022.03.01-08.31.42:251][597]LogBlueprintUserMessages: [DoorInverse_5] Not Valid
[2022.03.01-08.31.42:265][598]LogBlueprintUserMessages: [DoorInverse_5] Not Valid
[2022.03.01-08.31.42:279][599]LogBlueprintUserMessages: [DoorInverse_5] Not Valid
[2022.03.01-08.31.42:293][600]LogBlueprintUserMessages: [DoorInverse_5] Not Valid
[2022.03.01-08.31.42:307][601]LogBlueprintUserMessages: [DoorInverse_5] Not Valid
[2022.03.01-08.31.42:321][602]LogBlueprintUserMessages: [DoorInverse_5] Not Valid
[2022.03.01-08.31.42:335][603]LogBlueprintUserMessages: [DoorInverse_5] Not Valid
[2022.03.01-08.31.42:349][604]LogBlueprintUserMessages: [DoorInverse_5] Not Valid
[2022.03.01-08.31.42:362][605]LogBlueprintUserMessages: [DoorInverse_5] Not Valid
[2022.03.01-08.31.42:376][606]LogBlueprintUserMessages: [DoorInverse_5] Not Valid
[2022.03.01-08.31.42:390][607]LogBlueprintUserMessages: [DoorInverse_5] Not Valid
[2022.03.01-08.31.42:405][608]LogBlueprintUserMessages: [DoorInverse_5] Not Valid
[2022.03.01-08.31.42:418][609]LogBlueprintUserMessages: [DoorInverse_5] Not Valid
[2022.03.01-08.31.42:432][610]LogBlueprintUserMessages: [DoorInverse_5] Not Valid
[2022.03.01-08.31.42:446][611]LogBlueprintUserMessages: [DoorInverse_5] Not Valid
[2022.03.01-08.31.42:460][612]LogBlueprintUserMessages: [DoorInverse_5] Not Valid
[2022.03.01-08.31.42:474][613]LogBlueprintUserMessages: [DoorInverse_5] Not Valid
[2022.03.01-08.31.42:488][614]LogBlueprintUserMessages: [DoorInverse_5] Not Valid
[2022.03.01-08.31.42:503][615]LogBlueprintUserMessages: [DoorInverse_5] Not Valid
[2022.03.01-08.31.42:516][616]LogBlueprintUserMessages: [DoorInverse_5] Not Valid
[2022.03.01-08.31.42:530][617]LogBlueprintUserMessages: [DoorInverse_5] Not Valid
[2022.03.01-08.31.42:544][618]LogBlueprintUserMessages: [DoorInverse_5] Not Valid
[2022.03.01-08.31.42:558][619]LogBlueprintUserMessages: [DoorInverse_5] Not Valid
[2022.03.01-08.31.42:572][620]LogBlueprintUserMessages: [DoorInverse_5] Not Valid
[2022.03.01-08.31.42:586][621]LogBlueprintUserMessages: [DoorInverse_5] Not Valid
[2022.03.01-08.31.42:599][622]LogBlueprintUserMessages: [DoorInverse_5] Not Valid
[2022.03.01-08.31.42:613][623]LogBlueprintUserMessages: [DoorInverse_5] Not Valid
[2022.03.01-08.31.42:627][624]LogBlueprintUserMessages: [DoorInverse_5] Not Valid
[2022.03.01-08.31.42:641][625]LogBlueprintUserMessages: [DoorInverse_5] Not Valid
[2022.03.01-08.31.42:655][626]LogBlueprintUserMessages: [DoorInverse_5] Not Valid
[2022.03.01-08.31.42:668][627]LogBlueprintUserMessages: [DoorInverse_5] Not Valid
[2022.03.01-08.31.42:682][628]LogBlueprintUserMessages: [DoorInverse_5] Not Valid
[2022.03.01-08.31.42:695][629]LogBlueprintUserMessages: [DoorInverse_5] Not Valid
[2022.03.01-08.31.42:709][630]LogBlueprintUserMessages: [DoorInverse_5] Not Valid
[2022.03.01-08.31.42:723][631]LogBlueprintUserMessages: [DoorInverse_5] Not Valid
[2022.03.01-08.31.42:737][632]LogBlueprintUserMessages: [DoorInverse_5] Not Valid
[2022.03.01-08.31.42:752][633]LogBlueprintUserMessages: [DoorInverse_5] Not Valid
[2022.03.01-08.31.42:766][634]LogBlueprintUserMessages: [DoorInverse_5] Not Valid
[2022.03.01-08.31.42:780][635]LogBlueprintUserMessages: [DoorInverse_5] Not Valid
[2022.03.01-08.31.42:794][636]LogBlueprintUserMessages: [DoorInverse_5] Not Valid
[2022.03.01-08.31.42:808][637]LogBlueprintUserMessages: [DoorInverse_5] Not Valid
[2022.03.01-08.31.42:822][638]LogBlueprintUserMessages: [DoorInverse_5] Not Valid
[2022.03.01-08.31.42:836][639]LogBlueprintUserMessages: [DoorInverse_5] Not Valid
[2022.03.01-08.31.42:850][640]LogBlueprintUserMessages: [DoorInverse_5] Not Valid
[2022.03.01-08.31.42:864][641]LogBlueprintUserMessages: [DoorInverse_5] Not Valid
[2022.03.01-08.31.42:878][642]LogBlueprintUserMessages: [DoorInverse_5] Not Valid
[2022.03.01-08.31.42:892][643]LogBlueprintUserMessages: [DoorInverse_5] Not Valid
[2022.03.01-08.31.42:906][644]LogBlueprintUserMessages: [DoorInverse_5] Not Valid
[2022.03.01-08.31.42:921][645]LogBlueprintUserMessages: [DoorInverse_5] Not Valid
[2022.03.01-08.31.42:934][646]LogBlueprintUserMessages: [DoorInverse_5] Not Valid
[2022.03.01-08.31.42:948][647]LogBlueprintUserMessages: [DoorInverse_5] Not Valid
[2022.03.01-08.31.42:962][648]LogBlueprintUserMessages: [DoorInverse_5] Not Valid
[2022.03.01-08.31.42:975][649]LogBlueprintUserMessages: [DoorInverse_5] Not Valid
[2022.03.01-08.31.42:989][650]LogBlueprintUserMessages: [DoorInverse_5] Not Valid
[2022.03.01-08.31.43:003][651]LogBlueprintUserMessages: [DoorInverse_5] Not Valid
[2022.03.01-08.31.43:017][652]LogBlueprintUserMessages: [DoorInverse_5] Not Valid
[2022.03.01-08.31.43:031][653]LogBlueprintUserMessages: [DoorInverse_5] Not Valid
[2022.03.01-08.31.43:045][654]LogBlueprintUserMessages: [DoorInverse_5] Not Valid
[2022.03.01-08.31.43:059][655]LogBlueprintUserMessages: [DoorInverse_5] Not Valid
[2022.03.01-08.31.43:073][656]LogBlueprintUserMessages: [DoorInverse_5] Not Valid
[2022.03.01-08.31.43:086][657]LogBlueprintUserMessages: [DoorInverse_5] Not Valid
[2022.03.01-08.31.43:100][658]LogBlueprintUserMessages: [DoorInverse_5] Not Valid
[2022.03.01-08.31.43:115][659]LogBlueprintUserMessages: [DoorInverse_5] Not Valid
[2022.03.01-08.31.43:129][660]LogBlueprintUserMessages: [DoorInverse_5] Not Valid
[2022.03.01-08.31.43:143][661]LogBlueprintUserMessages: [DoorInverse_5] Not Valid
[2022.03.01-08.31.43:156][662]LogBlueprintUserMessages: [DoorInverse_5] Not Valid
[2022.03.01-08.31.43:170][663]LogBlueprintUserMessages: [DoorInverse_5] Not Valid
[2022.03.01-08.31.43:184][664]LogBlueprintUserMessages: [DoorInverse_5] Not Valid
[2022.03.01-08.31.43:198][665]LogBlueprintUserMessages: [DoorInverse_5] Not Valid
[2022.03.01-08.31.43:212][666]LogBlueprintUserMessages: [DoorInverse_5] Not Valid
[2022.03.01-08.31.43:225][667]LogBlueprintUserMessages: [DoorInverse_5] Not Valid
[2022.03.01-08.31.43:239][668]LogBlueprintUserMessages: [DoorInverse_5] Not Valid
[2022.03.01-08.31.43:253][669]LogBlueprintUserMessages: [DoorInverse_5] Not Valid
[2022.03.01-08.31.43:267][670]LogBlueprintUserMessages: [DoorInverse_5] Not Valid
[2022.03.01-08.31.43:281][671]LogBlueprintUserMessages: [DoorInverse_5] Not Valid
[2022.03.01-08.31.43:295][672]LogBlueprintUserMessages: [DoorInverse_5] Not Valid
[2022.03.01-08.31.43:309][673]LogBlueprintUserMessages: [DoorInverse_5] Not Valid
[2022.03.01-08.31.43:323][674]LogBlueprintUserMessages: [DoorInverse_5] Not Valid
[2022.03.01-08.31.43:337][675]LogBlueprintUserMessages: [DoorInverse_5] Not Valid
[2022.03.01-08.31.43:351][676]LogBlueprintUserMessages: [DoorInverse_5] Not Valid
[2022.03.01-08.31.43:365][677]LogBlueprintUserMessages: [DoorInverse_5] Not Valid
[2022.03.01-08.31.43:379][678]LogBlueprintUserMessages: [DoorInverse_5] Not Valid
[2022.03.01-08.31.43:393][679]LogBlueprintUserMessages: [DoorInverse_5] Not Valid
[2022.03.01-08.31.43:407][680]LogBlueprintUserMessages: [DoorInverse_5] Not Valid
[2022.03.01-08.31.43:421][681]LogBlueprintUserMessages: [DoorInverse_5] Not Valid
[2022.03.01-08.31.43:435][682]LogBlueprintUserMessages: [DoorInverse_5] Not Valid
[2022.03.01-08.31.43:448][683]LogBlueprintUserMessages: [DoorInverse_5] Not Valid
[2022.03.01-08.31.43:462][684]LogBlueprintUserMessages: [DoorInverse_5] Not Valid
[2022.03.01-08.31.43:476][685]LogBlueprintUserMessages: [DoorInverse_5] Not Valid
[2022.03.01-08.31.43:490][686]LogBlueprintUserMessages: [DoorInverse_5] Not Valid
[2022.03.01-08.31.43:504][687]LogBlueprintUserMessages: [DoorInverse_5] Not Valid
[2022.03.01-08.31.43:518][688]LogBlueprintUserMessages: [DoorInverse_5] Not Valid
[2022.03.01-08.31.43:532][689]LogBlueprintUserMessages: [DoorInverse_5] Not Valid
[2022.03.01-08.31.43:546][690]LogBlueprintUserMessages: [DoorInverse_5] Not Valid
[2022.03.01-08.31.43:560][691]LogBlueprintUserMessages: [DoorInverse_5] Not Valid
[2022.03.01-08.31.43:574][692]LogBlueprintUserMessages: [DoorInverse_5] Not Valid
[2022.03.01-08.31.43:588][693]LogBlueprintUserMessages: [DoorInverse_5] Not Valid
[2022.03.01-08.31.43:602][694]LogBlueprintUserMessages: [DoorInverse_5] Not Valid
[2022.03.01-08.31.43:615][695]LogBlueprintUserMessages: [DoorInverse_5] Not Valid
[2022.03.01-08.31.43:629][696]LogBlueprintUserMessages: [DoorInverse_5] Not Valid
[2022.03.01-08.31.43:643][697]LogBlueprintUserMessages: [DoorInverse_5] Not Valid
[2022.03.01-08.31.43:657][698]LogBlueprintUserMessages: [DoorInverse_5] Not Valid
[2022.03.01-08.31.43:671][699]LogBlueprintUserMessages: [DoorInverse_5] Not Valid
[2022.03.01-08.31.43:685][700]LogBlueprintUserMessages: [DoorInverse_5] Not Valid
[2022.03.01-08.31.43:698][701]LogBlueprintUserMessages: [DoorInverse_5] Not Valid
[2022.03.01-08.31.43:713][702]LogBlueprintUserMessages: [DoorInverse_5] Not Valid
[2022.03.01-08.31.43:726][703]LogBlueprintUserMessages: [DoorInverse_5] Not Valid
[2022.03.01-08.31.43:741][704]LogBlueprintUserMessages: [DoorInverse_5] Not Valid
[2022.03.01-08.31.43:754][705]LogBlueprintUserMessages: [DoorInverse_5] Not Valid
[2022.03.01-08.31.43:769][706]LogBlueprintUserMessages: [DoorInverse_5] Not Valid
[2022.03.01-08.31.43:783][707]LogBlueprintUserMessages: [DoorInverse_5] Not Valid
[2022.03.01-08.31.43:797][708]LogBlueprintUserMessages: [DoorInverse_5] Not Valid
[2022.03.01-08.31.43:811][709]LogBlueprintUserMessages: [DoorInverse_5] Not Valid
[2022.03.01-08.31.43:825][710]LogBlueprintUserMessages: [DoorInverse_5] Not Valid
[2022.03.01-08.31.43:838][711]LogBlueprintUserMessages: [DoorInverse_5] Not Valid
[2022.03.01-08.31.43:852][712]LogBlueprintUserMessages: [DoorInverse_5] Not Valid
[2022.03.01-08.31.43:865][713]LogBlueprintUserMessages: [DoorInverse_5] Not Valid
[2022.03.01-08.31.43:879][714]LogBlueprintUserMessages: [DoorInverse_5] Not Valid
[2022.03.01-08.31.43:893][715]LogBlueprintUserMessages: [DoorInverse_5] Not Valid
[2022.03.01-08.31.43:907][716]LogBlueprintUserMessages: [DoorInverse_5] Not Valid
[2022.03.01-08.31.43:921][717]LogBlueprintUserMessages: [DoorInverse_5] Not Valid
[2022.03.01-08.31.43:936][718]LogBlueprintUserMessages: [DoorInverse_5] Not Valid
[2022.03.01-08.31.43:949][719]LogBlueprintUserMessages: [DoorInverse_5] Not Valid
[2022.03.01-08.31.43:963][720]LogBlueprintUserMessages: [DoorInverse_5] Not Valid
[2022.03.01-08.31.43:977][721]LogBlueprintUserMessages: [DoorInverse_5] Not Valid
[2022.03.01-08.31.43:991][722]LogBlueprintUserMessages: [DoorInverse_5] Not Valid
[2022.03.01-08.31.44:005][723]LogBlueprintUserMessages: [DoorInverse_5] Not Valid
[2022.03.01-08.31.44:019][724]LogBlueprintUserMessages: [DoorInverse_5] Not Valid
[2022.03.01-08.31.44:033][725]LogBlueprintUserMessages: [DoorInverse_5] Not Valid
[2022.03.01-08.31.44:047][726]LogBlueprintUserMessages: [DoorInverse_5] Not Valid
[2022.03.01-08.31.44:062][727]LogBlueprintUserMessages: [DoorInverse_5] Not Valid
[2022.03.01-08.31.44:075][728]LogBlueprintUserMessages: [DoorInverse_5] Not Valid
[2022.03.01-08.31.44:089][729]LogBlueprintUserMessages: [DoorInverse_5] Not Valid
[2022.03.01-08.31.44:103][730]LogBlueprintUserMessages: [DoorInverse_5] Not Valid
[2022.03.01-08.31.44:117][731]LogBlueprintUserMessages: [DoorInverse_5] Not Valid
[2022.03.01-08.31.44:131][732]LogBlueprintUserMessages: [DoorInverse_5] Not Valid
[2022.03.01-08.31.44:145][733]LogBlueprintUserMessages: [DoorInverse_5] Not Valid
[2022.03.01-08.31.44:159][734]LogBlueprintUserMessages: [DoorInverse_5] Not Valid
[2022.03.01-08.31.44:173][735]LogBlueprintUserMessages: [DoorInverse_5] Not Valid
[2022.03.01-08.31.44:187][736]LogBlueprintUserMessages: [DoorInverse_5] Not Valid
[2022.03.01-08.31.44:200][737]LogBlueprintUserMessages: [DoorInverse_5] Not Valid
[2022.03.01-08.31.44:214][738]LogBlueprintUserMessages: [DoorInverse_5] Not Valid
[2022.03.01-08.31.44:227][739]LogBlueprintUserMessages: [DoorInverse_5] Not Valid
[2022.03.01-08.31.44:241][740]LogBlueprintUserMessages: [DoorInverse_5] Not Valid
[2022.03.01-08.31.44:255][741]LogBlueprintUserMessages: [DoorInverse_5] Not Valid
[2022.03.01-08.31.44:269][742]LogBlueprintUserMessages: [DoorInverse_5] Not Valid
[2022.03.01-08.31.44:282][743]LogBlueprintUserMessages: [DoorInverse_5] Not Valid
[2022.03.01-08.31.44:297][744]LogBlueprintUserMessages: [DoorInverse_5] Not Valid
[2022.03.01-08.31.44:310][745]LogBlueprintUserMessages: [DoorInverse_5] Not Valid
[2022.03.01-08.31.44:325][746]LogBlueprintUserMessages: [DoorInverse_5] Not Valid
[2022.03.01-08.31.44:338][747]LogBlueprintUserMessages: [DoorInverse_5] Not Valid
[2022.03.01-08.31.44:353][748]LogBlueprintUserMessages: [DoorInverse_5] Not Valid
[2022.03.01-08.31.44:367][749]LogBlueprintUserMessages: [DoorInverse_5] Not Valid
[2022.03.01-08.31.44:381][750]LogBlueprintUserMessages: [DoorInverse_5] Not Valid
[2022.03.01-08.31.44:395][751]LogBlueprintUserMessages: [DoorInverse_5] Not Valid
[2022.03.01-08.31.44:407][752]LogBlueprintUserMessages: [DoorInverse_5] Not Valid
[2022.03.01-08.31.44:422][753]LogBlueprintUserMessages: [DoorInverse_5] Not Valid
[2022.03.01-08.31.44:435][754]LogBlueprintUserMessages: [DoorInverse_5] Not Valid
[2022.03.01-08.31.44:449][755]LogBlueprintUserMessages: [DoorInverse_5] Not Valid
[2022.03.01-08.31.44:463][756]LogBlueprintUserMessages: [DoorInverse_5] Not Valid
[2022.03.01-08.31.44:477][757]LogBlueprintUserMessages: [DoorInverse_5] Not Valid
[2022.03.01-08.31.44:491][758]LogBlueprintUserMessages: [DoorInverse_5] Not Valid
[2022.03.01-08.31.44:505][759]LogBlueprintUserMessages: [DoorInverse_5] Not Valid
[2022.03.01-08.31.44:519][760]LogBlueprintUserMessages: [DoorInverse_5] Not Valid
[2022.03.01-08.31.44:533][761]LogBlueprintUserMessages: [DoorInverse_5] Not Valid
[2022.03.01-08.31.44:547][762]LogBlueprintUserMessages: [DoorInverse_5] Not Valid
[2022.03.01-08.31.44:561][763]LogBlueprintUserMessages: [DoorInverse_5] Not Valid
[2022.03.01-08.31.44:575][764]LogBlueprintUserMessages: [DoorInverse_5] Not Valid
[2022.03.01-08.31.44:589][765]LogBlueprintUserMessages: [DoorInverse_5] Not Valid
[2022.03.01-08.31.44:603][766]LogBlueprintUserMessages: [DoorInverse_5] Not Valid
[2022.03.01-08.31.44:617][767]LogBlueprintUserMessages: [DoorInverse_5] Not Valid
[2022.03.01-08.31.44:631][768]LogBlueprintUserMessages: [DoorInverse_5] Not Valid
[2022.03.01-08.31.44:645][769]LogBlueprintUserMessages: [DoorInverse_5] Not Valid
[2022.03.01-08.31.44:659][770]LogBlueprintUserMessages: [DoorInverse_5] Not Valid
[2022.03.01-08.31.44:673][771]LogBlueprintUserMessages: [DoorInverse_5] Not Valid
[2022.03.01-08.31.44:687][772]LogBlueprintUserMessages: [DoorInverse_5] Not Valid
[2022.03.01-08.31.44:701][773]LogBlueprintUserMessages: [DoorInverse_5] Not Valid
[2022.03.01-08.31.44:715][774]LogBlueprintUserMessages: [DoorInverse_5] Not Valid
[2022.03.01-08.31.44:729][775]LogBlueprintUserMessages: [DoorInverse_5] Not Valid
[2022.03.01-08.31.44:743][776]LogBlueprintUserMessages: [DoorInverse_5] Not Valid
[2022.03.01-08.31.44:756][777]LogBlueprintUserMessages: [DoorInverse_5] Not Valid
[2022.03.01-08.31.44:770][778]LogBlueprintUserMessages: [DoorInverse_5] Not Valid
[2022.03.01-08.31.44:783][779]LogBlueprintUserMessages: [DoorInverse_5] Not Valid
[2022.03.01-08.31.44:797][780]LogBlueprintUserMessages: [DoorInverse_5] Not Valid
[2022.03.01-08.31.44:811][781]LogBlueprintUserMessages: [DoorInverse_5] Not Valid
[2022.03.01-08.31.44:825][782]LogBlueprintUserMessages: [DoorInverse_5] Not Valid
[2022.03.01-08.31.44:839][783]LogBlueprintUserMessages: [DoorInverse_5] Not Valid
[2022.03.01-08.31.44:853][784]LogBlueprintUserMessages: [DoorInverse_5] Not Valid
[2022.03.01-08.31.44:867][785]LogBlueprintUserMessages: [DoorInverse_5] Not Valid
[2022.03.01-08.31.44:881][786]LogBlueprintUserMessages: [DoorInverse_5] Not Valid
[2022.03.01-08.31.44:895][787]LogBlueprintUserMessages: [DoorInverse_5] Not Valid
[2022.03.01-08.31.44:909][788]LogBlueprintUserMessages: [DoorInverse_5] Not Valid
[2022.03.01-08.31.44:923][789]LogBlueprintUserMessages: [DoorInverse_5] Not Valid
[2022.03.01-08.31.44:937][790]LogBlueprintUserMessages: [DoorInverse_5] Not Valid
[2022.03.01-08.31.44:951][791]LogBlueprintUserMessages: [DoorInverse_5] Not Valid
[2022.03.01-08.31.44:965][792]LogBlueprintUserMessages: [DoorInverse_5] Not Valid
[2022.03.01-08.31.44:979][793]LogBlueprintUserMessages: [DoorInverse_5] Not Valid
[2022.03.01-08.31.44:994][794]LogBlueprintUserMessages: [DoorInverse_5] Not Valid
[2022.03.01-08.31.45:007][795]LogBlueprintUserMessages: [DoorInverse_5] Not Valid
[2022.03.01-08.31.45:021][796]LogBlueprintUserMessages: [DoorInverse_5] Not Valid
[2022.03.01-08.31.45:035][797]LogBlueprintUserMessages: [DoorInverse_5] Not Valid
[2022.03.01-08.31.45:049][798]LogBlueprintUserMessages: [DoorInverse_5] Not Valid
[2022.03.01-08.31.45:062][799]LogBlueprintUserMessages: [DoorInverse_5] Not Valid
[2022.03.01-08.31.45:076][800]LogBlueprintUserMessages: [DoorInverse_5] Not Valid
[2022.03.01-08.31.45:090][801]LogBlueprintUserMessages: [DoorInverse_5] Not Valid
[2022.03.01-08.31.45:104][802]LogBlueprintUserMessages: [DoorInverse_5] Not Valid
[2022.03.01-08.31.45:118][803]LogBlueprintUserMessages: [DoorInverse_5] Not Valid
[2022.03.01-08.31.45:132][804]LogBlueprintUserMessages: [DoorInverse_5] Not Valid
[2022.03.01-08.31.45:146][805]LogBlueprintUserMessages: [DoorInverse_5] Not Valid
[2022.03.01-08.31.45:160][806]LogBlueprintUserMessages: [DoorInverse_5] Not Valid
[2022.03.01-08.31.45:173][807]LogBlueprintUserMessages: [DoorInverse_5] Not Valid
[2022.03.01-08.31.45:188][808]LogBlueprintUserMessages: [DoorInverse_5] Not Valid
[2022.03.01-08.31.45:201][809]LogBlueprintUserMessages: [DoorInverse_5] Not Valid
[2022.03.01-08.31.45:215][810]LogBlueprintUserMessages: [DoorInverse_5] Not Valid
[2022.03.01-08.31.45:229][811]LogBlueprintUserMessages: [DoorInverse_5] Not Valid
[2022.03.01-08.31.45:243][812]LogBlueprintUserMessages: [DoorInverse_5] Not Valid
[2022.03.01-08.31.45:257][813]LogBlueprintUserMessages: [DoorInverse_5] Not Valid
[2022.03.01-08.31.45:271][814]LogBlueprintUserMessages: [DoorInverse_5] Not Valid
[2022.03.01-08.31.45:285][815]LogBlueprintUserMessages: [DoorInverse_5] Not Valid
[2022.03.01-08.31.45:299][816]LogBlueprintUserMessages: [DoorInverse_5] Not Valid
[2022.03.01-08.31.45:313][817]LogBlueprintUserMessages: [DoorInverse_5] Not Valid
[2022.03.01-08.31.45:327][818]LogBlueprintUserMessages: [DoorInverse_5] Not Valid
[2022.03.01-08.31.45:341][819]LogBlueprintUserMessages: [DoorInverse_5] Not Valid
[2022.03.01-08.31.45:355][820]LogBlueprintUserMessages: [DoorInverse_5] Not Valid
[2022.03.01-08.31.45:369][821]LogBlueprintUserMessages: [DoorInverse_5] Not Valid
[2022.03.01-08.31.45:383][822]LogBlueprintUserMessages: [DoorInverse_5] Not Valid
[2022.03.01-08.31.45:397][823]LogBlueprintUserMessages: [DoorInverse_5] Not Valid
[2022.03.01-08.31.45:411][824]LogBlueprintUserMessages: [DoorInverse_5] Not Valid
[2022.03.01-08.31.45:425][825]LogBlueprintUserMessages: [DoorInverse_5] Not Valid
[2022.03.01-08.31.45:438][826]LogBlueprintUserMessages: [DoorInverse_5] Not Valid
[2022.03.01-08.31.45:452][827]LogBlueprintUserMessages: [DoorInverse_5] Not Valid
[2022.03.01-08.31.45:466][828]LogBlueprintUserMessages: [DoorInverse_5] Not Valid
[2022.03.01-08.31.45:480][829]LogBlueprintUserMessages: [DoorInverse_5] Not Valid
[2022.03.01-08.31.45:494][830]LogBlueprintUserMessages: [DoorInverse_5] Not Valid
[2022.03.01-08.31.45:508][831]LogBlueprintUserMessages: [DoorInverse_5] Not Valid
[2022.03.01-08.31.45:522][832]LogBlueprintUserMessages: [DoorInverse_5] Not Valid
[2022.03.01-08.31.45:536][833]LogBlueprintUserMessages: [DoorInverse_5] Not Valid
[2022.03.01-08.31.45:550][834]LogBlueprintUserMessages: [DoorInverse_5] Not Valid
[2022.03.01-08.31.45:563][835]LogBlueprintUserMessages: [DoorInverse_5] Not Valid
[2022.03.01-08.31.45:577][836]LogBlueprintUserMessages: [DoorInverse_5] Not Valid
[2022.03.01-08.31.45:591][837]LogBlueprintUserMessages: [DoorInverse_5] Not Valid
[2022.03.01-08.31.45:605][838]LogBlueprintUserMessages: [DoorInverse_5] Not Valid
[2022.03.01-08.31.45:619][839]LogBlueprintUserMessages: [DoorInverse_5] Not Valid
[2022.03.01-08.31.45:633][840]LogBlueprintUserMessages: [DoorInverse_5] Not Valid
[2022.03.01-08.31.45:647][841]LogBlueprintUserMessages: [DoorInverse_5] Not Valid
[2022.03.01-08.31.45:661][842]LogBlueprintUserMessages: [DoorInverse_5] Not Valid
[2022.03.01-08.31.45:675][843]LogBlueprintUserMessages: [DoorInverse_5] Not Valid
[2022.03.01-08.31.45:689][844]LogBlueprintUserMessages: [DoorInverse_5] Not Valid
[2022.03.01-08.31.45:702][845]LogBlueprintUserMessages: [DoorInverse_5] Not Valid
[2022.03.01-08.31.45:716][846]LogBlueprintUserMessages: [DoorInverse_5] Not Valid
[2022.03.01-08.31.45:730][847]LogBlueprintUserMessages: [DoorInverse_5] Not Valid
[2022.03.01-08.31.45:744][848]LogBlueprintUserMessages: [DoorInverse_5] Not Valid
[2022.03.01-08.31.45:758][849]LogBlueprintUserMessages: [DoorInverse_5] Not Valid
[2022.03.01-08.31.45:772][850]LogBlueprintUserMessages: [DoorInverse_5] Not Valid
[2022.03.01-08.31.45:786][851]LogBlueprintUserMessages: [DoorInverse_5] Not Valid
[2022.03.01-08.31.45:800][852]LogBlueprintUserMessages: [DoorInverse_5] Not Valid
[2022.03.01-08.31.45:814][853]LogBlueprintUserMessages: [DoorInverse_5] Not Valid
[2022.03.01-08.31.45:828][854]LogBlueprintUserMessages: [DoorInverse_5] Not Valid
[2022.03.01-08.31.45:842][855]LogBlueprintUserMessages: [DoorInverse_5] Not Valid
[2022.03.01-08.31.45:856][856]LogBlueprintUserMessages: [DoorInverse_5] Not Valid
[2022.03.01-08.31.45:870][857]LogBlueprintUserMessages: [DoorInverse_5] Not Valid
[2022.03.01-08.31.45:883][858]LogBlueprintUserMessages: [DoorInverse_5] Not Valid
[2022.03.01-08.31.45:897][859]LogBlueprintUserMessages: [DoorInverse_5] Not Valid
[2022.03.01-08.31.45:911][860]LogBlueprintUserMessages: [DoorInverse_5] Not Valid
[2022.03.01-08.31.45:925][861]LogBlueprintUserMessages: [DoorInverse_5] Not Valid
[2022.03.01-08.31.45:939][862]LogBlueprintUserMessages: [DoorInverse_5] Not Valid
[2022.03.01-08.31.45:953][863]LogBlueprintUserMessages: [DoorInverse_5] Not Valid
[2022.03.01-08.31.45:967][864]LogBlueprintUserMessages: [DoorInverse_5] Not Valid
[2022.03.01-08.31.45:981][865]LogBlueprintUserMessages: [DoorInverse_5] Not Valid
[2022.03.01-08.31.45:995][866]LogBlueprintUserMessages: [DoorInverse_5] Not Valid
[2022.03.01-08.31.46:009][867]LogBlueprintUserMessages: [DoorInverse_5] Not Valid
[2022.03.01-08.31.46:023][868]LogBlueprintUserMessages: [DoorInverse_5] Not Valid
[2022.03.01-08.31.46:037][869]LogBlueprintUserMessages: [DoorInverse_5] Not Valid
[2022.03.01-08.31.46:051][870]LogBlueprintUserMessages: [DoorInverse_5] Not Valid
[2022.03.01-08.31.46:065][871]LogBlueprintUserMessages: [DoorInverse_5] Not Valid
[2022.03.01-08.31.46:079][872]LogBlueprintUserMessages: [DoorInverse_5] Not Valid
[2022.03.01-08.31.46:093][873]LogBlueprintUserMessages: [DoorInverse_5] Not Valid
[2022.03.01-08.31.46:107][874]LogBlueprintUserMessages: [DoorInverse_5] Not Valid
[2022.03.01-08.31.46:121][875]LogBlueprintUserMessages: [DoorInverse_5] Not Valid
[2022.03.01-08.31.46:135][876]LogBlueprintUserMessages: [DoorInverse_5] Not Valid
[2022.03.01-08.31.46:149][877]LogBlueprintUserMessages: [DoorInverse_5] Not Valid
[2022.03.01-08.31.46:162][878]LogBlueprintUserMessages: [DoorInverse_5] Not Valid
[2022.03.01-08.31.46:177][879]LogBlueprintUserMessages: [DoorInverse_5] Not Valid
[2022.03.01-08.31.46:190][880]LogBlueprintUserMessages: [DoorInverse_5] Not Valid
[2022.03.01-08.31.46:204][881]LogBlueprintUserMessages: [DoorInverse_5] Not Valid
[2022.03.01-08.31.46:218][882]LogBlueprintUserMessages: [DoorInverse_5] Not Valid
[2022.03.01-08.31.46:231][883]LogBlueprintUserMessages: [DoorInverse_5] Not Valid
[2022.03.01-08.31.46:245][884]LogBlueprintUserMessages: [DoorInverse_5] Not Valid
[2022.03.01-08.31.46:259][885]LogBlueprintUserMessages: [DoorInverse_5] Not Valid
[2022.03.01-08.31.46:273][886]LogBlueprintUserMessages: [DoorInverse_5] Not Valid
[2022.03.01-08.31.46:287][887]LogBlueprintUserMessages: [DoorInverse_5] Not Valid
[2022.03.01-08.31.46:301][888]LogBlueprintUserMessages: [DoorInverse_5] Not Valid
[2022.03.01-08.31.46:315][889]LogBlueprintUserMessages: [DoorInverse_5] Not Valid
[2022.03.01-08.31.46:329][890]LogBlueprintUserMessages: [DoorInverse_5] Not Valid
[2022.03.01-08.31.46:343][891]LogBlueprintUserMessages: [DoorInverse_5] Not Valid
[2022.03.01-08.31.46:357][892]LogBlueprintUserMessages: [DoorInverse_5] Not Valid
[2022.03.01-08.31.46:371][893]LogBlueprintUserMessages: [DoorInverse_5] Not Valid
[2022.03.01-08.31.46:385][894]LogBlueprintUserMessages: [DoorInverse_5] Not Valid
[2022.03.01-08.31.46:399][895]LogBlueprintUserMessages: [DoorInverse_5] Not Valid
[2022.03.01-08.31.46:413][896]LogBlueprintUserMessages: [DoorInverse_5] Not Valid
[2022.03.01-08.31.46:427][897]LogBlueprintUserMessages: [DoorInverse_5] Not Valid
[2022.03.01-08.31.46:441][898]LogBlueprintUserMessages: [DoorInverse_5] Not Valid
[2022.03.01-08.31.46:455][899]LogBlueprintUserMessages: [DoorInverse_5] Not Valid
[2022.03.01-08.31.46:469][900]LogBlueprintUserMessages: [DoorInverse_5] Not Valid
[2022.03.01-08.31.46:483][901]LogBlueprintUserMessages: [DoorInverse_5] Not Valid
[2022.03.01-08.31.46:497][902]LogBlueprintUserMessages: [DoorInverse_5] Not Valid
[2022.03.01-08.31.46:511][903]LogBlueprintUserMessages: [DoorInverse_5] Not Valid
[2022.03.01-08.31.46:525][904]LogBlueprintUserMessages: [DoorInverse_5] Not Valid
[2022.03.01-08.31.46:539][905]LogBlueprintUserMessages: [DoorInverse_5] Not Valid
[2022.03.01-08.31.46:553][906]LogBlueprintUserMessages: [DoorInverse_5] Not Valid
[2022.03.01-08.31.46:567][907]LogBlueprintUserMessages: [DoorInverse_5] Not Valid
[2022.03.01-08.31.46:580][908]LogBlueprintUserMessages: [DoorInverse_5] Not Valid
[2022.03.01-08.31.46:593][909]LogBlueprintUserMessages: [DoorInverse_5] Not Valid
[2022.03.01-08.31.46:607][910]LogBlueprintUserMessages: [DoorInverse_5] Not Valid
[2022.03.01-08.31.46:621][911]LogBlueprintUserMessages: [DoorInverse_5] Not Valid
[2022.03.01-08.31.46:635][912]LogBlueprintUserMessages: [DoorInverse_5] Not Valid
[2022.03.01-08.31.46:649][913]LogBlueprintUserMessages: [DoorInverse_5] Not Valid
[2022.03.01-08.31.46:663][914]LogBlueprintUserMessages: [DoorInverse_5] Not Valid
[2022.03.01-08.31.46:678][915]LogBlueprintUserMessages: [DoorInverse_5] Not Valid
[2022.03.01-08.31.46:691][916]LogBlueprintUserMessages: [DoorInverse_5] Not Valid
[2022.03.01-08.31.46:705][917]LogBlueprintUserMessages: [DoorInverse_5] Not Valid
[2022.03.01-08.31.46:719][918]LogBlueprintUserMessages: [DoorInverse_5] Not Valid
[2022.03.01-08.31.46:733][919]LogBlueprintUserMessages: [DoorInverse_5] Not Valid
[2022.03.01-08.31.46:747][920]LogBlueprintUserMessages: [DoorInverse_5] Not Valid
[2022.03.01-08.31.46:760][921]LogBlueprintUserMessages: [DoorInverse_5] Not Valid
[2022.03.01-08.31.46:774][922]LogBlueprintUserMessages: [DoorInverse_5] Not Valid
[2022.03.01-08.31.46:788][923]LogBlueprintUserMessages: [DoorInverse_5] Not Valid
[2022.03.01-08.31.46:802][924]LogBlueprintUserMessages: [DoorInverse_5] Not Valid
[2022.03.01-08.31.46:816][925]LogBlueprintUserMessages: [DoorInverse_5] Not Valid
[2022.03.01-08.31.46:830][926]LogBlueprintUserMessages: [DoorInverse_5] Not Valid
[2022.03.01-08.31.46:844][927]LogBlueprintUserMessages: [DoorInverse_5] Not Valid
[2022.03.01-08.31.46:858][928]LogBlueprintUserMessages: [DoorInverse_5] Not Valid
[2022.03.01-08.31.46:872][929]LogBlueprintUserMessages: [DoorInverse_5] Not Valid
[2022.03.01-08.31.46:886][930]LogBlueprintUserMessages: [DoorInverse_5] Not Valid
[2022.03.01-08.31.46:900][931]LogBlueprintUserMessages: [DoorInverse_5] Not Valid
[2022.03.01-08.31.46:914][932]LogBlueprintUserMessages: [DoorInverse_5] Not Valid
[2022.03.01-08.31.46:928][933]LogBlueprintUserMessages: [DoorInverse_5] Not Valid
[2022.03.01-08.31.46:942][934]LogBlueprintUserMessages: [DoorInverse_5] Not Valid
[2022.03.01-08.31.46:956][935]LogBlueprintUserMessages: [DoorInverse_5] Not Valid
[2022.03.01-08.31.46:970][936]LogBlueprintUserMessages: [DoorInverse_5] Not Valid
[2022.03.01-08.31.46:984][937]LogBlueprintUserMessages: [DoorInverse_5] Not Valid
[2022.03.01-08.31.46:997][938]LogBlueprintUserMessages: [DoorInverse_5] Not Valid
[2022.03.01-08.31.47:011][939]LogBlueprintUserMessages: [DoorInverse_5] Not Valid
[2022.03.01-08.31.47:025][940]LogBlueprintUserMessages: [DoorInverse_5] Not Valid
[2022.03.01-08.31.47:039][941]LogBlueprintUserMessages: [DoorInverse_5] Not Valid
[2022.03.01-08.31.47:053][942]LogBlueprintUserMessages: [DoorInverse_5] Not Valid
[2022.03.01-08.31.47:067][943]LogBlueprintUserMessages: [DoorInverse_5] Not Valid
[2022.03.01-08.31.47:081][944]LogBlueprintUserMessages: [DoorInverse_5] Not Valid
[2022.03.01-08.31.47:095][945]LogBlueprintUserMessages: [DoorInverse_5] Not Valid
[2022.03.01-08.31.47:109][946]LogBlueprintUserMessages: [DoorInverse_5] Not Valid
[2022.03.01-08.31.47:123][947]LogBlueprintUserMessages: [DoorInverse_5] Not Valid
[2022.03.01-08.31.47:137][948]LogBlueprintUserMessages: [DoorInverse_5] Not Valid
[2022.03.01-08.31.47:151][949]LogBlueprintUserMessages: [DoorInverse_5] Not Valid
[2022.03.01-08.31.47:164][950]LogBlueprintUserMessages: [DoorInverse_5] Not Valid
[2022.03.01-08.31.47:178][951]LogBlueprintUserMessages: [DoorInverse_5] Not Valid
[2022.03.01-08.31.47:192][952]LogBlueprintUserMessages: [DoorInverse_5] Not Valid
[2022.03.01-08.31.47:206][953]LogBlueprintUserMessages: [DoorInverse_5] Not Valid
[2022.03.01-08.31.47:220][954]LogBlueprintUserMessages: [DoorInverse_5] Not Valid
[2022.03.01-08.31.47:234][955]LogBlueprintUserMessages: [DoorInverse_5] Not Valid
[2022.03.01-08.31.47:248][956]LogBlueprintUserMessages: [DoorInverse_5] Not Valid
[2022.03.01-08.31.47:262][957]LogBlueprintUserMessages: [DoorInverse_5] Not Valid
[2022.03.01-08.31.47:276][958]LogBlueprintUserMessages: [DoorInverse_5] Not Valid
[2022.03.01-08.31.47:290][959]LogBlueprintUserMessages: [DoorInverse_5] Not Valid
[2022.03.01-08.31.47:304][960]LogBlueprintUserMessages: [DoorInverse_5] Not Valid
[2022.03.01-08.31.47:318][961]LogBlueprintUserMessages: [DoorInverse_5] Not Valid
[2022.03.01-08.31.47:332][962]LogBlueprintUserMessages: [DoorInverse_5] Not Valid
[2022.03.01-08.31.47:346][963]LogBlueprintUserMessages: [DoorInverse_5] Not Valid
[2022.03.01-08.31.47:359][964]LogBlueprintUserMessages: [DoorInverse_5] Not Valid
[2022.03.01-08.31.47:373][965]LogBlueprintUserMessages: [DoorInverse_5] Not Valid
[2022.03.01-08.31.47:387][966]LogBlueprintUserMessages: [DoorInverse_5] Not Valid
[2022.03.01-08.31.47:401][967]LogBlueprintUserMessages: [DoorInverse_5] Not Valid
[2022.03.01-08.31.47:415][968]LogBlueprintUserMessages: [DoorInverse_5] Not Valid
[2022.03.01-08.31.47:429][969]LogBlueprintUserMessages: [DoorInverse_5] Not Valid
[2022.03.01-08.31.47:443][970]LogBlueprintUserMessages: [DoorInverse_5] Not Valid
[2022.03.01-08.31.47:457][971]LogBlueprintUserMessages: [DoorInverse_5] Not Valid
[2022.03.01-08.31.47:471][972]LogBlueprintUserMessages: [DoorInverse_5] Not Valid
[2022.03.01-08.31.47:485][973]LogBlueprintUserMessages: [DoorInverse_5] Not Valid
[2022.03.01-08.31.47:499][974]LogBlueprintUserMessages: [DoorInverse_5] Not Valid
[2022.03.01-08.31.47:512][975]LogBlueprintUserMessages: [DoorInverse_5] Not Valid
[2022.03.01-08.31.47:526][976]LogBlueprintUserMessages: [DoorInverse_5] Not Valid
[2022.03.01-08.31.47:541][977]LogBlueprintUserMessages: [DoorInverse_5] Not Valid
[2022.03.01-08.31.47:555][978]LogBlueprintUserMessages: [DoorInverse_5] Not Valid
[2022.03.01-08.31.47:569][979]LogBlueprintUserMessages: [DoorInverse_5] Not Valid
[2022.03.01-08.31.47:582][980]LogBlueprintUserMessages: [DoorInverse_5] Not Valid
[2022.03.01-08.31.47:596][981]LogBlueprintUserMessages: [DoorInverse_5] Not Valid
[2022.03.01-08.31.47:610][982]LogBlueprintUserMessages: [DoorInverse_5] Not Valid
[2022.03.01-08.31.47:624][983]LogBlueprintUserMessages: [DoorInverse_5] Not Valid
[2022.03.01-08.31.47:638][984]LogBlueprintUserMessages: [DoorInverse_5] Not Valid
[2022.03.01-08.31.47:652][985]LogBlueprintUserMessages: [DoorInverse_5] Not Valid
[2022.03.01-08.31.47:666][986]LogBlueprintUserMessages: [DoorInverse_5] Not Valid
[2022.03.01-08.31.47:680][987]LogBlueprintUserMessages: [DoorInverse_5] Not Valid
[2022.03.01-08.31.47:694][988]LogBlueprintUserMessages: [DoorInverse_5] Not Valid
[2022.03.01-08.31.47:707][989]LogBlueprintUserMessages: [DoorInverse_5] Not Valid
[2022.03.01-08.31.47:721][990]LogBlueprintUserMessages: [DoorInverse_5] Not Valid
[2022.03.01-08.31.47:735][991]LogBlueprintUserMessages: [DoorInverse_5] Not Valid
[2022.03.01-08.31.47:749][992]LogBlueprintUserMessages: [DoorInverse_5] Not Valid
[2022.03.01-08.31.47:763][993]LogBlueprintUserMessages: [DoorInverse_5] Not Valid
[2022.03.01-08.31.47:777][994]LogBlueprintUserMessages: [DoorInverse_5] Not Valid
[2022.03.01-08.31.47:791][995]LogBlueprintUserMessages: [DoorInverse_5] Not Valid
[2022.03.01-08.31.47:805][996]LogBlueprintUserMessages: [DoorInverse_5] Not Valid
[2022.03.01-08.31.47:819][997]LogBlueprintUserMessages: [DoorInverse_5] Not Valid
[2022.03.01-08.31.47:833][998]LogBlueprintUserMessages: [DoorInverse_5] Not Valid
[2022.03.01-08.31.47:847][999]LogBlueprintUserMessages: [DoorInverse_5] Not Valid
[2022.03.01-08.31.47:861][  0]LogBlueprintUserMessages: [DoorInverse_5] Not Valid
[2022.03.01-08.31.47:875][  1]LogBlueprintUserMessages: [DoorInverse_5] Not Valid
[2022.03.01-08.31.47:889][  2]LogBlueprintUserMessages: [DoorInverse_5] Not Valid
[2022.03.01-08.31.47:903][  3]LogBlueprintUserMessages: [DoorInverse_5] Not Valid
[2022.03.01-08.31.47:917][  4]LogBlueprintUserMessages: [DoorInverse_5] Not Valid
[2022.03.01-08.31.47:930][  5]LogBlueprintUserMessages: [DoorInverse_5] Not Valid
[2022.03.01-08.31.47:944][  6]LogBlueprintUserMessages: [DoorInverse_5] Not Valid
[2022.03.01-08.31.47:958][  7]LogBlueprintUserMessages: [DoorInverse_5] Not Valid
[2022.03.01-08.31.47:972][  8]LogBlueprintUserMessages: [DoorInverse_5] Not Valid
[2022.03.01-08.31.47:986][  9]LogBlueprintUserMessages: [DoorInverse_5] Not Valid
[2022.03.01-08.31.48:000][ 10]LogBlueprintUserMessages: [DoorInverse_5] Not Valid
[2022.03.01-08.31.48:014][ 11]LogBlueprintUserMessages: [DoorInverse_5] Not Valid
[2022.03.01-08.31.48:028][ 12]LogBlueprintUserMessages: [DoorInverse_5] Not Valid
[2022.03.01-08.31.48:042][ 13]LogBlueprintUserMessages: [DoorInverse_5] Not Valid
[2022.03.01-08.31.48:056][ 14]LogBlueprintUserMessages: [DoorInverse_5] Not Valid
[2022.03.01-08.31.48:070][ 15]LogBlueprintUserMessages: [DoorInverse_5] Not Valid
[2022.03.01-08.31.48:083][ 16]LogBlueprintUserMessages: [DoorInverse_5] Not Valid
[2022.03.01-08.31.48:097][ 17]LogBlueprintUserMessages: [DoorInverse_5] Not Valid
[2022.03.01-08.31.48:111][ 18]LogBlueprintUserMessages: [DoorInverse_5] Not Valid
[2022.03.01-08.31.48:125][ 19]LogBlueprintUserMessages: [DoorInverse_5] Not Valid
[2022.03.01-08.31.48:139][ 20]LogBlueprintUserMessages: [DoorInverse_5] Not Valid
[2022.03.01-08.31.48:153][ 21]LogBlueprintUserMessages: [DoorInverse_5] Not Valid
[2022.03.01-08.31.48:167][ 22]LogBlueprintUserMessages: [DoorInverse_5] Not Valid
[2022.03.01-08.31.48:181][ 23]LogBlueprintUserMessages: [DoorInverse_5] Not Valid
[2022.03.01-08.31.48:515][ 24]LogBlueprintUserMessages: [DoorInverse_5] Not Valid
[2022.03.01-08.31.48:850][ 25]LogBlueprintUserMessages: [DoorInverse_5] Not Valid
[2022.03.01-08.31.48:877][ 26]LogBlueprintUserMessages: [DoorInverse_5] Not Valid
[2022.03.01-08.31.48:891][ 27]LogBlueprintUserMessages: [DoorInverse_5] Not Valid
[2022.03.01-08.31.48:918][ 28]LogBlueprintUserMessages: [DoorInverse_5] Not Valid
[2022.03.01-08.31.48:933][ 29]LogBlueprintUserMessages: [DoorInverse_5] Not Valid
[2022.03.01-08.31.48:946][ 30]LogBlueprintUserMessages: [DoorInverse_5] Not Valid
[2022.03.01-08.31.48:960][ 31]LogBlueprintUserMessages: [DoorInverse_5] Not Valid
[2022.03.01-08.31.48:974][ 32]LogBlueprintUserMessages: [DoorInverse_5] Not Valid
[2022.03.01-08.31.48:988][ 33]LogBlueprintUserMessages: [DoorInverse_5] Not Valid
[2022.03.01-08.31.49:003][ 34]LogBlueprintUserMessages: [DoorInverse_5] Not Valid
[2022.03.01-08.31.49:017][ 35]LogBlueprintUserMessages: [DoorInverse_5] Not Valid
[2022.03.01-08.31.49:030][ 36]LogBlueprintUserMessages: [DoorInverse_5] Not Valid
[2022.03.01-08.31.49:044][ 37]LogBlueprintUserMessages: [DoorInverse_5] Not Valid
[2022.03.01-08.31.49:059][ 38]LogBlueprintUserMessages: [DoorInverse_5] Not Valid
[2022.03.01-08.31.49:073][ 39]LogBlueprintUserMessages: [DoorInverse_5] Not Valid
[2022.03.01-08.31.49:087][ 40]LogBlueprintUserMessages: [DoorInverse_5] Not Valid
[2022.03.01-08.31.49:101][ 41]LogBlueprintUserMessages: [DoorInverse_5] Not Valid
[2022.03.01-08.31.49:114][ 42]LogBlueprintUserMessages: [DoorInverse_5] Not Valid
[2022.03.01-08.31.49:128][ 43]LogBlueprintUserMessages: [DoorInverse_5] Not Valid
[2022.03.01-08.31.49:143][ 44]LogBlueprintUserMessages: [DoorInverse_5] Not Valid
[2022.03.01-08.31.49:157][ 45]LogBlueprintUserMessages: [DoorInverse_5] Not Valid
[2022.03.01-08.31.49:183][ 46]LogBlueprintUserMessages: [DoorInverse_5] Not Valid
[2022.03.01-08.31.49:211][ 47]LogBlueprintUserMessages: [DoorInverse_5] Not Valid
[2022.03.01-08.31.49:239][ 48]LogBlueprintUserMessages: [DoorInverse_5] Not Valid
[2022.03.01-08.31.49:267][ 49]LogBlueprintUserMessages: [DoorInverse_5] Not Valid
[2022.03.01-08.31.49:282][ 50]LogBlueprintUserMessages: [DoorInverse_5] Not Valid
[2022.03.01-08.31.49:295][ 51]LogBlueprintUserMessages: [DoorInverse_5] Not Valid
[2022.03.01-08.31.49:309][ 52]LogBlueprintUserMessages: [DoorInverse_5] Not Valid
[2022.03.01-08.31.49:323][ 53]LogBlueprintUserMessages: [DoorInverse_5] Not Valid
[2022.03.01-08.31.49:337][ 54]LogBlueprintUserMessages: [DoorInverse_5] Not Valid
[2022.03.01-08.31.49:351][ 55]LogBlueprintUserMessages: [DoorInverse_5] Not Valid
[2022.03.01-08.31.49:365][ 56]LogBlueprintUserMessages: [DoorInverse_5] Not Valid
[2022.03.01-08.31.49:392][ 57]LogBlueprintUserMessages: [DoorInverse_5] Not Valid
[2022.03.01-08.31.49:408][ 58]LogBlueprintUserMessages: [DoorInverse_5] Not Valid
[2022.03.01-08.31.49:421][ 59]LogBlueprintUserMessages: [DoorInverse_5] Not Valid
[2022.03.01-08.31.49:447][ 60]LogBlueprintUserMessages: [DoorInverse_5] Not Valid
[2022.03.01-08.31.49:461][ 61]LogBlueprintUserMessages: [DoorInverse_5] Not Valid
[2022.03.01-08.31.49:475][ 62]LogBlueprintUserMessages: [DoorInverse_5] Not Valid
[2022.03.01-08.31.49:489][ 63]LogBlueprintUserMessages: [DoorInverse_5] Not Valid
[2022.03.01-08.31.49:504][ 64]LogBlueprintUserMessages: [DoorInverse_5] Not Valid
[2022.03.01-08.31.49:519][ 65]LogBlueprintUserMessages: [DoorInverse_5] Not Valid
[2022.03.01-08.31.49:545][ 66]LogBlueprintUserMessages: [DoorInverse_5] Not Valid
[2022.03.01-08.31.49:573][ 67]LogBlueprintUserMessages: [DoorInverse_5] Not Valid
[2022.03.01-08.31.49:589][ 68]LogBlueprintUserMessages: [DoorInverse_5] Not Valid
[2022.03.01-08.31.49:603][ 69]LogBlueprintUserMessages: [DoorInverse_5] Not Valid
[2022.03.01-08.31.49:629][ 70]LogBlueprintUserMessages: [DoorInverse_5] Not Valid
[2022.03.01-08.31.49:643][ 71]LogBlueprintUserMessages: [DoorInverse_5] Not Valid
[2022.03.01-08.31.49:657][ 72]LogBlueprintUserMessages: [DoorInverse_5] Not Valid
[2022.03.01-08.31.49:671][ 73]LogBlueprintUserMessages: [DoorInverse_5] Not Valid
[2022.03.01-08.31.49:685][ 74]LogBlueprintUserMessages: [DoorInverse_5] Not Valid
[2022.03.01-08.31.49:698][ 75]LogBlueprintUserMessages: [DoorInverse_5] Not Valid
[2022.03.01-08.31.49:712][ 76]LogBlueprintUserMessages: [DoorInverse_5] Not Valid
[2022.03.01-08.31.49:726][ 77]LogBlueprintUserMessages: [DoorInverse_5] Not Valid
[2022.03.01-08.31.49:740][ 78]LogBlueprintUserMessages: [DoorInverse_5] Not Valid
[2022.03.01-08.31.49:754][ 79]LogBlueprintUserMessages: [DoorInverse_5] Not Valid
[2022.03.01-08.31.49:880][ 87]LogBlueprintUserMessages: [DoorInverse_5] Not Valid
[2022.03.01-08.31.49:894][ 88]LogBlueprintUserMessages: [DoorInverse_5] Not Valid
[2022.03.01-08.31.49:908][ 89]LogBlueprintUserMessages: [DoorInverse_5] Not Valid
[2022.03.01-08.31.49:921][ 90]LogBlueprintUserMessages: [DoorInverse_5] Not Valid
[2022.03.01-08.31.49:936][ 91]LogBlueprintUserMessages: [DoorInverse_5] Not Valid
[2022.03.01-08.31.49:949][ 92]LogBlueprintUserMessages: [DoorInverse_5] Not Valid
[2022.03.01-08.31.49:963][ 93]LogBlueprintUserMessages: [DoorInverse_5] Not Valid
[2022.03.01-08.31.49:977][ 94]LogBlueprintUserMessages: [DoorInverse_5] Not Valid
[2022.03.01-08.31.49:991][ 95]LogBlueprintUserMessages: [DoorInverse_5] Not Valid
[2022.03.01-08.31.50:005][ 96]LogBlueprintUserMessages: [DoorInverse_5] Not Valid
[2022.03.01-08.31.50:019][ 97]LogBlueprintUserMessages: [DoorInverse_5] Not Valid
[2022.03.01-08.31.50:033][ 98]LogBlueprintUserMessages: [DoorInverse_5] Not Valid
[2022.03.01-08.31.50:047][ 99]LogBlueprintUserMessages: [DoorInverse_5] Not Valid
[2022.03.01-08.31.50:060][100]LogBlueprintUserMessages: [DoorInverse_5] Not Valid
[2022.03.01-08.31.50:074][101]LogBlueprintUserMessages: [DoorInverse_5] Not Valid
[2022.03.01-08.31.50:088][102]LogBlueprintUserMessages: [DoorInverse_5] Not Valid
[2022.03.01-08.31.50:102][103]LogBlueprintUserMessages: [DoorInverse_5] Not Valid
[2022.03.01-08.31.50:116][104]LogBlueprintUserMessages: [DoorInverse_5] Not Valid
[2022.03.01-08.31.50:130][105]LogBlueprintUserMessages: [DoorInverse_5] Not Valid
[2022.03.01-08.31.50:144][106]LogBlueprintUserMessages: [DoorInverse_5] Not Valid
[2022.03.01-08.31.50:158][107]LogBlueprintUserMessages: [DoorInverse_5] Not Valid
[2022.03.01-08.31.50:172][108]LogBlueprintUserMessages: [DoorInverse_5] Not Valid
[2022.03.01-08.31.50:186][109]LogBlueprintUserMessages: [DoorInverse_5] Not Valid
[2022.03.01-08.31.50:200][110]LogBlueprintUserMessages: [DoorInverse_5] Not Valid
[2022.03.01-08.31.50:214][111]LogBlueprintUserMessages: [DoorInverse_5] Not Valid
[2022.03.01-08.31.50:227][112]LogBlueprintUserMessages: [DoorInverse_5] Not Valid
[2022.03.01-08.31.50:241][113]LogBlueprintUserMessages: [DoorInverse_5] Not Valid
[2022.03.01-08.31.50:255][114]LogBlueprintUserMessages: [DoorInverse_5] Not Valid
[2022.03.01-08.31.50:269][115]LogBlueprintUserMessages: [DoorInverse_5] Not Valid
[2022.03.01-08.31.50:283][116]LogBlueprintUserMessages: [DoorInverse_5] Not Valid
[2022.03.01-08.31.50:297][117]LogBlueprintUserMessages: [DoorInverse_5] Not Valid
[2022.03.01-08.31.50:311][118]LogBlueprintUserMessages: [DoorInverse_5] Not Valid
[2022.03.01-08.31.50:325][119]LogBlueprintUserMessages: [DoorInverse_5] Not Valid
[2022.03.01-08.31.50:339][120]LogBlueprintUserMessages: [DoorInverse_5] Not Valid
[2022.03.01-08.31.50:353][121]LogBlueprintUserMessages: [DoorInverse_5] Not Valid
[2022.03.01-08.31.50:367][122]LogBlueprintUserMessages: [DoorInverse_5] Not Valid
[2022.03.01-08.31.50:382][123]LogBlueprintUserMessages: [DoorInverse_5] Not Valid
[2022.03.01-08.31.50:395][124]LogBlueprintUserMessages: [DoorInverse_5] Not Valid
[2022.03.01-08.31.50:409][125]LogBlueprintUserMessages: [DoorInverse_5] Not Valid
[2022.03.01-08.31.50:423][126]LogBlueprintUserMessages: [DoorInverse_5] Not Valid
[2022.03.01-08.31.50:437][127]LogBlueprintUserMessages: [DoorInverse_5] Not Valid
[2022.03.01-08.31.50:450][128]LogBlueprintUserMessages: [DoorInverse_5] Not Valid
[2022.03.01-08.31.50:464][129]LogBlueprintUserMessages: [DoorInverse_5] Not Valid
[2022.03.01-08.31.50:478][130]LogBlueprintUserMessages: [DoorInverse_5] Not Valid
[2022.03.01-08.31.50:492][131]LogBlueprintUserMessages: [DoorInverse_5] Not Valid
[2022.03.01-08.31.50:506][132]LogBlueprintUserMessages: [DoorInverse_5] Not Valid
[2022.03.01-08.31.50:520][133]LogBlueprintUserMessages: [DoorInverse_5] Not Valid
[2022.03.01-08.31.50:534][134]LogBlueprintUserMessages: [DoorInverse_5] Not Valid
[2022.03.01-08.31.50:548][135]LogBlueprintUserMessages: [DoorInverse_5] Not Valid
[2022.03.01-08.31.50:561][136]LogBlueprintUserMessages: [DoorInverse_5] Not Valid
[2022.03.01-08.31.50:575][137]LogBlueprintUserMessages: [DoorInverse_5] Not Valid
[2022.03.01-08.31.50:589][138]LogBlueprintUserMessages: [DoorInverse_5] Not Valid
[2022.03.01-08.31.50:603][139]LogBlueprintUserMessages: [DoorInverse_5] Not Valid
[2022.03.01-08.31.50:617][140]LogBlueprintUserMessages: [DoorInverse_5] Not Valid
[2022.03.01-08.31.50:631][141]LogBlueprintUserMessages: [DoorInverse_5] Not Valid
[2022.03.01-08.31.50:645][142]LogBlueprintUserMessages: [DoorInverse_5] Not Valid
[2022.03.01-08.31.50:659][143]LogBlueprintUserMessages: [DoorInverse_5] Not Valid
[2022.03.01-08.31.50:673][144]LogBlueprintUserMessages: [DoorInverse_5] Not Valid
[2022.03.01-08.31.50:687][145]LogBlueprintUserMessages: [DoorInverse_5] Not Valid
[2022.03.01-08.31.50:701][146]LogBlueprintUserMessages: [DoorInverse_5] Not Valid
[2022.03.01-08.31.50:715][147]LogBlueprintUserMessages: [DoorInverse_5] Not Valid
[2022.03.01-08.31.50:729][148]LogBlueprintUserMessages: [DoorInverse_5] Not Valid
[2022.03.01-08.31.50:743][149]LogBlueprintUserMessages: [DoorInverse_5] Not Valid
[2022.03.01-08.31.50:757][150]LogBlueprintUserMessages: [DoorInverse_5] Not Valid
[2022.03.01-08.31.50:771][151]LogBlueprintUserMessages: [DoorInverse_5] Not Valid
[2022.03.01-08.31.50:785][152]LogBlueprintUserMessages: [DoorInverse_5] Not Valid
[2022.03.01-08.31.50:798][153]LogBlueprintUserMessages: [DoorInverse_5] Not Valid
[2022.03.01-08.31.50:812][154]LogBlueprintUserMessages: [DoorInverse_5] Not Valid
[2022.03.01-08.31.50:826][155]LogBlueprintUserMessages: [DoorInverse_5] Not Valid
[2022.03.01-08.31.50:840][156]LogBlueprintUserMessages: [DoorInverse_5] Not Valid
[2022.03.01-08.31.50:935][157]LogSlate: Window 'P8_VR_Home Preview [NetMode: Standalone]  (64-bit/Windows) OculusHMD' being destroyed
[2022.03.01-08.31.51:225][157]LogWorld: BeginTearingDown for /Game/VRTemplate/Maps/UEDPIE_0_VRTemplateMap
[2022.03.01-08.31.51:226][157]LogWorld: UWorld::CleanupWorld for VRTemplateMap, bSessionEnded=true, bCleanupResources=true
[2022.03.01-08.31.51:230][157]LogSlate: InvalidateAllWidgets triggered.  All widgets were invalidated
[2022.03.01-08.31.51:243][157]LogPlayLevel: Display: Shutting down PIE online subsystems
[2022.03.01-08.31.51:257][157]LogSlate: InvalidateAllWidgets triggered.  All widgets were invalidated
[2022.03.01-08.31.51:285][157]LogAudio: Display: Audio Device unregistered from world 'None'.
[2022.03.01-08.31.51:286][157]LogResonanceAudio: Display: Resonance Audio Listener is shutdown
[2022.03.01-08.31.51:286][157]LogAudioMixer: FMixerPlatformXAudio2::StopAudioStream() called
[2022.03.01-08.31.51:288][157]LogAudioMixer: FMixerPlatformXAudio2::StopAudioStream() called
[2022.03.01-08.31.51:309][157]LogSlate: Slate User Unregistered.  User Index 8
[2022.03.01-08.31.51:309][157]LogSlate: Slate User Destroyed.  User Index 8, Is Virtual User: 1
[2022.03.01-08.31.51:312][157]LogUObjectHash: Compacting FUObjectHashTables data took   1.96ms
[2022.03.01-08.31.51:369][158]LogPlayLevel: Display: Destroying online subsystem :Context_3
[2022.03.01-08.31.52:997][284]LogSlate: Took 0.056358 seconds to synchronously load lazily loaded font '../../../Engine/Content/Slate/Fonts/DroidSansMono.ttf' (77K)
[2022.03.01-08.31.58:923][838]LogNavigationPoint: PostEditMove Clear paths rebuilt
[2022.03.01-08.32.07:015][494]LogNavigationPoint: PostEditMove Clear paths rebuilt
[2022.03.01-08.32.13:993][149]Cmd: TRANSACTION UNDO
[2022.03.01-08.32.13:993][149]LogEditorTransaction: Undo Move Actors
[2022.03.01-08.32.14:289][149]LogSlate: Took 0.000275 seconds to synchronously load lazily loaded font '../../../Engine/Content/Slate/Fonts/Roboto-Light.ttf' (167K)
[2022.03.01-08.32.14:920][194]Cmd: TRANSACTION UNDO
[2022.03.01-08.32.14:920][194]LogEditorTransaction: Undo Move Actors
[2022.03.01-08.32.15:488][251]Cmd: TRANSACTION UNDO
[2022.03.01-08.32.15:488][251]LogEditorTransaction: Undo Move Actors
[2022.03.01-08.32.18:442][528]LogEditorViewport: Clicking on Actor (LMB): BP_Sky_Sphere_C (SkySpherePC2)
[2022.03.01-08.32.39:232][597]Cmd: CAMERA ALIGN ACTIVEVIEWPORTONLY
[2022.03.01-08.32.45:433][176]LogNavigationPoint: PostEditMove Clear paths rebuilt
[2022.03.01-08.32.45:659][196]Cmd: CAMERA ALIGN ACTIVEVIEWPORTONLY
[2022.03.01-08.32.54:860][ 41]Cmd: OBJ SAVEPACKAGE PACKAGE="/Game/VRTemplate/Maps/VRTemplateMap" FILE="C:/Users/qwe_o/P8ToBeAnnounced/P8_VR_Home/Content/VRTemplate/Maps/VRTemplateMap.umap" SILENT=true AUTOSAVING=false KEEPDIRTY=false
[2022.03.01-08.32.54:876][ 41]LogUObjectHash: Compacting FUObjectHashTables data took   1.85ms
[2022.03.01-08.32.56:169][ 41]LogSavePackage: Moving 'C:/Users/qwe_o/P8ToBeAnnounced/P8_VR_Home/Saved/VRTemplateMap20100F044AA0D5099695259E45B48DAD.tmp' to 'C:/Users/qwe_o/P8ToBeAnnounced/P8_VR_Home/Content/VRTemplate/Maps/VRTemplateMap.umap'
[2022.03.01-08.32.56:193][ 41]Cmd: OBJ SAVEPACKAGE PACKAGE="/Game/VRTemplate/Maps/VRTemplateMap_BuiltData" FILE="C:/Users/qwe_o/P8ToBeAnnounced/P8_VR_Home/Content/VRTemplate/Maps/VRTemplateMap_BuiltData.uasset" SILENT=true
[2022.03.01-08.33.00:495][ 41]LogSavePackage: Moving 'C:/Users/qwe_o/P8ToBeAnnounced/P8_VR_Home/Saved/VRTemplateMap_BuiltDataC6731C27470C727C79811B832B16A1EE.tmp' to 'C:/Users/qwe_o/P8ToBeAnnounced/P8_VR_Home/Content/VRTemplate/Maps/VRTemplateMap_BuiltData.uasset'
[2022.03.01-08.33.00:533][ 41]AssetCheck: New page: Asset Save: multiple assets
[2022.03.01-08.33.00:533][ 41]LogContentValidation: Display: Validating MapBuildDataRegistry /Game/VRTemplate/Maps/VRTemplateMap_BuiltData.VRTemplateMap_BuiltData
[2022.03.01-08.33.00:534][ 41]LogContentValidation: Display: Validating World /Game/VRTemplate/Maps/VRTemplateMap.VRTemplateMap
[2022.03.01-08.33.04:985][475]LogUObjectHash: Compacting FUObjectHashTables data took   0.64ms
[2022.03.01-08.33.05:036][475]LogSlate: Window 'P8_VR_Home - Unreal Editor' being destroyed
[2022.03.01-08.33.05:186][476]Cmd: QUIT_EDITOR
[2022.03.01-08.33.05:186][476]LogCore: Engine exit requested (reason: UUnrealEdEngine::CloseEditor())
[2022.03.01-08.33.05:195][476]LogCore: Engine exit requested (reason: EngineExit() was called; note: exit was already requested)
[2022.03.01-08.33.06:049][476]LogAudio: Display: Beginning Audio Device Manager Shutdown (Module: AudioMixerXAudio2)...
[2022.03.01-08.33.06:049][476]LogAudio: Display: Destroying 1 Remaining Audio Device(s)...
[2022.03.01-08.33.06:049][476]LogAudio: Display: Audio Device unregistered from world 'VRTemplateMap'.
[2022.03.01-08.33.06:049][476]LogResonanceAudio: Display: Resonance Audio Listener is shutdown
[2022.03.01-08.33.06:049][476]LogAudioMixer: FMixerPlatformXAudio2::StopAudioStream() called
[2022.03.01-08.33.06:050][476]LogAudioMixer: FMixerPlatformXAudio2::StopAudioStream() called
[2022.03.01-08.33.06:056][476]LogAudio: Display: Audio Device Manager Shutdown
[2022.03.01-08.33.06:057][476]LogWindowsTextInputMethodSystem: Display: IME system deactivated.
[2022.03.01-08.33.06:065][476]LogExit: Preparing to exit.
[2022.03.01-08.33.06:894][476]LogUObjectHash: Compacting FUObjectHashTables data took   1.89ms
[2022.03.01-08.33.08:727][476]LogWorld: UWorld::CleanupWorld for World_0, bSessionEnded=true, bCleanupResources=true
[2022.03.01-08.33.08:868][476]LogDemo: Cleaned up 0 splitscreen connections with owner deletion
[2022.03.01-08.33.08:891][476]LogWorld: UWorld::CleanupWorld for None, bSessionEnded=true, bCleanupResources=true
[2022.03.01-08.33.08:892][476]LogExit: Editor shut down
[2022.03.01-08.33.08:894][476]LogExit: Transaction tracking system shut down
[2022.03.01-08.33.09:175][476]LogExit: Object subsystem successfully closed.
[2022.03.01-08.33.09:193][476]LogShaderCompilers: Display: === FShaderJobCache stats ===
[2022.03.01-08.33.09:193][476]LogShaderCompilers: Display: Total job queries 0, among them cache hits 0 (0.00%)
[2022.03.01-08.33.09:193][476]LogShaderCompilers: Display: Tracking 0 distinct input hashes that result in 0 distinct outputs (0.00%)
[2022.03.01-08.33.09:193][476]LogShaderCompilers: Display: RAM used: 0.00 MB (0.00 GB) of 819.20 MB (0.80 GB) budget. Usage: 0.00%
[2022.03.01-08.33.09:193][476]LogShaderCompilers: Display: ================================================
[2022.03.01-08.33.09:220][476]LogShaderCompilers: Display: Shaders left to compile 0
[2022.03.01-08.33.09:251][476]LogModuleManager: Shutting down and abandoning module MovieSceneCapture (906)
[2022.03.01-08.33.09:251][476]LogModuleManager: Shutting down and abandoning module Voice (904)
[2022.03.01-08.33.09:252][476]LogModuleManager: Shutting down and abandoning module HierarchicalLODOutliner (902)
[2022.03.01-08.33.09:252][476]LogModuleManager: Shutting down and abandoning module AddContentDialog (900)
[2022.03.01-08.33.09:252][476]LogModuleManager: Shutting down and abandoning module WidgetCarousel (899)
[2022.03.01-08.33.09:252][476]LogModuleManager: Shutting down and abandoning module EditorWidgets (896)
[2022.03.01-08.33.09:252][476]LogModuleManager: Shutting down and abandoning module SceneOutliner (894)
[2022.03.01-08.33.09:252][476]LogModuleManager: Shutting down and abandoning module StatsViewer (892)
[2022.03.01-08.33.09:252][476]LogModuleManager: Shutting down and abandoning module PIEPreviewDeviceProfileSelector (890)
[2022.03.01-08.33.09:253][476]LogModuleManager: Shutting down and abandoning module SequenceRecorderSections (888)
[2022.03.01-08.33.09:253][476]LogModuleManager: Shutting down and abandoning module AutomationWorker (886)
[2022.03.01-08.33.09:253][476]LogModuleManager: Shutting down and abandoning module OculusMR (884)
[2022.03.01-08.33.09:253][476]LogModuleManager: Shutting down and abandoning module TakeRecorderSources (882)
[2022.03.01-08.33.09:253][476]LogModuleManager: Shutting down and abandoning module TakeRecorder (881)
[2022.03.01-08.33.09:253][476]LogModuleManager: Shutting down and abandoning module TakeTrackRecorders (878)
[2022.03.01-08.33.09:253][476]LogModuleManager: Shutting down and abandoning module TakesCore (876)
[2022.03.01-08.33.09:253][476]LogModuleManager: Shutting down and abandoning module TextureAlignMode (874)
[2022.03.01-08.33.09:253][476]LogModuleManager: Shutting down and abandoning module BspMode (872)
[2022.03.01-08.33.09:253][476]LogModuleManager: Shutting down and abandoning module GeometryMode (870)
[2022.03.01-08.33.09:253][476]LogModuleManager: Shutting down and abandoning module ResonanceAudioEditor (868)
[2022.03.01-08.33.09:253][476]LogModuleManager: Shutting down and abandoning module OpenXRInput (866)
[2022.03.01-08.33.09:253][476]LogModuleManager: Shutting down and abandoning module GooglePADEditor (864)
[2022.03.01-08.33.09:253][476]LogModuleManager: Shutting down and abandoning module AudioCaptureEditor (862)
[2022.03.01-08.33.09:253][476]LogModuleManager: Shutting down and abandoning module TemplateSequenceEditor (860)
[2022.03.01-08.33.09:254][476]LogModuleManager: Shutting down and abandoning module MatineeToLevelSequence (858)
[2022.03.01-08.33.09:254][476]LogModuleManager: Shutting down and abandoning module LevelSequenceEditor (856)
[2022.03.01-08.33.09:254][476]LogModuleManager: Shutting down and abandoning module ActorSequenceEditor (854)
[2022.03.01-08.33.09:254][476]LogModuleManager: Shutting down and abandoning module WmfMediaFactory (852)
[2022.03.01-08.33.09:254][476]LogModuleManager: Shutting down and abandoning module WmfMediaEditor (850)
[2022.03.01-08.33.09:254][476]LogModuleManager: Shutting down and abandoning module WebMMediaFactory (848)
[2022.03.01-08.33.09:254][476]LogModuleManager: Shutting down and abandoning module WebMMediaEditor (846)
[2022.03.01-08.33.09:254][476]LogModuleManager: Shutting down and abandoning module WebMMedia (844)
[2022.03.01-08.33.09:254][476]LogModuleManager: Shutting down and abandoning module MediaPlayerEditor (842)
[2022.03.01-08.33.09:254][476]LogModuleManager: Shutting down and abandoning module MediaCompositingEditor (840)
[2022.03.01-08.33.09:254][476]LogModuleManager: Shutting down and abandoning module SequenceRecorder (839)
[2022.03.01-08.33.09:254][476]LogModuleManager: Shutting down and abandoning module OpenExrWrapper (836)
[2022.03.01-08.33.09:255][476]LogModuleManager: Shutting down and abandoning module ImgMediaFactory (834)
[2022.03.01-08.33.09:255][476]LogModuleManager: Shutting down and abandoning module ImgMediaEditor (832)
[2022.03.01-08.33.09:255][476]LogModuleManager: Shutting down and abandoning module AvfMediaFactory (830)
[2022.03.01-08.33.09:255][476]LogModuleManager: Shutting down and abandoning module AvfMediaEditor (828)
[2022.03.01-08.33.09:255][476]LogModuleManager: Shutting down and abandoning module AndroidMediaFactory (826)
[2022.03.01-08.33.09:255][476]LogModuleManager: Shutting down and abandoning module AndroidMediaEditor (824)
[2022.03.01-08.33.09:255][476]LogModuleManager: Shutting down and abandoning module MagicLeapMediaCodecFactory (822)
[2022.03.01-08.33.09:255][476]LogModuleManager: Shutting down and abandoning module MagicLeapMediaFactory (820)
[2022.03.01-08.33.09:255][476]LogModuleManager: Shutting down and abandoning module MagicLeapMediaEditor (818)
[2022.03.01-08.33.09:255][476]LogModuleManager: Shutting down and abandoning module PlanarCut (816)
[2022.03.01-08.33.09:255][476]LogModuleManager: Shutting down and abandoning module CharacterAI (814)
[2022.03.01-08.33.09:255][476]LogModuleManager: Shutting down and abandoning module CameraShakePreviewer (812)
[2022.03.01-08.33.09:255][476]LogModuleManager: Shutting down and abandoning module SmartSnapping (810)
[2022.03.01-08.33.09:255][476]LogModuleManager: Shutting down and abandoning module SessionServices (808)
[2022.03.01-08.33.09:256][476]LogModuleManager: Shutting down and abandoning module MeshPaint (806)
[2022.03.01-08.33.09:256][476]LogModuleManager: Shutting down and abandoning module VirtualTexturingEditor (804)
[2022.03.01-08.33.09:256][476]LogModuleManager: Shutting down and abandoning module FoliageEdit (802)
[2022.03.01-08.33.09:256][476]LogModuleManager: Shutting down and abandoning module LandscapeEditor (800)
[2022.03.01-08.33.09:256][476]LogModuleManager: Shutting down and abandoning module MeshPaintMode (798)
[2022.03.01-08.33.09:256][476]LogModuleManager: Shutting down and abandoning module SceneDepthPickerMode (796)
[2022.03.01-08.33.09:256][476]LogModuleManager: Shutting down and abandoning module ActorPickerMode (794)
[2022.03.01-08.33.09:256][476]LogModuleManager: Shutting down and abandoning module PlacementMode (792)
[2022.03.01-08.33.09:256][476]LogModuleManager: Shutting down and abandoning module ViewportSnapping (790)
[2022.03.01-08.33.09:256][476]LogModuleManager: Shutting down and abandoning module ViewportInteraction (788)
[2022.03.01-08.33.09:256][476]LogModuleManager: Shutting down and abandoning module ClothPainter (786)
[2022.03.01-08.33.09:257][476]LogModuleManager: Shutting down and abandoning module SkeletalMeshEditor (785)
[2022.03.01-08.33.09:257][476]LogModuleManager: Shutting down and abandoning module LogVisualizer (782)
[2022.03.01-08.33.09:257][476]LogModuleManager: Shutting down and abandoning module IntroTutorials (780)
[2022.03.01-08.33.09:257][476]LogModuleManager: Shutting down and abandoning module GameProjectGeneration (779)
[2022.03.01-08.33.09:257][476]LogModuleManager: Shutting down and abandoning module LuminPlatformEditor (776)
[2022.03.01-08.33.09:257][476]LogModuleManager: Shutting down and abandoning module IOSPlatformEditor (774)
[2022.03.01-08.33.09:257][476]LogModuleManager: Shutting down and abandoning module AndroidPlatformEditor (772)
[2022.03.01-08.33.09:257][476]LogModuleManager: Shutting down and abandoning module AndroidDeviceDetection (771)
[2022.03.01-08.33.10:272][476]LogModuleManager: Shutting down and abandoning module WindowsPlatformEditor (768)
[2022.03.01-08.33.10:272][476]LogModuleManager: Shutting down and abandoning module LuminRuntimeSettings (766)
[2022.03.01-08.33.10:272][476]LogModuleManager: Shutting down and abandoning module IOSRuntimeSettings (764)
[2022.03.01-08.33.10:272][476]LogModuleManager: Shutting down and abandoning module AndroidRuntimeSettings (762)
[2022.03.01-08.33.10:272][476]LogModuleManager: Shutting down and abandoning module TraceInsights (760)
[2022.03.01-08.33.10:272][476]MemoryProfiler: Shutdown
[2022.03.01-08.33.10:272][476]NetworkingProfiler: Shutdown
[2022.03.01-08.33.10:272][476]LoadingProfiler: Shutdown
[2022.03.01-08.33.10:272][476]TimingProfiler: Shutdown
[2022.03.01-08.33.10:272][476]LogModuleManager: Shutting down and abandoning module TraceServices (759)
[2022.03.01-08.33.10:272][476]LogModuleManager: Shutting down and abandoning module EditorInteractiveToolsFramework (756)
[2022.03.01-08.33.10:272][476]LogModuleManager: Shutting down and abandoning module TimeManagementEditor (754)
[2022.03.01-08.33.10:272][476]LogModuleManager: Shutting down and abandoning module InputBindingEditor (752)
[2022.03.01-08.33.10:272][476]LogModuleManager: Shutting down and abandoning module MergeActors (750)
[2022.03.01-08.33.10:272][476]LogModuleManager: Shutting down and abandoning module LocalizationDashboard (748)
[2022.03.01-08.33.10:272][476]LogModuleManager: Shutting down and abandoning module LocalizationService (747)
[2022.03.01-08.33.10:272][476]LogModuleManager: Shutting down and abandoning module HardwareTargeting (744)
[2022.03.01-08.33.10:272][476]LogModuleManager: Shutting down and abandoning module DeviceProfileEditor (742)
[2022.03.01-08.33.10:272][476]LogModuleManager: Shutting down and abandoning module UndoHistory (740)
[2022.03.01-08.33.10:272][476]LogModuleManager: Shutting down and abandoning module XmlParser (738)
[2022.03.01-08.33.10:272][476]LogModuleManager: Shutting down and abandoning module Blutility (736)
[2022.03.01-08.33.10:272][476]LogModuleManager: Shutting down and abandoning module ProjectSettingsViewer (734)
[2022.03.01-08.33.10:272][476]LogModuleManager: Shutting down and abandoning module ProjectTargetPlatformEditor (733)
[2022.03.01-08.33.10:272][476]LogModuleManager: Shutting down and abandoning module EditorSettingsViewer (730)
[2022.03.01-08.33.10:272][476]LogModuleManager: Shutting down and abandoning module InternationalizationSettings (729)
[2022.03.01-08.33.10:272][476]LogModuleManager: Shutting down and abandoning module SettingsEditor (726)
[2022.03.01-08.33.10:272][476]LogModuleManager: Shutting down and abandoning module ProjectLauncher (724)
[2022.03.01-08.33.10:272][476]LogModuleManager: Shutting down and abandoning module SessionFrontend (722)
[2022.03.01-08.33.10:273][476]LogModuleManager: Shutting down and abandoning module ProfilerClient (720)
[2022.03.01-08.33.10:273][476]LogModuleManager: Shutting down and abandoning module DeviceManager (718)
[2022.03.01-08.33.10:273][476]LogModuleManager: Shutting down and abandoning module TargetDeviceServices (717)
[2022.03.01-08.33.10:332][476]LogModuleManager: Shutting down and abandoning module AutomationController (714)
[2022.03.01-08.33.10:332][476]LogModuleManager: Shutting down and abandoning module AutomationWindow (712)
[2022.03.01-08.33.10:332][476]LogModuleManager: Shutting down and abandoning module Layers (710)
[2022.03.01-08.33.10:332][476]LogModuleManager: Shutting down and abandoning module ComponentVisualizers (708)
[2022.03.01-08.33.10:332][476]LogModuleManager: Shutting down and abandoning module DetailCustomizations (706)
[2022.03.01-08.33.10:332][476]LogModuleManager: Shutting down and abandoning module PackagesDialog (704)
[2022.03.01-08.33.10:332][476]LogModuleManager: Shutting down and abandoning module AnimationBlueprintEditor (702)
[2022.03.01-08.33.10:332][476]LogModuleManager: Shutting down and abandoning module Persona (700)
[2022.03.01-08.33.10:332][476]LogModuleManager: Shutting down and abandoning module AnimGraph (699)
[2022.03.01-08.33.10:332][476]LogModuleManager: Shutting down and abandoning module Kismet (696)
[2022.03.01-08.33.10:334][476]LogModuleManager: Shutting down and abandoning module KismetWidgets (695)
[2022.03.01-08.33.10:334][476]LogModuleManager: Shutting down and abandoning module GraphEditor (692)
[2022.03.01-08.33.10:334][476]LogModuleManager: Shutting down and abandoning module StructViewer (690)
[2022.03.01-08.33.10:334][476]LogModuleManager: Shutting down and abandoning module ClassViewer (688)
[2022.03.01-08.33.10:334][476]LogModuleManager: Shutting down and abandoning module Toolbox (686)
[2022.03.01-08.33.10:334][476]LogModuleManager: Shutting down and abandoning module ModuleUI (684)
[2022.03.01-08.33.10:334][476]LogModuleManager: Shutting down and abandoning module OutputLog (682)
[2022.03.01-08.33.10:335][476]LogModuleManager: Shutting down and abandoning module GammaUI (680)
[2022.03.01-08.33.10:335][476]LogModuleManager: Shutting down and abandoning module Documentation (678)
[2022.03.01-08.33.10:335][476]LogModuleManager: Shutting down and abandoning module LiveCoding (676)
[2022.03.01-08.33.10:335][476]LogModuleManager: Shutting down and abandoning module LevelSequence (674)
[2022.03.01-08.33.10:335][476]LogModuleManager: Shutting down and abandoning module MovieSceneTracks (672)
[2022.03.01-08.33.10:335][476]LogModuleManager: Shutting down and abandoning module MovieScene (670)
[2022.03.01-08.33.10:335][476]LogModuleManager: Shutting down and abandoning module StreamingPauseRendering (668)
[2022.03.01-08.33.10:335][476]LogModuleManager: Shutting down and abandoning module LauncherPlatform (666)
[2022.03.01-08.33.10:335][476]LogModuleManager: Shutting down and abandoning module AnalyticsET (664)
[2022.03.01-08.33.10:335][476]LogModuleManager: Shutting down and abandoning module PortalServices (662)
[2022.03.01-08.33.10:335][476]LogModuleManager: Shutting down and abandoning module PortalRpc (660)
[2022.03.01-08.33.10:335][476]LogModuleManager: Shutting down and abandoning module MessagingRpc (658)
[2022.03.01-08.33.10:335][476]LogModuleManager: Shutting down and abandoning module AudioMixerXAudio2 (656)
[2022.03.01-08.33.10:335][476]LogModuleManager: Shutting down and abandoning module AudioMixerCore (655)
[2022.03.01-08.33.10:335][476]LogModuleManager: Shutting down and abandoning module AIModule (652)
[2022.03.01-08.33.10:335][476]LogModuleManager: Shutting down and abandoning module GameplayDebugger (651)
[2022.03.01-08.33.10:335][476]LogModuleManager: Shutting down and abandoning module AITestSuite (649)
[2022.03.01-08.33.10:335][476]LogModuleManager: Shutting down and abandoning module NavigationSystem (647)
[2022.03.01-08.33.10:335][476]LogModuleManager: Shutting down and abandoning module ImageWriteQueue (644)
[2022.03.01-08.33.10:335][476]LogModuleManager: Shutting down and abandoning module ProfilerService (642)
[2022.03.01-08.33.10:580][476]LogModuleManager: Shutting down and abandoning module TaskGraph (640)
[2022.03.01-08.33.10:581][476]LogModuleManager: Shutting down and abandoning module AudioSynesthesiaEditor (638)
[2022.03.01-08.33.10:581][476]LogModuleManager: Shutting down and abandoning module ContentBrowserClassDataSource (636)
[2022.03.01-08.33.10:581][476]LogModuleManager: Shutting down and abandoning module ContentBrowserFileDataSource (634)
[2022.03.01-08.33.10:581][476]LogModuleManager: Shutting down and abandoning module ContentBrowserAssetDataSource (632)
[2022.03.01-08.33.10:581][476]LogModuleManager: Shutting down and abandoning module CollectionManager (631)
[2022.03.01-08.33.10:581][476]LogModuleManager: Shutting down and abandoning module OculusEditor (628)
[2022.03.01-08.33.10:582][476]LogModuleManager: Shutting down and abandoning module OculusInput (626)
[2022.03.01-08.33.10:582][476]LogModuleManager: Shutting down and abandoning module SpeedTreeImporter (624)
[2022.03.01-08.33.10:582][476]LogModuleManager: Shutting down and abandoning module PluginBrowser (622)
[2022.03.01-08.33.10:582][476]LogModuleManager: Shutting down and abandoning module MobileLauncherProfileWizard (620)
[2022.03.01-08.33.10:582][476]LogModuleManager: Shutting down and abandoning module PolygonModeling (618)
[2022.03.01-08.33.10:582][476]LogModuleManager: Shutting down and abandoning module MeshEditor (616)
[2022.03.01-08.33.10:582][476]LogModuleManager: Shutting down and abandoning module MaterialAnalyzer (614)
[2022.03.01-08.33.10:582][476]LogModuleManager: Shutting down and abandoning module TakeSequencer (612)
[2022.03.01-08.33.10:582][476]LogModuleManager: Shutting down and abandoning module TakeMovieScene (610)
[2022.03.01-08.33.10:582][476]LogModuleManager: Shutting down and abandoning module EditorScriptingUtilities (608)
[2022.03.01-08.33.10:582][476]LogModuleManager: Shutting down and abandoning module ScreenshotTools (606)
[2022.03.01-08.33.10:582][476]LogModuleManager: Shutting down and abandoning module CurveEditorTools (604)
[2022.03.01-08.33.10:582][476]LogModuleManager: Shutting down and abandoning module CryptoKeysOpenSSL (602)
[2022.03.01-08.33.10:582][476]LogModuleManager: Shutting down and abandoning module CryptoKeys (600)
[2022.03.01-08.33.10:582][476]LogModuleManager: Shutting down and abandoning module SynthesisEditor (598)
[2022.03.01-08.33.10:582][476]LogModuleManager: Shutting down and abandoning module Synthesis (596)
[2022.03.01-08.33.10:582][476]LogModuleManager: Shutting down and abandoning module ResonanceAudio (594)
[2022.03.01-08.33.10:583][476]LogModuleManager: Shutting down and abandoning module ProceduralMeshComponentEditor (592)
[2022.03.01-08.33.10:583][476]LogModuleManager: Shutting down and abandoning module ProceduralMeshComponent (590)
[2022.03.01-08.33.10:583][476]LogModuleManager: Shutting down and abandoning module OpenXREditor (588)
[2022.03.01-08.33.10:583][476]LogModuleManager: Shutting down and abandoning module MobilePatchingUtils (586)
[2022.03.01-08.33.10:583][476]LogModuleManager: Shutting down and abandoning module GooglePAD (584)
[2022.03.01-08.33.10:583][476]LogModuleManager: Shutting down and abandoning module CustomMeshComponent (582)
[2022.03.01-08.33.10:583][476]LogModuleManager: Shutting down and abandoning module EditableMesh (580)
[2022.03.01-08.33.10:583][476]LogModuleManager: Shutting down and abandoning module CableComponent (578)
[2022.03.01-08.33.10:583][476]LogModuleManager: Shutting down and abandoning module ArchVisCharacter (576)
[2022.03.01-08.33.10:583][476]LogModuleManager: Shutting down and abandoning module AudioCapture (574)
[2022.03.01-08.33.10:583][476]LogModuleManager: Shutting down and abandoning module AudioCaptureRtAudio (573)
[2022.03.01-08.33.10:583][476]LogModuleManager: Shutting down and abandoning module AssetTags (570)
[2022.03.01-08.33.10:583][476]LogModuleManager: Shutting down and abandoning module AppleImageUtilsBlueprintSupport (568)
[2022.03.01-08.33.10:583][476]LogModuleManager: Shutting down and abandoning module AppleImageUtils (566)
[2022.03.01-08.33.10:583][476]LogModuleManager: Shutting down and abandoning module AndroidPermission (564)
[2022.03.01-08.33.10:583][476]LogModuleManager: Shutting down and abandoning module ActorLayerUtilitiesEditor (562)
[2022.03.01-08.33.10:583][476]LogModuleManager: Shutting down and abandoning module ActorLayerUtilities (560)
[2022.03.01-08.33.10:583][476]LogModuleManager: Shutting down and abandoning module TemplateSequence (558)
[2022.03.01-08.33.10:583][476]LogModuleManager: Shutting down and abandoning module MediaCompositing (556)
[2022.03.01-08.33.10:583][476]LogModuleManager: Shutting down and abandoning module ImgMedia (554)
[2022.03.01-08.33.10:583][476]LogModuleManager: Shutting down and abandoning module MagicLeapSharedWorld (552)
[2022.03.01-08.33.10:583][476]LogModuleManager: Shutting down and abandoning module MagicLeapLightEstimation (550)
[2022.03.01-08.33.10:584][476]LogModuleManager: Shutting down and abandoning module MagicLeapHelperVulkan (548)
[2022.03.01-08.33.10:584][476]LogModuleManager: Shutting down and abandoning module MagicLeapHelperOpenGL (546)
[2022.03.01-08.33.10:584][476]LogModuleManager: Shutting down and abandoning module MagicLeapAudio (544)
[2022.03.01-08.33.10:584][476]LogModuleManager: Shutting down and abandoning module OpenImageDenoise (542)
[2022.03.01-08.33.10:584][476]LogOpenImageDenoise: OIDN shutting down
[2022.03.01-08.33.10:584][476]LogModuleManager: Shutting down and abandoning module MotoSynthEditor (540)
[2022.03.01-08.33.10:584][476]LogModuleManager: Shutting down and abandoning module MotoSynth (538)
[2022.03.01-08.33.10:584][476]LogModuleManager: Shutting down and abandoning module MeshConversion (536)
[2022.03.01-08.33.10:584][476]LogModuleManager: Shutting down and abandoning module DynamicMesh (534)
[2022.03.01-08.33.10:584][476]LogModuleManager: Shutting down and abandoning module GeometryAlgorithms (532)
[2022.03.01-08.33.10:584][476]LogModuleManager: Shutting down and abandoning module GeometricObjects (530)
[2022.03.01-08.33.10:584][476]LogModuleManager: Shutting down and abandoning module GeometryCollectionTracks (528)
[2022.03.01-08.33.10:584][476]LogModuleManager: Shutting down and abandoning module GeometryCollectionSequencer (527)
[2022.03.01-08.33.10:584][476]LogModuleManager: Shutting down and abandoning module GeometryCollectionEditor (524)
[2022.03.01-08.33.10:584][476]LogModuleManager: Shutting down and abandoning module GeometryCacheTracks (522)
[2022.03.01-08.33.10:584][476]LogModuleManager: Shutting down and abandoning module GeometryCacheStreamer (520)
[2022.03.01-08.33.10:584][476]LogModuleManager: Shutting down and abandoning module GeometryCacheSequencer (518)
[2022.03.01-08.33.10:584][476]LogModuleManager: Shutting down and abandoning module ChaosClothEditor (516)
[2022.03.01-08.33.10:584][476]LogModuleManager: Shutting down and abandoning module ChaosSolverEditor (514)
[2022.03.01-08.33.10:584][476]LogModuleManager: Shutting down and abandoning module ChaosNiagara (512)
[2022.03.01-08.33.10:584][476]LogModuleManager: Shutting down and abandoning module FractureEditor (510)
[2022.03.01-08.33.10:584][476]LogModuleManager: Shutting down and abandoning module BlastCore (508)
[2022.03.01-08.33.10:584][476]LogModuleManager: Shutting down and abandoning module BlastAuthoring (506)
[2022.03.01-08.33.10:584][476]LogModuleManager: Shutting down and abandoning module BackChannel (504)
[2022.03.01-08.33.10:584][476]LogModuleManager: Shutting down and abandoning module AutomationUtilsEditor (502)
[2022.03.01-08.33.10:584][476]LogModuleManager: Shutting down and abandoning module AutomationUtils (500)
[2022.03.01-08.33.10:585][476]LogModuleManager: Shutting down and abandoning module AlembicImporter (498)
[2022.03.01-08.33.10:585][476]LogModuleManager: Shutting down and abandoning module AlembicLibrary (497)
[2022.03.01-08.33.10:585][476]LogModuleManager: Shutting down and abandoning module GeometryCache (496)
[2022.03.01-08.33.10:585][476]LogModuleManager: Shutting down and abandoning module GeometryCacheEd (495)
[2022.03.01-08.33.10:585][476]LogModuleManager: Shutting down and abandoning module NiagaraEditorWidgets (490)
[2022.03.01-08.33.10:585][476]LogModuleManager: Shutting down and abandoning module VariantManager (488)
[2022.03.01-08.33.10:585][476]LogModuleManager: Shutting down and abandoning module VariantManagerContentEditor (486)
[2022.03.01-08.33.10:585][476]LogModuleManager: Shutting down and abandoning module StaticMeshEditorExtension (484)
[2022.03.01-08.33.10:585][476]LogModuleManager: Shutting down and abandoning module StaticMeshEditor (483)
[2022.03.01-08.33.10:585][476]LogModuleManager: Shutting down and abandoning module AdvancedPreviewScene (482)
[2022.03.01-08.33.10:585][476]LogModuleManager: Shutting down and abandoning module MeshProcessingLibrary (479)
[2022.03.01-08.33.10:585][476]LogModuleManager: Shutting down and abandoning module DirectLinkTest (476)
[2022.03.01-08.33.10:585][476]LogModuleManager: Shutting down and abandoning module DatasmithNativeTranslator (474)
[2022.03.01-08.33.10:585][476]LogModuleManager: Shutting down and abandoning module DatasmithTranslator (472)
[2022.03.01-08.33.10:585][476]LogModuleManager: Shutting down and abandoning module DatasmithImporter (470)
[2022.03.01-08.33.10:585][476]LogModuleManager: Shutting down and abandoning module FieldSystemEngine (469)
[2022.03.01-08.33.10:585][476]LogModuleManager: Shutting down and abandoning module DatasmithContentEditor (466)
[2022.03.01-08.33.10:585][476]LogModuleManager: Shutting down and abandoning module UObjectPlugin (464)
[2022.03.01-08.33.10:585][476]LogModuleManager: Shutting down and abandoning module DataprepEditorScriptingUtilities (462)
[2022.03.01-08.33.10:585][476]LogModuleManager: Shutting down and abandoning module DataprepLibraries (460)
[2022.03.01-08.33.10:585][476]LogModuleManager: Shutting down and abandoning module DataprepCore (458)
[2022.03.01-08.33.10:585][476]LogModuleManager: Shutting down and abandoning module DataprepEditor (456)
[2022.03.01-08.33.10:586][476]LogModuleManager: Shutting down and abandoning module VisualStudioSourceCodeAccess (454)
[2022.03.01-08.33.10:586][476]LogModuleManager: Shutting down and abandoning module VisualStudioCodeSourceCodeAccess (452)
[2022.03.01-08.33.10:586][476]LogModuleManager: Shutting down and abandoning module SubversionSourceControl (450)
[2022.03.01-08.33.10:586][476]LogModuleManager: Shutting down and abandoning module RiderSourceCodeAccess (448)
[2022.03.01-08.33.10:586][476]LogModuleManager: Shutting down and abandoning module PluginUtils (446)
[2022.03.01-08.33.10:586][476]LogModuleManager: Shutting down and abandoning module PlasticSourceControl (444)
[2022.03.01-08.33.10:586][476]LogModuleManager: Shutting down and abandoning module PerforceSourceControl (442)
[2022.03.01-08.33.10:586][476]LogModuleManager: Shutting down and abandoning module CLionSourceCodeAccess (440)
[2022.03.01-08.33.10:586][476]LogModuleManager: Shutting down and abandoning module GitSourceControl (438)
[2022.03.01-08.33.10:586][476]LogModuleManager: Shutting down and abandoning module SourceControl (437)
[2022.03.01-08.33.10:586][476]LogModuleManager: Shutting down and abandoning module AnimationSharingEd (434)
[2022.03.01-08.33.10:586][476]LogModuleManager: Shutting down and abandoning module OodleNetworkHandlerComponent (432)
[2022.03.01-08.33.10:586][476]LogModuleManager: Shutting down and abandoning module LiveLinkSequencer (430)
[2022.03.01-08.33.10:586][476]LogModuleManager: Shutting down and abandoning module LiveLinkMovieScene (428)
[2022.03.01-08.33.10:586][476]LogModuleManager: Shutting down and abandoning module LiveLinkGraphNode (426)
[2022.03.01-08.33.10:586][476]LogModuleManager: Shutting down and abandoning module LiveLinkEditor (424)
[2022.03.01-08.33.10:586][476]LogModuleManager: Shutting down and abandoning module LiveLinkComponents (422)
[2022.03.01-08.33.10:586][476]LogModuleManager: Shutting down and abandoning module LiveLink (420)
[2022.03.01-08.33.11:281][476]LogModuleManager: Shutting down and abandoning module LightPropagationVolumeEditor (418)
[2022.03.01-08.33.11:281][476]LogModuleManager: Shutting down and abandoning module PaperTiledImporter (416)
[2022.03.01-08.33.11:281][476]LogModuleManager: Shutting down and abandoning module PaperSpriteSheetImporter (414)
[2022.03.01-08.33.11:281][476]LogModuleManager: Shutting down and abandoning module Paper2DEditor (412)
[2022.03.01-08.33.11:281][476]LogModuleManager: Shutting down and abandoning module MeshPaintingToolset (410)
[2022.03.01-08.33.11:281][476]LogModuleManager: Shutting down and abandoning module MeshPaintEditorMode (408)
[2022.03.01-08.33.11:281][476]LogModuleManager: Shutting down and abandoning module GameplayTagsEditor (406)
[2022.03.01-08.33.11:281][476]LogModuleManager: Shutting down and abandoning module FacialAnimationEditor (404)
[2022.03.01-08.33.11:281][476]LogModuleManager: Shutting down and abandoning module FacialAnimation (402)
[2022.03.01-08.33.11:281][476]LogModuleManager: Shutting down and abandoning module DataValidation (400)
[2022.03.01-08.33.11:281][476]LogModuleManager: Shutting down and abandoning module SoundFields (398)
[2022.03.01-08.33.11:283][476]LogModuleManager: Shutting down and abandoning module AssetManagerEditor (396)
[2022.03.01-08.33.11:283][476]LogModuleManager: Shutting down and abandoning module LevelEditor (395)
[2022.03.01-08.33.11:285][476]LogModuleManager: Shutting down and abandoning module PixelInspectorModule (394)
[2022.03.01-08.33.11:285][476]LogModuleManager: Shutting down and abandoning module CommonMenuExtensions (392)
[2022.03.01-08.33.11:285][476]LogModuleManager: Shutting down and abandoning module MainFrame (390)
[2022.03.01-08.33.11:286][476]LogModuleManager: Shutting down and abandoning module HotReload (389)
[2022.03.01-08.33.11:286][476]LogModuleManager: Shutting down and abandoning module ToolMenus (385)
[2022.03.01-08.33.11:286][476]LogModuleManager: Shutting down and abandoning module TreeMap (383)
[2022.03.01-08.33.11:286][476]LogModuleManager: Shutting down and abandoning module SignificanceManager (380)
[2022.03.01-08.33.11:286][476]LogModuleManager: Shutting down and abandoning module RuntimePhysXCooking (378)
[2022.03.01-08.33.11:286][476]LogModuleManager: Shutting down and abandoning module PropertyAccessEditor (376)
[2022.03.01-08.33.11:286][476]LogModuleManager: Shutting down and abandoning module PhysXVehiclesEditor (374)
[2022.03.01-08.33.11:286][476]LogModuleManager: Shutting down and abandoning module LocationServicesBPLibrary (370)
[2022.03.01-08.33.11:286][476]LogModuleManager: Shutting down and abandoning module AudioSynesthesia (368)
[2022.03.01-08.33.11:286][476]LogModuleManager: Shutting down and abandoning module AudioSynesthesiaCore (366)
[2022.03.01-08.33.11:286][476]LogModuleManager: Shutting down and abandoning module ActorSequence (364)
[2022.03.01-08.33.11:286][476]LogModuleManager: Shutting down and abandoning module UdpMessaging (362)
[2022.03.01-08.33.11:387][476]LogModuleManager: Shutting down and abandoning module TcpMessaging (360)
[2022.03.01-08.33.11:497][476]LogModuleManager: Shutting down and abandoning module ImgMediaEngine (358)
[2022.03.01-08.33.11:497][476]LogModuleManager: Shutting down and abandoning module MagicLeapARPin (356)
[2022.03.01-08.33.11:497][476]LogModuleManager: Shutting down and abandoning module MagicLeapHandMeshing (354)
[2022.03.01-08.33.11:497][476]LogModuleManager: Shutting down and abandoning module MagicLeapSecureStorage (352)
[2022.03.01-08.33.11:497][476]LogModuleManager: Shutting down and abandoning module MagicLeapPrivileges (350)
[2022.03.01-08.33.11:497][476]LogModuleManager: Shutting down and abandoning module MagicLeapPlanes (348)
[2022.03.01-08.33.11:497][476]LogMagicLeapPlanes: Planes tracker already destroyed.
[2022.03.01-08.33.11:497][476]LogModuleManager: Shutting down and abandoning module MagicLeapImageTracker (346)
[2022.03.01-08.33.11:497][476]LogModuleManager: Shutting down and abandoning module MagicLeapIdentity (344)
[2022.03.01-08.33.11:497][476]LogModuleManager: Shutting down and abandoning module MagicLeapHandTracking (342)
[2022.03.01-08.33.11:497][476]LogModuleManager: Shutting down and abandoning module MagicLeapEyeTracker (340)
[2022.03.01-08.33.11:497][476]LogModuleManager: Shutting down and abandoning module MagicLeapController (338)
[2022.03.01-08.33.11:497][476]LogModuleManager: Shutting down and abandoning module MagicLeapARPinImpl (336)
[2022.03.01-08.33.11:497][476]LogModuleManager: Shutting down and abandoning module MagicLeapAR (334)
[2022.03.01-08.33.11:497][476]LogModuleManager: Shutting down and abandoning module PythonScriptPlugin (332)
[2022.03.01-08.33.11:497][476]LogModuleManager: Shutting down and abandoning module NiagaraAnimNotifies (330)
[2022.03.01-08.33.11:497][476]LogModuleManager: Shutting down and abandoning module Niagara (328)
[2022.03.01-08.33.11:497][476]LogModuleManager: Shutting down and abandoning module SignalProcessing (327)
[2022.03.01-08.33.11:497][476]LogModuleManager: Shutting down and abandoning module NiagaraEditor (325)
[2022.03.01-08.33.11:498][476]LogModuleManager: Shutting down and abandoning module ContentBrowser (324)
[2022.03.01-08.33.11:498][476]LogModuleManager: Shutting down and abandoning module ContentBrowserData (323)
[2022.03.01-08.33.11:498][476]LogModuleManager: Shutting down and abandoning module NiagaraCore (318)
[2022.03.01-08.33.11:498][476]LogModuleManager: Shutting down and abandoning module PropertyAccessNode (316)
[2022.03.01-08.33.11:498][476]LogModuleManager: Shutting down and abandoning module AnimationSharing (314)
[2022.03.01-08.33.11:498][476]LogModuleManager: Shutting down and abandoning module GameplayCameras (312)
[2022.03.01-08.33.11:498][476]LogModuleManager: Shutting down and abandoning module LightPropagationVolumeRuntime (310)
[2022.03.01-08.33.11:498][476]LogModuleManager: Shutting down and abandoning module EnvironmentQueryEditor (308)
[2022.03.01-08.33.11:498][476]LogModuleManager: Shutting down and abandoning module Paper2D (306)
[2022.03.01-08.33.11:498][476]LogModuleManager: Shutting down and abandoning module WindowsMoviePlayer (304)
[2022.03.01-08.33.11:499][476]LogModuleManager: Shutting down and abandoning module WebMMoviePlayer (302)
[2022.03.01-08.33.11:499][476]LogModuleManager: Shutting down and abandoning module NetworkReplayStreaming (300)
[2022.03.01-08.33.11:499][476]LogModuleManager: Shutting down and abandoning module PacketHandler (298)
[2022.03.01-08.33.11:499][476]LogModuleManager: Shutting down and abandoning module ClothingSystemEditor (296)
[2022.03.01-08.33.11:499][476]LogModuleManager: Shutting down and abandoning module ClothingSystemRuntimeNv (294)
[2022.03.01-08.33.11:499][476]LogModuleManager: Shutting down and abandoning module MediaAssets (292)
[2022.03.01-08.33.11:499][476]LogModuleManager: Shutting down and abandoning module Overlay (290)
[2022.03.01-08.33.11:499][476]LogModuleManager: Shutting down and abandoning module OverlayEditor (289)
[2022.03.01-08.33.11:499][476]LogModuleManager: Shutting down and abandoning module VREditor (286)
[2022.03.01-08.33.11:499][476]LogModuleManager: Shutting down and abandoning module StringTableEditor (284)
[2022.03.01-08.33.11:499][476]LogModuleManager: Shutting down and abandoning module GameplayTasksEditor (282)
[2022.03.01-08.33.11:499][476]LogModuleManager: Shutting down and abandoning module BehaviorTreeEditor (280)
[2022.03.01-08.33.11:500][476]LogModuleManager: Shutting down and abandoning module FunctionalTesting (278)
[2022.03.01-08.33.11:500][476]LogModuleManager: Shutting down and abandoning module CollisionAnalyzer (276)
[2022.03.01-08.33.11:500][476]LogModuleManager: Shutting down and abandoning module WorkspaceMenuStructure (275)
[2022.03.01-08.33.11:500][476]LogModuleManager: Shutting down and abandoning module UMG (272)
[2022.03.01-08.33.11:500][476]LogModuleManager: Shutting down and abandoning module UMGEditor (271)
[2022.03.01-08.33.11:500][476]LogModuleManager: Shutting down and abandoning module MessageLog (269)
[2022.03.01-08.33.11:500][476]LogModuleManager: Shutting down and abandoning module SlateReflector (264)
[2022.03.01-08.33.11:500][476]LogModuleManager: Shutting down and abandoning module Slate (262)
[2022.03.01-08.33.11:500][476]LogModuleManager: Shutting down and abandoning module SlateCore (260)
[2022.03.01-08.33.11:501][476]LogModuleManager: Shutting down and abandoning module LandscapeEditorUtilities (258)
[2022.03.01-08.33.11:501][476]LogModuleManager: Shutting down and abandoning module UnrealEd (256)
[2022.03.01-08.33.11:501][476]LogModuleManager: Shutting down and abandoning module MRMesh (254)
[2022.03.01-08.33.11:501][476]LogModuleManager: Shutting down and abandoning module SourceCodeAccess (252)
[2022.03.01-08.33.11:501][476]LogModuleManager: Shutting down and abandoning module HeadMountedDisplay (250)
[2022.03.01-08.33.11:501][476]LogModuleManager: Shutting down and abandoning module XAudio2 (248)
[2022.03.01-08.33.11:501][476]LogModuleManager: Shutting down and abandoning module Networking (246)
[2022.03.01-08.33.11:501][476]LogModuleManager: Shutting down and abandoning module Core (244)
[2022.03.01-08.33.11:501][476]LogModuleManager: Shutting down and abandoning module MaterialEditor (242)
[2022.03.01-08.33.11:501][476]LogModuleManager: Shutting down and abandoning module MovieSceneTools (240)
[2022.03.01-08.33.11:501][476]LogModuleManager: Shutting down and abandoning module CurveEditor (239)
[2022.03.01-08.33.11:501][476]LogModuleManager: Shutting down and abandoning module Sequencer (237)
[2022.03.01-08.33.11:501][476]LogModuleManager: Shutting down and abandoning module EditorStyle (236)
[2022.03.01-08.33.11:502][476]LogModuleManager: Shutting down and abandoning module KismetCompiler (232)
[2022.03.01-08.33.11:502][476]LogModuleManager: Shutting down and abandoning module MeshBuilder (230)
[2022.03.01-08.33.11:502][476]LogModuleManager: Shutting down and abandoning module MeshUtilities (228)
[2022.03.01-08.33.11:502][476]LogModuleManager: Shutting down and abandoning module MeshMergeUtilities (227)
[2022.03.01-08.33.11:502][476]LogModuleManager: Shutting down and abandoning module MeshReductionInterface (226)
[2022.03.01-08.33.11:502][476]LogModuleManager: Shutting down and abandoning module MeshBoneReduction (225)
[2022.03.01-08.33.11:502][476]LogModuleManager: Shutting down and abandoning module SkeletalMeshReduction (223)
[2022.03.01-08.33.11:502][476]LogModuleManager: Shutting down and abandoning module ProxyLODMeshReduction (221)
[2022.03.01-08.33.11:502][476]LogModuleManager: Shutting down and abandoning module QuadricMeshReduction (219)
[2022.03.01-08.33.11:502][476]LogModuleManager: Shutting down and abandoning module MaterialBaking (215)
[2022.03.01-08.33.11:502][476]LogModuleManager: Shutting down and abandoning module NullInstallBundleManager (210)
[2022.03.01-08.33.11:502][476]LogModuleManager: Shutting down and abandoning module DerivedDataCache (208)
[2022.03.01-08.33.11:502][476]LogModuleManager: Shutting down and abandoning module TargetPlatform (206)
[2022.03.01-08.33.11:502][476]LogModuleManager: Shutting down and abandoning module VulkanShaderFormat (205)
[2022.03.01-08.33.11:502][476]LogModuleManager: Shutting down and abandoning module ShaderFormatVectorVM (203)
[2022.03.01-08.33.11:502][476]LogModuleManager: Shutting down and abandoning module ShaderFormatOpenGL (201)
[2022.03.01-08.33.11:502][476]LogModuleManager: Shutting down and abandoning module ShaderFormatD3D (199)
[2022.03.01-08.33.11:502][476]LogModuleManager: Shutting down and abandoning module MetalShaderFormat (197)
[2022.03.01-08.33.11:502][476]LogModuleManager: Shutting down and abandoning module TextureFormatOodle (195)
[2022.03.01-08.33.11:502][476]LogModuleManager: Shutting down and abandoning module TextureFormatUncompressed (193)
[2022.03.01-08.33.11:502][476]LogModuleManager: Shutting down and abandoning module TextureFormatPVR (191)
[2022.03.01-08.33.11:502][476]LogModuleManager: Shutting down and abandoning module TextureFormatETC2 (189)
[2022.03.01-08.33.11:502][476]LogModuleManager: Shutting down and abandoning module TextureFormatDXT (187)
[2022.03.01-08.33.11:502][476]LogModuleManager: Shutting down and abandoning module TextureFormatIntelISPCTexComp (185)
[2022.03.01-08.33.11:502][476]LogModuleManager: Shutting down and abandoning module TextureFormatASTC (183)
[2022.03.01-08.33.11:502][476]LogModuleManager: Shutting down and abandoning module ImageWrapper (182)
[2022.03.01-08.33.11:502][476]LogModuleManager: Shutting down and abandoning module AudioFormatOpus (179)
[2022.03.01-08.33.11:502][476]LogModuleManager: Shutting down and abandoning module AudioFormatOgg (177)
[2022.03.01-08.33.11:502][476]LogModuleManager: Shutting down and abandoning module AudioFormatADPCM (175)
[2022.03.01-08.33.11:502][476]LogModuleManager: Shutting down and abandoning module WindowsServerTargetPlatform (173)
[2022.03.01-08.33.11:502][476]LogModuleManager: Shutting down and abandoning module WindowsClientTargetPlatform (171)
[2022.03.01-08.33.11:502][476]LogModuleManager: Shutting down and abandoning module WindowsTargetPlatform (169)
[2022.03.01-08.33.11:502][476]LogModuleManager: Shutting down and abandoning module WindowsNoEditorTargetPlatform (167)
[2022.03.01-08.33.11:502][476]LogModuleManager: Shutting down and abandoning module TVOSTargetPlatform (165)
[2022.03.01-08.33.11:504][476]LogModuleManager: Shutting down and abandoning module MacServerTargetPlatform (163)
[2022.03.01-08.33.11:504][476]LogModuleManager: Shutting down and abandoning module MacClientTargetPlatform (161)
[2022.03.01-08.33.11:504][476]LogModuleManager: Shutting down and abandoning module MacTargetPlatform (159)
[2022.03.01-08.33.11:504][476]LogModuleManager: Shutting down and abandoning module MacNoEditorTargetPlatform (157)
[2022.03.01-08.33.11:504][476]LogModuleManager: Shutting down and abandoning module LuminTargetPlatform (155)
[2022.03.01-08.33.11:505][476]LogModuleManager: Shutting down and abandoning module LinuxAArch64ServerTargetPlatform (153)
[2022.03.01-08.33.11:505][476]LogModuleManager: Shutting down and abandoning module LinuxAArch64ClientTargetPlatform (151)
[2022.03.01-08.33.11:505][476]LogModuleManager: Shutting down and abandoning module LinuxAArch64NoEditorTargetPlatform (149)
[2022.03.01-08.33.11:505][476]LogModuleManager: Shutting down and abandoning module LinuxServerTargetPlatform (147)
[2022.03.01-08.33.11:505][476]LogModuleManager: Shutting down and abandoning module LinuxClientTargetPlatform (145)
[2022.03.01-08.33.11:505][476]LogModuleManager: Shutting down and abandoning module LinuxNoEditorTargetPlatform (143)
[2022.03.01-08.33.11:505][476]LogModuleManager: Shutting down and abandoning module LinuxTargetPlatform (141)
[2022.03.01-08.33.11:505][476]LogModuleManager: Shutting down and abandoning module Messaging (139)
[2022.03.01-08.33.11:505][476]LogModuleManager: Shutting down and abandoning module IOSTargetPlatform (137)
[2022.03.01-08.33.11:506][476]LogModuleManager: Shutting down and abandoning module AndroidTargetPlatform (135)
[2022.03.01-08.33.11:508][476]LogModuleManager: Shutting down and abandoning module AllDesktopTargetPlatform (133)
[2022.03.01-08.33.11:508][476]LogModuleManager: Shutting down and abandoning module D3D11RHI (130)
[2022.03.01-08.33.11:508][476]LogModuleManager: Shutting down and abandoning module InputCore (128)
[2022.03.01-08.33.11:508][476]LogModuleManager: Shutting down and abandoning module Settings (126)
[2022.03.01-08.33.11:508][476]LogModuleManager: Shutting down and abandoning module DirectoryWatcher (124)
[2022.03.01-08.33.11:508][476]LogModuleManager: Shutting down and abandoning module PhysXCooking (122)
[2022.03.01-08.33.11:508][476]LogModuleManager: Shutting down and abandoning module Chaos (120)
[2022.03.01-08.33.11:508][476]LogModuleManager: Shutting down and abandoning module WindowsPlatformFeatures (118)
[2022.03.01-08.33.11:508][476]LogModuleManager: Shutting down and abandoning module GameplayMediaEncoder (117)
[2022.03.01-08.33.11:508][476]LogModuleManager: Shutting down and abandoning module AVEncoder (116)
[2022.03.01-08.33.11:508][476]LogModuleManager: Shutting down and abandoning module OculusOpenXRHMD (112)
[2022.03.01-08.33.11:508][476]LogModuleManager: Shutting down and abandoning module OculusHMD (110)
[2022.03.01-08.33.11:508][476]LogModuleManager: Shutting down and abandoning module OpenXREyeTracker (108)
[2022.03.01-08.33.11:508][476]LogModuleManager: Shutting down and abandoning module OpenXRHandTracking (106)
[2022.03.01-08.33.11:509][476]LogSlate: Slate User Destroyed.  User Index 0, Is Virtual User: 0
[2022.03.01-08.33.11:509][476]LogModuleManager: Shutting down and abandoning module OpenXRAR (104)
[2022.03.01-08.33.11:509][476]LogModuleManager: Shutting down and abandoning module AugmentedReality (103)
[2022.03.01-08.33.11:509][476]LogModuleManager: Shutting down and abandoning module OpenXRHMD (100)
[2022.03.01-08.33.11:509][476]LogModuleManager: Shutting down and abandoning module ExampleDeviceProfileSelector (98)
[2022.03.01-08.33.11:509][476]LogModuleManager: Shutting down and abandoning module ChunkDownloader (96)
[2022.03.01-08.33.11:509][476]LogModuleManager: Shutting down and abandoning module OnlineBlueprintSupport (94)
[2022.03.01-08.33.11:509][476]LogModuleManager: Shutting down and abandoning module LauncherChunkInstaller (90)
[2022.03.01-08.33.11:509][476]LogModuleManager: Shutting down and abandoning module OnlineSubsystem (88)
[2022.03.01-08.33.11:512][476]LogModuleManager: Shutting down and abandoning module XMPP (83)
[2022.03.01-08.33.11:512][476]LogModuleManager: Shutting down and abandoning module WebSockets (82)
[2022.03.01-08.33.11:530][476]LogModuleManager: Shutting down and abandoning module HTTP (79)
[2022.03.01-08.33.11:530][476]LogHttp: Display: Http module shutting down, but needs to wait on 1 outstanding Http requests:
[2022.03.01-08.33.11:530][476]LogHttp: Display: 	verb=[POST] url=[https://datarouter.ol.epicgames.com/datarouter/api/v1/public/data?SessionID=%7B658535A6-4C6A-55DB-C611-E5A8382581AC%7D&AppID=UEEditor.Rocket.Release&AppVersion=4.27.2-18319896%2B%2B%2BUE4%2BRelease-4.27&UserID=1f3460ab4d4b79fcd8405ca5add4cf6d%7C32bc89cd799e41ec8c630bba4abf8911%7C7edf3a0e-ebf1-4637-819c-27f7725c0b1f&AppEnvironment=datacollector-binary&UploadType=eteventstream] refs=[1] status=Processing
[2022.03.01-08.33.11:530][476]LogHttp: Display: cleaning up 1 outstanding Http requests.
[2022.03.01-08.33.11:545][476]LogModuleManager: Shutting down and abandoning module SSL (78)
[2022.03.01-08.33.11:547][476]LogModuleManager: Shutting down and abandoning module WmfMedia (74)
[2022.03.01-08.33.11:549][476]LogModuleManager: Shutting down and abandoning module Media (73)
[2022.03.01-08.33.11:550][476]LogModuleManager: Shutting down and abandoning module MediaInfo (72)
[2022.03.01-08.33.11:550][476]LogModuleManager: Shutting down and abandoning module ExrReaderGpu (68)
[2022.03.01-08.33.11:550][476]LogModuleManager: Shutting down and abandoning module MLSDK (66)
[2022.03.01-08.33.11:550][476]LogModuleManager: Shutting down and abandoning module MagicLeap (64)
[2022.03.01-08.33.11:550][476]LogModuleManager: Shutting down and abandoning module ChaosCloth (62)
[2022.03.01-08.33.11:550][476]LogModuleManager: Shutting down and abandoning module NiagaraVertexFactories (60)
[2022.03.01-08.33.11:550][476]LogModuleManager: Shutting down and abandoning module NiagaraShader (58)
[2022.03.01-08.33.11:550][476]LogModuleManager: Shutting down and abandoning module VariantManagerContent (56)
[2022.03.01-08.33.11:550][476]LogModuleManager: Shutting down and abandoning module DatasmithContent (54)
[2022.03.01-08.33.11:551][476]LogModuleManager: Shutting down and abandoning module PixWinPlugin (52)
[2022.03.01-08.33.11:551][476]LogModuleManager: Shutting down and abandoning module AISupportModule (50)
[2022.03.01-08.33.11:551][476]LogModuleManager: Shutting down and abandoning module DesktopPlatform (48)
[2022.03.01-08.33.11:551][476]LogModuleManager: Shutting down and abandoning module PlatformCryptoOpenSSL (46)
[2022.03.01-08.33.11:551][476]LogModuleManager: Shutting down and abandoning module PlatformCryptoTypes (44)
[2022.03.01-08.33.11:551][476]LogModuleManager: Shutting down and abandoning module PlatformCrypto (42)
[2022.03.01-08.33.11:551][476]LogModuleManager: Shutting down and abandoning module PythonScriptPluginPreload (40)
[2022.03.01-08.33.11:551][476]LogModuleManager: Shutting down and abandoning module OodleDataCompressionFormat (38)
[2022.03.01-08.33.11:551][476]LogModuleManager: Shutting down and abandoning module XGEController (36)
[2022.03.01-08.33.11:551][476]LogModuleManager: Shutting down and abandoning module AnimationModifiers (34)
[2022.03.01-08.33.11:551][476]LogModuleManager: Shutting down and abandoning module AudioEditor (32)
[2022.03.01-08.33.11:551][476]LogModuleManager: Shutting down and abandoning module PropertyEditor (31)
[2022.03.01-08.33.11:551][476]LogModuleManager: Shutting down and abandoning module TextureCompressor (28)
[2022.03.01-08.33.11:551][476]LogModuleManager: Shutting down and abandoning module RenderCore (26)
[2022.03.01-08.33.11:551][476]LogModuleManager: Shutting down and abandoning module Landscape (24)
[2022.03.01-08.33.11:551][476]LogModuleManager: Shutting down and abandoning module SlateRHIRenderer (22)
[2022.03.01-08.33.11:552][476]LogModuleManager: Shutting down and abandoning module AnimGraphRuntime (20)
[2022.03.01-08.33.11:552][476]LogModuleManager: Shutting down and abandoning module Renderer (18)
[2022.03.01-08.33.11:552][476]LogModuleManager: Shutting down and abandoning module Engine (16)
[2022.03.01-08.33.11:552][476]LogModuleManager: Shutting down and abandoning module CoreUObject (14)
[2022.03.01-08.33.11:552][476]LogModuleManager: Shutting down and abandoning module NetworkFile (12)
[2022.03.01-08.33.11:552][476]LogModuleManager: Shutting down and abandoning module CookedIterativeFile (10)
[2022.03.01-08.33.11:552][476]LogModuleManager: Shutting down and abandoning module StreamingFile (8)
[2022.03.01-08.33.11:552][476]LogModuleManager: Shutting down and abandoning module SandboxFile (6)
[2022.03.01-08.33.11:552][476]LogModuleManager: Shutting down and abandoning module PakFile (4)
[2022.03.01-08.33.11:552][476]LogModuleManager: Shutting down and abandoning module RSA (3)
[2022.03.01-08.33.11:552][476]LogContentStreaming: Display: There are 1 unreleased StreamingManagers
[2022.03.01-08.33.11:567][476]LogD3D11RHI: Shutdown
[2022.03.01-08.33.11:567][476]LogD3D11RHI: CleanupD3DDevice
[2022.03.01-08.33.11:572][476]LogExit: Exiting.
[2022.03.01-08.33.11:581][476]Log file closed, 03/01/22 09:33:11
