Log file open, 04/05/22 13:15:30
LogWindows: Failed to load 'aqProf.dll' (GetLastError=126)
LogWindows: File 'aqProf.dll' does not exist
LogWindows: Failed to load 'VtuneApi.dll' (GetLastError=126)
LogWindows: File 'VtuneApi.dll' does not exist
LogWindows: Failed to load 'VtuneApi32e.dll' (GetLastError=126)
LogWindows: File 'VtuneApi32e.dll' does not exist
LogConsoleResponse: Display: Failed to find resolution value strings in scalability ini. Falling back to default.
LogConsoleResponse: Display: Failed to find resolution value strings in scalability ini. Falling back to default.
LogInit: Display: Running engine for game: P8_VR_Home
LogPlatformFile: Not using cached read wrapper
LogTaskGraph: Started task graph with 5 named threads and 35 total threads with 3 sets of task threads.
LogStats: Stats thread started at 0.192239
LogICUInternationalization: ICU TimeZone Detection - Raw Offset: +1:00, Platform Override: ''
LogInit: Display: Loading text-based GConfig....
LogPluginManager: Mounting plugin MeshPainting
LogPluginManager: Mounting plugin XGEController
LogPluginManager: Mounting plugin Paper2D
LogPluginManager: Mounting plugin LiveLink
LogPluginManager: Mounting plugin AISupport
LogPluginManager: Mounting plugin EnvironmentQueryEditor
LogPluginManager: Mounting plugin CameraShakePreviewer
LogPluginManager: Mounting plugin GameplayCameras
LogPluginManager: Mounting plugin OodleNetwork
LogPluginManager: Mounting plugin LightPropagationVolume
LogPluginManager: Mounting plugin AssetManagerEditor
LogPluginManager: Mounting plugin OodleData
LogPluginManager: Mounting plugin CryptoKeys
LogPluginManager: Mounting plugin CurveEditorTools
LogPluginManager: Mounting plugin DataValidation
LogPluginManager: Mounting plugin EditorScriptingUtilities
LogPluginManager: Mounting plugin GeometryMode
LogPluginManager: Mounting plugin FacialAnimation
LogPluginManager: Mounting plugin MacGraphicsSwitching
LogPluginManager: Mounting plugin MaterialAnalyzer
LogPluginManager: Mounting plugin GameplayTagsEditor
LogPluginManager: Mounting plugin MeshEditor
LogPluginManager: Mounting plugin SpeedTreeImporter
LogPluginManager: Mounting plugin MobileLauncherProfileWizard
LogPluginManager: Mounting plugin PluginBrowser
LogPluginManager: Mounting plugin AnimationSharing
LogPluginManager: Mounting plugin CLionSourceCodeAccess
LogPluginManager: Mounting plugin CodeLiteSourceCodeAccess
LogPluginManager: Mounting plugin KDevelopSourceCodeAccess
LogPluginManager: Mounting plugin GitSourceControl
LogPluginManager: Mounting plugin NullSourceCodeAccess
LogPluginManager: Mounting plugin PerforceSourceControl
LogPluginManager: Mounting plugin PixWinPlugin
LogPluginManager: Mounting plugin PluginUtils
LogPluginManager: Mounting plugin PropertyAccessNode
LogPluginManager: Mounting plugin TextureFormatOodle
LogPluginManager: Mounting plugin PlasticSourceControl
LogPluginManager: Mounting plugin SubversionSourceControl
LogPluginManager: Mounting plugin RiderSourceCodeAccess
LogPluginManager: Mounting plugin UObjectPlugin
LogPluginManager: Mounting plugin VisualStudioCodeSourceCodeAccess
LogPluginManager: Mounting plugin VisualStudioSourceCodeAccess
LogPluginManager: Mounting plugin XCodeSourceCodeAccess
LogPluginManager: Mounting plugin DataprepEditor
LogPluginManager: Mounting plugin DatasmithContent
LogPluginManager: Mounting plugin DatasmithImporter
LogPluginManager: Mounting plugin StaticMeshEditorExtension
LogPluginManager: Mounting plugin VariantManager
LogPluginManager: Mounting plugin VariantManagerContent
LogPluginManager: Mounting plugin Niagara
LogPluginManager: Mounting plugin LuminPlatformFeatures
LogPluginManager: Mounting plugin MagicLeap
LogPluginManager: Mounting plugin MagicLeapLightEstimation
LogPluginManager: Mounting plugin MagicLeapMedia
LogPluginManager: Mounting plugin MagicLeapPassableWorld
LogPluginManager: Mounting plugin MLSDK
LogPluginManager: Mounting plugin AlembicImporter
LogPluginManager: Mounting plugin BackChannel
LogPluginManager: Mounting plugin AutomationUtils
LogPluginManager: Mounting plugin BlastPlugin
LogPluginManager: Mounting plugin ChaosEditor
LogPluginManager: Mounting plugin ChaosCloth
LogPluginManager: Mounting plugin ChaosClothEditor
LogPluginManager: Mounting plugin ChaosNiagara
LogPluginManager: Mounting plugin ChaosSolverPlugin
LogPluginManager: Mounting plugin CharacterAI
LogPluginManager: Mounting plugin GeometryCollectionPlugin
LogPluginManager: Mounting plugin GeometryCache
LogPluginManager: Mounting plugin AndroidMedia
LogPluginManager: Mounting plugin AvfMedia
LogPluginManager: Mounting plugin ImgMedia
LogPluginManager: Mounting plugin MediaCompositing
LogPluginManager: Mounting plugin MediaPlayerEditor
LogPluginManager: Mounting plugin WebMMedia
LogPluginManager: Mounting plugin WmfMedia
LogPluginManager: Mounting plugin GeometryProcessing
LogPluginManager: Mounting plugin OpenImageDenoise
LogPluginManager: Mounting plugin MotoSynth
LogPluginManager: Mounting plugin PlanarCut
LogPluginManager: Mounting plugin PlatformCrypto
LogPluginManager: Mounting plugin ProxyLODPlugin
LogPluginManager: Mounting plugin PythonScriptPlugin
LogPluginManager: Mounting plugin SkeletalReduction
LogPluginManager: Mounting plugin TcpMessaging
LogPluginManager: Mounting plugin UdpMessaging
LogPluginManager: Mounting plugin ActorLayerUtilities
LogPluginManager: Mounting plugin AndroidDeviceProfileSelector
LogPluginManager: Mounting plugin AndroidMoviePlayer
LogPluginManager: Mounting plugin AndroidPermission
LogPluginManager: Mounting plugin ActorSequence
LogPluginManager: Mounting plugin LauncherChunkInstaller
LogPluginManager: Mounting plugin LevelSequenceEditor
LogPluginManager: Mounting plugin MatineeToLevelSequence
LogPluginManager: Mounting plugin AppleImageUtils
LogPluginManager: Mounting plugin AppleMoviePlayer
LogPluginManager: Mounting plugin ArchVisCharacter
LogPluginManager: Mounting plugin AudioCapture
LogPluginManager: Mounting plugin TemplateSequence
LogPluginManager: Mounting plugin AssetTags
LogPluginManager: Mounting plugin AudioSynesthesia
LogPluginManager: Mounting plugin CableComponent
LogPluginManager: Mounting plugin ChunkDownloader
LogPluginManager: Mounting plugin CustomMeshComponent
LogPluginManager: Mounting plugin ExampleDeviceProfileSelector
LogPluginManager: Mounting plugin EditableMesh
LogPluginManager: Mounting plugin GoogleCloudMessaging
LogPluginManager: Mounting plugin GooglePAD
LogPluginManager: Mounting plugin OnlineSubsystem
LogPluginManager: Mounting plugin OnlineSubsystemNull
LogPluginManager: Mounting plugin OnlineSubsystemUtils
LogPluginManager: Mounting plugin IOSDeviceProfileSelector
LogPluginManager: Mounting plugin LinuxDeviceProfileSelector
LogPluginManager: Mounting plugin LocationServicesBPLibrary
LogPluginManager: Mounting plugin MobilePatchingUtils
LogPluginManager: Mounting plugin OpenXR
LogPluginManager: Mounting plugin OpenXREyeTracker
LogPluginManager: Mounting plugin OpenXRHandTracking
LogPluginManager: Mounting plugin PhysXVehicles
LogPluginManager: Mounting plugin PostSplashScreen
LogPluginManager: Mounting plugin ResonanceAudio
LogPluginManager: Mounting plugin RuntimePhysXCooking
LogPluginManager: Mounting plugin ProceduralMeshComponent
LogPluginManager: Mounting plugin PropertyAccessEditor
LogPluginManager: Mounting plugin SoundFields
LogPluginManager: Mounting plugin SignificanceManager
LogPluginManager: Mounting plugin WebMMoviePlayer
LogPluginManager: Mounting plugin Synthesis
LogPluginManager: Mounting plugin WindowsMoviePlayer
LogPluginManager: Mounting plugin ScreenshotTools
LogPluginManager: Mounting plugin Takes
LogPluginManager: Mounting plugin ContentBrowserAssetDataSource
LogPluginManager: Mounting plugin ContentBrowserFileDataSource
LogPluginManager: Mounting plugin ContentBrowserClassDataSource
LogPluginManager: Mounting plugin OnlineSubsystemGooglePlay
LogPluginManager: Mounting plugin OnlineSubsystemIOS
LogPluginManager: Mounting plugin OculusVR
LogPluginManager: Mounting plugin OculusOpenXR
PixWinPlugin: PIX capture plugin failed to initialize! Check that the process is launched from PIX.
LogInit: Using libcurl 7.55.1-DEV
LogInit:  - built for x86_64-pc-win32
LogInit:  - supports SSL with OpenSSL/1.1.1
LogInit:  - supports HTTP deflate (compression) using libz 1.2.8
LogInit:  - other features:
LogInit:      CURL_VERSION_SSL
LogInit:      CURL_VERSION_LIBZ
LogInit:      CURL_VERSION_IPV6
LogInit:      CURL_VERSION_ASYNCHDNS
LogInit:      CURL_VERSION_LARGEFILE
LogInit:      CURL_VERSION_IDN
LogInit:  CurlRequestOptions (configurable via config and command line):
LogInit:  - bVerifyPeer = true  - Libcurl will verify peer certificate
LogInit:  - bUseHttpProxy = false  - Libcurl will NOT use HTTP proxy
LogInit:  - bDontReuseConnections = false  - Libcurl will reuse connections
LogInit:  - MaxHostConnections = 16  - Libcurl will limit the number of connections to a host
LogInit:  - LocalHostAddr = Default
LogInit:  - BufferSize = 65536
LogOnline: OSS: Creating online subsystem instance for: NULL
LogInit: WinSock: version 1.1 (2.2), MaxSocks=32767, MaxUdp=65467
LogOnline: OSS: TryLoadSubsystemAndSetDefault: Loaded subsystem for module [NULL]
LogOculusPluginWrapper: OculusPlugin initialized successfully
LogHMD: Failed initializing OVRPlugin 1.59.0
LogInit: Build: ++UE4+Release-4.27-CL-18319896
LogInit: Engine Version: 4.27.2-18319896+++UE4+Release-4.27
LogInit: Compatible Engine Version: 4.27.0-17155196+++UE4+Release-4.27
LogInit: Net CL: 17155196
LogInit: OS: Windows 10 (Release 2009) (), CPU: AMD Ryzen 5 5600H with Radeon Graphics         , GPU: NVIDIA GeForce RTX 3070 Laptop GPU
LogInit: Compiled (64-bit): Nov 30 2021 07:12:08
LogInit: Compiled with Visual C++: 19.24.28315.00
LogInit: Build Configuration: Development
LogInit: Branch Name: ++UE4+Release-4.27
LogInit: Command Line:  -EpicPortal -epicusername=qwe_oscar -epicuserid=32bc89cd799e41ec8c630bba4abf8911 -epiclocale=en -epicsandboxid=ue
LogInit: Base Directory: C:/Program Files/Epic Games/UE_4.27/Engine/Binaries/Win64/
LogInit: Allocator: TBB
LogInit: Installed Engine Build: 1
LogDevObjectVersion: Number of dev versions registered: 29
LogDevObjectVersion:   Dev-Blueprints (B0D832E4-1F89-4F0D-ACCF-7EB736FD4AA2): 10
LogDevObjectVersion:   Dev-Build (E1C64328-A22C-4D53-A36C-8E866417BD8C): 0
LogDevObjectVersion:   Dev-Core (375EC13C-06E4-48FB-B500-84F0262A717E): 4
LogDevObjectVersion:   Dev-Editor (E4B068ED-F494-42E9-A231-DA0B2E46BB41): 40
LogDevObjectVersion:   Dev-Framework (CFFC743F-43B0-4480-9391-14DF171D2073): 37
LogDevObjectVersion:   Dev-Mobile (B02B49B5-BB20-44E9-A304-32B752E40360): 3
LogDevObjectVersion:   Dev-Networking (A4E4105C-59A1-49B5-A7C5-40C4547EDFEE): 0
LogDevObjectVersion:   Dev-Online (39C831C9-5AE6-47DC-9A44-9C173E1C8E7C): 0
LogDevObjectVersion:   Dev-Physics (78F01B33-EBEA-4F98-B9B4-84EACCB95AA2): 14
LogDevObjectVersion:   Dev-Platform (6631380F-2D4D-43E0-8009-CF276956A95A): 0
LogDevObjectVersion:   Dev-Rendering (12F88B9F-8875-4AFC-A67C-D90C383ABD29): 45
LogDevObjectVersion:   Dev-Sequencer (7B5AE74C-D270-4C10-A958-57980B212A5A): 13
LogDevObjectVersion:   Dev-VR (D7296918-1DD6-4BDD-9DE2-64A83CC13884): 3
LogDevObjectVersion:   Dev-LoadTimes (C2A15278-BFE7-4AFE-6C17-90FF531DF755): 1
LogDevObjectVersion:   Private-Geometry (6EACA3D4-40EC-4CC1-B786-8BED09428FC5): 3
LogDevObjectVersion:   Dev-AnimPhys (29E575DD-E0A3-4627-9D10-D276232CDCEA): 17
LogDevObjectVersion:   Dev-Anim (AF43A65D-7FD3-4947-9873-3E8ED9C1BB05): 15
LogDevObjectVersion:   Dev-ReflectionCapture (6B266CEC-1EC7-4B8F-A30B-E4D90942FC07): 1
LogDevObjectVersion:   Dev-Automation (0DF73D61-A23F-47EA-B727-89E90C41499A): 1
LogDevObjectVersion:   FortniteMain (601D1886-AC64-4F84-AA16-D3DE0DEAC7D6): 47
LogDevObjectVersion:   FortniteRelease (E7086368-6B23-4C58-8439-1B7016265E91): 1
LogDevObjectVersion:   Dev-Enterprise (9DFFBCD6-494F-0158-E221-12823C92A888): 10
LogDevObjectVersion:   Dev-Niagara (F2AED0AC-9AFE-416F-8664-AA7FFA26D6FC): 1
LogDevObjectVersion:   Dev-Destruction (174F1F0B-B4C6-45A5-B13F-2EE8D0FB917D): 10
LogDevObjectVersion:   Dev-Physics-Ext (35F94A83-E258-406C-A318-09F59610247C): 41
LogDevObjectVersion:   Dev-PhysicsMaterial-Chaos (B68FC16E-8B1B-42E2-B453-215C058844FE): 1
LogDevObjectVersion:   Dev-CineCamera (B2E18506-4273-CFC2-A54E-F4BB758BBA07): 1
LogDevObjectVersion:   Dev-VirtualProduction (64F58936-FD1B-42BA-BA96-7289D5D0FA4E): 1
LogDevObjectVersion:   Dev-MediaFramework (6F0ED827-A609-4895-9C91-998D90180EA4): 2
LogInit: Presizing for max 25165824 objects, including 0 objects not considered by GC, pre-allocating 0 bytes for permanent pool.
LogConfig: Applying CVar settings from Section [/Script/Engine.StreamingSettings] File [C:/Users/qwe_o/Documents/GitHub/P8ToBeAnnounced/P8_VR_Home/Saved/Config/Windows/Engine.ini]
LogConfig: Setting CVar [[s.MinBulkDataSizeForAsyncLoading:131072]]
LogConfig: Setting CVar [[s.AsyncLoadingThreadEnabled:0]]
LogConfig: Setting CVar [[s.EventDrivenLoaderEnabled:1]]
LogConfig: Setting CVar [[s.WarnIfTimeLimitExceeded:0]]
LogConfig: Setting CVar [[s.TimeLimitExceededMultiplier:1.5]]
LogConfig: Setting CVar [[s.TimeLimitExceededMinTime:0.005]]
LogConfig: Setting CVar [[s.UseBackgroundLevelStreaming:1]]
LogConfig: Setting CVar [[s.PriorityAsyncLoadingExtraTime:15.0]]
LogConfig: Setting CVar [[s.LevelStreamingActorsUpdateTimeLimit:5.0]]
LogConfig: Setting CVar [[s.PriorityLevelStreamingActorsUpdateExtraTime:5.0]]
LogConfig: Setting CVar [[s.LevelStreamingComponentsRegistrationGranularity:10]]
LogConfig: Setting CVar [[s.UnregisterComponentsTimeLimit:1.0]]
LogConfig: Setting CVar [[s.LevelStreamingComponentsUnregistrationGranularity:5]]
LogConfig: Setting CVar [[s.FlushStreamingOnExit:1]]
LogInit: Object subsystem initialized
LogConfig: Setting CVar [[con.DebugEarlyDefault:1]]
LogConfig: Setting CVar [[r.setres:1280x720]]
[2022.04.05-11.15.31:395][  0]LogConfig: Setting CVar [[r.VSync:0]]
[2022.04.05-11.15.31:395][  0]LogConfig: Setting CVar [[r.RHICmdBypass:0]]
[2022.04.05-11.15.31:395][  0]LogConfig: Applying CVar settings from Section [/Script/Engine.RendererSettings] File [C:/Users/qwe_o/Documents/GitHub/P8ToBeAnnounced/P8_VR_Home/Saved/Config/Windows/Engine.ini]
[2022.04.05-11.15.31:395][  0]LogConfig: Setting CVar [[r.GPUCrashDebugging:0]]
[2022.04.05-11.15.31:395][  0]LogConfig: Setting CVar [[r.Mobile.DisableVertexFog:1]]
[2022.04.05-11.15.31:395][  0]LogConfig: Setting CVar [[r.Shadow.CSM.MaxMobileCascades:2]]
[2022.04.05-11.15.31:395][  0]LogConfig: Setting CVar [[r.MobileMSAA:4]]
[2022.04.05-11.15.31:395][  0]LogConfig: Setting CVar [[r.Mobile.AllowDitheredLODTransition:0]]
[2022.04.05-11.15.31:395][  0]LogConfig: Setting CVar [[r.Mobile.AllowSoftwareOcclusion:0]]
[2022.04.05-11.15.31:395][  0]LogConfig: Setting CVar [[r.Mobile.VirtualTextures:0]]
[2022.04.05-11.15.31:395][  0]LogConfig: Setting CVar [[r.DiscardUnusedQuality:0]]
[2022.04.05-11.15.31:395][  0]LogConfig: Setting CVar [[r.AllowOcclusionQueries:1]]
[2022.04.05-11.15.31:395][  0]LogConfig: Setting CVar [[r.MinScreenRadiusForLights:0.030000]]
[2022.04.05-11.15.31:395][  0]LogConfig: Setting CVar [[r.MinScreenRadiusForDepthPrepass:0.030000]]
[2022.04.05-11.15.31:395][  0]LogConfig: Setting CVar [[r.MinScreenRadiusForCSMDepth:0.010000]]
[2022.04.05-11.15.31:396][  0]LogConfig: Setting CVar [[r.PrecomputedVisibilityWarning:0]]
[2022.04.05-11.15.31:396][  0]LogConfig: Setting CVar [[r.TextureStreaming:1]]
[2022.04.05-11.15.31:396][  0]LogConfig: Setting CVar [[Compat.UseDXT5NormalMaps:0]]
[2022.04.05-11.15.31:396][  0]LogConfig: Setting CVar [[r.VirtualTextures:0]]
[2022.04.05-11.15.31:396][  0]LogConfig: Setting CVar [[r.VirtualTexturedLightmaps:0]]
[2022.04.05-11.15.31:396][  0]LogConfig: Setting CVar [[r.VT.TileSize:128]]
[2022.04.05-11.15.31:396][  0]LogConfig: Setting CVar [[r.VT.TileBorderSize:4]]
[2022.04.05-11.15.31:396][  0]LogConfig: Setting CVar [[r.vt.FeedbackFactor:16]]
[2022.04.05-11.15.31:396][  0]LogConfig: Setting CVar [[r.VT.EnableCompressZlib:1]]
[2022.04.05-11.15.31:396][  0]LogConfig: Setting CVar [[r.VT.EnableCompressCrunch:0]]
[2022.04.05-11.15.31:396][  0]LogConfig: Setting CVar [[r.ClearCoatNormal:0]]
[2022.04.05-11.15.31:396][  0]LogConfig: Setting CVar [[r.ReflectionCaptureResolution:128]]
[2022.04.05-11.15.31:396][  0]LogConfig: Setting CVar [[r.Mobile.ReflectionCaptureCompression:0]]
[2022.04.05-11.15.31:396][  0]LogConfig: Setting CVar [[r.ReflectionEnvironmentLightmapMixBasedOnRoughness:1]]
[2022.04.05-11.15.31:396][  0]LogConfig: Setting CVar [[r.ForwardShading:1]]
[2022.04.05-11.15.31:396][  0]LogConfig: Setting CVar [[r.VertexFoggingForOpaque:1]]
[2022.04.05-11.15.31:396][  0]LogConfig: Setting CVar [[r.AllowStaticLighting:1]]
[2022.04.05-11.15.31:396][  0]LogConfig: Setting CVar [[r.NormalMapsForStaticLighting:0]]
[2022.04.05-11.15.31:396][  0]LogConfig: Setting CVar [[r.GenerateMeshDistanceFields:0]]
[2022.04.05-11.15.31:396][  0]LogConfig: Setting CVar [[r.DistanceFieldBuild.EightBit:0]]
[2022.04.05-11.15.31:396][  0]LogConfig: Setting CVar [[r.GenerateLandscapeGIData:0]]
[2022.04.05-11.15.31:396][  0]LogConfig: Setting CVar [[r.DistanceFieldBuild.Compress:0]]
[2022.04.05-11.15.31:396][  0]LogConfig: Setting CVar [[r.TessellationAdaptivePixelsPerTriangle:48.000000]]
[2022.04.05-11.15.31:396][  0]LogConfig: Setting CVar [[r.SeparateTranslucency:0]]
[2022.04.05-11.15.31:396][  0]LogConfig: Setting CVar [[r.TranslucentSortPolicy:0]]
[2022.04.05-11.15.31:396][  0]LogConfig: Setting CVar [[r.CustomDepth:1]]
[2022.04.05-11.15.31:396][  0]LogConfig: Setting CVar [[r.CustomDepthTemporalAAJitter:1]]
[2022.04.05-11.15.31:396][  0]LogConfig: Setting CVar [[r.PostProcessing.PropagateAlpha:0]]
[2022.04.05-11.15.31:396][  0]LogConfig: Setting CVar [[r.DefaultFeature.Bloom:0]]
[2022.04.05-11.15.31:396][  0]LogConfig: Setting CVar [[r.DefaultFeature.AmbientOcclusion:0]]
[2022.04.05-11.15.31:396][  0]LogConfig: Setting CVar [[r.DefaultFeature.AmbientOcclusionStaticFraction:1]]
[2022.04.05-11.15.31:396][  0]LogConfig: Setting CVar [[r.DefaultFeature.AutoExposure:0]]
[2022.04.05-11.15.31:396][  0]LogConfig: Setting CVar [[r.DefaultFeature.AutoExposure.Method:0]]
[2022.04.05-11.15.31:396][  0]LogConfig: Setting CVar [[r.DefaultFeature.AutoExposure.Bias:1.000000]]
[2022.04.05-11.15.31:396][  0]LogConfig: Setting CVar [[r.DefaultFeature.AutoExposure.ExtendDefaultLuminanceRange:1]]
[2022.04.05-11.15.31:396][  0]LogConfig: Setting CVar [[r.UsePreExposure:1]]
[2022.04.05-11.15.31:396][  0]LogConfig: Setting CVar [[r.EyeAdaptation.EditorOnly:0]]
[2022.04.05-11.15.31:396][  0]LogConfig: Setting CVar [[r.DefaultFeature.MotionBlur:0]]
[2022.04.05-11.15.31:396][  0]LogConfig: Setting CVar [[r.DefaultFeature.LensFlare:0]]
[2022.04.05-11.15.31:396][  0]LogConfig: Setting CVar [[r.TemporalAA.Upsampling:0]]
[2022.04.05-11.15.31:396][  0]LogConfig: Setting CVar [[r.SSGI.Enable:0]]
[2022.04.05-11.15.31:396][  0]LogConfig: Setting CVar [[r.DefaultFeature.AntiAliasing:3]]
[2022.04.05-11.15.31:396][  0]LogConfig: Setting CVar [[r.DefaultFeature.LightUnits:1]]
[2022.04.05-11.15.31:396][  0]LogConfig: Setting CVar [[r.DefaultBackBufferPixelFormat:4]]
[2022.04.05-11.15.31:396][  0]LogConfig: Setting CVar [[r.Shadow.UnbuiltPreviewInGame:1]]
[2022.04.05-11.15.31:396][  0]LogConfig: Setting CVar [[r.StencilForLODDither:0]]
[2022.04.05-11.15.31:396][  0]LogConfig: Setting CVar [[r.EarlyZPass:3]]
[2022.04.05-11.15.31:396][  0]LogConfig: Setting CVar [[r.EarlyZPassOnlyMaterialMasking:0]]
[2022.04.05-11.15.31:396][  0]LogConfig: Setting CVar [[r.DBuffer:1]]
[2022.04.05-11.15.31:396][  0]LogConfig: Setting CVar [[r.ClearSceneMethod:1]]
[2022.04.05-11.15.31:396][  0]LogConfig: Setting CVar [[r.BasePassOutputsVelocity:0]]
[2022.04.05-11.15.31:396][  0]LogConfig: Setting CVar [[r.VertexDeformationOutputsVelocity:0]]
[2022.04.05-11.15.31:396][  0]LogConfig: Setting CVar [[r.SelectiveBasePassOutputs:0]]
[2022.04.05-11.15.31:396][  0]LogConfig: Setting CVar [[fx.GPUSimulationTextureSizeX:1024]]
[2022.04.05-11.15.31:396][  0]LogConfig: Setting CVar [[fx.GPUSimulationTextureSizeY:1024]]
[2022.04.05-11.15.31:396][  0]LogConfig: Setting CVar [[r.AllowGlobalClipPlane:0]]
[2022.04.05-11.15.31:396][  0]LogConfig: Setting CVar [[r.GBufferFormat:1]]
[2022.04.05-11.15.31:396][  0]LogConfig: Setting CVar [[r.MorphTarget.Mode:1]]
[2022.04.05-11.15.31:396][  0]LogConfig: Setting CVar [[vr.InstancedStereo:1]]
[2022.04.05-11.15.31:396][  0]LogConfig: Setting CVar [[r.MobileHDR:0]]
[2022.04.05-11.15.31:396][  0]LogConfig: Setting CVar [[vr.MobileMultiView:1]]
[2022.04.05-11.15.31:396][  0]LogConfig: Setting CVar [[r.Mobile.UseHWsRGBEncoding:1]]
[2022.04.05-11.15.31:396][  0]LogConfig: Setting CVar [[vr.RoundRobinOcclusion:0]]
[2022.04.05-11.15.31:396][  0]LogConfig: Setting CVar [[vr.ODSCapture:0]]
[2022.04.05-11.15.31:396][  0]LogConfig: Setting CVar [[r.MeshStreaming:0]]
[2022.04.05-11.15.31:396][  0]LogConfig: Setting CVar [[r.WireframeCullThreshold:5.000000]]
[2022.04.05-11.15.31:396][  0]LogConfig: Setting CVar [[r.RayTracing:0]]
[2022.04.05-11.15.31:396][  0]LogConfig: Setting CVar [[r.RayTracing.UseTextureLod:0]]
[2022.04.05-11.15.31:396][  0]LogConfig: Setting CVar [[r.SupportStationarySkylight:1]]
[2022.04.05-11.15.31:396][  0]LogConfig: Setting CVar [[r.SupportLowQualityLightmaps:1]]
[2022.04.05-11.15.31:396][  0]LogConfig: Setting CVar [[r.SupportPointLightWholeSceneShadows:1]]
[2022.04.05-11.15.31:396][  0]LogConfig: Setting CVar [[r.SupportAtmosphericFog:1]]
[2022.04.05-11.15.31:396][  0]LogConfig: Setting CVar [[r.SupportSkyAtmosphere:1]]
[2022.04.05-11.15.31:396][  0]LogConfig: Setting CVar [[r.SupportSkyAtmosphereAffectsHeightFog:0]]
[2022.04.05-11.15.31:396][  0]LogConfig: Setting CVar [[r.SkinCache.CompileShaders:0]]
[2022.04.05-11.15.31:396][  0]LogConfig: Setting CVar [[r.SkinCache.DefaultBehavior:1]]
[2022.04.05-11.15.31:396][  0]LogConfig: Setting CVar [[r.SkinCache.SceneMemoryLimitInMB:128.000000]]
[2022.04.05-11.15.31:396][  0]LogConfig: Setting CVar [[r.Mobile.EnableStaticAndCSMShadowReceivers:1]]
[2022.04.05-11.15.31:396][  0]LogConfig: Setting CVar [[r.Mobile.EnableMovableLightCSMShaderCulling:1]]
[2022.04.05-11.15.31:396][  0]LogConfig: Setting CVar [[r.Mobile.AllowDistanceFieldShadows:1]]
[2022.04.05-11.15.31:396][  0]LogConfig: Setting CVar [[r.Mobile.AllowMovableDirectionalLights:1]]
[2022.04.05-11.15.31:396][  0]LogConfig: Setting CVar [[r.MobileNumDynamicPointLights:4]]
[2022.04.05-11.15.31:396][  0]LogConfig: Setting CVar [[r.MobileDynamicPointLightsUseStaticBranch:1]]
[2022.04.05-11.15.31:396][  0]LogConfig: Setting CVar [[r.Mobile.EnableMovableSpotlights:0]]
[2022.04.05-11.15.31:396][  0]LogConfig: Setting CVar [[r.Mobile.EnableMovableSpotlightsShadow:0]]
[2022.04.05-11.15.31:396][  0]LogConfig: Setting CVar [[r.GPUSkin.Support16BitBoneIndex:0]]
[2022.04.05-11.15.31:396][  0]LogConfig: Setting CVar [[r.GPUSkin.Limit2BoneInfluences:0]]
[2022.04.05-11.15.31:396][  0]LogConfig: Setting CVar [[r.SupportDepthOnlyIndexBuffers:1]]
[2022.04.05-11.15.31:396][  0]LogConfig: Setting CVar [[r.SupportReversedIndexBuffers:1]]
[2022.04.05-11.15.31:396][  0]LogConfig: Setting CVar [[r.LightPropagationVolume:0]]
[2022.04.05-11.15.31:396][  0]LogConfig: Setting CVar [[r.Mobile.AmbientOcclusion:0]]
[2022.04.05-11.15.31:396][  0]LogConfig: Setting CVar [[r.GPUSkin.UnlimitedBoneInfluences:0]]
[2022.04.05-11.15.31:396][  0]LogConfig: Setting CVar [[r.GPUSkin.UnlimitedBoneInfluencesThreshold:8]]
[2022.04.05-11.15.31:396][  0]LogConfig: Setting CVar [[r.Mobile.PlanarReflectionMode:0]]
[2022.04.05-11.15.31:396][  0]LogConfig: Setting CVar [[r.Mobile.SupportGPUScene:1]]
[2022.04.05-11.15.31:396][  0]LogConfig: Applying CVar settings from Section [/Script/Engine.RendererOverrideSettings] File [C:/Users/qwe_o/Documents/GitHub/P8ToBeAnnounced/P8_VR_Home/Saved/Config/Windows/Engine.ini]
[2022.04.05-11.15.31:396][  0]LogConfig: Applying CVar settings from Section [/Script/Engine.StreamingSettings] File [C:/Users/qwe_o/Documents/GitHub/P8ToBeAnnounced/P8_VR_Home/Saved/Config/Windows/Engine.ini]
[2022.04.05-11.15.31:396][  0]LogConfig: Setting CVar [[s.MinBulkDataSizeForAsyncLoading:131072]]
[2022.04.05-11.15.31:396][  0]LogConfig: Setting CVar [[s.AsyncLoadingThreadEnabled:0]]
[2022.04.05-11.15.31:396][  0]LogConfig: Setting CVar [[s.EventDrivenLoaderEnabled:1]]
[2022.04.05-11.15.31:396][  0]LogConfig: Setting CVar [[s.WarnIfTimeLimitExceeded:0]]
[2022.04.05-11.15.31:396][  0]LogConfig: Setting CVar [[s.TimeLimitExceededMultiplier:1.5]]
[2022.04.05-11.15.31:396][  0]LogConfig: Setting CVar [[s.TimeLimitExceededMinTime:0.005]]
[2022.04.05-11.15.31:396][  0]LogConfig: Setting CVar [[s.UseBackgroundLevelStreaming:1]]
[2022.04.05-11.15.31:396][  0]LogConfig: Setting CVar [[s.PriorityAsyncLoadingExtraTime:15.0]]
[2022.04.05-11.15.31:397][  0]LogConfig: Setting CVar [[s.LevelStreamingActorsUpdateTimeLimit:5.0]]
[2022.04.05-11.15.31:397][  0]LogConfig: Setting CVar [[s.PriorityLevelStreamingActorsUpdateExtraTime:5.0]]
[2022.04.05-11.15.31:397][  0]LogConfig: Setting CVar [[s.LevelStreamingComponentsRegistrationGranularity:10]]
[2022.04.05-11.15.31:397][  0]LogConfig: Setting CVar [[s.UnregisterComponentsTimeLimit:1.0]]
[2022.04.05-11.15.31:397][  0]LogConfig: Setting CVar [[s.LevelStreamingComponentsUnregistrationGranularity:5]]
[2022.04.05-11.15.31:397][  0]LogConfig: Setting CVar [[s.FlushStreamingOnExit:1]]
[2022.04.05-11.15.31:397][  0]LogConfig: Applying CVar settings from Section [/Script/Engine.GarbageCollectionSettings] File [C:/Users/qwe_o/Documents/GitHub/P8ToBeAnnounced/P8_VR_Home/Saved/Config/Windows/Engine.ini]
[2022.04.05-11.15.31:397][  0]LogConfig: Setting CVar [[gc.MaxObjectsNotConsideredByGC:1]]
[2022.04.05-11.15.31:397][  0]LogConfig: Setting CVar [[gc.SizeOfPermanentObjectPool:0]]
[2022.04.05-11.15.31:397][  0]LogConfig: Setting CVar [[gc.FlushStreamingOnGC:0]]
[2022.04.05-11.15.31:397][  0]LogConfig: Setting CVar [[gc.NumRetriesBeforeForcingGC:10]]
[2022.04.05-11.15.31:397][  0]LogConfig: Setting CVar [[gc.AllowParallelGC:1]]
[2022.04.05-11.15.31:397][  0]LogConfig: Setting CVar [[gc.TimeBetweenPurgingPendingKillObjects:61.1]]
[2022.04.05-11.15.31:397][  0]LogConfig: Setting CVar [[gc.MaxObjectsInEditor:25165824]]
[2022.04.05-11.15.31:397][  0]LogConfig: Setting CVar [[gc.IncrementalBeginDestroyEnabled:1]]
[2022.04.05-11.15.31:397][  0]LogConfig: Setting CVar [[gc.CreateGCClusters:1]]
[2022.04.05-11.15.31:397][  0]LogConfig: Setting CVar [[gc.MinGCClusterSize:5]]
[2022.04.05-11.15.31:397][  0]LogConfig: Setting CVar [[gc.ActorClusteringEnabled:0]]
[2022.04.05-11.15.31:397][  0]LogConfig: Setting CVar [[gc.BlueprintClusteringEnabled:0]]
[2022.04.05-11.15.31:397][  0]LogConfig: Setting CVar [[gc.UseDisregardForGCOnDedicatedServers:0]]
[2022.04.05-11.15.31:397][  0]LogConfig: Setting CVar [[gc.MultithreadedDestructionEnabled:1]]
[2022.04.05-11.15.31:397][  0]LogConfig: Applying CVar settings from Section [/Script/Engine.NetworkSettings] File [C:/Users/qwe_o/Documents/GitHub/P8ToBeAnnounced/P8_VR_Home/Saved/Config/Windows/Engine.ini]
[2022.04.05-11.15.31:397][  0]LogConfig: Applying CVar settings from Section [/Script/UnrealEd.CookerSettings] File [C:/Users/qwe_o/Documents/GitHub/P8ToBeAnnounced/P8_VR_Home/Saved/Config/Windows/Engine.ini]
[2022.04.05-11.15.31:399][  0]LogConfig: Applying CVar settings from Section [ViewDistanceQuality@3] File [C:/Users/qwe_o/Documents/GitHub/P8ToBeAnnounced/P8_VR_Home/Saved/Config/Windows/Scalability.ini]
[2022.04.05-11.15.31:399][  0]LogConfig: Setting CVar [[r.SkeletalMeshLODBias:0]]
[2022.04.05-11.15.31:399][  0]LogConfig: Setting CVar [[r.ViewDistanceScale:1.0]]
[2022.04.05-11.15.31:399][  0]LogConfig: Applying CVar settings from Section [AntiAliasingQuality@3] File [C:/Users/qwe_o/Documents/GitHub/P8ToBeAnnounced/P8_VR_Home/Saved/Config/Windows/Scalability.ini]
[2022.04.05-11.15.31:399][  0]LogConfig: Setting CVar [[r.PostProcessAAQuality:4]]
[2022.04.05-11.15.31:399][  0]LogConfig: Applying CVar settings from Section [ShadowQuality@3] File [C:/Users/qwe_o/Documents/GitHub/P8ToBeAnnounced/P8_VR_Home/Saved/Config/Windows/Scalability.ini]
[2022.04.05-11.15.31:399][  0]LogConfig: Setting CVar [[r.LightFunctionQuality:1]]
[2022.04.05-11.15.31:399][  0]LogConfig: Setting CVar [[r.ShadowQuality:5]]
[2022.04.05-11.15.31:399][  0]LogConfig: Setting CVar [[r.Shadow.CSM.MaxCascades:10]]
[2022.04.05-11.15.31:399][  0]LogConfig: Setting CVar [[r.Shadow.MaxResolution:2048]]
[2022.04.05-11.15.31:399][  0]LogConfig: Setting CVar [[r.Shadow.MaxCSMResolution:2048]]
[2022.04.05-11.15.31:399][  0]LogConfig: Setting CVar [[r.Shadow.RadiusThreshold:0.01]]
[2022.04.05-11.15.31:399][  0]LogConfig: Setting CVar [[r.Shadow.DistanceScale:1.0]]
[2022.04.05-11.15.31:399][  0]LogConfig: Setting CVar [[r.Shadow.CSM.TransitionScale:1.0]]
[2022.04.05-11.15.31:399][  0]LogConfig: Setting CVar [[r.Shadow.PreShadowResolutionFactor:1.0]]
[2022.04.05-11.15.31:399][  0]LogConfig: Setting CVar [[r.DistanceFieldShadowing:1]]
[2022.04.05-11.15.31:399][  0]LogConfig: Setting CVar [[r.DistanceFieldAO:1]]
[2022.04.05-11.15.31:399][  0]LogConfig: Setting CVar [[r.AOQuality:2]]
[2022.04.05-11.15.31:399][  0]LogConfig: Setting CVar [[r.VolumetricFog:1]]
[2022.04.05-11.15.31:399][  0]LogConfig: Setting CVar [[r.VolumetricFog.GridPixelSize:8]]
[2022.04.05-11.15.31:399][  0]LogConfig: Setting CVar [[r.VolumetricFog.GridSizeZ:128]]
[2022.04.05-11.15.31:399][  0]LogConfig: Setting CVar [[r.VolumetricFog.HistoryMissSupersampleCount:4]]
[2022.04.05-11.15.31:399][  0]LogConfig: Setting CVar [[r.LightMaxDrawDistanceScale:1]]
[2022.04.05-11.15.31:399][  0]LogConfig: Setting CVar [[r.CapsuleShadows:1]]
[2022.04.05-11.15.31:399][  0]LogConfig: Applying CVar settings from Section [PostProcessQuality@3] File [C:/Users/qwe_o/Documents/GitHub/P8ToBeAnnounced/P8_VR_Home/Saved/Config/Windows/Scalability.ini]
[2022.04.05-11.15.31:399][  0]LogConfig: Setting CVar [[r.MotionBlurQuality:4]]
[2022.04.05-11.15.31:399][  0]LogConfig: Setting CVar [[r.AmbientOcclusionMipLevelFactor:0.4]]
[2022.04.05-11.15.31:399][  0]LogConfig: Setting CVar [[r.AmbientOcclusionMaxQuality:100]]
[2022.04.05-11.15.31:399][  0]LogConfig: Setting CVar [[r.AmbientOcclusionLevels:-1]]
[2022.04.05-11.15.31:399][  0]LogConfig: Setting CVar [[r.AmbientOcclusionRadiusScale:1.0]]
[2022.04.05-11.15.31:399][  0]LogConfig: Setting CVar [[r.DepthOfFieldQuality:2]]
[2022.04.05-11.15.31:399][  0]LogConfig: Setting CVar [[r.RenderTargetPoolMin:400]]
[2022.04.05-11.15.31:399][  0]LogConfig: Setting CVar [[r.LensFlareQuality:2]]
[2022.04.05-11.15.31:399][  0]LogConfig: Setting CVar [[r.SceneColorFringeQuality:1]]
[2022.04.05-11.15.31:399][  0]LogConfig: Setting CVar [[r.EyeAdaptationQuality:2]]
[2022.04.05-11.15.31:399][  0]LogConfig: Setting CVar [[r.BloomQuality:5]]
[2022.04.05-11.15.31:399][  0]LogConfig: Setting CVar [[r.FastBlurThreshold:100]]
[2022.04.05-11.15.31:399][  0]LogConfig: Setting CVar [[r.Upscale.Quality:3]]
[2022.04.05-11.15.31:399][  0]LogConfig: Setting CVar [[r.Tonemapper.GrainQuantization:1]]
[2022.04.05-11.15.31:399][  0]LogConfig: Setting CVar [[r.LightShaftQuality:1]]
[2022.04.05-11.15.31:399][  0]LogConfig: Setting CVar [[r.Filter.SizeScale:1]]
[2022.04.05-11.15.31:399][  0]LogConfig: Setting CVar [[r.Tonemapper.Quality:5]]
[2022.04.05-11.15.31:399][  0]LogConfig: Setting CVar [[r.DOF.Gather.AccumulatorQuality:1        ; higher gathering accumulator quality]]
[2022.04.05-11.15.31:399][  0]LogConfig: Setting CVar [[r.DOF.Gather.PostfilterMethod:1          ; Median3x3 postfilering method]]
[2022.04.05-11.15.31:399][  0]LogConfig: Setting CVar [[r.DOF.Gather.EnableBokehSettings:0       ; no bokeh simulation when gathering]]
[2022.04.05-11.15.31:399][  0]LogConfig: Setting CVar [[r.DOF.Gather.RingCount:4                 ; medium number of samples when gathering]]
[2022.04.05-11.15.31:399][  0]LogConfig: Setting CVar [[r.DOF.Scatter.ForegroundCompositing:1    ; additive foreground scattering]]
[2022.04.05-11.15.31:399][  0]LogConfig: Setting CVar [[r.DOF.Scatter.BackgroundCompositing:2    ; additive background scattering]]
[2022.04.05-11.15.31:399][  0]LogConfig: Setting CVar [[r.DOF.Scatter.EnableBokehSettings:1      ; bokeh simulation when scattering]]
[2022.04.05-11.15.31:400][  0]LogConfig: Setting CVar [[r.DOF.Scatter.MaxSpriteRatio:0.1         ; only a maximum of 10% of scattered bokeh]]
[2022.04.05-11.15.31:400][  0]LogConfig: Setting CVar [[r.DOF.Recombine.Quality:1                ; cheap slight out of focus]]
[2022.04.05-11.15.31:400][  0]LogConfig: Setting CVar [[r.DOF.Recombine.EnableBokehSettings:0    ; no bokeh simulation on slight out of focus]]
[2022.04.05-11.15.31:400][  0]LogConfig: Setting CVar [[r.DOF.TemporalAAQuality:1                ; more stable temporal accumulation]]
[2022.04.05-11.15.31:400][  0]LogConfig: Setting CVar [[r.DOF.Kernel.MaxForegroundRadius:0.025]]
[2022.04.05-11.15.31:400][  0]LogConfig: Setting CVar [[r.DOF.Kernel.MaxBackgroundRadius:0.025]]
[2022.04.05-11.15.31:400][  0]LogConfig: Applying CVar settings from Section [TextureQuality@3] File [C:/Users/qwe_o/Documents/GitHub/P8ToBeAnnounced/P8_VR_Home/Saved/Config/Windows/Scalability.ini]
[2022.04.05-11.15.31:400][  0]LogConfig: Setting CVar [[r.Streaming.MipBias:0]]
[2022.04.05-11.15.31:400][  0]LogConfig: Setting CVar [[r.Streaming.AmortizeCPUToGPUCopy:0]]
[2022.04.05-11.15.31:400][  0]LogConfig: Setting CVar [[r.Streaming.MaxNumTexturesToStreamPerFrame:0]]
[2022.04.05-11.15.31:400][  0]LogConfig: Setting CVar [[r.Streaming.Boost:1]]
[2022.04.05-11.15.31:400][  0]LogConfig: Setting CVar [[r.MaxAnisotropy:8]]
[2022.04.05-11.15.31:400][  0]LogConfig: Setting CVar [[r.VT.MaxAnisotropy:8]]
[2022.04.05-11.15.31:400][  0]LogConfig: Setting CVar [[r.Streaming.LimitPoolSizeToVRAM:0]]
[2022.04.05-11.15.31:400][  0]LogConfig: Setting CVar [[r.Streaming.PoolSize:1000]]
[2022.04.05-11.15.31:400][  0]LogConfig: Setting CVar [[r.Streaming.MaxEffectiveScreenSize:0]]
[2022.04.05-11.15.31:400][  0]LogConfig: Applying CVar settings from Section [EffectsQuality@3] File [C:/Users/qwe_o/Documents/GitHub/P8ToBeAnnounced/P8_VR_Home/Saved/Config/Windows/Scalability.ini]
[2022.04.05-11.15.31:400][  0]LogConfig: Setting CVar [[r.TranslucencyLightingVolumeDim:64]]
[2022.04.05-11.15.31:400][  0]LogConfig: Setting CVar [[r.RefractionQuality:2]]
[2022.04.05-11.15.31:400][  0]LogConfig: Setting CVar [[r.SSR.Quality:3]]
[2022.04.05-11.15.31:400][  0]LogConfig: Setting CVar [[r.SSR.HalfResSceneColor:0]]
[2022.04.05-11.15.31:400][  0]LogConfig: Setting CVar [[r.SceneColorFormat:4]]
[2022.04.05-11.15.31:400][  0]LogConfig: Setting CVar [[r.DetailMode:2]]
[2022.04.05-11.15.31:400][  0]LogConfig: Setting CVar [[r.TranslucencyVolumeBlur:1]]
[2022.04.05-11.15.31:400][  0]LogConfig: Setting CVar [[r.MaterialQualityLevel:1 ; High quality]]
[2022.04.05-11.15.31:400][  0]LogConfig: Setting CVar [[r.AnisotropicMaterials:1]]
[2022.04.05-11.15.31:400][  0]LogConfig: Setting CVar [[r.SSS.Scale:1]]
[2022.04.05-11.15.31:400][  0]LogConfig: Setting CVar [[r.SSS.SampleSet:2]]
[2022.04.05-11.15.31:400][  0]LogConfig: Setting CVar [[r.SSS.Quality:1]]
[2022.04.05-11.15.31:400][  0]LogConfig: Setting CVar [[r.SSS.HalfRes:0]]
[2022.04.05-11.15.31:400][  0]LogConfig: Setting CVar [[r.SSGI.Quality:3]]
[2022.04.05-11.15.31:400][  0]LogConfig: Setting CVar [[r.EmitterSpawnRateScale:1.0]]
[2022.04.05-11.15.31:400][  0]LogConfig: Setting CVar [[r.ParticleLightQuality:2]]
[2022.04.05-11.15.31:400][  0]LogConfig: Setting CVar [[r.SkyAtmosphere.AerialPerspectiveLUT.FastApplyOnOpaque:1 ; Always have FastSkyLUT 1 in this case to avoid wrong sky]]
[2022.04.05-11.15.31:400][  0]LogConfig: Setting CVar [[r.SkyAtmosphere.AerialPerspectiveLUT.SampleCountMaxPerSlice:4]]
[2022.04.05-11.15.31:400][  0]LogConfig: Setting CVar [[r.SkyAtmosphere.AerialPerspectiveLUT.DepthResolution:16.0]]
[2022.04.05-11.15.31:400][  0]LogConfig: Setting CVar [[r.SkyAtmosphere.FastSkyLUT:1]]
[2022.04.05-11.15.31:400][  0]LogConfig: Setting CVar [[r.SkyAtmosphere.FastSkyLUT.SampleCountMin:4.0]]
[2022.04.05-11.15.31:400][  0]LogConfig: Setting CVar [[r.SkyAtmosphere.FastSkyLUT.SampleCountMax:128.0]]
[2022.04.05-11.15.31:400][  0]LogConfig: Setting CVar [[r.SkyAtmosphere.SampleCountMin:4.0]]
[2022.04.05-11.15.31:400][  0]LogConfig: Setting CVar [[r.SkyAtmosphere.SampleCountMax:128.0]]
[2022.04.05-11.15.31:400][  0]LogConfig: Setting CVar [[r.SkyAtmosphere.TransmittanceLUT.UseSmallFormat:0]]
[2022.04.05-11.15.31:400][  0]LogConfig: Setting CVar [[r.SkyAtmosphere.TransmittanceLUT.SampleCount:10.0]]
[2022.04.05-11.15.31:400][  0]LogConfig: Setting CVar [[r.SkyAtmosphere.MultiScatteringLUT.SampleCount:15.0]]
[2022.04.05-11.15.31:400][  0]LogConfig: Setting CVar [[r.SkyLight.RealTimeReflectionCapture:1]]
[2022.04.05-11.15.31:400][  0]LogConfig: Applying CVar settings from Section [FoliageQuality@3] File [C:/Users/qwe_o/Documents/GitHub/P8ToBeAnnounced/P8_VR_Home/Saved/Config/Windows/Scalability.ini]
[2022.04.05-11.15.31:400][  0]LogConfig: Setting CVar [[foliage.DensityScale:1.0]]
[2022.04.05-11.15.31:400][  0]LogConfig: Setting CVar [[grass.DensityScale:1.0]]
[2022.04.05-11.15.31:400][  0]LogConfig: Applying CVar settings from Section [ShadingQuality@3] File [C:/Users/qwe_o/Documents/GitHub/P8ToBeAnnounced/P8_VR_Home/Saved/Config/Windows/Scalability.ini]
[2022.04.05-11.15.31:400][  0]LogConfig: Setting CVar [[r.HairStrands.SkyLighting.IntegrationType:2]]
[2022.04.05-11.15.31:400][  0]LogConfig: Setting CVar [[r.HairStrands.SkyAO.SampleCount:4]]
[2022.04.05-11.15.31:400][  0]LogConfig: Setting CVar [[r.HairStrands.Visibility.MSAA.SamplePerPixel:4]]
[2022.04.05-11.15.31:400][  0]LogInit: Selected Device Profile: [Windows]
[2022.04.05-11.15.31:400][  0]LogInit: Applying CVar settings loaded from the selected device profile: [Windows]
[2022.04.05-11.15.31:400][  0]LogHAL: Display: Platform has ~ 16 GB [17024741376 / 17179869184 / 16], which maps to Larger [LargestMinGB=32, LargerMinGB=12, DefaultMinGB=8, SmallerMinGB=6, SmallestMinGB=0)
[2022.04.05-11.15.31:400][  0]LogInit: Going up to parent DeviceProfile []
[2022.04.05-11.15.31:400][  0]LogConfig: Applying CVar settings from Section [ViewDistanceQuality@3] File [C:/Users/qwe_o/Documents/GitHub/P8ToBeAnnounced/P8_VR_Home/Saved/Config/Windows/Scalability.ini]
[2022.04.05-11.15.31:400][  0]LogConfig: Setting CVar [[r.SkeletalMeshLODBias:0]]
[2022.04.05-11.15.31:400][  0]LogConfig: Setting CVar [[r.ViewDistanceScale:1.0]]
[2022.04.05-11.15.31:400][  0]LogConfig: Applying CVar settings from Section [AntiAliasingQuality@3] File [C:/Users/qwe_o/Documents/GitHub/P8ToBeAnnounced/P8_VR_Home/Saved/Config/Windows/Scalability.ini]
[2022.04.05-11.15.31:400][  0]LogConfig: Setting CVar [[r.PostProcessAAQuality:4]]
[2022.04.05-11.15.31:400][  0]LogConfig: Applying CVar settings from Section [ShadowQuality@3] File [C:/Users/qwe_o/Documents/GitHub/P8ToBeAnnounced/P8_VR_Home/Saved/Config/Windows/Scalability.ini]
[2022.04.05-11.15.31:400][  0]LogConfig: Setting CVar [[r.LightFunctionQuality:1]]
[2022.04.05-11.15.31:400][  0]LogConfig: Setting CVar [[r.ShadowQuality:5]]
[2022.04.05-11.15.31:400][  0]LogConfig: Setting CVar [[r.Shadow.CSM.MaxCascades:10]]
[2022.04.05-11.15.31:400][  0]LogConfig: Setting CVar [[r.Shadow.MaxResolution:2048]]
[2022.04.05-11.15.31:400][  0]LogConfig: Setting CVar [[r.Shadow.MaxCSMResolution:2048]]
[2022.04.05-11.15.31:400][  0]LogConfig: Setting CVar [[r.Shadow.RadiusThreshold:0.01]]
[2022.04.05-11.15.31:400][  0]LogConfig: Setting CVar [[r.Shadow.DistanceScale:1.0]]
[2022.04.05-11.15.31:400][  0]LogConfig: Setting CVar [[r.Shadow.CSM.TransitionScale:1.0]]
[2022.04.05-11.15.31:400][  0]LogConfig: Setting CVar [[r.Shadow.PreShadowResolutionFactor:1.0]]
[2022.04.05-11.15.31:400][  0]LogConfig: Setting CVar [[r.DistanceFieldShadowing:1]]
[2022.04.05-11.15.31:400][  0]LogConfig: Setting CVar [[r.DistanceFieldAO:1]]
[2022.04.05-11.15.31:400][  0]LogConfig: Setting CVar [[r.AOQuality:2]]
[2022.04.05-11.15.31:400][  0]LogConfig: Setting CVar [[r.VolumetricFog:1]]
[2022.04.05-11.15.31:400][  0]LogConfig: Setting CVar [[r.VolumetricFog.GridPixelSize:8]]
[2022.04.05-11.15.31:400][  0]LogConfig: Setting CVar [[r.VolumetricFog.GridSizeZ:128]]
[2022.04.05-11.15.31:400][  0]LogConfig: Setting CVar [[r.VolumetricFog.HistoryMissSupersampleCount:4]]
[2022.04.05-11.15.31:400][  0]LogConfig: Setting CVar [[r.LightMaxDrawDistanceScale:1]]
[2022.04.05-11.15.31:400][  0]LogConfig: Setting CVar [[r.CapsuleShadows:1]]
[2022.04.05-11.15.31:400][  0]LogConfig: Applying CVar settings from Section [PostProcessQuality@3] File [C:/Users/qwe_o/Documents/GitHub/P8ToBeAnnounced/P8_VR_Home/Saved/Config/Windows/Scalability.ini]
[2022.04.05-11.15.31:400][  0]LogConfig: Setting CVar [[r.MotionBlurQuality:4]]
[2022.04.05-11.15.31:400][  0]LogConfig: Setting CVar [[r.AmbientOcclusionMipLevelFactor:0.4]]
[2022.04.05-11.15.31:400][  0]LogConfig: Setting CVar [[r.AmbientOcclusionMaxQuality:100]]
[2022.04.05-11.15.31:400][  0]LogConfig: Setting CVar [[r.AmbientOcclusionLevels:-1]]
[2022.04.05-11.15.31:400][  0]LogConfig: Setting CVar [[r.AmbientOcclusionRadiusScale:1.0]]
[2022.04.05-11.15.31:400][  0]LogConfig: Setting CVar [[r.DepthOfFieldQuality:2]]
[2022.04.05-11.15.31:400][  0]LogConfig: Setting CVar [[r.RenderTargetPoolMin:400]]
[2022.04.05-11.15.31:400][  0]LogConfig: Setting CVar [[r.LensFlareQuality:2]]
[2022.04.05-11.15.31:400][  0]LogConfig: Setting CVar [[r.SceneColorFringeQuality:1]]
[2022.04.05-11.15.31:400][  0]LogConfig: Setting CVar [[r.EyeAdaptationQuality:2]]
[2022.04.05-11.15.31:400][  0]LogConfig: Setting CVar [[r.BloomQuality:5]]
[2022.04.05-11.15.31:400][  0]LogConfig: Setting CVar [[r.FastBlurThreshold:100]]
[2022.04.05-11.15.31:400][  0]LogConfig: Setting CVar [[r.Upscale.Quality:3]]
[2022.04.05-11.15.31:400][  0]LogConfig: Setting CVar [[r.Tonemapper.GrainQuantization:1]]
[2022.04.05-11.15.31:400][  0]LogConfig: Setting CVar [[r.LightShaftQuality:1]]
[2022.04.05-11.15.31:400][  0]LogConfig: Setting CVar [[r.Filter.SizeScale:1]]
[2022.04.05-11.15.31:400][  0]LogConfig: Setting CVar [[r.Tonemapper.Quality:5]]
[2022.04.05-11.15.31:400][  0]LogConfig: Setting CVar [[r.DOF.Gather.AccumulatorQuality:1        ; higher gathering accumulator quality]]
[2022.04.05-11.15.31:400][  0]LogConfig: Setting CVar [[r.DOF.Gather.PostfilterMethod:1          ; Median3x3 postfilering method]]
[2022.04.05-11.15.31:400][  0]LogConfig: Setting CVar [[r.DOF.Gather.EnableBokehSettings:0       ; no bokeh simulation when gathering]]
[2022.04.05-11.15.31:400][  0]LogConfig: Setting CVar [[r.DOF.Gather.RingCount:4                 ; medium number of samples when gathering]]
[2022.04.05-11.15.31:400][  0]LogConfig: Setting CVar [[r.DOF.Scatter.ForegroundCompositing:1    ; additive foreground scattering]]
[2022.04.05-11.15.31:400][  0]LogConfig: Setting CVar [[r.DOF.Scatter.BackgroundCompositing:2    ; additive background scattering]]
[2022.04.05-11.15.31:400][  0]LogConfig: Setting CVar [[r.DOF.Scatter.EnableBokehSettings:1      ; bokeh simulation when scattering]]
[2022.04.05-11.15.31:400][  0]LogConfig: Setting CVar [[r.DOF.Scatter.MaxSpriteRatio:0.1         ; only a maximum of 10% of scattered bokeh]]
[2022.04.05-11.15.31:400][  0]LogConfig: Setting CVar [[r.DOF.Recombine.Quality:1                ; cheap slight out of focus]]
[2022.04.05-11.15.31:400][  0]LogConfig: Setting CVar [[r.DOF.Recombine.EnableBokehSettings:0    ; no bokeh simulation on slight out of focus]]
[2022.04.05-11.15.31:400][  0]LogConfig: Setting CVar [[r.DOF.TemporalAAQuality:1                ; more stable temporal accumulation]]
[2022.04.05-11.15.31:400][  0]LogConfig: Setting CVar [[r.DOF.Kernel.MaxForegroundRadius:0.025]]
[2022.04.05-11.15.31:400][  0]LogConfig: Setting CVar [[r.DOF.Kernel.MaxBackgroundRadius:0.025]]
[2022.04.05-11.15.31:400][  0]LogConfig: Applying CVar settings from Section [TextureQuality@3] File [C:/Users/qwe_o/Documents/GitHub/P8ToBeAnnounced/P8_VR_Home/Saved/Config/Windows/Scalability.ini]
[2022.04.05-11.15.31:400][  0]LogConfig: Setting CVar [[r.Streaming.MipBias:0]]
[2022.04.05-11.15.31:400][  0]LogConfig: Setting CVar [[r.Streaming.AmortizeCPUToGPUCopy:0]]
[2022.04.05-11.15.31:401][  0]LogConfig: Setting CVar [[r.Streaming.MaxNumTexturesToStreamPerFrame:0]]
[2022.04.05-11.15.31:401][  0]LogConfig: Setting CVar [[r.Streaming.Boost:1]]
[2022.04.05-11.15.31:401][  0]LogConfig: Setting CVar [[r.MaxAnisotropy:8]]
[2022.04.05-11.15.31:401][  0]LogConfig: Setting CVar [[r.VT.MaxAnisotropy:8]]
[2022.04.05-11.15.31:401][  0]LogConfig: Setting CVar [[r.Streaming.LimitPoolSizeToVRAM:0]]
[2022.04.05-11.15.31:401][  0]LogConfig: Setting CVar [[r.Streaming.PoolSize:1000]]
[2022.04.05-11.15.31:401][  0]LogConfig: Setting CVar [[r.Streaming.MaxEffectiveScreenSize:0]]
[2022.04.05-11.15.31:401][  0]LogConfig: Applying CVar settings from Section [EffectsQuality@3] File [C:/Users/qwe_o/Documents/GitHub/P8ToBeAnnounced/P8_VR_Home/Saved/Config/Windows/Scalability.ini]
[2022.04.05-11.15.31:401][  0]LogConfig: Setting CVar [[r.TranslucencyLightingVolumeDim:64]]
[2022.04.05-11.15.31:401][  0]LogConfig: Setting CVar [[r.RefractionQuality:2]]
[2022.04.05-11.15.31:401][  0]LogConfig: Setting CVar [[r.SSR.Quality:3]]
[2022.04.05-11.15.31:401][  0]LogConfig: Setting CVar [[r.SSR.HalfResSceneColor:0]]
[2022.04.05-11.15.31:401][  0]LogConfig: Setting CVar [[r.SceneColorFormat:4]]
[2022.04.05-11.15.31:401][  0]LogConfig: Setting CVar [[r.DetailMode:2]]
[2022.04.05-11.15.31:401][  0]LogConfig: Setting CVar [[r.TranslucencyVolumeBlur:1]]
[2022.04.05-11.15.31:401][  0]LogConfig: Setting CVar [[r.MaterialQualityLevel:1 ; High quality]]
[2022.04.05-11.15.31:401][  0]LogConfig: Setting CVar [[r.AnisotropicMaterials:1]]
[2022.04.05-11.15.31:401][  0]LogConfig: Setting CVar [[r.SSS.Scale:1]]
[2022.04.05-11.15.31:401][  0]LogConfig: Setting CVar [[r.SSS.SampleSet:2]]
[2022.04.05-11.15.31:401][  0]LogConfig: Setting CVar [[r.SSS.Quality:1]]
[2022.04.05-11.15.31:401][  0]LogConfig: Setting CVar [[r.SSS.HalfRes:0]]
[2022.04.05-11.15.31:401][  0]LogConfig: Setting CVar [[r.SSGI.Quality:3]]
[2022.04.05-11.15.31:401][  0]LogConfig: Setting CVar [[r.EmitterSpawnRateScale:1.0]]
[2022.04.05-11.15.31:401][  0]LogConfig: Setting CVar [[r.ParticleLightQuality:2]]
[2022.04.05-11.15.31:401][  0]LogConfig: Setting CVar [[r.SkyAtmosphere.AerialPerspectiveLUT.FastApplyOnOpaque:1 ; Always have FastSkyLUT 1 in this case to avoid wrong sky]]
[2022.04.05-11.15.31:401][  0]LogConfig: Setting CVar [[r.SkyAtmosphere.AerialPerspectiveLUT.SampleCountMaxPerSlice:4]]
[2022.04.05-11.15.31:401][  0]LogConfig: Setting CVar [[r.SkyAtmosphere.AerialPerspectiveLUT.DepthResolution:16.0]]
[2022.04.05-11.15.31:401][  0]LogConfig: Setting CVar [[r.SkyAtmosphere.FastSkyLUT:1]]
[2022.04.05-11.15.31:401][  0]LogConfig: Setting CVar [[r.SkyAtmosphere.FastSkyLUT.SampleCountMin:4.0]]
[2022.04.05-11.15.31:401][  0]LogConfig: Setting CVar [[r.SkyAtmosphere.FastSkyLUT.SampleCountMax:128.0]]
[2022.04.05-11.15.31:401][  0]LogConfig: Setting CVar [[r.SkyAtmosphere.SampleCountMin:4.0]]
[2022.04.05-11.15.31:401][  0]LogConfig: Setting CVar [[r.SkyAtmosphere.SampleCountMax:128.0]]
[2022.04.05-11.15.31:401][  0]LogConfig: Setting CVar [[r.SkyAtmosphere.TransmittanceLUT.UseSmallFormat:0]]
[2022.04.05-11.15.31:401][  0]LogConfig: Setting CVar [[r.SkyAtmosphere.TransmittanceLUT.SampleCount:10.0]]
[2022.04.05-11.15.31:401][  0]LogConfig: Setting CVar [[r.SkyAtmosphere.MultiScatteringLUT.SampleCount:15.0]]
[2022.04.05-11.15.31:401][  0]LogConfig: Setting CVar [[r.SkyLight.RealTimeReflectionCapture:1]]
[2022.04.05-11.15.31:401][  0]LogConfig: Applying CVar settings from Section [FoliageQuality@3] File [C:/Users/qwe_o/Documents/GitHub/P8ToBeAnnounced/P8_VR_Home/Saved/Config/Windows/Scalability.ini]
[2022.04.05-11.15.31:401][  0]LogConfig: Setting CVar [[foliage.DensityScale:1.0]]
[2022.04.05-11.15.31:401][  0]LogConfig: Setting CVar [[grass.DensityScale:1.0]]
[2022.04.05-11.15.31:401][  0]LogConfig: Applying CVar settings from Section [ShadingQuality@3] File [C:/Users/qwe_o/Documents/GitHub/P8ToBeAnnounced/P8_VR_Home/Saved/Config/Windows/Scalability.ini]
[2022.04.05-11.15.31:401][  0]LogConfig: Setting CVar [[r.HairStrands.SkyLighting.IntegrationType:2]]
[2022.04.05-11.15.31:401][  0]LogConfig: Setting CVar [[r.HairStrands.SkyAO.SampleCount:4]]
[2022.04.05-11.15.31:401][  0]LogConfig: Setting CVar [[r.HairStrands.Visibility.MSAA.SamplePerPixel:4]]
[2022.04.05-11.15.31:401][  0]LogConfig: Applying CVar settings from Section [Startup] File [../../../Engine/Config/ConsoleVariables.ini]
[2022.04.05-11.15.31:401][  0]LogConfig: Setting CVar [[net.UseAdaptiveNetUpdateFrequency:0]]
[2022.04.05-11.15.31:401][  0]LogConfig: Setting CVar [[p.chaos.AllowCreatePhysxBodies:1]]
[2022.04.05-11.15.31:401][  0]LogConfig: Setting CVar [[fx.SkipVectorVMBackendOptimizations:1]]
[2022.04.05-11.15.31:401][  0]LogConfig: Applying CVar settings from Section [ConsoleVariables] File [C:/Users/qwe_o/Documents/GitHub/P8ToBeAnnounced/P8_VR_Home/Saved/Config/Windows/Engine.ini]
[2022.04.05-11.15.31:401][  0]LogConfig: Applying CVar settings from Section [ConsoleVariables] File [C:/Users/qwe_o/Documents/GitHub/P8ToBeAnnounced/P8_VR_Home/Saved/Config/Windows/Editor.ini]
[2022.04.05-11.15.31:401][  0]LogInit: Computer: LAPTOP-ILHQTL53
[2022.04.05-11.15.31:401][  0]LogInit: User: qweo
[2022.04.05-11.15.31:401][  0]LogInit: CPU Page size=4096, Cores=6
[2022.04.05-11.15.31:401][  0]LogInit: High frequency timer resolution =10.000000 MHz
[2022.04.05-11.15.31:401][  0]LogMemory: Memory total: Physical=15.9GB (16GB approx)
[2022.04.05-11.15.31:401][  0]LogMemory: Platform Memory Stats for Windows
[2022.04.05-11.15.31:401][  0]LogMemory: Process Physical Memory: 145.73 MB used, 145.74 MB peak
[2022.04.05-11.15.31:401][  0]LogMemory: Process Virtual Memory: 117.35 MB used, 117.35 MB peak
[2022.04.05-11.15.31:402][  0]LogMemory: Physical Memory: 8835.13 MB used,  7400.93 MB free, 16236.06 MB total
[2022.04.05-11.15.31:402][  0]LogMemory: Virtual Memory: 134194984.00 MB used,  22747.19 MB free, 134217728.00 MB total
[2022.04.05-11.15.31:429][  0]LogWindows: WindowsPlatformFeatures enabled
[2022.04.05-11.15.31:455][  0]LogInit: Physics initialised using underlying interface: PhysX
[2022.04.05-11.15.31:456][  0]LogInit: Using OS detected language (en-US).
[2022.04.05-11.15.31:456][  0]LogInit: Using OS detected locale (da-DK).
[2022.04.05-11.15.31:459][  0]LogTextLocalizationManager: No specific localization for 'en-US' exists, so the 'en' localization will be used.
[2022.04.05-11.15.31:619][  0]LogInit: Setting process to per monitor DPI aware
[2022.04.05-11.15.31:627][  0]LogWindowsTextInputMethodSystem: Display: IME system deactivated.
[2022.04.05-11.15.31:638][  0]LogSlate: New Slate User Created.  User Index 0, Is Virtual User: 0
[2022.04.05-11.15.31:638][  0]LogSlate: Slate User Registered.  User Index 0, Is Virtual User: 0
[2022.04.05-11.15.31:745][  0]LogD3D11RHI: Loaded GFSDK_Aftermath_Lib.x64.dll
[2022.04.05-11.15.31:768][  0]LogHMD: Optional extension XR_VARJO_quad_views is not available
[2022.04.05-11.15.31:768][  0]LogHMD: Warning: Required extension XR_EXT_eye_gaze_interaction is not available
[2022.04.05-11.15.31:768][  0]LogHMD: Could not enable all required OpenXR extensions for OpenXREyeTracker on current system. This plugin will be loaded but ignored, but will be enabled on a target platform that supports the required extension.
[2022.04.05-11.15.32:270][  0]LogHMD: Failed to get an OpenXR system, result is XR_ERROR_FORM_FACTOR_UNAVAILABLE. Please check that your runtime supports VR headsets.
[2022.04.05-11.15.32:270][  0]LogD3D11RHI: D3D11 min allowed feature level: 11_0
[2022.04.05-11.15.32:270][  0]LogD3D11RHI: D3D11 max allowed feature level: 11_0
[2022.04.05-11.15.32:270][  0]LogD3D11RHI: D3D11 adapters:
[2022.04.05-11.15.32:354][  0]LogD3D11RHI:    0. 'NVIDIA GeForce RTX 3070 Laptop GPU' (Feature Level 11_0)
[2022.04.05-11.15.32:354][  0]LogD3D11RHI:       8044/0/8118 MB DedicatedVideo/DedicatedSystem/SharedSystem, Outputs:1, VendorId:0x10de
[2022.04.05-11.15.32:356][  0]LogD3D11RHI:    1. 'Microsoft Basic Render Driver' (Feature Level 11_0)
[2022.04.05-11.15.32:356][  0]LogD3D11RHI:       0/0/8118 MB DedicatedVideo/DedicatedSystem/SharedSystem, Outputs:0, VendorId:0x1414
[2022.04.05-11.15.32:356][  0]LogD3D11RHI: Chosen D3D11 Adapter:
[2022.04.05-11.15.32:356][  0]LogD3D11RHI:     Description : NVIDIA GeForce RTX 3070 Laptop GPU
[2022.04.05-11.15.32:356][  0]LogD3D11RHI:     VendorId    : 10de
[2022.04.05-11.15.32:356][  0]LogD3D11RHI:     DeviceId    : 24dd
[2022.04.05-11.15.32:356][  0]LogD3D11RHI:     SubSysId    : 3a4f17aa
[2022.04.05-11.15.32:356][  0]LogD3D11RHI:     Revision    : 00a1
[2022.04.05-11.15.32:356][  0]LogD3D11RHI:     DedicatedVideoMemory : 8434745344 bytes
[2022.04.05-11.15.32:356][  0]LogD3D11RHI:     DedicatedSystemMemory : 0 bytes
[2022.04.05-11.15.32:356][  0]LogD3D11RHI:     SharedSystemMemory : 8512370688 bytes
[2022.04.05-11.15.32:356][  0]LogD3D11RHI:     AdapterLuid : 0 53790
[2022.04.05-11.15.32:362][  0]LogD3D11RHI: Creating new Direct3DDevice
[2022.04.05-11.15.32:362][  0]LogD3D11RHI:     GPU DeviceId: 0x24dd (for the marketing name, search the web for "GPU Device Id")
[2022.04.05-11.15.32:362][  0]LogWindows: EnumDisplayDevices:
[2022.04.05-11.15.32:362][  0]LogWindows:    0. 'NVIDIA GeForce RTX 3070 Laptop GPU' (P:1 D:1)
[2022.04.05-11.15.32:362][  0]LogWindows:    1. 'NVIDIA GeForce RTX 3070 Laptop GPU' (P:0 D:0)
[2022.04.05-11.15.32:362][  0]LogWindows:    2. 'NVIDIA GeForce RTX 3070 Laptop GPU' (P:0 D:0)
[2022.04.05-11.15.32:363][  0]LogWindows:    3. 'NVIDIA GeForce RTX 3070 Laptop GPU' (P:0 D:0)
[2022.04.05-11.15.32:363][  0]LogWindows: DebugString: FoundDriverCount:4 
[2022.04.05-11.15.32:363][  0]LogD3D11RHI:     Adapter Name: NVIDIA GeForce RTX 3070 Laptop GPU
[2022.04.05-11.15.32:363][  0]LogD3D11RHI:   Driver Version: 466.92 (internal:27.21.14.6692, unified:466.92)
[2022.04.05-11.15.32:363][  0]LogD3D11RHI:      Driver Date: 7-18-2021
[2022.04.05-11.15.32:363][  0]LogRHI: Texture pool is 5630 MB (70% of 8044 MB)
[2022.04.05-11.15.32:363][  0]LogD3D11RHI: Creating D3DDevice using adapter:
[2022.04.05-11.15.32:363][  0]LogD3D11RHI:     Description : NVIDIA GeForce RTX 3070 Laptop GPU
[2022.04.05-11.15.32:363][  0]LogD3D11RHI:     VendorId    : 10de
[2022.04.05-11.15.32:363][  0]LogD3D11RHI:     DeviceId    : 24dd
[2022.04.05-11.15.32:363][  0]LogD3D11RHI:     SubSysId    : 3a4f17aa
[2022.04.05-11.15.32:363][  0]LogD3D11RHI:     Revision    : 00a1
[2022.04.05-11.15.32:363][  0]LogD3D11RHI:     DedicatedVideoMemory : 8434745344 bytes
[2022.04.05-11.15.32:363][  0]LogD3D11RHI:     DedicatedSystemMemory : 0 bytes
[2022.04.05-11.15.32:363][  0]LogD3D11RHI:     SharedSystemMemory : 8512370688 bytes
[2022.04.05-11.15.32:363][  0]LogD3D11RHI:     AdapterLuid : 0 53790
[2022.04.05-11.15.32:426][  0]LogD3D11RHI: RHI has support for 64 bit atomics
[2022.04.05-11.15.32:426][  0]LogD3D11RHI: Async texture creation enabled
[2022.04.05-11.15.32:426][  0]LogD3D11RHI: Array index from any shader is supported
[2022.04.05-11.15.32:446][  0]LogD3D11RHI: GPU Timing Frequency: 1000.000000 (Debug: 2 1)
[2022.04.05-11.15.32:457][  0]LogRHI: GeForceNow SDK initialized: 1
[2022.04.05-11.15.32:921][  0]LogTargetPlatformManager: Display: Loaded TargetPlatform 'AllDesktop'
[2022.04.05-11.15.32:940][  0]LogTargetPlatformManager: Display: Loaded TargetPlatform 'Android'
[2022.04.05-11.15.32:940][  0]LogTargetPlatformManager: Display: Loaded TargetPlatform 'Android_ASTC'
[2022.04.05-11.15.32:940][  0]LogTargetPlatformManager: Display: Loaded TargetPlatform 'Android_DXT'
[2022.04.05-11.15.32:940][  0]LogTargetPlatformManager: Display: Loaded TargetPlatform 'Android_ETC2'
[2022.04.05-11.15.32:940][  0]LogTargetPlatformManager: Display: Loaded TargetPlatform 'AndroidClient'
[2022.04.05-11.15.32:940][  0]LogTargetPlatformManager: Display: Loaded TargetPlatform 'Android_ASTCClient'
[2022.04.05-11.15.32:940][  0]LogTargetPlatformManager: Display: Loaded TargetPlatform 'Android_DXTClient'
[2022.04.05-11.15.32:940][  0]LogTargetPlatformManager: Display: Loaded TargetPlatform 'Android_ETC2Client'
[2022.04.05-11.15.32:940][  0]LogTargetPlatformManager: Display: Loaded TargetPlatform 'Android_Multi'
[2022.04.05-11.15.32:940][  0]LogTargetPlatformManager: Display: Loaded TargetPlatform 'Android_MultiClient'
[2022.04.05-11.15.32:955][  0]LogTargetPlatformManager: Display: Loaded TargetPlatform 'IOSClient'
[2022.04.05-11.15.32:955][  0]LogTargetPlatformManager: Display: Loaded TargetPlatform 'IOS'
[2022.04.05-11.15.32:963][  0]LogTargetPlatformManager: Display: Loaded TargetPlatform 'Linux'
[2022.04.05-11.15.32:966][  0]LogTargetPlatformManager: Display: Loaded TargetPlatform 'LinuxNoEditor'
[2022.04.05-11.15.32:969][  0]LogTargetPlatformManager: Display: Loaded TargetPlatform 'LinuxClient'
[2022.04.05-11.15.32:973][  0]LogTargetPlatformManager: Display: Loaded TargetPlatform 'LinuxServer'
[2022.04.05-11.15.32:981][  0]LogTargetPlatformManager: Display: Loaded TargetPlatform 'LinuxAArch64NoEditor'
[2022.04.05-11.15.32:984][  0]LogTargetPlatformManager: Display: Loaded TargetPlatform 'LinuxAArch64Client'
[2022.04.05-11.15.32:987][  0]LogTargetPlatformManager: Display: Loaded TargetPlatform 'LinuxAArch64Server'
[2022.04.05-11.15.33:008][  0]LogTargetPlatformManager: Display: Loaded TargetPlatform 'Lumin'
[2022.04.05-11.15.33:009][  0]LogTargetPlatformManager: Display: Loaded TargetPlatform 'LuminClient'
[2022.04.05-11.15.33:016][  0]LogTargetPlatformManager: Display: Loaded TargetPlatform 'MacNoEditor'
[2022.04.05-11.15.33:019][  0]LogTargetPlatformManager: Display: Loaded TargetPlatform 'Mac'
[2022.04.05-11.15.33:022][  0]LogTargetPlatformManager: Display: Loaded TargetPlatform 'MacClient'
[2022.04.05-11.15.33:026][  0]LogTargetPlatformManager: Display: Loaded TargetPlatform 'MacServer'
[2022.04.05-11.15.33:035][  0]LogTargetPlatformManager: Display: Loaded TargetPlatform 'TVOSClient'
[2022.04.05-11.15.33:035][  0]LogTargetPlatformManager: Display: Loaded TargetPlatform 'TVOS'
[2022.04.05-11.15.33:043][  0]LogTargetPlatformManager: Display: Loaded TargetPlatform 'WindowsNoEditor'
[2022.04.05-11.15.33:047][  0]LogTargetPlatformManager: Display: Loaded TargetPlatform 'Windows'
[2022.04.05-11.15.33:050][  0]LogTargetPlatformManager: Display: Loaded TargetPlatform 'WindowsClient'
[2022.04.05-11.15.33:054][  0]LogTargetPlatformManager: Display: Loaded TargetPlatform 'WindowsServer'
[2022.04.05-11.15.33:054][  0]LogTargetPlatformManager: Display: Building Assets For Windows
[2022.04.05-11.15.33:059][  0]LogAudioDebug: Display: Lib vorbis DLL was dynamically loaded.
[2022.04.05-11.15.33:082][  0]LogTextureFormatOodle: Display: Oodle Texture 2.9.0 init RDO Off
[2022.04.05-11.15.33:103][  0]LogRendererCore: Ray tracing is disabled. Reason: r.RayTracing=0.
[2022.04.05-11.15.33:103][  0]LogShaderCompilers: Guid format shader working directory is -28 characters bigger than the processId version (../../../../../../Users/qwe_o/Documents/GitHub/P8ToBeAnnounced/P8_VR_Home/Intermediate/Shaders/WorkingDirectory/18372/).
[2022.04.05-11.15.33:103][  0]LogShaderCompilers: Cleaned the shader compiler working directory 'C:/Users/qwe_o/AppData/Local/Temp/UnrealShaderWorkingDir/4289DB8A436BD12322107CB7FE01BDBE/'.
[2022.04.05-11.15.33:103][  0]LogXGEController: Cannot use XGE Controller as Incredibuild is not installed on this machine.
[2022.04.05-11.15.33:103][  0]LogShaderCompilers: Cannot use XGE Shader Compiler as Incredibuild is not installed on this machine.
[2022.04.05-11.15.33:103][  0]LogShaderCompilers: Display: Using Local Shader Compiler.
[2022.04.05-11.15.33:683][  0]LogDerivedDataCache: Display: Max Cache Size: 512 MB
[2022.04.05-11.15.33:747][  0]LogDerivedDataCache: Loaded boot cache 0.06s 124MB C:/Users/qwe_o/AppData/Local/UnrealEngine/4.27/DerivedDataCache/Boot.ddc.
[2022.04.05-11.15.33:747][  0]LogDerivedDataCache: Display: Loaded Boot cache: C:/Users/qwe_o/AppData/Local/UnrealEngine/4.27/DerivedDataCache/Boot.ddc
[2022.04.05-11.15.33:747][  0]LogDerivedDataCache: FDerivedDataBackendGraph:  Pak pak cache file ../../../../../../Users/qwe_o/Documents/GitHub/P8ToBeAnnounced/P8_VR_Home/DerivedDataCache/DDC.ddp not found, will not use a pak cache.
[2022.04.05-11.15.33:747][  0]LogDerivedDataCache: Unable to find inner node Pak for hierarchical cache Hierarchy.
[2022.04.05-11.15.33:747][  0]LogDerivedDataCache: FDerivedDataBackendGraph:  CompressedPak pak cache file ../../../../../../Users/qwe_o/Documents/GitHub/P8ToBeAnnounced/P8_VR_Home/DerivedDataCache/Compressed.ddp not found, will not use a pak cache.
[2022.04.05-11.15.33:747][  0]LogDerivedDataCache: Unable to find inner node CompressedPak for hierarchical cache Hierarchy.
[2022.04.05-11.15.33:763][  0]LogDerivedDataCache: Display: Pak cache opened for reading ../../../Engine/DerivedDataCache/Compressed.ddp.
[2022.04.05-11.15.33:763][  0]LogDerivedDataCache: FDerivedDataBackendGraph:  EnterprisePak pak cache file ../../../Enterprise/DerivedDataCache/Compressed.ddp not found, will not use a pak cache.
[2022.04.05-11.15.33:763][  0]LogDerivedDataCache: Unable to find inner node EnterprisePak for hierarchical cache Hierarchy.
[2022.04.05-11.15.33:773][  0]LogDerivedDataCache: Speed tests for C:/Users/qwe_o/AppData/Local/UnrealEngine/Common/DerivedDataCache took 0.01 seconds
[2022.04.05-11.15.33:773][  0]LogDerivedDataCache: Display: Performance to C:/Users/qwe_o/AppData/Local/UnrealEngine/Common/DerivedDataCache: Latency=0.02ms. RandomReadSpeed=361.23MBs, RandomWriteSpeed=128.22MBs. Assigned SpeedClass 'Local'
[2022.04.05-11.15.33:774][  0]LogDerivedDataCache: Using Local data cache path C:/Users/qwe_o/AppData/Local/UnrealEngine/Common/DerivedDataCache: Writable
[2022.04.05-11.15.33:774][  0]LogDerivedDataCache: Shared data cache path not found in *engine.ini, will not use an Shared cache.
[2022.04.05-11.15.33:774][  0]LogDerivedDataCache: Unable to find inner node Shared for hierarchical cache Hierarchy.
[2022.04.05-11.15.33:810][  0]LogSlate: Using FreeType 2.10.0
[2022.04.05-11.15.33:811][  0]LogSlate: SlateFontServices - WITH_FREETYPE: 1, WITH_HARFBUZZ: 1
[2022.04.05-11.15.34:311][  0]LogHMD: Failed to get an OpenXR system, result is XR_ERROR_FORM_FACTOR_UNAVAILABLE. Please check that your runtime supports VR headsets.
[2022.04.05-11.15.34:332][  0]LogAssetRegistry: FAssetRegistry took 0.0028 seconds to start up
[2022.04.05-11.15.34:544][  0]LogInit: Selected Device Profile: [Windows]
[2022.04.05-11.15.34:544][  0]LogInit: Active device profile: [0000017B1B2D6900][0000017B19A57540 49] Windows
[2022.04.05-11.15.34:544][  0]LogInit: Profiles: [0000017B1B2D6900][0000017B19A57540 49] Windows, [0000017B1B285900][0000017B19A5F6C0 49] WindowsNoEditor, [0000017B1B2D5900][0000017B19A63840 49] WindowsServer, [0000017B1B286700][0000017B19A679C0 49] WindowsClient, [0000017B1B2D6A00][0000017B19A6BB40 49] IOS, [0000017B1B287F00][0000017B19A6E140 49] iPadAir, [0000017B1B2D6600][0000017B19A722C0 49] iPadAir2, [0000017B1B226C00][0000017B19A7A580 49] IPadPro, [0000017B1B226D00][0000017B19A765C0 49] iPadAir3, [0000017B1B2D5C00][0000017B19608740 49] iPadAir4, [0000017B1B227300][0000017B1960C8C0 49] iPadMini2, [0000017B1B2D5E00][0000017B19610A40 49] iPadMini3, [0000017B1B225600][0000017B19614BC0 49] iPadMini4, [0000017B1B2D7000][0000017B19618D40 49] iPadMini5, [0000017B1B276500][0000017B19A5AFC0 49] iPhone6, [0000017B1B276600][0000017B1961D000 49] iPodTouch6, [0000017B1B225300][0000017B19625240 49] iPhone7, [0000017B1B225200][0000017B19621280 49] iPodTouch7, [0000017B1B276B00][0000017B196293C0 49] iPhone5S, [0000017B1B224C00][0000017B19631540 49] iPhone6Plus, [0000017B1B275600][0000017B196356C0 49] iPhone6S, [0000017B1B226700][0000017B19639840 49] iPhone6SPlus, [0000017B1B275400][0000017B1963D9C0 49] iPhone7Plus, [0000017B1B224700][0000017B19641B40 49] iPhoneSE, [0000017B1B276200][0000017B19644140 49] iPhone8, [0000017B1B225500][0000017B196482C0 49] iPhone8Plus, [0000017B1B276100][0000017B1964C440 49] iPhoneX, [0000017B1B226600][0000017B196505C0 49] iPhoneXS, [0000017B1B274200][0000017B19654740 49] iPhoneXSMax, [0000017B1B225B00][0000017B196588C0 49] iPhoneXR, [0000017B1B276F00][0000017B1965CA40 49] iPhone11, [0000017B1B227700][0000017B19660BC0 49] iPhone11Pro, [0000017B1B275000][0000017B19664D40 49] iPhone11ProMax, [0000017B1B226A00][0000017B19668EC0 49] iPhoneSE2, [0000017B1B277900][0000017B1966D040 49] iPhone12Mini, [0000017B1B227200][0000017B1962D180 49] iPhone12, [0000017B1B274C00][0000017B18E792C0 49] iPhone12Pro, [0000017B1B227C00][0000017B18EF1400 49] iPhone12ProMax, [0000017B1B275A00][0000017B18F17540 49] iPadPro105, [0000017B1B225800][0000017B18F236C0 49] iPadPro129, [0000017B1B275800][0000017B18F93840 49] iPadPro97, [0000017B1B227900][0000017B18F979C0 49] iPadPro2_129, [0000017B1B276A00][0000017B18F9BB40 49] iPad5, [0000017B1B227500][0000017B18F9E140 49] iPad6, [0000017B1B277400][0000017B18FEA2C0 49] iPad7, [0000017B1B225D00][0000017B18FEE440 49] iPad8, [0000017B1B275B00][0000017B18FF25C0 49] iPadPro11, [0000017B1B328900][0000017B19074740 49] iPadPro2_11, [0000017B1B287200][0000017B190788C0 49] iPadPro3_129, [0000017B1B328700][0000017B1907CA40 49] iPadPro4_129, [0000017B1B285400][0000017B19080BC0 49] AppleTV, [0000017B1B329200][0000017B19084D40 49] AppleTV4K, [0000017B1B287800][0000017B19088EC0 49] TVOS, [0000017B1B328C00][0000017B1908D040 49] Mac, [0000017B1B285800][0000017B190911C0 49] MacClient, [0000017B1B328200][0000017B19095340 49] MacNoEditor, [0000017B1B287500][0000017B18F1F480 49] MacServer, [0000017B1B328E00][0000017B165635C0 49] Linux, [0000017B1B285500][0000017B16567700 49] LinuxAArch64, [0000017B1B328D00][0000017B1656F880 49] LinuxNoEditor, [0000017B1B285000][0000017B16573A00 49] LinuxAArch64NoEditor, [0000017B1B277500][0000017B16577B80 49] LinuxClient, [0000017B1B225400][0000017B1657A180 49] LinuxAArch64Client, [0000017B1B276000][0000017B0C8D0300 49] LinuxServer, [0000017B1B224900][0000017B0C8D4480 49] LinuxAArch64Server, [0000017B1B277E00][0000017B0C8D8600 49] Android, [0000017B1B226400][0000017B0C8DC780 49] Android_Low, [0000017B1B277A00][0000017B0C8E0900 49] Android_Mid, [0000017B1B227400][0000017B0C8E4A80 49] Android_High, [0000017B1B275300][0000017B1659CC00 49] Android_Default, [0000017B1B224100][0000017B165A0D80 49] Android_Adreno4xx, [0000017B1B275F00][0000017B165A4F00 49] Android_Adreno5xx_Low, [0000017B1B225000][0000017B165A9080 49] Android_Adreno5xx, [0000017B1B274800][0000017B165AD200 49] Android_Adreno6xx, [0000017B1B225A00][0000017B165B1380 49] Android_Adreno6xx_Vulkan, [0000017B1B275900][0000017B18CC5500 49] Android_Mali_T6xx, [0000017B1B224A00][0000017B1656B640 49] Android_Mali_T7xx, [0000017B1B276400][0000017B18CC9780 49] Android_Mali_T8xx, [0000017B1B225900][0000017B18CCD8C0 49] Android_Mali_G71, [0000017B1B274B00][0000017B18CD5A40 49] Android_Mali_G72, [0000017B1B227E00][0000017B18CD9BC0 49] Android_Mali_G72_Vulkan, [0000017B1B276700][0000017B18CDC1C0 49] Android_Mali_G76, [0000017B1B227F00][0000017B18CE0340 49] Android_Mali_G76_Vulkan, [0000017B1B277D00][0000017B18CE44C0 49] Android_Mali_G77, [0000017B1B224E00][0000017B18CE8640 49] Android_Mali_G77_Vulkan, [0000017B1B275700][0000017B18CEC7C0 49] Android_Mali_G78, [0000017B1B227800][0000017B18CF0940 49] Android_Mali_G78_Vulkan, [0000017B1B328800][0000017B18CF4AC0 49] Android_Mali_G710, [0000017B1B226E00][0000017B18CF8C40 49] Android_Mali_G710_Vulkan, [0000017B1B329900][0000017B18CFCDC0 49] Android_Vulkan_SM5, [0000017B1B224600][0000017B18D00F40 49] Android_PowerVR_G6xxx, [0000017B1B275200][0000017B18D050C0 49] Android_PowerVR_GT7xxx, [0000017B1B225E00][0000017B18D09240 49] Android_PowerVR_GE8xxx, [0000017B1B276300][0000017B191ED3C0 49] Android_PowerVR_GM9xxx, [0000017B1B227000][0000017B191F1540 49] Android_PowerVR_GM9xxx_Vulkan, [0000017B1B275E00][0000017B165B56C0 49] Android_TegraK1, [0000017B1B227100][0000017B18CD1800 49] Android_Unknown_Vulkan, [0000017B1B276900][0000017B165B9940 49] Lumin, [0000017B1B226300][0000017B18F85A80 49] Lumin_Desktop, [0000017B1B274700][0000017B1904FBC0 49] HoloLens, 
[2022.04.05-11.15.34:659][  0]LogMeshReduction: Using QuadricMeshReduction for automatic static mesh reduction
[2022.04.05-11.15.34:659][  0]LogMeshReduction: Using SimplygonMeshReduction for automatic skeletal mesh reduction
[2022.04.05-11.15.34:659][  0]LogMeshReduction: Using ProxyLODMeshReduction for automatic mesh merging
[2022.04.05-11.15.34:659][  0]LogMeshReduction: No distributed automatic mesh merging module available
[2022.04.05-11.15.34:659][  0]LogMeshMerging: No distributed automatic mesh merging module available
[2022.04.05-11.15.34:671][  0]LogNetVersion: P8_VR_Home 1.0.0, NetCL: 17155196, EngineNetVer: 17, GameNetVer: 0 (Checksum: 1173850688)
[2022.04.05-11.15.34:966][  0]LogTexture: Default maximum texture size for cubemaps generated from long-lat sources has been changed from 512 to unlimited. In order to preserve old behaiour for '/Engine/MapTemplates/Sky/DaylightAmbientCubemap.DaylightAmbientCubemap', its maximum texture size has been explicitly set to 512.
[2022.04.05-11.15.35:017][  0]LogHMD: PokeAHoleMaterial loaded successfully
[2022.04.05-11.15.35:022][  0]LogUObjectArray: 17075 objects as part of root set at end of initial load.
[2022.04.05-11.15.35:022][  0]LogUObjectAllocator: 4275792 out of 0 bytes used by permanent object pool.
[2022.04.05-11.15.35:022][  0]LogUObjectArray: CloseDisregardForGC: 0/0 objects in disregard for GC pool
[2022.04.05-11.15.35:244][  0]LogNiagaraDebuggerClient: Niagara Debugger Client Initialized | Session: E4B2823E424FACA897E36690BA1F546D | Instance: D8864C56422C610EA6137BA117C5A3D5 (LAPTOP-ILHQTL53-18372).
[2022.04.05-11.15.35:338][  0]LogPython: Using Python 3.7.7
[2022.04.05-11.15.35:737][  0]LogTcpMessaging: Initializing TcpMessaging bridge
[2022.04.05-11.15.35:741][  0]LogUdpMessaging: Initializing bridge on interface 0.0.0.0:0 to multicast group 230.0.0.1:6666.
[2022.04.05-11.15.35:950][  0]SourceControl: Source control is disabled
[2022.04.05-11.15.35:950][  0]SourceControl: Source control is disabled
[2022.04.05-11.15.35:952][  0]SourceControl: Source control is disabled
[2022.04.05-11.15.35:954][  0]SourceControl: Source control is disabled
[2022.04.05-11.15.35:956][  0]SourceControl: Source control is disabled
[2022.04.05-11.15.35:963][  0]LogUProjectInfo: Found projects:
[2022.04.05-11.15.35:968][  0]LogVSAccessor: Display: Unable to create Visual Studio setup instance: 80040154
[2022.04.05-11.15.35:969][  0]LogVSAccessor: Display: Unable to create Visual Studio setup instance: 80040154
[2022.04.05-11.15.35:969][  0]LogVSAccessor: Display: Unable to create Visual Studio setup instance: 80040154
[2022.04.05-11.15.35:978][  0]LogTexture: Default maximum texture size for cubemaps generated from long-lat sources has been changed from 512 to unlimited. In order to preserve old behaiour for '/Engine/EditorMaterials/AssetViewer/EpicQuadPanorama_CC+EV1.EpicQuadPanorama_CC+EV1', its maximum texture size has been explicitly set to 512.
[2022.04.05-11.15.36:291][  0]LogOpenImageDenoise: OIDN starting up
[2022.04.05-11.15.36:306][  0]LogAndroidPermission: UAndroidPermissionCallbackProxy::GetInstance
[2022.04.05-11.15.36:319][  0]LogAudioCaptureCore: Display: No Audio Capture implementations found. Audio input will be silent.
[2022.04.05-11.15.36:319][  0]LogAudioCaptureCore: Display: No Audio Capture implementations found. Audio input will be silent.
[2022.04.05-11.15.36:416][  0]LogCollectionManager: Loaded 0 collections in 0.001353 seconds
[2022.04.05-11.15.36:436][  0]LogFileCache: Scanning file cache for directory 'C:/Users/qwe_o/Documents/GitHub/P8ToBeAnnounced/P8_VR_Home/Saved/Collections/' took 0.00s
[2022.04.05-11.15.36:436][  0]LogFileCache: Scanning file cache for directory 'C:/Users/qwe_o/Documents/GitHub/P8ToBeAnnounced/P8_VR_Home/Content/Developers/qweo/Collections/' took 0.00s
[2022.04.05-11.15.36:436][  0]LogFileCache: Scanning file cache for directory 'C:/Users/qwe_o/Documents/GitHub/P8ToBeAnnounced/P8_VR_Home/Content/Collections/' took 0.00s
[2022.04.05-11.15.36:436][  0]LogOcInput: OculusInput pre-init called
[2022.04.05-11.15.36:609][  0]LogEngine: Initializing Engine...
[2022.04.05-11.15.37:110][  0]LogHMD: Failed to get an OpenXR system, result is XR_ERROR_FORM_FACTOR_UNAVAILABLE. Please check that your runtime supports VR headsets.
[2022.04.05-11.15.37:110][  0]LogMagicLeap: Warning: VR disabled because ZI is not enabled.  To enable, in the editor, Edit -> Project Settings -> Plugins -> Magic Leap Plugin -> Enable Zero Iteration
[2022.04.05-11.15.37:111][  0]LogStats: UGameplayTagsManager::InitializeManager -  0.000 s
[2022.04.05-11.15.37:239][  0]LogInit: Initializing FReadOnlyCVARCache
[2022.04.05-11.15.37:246][  0]LogAIModule: Creating AISystem for world Untitled
[2022.04.05-11.15.37:257][  0]LogAudio: Display: Initializing Audio Device Manager...
[2022.04.05-11.15.37:259][  0]LogAudio: Display: Loading Default Audio Settings Objects...
[2022.04.05-11.15.37:260][  0]LogAudio: Display: No default SoundConcurrencyObject specified (or failed to load).
[2022.04.05-11.15.37:260][  0]LogAudio: Display: Audio Device Manager Initialized
[2022.04.05-11.15.37:260][  0]LogAudio: Display: Creating Audio Device:                 Id: 1, Scope: Shared, Realtime: True
[2022.04.05-11.15.37:260][  0]LogAudioMixer: Display: Audio Mixer Platform Settings:
[2022.04.05-11.15.37:260][  0]LogAudioMixer: Display: 	Sample Rate:						  48000
[2022.04.05-11.15.37:260][  0]LogAudioMixer: Display: 	Callback Buffer Frame Size Requested: 1024
[2022.04.05-11.15.37:260][  0]LogAudioMixer: Display: 	Callback Buffer Frame Size To Use:	  1024
[2022.04.05-11.15.37:260][  0]LogAudioMixer: Display: 	Number of buffers to queue:			  1
[2022.04.05-11.15.37:260][  0]LogAudioMixer: Display: 	Max Channels (voices):				  0
[2022.04.05-11.15.37:260][  0]LogAudioMixer: Display: 	Number of Async Source Workers:		  4
[2022.04.05-11.15.37:260][  0]LogAudio: Display: AudioDevice MaxSources: 32
[2022.04.05-11.15.37:261][  0]LogAudio: Display: Audio Spatialization Plugin: Resonance Audio is external send: 1
[2022.04.05-11.15.37:261][  0]LogAudio: Display: Audio Reverb Plugin: Resonance Audio
[2022.04.05-11.15.37:261][  0]LogAudio: Display: Audio Occlusion Plugin: None (built-in).
[2022.04.05-11.15.37:261][  0]LogAudioMixer: Display: Initializing audio mixer.
[2022.04.05-11.15.37:294][  0]LogAudioMixer: Display: 0: FrontLeft
[2022.04.05-11.15.37:294][  0]LogAudioMixer: Display: 1: FrontRight
[2022.04.05-11.15.38:308][  0]LogAudioMixer: Display: Using Audio Device Headphones (Oculus Virtual Audio Device)
[2022.04.05-11.15.38:311][  0]LogAudioMixer: Display: Initializing Sound Submixes...
[2022.04.05-11.15.38:313][  0]LogAudioMixer: Display: Creating Master Submix 'MasterSubmixDefault'
[2022.04.05-11.15.38:313][  0]LogAudioMixer: Display: Creating Master Submix 'MasterReverbSubmixDefault'
[2022.04.05-11.15.38:314][  0]LogAudioMixer: Display: Creating Master Submix 'MasterEQSubmixDefault'
[2022.04.05-11.15.38:315][  0]LogAudioMixer: FMixerPlatformXAudio2::StartAudioStream() called
[2022.04.05-11.15.38:315][  0]LogAudioMixer: Display: Output buffers initialized: Frames=1024, Channels=2, Samples=2048
[2022.04.05-11.15.38:316][  0]LogAudioMixer: Display: Starting AudioMixerPlatformInterface::RunInternal()
[2022.04.05-11.15.38:316][  0]LogAudioMixer: Display: FMixerPlatformXAudio2::SubmitBuffer() called for the first time
[2022.04.05-11.15.38:316][  0]LogInit: FAudioDevice initialized.
[2022.04.05-11.15.38:316][  0]LogAudio: Display: Audio Device (ID: 1) registered with world 'Untitled'.
[2022.04.05-11.15.38:316][  0]LogNetVersion: Set ProjectVersion to 1.0.0.0. Version Checksum will be recalculated on next use.
[2022.04.05-11.15.38:377][  0]LogDerivedDataCache: Saved boot cache 0.06s 140MB C:/Users/qwe_o/AppData/Local/UnrealEngine/4.27/DerivedDataCache/Boot.ddc.
[2022.04.05-11.15.38:383][  0]LogInit: Texture streaming: Enabled
[2022.04.05-11.15.38:392][  0]LogAnalytics: Display: [UEEditor.Rocket.Release] APIServer = https://datarouter.ol.epicgames.com/. AppVersion = 4.27.2-18319896+++UE4+Release-4.27
[2022.04.05-11.15.38:395][  0]LogEngineSessionManager: EngineSessionManager initialized
[2022.04.05-11.15.38:395][  0]LogEditorSessionSummary: Verbose: Initializing EditorSessionSummaryWriter for editor session tracking
[2022.04.05-11.15.38:396][  0]LogEditorSessionSummary: EditorSessionSummaryWriter initialized
[2022.04.05-11.15.38:420][  0]LogInit: Transaction tracking system initialized
[2022.04.05-11.15.38:435][  0]BlueprintLog: New page: Editor Load
[2022.04.05-11.15.38:476][  0]LocalizationService: Localization service is disabled
[2022.04.05-11.15.38:495][  0]TimingProfiler: Initialize
[2022.04.05-11.15.38:495][  0]TimingProfiler: OnSessionChanged
[2022.04.05-11.15.38:495][  0]LoadingProfiler: Initialize
[2022.04.05-11.15.38:495][  0]LoadingProfiler: OnSessionChanged
[2022.04.05-11.15.38:495][  0]NetworkingProfiler: Initialize
[2022.04.05-11.15.38:495][  0]NetworkingProfiler: OnSessionChanged
[2022.04.05-11.15.38:495][  0]MemoryProfiler: Initialize
[2022.04.05-11.15.38:495][  0]MemoryProfiler: OnSessionChanged
[2022.04.05-11.15.38:542][  0]LogVSAccessor: Display: Unable to create Visual Studio setup instance: 80040154
[2022.04.05-11.15.38:543][  0]LogVSAccessor: Display: Unable to create Visual Studio setup instance: 80040154
[2022.04.05-11.15.38:543][  0]LogVSAccessor: Display: Unable to create Visual Studio setup instance: 80040154
[2022.04.05-11.15.38:615][  0]LogCook: Display: CookSettings for Memory: MemoryMaxUsedVirtual 0MiB, MemoryMaxUsedPhysical 16384MiB, MemoryMinFreeVirtual 0MiB, MemoryMinFreePhysical 1024MiB
[2022.04.05-11.15.38:615][  0]LogCook: Display: Mobile HDR setting 0
[2022.04.05-11.15.38:751][  0]LogFileCache: Scanning file cache for directory 'C:/Users/qwe_o/Documents/GitHub/P8ToBeAnnounced/P8_VR_Home/Content/' took 0.01s
[2022.04.05-11.15.38:751][  0]LogInit: Display: Engine is initialized. Leaving FEngineLoop::Init()
[2022.04.05-11.15.38:754][  0]SourceControl: Source control is disabled
[2022.04.05-11.15.38:754][  0]LogUnrealEdMisc: Loading editor; pre map load, took 8.737
[2022.04.05-11.15.38:754][  0]Cmd: MAP LOAD FILE="../../../../../../Users/qwe_o/Documents/GitHub/P8ToBeAnnounced/P8_VR_Home/Content/VRTemplate/Maps/VRTemplateMap.umap" TEMPLATE=0 SHOWPROGRESS=1 FEATURELEVEL=3
[2022.04.05-11.15.38:754][  0]LightingResults: New page: Lighting Build
[2022.04.05-11.15.38:755][  0]LogWorld: UWorld::CleanupWorld for Untitled, bSessionEnded=true, bCleanupResources=true
[2022.04.05-11.15.38:755][  0]LogSlate: InvalidateAllWidgets triggered.  All widgets were invalidated
[2022.04.05-11.15.38:755][  0]MapCheck: New page: Map Check
[2022.04.05-11.15.38:755][  0]LightingResults: New page: Lighting Build
[2022.04.05-11.15.38:759][  0]LogAudio: Display: Audio Device unregistered from world 'None'.
[2022.04.05-11.15.38:761][  0]LogUObjectHash: Compacting FUObjectHashTables data took   0.86ms
[2022.04.05-11.15.39:011][  0]LogLinker: Warning: Asset '../../../../../../Users/qwe_o/Documents/GitHub/P8ToBeAnnounced/P8_VR_Home/Content/Materials/PP_Outliner_M.uasset' has been saved with empty engine version. The asset will be loaded but may be incompatible.
[2022.04.05-11.15.39:012][  0]LogLinker: Warning: Asset '../../../../../../Users/qwe_o/Documents/GitHub/P8ToBeAnnounced/P8_VR_Home/Content/Materials/MF_ConvolveTexture.uasset' has been saved with empty engine version. The asset will be loaded but may be incompatible.
[2022.04.05-11.15.39:012][  0]LogLinker: Warning: Asset '../../../../../../Users/qwe_o/Documents/GitHub/P8ToBeAnnounced/P8_VR_Home/Content/Materials/MF_ExtractDepth.uasset' has been saved with empty engine version. The asset will be loaded but may be incompatible.
[2022.04.05-11.15.39:013][  0]LogLinker: Warning: Asset '../../../../../../Users/qwe_o/Documents/GitHub/P8ToBeAnnounced/P8_VR_Home/Content/Materials/MF_SampleSceneTextureNeighbourUVs.uasset' has been saved with empty engine version. The asset will be loaded but may be incompatible.
[2022.04.05-11.15.39:332][  0]LogPhysics: Warning: Failed to cook TriMesh: /Game/Marwa/shuttersNew/Group_688_2_001.Group_688_2_001.
[2022.04.05-11.15.39:332][  0]LogPhysics: Warning: Attempt to build physics data for /Game/Marwa/shuttersNew/Group_688_2_001.Group_688_2_001:BodySetup_0 when we are unable to.
[2022.04.05-11.15.39:353][  0]LogPhysics: Warning: Failed to cook TriMesh: /Game/Marwa/shuttersNew/Group_658_001.Group_658_001.
[2022.04.05-11.15.39:353][  0]LogPhysics: Warning: Attempt to build physics data for /Game/Marwa/shuttersNew/Group_658_001.Group_658_001:BodySetup_0 when we are unable to.
[2022.04.05-11.15.39:374][  0]LogPhysics: Warning: Failed to cook TriMesh: /Game/Marwa/shuttersNew/Group_629_001.Group_629_001.
[2022.04.05-11.15.39:374][  0]LogPhysics: Warning: Attempt to build physics data for /Game/Marwa/shuttersNew/Group_629_001.Group_629_001:BodySetup_0 when we are unable to.
[2022.04.05-11.15.39:387][  0]LogPhysics: Warning: Failed to cook TriMesh: /Game/Marwa/shuttersNew/Group_621_001.Group_621_001.
[2022.04.05-11.15.39:387][  0]LogPhysics: Warning: Attempt to build physics data for /Game/Marwa/shuttersNew/Group_621_001.Group_621_001:BodySetup_0 when we are unable to.
[2022.04.05-11.15.39:502][  0]LogPhysics: Warning: Failed to cook TriMesh: /Game/Marwa/shuttersNew/Group_167_001.Group_167_001.
[2022.04.05-11.15.39:502][  0]LogPhysics: Warning: Attempt to build physics data for /Game/Marwa/shuttersNew/Group_167_001.Group_167_001:BodySetup_0 when we are unable to.
[2022.04.05-11.15.40:232][  0]LogMaterial: Display: Missing cached shadermap for BasicShapeMaterial in PCD3D_SM5, Default, SM5 (DDC key hash: 26A280F00DD2B7E4CD31A0503804FD77F2FF929E), compiling. 
[2022.04.05-11.15.40:301][  0]LogShaderCompilers: Display: Submitted 75 shader compile jobs with 'Low' priority
[2022.04.05-11.15.40:342][  0]LogShaderCompilers: Display: Worker (1/9): shaders left to compile 75
[2022.04.05-11.15.40:342][  0]LogShaderCompilers: Display: Worker (2/9): shaders left to compile 66
[2022.04.05-11.15.40:342][  0]LogShaderCompilers: Display: Worker (3/9): shaders left to compile 57
[2022.04.05-11.15.40:342][  0]LogShaderCompilers: Display: Worker (4/9): shaders left to compile 48
[2022.04.05-11.15.40:342][  0]LogShaderCompilers: Display: Worker (5/9): shaders left to compile 39
[2022.04.05-11.15.40:342][  0]LogShaderCompilers: Display: Worker (6/9): shaders left to compile 30
[2022.04.05-11.15.40:342][  0]LogShaderCompilers: Display: Worker (7/9): shaders left to compile 21
[2022.04.05-11.15.40:342][  0]LogShaderCompilers: Display: Worker (8/9): shaders left to compile 12
[2022.04.05-11.15.40:342][  0]LogShaderCompilers: Display: Worker (9/9): shaders left to compile 3
[2022.04.05-11.15.40:342][  0]LogShaderCompilers: Display: Started 75 'Local' shader compile jobs with 'Low' priority
[2022.04.05-11.15.40:435][  0]LogAudio: Display: Audio Device (ID: 1) registered with world 'VRTemplateMap'.
[2022.04.05-11.15.40:436][  0]LogAIModule: Creating AISystem for world VRTemplateMap
[2022.04.05-11.15.40:481][  0]LogEditorServer: Finished looking for orphan Actors (0.000 secs)
[2022.04.05-11.15.40:482][  0]LogNavigation: Warning: Recreating dtNavMesh instance due to saved navmesh origin (X=-1708.795 Y=-0.000 Z=10.000, usually the RecastNavMesh location) not being aligned with tile size (1000 uu) 
[2022.04.05-11.15.40:501][  0]LogUObjectHash: Compacting FUObjectHashTables data took   1.61ms
[2022.04.05-11.15.40:501][  0]Cmd: MAP CHECKDEP NOCLEARLOG
[2022.04.05-11.15.40:501][  0]MapCheck: Map check complete: 0 Error(s), 0 Warning(s), took 0,223ms to complete.
[2022.04.05-11.15.40:502][  0]LogFileHelpers: Loading map 'VRTemplateMap' took 1.748
[2022.04.05-11.15.40:505][  0]LogUnrealEdMisc: Total Editor Startup Time, took 10.487
[2022.04.05-11.15.40:624][  0]LogSlate: Updating window title bar state: overlay mode, drag disabled, window buttons hidden, title bar hidden
[2022.04.05-11.15.40:633][  0]LogSlate: Updating window title bar state: overlay mode, drag disabled, window buttons hidden, title bar hidden
[2022.04.05-11.15.40:642][  0]LogSlate: Updating window title bar state: overlay mode, drag disabled, window buttons hidden, title bar hidden
[2022.04.05-11.15.40:650][  0]LogSlate: Updating window title bar state: overlay mode, drag disabled, window buttons hidden, title bar hidden
[2022.04.05-11.15.40:671][  0]LogNativeClassHierarchy: Verbose: Native class hierarchy populated in 0.0158 seconds. Added 4030 classes and 980 folders.
[2022.04.05-11.15.40:675][  0]LogNativeClassHierarchy: Verbose: Native class hierarchy updated for 'WidgetCarousel' in 0.0004 seconds. Added 0 classes and 0 folders.
[2022.04.05-11.15.40:676][  0]LogPakFile: PakFile PrimaryIndexSize=187
[2022.04.05-11.15.40:676][  0]LogPakFile: PakFile PathHashIndexSize=101
[2022.04.05-11.15.40:676][  0]LogPakFile: PakFile FullDirectoryIndexSize=148
[2022.04.05-11.15.40:676][  0]LogShaderLibrary: Display: ShaderCodeLibraryPakFileMountedCallback: PakFile 'C:/Program Files/Epic Games/UE_4.27/FeaturePacks/FP_FirstPerson.upack' (chunk index -1, root 'root:/') mounted
[2022.04.05-11.15.40:676][  0]LogShaderLibrary: Display: ShaderCodeLibraryPakFileMountedCallback: pending pak file info (ChunkID:-1 Root:root:/ File:C:/Program Files/Epic Games/UE_4.27/FeaturePacks/FP_FirstPerson.upack)
[2022.04.05-11.15.40:676][  0]LogPakFile: OnPakFileMounted2Time == 0.000073
[2022.04.05-11.15.40:677][  0]LogPakFile: PakFile PrimaryIndexSize=189
[2022.04.05-11.15.40:677][  0]LogPakFile: PakFile PathHashIndexSize=101
[2022.04.05-11.15.40:677][  0]LogPakFile: PakFile FullDirectoryIndexSize=152
[2022.04.05-11.15.40:677][  0]LogShaderLibrary: Display: ShaderCodeLibraryPakFileMountedCallback: PakFile 'C:/Program Files/Epic Games/UE_4.27/FeaturePacks/FP_FirstPersonBP.upack' (chunk index -1, root 'root:/') mounted
[2022.04.05-11.15.40:677][  0]LogShaderLibrary: Display: ShaderCodeLibraryPakFileMountedCallback: pending pak file info (ChunkID:-1 Root:root:/ File:C:/Program Files/Epic Games/UE_4.27/FeaturePacks/FP_FirstPersonBP.upack)
[2022.04.05-11.15.40:677][  0]LogPakFile: OnPakFileMounted2Time == 0.000053
[2022.04.05-11.15.40:678][  0]LogPakFile: PakFile PrimaryIndexSize=191
[2022.04.05-11.15.40:678][  0]LogPakFile: PakFile PathHashIndexSize=101
[2022.04.05-11.15.40:678][  0]LogPakFile: PakFile FullDirectoryIndexSize=160
[2022.04.05-11.15.40:678][  0]LogShaderLibrary: Display: ShaderCodeLibraryPakFileMountedCallback: PakFile 'C:/Program Files/Epic Games/UE_4.27/FeaturePacks/MobileStarterContent.upack' (chunk index -1, root 'root:/') mounted
[2022.04.05-11.15.40:678][  0]LogShaderLibrary: Display: ShaderCodeLibraryPakFileMountedCallback: pending pak file info (ChunkID:-1 Root:root:/ File:C:/Program Files/Epic Games/UE_4.27/FeaturePacks/MobileStarterContent.upack)
[2022.04.05-11.15.40:678][  0]LogPakFile: OnPakFileMounted2Time == 0.000048
[2022.04.05-11.15.40:679][  0]LogPakFile: PakFile PrimaryIndexSize=185
[2022.04.05-11.15.40:679][  0]LogPakFile: PakFile PathHashIndexSize=101
[2022.04.05-11.15.40:679][  0]LogPakFile: PakFile FullDirectoryIndexSize=148
[2022.04.05-11.15.40:679][  0]LogShaderLibrary: Display: ShaderCodeLibraryPakFileMountedCallback: PakFile 'C:/Program Files/Epic Games/UE_4.27/FeaturePacks/StarterContent.upack' (chunk index -1, root 'root:/') mounted
[2022.04.05-11.15.40:679][  0]LogShaderLibrary: Display: ShaderCodeLibraryPakFileMountedCallback: pending pak file info (ChunkID:-1 Root:root:/ File:C:/Program Files/Epic Games/UE_4.27/FeaturePacks/StarterContent.upack)
[2022.04.05-11.15.40:679][  0]LogPakFile: OnPakFileMounted2Time == 0.000047
[2022.04.05-11.15.40:680][  0]LogPakFile: PakFile PrimaryIndexSize=190
[2022.04.05-11.15.40:680][  0]LogPakFile: PakFile PathHashIndexSize=101
[2022.04.05-11.15.40:680][  0]LogPakFile: PakFile FullDirectoryIndexSize=154
[2022.04.05-11.15.40:680][  0]LogShaderLibrary: Display: ShaderCodeLibraryPakFileMountedCallback: PakFile 'C:/Program Files/Epic Games/UE_4.27/FeaturePacks/TP_2DSideScroller.upack' (chunk index -1, root 'root:/') mounted
[2022.04.05-11.15.40:680][  0]LogShaderLibrary: Display: ShaderCodeLibraryPakFileMountedCallback: pending pak file info (ChunkID:-1 Root:root:/ File:C:/Program Files/Epic Games/UE_4.27/FeaturePacks/TP_2DSideScroller.upack)
[2022.04.05-11.15.40:680][  0]LogPakFile: OnPakFileMounted2Time == 0.000045
[2022.04.05-11.15.40:680][  0]LogPakFile: PakFile PrimaryIndexSize=192
[2022.04.05-11.15.40:680][  0]LogPakFile: PakFile PathHashIndexSize=101
[2022.04.05-11.15.40:680][  0]LogPakFile: PakFile FullDirectoryIndexSize=158
[2022.04.05-11.15.40:680][  0]LogShaderLibrary: Display: ShaderCodeLibraryPakFileMountedCallback: PakFile 'C:/Program Files/Epic Games/UE_4.27/FeaturePacks/TP_2DSideScrollerBP.upack' (chunk index -1, root 'root:/') mounted
[2022.04.05-11.15.40:680][  0]LogShaderLibrary: Display: ShaderCodeLibraryPakFileMountedCallback: pending pak file info (ChunkID:-1 Root:root:/ File:C:/Program Files/Epic Games/UE_4.27/FeaturePacks/TP_2DSideScrollerBP.upack)
[2022.04.05-11.15.40:680][  0]LogPakFile: OnPakFileMounted2Time == 0.000045
[2022.04.05-11.15.40:681][  0]LogPakFile: PakFile PrimaryIndexSize=182
[2022.04.05-11.15.40:681][  0]LogPakFile: PakFile PathHashIndexSize=101
[2022.04.05-11.15.40:681][  0]LogPakFile: PakFile FullDirectoryIndexSize=138
[2022.04.05-11.15.40:681][  0]LogShaderLibrary: Display: ShaderCodeLibraryPakFileMountedCallback: PakFile 'C:/Program Files/Epic Games/UE_4.27/FeaturePacks/TP_Flying.upack' (chunk index -1, root 'root:/') mounted
[2022.04.05-11.15.40:681][  0]LogShaderLibrary: Display: ShaderCodeLibraryPakFileMountedCallback: pending pak file info (ChunkID:-1 Root:root:/ File:C:/Program Files/Epic Games/UE_4.27/FeaturePacks/TP_Flying.upack)
[2022.04.05-11.15.40:681][  0]LogPakFile: OnPakFileMounted2Time == 0.000044
[2022.04.05-11.15.40:682][  0]LogPakFile: PakFile PrimaryIndexSize=184
[2022.04.05-11.15.40:682][  0]LogPakFile: PakFile PathHashIndexSize=101
[2022.04.05-11.15.40:682][  0]LogPakFile: PakFile FullDirectoryIndexSize=142
[2022.04.05-11.15.40:682][  0]LogShaderLibrary: Display: ShaderCodeLibraryPakFileMountedCallback: PakFile 'C:/Program Files/Epic Games/UE_4.27/FeaturePacks/TP_FlyingBP.upack' (chunk index -1, root 'root:/') mounted
[2022.04.05-11.15.40:682][  0]LogShaderLibrary: Display: ShaderCodeLibraryPakFileMountedCallback: pending pak file info (ChunkID:-1 Root:root:/ File:C:/Program Files/Epic Games/UE_4.27/FeaturePacks/TP_FlyingBP.upack)
[2022.04.05-11.15.40:682][  0]LogPakFile: OnPakFileMounted2Time == 0.000044
[2022.04.05-11.15.40:683][  0]LogPakFile: PakFile PrimaryIndexSize=188
[2022.04.05-11.15.40:683][  0]LogPakFile: PakFile PathHashIndexSize=101
[2022.04.05-11.15.40:683][  0]LogPakFile: PakFile FullDirectoryIndexSize=150
[2022.04.05-11.15.40:683][  0]LogShaderLibrary: Display: ShaderCodeLibraryPakFileMountedCallback: PakFile 'C:/Program Files/Epic Games/UE_4.27/FeaturePacks/TP_HandheldARBP.upack' (chunk index -1, root 'root:/') mounted
[2022.04.05-11.15.40:683][  0]LogShaderLibrary: Display: ShaderCodeLibraryPakFileMountedCallback: pending pak file info (ChunkID:-1 Root:root:/ File:C:/Program Files/Epic Games/UE_4.27/FeaturePacks/TP_HandheldARBP.upack)
[2022.04.05-11.15.40:683][  0]LogPakFile: OnPakFileMounted2Time == 0.000043
[2022.04.05-11.15.40:684][  0]LogPakFile: PakFile PrimaryIndexSize=182
[2022.04.05-11.15.40:684][  0]LogPakFile: PakFile PathHashIndexSize=101
[2022.04.05-11.15.40:684][  0]LogPakFile: PakFile FullDirectoryIndexSize=138
[2022.04.05-11.15.40:684][  0]LogShaderLibrary: Display: ShaderCodeLibraryPakFileMountedCallback: PakFile 'C:/Program Files/Epic Games/UE_4.27/FeaturePacks/TP_Puzzle.upack' (chunk index -1, root 'root:/') mounted
[2022.04.05-11.15.40:684][  0]LogShaderLibrary: Display: ShaderCodeLibraryPakFileMountedCallback: pending pak file info (ChunkID:-1 Root:root:/ File:C:/Program Files/Epic Games/UE_4.27/FeaturePacks/TP_Puzzle.upack)
[2022.04.05-11.15.40:684][  0]LogPakFile: OnPakFileMounted2Time == 0.000040
[2022.04.05-11.15.40:684][  0]LogPakFile: PakFile PrimaryIndexSize=184
[2022.04.05-11.15.40:684][  0]LogPakFile: PakFile PathHashIndexSize=101
[2022.04.05-11.15.40:684][  0]LogPakFile: PakFile FullDirectoryIndexSize=142
[2022.04.05-11.15.40:684][  0]LogShaderLibrary: Display: ShaderCodeLibraryPakFileMountedCallback: PakFile 'C:/Program Files/Epic Games/UE_4.27/FeaturePacks/TP_PuzzleBP.upack' (chunk index -1, root 'root:/') mounted
[2022.04.05-11.15.40:684][  0]LogShaderLibrary: Display: ShaderCodeLibraryPakFileMountedCallback: pending pak file info (ChunkID:-1 Root:root:/ File:C:/Program Files/Epic Games/UE_4.27/FeaturePacks/TP_PuzzleBP.upack)
[2022.04.05-11.15.40:684][  0]LogPakFile: OnPakFileMounted2Time == 0.000038
[2022.04.05-11.15.40:685][  0]LogPakFile: PakFile PrimaryIndexSize=183
[2022.04.05-11.15.40:685][  0]LogPakFile: PakFile PathHashIndexSize=101
[2022.04.05-11.15.40:685][  0]LogPakFile: PakFile FullDirectoryIndexSize=140
[2022.04.05-11.15.40:685][  0]LogShaderLibrary: Display: ShaderCodeLibraryPakFileMountedCallback: PakFile 'C:/Program Files/Epic Games/UE_4.27/FeaturePacks/TP_Rolling.upack' (chunk index -1, root 'root:/') mounted
[2022.04.05-11.15.40:685][  0]LogShaderLibrary: Display: ShaderCodeLibraryPakFileMountedCallback: pending pak file info (ChunkID:-1 Root:root:/ File:C:/Program Files/Epic Games/UE_4.27/FeaturePacks/TP_Rolling.upack)
[2022.04.05-11.15.40:685][  0]LogPakFile: OnPakFileMounted2Time == 0.000044
[2022.04.05-11.15.40:686][  0]LogPakFile: PakFile PrimaryIndexSize=185
[2022.04.05-11.15.40:686][  0]LogPakFile: PakFile PathHashIndexSize=101
[2022.04.05-11.15.40:686][  0]LogPakFile: PakFile FullDirectoryIndexSize=144
[2022.04.05-11.15.40:686][  0]LogShaderLibrary: Display: ShaderCodeLibraryPakFileMountedCallback: PakFile 'C:/Program Files/Epic Games/UE_4.27/FeaturePacks/TP_RollingBP.upack' (chunk index -1, root 'root:/') mounted
[2022.04.05-11.15.40:686][  0]LogShaderLibrary: Display: ShaderCodeLibraryPakFileMountedCallback: pending pak file info (ChunkID:-1 Root:root:/ File:C:/Program Files/Epic Games/UE_4.27/FeaturePacks/TP_RollingBP.upack)
[2022.04.05-11.15.40:686][  0]LogPakFile: OnPakFileMounted2Time == 0.000039
[2022.04.05-11.15.40:686][  0]LogPakFile: PakFile PrimaryIndexSize=188
[2022.04.05-11.15.40:686][  0]LogPakFile: PakFile PathHashIndexSize=101
[2022.04.05-11.15.40:686][  0]LogPakFile: PakFile FullDirectoryIndexSize=150
[2022.04.05-11.15.40:686][  0]LogShaderLibrary: Display: ShaderCodeLibraryPakFileMountedCallback: PakFile 'C:/Program Files/Epic Games/UE_4.27/FeaturePacks/TP_SideScroller.upack' (chunk index -1, root 'root:/') mounted
[2022.04.05-11.15.40:686][  0]LogShaderLibrary: Display: ShaderCodeLibraryPakFileMountedCallback: pending pak file info (ChunkID:-1 Root:root:/ File:C:/Program Files/Epic Games/UE_4.27/FeaturePacks/TP_SideScroller.upack)
[2022.04.05-11.15.40:686][  0]LogPakFile: OnPakFileMounted2Time == 0.000038
[2022.04.05-11.15.40:687][  0]LogPakFile: PakFile PrimaryIndexSize=190
[2022.04.05-11.15.40:687][  0]LogPakFile: PakFile PathHashIndexSize=101
[2022.04.05-11.15.40:687][  0]LogPakFile: PakFile FullDirectoryIndexSize=154
[2022.04.05-11.15.40:687][  0]LogShaderLibrary: Display: ShaderCodeLibraryPakFileMountedCallback: PakFile 'C:/Program Files/Epic Games/UE_4.27/FeaturePacks/TP_SideScrollerBP.upack' (chunk index -1, root 'root:/') mounted
[2022.04.05-11.15.40:687][  0]LogShaderLibrary: Display: ShaderCodeLibraryPakFileMountedCallback: pending pak file info (ChunkID:-1 Root:root:/ File:C:/Program Files/Epic Games/UE_4.27/FeaturePacks/TP_SideScrollerBP.upack)
[2022.04.05-11.15.40:687][  0]LogPakFile: OnPakFileMounted2Time == 0.000040
[2022.04.05-11.15.40:688][  0]LogPakFile: PakFile PrimaryIndexSize=187
[2022.04.05-11.15.40:688][  0]LogPakFile: PakFile PathHashIndexSize=101
[2022.04.05-11.15.40:688][  0]LogPakFile: PakFile FullDirectoryIndexSize=148
[2022.04.05-11.15.40:688][  0]LogShaderLibrary: Display: ShaderCodeLibraryPakFileMountedCallback: PakFile 'C:/Program Files/Epic Games/UE_4.27/FeaturePacks/TP_ThirdPerson.upack' (chunk index -1, root 'root:/') mounted
[2022.04.05-11.15.40:688][  0]LogShaderLibrary: Display: ShaderCodeLibraryPakFileMountedCallback: pending pak file info (ChunkID:-1 Root:root:/ File:C:/Program Files/Epic Games/UE_4.27/FeaturePacks/TP_ThirdPerson.upack)
[2022.04.05-11.15.40:688][  0]LogPakFile: OnPakFileMounted2Time == 0.000037
[2022.04.05-11.15.40:688][  0]LogPakFile: PakFile PrimaryIndexSize=189
[2022.04.05-11.15.40:688][  0]LogPakFile: PakFile PathHashIndexSize=101
[2022.04.05-11.15.40:688][  0]LogPakFile: PakFile FullDirectoryIndexSize=152
[2022.04.05-11.15.40:688][  0]LogShaderLibrary: Display: ShaderCodeLibraryPakFileMountedCallback: PakFile 'C:/Program Files/Epic Games/UE_4.27/FeaturePacks/TP_ThirdPersonBP.upack' (chunk index -1, root 'root:/') mounted
[2022.04.05-11.15.40:688][  0]LogShaderLibrary: Display: ShaderCodeLibraryPakFileMountedCallback: pending pak file info (ChunkID:-1 Root:root:/ File:C:/Program Files/Epic Games/UE_4.27/FeaturePacks/TP_ThirdPersonBP.upack)
[2022.04.05-11.15.40:689][  0]LogPakFile: OnPakFileMounted2Time == 0.000040
[2022.04.05-11.15.40:689][  0]LogPakFile: PakFile PrimaryIndexSize=183
[2022.04.05-11.15.40:689][  0]LogPakFile: PakFile PathHashIndexSize=101
[2022.04.05-11.15.40:689][  0]LogPakFile: PakFile FullDirectoryIndexSize=140
[2022.04.05-11.15.40:689][  0]LogShaderLibrary: Display: ShaderCodeLibraryPakFileMountedCallback: PakFile 'C:/Program Files/Epic Games/UE_4.27/FeaturePacks/TP_TopDown.upack' (chunk index -1, root 'root:/') mounted
[2022.04.05-11.15.40:689][  0]LogShaderLibrary: Display: ShaderCodeLibraryPakFileMountedCallback: pending pak file info (ChunkID:-1 Root:root:/ File:C:/Program Files/Epic Games/UE_4.27/FeaturePacks/TP_TopDown.upack)
[2022.04.05-11.15.40:689][  0]LogPakFile: OnPakFileMounted2Time == 0.000053
[2022.04.05-11.15.40:690][  0]LogPakFile: PakFile PrimaryIndexSize=185
[2022.04.05-11.15.40:690][  0]LogPakFile: PakFile PathHashIndexSize=101
[2022.04.05-11.15.40:690][  0]LogPakFile: PakFile FullDirectoryIndexSize=144
[2022.04.05-11.15.40:690][  0]LogShaderLibrary: Display: ShaderCodeLibraryPakFileMountedCallback: PakFile 'C:/Program Files/Epic Games/UE_4.27/FeaturePacks/TP_TopDownBP.upack' (chunk index -1, root 'root:/') mounted
[2022.04.05-11.15.40:690][  0]LogShaderLibrary: Display: ShaderCodeLibraryPakFileMountedCallback: pending pak file info (ChunkID:-1 Root:root:/ File:C:/Program Files/Epic Games/UE_4.27/FeaturePacks/TP_TopDownBP.upack)
[2022.04.05-11.15.40:690][  0]LogPakFile: OnPakFileMounted2Time == 0.000041
[2022.04.05-11.15.40:691][  0]LogPakFile: PakFile PrimaryIndexSize=185
[2022.04.05-11.15.40:691][  0]LogPakFile: PakFile PathHashIndexSize=101
[2022.04.05-11.15.40:691][  0]LogPakFile: PakFile FullDirectoryIndexSize=144
[2022.04.05-11.15.40:691][  0]LogShaderLibrary: Display: ShaderCodeLibraryPakFileMountedCallback: PakFile 'C:/Program Files/Epic Games/UE_4.27/FeaturePacks/TP_TwinStick.upack' (chunk index -1, root 'root:/') mounted
[2022.04.05-11.15.40:691][  0]LogShaderLibrary: Display: ShaderCodeLibraryPakFileMountedCallback: pending pak file info (ChunkID:-1 Root:root:/ File:C:/Program Files/Epic Games/UE_4.27/FeaturePacks/TP_TwinStick.upack)
[2022.04.05-11.15.40:691][  0]LogPakFile: OnPakFileMounted2Time == 0.000039
[2022.04.05-11.15.40:691][  0]LogPakFile: PakFile PrimaryIndexSize=187
[2022.04.05-11.15.40:691][  0]LogPakFile: PakFile PathHashIndexSize=101
[2022.04.05-11.15.40:691][  0]LogPakFile: PakFile FullDirectoryIndexSize=148
[2022.04.05-11.15.40:691][  0]LogShaderLibrary: Display: ShaderCodeLibraryPakFileMountedCallback: PakFile 'C:/Program Files/Epic Games/UE_4.27/FeaturePacks/TP_TwinStickBP.upack' (chunk index -1, root 'root:/') mounted
[2022.04.05-11.15.40:691][  0]LogShaderLibrary: Display: ShaderCodeLibraryPakFileMountedCallback: pending pak file info (ChunkID:-1 Root:root:/ File:C:/Program Files/Epic Games/UE_4.27/FeaturePacks/TP_TwinStickBP.upack)
[2022.04.05-11.15.40:691][  0]LogPakFile: OnPakFileMounted2Time == 0.000040
[2022.04.05-11.15.40:692][  0]LogPakFile: PakFile PrimaryIndexSize=183
[2022.04.05-11.15.40:692][  0]LogPakFile: PakFile PathHashIndexSize=101
[2022.04.05-11.15.40:692][  0]LogPakFile: PakFile FullDirectoryIndexSize=140
[2022.04.05-11.15.40:692][  0]LogShaderLibrary: Display: ShaderCodeLibraryPakFileMountedCallback: PakFile 'C:/Program Files/Epic Games/UE_4.27/FeaturePacks/TP_Vehicle.upack' (chunk index -1, root 'root:/') mounted
[2022.04.05-11.15.40:692][  0]LogShaderLibrary: Display: ShaderCodeLibraryPakFileMountedCallback: pending pak file info (ChunkID:-1 Root:root:/ File:C:/Program Files/Epic Games/UE_4.27/FeaturePacks/TP_Vehicle.upack)
[2022.04.05-11.15.40:692][  0]LogPakFile: OnPakFileMounted2Time == 0.000044
[2022.04.05-11.15.40:693][  0]LogPakFile: PakFile PrimaryIndexSize=186
[2022.04.05-11.15.40:693][  0]LogPakFile: PakFile PathHashIndexSize=101
[2022.04.05-11.15.40:693][  0]LogPakFile: PakFile FullDirectoryIndexSize=146
[2022.04.05-11.15.40:693][  0]LogShaderLibrary: Display: ShaderCodeLibraryPakFileMountedCallback: PakFile 'C:/Program Files/Epic Games/UE_4.27/FeaturePacks/TP_VehicleAdv.upack' (chunk index -1, root 'root:/') mounted
[2022.04.05-11.15.40:693][  0]LogShaderLibrary: Display: ShaderCodeLibraryPakFileMountedCallback: pending pak file info (ChunkID:-1 Root:root:/ File:C:/Program Files/Epic Games/UE_4.27/FeaturePacks/TP_VehicleAdv.upack)
[2022.04.05-11.15.40:693][  0]LogPakFile: OnPakFileMounted2Time == 0.000045
[2022.04.05-11.15.40:694][  0]LogPakFile: PakFile PrimaryIndexSize=188
[2022.04.05-11.15.40:694][  0]LogPakFile: PakFile PathHashIndexSize=101
[2022.04.05-11.15.40:694][  0]LogPakFile: PakFile FullDirectoryIndexSize=150
[2022.04.05-11.15.40:694][  0]LogShaderLibrary: Display: ShaderCodeLibraryPakFileMountedCallback: PakFile 'C:/Program Files/Epic Games/UE_4.27/FeaturePacks/TP_VehicleAdvBP.upack' (chunk index -1, root 'root:/') mounted
[2022.04.05-11.15.40:694][  0]LogShaderLibrary: Display: ShaderCodeLibraryPakFileMountedCallback: pending pak file info (ChunkID:-1 Root:root:/ File:C:/Program Files/Epic Games/UE_4.27/FeaturePacks/TP_VehicleAdvBP.upack)
[2022.04.05-11.15.40:694][  0]LogPakFile: OnPakFileMounted2Time == 0.000043
[2022.04.05-11.15.40:694][  0]LogPakFile: PakFile PrimaryIndexSize=185
[2022.04.05-11.15.40:694][  0]LogPakFile: PakFile PathHashIndexSize=101
[2022.04.05-11.15.40:694][  0]LogPakFile: PakFile FullDirectoryIndexSize=144
[2022.04.05-11.15.40:694][  0]LogShaderLibrary: Display: ShaderCodeLibraryPakFileMountedCallback: PakFile 'C:/Program Files/Epic Games/UE_4.27/FeaturePacks/TP_VehicleBP.upack' (chunk index -1, root 'root:/') mounted
[2022.04.05-11.15.40:694][  0]LogShaderLibrary: Display: ShaderCodeLibraryPakFileMountedCallback: pending pak file info (ChunkID:-1 Root:root:/ File:C:/Program Files/Epic Games/UE_4.27/FeaturePacks/TP_VehicleBP.upack)
[2022.04.05-11.15.40:694][  0]LogPakFile: OnPakFileMounted2Time == 0.000046
[2022.04.05-11.15.40:695][  0]LogPakFile: PakFile PrimaryIndexSize=192
[2022.04.05-11.15.40:695][  0]LogPakFile: PakFile PathHashIndexSize=101
[2022.04.05-11.15.40:695][  0]LogPakFile: PakFile FullDirectoryIndexSize=158
[2022.04.05-11.15.40:695][  0]LogShaderLibrary: Display: ShaderCodeLibraryPakFileMountedCallback: PakFile 'C:/Program Files/Epic Games/UE_4.27/FeaturePacks/TP_VirtualRealityBP.upack' (chunk index -1, root 'root:/') mounted
[2022.04.05-11.15.40:695][  0]LogShaderLibrary: Display: ShaderCodeLibraryPakFileMountedCallback: pending pak file info (ChunkID:-1 Root:root:/ File:C:/Program Files/Epic Games/UE_4.27/FeaturePacks/TP_VirtualRealityBP.upack)
[2022.04.05-11.15.40:695][  0]LogPakFile: OnPakFileMounted2Time == 0.000043
[2022.04.05-11.15.40:776][  0]LogNativeClassHierarchy: Verbose: Native class hierarchy updated for 'AddContentDialog' in 0.0006 seconds. Added 0 classes and 0 folders.
[2022.04.05-11.15.40:812][  0]LogSlate: Took 0.000214 seconds to synchronously load lazily loaded font '../../../Engine/Content/Slate/Fonts/Roboto-Regular.ttf' (155K)
[2022.04.05-11.15.40:814][  0]LogSlate: Took 0.000163 seconds to synchronously load lazily loaded font '../../../Engine/Content/Editor/Slate/Fonts/FontAwesome.ttf' (139K)
[2022.04.05-11.15.40:818][  0]LogSlate: Took 0.000419 seconds to synchronously load lazily loaded font '../../../Engine/Content/Slate/Fonts/Roboto-Bold.ttf' (160K)
[2022.04.05-11.15.41:010][  0]LogRenderer: Reallocating scene render targets to support 1232x652 Format 10 NumSamples 4 (Frame:1).
[2022.04.05-11.15.41:149][  0]LogSlate: Took 0.000532 seconds to synchronously load lazily loaded font '../../../Engine/Content/Slate/Fonts/Roboto-Light.ttf' (167K)
[2022.04.05-11.15.41:303][  0]LogNativeClassHierarchy: Verbose: Native class hierarchy updated for 'HierarchicalLODOutliner' in 0.0008 seconds. Added 0 classes and 0 folders.
[2022.04.05-11.15.41:303][  0]LogLoad: (Engine Initialization) Total time: 11.29 seconds
[2022.04.05-11.15.41:303][  0]LogLoad: (Engine Initialization) Total Blueprint compile time: 0.00 seconds
[2022.04.05-11.15.41:395][  0]LogContentStreaming: Texture pool size now 1000 MB
[2022.04.05-11.15.41:448][  1]LogFileCache: Retrieving MD5 hashes for directory 'C:/Users/qwe_o/Documents/GitHub/P8ToBeAnnounced/P8_VR_Home/Content/' took 0.11s
[2022.04.05-11.15.41:500][  1]LogResonanceAudio: Display: Resonance Audio Listener is initialized
[2022.04.05-11.15.45:258][  2]LogAssetRegistry: Asset discovery search completed in 10.9280 seconds
[2022.04.05-11.15.45:268][  2]LogCollectionManager: Fixed up redirectors for 0 collections in 0.000007 seconds (updated 0 objects)
[2022.04.05-11.16.32:454][410]LogEditorViewport: Clicking on Actor (LMB): StaticMeshActor (Group43_2)
[2022.04.05-11.17.08:415][555]LogContentBrowser: Deferred new asset file creation: VRTemplateMap1
[2022.04.05-11.17.08:438][555]LogContentBrowser: Creating deferred item: VRTemplateMap1
[2022.04.05-11.17.17:642][108]LogContentBrowser: Attempting asset rename: VRTemplateMap1 -> testing_grounds
[2022.04.05-11.17.17:699][108]LogContentBrowser: End creating deferred item VRTemplateMap1
[2022.04.05-11.17.21:396][303]LogObjectTools: Deleting 1 worlds: /Game/VRTemplate/Maps/testingGrounds.testingGrounds
[2022.04.05-11.17.21:396][303]LogObjectTools: Currently 3 active worlds: /Game/VRTemplate/Maps/VRTemplateMap.VRTemplateMap, /Engine/Transient.World_0, /Engine/Transient.World_1
[2022.04.05-11.17.21:406][303]LogUObjectHash: Compacting FUObjectHashTables data took   0.87ms
[2022.04.05-11.17.22:813][303]LogSlate: Window 'Delete Assets' being destroyed
[2022.04.05-11.17.22:827][303]LogSlate: Took 0.000142 seconds to synchronously load lazily loaded font '../../../Engine/Content/Slate/Fonts/Roboto-Light.ttf' (167K)
[2022.04.05-11.17.22:838][303]LogWorld: UWorld::CleanupWorld for testingGrounds, bSessionEnded=true, bCleanupResources=true
[2022.04.05-11.17.22:838][303]LogSlate: InvalidateAllWidgets triggered.  All widgets were invalidated
[2022.04.05-11.17.22:887][303]LogUObjectHash: Compacting FUObjectHashTables data took   0.80ms
[2022.04.05-11.17.22:892][303]LogUObjectHash: Compacting FUObjectHashTables data took   0.70ms
[2022.04.05-11.17.22:906][303]LogUObjectHash: Compacting FUObjectHashTables data took   0.78ms
[2022.04.05-11.17.22:911][303]LogUObjectHash: Compacting FUObjectHashTables data took   0.31ms
[2022.04.05-11.17.24:116][375]LogUObjectHash: Compacting FUObjectHashTables data took   0.31ms
[2022.04.05-11.17.25:686][375]LogSlate: Window 'Save Content' being destroyed
[2022.04.05-11.17.25:740][375]LogUObjectHash: Compacting FUObjectHashTables data took   0.85ms
[2022.04.05-11.17.25:843][375]LogSavePackage: Moving '../../../../../../Users/qwe_o/Documents/GitHub/P8ToBeAnnounced/P8_VR_Home/Saved/testing_grounds6CF7090345F7C44591C7C595639F16F6.tmp' to '../../../../../../Users/qwe_o/Documents/GitHub/P8ToBeAnnounced/P8_VR_Home/Content/VRTemplate/Maps/testing_grounds.umap'
[2022.04.05-11.17.25:861][375]LogFileHelpers: Saving map 'testing_grounds' took 0.148
[2022.04.05-11.17.25:869][375]LogUObjectHash: Compacting FUObjectHashTables data took   0.77ms
[2022.04.05-11.17.25:974][375]LogSavePackage: Moving '../../../../../../Users/qwe_o/Documents/GitHub/P8ToBeAnnounced/P8_VR_Home/Saved/VRTemplateMap58B8C1E34EC3A9F63142EDB89710AB08.tmp' to '../../../../../../Users/qwe_o/Documents/GitHub/P8ToBeAnnounced/P8_VR_Home/Content/VRTemplate/Maps/VRTemplateMap.umap'
[2022.04.05-11.17.25:985][375]LogFileHelpers: Saving map 'VRTemplateMap' took 0.124
[2022.04.05-11.17.26:000][375]LogAssetEditorSubsystem: Opening Asset editor for World /Game/VRTemplate/Maps/testing_grounds.testing_grounds
[2022.04.05-11.17.26:000][375]Cmd: MAP LOAD FILE="../../../../../../Users/qwe_o/Documents/GitHub/P8ToBeAnnounced/P8_VR_Home/Content/VRTemplate/Maps/testing_grounds.umap" TEMPLATE=0 SHOWPROGRESS=1 FEATURELEVEL=3
[2022.04.05-11.17.26:000][375]LightingResults: New page: Lighting Build
[2022.04.05-11.17.26:000][375]LoadErrors: New page: Loading map: testing_grounds.umap
[2022.04.05-11.17.26:028][375]LogWorld: UWorld::CleanupWorld for VRTemplateMap, bSessionEnded=true, bCleanupResources=true
[2022.04.05-11.17.26:029][375]LogSlate: InvalidateAllWidgets triggered.  All widgets were invalidated
[2022.04.05-11.17.26:029][375]MapCheck: New page: Map Check
[2022.04.05-11.17.26:029][375]LightingResults: New page: Lighting Build
[2022.04.05-11.17.26:033][375]LogAudio: Display: Audio Device unregistered from world 'None'.
[2022.04.05-11.17.26:039][375]LogUObjectHash: Compacting FUObjectHashTables data took   0.86ms
[2022.04.05-11.17.26:039][375]LogAudio: Display: Audio Device (ID: 1) registered with world 'testing_grounds'.
[2022.04.05-11.17.26:059][375]LogEditorServer: Finished looking for orphan Actors (0.000 secs)
[2022.04.05-11.17.26:059][375]LogAIModule: Creating AISystem for world testing_grounds
[2022.04.05-11.17.26:059][375]LogNavigation: Warning: Recreating dtNavMesh instance due to saved navmesh origin (X=-6835.182 Y=-0.000 Z=40.000, usually the RecastNavMesh location) not being aligned with tile size (1000 uu) 
[2022.04.05-11.17.26:069][375]LogUObjectHash: Compacting FUObjectHashTables data took   0.76ms
[2022.04.05-11.17.26:075][375]Cmd: MAP CHECKDEP NOCLEARLOG
[2022.04.05-11.17.26:075][375]MapCheck: Map check complete: 0 Error(s), 0 Warning(s), took 0,146ms to complete.
[2022.04.05-11.17.26:075][375]LogFileHelpers: Loading map 'testing_grounds' took 0.075
[2022.04.05-11.17.26:090][375]AssetCheck: New page: Asset Save: multiple assets
[2022.04.05-11.17.26:090][375]LogContentValidation: Display: Validating World /Game/VRTemplate/Maps/testing_grounds.testing_grounds
[2022.04.05-11.17.26:090][375]LogContentValidation: Display: Validating World /Game/VRTemplate/Maps/VRTemplateMap.VRTemplateMap
[2022.04.05-11.18.43:063][980]LogAssetEditorSubsystem: Opening Asset editor for Blueprint /Game/ScriptsBluePrints/DoorsAndClosets2/DoorLeverTest.DoorLeverTest
[2022.04.05-11.18.43:167][980]LogEnum: Warning: Enum name collision: 'GrabType::NewEnumerator0' is in both '/Game/ScriptsBluePrints/VRTemplate/Blueprints/GrabType.GrabType' and '/Game/VRTemplate/Blueprints/GrabType.GrabType'
[2022.04.05-11.18.43:167][980]LogEnum: Warning: Enum name collision: 'GrabType::NewEnumerator4' is in both '/Game/ScriptsBluePrints/VRTemplate/Blueprints/GrabType.GrabType' and '/Game/VRTemplate/Blueprints/GrabType.GrabType'
[2022.04.05-11.18.43:167][980]LogEnum: Warning: Enum name collision: 'GrabType::NewEnumerator1' is in both '/Game/ScriptsBluePrints/VRTemplate/Blueprints/GrabType.GrabType' and '/Game/VRTemplate/Blueprints/GrabType.GrabType'
[2022.04.05-11.18.43:167][980]LogEnum: Warning: Enum name collision: 'GrabType::NewEnumerator3' is in both '/Game/ScriptsBluePrints/VRTemplate/Blueprints/GrabType.GrabType' and '/Game/VRTemplate/Blueprints/GrabType.GrabType'
[2022.04.05-11.18.43:167][980]LogEnum: Warning: Enum name collision: 'GrabType::GrabType_MAX' is in both '/Game/ScriptsBluePrints/VRTemplate/Blueprints/GrabType.GrabType' and '/Game/VRTemplate/Blueprints/GrabType.GrabType'
[2022.04.05-11.18.43:167][980]LogEnum: Warning: Enum name collision: 'GrabType::NewEnumerator0' is in both '/Game/ScriptsBluePrints/VRTemplate/Blueprints/GrabType.GrabType' and '/Game/VRTemplate/Blueprints/GrabType.GrabType'
[2022.04.05-11.18.43:167][980]LogEnum: Warning: Enum name collision: 'GrabType::NewEnumerator4' is in both '/Game/ScriptsBluePrints/VRTemplate/Blueprints/GrabType.GrabType' and '/Game/VRTemplate/Blueprints/GrabType.GrabType'
[2022.04.05-11.18.43:167][980]LogEnum: Warning: Enum name collision: 'GrabType::NewEnumerator1' is in both '/Game/ScriptsBluePrints/VRTemplate/Blueprints/GrabType.GrabType' and '/Game/VRTemplate/Blueprints/GrabType.GrabType'
[2022.04.05-11.18.43:167][980]LogEnum: Warning: Enum name collision: 'GrabType::NewEnumerator3' is in both '/Game/ScriptsBluePrints/VRTemplate/Blueprints/GrabType.GrabType' and '/Game/VRTemplate/Blueprints/GrabType.GrabType'
[2022.04.05-11.18.43:212][980]LogNativeClassHierarchy: Verbose: Native class hierarchy updated for 'BlueprintGraph' in 0.0006 seconds. Added 126 classes and 0 folders.
[2022.04.05-11.18.43:951][980]LogSlate: Took 0.000114 seconds to synchronously load lazily loaded font '../../../Engine/Content/Slate/Fonts/Roboto-BoldCondensed.ttf' (158K)
[2022.04.05-11.18.44:023][981]LogSlate: Took 0.000159 seconds to synchronously load lazily loaded font '../../../Engine/Content/Slate/Fonts/Roboto-Italic.ttf' (157K)
[2022.04.05-11.22.29:766][356]LogEditorViewport: Clicking on Actor (LMB): StaticMeshActor (Suntech_240W_Module1_2)
[2022.04.05-11.22.36:236][739]LogEditorClassViewer: Warning: Class /Engine/Tutorial/InWorldBlueprintEditing/TutorialAssets/IWBE_Blutility.IWBE_Blutility_C has parent /Script/Blutility.PlacedEditorUtilityBase, but this parent is not found. The Class will not be shown in ClassViewer.
[2022.04.05-11.22.36:237][739]LogEditorClassViewer: Warning: Class /Game/ScriptsBluePrints/DoorsAndClosets2/DoorLeverTest.PLACEHOLDER-CLASS__Grab_C_0 has parent None, but this parent is not found. The Class will not be shown in ClassViewer.
[2022.04.05-11.22.53:343][739]LogSlate: Window 'Create Blueprint From Selection' being destroyed
[2022.04.05-11.22.53:351][739]LogActorComponent: UnregisterComponent: (/Game/ScriptsBluePrints/DoorsAndClosets2/Suntech_240W_Module1_2_Blueprint.Default__Suntech_240W_Module1_2_Blueprint_C:StaticMeshComponent0) Not registered. Aborting.
[2022.04.05-11.22.53:384][739]LogUObjectHash: Compacting FUObjectHashTables data took   2.51ms
[2022.04.05-11.22.53:409][739]LogAssetEditorSubsystem: Opening Asset editor for Blueprint /Game/ScriptsBluePrints/DoorsAndClosets2/Suntech_240W_Module1_2_Blueprint.Suntech_240W_Module1_2_Blueprint
[2022.04.05-11.22.53:742][740]LogRenderer: Reallocating scene render targets to support 1232x900 Format 10 NumSamples 4 (Frame:1).
[2022.04.05-11.23.33:863][ 55]BlueprintLog: New page: Compile Suntech_240W_Module1_2_Blueprint
[2022.04.05-11.23.33:924][ 55]LogUObjectHash: Compacting FUObjectHashTables data took   2.05ms
[2022.04.05-11.23.40:895][470]LogPlayLevel: PlayLevel: No blueprints needed recompiling
[2022.04.05-11.23.40:895][470]PIE: New page: PIE session: testing_grounds (5. apr. 2022 15.23.40)
[2022.04.05-11.23.40:897][470]LogOnline: OSS: Creating online subsystem instance for: NULL
[2022.04.05-11.23.40:898][470]LogOnline: OSS: TryLoadSubsystemAndSetDefault: Loaded subsystem for module [NULL]
[2022.04.05-11.23.40:899][470]LogPlayLevel: Creating play world package: /Game/VRTemplate/Maps/UEDPIE_0_testing_grounds
[2022.04.05-11.23.40:922][470]LogPlayLevel: PIE: StaticDuplicateObject took: (0.023083s)
[2022.04.05-11.23.40:923][470]LogAIModule: Creating AISystem for world testing_grounds
[2022.04.05-11.23.40:924][470]LogPlayLevel: PIE: World Init took: (0.001472s)
[2022.04.05-11.23.40:924][470]LogPlayLevel: PIE: Created PIE world by copying editor world from /Game/VRTemplate/Maps/testing_grounds.testing_grounds to /Game/VRTemplate/Maps/UEDPIE_0_testing_grounds.testing_grounds (0.024740s)
[2022.04.05-11.23.40:943][470]LogUObjectHash: Compacting FUObjectHashTables data took   2.10ms
[2022.04.05-11.23.40:945][470]LogAudio: Display: Creating Audio Device:                 Id: 2, Scope: Unique, Realtime: True
[2022.04.05-11.23.40:945][470]LogAudioMixer: Display: Audio Mixer Platform Settings:
[2022.04.05-11.23.40:945][470]LogAudioMixer: Display: 	Sample Rate:						  48000
[2022.04.05-11.23.40:945][470]LogAudioMixer: Display: 	Callback Buffer Frame Size Requested: 1024
[2022.04.05-11.23.40:945][470]LogAudioMixer: Display: 	Callback Buffer Frame Size To Use:	  1024
[2022.04.05-11.23.40:945][470]LogAudioMixer: Display: 	Number of buffers to queue:			  1
[2022.04.05-11.23.40:945][470]LogAudioMixer: Display: 	Max Channels (voices):				  0
[2022.04.05-11.23.40:945][470]LogAudioMixer: Display: 	Number of Async Source Workers:		  4
[2022.04.05-11.23.40:945][470]LogAudio: Display: AudioDevice MaxSources: 32
[2022.04.05-11.23.40:946][470]LogAudio: Display: Audio Spatialization Plugin: Resonance Audio is external send: 1
[2022.04.05-11.23.40:946][470]LogAudio: Display: Audio Reverb Plugin: Resonance Audio
[2022.04.05-11.23.40:946][470]LogAudio: Display: Audio Occlusion Plugin: None (built-in).
[2022.04.05-11.23.40:946][470]LogAudioMixer: Display: Initializing audio mixer.
[2022.04.05-11.23.40:948][470]LogAudioMixer: Display: 0: FrontLeft
[2022.04.05-11.23.40:948][470]LogAudioMixer: Display: 1: FrontRight
[2022.04.05-11.23.40:952][470]LogAudioMixer: Display: Using Audio Device Headphones (Oculus Virtual Audio Device)
[2022.04.05-11.23.40:952][470]LogAudioMixer: Display: Initializing Sound Submixes...
[2022.04.05-11.23.40:952][470]LogAudioMixer: Display: Creating Master Submix 'MasterSubmixDefault'
[2022.04.05-11.23.40:952][470]LogAudioMixer: Display: Creating Master Submix 'MasterReverbSubmixDefault'
[2022.04.05-11.23.40:953][470]LogAudioMixer: Display: Creating Master Submix 'MasterEQSubmixDefault'
[2022.04.05-11.23.40:953][470]LogAudioMixer: FMixerPlatformXAudio2::StartAudioStream() called
[2022.04.05-11.23.40:953][470]LogAudioMixer: Display: Output buffers initialized: Frames=1024, Channels=2, Samples=2048
[2022.04.05-11.23.40:954][470]LogAudioMixer: Display: Starting AudioMixerPlatformInterface::RunInternal()
[2022.04.05-11.23.40:954][470]LogAudioMixer: Display: FMixerPlatformXAudio2::SubmitBuffer() called for the first time
[2022.04.05-11.23.40:954][470]LogInit: FAudioDevice initialized.
[2022.04.05-11.23.40:954][470]LogAudio: Display: Audio Device (ID: 2) registered with world 'testing_grounds'.
[2022.04.05-11.23.40:967][470]LogLoad: Game class is 'VRGameMode_C'
[2022.04.05-11.23.40:978][470]LogWorld: Bringing World /Game/VRTemplate/Maps/UEDPIE_0_testing_grounds.testing_grounds up for play (max tick rate 60) at 2022.04.05-13.23.40
[2022.04.05-11.23.40:978][470]LogWorld: Bringing up level for play took: 0.006600
[2022.04.05-11.23.40:979][470]LogOnline: OSS: Creating online subsystem instance for: :Context_9
[2022.04.05-11.23.40:984][470]LogSpawn: Warning: SpawnActor failed because no class was specified
[2022.04.05-11.23.40:987][470]LogNativeClassHierarchy: Verbose: Native class hierarchy updated for 'MovieSceneCapture' in 0.0004 seconds. Added 20 classes and 0 folders.
[2022.04.05-11.23.40:996][470]LogSlate: New Slate User Created.  User Index 8, Is Virtual User: 1
[2022.04.05-11.23.40:996][470]LogSlate: Slate User Registered.  User Index 8, Is Virtual User: 1
[2022.04.05-11.23.41:000][470]LogBlueprintUserMessages: [Suntech_240W_Module1_2_Blueprint] Hello
[2022.04.05-11.23.41:001][470]PIE: Server logged in
[2022.04.05-11.23.41:002][470]PIE: Play in editor total start time 0,108 seconds.
[2022.04.05-11.23.41:023][470]LogResonanceAudio: Display: Resonance Audio Listener is initialized
[2022.04.05-11.23.43:349][591]LogSlate: Updating window title bar state: overlay mode, drag disabled, window buttons hidden, title bar hidden
[2022.04.05-11.23.43:349][591]LogWorld: BeginTearingDown for /Game/VRTemplate/Maps/UEDPIE_0_testing_grounds
[2022.04.05-11.23.43:350][591]LogWorld: UWorld::CleanupWorld for testing_grounds, bSessionEnded=true, bCleanupResources=true
[2022.04.05-11.23.43:351][591]LogSlate: InvalidateAllWidgets triggered.  All widgets were invalidated
[2022.04.05-11.23.43:361][591]LogPlayLevel: Display: Shutting down PIE online subsystems
[2022.04.05-11.23.43:377][591]LogSlate: InvalidateAllWidgets triggered.  All widgets were invalidated
[2022.04.05-11.23.43:399][591]LogAudio: Display: Audio Device unregistered from world 'None'.
[2022.04.05-11.23.43:399][591]LogResonanceAudio: Display: Resonance Audio Listener is shutdown
[2022.04.05-11.23.43:399][591]LogAudioMixer: FMixerPlatformXAudio2::StopAudioStream() called
[2022.04.05-11.23.43:401][591]LogAudioMixer: FMixerPlatformXAudio2::StopAudioStream() called
[2022.04.05-11.23.43:403][591]LogSlate: Updating window title bar state: overlay mode, drag disabled, window buttons hidden, title bar hidden
[2022.04.05-11.23.43:411][591]LogSlate: Slate User Unregistered.  User Index 8
[2022.04.05-11.23.43:411][591]LogSlate: Slate User Destroyed.  User Index 8, Is Virtual User: 1
[2022.04.05-11.23.43:431][591]LogUObjectHash: Compacting FUObjectHashTables data took   3.27ms
[2022.04.05-11.23.43:465][592]LogPlayLevel: Display: Destroying online subsystem :Context_9
[2022.04.05-11.25.34:544][179]LogEditorTransaction: Undo Modify Component(s)
[2022.04.05-11.25.47:084][898]LogEditorTransaction: Undo Modify Component(s)
[2022.04.05-11.26.39:585][ 22]LogEditorTransaction: Undo Modify Component(s)
[2022.04.05-11.26.53:853][866]LogEditorTransaction: Undo Modify Component(s)
[2022.04.05-11.26.59:723][205]LogEditorTransaction: Undo Modify Component(s)
[2022.04.05-11.27.00:106][221]LogEditorTransaction: Undo Modify Component(s)
[2022.04.05-11.27.14:129][ 53]BlueprintLog: New page: Compile Suntech_240W_Module1_2_Blueprint
[2022.04.05-11.27.14:216][ 53]LogUObjectHash: Compacting FUObjectHashTables data took   3.47ms
[2022.04.05-11.28.00:529][759]LogAssetEditorSubsystem: Opening Asset editor for Blueprint /Game/ScriptsBluePrints/shutters_logic.shutters_logic
[2022.04.05-11.31.08:145][863]LogUObjectHash: Compacting FUObjectHashTables data took   3.78ms
[2022.04.05-11.31.08:257][863]LogSavePackage: Moving '../../../../../../Users/qwe_o/Documents/GitHub/P8ToBeAnnounced/P8_VR_Home/Saved/testing_grounds_Auto119E282E24E2D6FCD4A279DBEEF301A97.tmp' to '../../../../../../Users/qwe_o/Documents/GitHub/P8ToBeAnnounced/P8_VR_Home/Saved/Autosaves/Game/VRTemplate/Maps/testing_grounds_Auto1.umap'
[2022.04.05-11.31.08:260][863]LogFileHelpers: Editor autosave (incl. external actors) for '/Game/VRTemplate/Maps/testing_grounds' took 0.143
[2022.04.05-11.31.08:260][863]LogFileHelpers: Editor autosave (incl. sublevels & external actors) for all levels took 0.143
[2022.04.05-11.35.53:111][717]LogAudioMixer: Warning: Changing default audio render device to new device: {0.0.0.00000000}.{567f596f-2aed-4681-a0d7-bd3a116bb862}.
[2022.04.05-11.35.53:111][717]LogAudioMixer: Resetting audio stream to device id 
[2022.04.05-11.35.53:830][717]LogAudioMixer: Display: 0: FrontLeft
[2022.04.05-11.35.53:830][717]LogAudioMixer: Display: 1: FrontRight
[2022.04.05-11.41.08:644][200]LogUObjectHash: Compacting FUObjectHashTables data took   4.04ms
[2022.04.05-11.41.08:748][200]LogSavePackage: Moving '../../../../../../Users/qwe_o/Documents/GitHub/P8ToBeAnnounced/P8_VR_Home/Saved/testing_grounds_Auto296B228E54E0AB30F5A0BDD98ACF7A846.tmp' to '../../../../../../Users/qwe_o/Documents/GitHub/P8ToBeAnnounced/P8_VR_Home/Saved/Autosaves/Game/VRTemplate/Maps/testing_grounds_Auto2.umap'
[2022.04.05-11.41.08:753][200]LogFileHelpers: Editor autosave (incl. external actors) for '/Game/VRTemplate/Maps/testing_grounds' took 0.140
[2022.04.05-11.41.08:753][200]LogFileHelpers: Editor autosave (incl. sublevels & external actors) for all levels took 0.140
[2022.04.05-11.42.50:576][644]BlueprintLog: New page: Compile Suntech_240W_Module1_2_Blueprint
[2022.04.05-11.42.50:640][644]LogUObjectHash: Compacting FUObjectHashTables data took   3.01ms
[2022.04.05-11.45.04:744][432]LogEditorTransaction: Undo Mouse Drag
[2022.04.05-11.45.05:206][451]LogEditorTransaction: Undo Move Node
[2022.04.05-11.49.09:383][391]LogAudioMixer: Warning: Changing default audio render device to new device: {0.0.0.00000000}.{2ad21f50-515d-41a2-8874-56e62c7efa77}.
[2022.04.05-11.49.09:390][391]LogAudioMixer: Resetting audio stream to device id 
[2022.04.05-11.49.11:437][391]LogAudioMixer: Display: 0: FrontLeft
[2022.04.05-11.49.11:437][391]LogAudioMixer: Display: 1: FrontRight
[2022.04.05-11.49.12:467][392]LogAudioMixer: Resetting audio stream to device id 
[2022.04.05-11.49.13:465][392]LogAudioMixer: Display: 0: FrontLeft
[2022.04.05-11.49.13:465][392]LogAudioMixer: Display: 1: FrontRight
[2022.04.05-11.49.14:497][393]LogAudioMixer: Resetting audio stream to device id 
[2022.04.05-11.49.15:495][393]LogAudioMixer: Display: 0: FrontLeft
[2022.04.05-11.49.15:495][393]LogAudioMixer: Display: 1: FrontRight
[2022.04.05-11.49.16:527][394]LogAudioMixer: Resetting audio stream to device id 
[2022.04.05-11.49.17:523][394]LogAudioMixer: Display: 0: FrontLeft
[2022.04.05-11.49.17:523][394]LogAudioMixer: Display: 1: FrontRight
[2022.04.05-11.49.18:553][395]LogAudioMixer: Resetting audio stream to device id 
[2022.04.05-11.49.19:550][395]LogAudioMixer: Display: 0: FrontLeft
[2022.04.05-11.49.19:550][395]LogAudioMixer: Display: 1: FrontRight
[2022.04.05-11.49.20:580][396]LogAudioMixer: Resetting audio stream to device id 
[2022.04.05-11.49.21:579][396]LogAudioMixer: Display: 0: FrontLeft
[2022.04.05-11.49.21:579][396]LogAudioMixer: Display: 1: FrontRight
[2022.04.05-11.49.22:612][397]LogAudioMixer: Resetting audio stream to device id 
[2022.04.05-11.49.23:607][397]LogAudioMixer: Display: 0: FrontLeft
[2022.04.05-11.49.23:607][397]LogAudioMixer: Display: 1: FrontRight
[2022.04.05-11.49.24:638][398]LogAudioMixer: Resetting audio stream to device id 
[2022.04.05-11.49.25:635][398]LogAudioMixer: Display: 0: FrontLeft
[2022.04.05-11.49.25:635][398]LogAudioMixer: Display: 1: FrontRight
[2022.04.05-11.49.26:665][399]LogAudioMixer: Resetting audio stream to device id 
[2022.04.05-11.49.27:664][399]LogAudioMixer: Display: 0: FrontLeft
[2022.04.05-11.49.27:664][399]LogAudioMixer: Display: 1: FrontRight
[2022.04.05-11.49.28:697][400]LogAudioMixer: Resetting audio stream to device id 
[2022.04.05-11.49.29:691][400]LogAudioMixer: Display: 0: FrontLeft
[2022.04.05-11.49.29:691][400]LogAudioMixer: Display: 1: FrontRight
[2022.04.05-11.49.30:723][401]LogAudioMixer: Resetting audio stream to device id 
[2022.04.05-11.49.31:719][401]LogAudioMixer: Display: 0: FrontLeft
[2022.04.05-11.49.31:719][401]LogAudioMixer: Display: 1: FrontRight
[2022.04.05-11.49.32:750][402]LogAudioMixer: Resetting audio stream to device id 
[2022.04.05-11.49.33:748][402]LogAudioMixer: Display: 0: FrontLeft
[2022.04.05-11.49.33:748][402]LogAudioMixer: Display: 1: FrontRight
[2022.04.05-11.49.34:780][403]LogAudioMixer: Resetting audio stream to device id 
[2022.04.05-11.49.35:775][403]LogAudioMixer: Display: 0: FrontLeft
[2022.04.05-11.49.35:775][403]LogAudioMixer: Display: 1: FrontRight
[2022.04.05-11.49.36:808][404]LogAudioMixer: Resetting audio stream to device id 
[2022.04.05-11.49.37:806][404]LogAudioMixer: Display: 0: FrontLeft
[2022.04.05-11.49.37:806][404]LogAudioMixer: Display: 1: FrontRight
[2022.04.05-11.49.38:837][405]LogAudioMixer: Resetting audio stream to device id 
[2022.04.05-11.49.39:833][405]LogAudioMixer: Display: 0: FrontLeft
[2022.04.05-11.49.39:833][405]LogAudioMixer: Display: 1: FrontRight
[2022.04.05-11.49.40:864][406]LogAudioMixer: Resetting audio stream to device id 
[2022.04.05-11.49.41:861][406]LogAudioMixer: Display: 0: FrontLeft
[2022.04.05-11.49.41:861][406]LogAudioMixer: Display: 1: FrontRight
[2022.04.05-11.49.42:893][407]LogAudioMixer: Resetting audio stream to device id 
[2022.04.05-11.49.43:889][407]LogAudioMixer: Display: 0: FrontLeft
[2022.04.05-11.49.43:889][407]LogAudioMixer: Display: 1: FrontRight
[2022.04.05-11.49.44:921][408]LogAudioMixer: Resetting audio stream to device id 
[2022.04.05-11.49.45:917][408]LogAudioMixer: Display: 0: FrontLeft
[2022.04.05-11.49.45:917][408]LogAudioMixer: Display: 1: FrontRight
[2022.04.05-11.49.46:949][409]LogAudioMixer: Resetting audio stream to device id 
[2022.04.05-11.49.47:944][409]LogAudioMixer: Display: 0: FrontLeft
[2022.04.05-11.49.47:944][409]LogAudioMixer: Display: 1: FrontRight
[2022.04.05-11.49.48:975][410]LogAudioMixer: Resetting audio stream to device id 
[2022.04.05-11.49.49:971][410]LogAudioMixer: Display: 0: FrontLeft
[2022.04.05-11.49.49:971][410]LogAudioMixer: Display: 1: FrontRight
[2022.04.05-11.49.51:003][411]LogAudioMixer: Resetting audio stream to device id 
[2022.04.05-11.49.52:001][411]LogAudioMixer: Display: 0: FrontLeft
[2022.04.05-11.49.52:001][411]LogAudioMixer: Display: 1: FrontRight
[2022.04.05-11.49.53:032][412]LogAudioMixer: Resetting audio stream to device id 
[2022.04.05-11.49.54:032][412]LogAudioMixer: Display: 0: FrontLeft
[2022.04.05-11.49.54:032][412]LogAudioMixer: Display: 1: FrontRight
[2022.04.05-11.49.55:063][413]LogAudioMixer: Resetting audio stream to device id 
[2022.04.05-11.49.56:060][413]LogAudioMixer: Display: 0: FrontLeft
[2022.04.05-11.49.56:060][413]LogAudioMixer: Display: 1: FrontRight
[2022.04.05-11.49.57:092][414]LogAudioMixer: Resetting audio stream to device id 
[2022.04.05-11.49.58:090][414]LogAudioMixer: Display: 0: FrontLeft
[2022.04.05-11.49.58:090][414]LogAudioMixer: Display: 1: FrontRight
[2022.04.05-11.49.59:121][415]LogAudioMixer: Resetting audio stream to device id 
[2022.04.05-11.50.00:117][415]LogAudioMixer: Display: 0: FrontLeft
[2022.04.05-11.50.00:117][415]LogAudioMixer: Display: 1: FrontRight
[2022.04.05-11.50.01:150][416]LogAudioMixer: Resetting audio stream to device id 
[2022.04.05-11.50.02:145][416]LogAudioMixer: Display: 0: FrontLeft
[2022.04.05-11.50.02:145][416]LogAudioMixer: Display: 1: FrontRight
[2022.04.05-11.50.03:176][417]LogAudioMixer: Resetting audio stream to device id 
[2022.04.05-11.50.04:174][417]LogAudioMixer: Display: 0: FrontLeft
[2022.04.05-11.50.04:175][417]LogAudioMixer: Display: 1: FrontRight
[2022.04.05-11.50.05:206][418]LogAudioMixer: Resetting audio stream to device id 
[2022.04.05-11.50.06:201][418]LogAudioMixer: Display: 0: FrontLeft
[2022.04.05-11.50.06:201][418]LogAudioMixer: Display: 1: FrontRight
[2022.04.05-11.50.07:233][419]LogAudioMixer: Resetting audio stream to device id 
[2022.04.05-11.50.08:229][419]LogAudioMixer: Display: 0: FrontLeft
[2022.04.05-11.50.08:229][419]LogAudioMixer: Display: 1: FrontRight
[2022.04.05-11.50.09:261][420]LogAudioMixer: Resetting audio stream to device id 
[2022.04.05-11.50.10:257][420]LogAudioMixer: Display: 0: FrontLeft
[2022.04.05-11.50.10:257][420]LogAudioMixer: Display: 1: FrontRight
[2022.04.05-11.50.11:288][421]LogAudioMixer: Resetting audio stream to device id 
[2022.04.05-11.50.12:285][421]LogAudioMixer: Display: 0: FrontLeft
[2022.04.05-11.50.12:285][421]LogAudioMixer: Display: 1: FrontRight
[2022.04.05-11.50.13:316][422]LogAudioMixer: Resetting audio stream to device id 
[2022.04.05-11.50.14:314][422]LogAudioMixer: Display: 0: FrontLeft
[2022.04.05-11.50.14:314][422]LogAudioMixer: Display: 1: FrontRight
[2022.04.05-11.50.15:346][423]LogAudioMixer: Resetting audio stream to device id 
[2022.04.05-11.50.16:343][423]LogAudioMixer: Display: 0: FrontLeft
[2022.04.05-11.50.16:343][423]LogAudioMixer: Display: 1: FrontRight
[2022.04.05-11.50.17:375][424]LogAudioMixer: Resetting audio stream to device id 
[2022.04.05-11.50.18:374][424]LogAudioMixer: Display: 0: FrontLeft
[2022.04.05-11.50.18:374][424]LogAudioMixer: Display: 1: FrontRight
[2022.04.05-11.50.19:405][425]LogAudioMixer: Resetting audio stream to device id 
[2022.04.05-11.50.20:403][425]LogAudioMixer: Display: 0: FrontLeft
[2022.04.05-11.50.20:403][425]LogAudioMixer: Display: 1: FrontRight
[2022.04.05-11.50.21:434][426]LogAudioMixer: Resetting audio stream to device id 
[2022.04.05-11.50.22:430][426]LogAudioMixer: Display: 0: FrontLeft
[2022.04.05-11.50.22:430][426]LogAudioMixer: Display: 1: FrontRight
[2022.04.05-11.50.23:461][427]LogAudioMixer: Resetting audio stream to device id 
[2022.04.05-11.50.24:458][427]LogAudioMixer: Display: 0: FrontLeft
[2022.04.05-11.50.24:458][427]LogAudioMixer: Display: 1: FrontRight
[2022.04.05-11.50.25:490][428]LogAudioMixer: Resetting audio stream to device id 
[2022.04.05-11.50.26:488][428]LogAudioMixer: Display: 0: FrontLeft
[2022.04.05-11.50.26:488][428]LogAudioMixer: Display: 1: FrontRight
[2022.04.05-11.50.27:519][429]LogAudioMixer: Resetting audio stream to device id 
[2022.04.05-11.50.28:516][429]LogAudioMixer: Display: 0: FrontLeft
[2022.04.05-11.50.28:516][429]LogAudioMixer: Display: 1: FrontRight
[2022.04.05-11.50.29:546][430]LogAudioMixer: Resetting audio stream to device id 
[2022.04.05-11.50.30:544][430]LogAudioMixer: Display: 0: FrontLeft
[2022.04.05-11.50.30:544][430]LogAudioMixer: Display: 1: FrontRight
[2022.04.05-11.50.31:575][431]LogAudioMixer: Resetting audio stream to device id 
[2022.04.05-11.50.32:574][431]LogAudioMixer: Display: 0: FrontLeft
[2022.04.05-11.50.32:574][431]LogAudioMixer: Display: 1: FrontRight
[2022.04.05-11.50.33:604][432]LogAudioMixer: Resetting audio stream to device id 
[2022.04.05-11.50.34:602][432]LogAudioMixer: Display: 0: FrontLeft
[2022.04.05-11.50.34:602][432]LogAudioMixer: Display: 1: FrontRight
[2022.04.05-11.50.35:631][433]LogAudioMixer: Resetting audio stream to device id 
[2022.04.05-11.50.36:628][433]LogAudioMixer: Display: 0: FrontLeft
[2022.04.05-11.50.36:628][433]LogAudioMixer: Display: 1: FrontRight
[2022.04.05-11.50.37:660][434]LogAudioMixer: Resetting audio stream to device id 
[2022.04.05-11.50.38:657][434]LogAudioMixer: Display: 0: FrontLeft
[2022.04.05-11.50.38:657][434]LogAudioMixer: Display: 1: FrontRight
[2022.04.05-11.50.39:688][435]LogAudioMixer: Resetting audio stream to device id 
[2022.04.05-11.50.40:688][435]LogAudioMixer: Display: 0: FrontLeft
[2022.04.05-11.50.40:688][435]LogAudioMixer: Display: 1: FrontRight
[2022.04.05-11.50.41:719][436]LogAudioMixer: Resetting audio stream to device id 
[2022.04.05-11.50.42:717][436]LogAudioMixer: Display: 0: FrontLeft
[2022.04.05-11.50.42:717][436]LogAudioMixer: Display: 1: FrontRight
[2022.04.05-11.50.43:749][437]LogAudioMixer: Resetting audio stream to device id 
[2022.04.05-11.50.44:746][437]LogAudioMixer: Display: 0: FrontLeft
[2022.04.05-11.50.44:746][437]LogAudioMixer: Display: 1: FrontRight
[2022.04.05-11.50.45:778][438]LogAudioMixer: Resetting audio stream to device id 
[2022.04.05-11.50.46:776][438]LogAudioMixer: Display: 0: FrontLeft
[2022.04.05-11.50.46:776][438]LogAudioMixer: Display: 1: FrontRight
[2022.04.05-11.50.47:806][439]LogAudioMixer: Resetting audio stream to device id 
[2022.04.05-11.50.48:803][439]LogAudioMixer: Display: 0: FrontLeft
[2022.04.05-11.50.48:804][439]LogAudioMixer: Display: 1: FrontRight
[2022.04.05-11.50.49:833][440]LogAudioMixer: Resetting audio stream to device id 
[2022.04.05-11.50.50:832][440]LogAudioMixer: Display: 0: FrontLeft
[2022.04.05-11.50.50:832][440]LogAudioMixer: Display: 1: FrontRight
[2022.04.05-11.50.51:860][441]LogAudioMixer: Resetting audio stream to device id 
[2022.04.05-11.50.52:858][441]LogAudioMixer: Display: 0: FrontLeft
[2022.04.05-11.50.52:858][441]LogAudioMixer: Display: 1: FrontRight
[2022.04.05-11.50.53:889][442]LogAudioMixer: Resetting audio stream to device id 
[2022.04.05-11.50.54:887][442]LogAudioMixer: Display: 0: FrontLeft
[2022.04.05-11.50.54:887][442]LogAudioMixer: Display: 1: FrontRight
[2022.04.05-11.50.55:916][443]LogAudioMixer: Resetting audio stream to device id 
[2022.04.05-11.50.56:915][443]LogAudioMixer: Display: 0: FrontLeft
[2022.04.05-11.50.56:915][443]LogAudioMixer: Display: 1: FrontRight
[2022.04.05-11.50.57:945][444]LogAudioMixer: Resetting audio stream to device id 
[2022.04.05-11.50.58:944][444]LogAudioMixer: Display: 0: FrontLeft
[2022.04.05-11.50.58:944][444]LogAudioMixer: Display: 1: FrontRight
[2022.04.05-11.50.59:976][445]LogAudioMixer: Resetting audio stream to device id 
[2022.04.05-11.51.00:974][445]LogAudioMixer: Display: 0: FrontLeft
[2022.04.05-11.51.00:974][445]LogAudioMixer: Display: 1: FrontRight
[2022.04.05-11.51.02:005][446]LogAudioMixer: Resetting audio stream to device id 
[2022.04.05-11.51.03:003][446]LogAudioMixer: Display: 0: FrontLeft
[2022.04.05-11.51.03:003][446]LogAudioMixer: Display: 1: FrontRight
[2022.04.05-11.51.04:057][447]LogAudioMixer: Resetting audio stream to device id 
[2022.04.05-11.51.05:033][447]LogAudioMixer: Display: 0: FrontLeft
[2022.04.05-11.51.05:033][447]LogAudioMixer: Display: 1: FrontRight
[2022.04.05-11.51.06:062][448]LogAudioMixer: Resetting audio stream to device id 
[2022.04.05-11.51.07:060][448]LogAudioMixer: Display: 0: FrontLeft
[2022.04.05-11.51.07:060][448]LogAudioMixer: Display: 1: FrontRight
[2022.04.05-11.51.08:092][449]LogAudioMixer: Resetting audio stream to device id 
[2022.04.05-11.51.09:091][449]LogAudioMixer: Display: 0: FrontLeft
[2022.04.05-11.51.09:091][449]LogAudioMixer: Display: 1: FrontRight
[2022.04.05-11.51.10:122][450]LogAudioMixer: Resetting audio stream to device id 
[2022.04.05-11.51.11:120][450]LogAudioMixer: Display: 0: FrontLeft
[2022.04.05-11.51.11:120][450]LogAudioMixer: Display: 1: FrontRight
[2022.04.05-11.51.12:199][450]LogUObjectHash: Compacting FUObjectHashTables data took   4.41ms
[2022.04.05-11.51.12:302][450]LogSavePackage: Moving '../../../../../../Users/qwe_o/Documents/GitHub/P8ToBeAnnounced/P8_VR_Home/Saved/testing_grounds_Auto333BE1C574FC6A7643C20058F5FE2A8A7.tmp' to '../../../../../../Users/qwe_o/Documents/GitHub/P8ToBeAnnounced/P8_VR_Home/Saved/Autosaves/Game/VRTemplate/Maps/testing_grounds_Auto3.umap'
[2022.04.05-11.51.12:304][450]LogFileHelpers: Editor autosave (incl. external actors) for '/Game/VRTemplate/Maps/testing_grounds' took 0.136
[2022.04.05-11.51.12:304][450]LogFileHelpers: Editor autosave (incl. sublevels & external actors) for all levels took 0.136
[2022.04.05-11.51.12:321][451]LogAudioMixer: Resetting audio stream to device id 
[2022.04.05-11.51.13:151][451]LogAudioMixer: Display: 0: FrontLeft
[2022.04.05-11.51.13:151][451]LogAudioMixer: Display: 1: FrontRight
[2022.04.05-11.51.14:191][452]LogAudioMixer: Resetting audio stream to device id 
[2022.04.05-11.51.15:178][452]LogAudioMixer: Display: 0: FrontLeft
[2022.04.05-11.51.15:178][452]LogAudioMixer: Display: 1: FrontRight
[2022.04.05-11.51.16:210][453]LogAudioMixer: Resetting audio stream to device id 
[2022.04.05-11.51.17:208][453]LogAudioMixer: Display: 0: FrontLeft
[2022.04.05-11.51.17:208][453]LogAudioMixer: Display: 1: FrontRight
[2022.04.05-11.51.18:248][454]LogAudioMixer: Resetting audio stream to device id 
[2022.04.05-11.51.19:237][454]LogAudioMixer: Display: 0: FrontLeft
[2022.04.05-11.51.19:237][454]LogAudioMixer: Display: 1: FrontRight
[2022.04.05-11.51.20:267][455]LogAudioMixer: Resetting audio stream to device id 
[2022.04.05-11.51.21:265][455]LogAudioMixer: Display: 0: FrontLeft
[2022.04.05-11.51.21:265][455]LogAudioMixer: Display: 1: FrontRight
[2022.04.05-11.51.22:294][456]LogAudioMixer: Resetting audio stream to device id 
[2022.04.05-11.51.23:292][456]LogAudioMixer: Display: 0: FrontLeft
[2022.04.05-11.51.23:292][456]LogAudioMixer: Display: 1: FrontRight
[2022.04.05-11.51.24:323][457]LogAudioMixer: Resetting audio stream to device id 
[2022.04.05-11.51.25:322][457]LogAudioMixer: Display: 0: FrontLeft
[2022.04.05-11.51.25:322][457]LogAudioMixer: Display: 1: FrontRight
[2022.04.05-11.51.26:353][458]LogAudioMixer: Resetting audio stream to device id 
[2022.04.05-11.51.27:351][458]LogAudioMixer: Display: 0: FrontLeft
[2022.04.05-11.51.27:351][458]LogAudioMixer: Display: 1: FrontRight
[2022.04.05-11.51.28:381][459]LogAudioMixer: Resetting audio stream to device id 
[2022.04.05-11.51.29:380][459]LogAudioMixer: Display: 0: FrontLeft
[2022.04.05-11.51.29:380][459]LogAudioMixer: Display: 1: FrontRight
[2022.04.05-11.51.30:411][460]LogAudioMixer: Resetting audio stream to device id 
[2022.04.05-11.51.31:409][460]LogAudioMixer: Display: 0: FrontLeft
[2022.04.05-11.51.31:409][460]LogAudioMixer: Display: 1: FrontRight
[2022.04.05-11.51.32:438][461]LogAudioMixer: Resetting audio stream to device id 
[2022.04.05-11.51.33:436][461]LogAudioMixer: Display: 0: FrontLeft
[2022.04.05-11.51.33:437][461]LogAudioMixer: Display: 1: FrontRight
[2022.04.05-11.51.34:464][462]LogAudioMixer: Resetting audio stream to device id 
[2022.04.05-11.51.35:463][462]LogAudioMixer: Display: 0: FrontLeft
[2022.04.05-11.51.35:463][462]LogAudioMixer: Display: 1: FrontRight
[2022.04.05-11.51.36:494][463]LogAudioMixer: Resetting audio stream to device id 
[2022.04.05-11.51.37:492][463]LogAudioMixer: Display: 0: FrontLeft
[2022.04.05-11.51.37:492][463]LogAudioMixer: Display: 1: FrontRight
[2022.04.05-11.51.38:523][464]LogAudioMixer: Resetting audio stream to device id 
[2022.04.05-11.51.39:521][464]LogAudioMixer: Display: 0: FrontLeft
[2022.04.05-11.51.39:521][464]LogAudioMixer: Display: 1: FrontRight
[2022.04.05-11.51.40:550][465]LogAudioMixer: Resetting audio stream to device id 
[2022.04.05-11.51.41:550][465]LogAudioMixer: Display: 0: FrontLeft
[2022.04.05-11.51.41:550][465]LogAudioMixer: Display: 1: FrontRight
[2022.04.05-11.51.42:579][466]LogAudioMixer: Resetting audio stream to device id 
[2022.04.05-11.51.43:578][466]LogAudioMixer: Display: 0: FrontLeft
[2022.04.05-11.51.43:578][466]LogAudioMixer: Display: 1: FrontRight
[2022.04.05-11.51.44:606][467]LogAudioMixer: Resetting audio stream to device id 
[2022.04.05-11.51.45:606][467]LogAudioMixer: Display: 0: FrontLeft
[2022.04.05-11.51.45:606][467]LogAudioMixer: Display: 1: FrontRight
[2022.04.05-11.51.46:634][468]LogAudioMixer: Resetting audio stream to device id 
[2022.04.05-11.51.47:634][468]LogAudioMixer: Display: 0: FrontLeft
[2022.04.05-11.51.47:634][468]LogAudioMixer: Display: 1: FrontRight
[2022.04.05-11.51.48:662][469]LogAudioMixer: Resetting audio stream to device id 
[2022.04.05-11.51.49:662][469]LogAudioMixer: Display: 0: FrontLeft
[2022.04.05-11.51.49:662][469]LogAudioMixer: Display: 1: FrontRight
[2022.04.05-11.51.50:692][470]LogAudioMixer: Resetting audio stream to device id 
[2022.04.05-11.51.51:692][470]LogAudioMixer: Display: 0: FrontLeft
[2022.04.05-11.51.51:692][470]LogAudioMixer: Display: 1: FrontRight
[2022.04.05-11.51.52:720][471]LogAudioMixer: Resetting audio stream to device id 
[2022.04.05-11.51.53:720][471]LogAudioMixer: Display: 0: FrontLeft
[2022.04.05-11.51.53:720][471]LogAudioMixer: Display: 1: FrontRight
[2022.04.05-11.51.54:749][472]LogAudioMixer: Resetting audio stream to device id 
[2022.04.05-11.51.55:749][472]LogAudioMixer: Display: 0: FrontLeft
[2022.04.05-11.51.55:749][472]LogAudioMixer: Display: 1: FrontRight
[2022.04.05-11.51.56:779][473]LogAudioMixer: Resetting audio stream to device id 
[2022.04.05-11.51.57:778][473]LogAudioMixer: Display: 0: FrontLeft
[2022.04.05-11.51.57:778][473]LogAudioMixer: Display: 1: FrontRight
[2022.04.05-11.51.58:807][474]LogAudioMixer: Resetting audio stream to device id 
[2022.04.05-11.51.59:806][474]LogAudioMixer: Display: 0: FrontLeft
[2022.04.05-11.51.59:806][474]LogAudioMixer: Display: 1: FrontRight
[2022.04.05-11.52.00:834][475]LogAudioMixer: Resetting audio stream to device id 
[2022.04.05-11.52.01:833][475]LogAudioMixer: Display: 0: FrontLeft
[2022.04.05-11.52.01:834][475]LogAudioMixer: Display: 1: FrontRight
[2022.04.05-11.52.02:862][476]LogAudioMixer: Resetting audio stream to device id 
[2022.04.05-11.52.03:862][476]LogAudioMixer: Display: 0: FrontLeft
[2022.04.05-11.52.03:862][476]LogAudioMixer: Display: 1: FrontRight
[2022.04.05-11.52.04:892][477]LogAudioMixer: Resetting audio stream to device id 
[2022.04.05-11.52.05:892][477]LogAudioMixer: Display: 0: FrontLeft
[2022.04.05-11.52.05:892][477]LogAudioMixer: Display: 1: FrontRight
[2022.04.05-11.52.06:921][478]LogAudioMixer: Resetting audio stream to device id 
[2022.04.05-11.52.07:920][478]LogAudioMixer: Display: 0: FrontLeft
[2022.04.05-11.52.07:920][478]LogAudioMixer: Display: 1: FrontRight
[2022.04.05-11.52.08:950][479]LogAudioMixer: Resetting audio stream to device id 
[2022.04.05-11.52.09:949][479]LogAudioMixer: Display: 0: FrontLeft
[2022.04.05-11.52.09:949][479]LogAudioMixer: Display: 1: FrontRight
[2022.04.05-11.52.10:979][480]LogAudioMixer: Resetting audio stream to device id 
[2022.04.05-11.52.11:979][480]LogAudioMixer: Display: 0: FrontLeft
[2022.04.05-11.52.11:979][480]LogAudioMixer: Display: 1: FrontRight
[2022.04.05-11.52.13:008][481]LogAudioMixer: Resetting audio stream to device id 
[2022.04.05-11.52.14:006][481]LogAudioMixer: Display: 0: FrontLeft
[2022.04.05-11.52.14:006][481]LogAudioMixer: Display: 1: FrontRight
[2022.04.05-11.52.15:034][482]LogAudioMixer: Resetting audio stream to device id 
[2022.04.05-11.52.16:034][482]LogAudioMixer: Display: 0: FrontLeft
[2022.04.05-11.52.16:034][482]LogAudioMixer: Display: 1: FrontRight
[2022.04.05-11.52.17:063][483]LogAudioMixer: Resetting audio stream to device id 
[2022.04.05-11.52.18:062][483]LogAudioMixer: Display: 0: FrontLeft
[2022.04.05-11.52.18:062][483]LogAudioMixer: Display: 1: FrontRight
[2022.04.05-11.52.19:093][484]LogAudioMixer: Resetting audio stream to device id 
[2022.04.05-11.52.20:090][484]LogAudioMixer: Display: 0: FrontLeft
[2022.04.05-11.52.20:091][484]LogAudioMixer: Display: 1: FrontRight
[2022.04.05-11.52.21:121][485]LogAudioMixer: Resetting audio stream to device id 
[2022.04.05-11.52.22:119][485]LogAudioMixer: Display: 0: FrontLeft
[2022.04.05-11.52.22:120][485]LogAudioMixer: Display: 1: FrontRight
[2022.04.05-11.52.23:149][486]LogAudioMixer: Resetting audio stream to device id 
[2022.04.05-11.52.24:147][486]LogAudioMixer: Display: 0: FrontLeft
[2022.04.05-11.52.24:147][486]LogAudioMixer: Display: 1: FrontRight
[2022.04.05-11.52.25:175][487]LogAudioMixer: Resetting audio stream to device id 
[2022.04.05-11.52.26:174][487]LogAudioMixer: Display: 0: FrontLeft
[2022.04.05-11.52.26:174][487]LogAudioMixer: Display: 1: FrontRight
[2022.04.05-11.52.27:203][488]LogAudioMixer: Resetting audio stream to device id 
[2022.04.05-11.52.28:201][488]LogAudioMixer: Display: 0: FrontLeft
[2022.04.05-11.52.28:201][488]LogAudioMixer: Display: 1: FrontRight
[2022.04.05-11.52.29:231][489]LogAudioMixer: Resetting audio stream to device id 
[2022.04.05-11.52.30:229][489]LogAudioMixer: Display: 0: FrontLeft
[2022.04.05-11.52.30:229][489]LogAudioMixer: Display: 1: FrontRight
[2022.04.05-11.52.31:259][490]LogAudioMixer: Resetting audio stream to device id 
[2022.04.05-11.52.32:259][490]LogAudioMixer: Display: 0: FrontLeft
[2022.04.05-11.52.32:259][490]LogAudioMixer: Display: 1: FrontRight
[2022.04.05-11.52.33:288][491]LogAudioMixer: Resetting audio stream to device id 
[2022.04.05-11.52.34:286][491]LogAudioMixer: Display: 0: FrontLeft
[2022.04.05-11.52.34:286][491]LogAudioMixer: Display: 1: FrontRight
[2022.04.05-11.52.35:316][492]LogAudioMixer: Resetting audio stream to device id 
[2022.04.05-11.52.36:314][492]LogAudioMixer: Display: 0: FrontLeft
[2022.04.05-11.52.36:314][492]LogAudioMixer: Display: 1: FrontRight
[2022.04.05-11.52.37:344][493]LogAudioMixer: Resetting audio stream to device id 
[2022.04.05-11.52.38:340][493]LogAudioMixer: Display: 0: FrontLeft
[2022.04.05-11.52.38:340][493]LogAudioMixer: Display: 1: FrontRight
[2022.04.05-11.52.39:370][494]LogAudioMixer: Resetting audio stream to device id 
[2022.04.05-11.52.40:368][494]LogAudioMixer: Display: 0: FrontLeft
[2022.04.05-11.52.40:368][494]LogAudioMixer: Display: 1: FrontRight
[2022.04.05-11.52.41:398][495]LogAudioMixer: Resetting audio stream to device id 
[2022.04.05-11.52.42:396][495]LogAudioMixer: Display: 0: FrontLeft
[2022.04.05-11.52.42:396][495]LogAudioMixer: Display: 1: FrontRight
[2022.04.05-11.52.43:427][496]LogAudioMixer: Resetting audio stream to device id 
[2022.04.05-11.52.44:426][496]LogAudioMixer: Display: 0: FrontLeft
[2022.04.05-11.52.44:426][496]LogAudioMixer: Display: 1: FrontRight
[2022.04.05-11.52.45:455][497]LogAudioMixer: Resetting audio stream to device id 
[2022.04.05-11.52.46:455][497]LogAudioMixer: Display: 0: FrontLeft
[2022.04.05-11.52.46:455][497]LogAudioMixer: Display: 1: FrontRight
[2022.04.05-11.52.47:483][498]LogAudioMixer: Resetting audio stream to device id 
[2022.04.05-11.52.48:480][498]LogAudioMixer: Display: 0: FrontLeft
[2022.04.05-11.52.48:480][498]LogAudioMixer: Display: 1: FrontRight
[2022.04.05-11.52.49:510][499]LogAudioMixer: Resetting audio stream to device id 
[2022.04.05-11.52.50:509][499]LogAudioMixer: Display: 0: FrontLeft
[2022.04.05-11.52.50:509][499]LogAudioMixer: Display: 1: FrontRight
[2022.04.05-11.52.51:540][500]LogAudioMixer: Resetting audio stream to device id 
[2022.04.05-11.52.52:538][500]LogAudioMixer: Display: 0: FrontLeft
[2022.04.05-11.52.52:538][500]LogAudioMixer: Display: 1: FrontRight
[2022.04.05-11.52.53:568][501]LogAudioMixer: Resetting audio stream to device id 
[2022.04.05-11.52.54:567][501]LogAudioMixer: Display: 0: FrontLeft
[2022.04.05-11.52.54:567][501]LogAudioMixer: Display: 1: FrontRight
[2022.04.05-11.52.55:597][502]LogAudioMixer: Resetting audio stream to device id 
[2022.04.05-11.52.56:595][502]LogAudioMixer: Display: 0: FrontLeft
[2022.04.05-11.52.56:595][502]LogAudioMixer: Display: 1: FrontRight
[2022.04.05-11.52.57:627][503]LogAudioMixer: Resetting audio stream to device id 
[2022.04.05-11.52.58:624][503]LogAudioMixer: Display: 0: FrontLeft
[2022.04.05-11.52.58:624][503]LogAudioMixer: Display: 1: FrontRight
[2022.04.05-11.52.59:654][504]LogAudioMixer: Resetting audio stream to device id 
[2022.04.05-11.53.00:653][504]LogAudioMixer: Display: 0: FrontLeft
[2022.04.05-11.53.00:653][504]LogAudioMixer: Display: 1: FrontRight
[2022.04.05-11.53.01:684][505]LogAudioMixer: Resetting audio stream to device id 
[2022.04.05-11.53.02:681][505]LogAudioMixer: Display: 0: FrontLeft
[2022.04.05-11.53.02:681][505]LogAudioMixer: Display: 1: FrontRight
[2022.04.05-11.53.03:711][506]LogAudioMixer: Resetting audio stream to device id 
[2022.04.05-11.53.04:709][506]LogAudioMixer: Display: 0: FrontLeft
[2022.04.05-11.53.04:709][506]LogAudioMixer: Display: 1: FrontRight
[2022.04.05-11.53.05:741][507]LogAudioMixer: Resetting audio stream to device id 
[2022.04.05-11.53.06:739][507]LogAudioMixer: Display: 0: FrontLeft
[2022.04.05-11.53.06:739][507]LogAudioMixer: Display: 1: FrontRight
[2022.04.05-11.53.07:771][508]LogAudioMixer: Resetting audio stream to device id 
[2022.04.05-11.53.08:768][508]LogAudioMixer: Display: 0: FrontLeft
[2022.04.05-11.53.08:768][508]LogAudioMixer: Display: 1: FrontRight
[2022.04.05-11.53.09:798][509]LogAudioMixer: Resetting audio stream to device id 
[2022.04.05-11.53.10:796][509]LogAudioMixer: Display: 0: FrontLeft
[2022.04.05-11.53.10:796][509]LogAudioMixer: Display: 1: FrontRight
[2022.04.05-11.53.11:825][510]LogAudioMixer: Resetting audio stream to device id 
[2022.04.05-11.53.12:821][510]LogAudioMixer: Display: 0: FrontLeft
[2022.04.05-11.53.12:821][510]LogAudioMixer: Display: 1: FrontRight
[2022.04.05-11.53.13:851][511]LogAudioMixer: Resetting audio stream to device id 
[2022.04.05-11.53.14:848][511]LogAudioMixer: Display: 0: FrontLeft
[2022.04.05-11.53.14:848][511]LogAudioMixer: Display: 1: FrontRight
[2022.04.05-11.53.15:878][512]LogAudioMixer: Resetting audio stream to device id 
[2022.04.05-11.53.16:876][512]LogAudioMixer: Display: 0: FrontLeft
[2022.04.05-11.53.16:876][512]LogAudioMixer: Display: 1: FrontRight
[2022.04.05-11.53.17:906][513]LogAudioMixer: Resetting audio stream to device id 
[2022.04.05-11.53.18:903][513]LogAudioMixer: Display: 0: FrontLeft
[2022.04.05-11.53.18:903][513]LogAudioMixer: Display: 1: FrontRight
[2022.04.05-11.53.19:934][514]LogAudioMixer: Resetting audio stream to device id 
[2022.04.05-11.53.20:932][514]LogAudioMixer: Display: 0: FrontLeft
[2022.04.05-11.53.20:932][514]LogAudioMixer: Display: 1: FrontRight
[2022.04.05-11.53.21:964][515]LogAudioMixer: Resetting audio stream to device id 
[2022.04.05-11.53.22:962][515]LogAudioMixer: Display: 0: FrontLeft
[2022.04.05-11.53.22:962][515]LogAudioMixer: Display: 1: FrontRight
[2022.04.05-11.53.23:991][516]LogAudioMixer: Resetting audio stream to device id 
[2022.04.05-11.53.24:989][516]LogAudioMixer: Display: 0: FrontLeft
[2022.04.05-11.53.24:989][516]LogAudioMixer: Display: 1: FrontRight
[2022.04.05-11.53.26:020][517]LogAudioMixer: Resetting audio stream to device id 
[2022.04.05-11.53.27:016][517]LogAudioMixer: Display: 0: FrontLeft
[2022.04.05-11.53.27:016][517]LogAudioMixer: Display: 1: FrontRight
[2022.04.05-11.53.28:046][518]LogAudioMixer: Resetting audio stream to device id 
[2022.04.05-11.53.29:046][518]LogAudioMixer: Display: 0: FrontLeft
[2022.04.05-11.53.29:046][518]LogAudioMixer: Display: 1: FrontRight
[2022.04.05-11.53.30:076][519]LogAudioMixer: Resetting audio stream to device id 
[2022.04.05-11.53.31:074][519]LogAudioMixer: Display: 0: FrontLeft
[2022.04.05-11.53.31:074][519]LogAudioMixer: Display: 1: FrontRight
[2022.04.05-11.53.32:104][520]LogAudioMixer: Resetting audio stream to device id 
[2022.04.05-11.53.33:101][520]LogAudioMixer: Display: 0: FrontLeft
[2022.04.05-11.53.33:101][520]LogAudioMixer: Display: 1: FrontRight
[2022.04.05-11.53.34:132][521]LogAudioMixer: Resetting audio stream to device id 
[2022.04.05-11.53.35:130][521]LogAudioMixer: Display: 0: FrontLeft
[2022.04.05-11.53.35:130][521]LogAudioMixer: Display: 1: FrontRight
[2022.04.05-11.53.36:161][522]LogAudioMixer: Resetting audio stream to device id 
[2022.04.05-11.53.37:158][522]LogAudioMixer: Display: 0: FrontLeft
[2022.04.05-11.53.37:158][522]LogAudioMixer: Display: 1: FrontRight
[2022.04.05-11.53.38:188][523]LogAudioMixer: Resetting audio stream to device id 
[2022.04.05-11.53.39:183][523]LogAudioMixer: Display: 0: FrontLeft
[2022.04.05-11.53.39:183][523]LogAudioMixer: Display: 1: FrontRight
[2022.04.05-11.53.40:214][524]LogAudioMixer: Resetting audio stream to device id 
[2022.04.05-11.53.41:213][524]LogAudioMixer: Display: 0: FrontLeft
[2022.04.05-11.53.41:213][524]LogAudioMixer: Display: 1: FrontRight
[2022.04.05-11.53.42:244][525]LogAudioMixer: Resetting audio stream to device id 
[2022.04.05-11.53.43:241][525]LogAudioMixer: Display: 0: FrontLeft
[2022.04.05-11.53.43:241][525]LogAudioMixer: Display: 1: FrontRight
[2022.04.05-11.53.44:271][526]LogAudioMixer: Resetting audio stream to device id 
[2022.04.05-11.53.45:268][526]LogAudioMixer: Display: 0: FrontLeft
[2022.04.05-11.53.45:268][526]LogAudioMixer: Display: 1: FrontRight
[2022.04.05-11.53.46:301][527]LogAudioMixer: Resetting audio stream to device id 
[2022.04.05-11.53.47:296][527]LogAudioMixer: Display: 0: FrontLeft
[2022.04.05-11.53.47:296][527]LogAudioMixer: Display: 1: FrontRight
[2022.04.05-11.53.48:326][528]LogAudioMixer: Resetting audio stream to device id 
[2022.04.05-11.53.49:324][528]LogAudioMixer: Display: 0: FrontLeft
[2022.04.05-11.53.49:324][528]LogAudioMixer: Display: 1: FrontRight
[2022.04.05-11.53.50:356][529]LogAudioMixer: Resetting audio stream to device id 
[2022.04.05-11.53.51:353][529]LogAudioMixer: Display: 0: FrontLeft
[2022.04.05-11.53.51:353][529]LogAudioMixer: Display: 1: FrontRight
[2022.04.05-11.53.52:385][530]LogAudioMixer: Resetting audio stream to device id 
[2022.04.05-11.53.53:380][530]LogAudioMixer: Display: 0: FrontLeft
[2022.04.05-11.53.53:380][530]LogAudioMixer: Display: 1: FrontRight
[2022.04.05-11.53.54:416][531]LogAudioMixer: Resetting audio stream to device id 
[2022.04.05-11.53.55:409][531]LogAudioMixer: Display: 0: FrontLeft
[2022.04.05-11.53.55:409][531]LogAudioMixer: Display: 1: FrontRight
[2022.04.05-11.53.56:442][532]LogAudioMixer: Resetting audio stream to device id 
[2022.04.05-11.53.57:439][532]LogAudioMixer: Display: 0: FrontLeft
[2022.04.05-11.53.57:439][532]LogAudioMixer: Display: 1: FrontRight
[2022.04.05-11.53.58:472][533]LogAudioMixer: Resetting audio stream to device id 
[2022.04.05-11.53.59:466][533]LogAudioMixer: Display: 0: FrontLeft
[2022.04.05-11.53.59:467][533]LogAudioMixer: Display: 1: FrontRight
[2022.04.05-11.54.00:499][534]LogAudioMixer: Resetting audio stream to device id 
[2022.04.05-11.54.01:493][534]LogAudioMixer: Display: 0: FrontLeft
[2022.04.05-11.54.01:493][534]LogAudioMixer: Display: 1: FrontRight
[2022.04.05-11.54.02:525][535]LogAudioMixer: Resetting audio stream to device id 
[2022.04.05-11.54.03:521][535]LogAudioMixer: Display: 0: FrontLeft
[2022.04.05-11.54.03:521][535]LogAudioMixer: Display: 1: FrontRight
[2022.04.05-11.54.04:553][536]LogAudioMixer: Resetting audio stream to device id 
[2022.04.05-11.54.05:550][536]LogAudioMixer: Display: 0: FrontLeft
[2022.04.05-11.54.05:550][536]LogAudioMixer: Display: 1: FrontRight
[2022.04.05-11.54.06:581][537]LogAudioMixer: Resetting audio stream to device id 
[2022.04.05-11.54.07:580][537]LogAudioMixer: Display: 0: FrontLeft
[2022.04.05-11.54.07:580][537]LogAudioMixer: Display: 1: FrontRight
[2022.04.05-11.54.08:611][538]LogAudioMixer: Resetting audio stream to device id 
[2022.04.05-11.54.09:610][538]LogAudioMixer: Display: 0: FrontLeft
[2022.04.05-11.54.09:611][538]LogAudioMixer: Display: 1: FrontRight
[2022.04.05-11.54.10:642][539]LogAudioMixer: Resetting audio stream to device id 
[2022.04.05-11.54.11:638][539]LogAudioMixer: Display: 0: FrontLeft
[2022.04.05-11.54.11:638][539]LogAudioMixer: Display: 1: FrontRight
[2022.04.05-11.54.12:668][540]LogAudioMixer: Resetting audio stream to device id 
[2022.04.05-11.54.13:665][540]LogAudioMixer: Display: 0: FrontLeft
[2022.04.05-11.54.13:665][540]LogAudioMixer: Display: 1: FrontRight
[2022.04.05-11.54.14:696][541]LogAudioMixer: Resetting audio stream to device id 
[2022.04.05-11.54.15:692][541]LogAudioMixer: Display: 0: FrontLeft
[2022.04.05-11.54.15:692][541]LogAudioMixer: Display: 1: FrontRight
[2022.04.05-11.54.16:723][542]LogAudioMixer: Resetting audio stream to device id 
[2022.04.05-11.54.17:720][542]LogAudioMixer: Display: 0: FrontLeft
[2022.04.05-11.54.17:720][542]LogAudioMixer: Display: 1: FrontRight
[2022.04.05-11.54.18:754][543]LogAudioMixer: Resetting audio stream to device id 
[2022.04.05-11.54.19:749][543]LogAudioMixer: Display: 0: FrontLeft
[2022.04.05-11.54.19:749][543]LogAudioMixer: Display: 1: FrontRight
[2022.04.05-11.54.20:780][544]LogAudioMixer: Resetting audio stream to device id 
[2022.04.05-11.54.21:777][544]LogAudioMixer: Display: 0: FrontLeft
[2022.04.05-11.54.21:777][544]LogAudioMixer: Display: 1: FrontRight
[2022.04.05-11.54.22:809][545]LogAudioMixer: Resetting audio stream to device id 
[2022.04.05-11.54.23:805][545]LogAudioMixer: Display: 0: FrontLeft
[2022.04.05-11.54.23:805][545]LogAudioMixer: Display: 1: FrontRight
[2022.04.05-11.54.24:837][546]LogAudioMixer: Resetting audio stream to device id 
[2022.04.05-11.54.25:833][546]LogAudioMixer: Display: 0: FrontLeft
[2022.04.05-11.54.25:833][546]LogAudioMixer: Display: 1: FrontRight
[2022.04.05-11.54.26:864][547]LogAudioMixer: Resetting audio stream to device id 
[2022.04.05-11.54.27:860][547]LogAudioMixer: Display: 0: FrontLeft
[2022.04.05-11.54.27:860][547]LogAudioMixer: Display: 1: FrontRight
[2022.04.05-11.54.28:891][548]LogAudioMixer: Resetting audio stream to device id 
[2022.04.05-11.54.29:886][548]LogAudioMixer: Display: 0: FrontLeft
[2022.04.05-11.54.29:886][548]LogAudioMixer: Display: 1: FrontRight
[2022.04.05-11.54.30:917][549]LogAudioMixer: Resetting audio stream to device id 
[2022.04.05-11.54.31:912][549]LogAudioMixer: Display: 0: FrontLeft
[2022.04.05-11.54.31:912][549]LogAudioMixer: Display: 1: FrontRight
[2022.04.05-11.54.32:942][550]LogAudioMixer: Resetting audio stream to device id 
[2022.04.05-11.54.33:938][550]LogAudioMixer: Display: 0: FrontLeft
[2022.04.05-11.54.33:938][550]LogAudioMixer: Display: 1: FrontRight
[2022.04.05-11.54.34:970][551]LogAudioMixer: Resetting audio stream to device id 
[2022.04.05-11.54.35:966][551]LogAudioMixer: Display: 0: FrontLeft
[2022.04.05-11.54.35:966][551]LogAudioMixer: Display: 1: FrontRight
[2022.04.05-11.54.36:996][552]LogAudioMixer: Resetting audio stream to device id 
[2022.04.05-11.54.37:995][552]LogAudioMixer: Display: 0: FrontLeft
[2022.04.05-11.54.37:995][552]LogAudioMixer: Display: 1: FrontRight
[2022.04.05-11.54.39:027][553]LogAudioMixer: Resetting audio stream to device id 
[2022.04.05-11.54.40:025][553]LogAudioMixer: Display: 0: FrontLeft
[2022.04.05-11.54.40:025][553]LogAudioMixer: Display: 1: FrontRight
[2022.04.05-11.54.41:056][554]LogAudioMixer: Resetting audio stream to device id 
[2022.04.05-11.54.42:055][554]LogAudioMixer: Display: 0: FrontLeft
[2022.04.05-11.54.42:055][554]LogAudioMixer: Display: 1: FrontRight
[2022.04.05-11.54.43:087][555]LogAudioMixer: Resetting audio stream to device id 
[2022.04.05-11.54.44:083][555]LogAudioMixer: Display: 0: FrontLeft
[2022.04.05-11.54.44:083][555]LogAudioMixer: Display: 1: FrontRight
[2022.04.05-11.54.45:114][556]LogAudioMixer: Resetting audio stream to device id 
[2022.04.05-11.54.46:110][556]LogAudioMixer: Display: 0: FrontLeft
[2022.04.05-11.54.46:110][556]LogAudioMixer: Display: 1: FrontRight
[2022.04.05-11.54.47:142][557]LogAudioMixer: Resetting audio stream to device id 
[2022.04.05-11.54.48:139][557]LogAudioMixer: Display: 0: FrontLeft
[2022.04.05-11.54.48:140][557]LogAudioMixer: Display: 1: FrontRight
[2022.04.05-11.54.49:172][558]LogAudioMixer: Resetting audio stream to device id 
[2022.04.05-11.54.50:169][558]LogAudioMixer: Display: 0: FrontLeft
[2022.04.05-11.54.50:169][558]LogAudioMixer: Display: 1: FrontRight
[2022.04.05-11.54.51:199][559]LogAudioMixer: Resetting audio stream to device id 
[2022.04.05-11.54.52:197][559]LogAudioMixer: Display: 0: FrontLeft
[2022.04.05-11.54.52:197][559]LogAudioMixer: Display: 1: FrontRight
[2022.04.05-11.54.53:228][560]LogAudioMixer: Resetting audio stream to device id 
[2022.04.05-11.54.54:225][560]LogAudioMixer: Display: 0: FrontLeft
[2022.04.05-11.54.54:225][560]LogAudioMixer: Display: 1: FrontRight
[2022.04.05-11.54.55:255][561]LogAudioMixer: Resetting audio stream to device id 
[2022.04.05-11.54.56:253][561]LogAudioMixer: Display: 0: FrontLeft
[2022.04.05-11.54.56:253][561]LogAudioMixer: Display: 1: FrontRight
[2022.04.05-11.54.57:284][562]LogAudioMixer: Resetting audio stream to device id 
[2022.04.05-11.54.58:281][562]LogAudioMixer: Display: 0: FrontLeft
[2022.04.05-11.54.58:281][562]LogAudioMixer: Display: 1: FrontRight
[2022.04.05-11.54.59:311][563]LogAudioMixer: Resetting audio stream to device id 
[2022.04.05-11.55.00:309][563]LogAudioMixer: Display: 0: FrontLeft
[2022.04.05-11.55.00:309][563]LogAudioMixer: Display: 1: FrontRight
[2022.04.05-11.55.01:340][564]LogAudioMixer: Resetting audio stream to device id 
[2022.04.05-11.55.02:338][564]LogAudioMixer: Display: 0: FrontLeft
[2022.04.05-11.55.02:338][564]LogAudioMixer: Display: 1: FrontRight
[2022.04.05-11.55.03:369][565]LogAudioMixer: Resetting audio stream to device id 
[2022.04.05-11.55.04:367][565]LogAudioMixer: Display: 0: FrontLeft
[2022.04.05-11.55.04:367][565]LogAudioMixer: Display: 1: FrontRight
[2022.04.05-11.55.05:398][566]LogAudioMixer: Resetting audio stream to device id 
[2022.04.05-11.55.06:397][566]LogAudioMixer: Display: 0: FrontLeft
[2022.04.05-11.55.06:398][566]LogAudioMixer: Display: 1: FrontRight
[2022.04.05-11.55.07:428][567]LogAudioMixer: Resetting audio stream to device id 
[2022.04.05-11.55.08:425][567]LogAudioMixer: Display: 0: FrontLeft
[2022.04.05-11.55.08:425][567]LogAudioMixer: Display: 1: FrontRight
[2022.04.05-11.55.09:455][568]LogAudioMixer: Resetting audio stream to device id 
[2022.04.05-11.55.10:454][568]LogAudioMixer: Display: 0: FrontLeft
[2022.04.05-11.55.10:454][568]LogAudioMixer: Display: 1: FrontRight
[2022.04.05-11.55.11:485][569]LogAudioMixer: Resetting audio stream to device id 
[2022.04.05-11.55.12:484][569]LogAudioMixer: Display: 0: FrontLeft
[2022.04.05-11.55.12:484][569]LogAudioMixer: Display: 1: FrontRight
[2022.04.05-11.55.13:518][570]LogAudioMixer: Resetting audio stream to device id 
[2022.04.05-11.55.14:515][570]LogAudioMixer: Display: 0: FrontLeft
[2022.04.05-11.55.14:515][570]LogAudioMixer: Display: 1: FrontRight
[2022.04.05-11.55.15:549][571]LogAudioMixer: Resetting audio stream to device id 
[2022.04.05-11.55.16:545][571]LogAudioMixer: Display: 0: FrontLeft
[2022.04.05-11.55.16:545][571]LogAudioMixer: Display: 1: FrontRight
[2022.04.05-11.55.17:578][572]LogAudioMixer: Resetting audio stream to device id 
[2022.04.05-11.55.18:577][572]LogAudioMixer: Display: 0: FrontLeft
[2022.04.05-11.55.18:577][572]LogAudioMixer: Display: 1: FrontRight
[2022.04.05-11.55.19:611][573]LogAudioMixer: Resetting audio stream to device id 
[2022.04.05-11.55.20:607][573]LogAudioMixer: Display: 0: FrontLeft
[2022.04.05-11.55.20:607][573]LogAudioMixer: Display: 1: FrontRight
[2022.04.05-11.55.21:639][574]LogAudioMixer: Resetting audio stream to device id 
[2022.04.05-11.55.22:638][574]LogAudioMixer: Display: 0: FrontLeft
[2022.04.05-11.55.22:638][574]LogAudioMixer: Display: 1: FrontRight
[2022.04.05-11.55.23:670][575]LogAudioMixer: Resetting audio stream to device id 
[2022.04.05-11.55.24:669][575]LogAudioMixer: Display: 0: FrontLeft
[2022.04.05-11.55.24:669][575]LogAudioMixer: Display: 1: FrontRight
[2022.04.05-11.55.25:701][576]LogAudioMixer: Resetting audio stream to device id 
[2022.04.05-11.55.26:700][576]LogAudioMixer: Display: 0: FrontLeft
[2022.04.05-11.55.26:700][576]LogAudioMixer: Display: 1: FrontRight
[2022.04.05-11.55.27:733][577]LogAudioMixer: Resetting audio stream to device id 
[2022.04.05-11.55.28:731][577]LogAudioMixer: Display: 0: FrontLeft
[2022.04.05-11.55.28:731][577]LogAudioMixer: Display: 1: FrontRight
[2022.04.05-11.55.29:763][578]LogAudioMixer: Resetting audio stream to device id 
[2022.04.05-11.55.30:761][578]LogAudioMixer: Display: 0: FrontLeft
[2022.04.05-11.55.30:761][578]LogAudioMixer: Display: 1: FrontRight
[2022.04.05-11.55.31:798][579]LogAudioMixer: Resetting audio stream to device id 
[2022.04.05-11.55.32:792][579]LogAudioMixer: Display: 0: FrontLeft
[2022.04.05-11.55.32:792][579]LogAudioMixer: Display: 1: FrontRight
[2022.04.05-11.55.33:824][580]LogAudioMixer: Resetting audio stream to device id 
[2022.04.05-11.55.34:823][580]LogAudioMixer: Display: 0: FrontLeft
[2022.04.05-11.55.34:823][580]LogAudioMixer: Display: 1: FrontRight
[2022.04.05-11.55.35:856][581]LogAudioMixer: Resetting audio stream to device id 
[2022.04.05-11.55.36:854][581]LogAudioMixer: Display: 0: FrontLeft
[2022.04.05-11.55.36:854][581]LogAudioMixer: Display: 1: FrontRight
[2022.04.05-11.55.37:886][582]LogAudioMixer: Resetting audio stream to device id 
[2022.04.05-11.55.38:885][582]LogAudioMixer: Display: 0: FrontLeft
[2022.04.05-11.55.38:885][582]LogAudioMixer: Display: 1: FrontRight
[2022.04.05-11.55.39:918][583]LogAudioMixer: Resetting audio stream to device id 
[2022.04.05-11.55.40:915][583]LogAudioMixer: Display: 0: FrontLeft
[2022.04.05-11.55.40:915][583]LogAudioMixer: Display: 1: FrontRight
[2022.04.05-11.55.41:947][584]LogAudioMixer: Resetting audio stream to device id 
[2022.04.05-11.55.42:946][584]LogAudioMixer: Display: 0: FrontLeft
[2022.04.05-11.55.42:946][584]LogAudioMixer: Display: 1: FrontRight
[2022.04.05-11.55.43:978][585]LogAudioMixer: Resetting audio stream to device id 
[2022.04.05-11.55.44:977][585]LogAudioMixer: Display: 0: FrontLeft
[2022.04.05-11.55.44:977][585]LogAudioMixer: Display: 1: FrontRight
[2022.04.05-11.55.46:010][586]LogAudioMixer: Resetting audio stream to device id 
[2022.04.05-11.55.47:008][586]LogAudioMixer: Display: 0: FrontLeft
[2022.04.05-11.55.47:008][586]LogAudioMixer: Display: 1: FrontRight
[2022.04.05-11.55.48:040][587]LogAudioMixer: Resetting audio stream to device id 
[2022.04.05-11.55.49:038][587]LogAudioMixer: Display: 0: FrontLeft
[2022.04.05-11.55.49:038][587]LogAudioMixer: Display: 1: FrontRight
[2022.04.05-11.55.50:072][588]LogAudioMixer: Resetting audio stream to device id 
[2022.04.05-11.55.51:069][588]LogAudioMixer: Display: 0: FrontLeft
[2022.04.05-11.55.51:069][588]LogAudioMixer: Display: 1: FrontRight
[2022.04.05-11.55.52:102][589]LogAudioMixer: Resetting audio stream to device id 
[2022.04.05-11.55.53:100][589]LogAudioMixer: Display: 0: FrontLeft
[2022.04.05-11.55.53:100][589]LogAudioMixer: Display: 1: FrontRight
[2022.04.05-11.55.54:132][590]LogAudioMixer: Resetting audio stream to device id 
[2022.04.05-11.55.55:131][590]LogAudioMixer: Display: 0: FrontLeft
[2022.04.05-11.55.55:131][590]LogAudioMixer: Display: 1: FrontRight
[2022.04.05-11.55.56:163][591]LogAudioMixer: Resetting audio stream to device id 
[2022.04.05-11.55.57:162][591]LogAudioMixer: Display: 0: FrontLeft
[2022.04.05-11.55.57:162][591]LogAudioMixer: Display: 1: FrontRight
[2022.04.05-11.55.58:195][592]LogAudioMixer: Resetting audio stream to device id 
[2022.04.05-11.55.59:192][592]LogAudioMixer: Display: 0: FrontLeft
[2022.04.05-11.55.59:192][592]LogAudioMixer: Display: 1: FrontRight
[2022.04.05-11.56.00:227][593]LogAudioMixer: Resetting audio stream to device id 
[2022.04.05-11.56.01:224][593]LogAudioMixer: Display: 0: FrontLeft
[2022.04.05-11.56.01:224][593]LogAudioMixer: Display: 1: FrontRight
[2022.04.05-11.56.02:257][594]LogAudioMixer: Resetting audio stream to device id 
[2022.04.05-11.56.03:255][594]LogAudioMixer: Display: 0: FrontLeft
[2022.04.05-11.56.03:255][594]LogAudioMixer: Display: 1: FrontRight
[2022.04.05-11.56.04:288][595]LogAudioMixer: Resetting audio stream to device id 
[2022.04.05-11.56.05:285][595]LogAudioMixer: Display: 0: FrontLeft
[2022.04.05-11.56.05:285][595]LogAudioMixer: Display: 1: FrontRight
[2022.04.05-11.56.06:319][596]LogAudioMixer: Resetting audio stream to device id 
[2022.04.05-11.56.07:317][596]LogAudioMixer: Display: 0: FrontLeft
[2022.04.05-11.56.07:317][596]LogAudioMixer: Display: 1: FrontRight
[2022.04.05-11.56.08:350][597]LogAudioMixer: Resetting audio stream to device id 
[2022.04.05-11.56.09:347][597]LogAudioMixer: Display: 0: FrontLeft
[2022.04.05-11.56.09:347][597]LogAudioMixer: Display: 1: FrontRight
[2022.04.05-11.56.10:380][598]LogAudioMixer: Resetting audio stream to device id 
[2022.04.05-11.56.11:378][598]LogAudioMixer: Display: 0: FrontLeft
[2022.04.05-11.56.11:378][598]LogAudioMixer: Display: 1: FrontRight
[2022.04.05-11.56.12:412][599]LogAudioMixer: Resetting audio stream to device id 
[2022.04.05-11.56.13:409][599]LogAudioMixer: Display: 0: FrontLeft
[2022.04.05-11.56.13:409][599]LogAudioMixer: Display: 1: FrontRight
[2022.04.05-11.56.14:443][600]LogAudioMixer: Resetting audio stream to device id 
[2022.04.05-11.56.15:440][600]LogAudioMixer: Display: 0: FrontLeft
[2022.04.05-11.56.15:440][600]LogAudioMixer: Display: 1: FrontRight
[2022.04.05-11.56.16:473][601]LogAudioMixer: Resetting audio stream to device id 
[2022.04.05-11.56.17:471][601]LogAudioMixer: Display: 0: FrontLeft
[2022.04.05-11.56.17:471][601]LogAudioMixer: Display: 1: FrontRight
[2022.04.05-11.56.18:503][602]LogAudioMixer: Resetting audio stream to device id 
[2022.04.05-11.56.19:501][602]LogAudioMixer: Display: 0: FrontLeft
[2022.04.05-11.56.19:501][602]LogAudioMixer: Display: 1: FrontRight
[2022.04.05-11.56.20:535][603]LogAudioMixer: Resetting audio stream to device id 
[2022.04.05-11.56.21:532][603]LogAudioMixer: Display: 0: FrontLeft
[2022.04.05-11.56.21:532][603]LogAudioMixer: Display: 1: FrontRight
[2022.04.05-11.56.22:565][604]LogAudioMixer: Resetting audio stream to device id 
[2022.04.05-11.56.23:563][604]LogAudioMixer: Display: 0: FrontLeft
[2022.04.05-11.56.23:563][604]LogAudioMixer: Display: 1: FrontRight
[2022.04.05-11.56.24:596][605]LogAudioMixer: Resetting audio stream to device id 
[2022.04.05-11.56.25:594][605]LogAudioMixer: Display: 0: FrontLeft
[2022.04.05-11.56.25:594][605]LogAudioMixer: Display: 1: FrontRight
[2022.04.05-11.56.26:626][606]LogAudioMixer: Resetting audio stream to device id 
[2022.04.05-11.56.27:625][606]LogAudioMixer: Display: 0: FrontLeft
[2022.04.05-11.56.27:625][606]LogAudioMixer: Display: 1: FrontRight
[2022.04.05-11.56.28:658][607]LogAudioMixer: Resetting audio stream to device id 
[2022.04.05-11.56.29:656][607]LogAudioMixer: Display: 0: FrontLeft
[2022.04.05-11.56.29:656][607]LogAudioMixer: Display: 1: FrontRight
[2022.04.05-11.56.30:688][608]LogAudioMixer: Resetting audio stream to device id 
[2022.04.05-11.56.31:687][608]LogAudioMixer: Display: 0: FrontLeft
[2022.04.05-11.56.31:687][608]LogAudioMixer: Display: 1: FrontRight
[2022.04.05-11.56.32:720][609]LogAudioMixer: Resetting audio stream to device id 
[2022.04.05-11.56.33:717][609]LogAudioMixer: Display: 0: FrontLeft
[2022.04.05-11.56.33:717][609]LogAudioMixer: Display: 1: FrontRight
[2022.04.05-11.56.34:755][610]LogAudioMixer: Resetting audio stream to device id 
[2022.04.05-11.56.35:748][610]LogAudioMixer: Display: 0: FrontLeft
[2022.04.05-11.56.35:748][610]LogAudioMixer: Display: 1: FrontRight
[2022.04.05-11.56.36:781][611]LogAudioMixer: Resetting audio stream to device id 
[2022.04.05-11.56.37:779][611]LogAudioMixer: Display: 0: FrontLeft
[2022.04.05-11.56.37:779][611]LogAudioMixer: Display: 1: FrontRight
[2022.04.05-11.56.38:812][612]LogAudioMixer: Resetting audio stream to device id 
[2022.04.05-11.56.39:810][612]LogAudioMixer: Display: 0: FrontLeft
[2022.04.05-11.56.39:810][612]LogAudioMixer: Display: 1: FrontRight
[2022.04.05-11.56.40:844][613]LogAudioMixer: Resetting audio stream to device id 
[2022.04.05-11.56.41:841][613]LogAudioMixer: Display: 0: FrontLeft
[2022.04.05-11.56.41:841][613]LogAudioMixer: Display: 1: FrontRight
[2022.04.05-11.56.42:874][614]LogAudioMixer: Resetting audio stream to device id 
[2022.04.05-11.56.43:872][614]LogAudioMixer: Display: 0: FrontLeft
[2022.04.05-11.56.43:872][614]LogAudioMixer: Display: 1: FrontRight
[2022.04.05-11.56.44:903][615]LogAudioMixer: Resetting audio stream to device id 
[2022.04.05-11.56.45:903][615]LogAudioMixer: Display: 0: FrontLeft
[2022.04.05-11.56.45:903][615]LogAudioMixer: Display: 1: FrontRight
[2022.04.05-11.56.46:935][616]LogAudioMixer: Resetting audio stream to device id 
[2022.04.05-11.56.47:933][616]LogAudioMixer: Display: 0: FrontLeft
[2022.04.05-11.56.47:933][616]LogAudioMixer: Display: 1: FrontRight
[2022.04.05-11.56.48:967][617]LogAudioMixer: Resetting audio stream to device id 
[2022.04.05-11.56.49:964][617]LogAudioMixer: Display: 0: FrontLeft
[2022.04.05-11.56.49:964][617]LogAudioMixer: Display: 1: FrontRight
[2022.04.05-11.56.50:997][618]LogAudioMixer: Resetting audio stream to device id 
[2022.04.05-11.56.51:995][618]LogAudioMixer: Display: 0: FrontLeft
[2022.04.05-11.56.51:995][618]LogAudioMixer: Display: 1: FrontRight
[2022.04.05-11.56.53:027][619]LogAudioMixer: Resetting audio stream to device id 
[2022.04.05-11.56.54:025][619]LogAudioMixer: Display: 0: FrontLeft
[2022.04.05-11.56.54:025][619]LogAudioMixer: Display: 1: FrontRight
[2022.04.05-11.56.55:059][620]LogAudioMixer: Resetting audio stream to device id 
[2022.04.05-11.56.56:057][620]LogAudioMixer: Display: 0: FrontLeft
[2022.04.05-11.56.56:057][620]LogAudioMixer: Display: 1: FrontRight
[2022.04.05-11.56.57:089][621]LogAudioMixer: Resetting audio stream to device id 
[2022.04.05-11.56.58:088][621]LogAudioMixer: Display: 0: FrontLeft
[2022.04.05-11.56.58:088][621]LogAudioMixer: Display: 1: FrontRight
[2022.04.05-11.56.59:120][622]LogAudioMixer: Resetting audio stream to device id 
[2022.04.05-11.57.00:118][622]LogAudioMixer: Display: 0: FrontLeft
[2022.04.05-11.57.00:118][622]LogAudioMixer: Display: 1: FrontRight
[2022.04.05-11.57.01:151][623]LogAudioMixer: Resetting audio stream to device id 
[2022.04.05-11.57.02:149][623]LogAudioMixer: Display: 0: FrontLeft
[2022.04.05-11.57.02:149][623]LogAudioMixer: Display: 1: FrontRight
[2022.04.05-11.57.03:181][624]LogAudioMixer: Resetting audio stream to device id 
[2022.04.05-11.57.04:180][624]LogAudioMixer: Display: 0: FrontLeft
[2022.04.05-11.57.04:180][624]LogAudioMixer: Display: 1: FrontRight
[2022.04.05-11.57.05:214][625]LogAudioMixer: Resetting audio stream to device id 
[2022.04.05-11.57.06:211][625]LogAudioMixer: Display: 0: FrontLeft
[2022.04.05-11.57.06:211][625]LogAudioMixer: Display: 1: FrontRight
[2022.04.05-11.57.07:244][626]LogAudioMixer: Resetting audio stream to device id 
[2022.04.05-11.57.08:242][626]LogAudioMixer: Display: 0: FrontLeft
[2022.04.05-11.57.08:242][626]LogAudioMixer: Display: 1: FrontRight
[2022.04.05-11.57.09:275][627]LogAudioMixer: Resetting audio stream to device id 
[2022.04.05-11.57.10:272][627]LogAudioMixer: Display: 0: FrontLeft
[2022.04.05-11.57.10:272][627]LogAudioMixer: Display: 1: FrontRight
[2022.04.05-11.57.11:308][628]LogAudioMixer: Resetting audio stream to device id 
[2022.04.05-11.57.12:303][628]LogAudioMixer: Display: 0: FrontLeft
[2022.04.05-11.57.12:303][628]LogAudioMixer: Display: 1: FrontRight
[2022.04.05-11.57.13:337][629]LogAudioMixer: Resetting audio stream to device id 
[2022.04.05-11.57.14:334][629]LogAudioMixer: Display: 0: FrontLeft
[2022.04.05-11.57.14:334][629]LogAudioMixer: Display: 1: FrontRight
[2022.04.05-11.57.15:368][630]LogAudioMixer: Resetting audio stream to device id 
[2022.04.05-11.57.16:365][630]LogAudioMixer: Display: 0: FrontLeft
[2022.04.05-11.57.16:365][630]LogAudioMixer: Display: 1: FrontRight
[2022.04.05-11.57.17:399][631]LogAudioMixer: Resetting audio stream to device id 
[2022.04.05-11.57.18:396][631]LogAudioMixer: Display: 0: FrontLeft
[2022.04.05-11.57.18:396][631]LogAudioMixer: Display: 1: FrontRight
[2022.04.05-11.57.19:429][632]LogAudioMixer: Resetting audio stream to device id 
[2022.04.05-11.57.20:427][632]LogAudioMixer: Display: 0: FrontLeft
[2022.04.05-11.57.20:427][632]LogAudioMixer: Display: 1: FrontRight
[2022.04.05-11.57.21:460][633]LogAudioMixer: Resetting audio stream to device id 
[2022.04.05-11.57.22:457][633]LogAudioMixer: Display: 0: FrontLeft
[2022.04.05-11.57.22:457][633]LogAudioMixer: Display: 1: FrontRight
[2022.04.05-11.57.23:491][634]LogAudioMixer: Resetting audio stream to device id 
[2022.04.05-11.57.24:488][634]LogAudioMixer: Display: 0: FrontLeft
[2022.04.05-11.57.24:488][634]LogAudioMixer: Display: 1: FrontRight
[2022.04.05-11.57.25:521][635]LogAudioMixer: Resetting audio stream to device id 
[2022.04.05-11.57.26:519][635]LogAudioMixer: Display: 0: FrontLeft
[2022.04.05-11.57.26:519][635]LogAudioMixer: Display: 1: FrontRight
[2022.04.05-11.57.27:553][636]LogAudioMixer: Resetting audio stream to device id 
[2022.04.05-11.57.28:550][636]LogAudioMixer: Display: 0: FrontLeft
[2022.04.05-11.57.28:550][636]LogAudioMixer: Display: 1: FrontRight
[2022.04.05-11.57.29:583][637]LogAudioMixer: Resetting audio stream to device id 
[2022.04.05-11.57.30:581][637]LogAudioMixer: Display: 0: FrontLeft
[2022.04.05-11.57.30:581][637]LogAudioMixer: Display: 1: FrontRight
[2022.04.05-11.57.31:615][638]LogAudioMixer: Resetting audio stream to device id 
[2022.04.05-11.57.32:612][638]LogAudioMixer: Display: 0: FrontLeft
[2022.04.05-11.57.32:612][638]LogAudioMixer: Display: 1: FrontRight
[2022.04.05-11.57.33:644][639]LogAudioMixer: Resetting audio stream to device id 
[2022.04.05-11.57.34:642][639]LogAudioMixer: Display: 0: FrontLeft
[2022.04.05-11.57.34:642][639]LogAudioMixer: Display: 1: FrontRight
[2022.04.05-11.57.35:678][640]LogAudioMixer: Resetting audio stream to device id 
[2022.04.05-11.57.36:673][640]LogAudioMixer: Display: 0: FrontLeft
[2022.04.05-11.57.36:673][640]LogAudioMixer: Display: 1: FrontRight
[2022.04.05-11.57.37:709][641]LogAudioMixer: Resetting audio stream to device id 
[2022.04.05-11.57.38:704][641]LogAudioMixer: Display: 0: FrontLeft
[2022.04.05-11.57.38:704][641]LogAudioMixer: Display: 1: FrontRight
[2022.04.05-11.57.39:739][642]LogAudioMixer: Resetting audio stream to device id 
[2022.04.05-11.57.40:735][642]LogAudioMixer: Display: 0: FrontLeft
[2022.04.05-11.57.40:735][642]LogAudioMixer: Display: 1: FrontRight
[2022.04.05-11.57.41:768][643]LogAudioMixer: Resetting audio stream to device id 
[2022.04.05-11.57.42:766][643]LogAudioMixer: Display: 0: FrontLeft
[2022.04.05-11.57.42:766][643]LogAudioMixer: Display: 1: FrontRight
[2022.04.05-11.57.43:799][644]LogAudioMixer: Resetting audio stream to device id 
[2022.04.05-11.57.44:797][644]LogAudioMixer: Display: 0: FrontLeft
[2022.04.05-11.57.44:797][644]LogAudioMixer: Display: 1: FrontRight
[2022.04.05-11.57.45:828][645]LogAudioMixer: Resetting audio stream to device id 
[2022.04.05-11.57.46:828][645]LogAudioMixer: Display: 0: FrontLeft
[2022.04.05-11.57.46:828][645]LogAudioMixer: Display: 1: FrontRight
[2022.04.05-11.57.47:859][646]LogAudioMixer: Resetting audio stream to device id 
[2022.04.05-11.57.48:858][646]LogAudioMixer: Display: 0: FrontLeft
[2022.04.05-11.57.48:858][646]LogAudioMixer: Display: 1: FrontRight
[2022.04.05-11.57.49:890][647]LogAudioMixer: Resetting audio stream to device id 
[2022.04.05-11.57.50:889][647]LogAudioMixer: Display: 0: FrontLeft
[2022.04.05-11.57.50:889][647]LogAudioMixer: Display: 1: FrontRight
[2022.04.05-11.57.51:925][648]LogAudioMixer: Resetting audio stream to device id 
[2022.04.05-11.57.52:920][648]LogAudioMixer: Display: 0: FrontLeft
[2022.04.05-11.57.52:920][648]LogAudioMixer: Display: 1: FrontRight
[2022.04.05-11.57.53:954][649]LogAudioMixer: Resetting audio stream to device id 
[2022.04.05-11.57.54:951][649]LogAudioMixer: Display: 0: FrontLeft
[2022.04.05-11.57.54:951][649]LogAudioMixer: Display: 1: FrontRight
[2022.04.05-11.57.55:983][650]LogAudioMixer: Resetting audio stream to device id 
[2022.04.05-11.57.56:981][650]LogAudioMixer: Display: 0: FrontLeft
[2022.04.05-11.57.56:981][650]LogAudioMixer: Display: 1: FrontRight
[2022.04.05-11.57.58:014][651]LogAudioMixer: Resetting audio stream to device id 
[2022.04.05-11.57.59:013][651]LogAudioMixer: Display: 0: FrontLeft
[2022.04.05-11.57.59:013][651]LogAudioMixer: Display: 1: FrontRight
[2022.04.05-11.58.00:045][652]LogAudioMixer: Resetting audio stream to device id 
[2022.04.05-11.58.01:043][652]LogAudioMixer: Display: 0: FrontLeft
[2022.04.05-11.58.01:043][652]LogAudioMixer: Display: 1: FrontRight
[2022.04.05-11.58.02:077][653]LogAudioMixer: Resetting audio stream to device id 
[2022.04.05-11.58.03:074][653]LogAudioMixer: Display: 0: FrontLeft
[2022.04.05-11.58.03:074][653]LogAudioMixer: Display: 1: FrontRight
[2022.04.05-11.58.04:109][654]LogAudioMixer: Resetting audio stream to device id 
[2022.04.05-11.58.05:105][654]LogAudioMixer: Display: 0: FrontLeft
[2022.04.05-11.58.05:105][654]LogAudioMixer: Display: 1: FrontRight
[2022.04.05-11.58.06:137][655]LogAudioMixer: Resetting audio stream to device id 
[2022.04.05-11.58.07:136][655]LogAudioMixer: Display: 0: FrontLeft
[2022.04.05-11.58.07:136][655]LogAudioMixer: Display: 1: FrontRight
[2022.04.05-11.58.08:167][656]LogAudioMixer: Resetting audio stream to device id 
[2022.04.05-11.58.09:167][656]LogAudioMixer: Display: 0: FrontLeft
[2022.04.05-11.58.09:167][656]LogAudioMixer: Display: 1: FrontRight
[2022.04.05-11.58.10:199][657]LogAudioMixer: Resetting audio stream to device id 
[2022.04.05-11.58.11:198][657]LogAudioMixer: Display: 0: FrontLeft
[2022.04.05-11.58.11:198][657]LogAudioMixer: Display: 1: FrontRight
[2022.04.05-11.58.12:230][658]LogAudioMixer: Resetting audio stream to device id 
[2022.04.05-11.58.13:229][658]LogAudioMixer: Display: 0: FrontLeft
[2022.04.05-11.58.13:229][658]LogAudioMixer: Display: 1: FrontRight
[2022.04.05-11.58.14:260][659]LogAudioMixer: Resetting audio stream to device id 
[2022.04.05-11.58.15:260][659]LogAudioMixer: Display: 0: FrontLeft
[2022.04.05-11.58.15:260][659]LogAudioMixer: Display: 1: FrontRight
[2022.04.05-11.58.16:296][660]LogAudioMixer: Resetting audio stream to device id 
[2022.04.05-11.58.17:290][660]LogAudioMixer: Display: 0: FrontLeft
[2022.04.05-11.58.17:290][660]LogAudioMixer: Display: 1: FrontRight
[2022.04.05-11.58.18:324][661]LogAudioMixer: Resetting audio stream to device id 
[2022.04.05-11.58.19:321][661]LogAudioMixer: Display: 0: FrontLeft
[2022.04.05-11.58.19:321][661]LogAudioMixer: Display: 1: FrontRight
[2022.04.05-11.58.20:354][662]LogAudioMixer: Resetting audio stream to device id 
[2022.04.05-11.58.21:352][662]LogAudioMixer: Display: 0: FrontLeft
[2022.04.05-11.58.21:352][662]LogAudioMixer: Display: 1: FrontRight
[2022.04.05-11.58.22:386][663]LogAudioMixer: Resetting audio stream to device id 
[2022.04.05-11.58.23:382][663]LogAudioMixer: Display: 0: FrontLeft
[2022.04.05-11.58.23:382][663]LogAudioMixer: Display: 1: FrontRight
[2022.04.05-11.58.24:416][664]LogAudioMixer: Resetting audio stream to device id 
[2022.04.05-11.58.25:414][664]LogAudioMixer: Display: 0: FrontLeft
[2022.04.05-11.58.25:414][664]LogAudioMixer: Display: 1: FrontRight
[2022.04.05-11.58.26:446][665]LogAudioMixer: Resetting audio stream to device id 
[2022.04.05-11.58.27:444][665]LogAudioMixer: Display: 0: FrontLeft
[2022.04.05-11.58.27:444][665]LogAudioMixer: Display: 1: FrontRight
[2022.04.05-11.58.28:480][666]LogAudioMixer: Resetting audio stream to device id 
[2022.04.05-11.58.29:475][666]LogAudioMixer: Display: 0: FrontLeft
[2022.04.05-11.58.29:476][666]LogAudioMixer: Display: 1: FrontRight
[2022.04.05-11.58.30:507][667]LogAudioMixer: Resetting audio stream to device id 
[2022.04.05-11.58.31:506][667]LogAudioMixer: Display: 0: FrontLeft
[2022.04.05-11.58.31:506][667]LogAudioMixer: Display: 1: FrontRight
[2022.04.05-11.58.32:538][668]LogAudioMixer: Resetting audio stream to device id 
[2022.04.05-11.58.33:537][668]LogAudioMixer: Display: 0: FrontLeft
[2022.04.05-11.58.33:537][668]LogAudioMixer: Display: 1: FrontRight
[2022.04.05-11.58.34:569][669]LogAudioMixer: Resetting audio stream to device id 
[2022.04.05-11.58.35:568][669]LogAudioMixer: Display: 0: FrontLeft
[2022.04.05-11.58.35:568][669]LogAudioMixer: Display: 1: FrontRight
[2022.04.05-11.58.36:599][670]LogAudioMixer: Resetting audio stream to device id 
[2022.04.05-11.58.37:598][670]LogAudioMixer: Display: 0: FrontLeft
[2022.04.05-11.58.37:599][670]LogAudioMixer: Display: 1: FrontRight
[2022.04.05-11.58.38:631][671]LogAudioMixer: Resetting audio stream to device id 
[2022.04.05-11.58.39:629][671]LogAudioMixer: Display: 0: FrontLeft
[2022.04.05-11.58.39:630][671]LogAudioMixer: Display: 1: FrontRight
[2022.04.05-11.58.40:661][672]LogAudioMixer: Resetting audio stream to device id 
[2022.04.05-11.58.41:661][672]LogAudioMixer: Display: 0: FrontLeft
[2022.04.05-11.58.41:661][672]LogAudioMixer: Display: 1: FrontRight
[2022.04.05-11.58.42:692][673]LogAudioMixer: Resetting audio stream to device id 
[2022.04.05-11.58.43:692][673]LogAudioMixer: Display: 0: FrontLeft
[2022.04.05-11.58.43:692][673]LogAudioMixer: Display: 1: FrontRight
[2022.04.05-11.58.44:723][674]LogAudioMixer: Resetting audio stream to device id 
[2022.04.05-11.58.45:722][674]LogAudioMixer: Display: 0: FrontLeft
[2022.04.05-11.58.45:722][674]LogAudioMixer: Display: 1: FrontRight
[2022.04.05-11.58.46:754][675]LogAudioMixer: Resetting audio stream to device id 
[2022.04.05-11.58.47:753][675]LogAudioMixer: Display: 0: FrontLeft
[2022.04.05-11.58.47:753][675]LogAudioMixer: Display: 1: FrontRight
[2022.04.05-11.58.48:785][676]LogAudioMixer: Resetting audio stream to device id 
[2022.04.05-11.58.49:784][676]LogAudioMixer: Display: 0: FrontLeft
[2022.04.05-11.58.49:784][676]LogAudioMixer: Display: 1: FrontRight
[2022.04.05-11.58.50:816][677]LogAudioMixer: Resetting audio stream to device id 
[2022.04.05-11.58.51:815][677]LogAudioMixer: Display: 0: FrontLeft
[2022.04.05-11.58.51:815][677]LogAudioMixer: Display: 1: FrontRight
[2022.04.05-11.58.52:847][678]LogAudioMixer: Resetting audio stream to device id 
[2022.04.05-11.58.53:846][678]LogAudioMixer: Display: 0: FrontLeft
[2022.04.05-11.58.53:846][678]LogAudioMixer: Display: 1: FrontRight
[2022.04.05-11.58.54:878][679]LogAudioMixer: Resetting audio stream to device id 
[2022.04.05-11.58.55:876][679]LogAudioMixer: Display: 0: FrontLeft
[2022.04.05-11.58.55:876][679]LogAudioMixer: Display: 1: FrontRight
[2022.04.05-11.58.56:908][680]LogAudioMixer: Resetting audio stream to device id 
[2022.04.05-11.58.57:907][680]LogAudioMixer: Display: 0: FrontLeft
[2022.04.05-11.58.57:907][680]LogAudioMixer: Display: 1: FrontRight
[2022.04.05-11.58.58:939][681]LogAudioMixer: Resetting audio stream to device id 
[2022.04.05-11.58.59:938][681]LogAudioMixer: Display: 0: FrontLeft
[2022.04.05-11.58.59:938][681]LogAudioMixer: Display: 1: FrontRight
[2022.04.05-11.59.00:970][682]LogAudioMixer: Resetting audio stream to device id 
[2022.04.05-11.59.01:969][682]LogAudioMixer: Display: 0: FrontLeft
[2022.04.05-11.59.01:969][682]LogAudioMixer: Display: 1: FrontRight
[2022.04.05-11.59.03:000][683]LogAudioMixer: Resetting audio stream to device id 
[2022.04.05-11.59.04:000][683]LogAudioMixer: Display: 0: FrontLeft
[2022.04.05-11.59.04:000][683]LogAudioMixer: Display: 1: FrontRight
[2022.04.05-11.59.05:032][684]LogAudioMixer: Resetting audio stream to device id 
[2022.04.05-11.59.06:031][684]LogAudioMixer: Display: 0: FrontLeft
[2022.04.05-11.59.06:031][684]LogAudioMixer: Display: 1: FrontRight
[2022.04.05-11.59.07:063][685]LogAudioMixer: Resetting audio stream to device id 
[2022.04.05-11.59.08:061][685]LogAudioMixer: Display: 0: FrontLeft
[2022.04.05-11.59.08:062][685]LogAudioMixer: Display: 1: FrontRight
[2022.04.05-11.59.09:093][686]LogAudioMixer: Resetting audio stream to device id 
[2022.04.05-11.59.10:092][686]LogAudioMixer: Display: 0: FrontLeft
[2022.04.05-11.59.10:092][686]LogAudioMixer: Display: 1: FrontRight
[2022.04.05-11.59.11:124][687]LogAudioMixer: Resetting audio stream to device id 
[2022.04.05-11.59.12:121][687]LogAudioMixer: Display: 0: FrontLeft
[2022.04.05-11.59.12:121][687]LogAudioMixer: Display: 1: FrontRight
[2022.04.05-11.59.13:151][688]LogAudioMixer: Resetting audio stream to device id 
[2022.04.05-11.59.14:149][688]LogAudioMixer: Display: 0: FrontLeft
[2022.04.05-11.59.14:149][688]LogAudioMixer: Display: 1: FrontRight
[2022.04.05-11.59.15:180][689]LogAudioMixer: Resetting audio stream to device id 
[2022.04.05-11.59.16:178][689]LogAudioMixer: Display: 0: FrontLeft
[2022.04.05-11.59.16:178][689]LogAudioMixer: Display: 1: FrontRight
[2022.04.05-11.59.17:210][690]LogAudioMixer: Resetting audio stream to device id 
[2022.04.05-11.59.18:207][690]LogAudioMixer: Display: 0: FrontLeft
[2022.04.05-11.59.18:207][690]LogAudioMixer: Display: 1: FrontRight
[2022.04.05-11.59.19:238][691]LogAudioMixer: Resetting audio stream to device id 
[2022.04.05-11.59.20:234][691]LogAudioMixer: Display: 0: FrontLeft
[2022.04.05-11.59.20:234][691]LogAudioMixer: Display: 1: FrontRight
[2022.04.05-11.59.21:266][692]LogAudioMixer: Resetting audio stream to device id 
[2022.04.05-11.59.22:264][692]LogAudioMixer: Display: 0: FrontLeft
[2022.04.05-11.59.22:264][692]LogAudioMixer: Display: 1: FrontRight
[2022.04.05-11.59.23:296][693]LogAudioMixer: Resetting audio stream to device id 
[2022.04.05-11.59.24:293][693]LogAudioMixer: Display: 0: FrontLeft
[2022.04.05-11.59.24:293][693]LogAudioMixer: Display: 1: FrontRight
[2022.04.05-11.59.25:325][694]LogAudioMixer: Resetting audio stream to device id 
[2022.04.05-11.59.26:323][694]LogAudioMixer: Display: 0: FrontLeft
[2022.04.05-11.59.26:323][694]LogAudioMixer: Display: 1: FrontRight
[2022.04.05-11.59.27:352][695]LogAudioMixer: Resetting audio stream to device id 
[2022.04.05-11.59.28:350][695]LogAudioMixer: Display: 0: FrontLeft
[2022.04.05-11.59.28:350][695]LogAudioMixer: Display: 1: FrontRight
[2022.04.05-11.59.29:381][696]LogAudioMixer: Resetting audio stream to device id 
[2022.04.05-11.59.30:377][696]LogAudioMixer: Display: 0: FrontLeft
[2022.04.05-11.59.30:377][696]LogAudioMixer: Display: 1: FrontRight
[2022.04.05-11.59.31:409][697]LogAudioMixer: Resetting audio stream to device id 
[2022.04.05-11.59.32:407][697]LogAudioMixer: Display: 0: FrontLeft
[2022.04.05-11.59.32:407][697]LogAudioMixer: Display: 1: FrontRight
[2022.04.05-11.59.33:438][698]LogAudioMixer: Resetting audio stream to device id 
[2022.04.05-11.59.34:437][698]LogAudioMixer: Display: 0: FrontLeft
[2022.04.05-11.59.34:437][698]LogAudioMixer: Display: 1: FrontRight
[2022.04.05-11.59.35:469][699]LogAudioMixer: Resetting audio stream to device id 
[2022.04.05-11.59.36:468][699]LogAudioMixer: Display: 0: FrontLeft
[2022.04.05-11.59.36:468][699]LogAudioMixer: Display: 1: FrontRight
[2022.04.05-11.59.37:500][700]LogAudioMixer: Resetting audio stream to device id 
[2022.04.05-11.59.38:498][700]LogAudioMixer: Display: 0: FrontLeft
[2022.04.05-11.59.38:498][700]LogAudioMixer: Display: 1: FrontRight
[2022.04.05-11.59.39:530][701]LogAudioMixer: Resetting audio stream to device id 
[2022.04.05-11.59.40:527][701]LogAudioMixer: Display: 0: FrontLeft
[2022.04.05-11.59.40:527][701]LogAudioMixer: Display: 1: FrontRight
[2022.04.05-11.59.41:558][702]LogAudioMixer: Resetting audio stream to device id 
[2022.04.05-11.59.42:556][702]LogAudioMixer: Display: 0: FrontLeft
[2022.04.05-11.59.42:556][702]LogAudioMixer: Display: 1: FrontRight
[2022.04.05-11.59.43:585][703]LogAudioMixer: Resetting audio stream to device id 
[2022.04.05-11.59.44:583][703]LogAudioMixer: Display: 0: FrontLeft
[2022.04.05-11.59.44:583][703]LogAudioMixer: Display: 1: FrontRight
[2022.04.05-11.59.45:613][704]LogAudioMixer: Resetting audio stream to device id 
[2022.04.05-11.59.46:612][704]LogAudioMixer: Display: 0: FrontLeft
[2022.04.05-11.59.46:612][704]LogAudioMixer: Display: 1: FrontRight
[2022.04.05-11.59.47:643][705]LogAudioMixer: Resetting audio stream to device id 
[2022.04.05-11.59.48:641][705]LogAudioMixer: Display: 0: FrontLeft
[2022.04.05-11.59.48:641][705]LogAudioMixer: Display: 1: FrontRight
[2022.04.05-11.59.49:672][706]LogAudioMixer: Resetting audio stream to device id 
[2022.04.05-11.59.50:669][706]LogAudioMixer: Display: 0: FrontLeft
[2022.04.05-11.59.50:669][706]LogAudioMixer: Display: 1: FrontRight
[2022.04.05-11.59.51:702][707]LogAudioMixer: Resetting audio stream to device id 
[2022.04.05-11.59.52:699][707]LogAudioMixer: Display: 0: FrontLeft
[2022.04.05-11.59.52:699][707]LogAudioMixer: Display: 1: FrontRight
[2022.04.05-11.59.53:730][708]LogAudioMixer: Resetting audio stream to device id 
[2022.04.05-11.59.54:728][708]LogAudioMixer: Display: 0: FrontLeft
[2022.04.05-11.59.54:728][708]LogAudioMixer: Display: 1: FrontRight
[2022.04.05-11.59.55:757][709]LogAudioMixer: Resetting audio stream to device id 
[2022.04.05-11.59.56:755][709]LogAudioMixer: Display: 0: FrontLeft
[2022.04.05-11.59.56:755][709]LogAudioMixer: Display: 1: FrontRight
[2022.04.05-11.59.57:785][710]LogAudioMixer: Resetting audio stream to device id 
[2022.04.05-11.59.58:783][710]LogAudioMixer: Display: 0: FrontLeft
[2022.04.05-11.59.58:783][710]LogAudioMixer: Display: 1: FrontRight
[2022.04.05-11.59.59:814][711]LogAudioMixer: Resetting audio stream to device id 
[2022.04.05-12.00.00:814][711]LogAudioMixer: Display: 0: FrontLeft
[2022.04.05-12.00.00:814][711]LogAudioMixer: Display: 1: FrontRight
[2022.04.05-12.00.01:844][712]LogEditorViewport: Clicking on Actor (context menu): CabinetRight_C (topRow05)
[2022.04.05-12.00.01:888][712]LogAudioMixer: Resetting audio stream to device id 
[2022.04.05-12.00.02:842][712]LogAudioMixer: Display: 0: FrontLeft
[2022.04.05-12.00.02:842][712]LogAudioMixer: Display: 1: FrontRight
[2022.04.05-12.00.03:912][713]LogAudioMixer: Resetting audio stream to device id 
[2022.04.05-12.00.04:868][713]LogAudioMixer: Display: 0: FrontLeft
[2022.04.05-12.00.04:868][713]LogAudioMixer: Display: 1: FrontRight
[2022.04.05-12.00.05:907][714]LogEditorViewport: Clicking on Actor (context menu): StaticMeshActor (Group82_4)
[2022.04.05-12.00.05:944][714]LogAudioMixer: Resetting audio stream to device id 
[2022.04.05-12.00.06:896][714]LogAudioMixer: Display: 0: FrontLeft
[2022.04.05-12.00.06:896][714]LogAudioMixer: Display: 1: FrontRight
[2022.04.05-12.00.07:967][715]LogEditorViewport: Clicking on Actor (LMB): BP_Sky_Sphere_C (SkySpherePC2)
[2022.04.05-12.00.07:981][715]LogAudioMixer: Resetting audio stream to device id 
[2022.04.05-12.00.08:924][715]LogAudioMixer: Display: 0: FrontLeft
[2022.04.05-12.00.08:924][715]LogAudioMixer: Display: 1: FrontRight
[2022.04.05-12.00.09:974][716]LogAudioMixer: Resetting audio stream to device id 
[2022.04.05-12.00.10:955][716]LogAudioMixer: Display: 0: FrontLeft
[2022.04.05-12.00.10:955][716]LogAudioMixer: Display: 1: FrontRight
[2022.04.05-12.00.12:003][717]LogEditorViewport: Clicking on Actor (context menu): StaticMeshActor (Group_742_2)
[2022.04.05-12.00.12:040][717]LogAudioMixer: Resetting audio stream to device id 
[2022.04.05-12.00.12:984][717]LogAudioMixer: Display: 0: FrontLeft
[2022.04.05-12.00.12:985][717]LogAudioMixer: Display: 1: FrontRight
[2022.04.05-12.00.14:044][718]LogAudioMixer: Resetting audio stream to device id 
[2022.04.05-12.00.15:013][718]LogAudioMixer: Display: 0: FrontLeft
[2022.04.05-12.00.15:013][718]LogAudioMixer: Display: 1: FrontRight
[2022.04.05-12.00.16:066][719]LogAudioMixer: Resetting audio stream to device id 
[2022.04.05-12.00.17:041][719]LogAudioMixer: Display: 0: FrontLeft
[2022.04.05-12.00.17:042][719]LogAudioMixer: Display: 1: FrontRight
[2022.04.05-12.00.18:073][720]LogAudioMixer: Resetting audio stream to device id 
[2022.04.05-12.00.19:070][720]LogAudioMixer: Display: 0: FrontLeft
[2022.04.05-12.00.19:070][720]LogAudioMixer: Display: 1: FrontRight
[2022.04.05-12.00.20:108][721]LogAudioMixer: Resetting audio stream to device id 
[2022.04.05-12.00.21:099][721]LogAudioMixer: Display: 0: FrontLeft
[2022.04.05-12.00.21:099][721]LogAudioMixer: Display: 1: FrontRight
[2022.04.05-12.00.22:132][722]LogAudioMixer: Resetting audio stream to device id 
[2022.04.05-12.00.22:138][722]LogAudioMixer: Display: 0: FrontLeft
[2022.04.05-12.00.22:138][722]LogAudioMixer: Display: 1: FrontRight
[2022.04.05-12.01.30:509][670]BlueprintLog: New page: Compile Suntech_240W_Module1_2_Blueprint
[2022.04.05-12.01.30:519][670]LogBlueprint: Error: [AssetLog] /Game/ScriptsBluePrints/DoorsAndClosets2/Suntech_240W_Module1_2_Blueprint.Suntech_240W_Module1_2_Blueprint (no disk path found): [Compiler] The current value of the ' New Transform ' pin is invalid: 'New Transform' in action 'SetRelativeTransform' must have an input wired into it ("by ref" params expect a valid input to operate on).
[2022.04.05-12.01.30:560][670]LogUObjectHash: Compacting FUObjectHashTables data took   3.08ms
[2022.04.05-12.01.30:593][670]LogSlate: Took 0.006003 seconds to synchronously load lazily loaded font '../../../Engine/Content/Slate/Fonts/DroidSansMono.ttf' (77K)
[2022.04.05-12.01.43:408][436]BlueprintLog: New page: Compile Suntech_240W_Module1_2_Blueprint
[2022.04.05-12.01.43:451][436]LogUObjectHash: Compacting FUObjectHashTables data took   3.56ms
[2022.04.05-12.01.47:559][679]LogTemp: Repeating last play command: Selected Viewport
[2022.04.05-12.01.47:565][679]LogPlayLevel: PlayLevel: No blueprints needed recompiling
[2022.04.05-12.01.47:565][679]PIE: New page: PIE session: testing_grounds (5. apr. 2022 16.01.47)
[2022.04.05-12.01.47:565][679]LogPlayLevel: Creating play world package: /Game/VRTemplate/Maps/UEDPIE_0_testing_grounds
[2022.04.05-12.01.47:589][679]LogPlayLevel: PIE: StaticDuplicateObject took: (0.023889s)
[2022.04.05-12.01.47:590][679]LogAIModule: Creating AISystem for world testing_grounds
[2022.04.05-12.01.47:590][679]LogPlayLevel: PIE: World Init took: (0.001004s)
[2022.04.05-12.01.47:590][679]LogPlayLevel: PIE: Created PIE world by copying editor world from /Game/VRTemplate/Maps/testing_grounds.testing_grounds to /Game/VRTemplate/Maps/UEDPIE_0_testing_grounds.testing_grounds (0.025023s)
[2022.04.05-12.01.47:618][679]LogUObjectHash: Compacting FUObjectHashTables data took   3.35ms
[2022.04.05-12.01.47:619][679]LogAudio: Display: Creating Audio Device:                 Id: 3, Scope: Unique, Realtime: True
[2022.04.05-12.01.47:619][679]LogAudioMixer: Display: Audio Mixer Platform Settings:
[2022.04.05-12.01.47:619][679]LogAudioMixer: Display: 	Sample Rate:						  48000
[2022.04.05-12.01.47:619][679]LogAudioMixer: Display: 	Callback Buffer Frame Size Requested: 1024
[2022.04.05-12.01.47:619][679]LogAudioMixer: Display: 	Callback Buffer Frame Size To Use:	  1024
[2022.04.05-12.01.47:619][679]LogAudioMixer: Display: 	Number of buffers to queue:			  1
[2022.04.05-12.01.47:619][679]LogAudioMixer: Display: 	Max Channels (voices):				  0
[2022.04.05-12.01.47:619][679]LogAudioMixer: Display: 	Number of Async Source Workers:		  4
[2022.04.05-12.01.47:619][679]LogAudio: Display: AudioDevice MaxSources: 32
[2022.04.05-12.01.47:620][679]LogAudio: Display: Audio Spatialization Plugin: Resonance Audio is external send: 1
[2022.04.05-12.01.47:620][679]LogAudio: Display: Audio Reverb Plugin: Resonance Audio
[2022.04.05-12.01.47:620][679]LogAudio: Display: Audio Occlusion Plugin: None (built-in).
[2022.04.05-12.01.47:620][679]LogAudioMixer: Display: Initializing audio mixer.
[2022.04.05-12.01.47:622][679]LogAudioMixer: Display: 0: FrontLeft
[2022.04.05-12.01.47:622][679]LogAudioMixer: Display: 1: FrontRight
[2022.04.05-12.01.47:626][679]LogAudioMixer: Display: Using Audio Device Headphones (Oculus Virtual Audio Device)
[2022.04.05-12.01.47:626][679]LogAudioMixer: Display: Initializing Sound Submixes...
[2022.04.05-12.01.47:626][679]LogAudioMixer: Display: Creating Master Submix 'MasterSubmixDefault'
[2022.04.05-12.01.47:626][679]LogAudioMixer: Display: Creating Master Submix 'MasterReverbSubmixDefault'
[2022.04.05-12.01.47:627][679]LogAudioMixer: Display: Creating Master Submix 'MasterEQSubmixDefault'
[2022.04.05-12.01.47:627][679]LogAudioMixer: FMixerPlatformXAudio2::StartAudioStream() called
[2022.04.05-12.01.47:627][679]LogAudioMixer: Display: Output buffers initialized: Frames=1024, Channels=2, Samples=2048
[2022.04.05-12.01.47:628][679]LogAudioMixer: Display: Starting AudioMixerPlatformInterface::RunInternal()
[2022.04.05-12.01.47:628][679]LogAudioMixer: Display: FMixerPlatformXAudio2::SubmitBuffer() called for the first time
[2022.04.05-12.01.47:628][679]LogInit: FAudioDevice initialized.
[2022.04.05-12.01.47:628][679]LogAudio: Display: Audio Device (ID: 3) registered with world 'testing_grounds'.
[2022.04.05-12.01.47:639][679]LogLoad: Game class is 'VRGameMode_C'
[2022.04.05-12.01.47:646][679]LogWorld: Bringing World /Game/VRTemplate/Maps/UEDPIE_0_testing_grounds.testing_grounds up for play (max tick rate 60) at 2022.04.05-14.01.47
[2022.04.05-12.01.47:646][679]LogWorld: Bringing up level for play took: 0.006336
[2022.04.05-12.01.47:646][679]LogOnline: OSS: Creating online subsystem instance for: :Context_11
[2022.04.05-12.01.47:648][679]LogSpawn: Warning: SpawnActor failed because no class was specified
[2022.04.05-12.01.47:649][679]LogSlate: New Slate User Created.  User Index 8, Is Virtual User: 1
[2022.04.05-12.01.47:650][679]LogSlate: Slate User Registered.  User Index 8, Is Virtual User: 1
[2022.04.05-12.01.47:651][679]PIE: Server logged in
[2022.04.05-12.01.47:652][679]PIE: Play in editor total start time 0,087 seconds.
[2022.04.05-12.01.47:662][679]LogResonanceAudio: Display: Resonance Audio Listener is initialized
[2022.04.05-12.01.50:060][821]LogSlate: Updating window title bar state: overlay mode, drag disabled, window buttons hidden, title bar hidden
[2022.04.05-12.01.50:060][821]LogWorld: BeginTearingDown for /Game/VRTemplate/Maps/UEDPIE_0_testing_grounds
[2022.04.05-12.01.50:060][821]LogWorld: UWorld::CleanupWorld for testing_grounds, bSessionEnded=true, bCleanupResources=true
[2022.04.05-12.01.50:061][821]LogSlate: InvalidateAllWidgets triggered.  All widgets were invalidated
[2022.04.05-12.01.50:069][821]LogPlayLevel: Display: Shutting down PIE online subsystems
[2022.04.05-12.01.50:085][821]LogSlate: InvalidateAllWidgets triggered.  All widgets were invalidated
[2022.04.05-12.01.50:109][821]LogAudio: Display: Audio Device unregistered from world 'None'.
[2022.04.05-12.01.50:111][821]LogResonanceAudio: Display: Resonance Audio Listener is shutdown
[2022.04.05-12.01.50:111][821]LogAudioMixer: FMixerPlatformXAudio2::StopAudioStream() called
[2022.04.05-12.01.50:112][821]LogAudioMixer: FMixerPlatformXAudio2::StopAudioStream() called
[2022.04.05-12.01.50:114][821]LogSlate: Updating window title bar state: overlay mode, drag disabled, window buttons hidden, title bar hidden
[2022.04.05-12.01.50:117][821]LogSlate: Slate User Unregistered.  User Index 8
[2022.04.05-12.01.50:117][821]LogSlate: Slate User Destroyed.  User Index 8, Is Virtual User: 1
[2022.04.05-12.01.50:120][821]LogUObjectHash: Compacting FUObjectHashTables data took   2.54ms
[2022.04.05-12.01.50:177][822]LogPlayLevel: Display: Destroying online subsystem :Context_11
[2022.04.05-12.01.56:095][175]LogTemp: Repeating last play command: Selected Viewport
[2022.04.05-12.01.56:101][175]LogPlayLevel: PlayLevel: No blueprints needed recompiling
[2022.04.05-12.01.56:101][175]PIE: New page: PIE session: testing_grounds (5. apr. 2022 16.01.56)
[2022.04.05-12.01.56:101][175]LogPlayLevel: Creating play world package: /Game/VRTemplate/Maps/UEDPIE_0_testing_grounds
[2022.04.05-12.01.56:124][175]LogPlayLevel: PIE: StaticDuplicateObject took: (0.022773s)
[2022.04.05-12.01.56:124][175]LogAIModule: Creating AISystem for world testing_grounds
[2022.04.05-12.01.56:125][175]LogPlayLevel: PIE: World Init took: (0.000822s)
[2022.04.05-12.01.56:125][175]LogPlayLevel: PIE: Created PIE world by copying editor world from /Game/VRTemplate/Maps/testing_grounds.testing_grounds to /Game/VRTemplate/Maps/UEDPIE_0_testing_grounds.testing_grounds (0.023709s)
[2022.04.05-12.01.56:151][175]LogUObjectHash: Compacting FUObjectHashTables data took   2.64ms
[2022.04.05-12.01.56:152][175]LogAudio: Display: Creating Audio Device:                 Id: 4, Scope: Unique, Realtime: True
[2022.04.05-12.01.56:152][175]LogAudioMixer: Display: Audio Mixer Platform Settings:
[2022.04.05-12.01.56:152][175]LogAudioMixer: Display: 	Sample Rate:						  48000
[2022.04.05-12.01.56:152][175]LogAudioMixer: Display: 	Callback Buffer Frame Size Requested: 1024
[2022.04.05-12.01.56:152][175]LogAudioMixer: Display: 	Callback Buffer Frame Size To Use:	  1024
[2022.04.05-12.01.56:152][175]LogAudioMixer: Display: 	Number of buffers to queue:			  1
[2022.04.05-12.01.56:152][175]LogAudioMixer: Display: 	Max Channels (voices):				  0
[2022.04.05-12.01.56:152][175]LogAudioMixer: Display: 	Number of Async Source Workers:		  4
[2022.04.05-12.01.56:152][175]LogAudio: Display: AudioDevice MaxSources: 32
[2022.04.05-12.01.56:152][175]LogAudio: Display: Audio Spatialization Plugin: Resonance Audio is external send: 1
[2022.04.05-12.01.56:152][175]LogAudio: Display: Audio Reverb Plugin: Resonance Audio
[2022.04.05-12.01.56:152][175]LogAudio: Display: Audio Occlusion Plugin: None (built-in).
[2022.04.05-12.01.56:152][175]LogAudioMixer: Display: Initializing audio mixer.
[2022.04.05-12.01.56:154][175]LogAudioMixer: Display: 0: FrontLeft
[2022.04.05-12.01.56:154][175]LogAudioMixer: Display: 1: FrontRight
[2022.04.05-12.01.56:158][175]LogAudioMixer: Display: Using Audio Device Headphones (Oculus Virtual Audio Device)
[2022.04.05-12.01.56:158][175]LogAudioMixer: Display: Initializing Sound Submixes...
[2022.04.05-12.01.56:158][175]LogAudioMixer: Display: Creating Master Submix 'MasterSubmixDefault'
[2022.04.05-12.01.56:158][175]LogAudioMixer: Display: Creating Master Submix 'MasterReverbSubmixDefault'
[2022.04.05-12.01.56:159][175]LogAudioMixer: Display: Creating Master Submix 'MasterEQSubmixDefault'
[2022.04.05-12.01.56:159][175]LogAudioMixer: FMixerPlatformXAudio2::StartAudioStream() called
[2022.04.05-12.01.56:159][175]LogAudioMixer: Display: Output buffers initialized: Frames=1024, Channels=2, Samples=2048
[2022.04.05-12.01.56:160][175]LogAudioMixer: Display: Starting AudioMixerPlatformInterface::RunInternal()
[2022.04.05-12.01.56:160][175]LogAudioMixer: Display: FMixerPlatformXAudio2::SubmitBuffer() called for the first time
[2022.04.05-12.01.56:160][175]LogInit: FAudioDevice initialized.
[2022.04.05-12.01.56:160][175]LogAudio: Display: Audio Device (ID: 4) registered with world 'testing_grounds'.
[2022.04.05-12.01.56:166][175]LogLoad: Game class is 'VRGameMode_C'
[2022.04.05-12.01.56:172][175]LogWorld: Bringing World /Game/VRTemplate/Maps/UEDPIE_0_testing_grounds.testing_grounds up for play (max tick rate 60) at 2022.04.05-14.01.56
[2022.04.05-12.01.56:172][175]LogWorld: Bringing up level for play took: 0.005605
[2022.04.05-12.01.56:172][175]LogOnline: OSS: Creating online subsystem instance for: :Context_12
[2022.04.05-12.01.56:174][175]LogSpawn: Warning: SpawnActor failed because no class was specified
[2022.04.05-12.01.56:174][175]LogSlate: New Slate User Created.  User Index 8, Is Virtual User: 1
[2022.04.05-12.01.56:175][175]LogSlate: Slate User Registered.  User Index 8, Is Virtual User: 1
[2022.04.05-12.01.56:176][175]PIE: Server logged in
[2022.04.05-12.01.56:177][175]PIE: Play in editor total start time 0,077 seconds.
[2022.04.05-12.01.56:187][175]LogResonanceAudio: Display: Resonance Audio Listener is initialized
[2022.04.05-12.01.58:059][285]LogSlate: Updating window title bar state: overlay mode, drag disabled, window buttons hidden, title bar hidden
[2022.04.05-12.01.58:059][285]LogWorld: BeginTearingDown for /Game/VRTemplate/Maps/UEDPIE_0_testing_grounds
[2022.04.05-12.01.58:060][285]LogWorld: UWorld::CleanupWorld for testing_grounds, bSessionEnded=true, bCleanupResources=true
[2022.04.05-12.01.58:061][285]LogSlate: InvalidateAllWidgets triggered.  All widgets were invalidated
[2022.04.05-12.01.58:072][285]LogPlayLevel: Display: Shutting down PIE online subsystems
[2022.04.05-12.01.58:088][285]LogSlate: InvalidateAllWidgets triggered.  All widgets were invalidated
[2022.04.05-12.01.58:112][285]LogSlate: Updating window title bar state: overlay mode, drag disabled, window buttons hidden, title bar hidden
[2022.04.05-12.01.58:114][285]LogResonanceAudio: Display: Resonance Audio Listener is shutdown
[2022.04.05-12.01.58:114][285]LogAudioMixer: FMixerPlatformXAudio2::StopAudioStream() called
[2022.04.05-12.01.58:115][285]LogAudioMixer: FMixerPlatformXAudio2::StopAudioStream() called
[2022.04.05-12.01.58:119][285]LogSlate: Slate User Unregistered.  User Index 8
[2022.04.05-12.01.58:119][285]LogSlate: Slate User Destroyed.  User Index 8, Is Virtual User: 1
[2022.04.05-12.01.58:122][285]LogUObjectHash: Compacting FUObjectHashTables data took   2.50ms
[2022.04.05-12.01.58:171][286]LogPlayLevel: Display: Destroying online subsystem :Context_12
[2022.04.05-12.02.32:089][311]LogTemp: Repeating last play command: Selected Viewport
[2022.04.05-12.02.32:095][311]LogPlayLevel: PlayLevel: No blueprints needed recompiling
[2022.04.05-12.02.32:095][311]PIE: New page: PIE session: testing_grounds (5. apr. 2022 16.02.32)
[2022.04.05-12.02.32:120][311]LogPlayLevel: Creating play world package: /Game/VRTemplate/Maps/UEDPIE_0_testing_grounds
[2022.04.05-12.02.32:143][311]LogPlayLevel: PIE: StaticDuplicateObject took: (0.023410s)
[2022.04.05-12.02.32:144][311]LogAIModule: Creating AISystem for world testing_grounds
[2022.04.05-12.02.32:144][311]LogPlayLevel: PIE: World Init took: (0.000888s)
[2022.04.05-12.02.32:144][311]LogPlayLevel: PIE: Created PIE world by copying editor world from /Game/VRTemplate/Maps/testing_grounds.testing_grounds to /Game/VRTemplate/Maps/UEDPIE_0_testing_grounds.testing_grounds (0.024453s)
[2022.04.05-12.02.32:170][311]LogUObjectHash: Compacting FUObjectHashTables data took   2.33ms
[2022.04.05-12.02.32:171][311]LogAudio: Display: Creating Audio Device:                 Id: 5, Scope: Unique, Realtime: True
[2022.04.05-12.02.32:171][311]LogAudioMixer: Display: Audio Mixer Platform Settings:
[2022.04.05-12.02.32:171][311]LogAudioMixer: Display: 	Sample Rate:						  48000
[2022.04.05-12.02.32:171][311]LogAudioMixer: Display: 	Callback Buffer Frame Size Requested: 1024
[2022.04.05-12.02.32:171][311]LogAudioMixer: Display: 	Callback Buffer Frame Size To Use:	  1024
[2022.04.05-12.02.32:171][311]LogAudioMixer: Display: 	Number of buffers to queue:			  1
[2022.04.05-12.02.32:171][311]LogAudioMixer: Display: 	Max Channels (voices):				  0
[2022.04.05-12.02.32:171][311]LogAudioMixer: Display: 	Number of Async Source Workers:		  4
[2022.04.05-12.02.32:171][311]LogAudio: Display: AudioDevice MaxSources: 32
[2022.04.05-12.02.32:171][311]LogAudio: Display: Audio Spatialization Plugin: Resonance Audio is external send: 1
[2022.04.05-12.02.32:171][311]LogAudio: Display: Audio Reverb Plugin: Resonance Audio
[2022.04.05-12.02.32:171][311]LogAudio: Display: Audio Occlusion Plugin: None (built-in).
[2022.04.05-12.02.32:171][311]LogAudioMixer: Display: Initializing audio mixer.
[2022.04.05-12.02.32:173][311]LogAudioMixer: Display: 0: FrontLeft
[2022.04.05-12.02.32:173][311]LogAudioMixer: Display: 1: FrontRight
[2022.04.05-12.02.32:177][311]LogAudioMixer: Display: Using Audio Device Headphones (Oculus Virtual Audio Device)
[2022.04.05-12.02.32:177][311]LogAudioMixer: Display: Initializing Sound Submixes...
[2022.04.05-12.02.32:177][311]LogAudioMixer: Display: Creating Master Submix 'MasterSubmixDefault'
[2022.04.05-12.02.32:177][311]LogAudioMixer: Display: Creating Master Submix 'MasterReverbSubmixDefault'
[2022.04.05-12.02.32:177][311]LogAudioMixer: Display: Creating Master Submix 'MasterEQSubmixDefault'
[2022.04.05-12.02.32:178][311]LogAudioMixer: FMixerPlatformXAudio2::StartAudioStream() called
[2022.04.05-12.02.32:178][311]LogAudioMixer: Display: Output buffers initialized: Frames=1024, Channels=2, Samples=2048
[2022.04.05-12.02.32:179][311]LogAudioMixer: Display: Starting AudioMixerPlatformInterface::RunInternal()
[2022.04.05-12.02.32:179][311]LogAudioMixer: Display: FMixerPlatformXAudio2::SubmitBuffer() called for the first time
[2022.04.05-12.02.32:179][311]LogInit: FAudioDevice initialized.
[2022.04.05-12.02.32:179][311]LogAudio: Display: Audio Device (ID: 5) registered with world 'testing_grounds'.
[2022.04.05-12.02.32:188][311]LogLoad: Game class is 'VRGameMode_C'
[2022.04.05-12.02.32:194][311]LogWorld: Bringing World /Game/VRTemplate/Maps/UEDPIE_0_testing_grounds.testing_grounds up for play (max tick rate 60) at 2022.04.05-14.02.32
[2022.04.05-12.02.32:194][311]LogWorld: Bringing up level for play took: 0.006096
[2022.04.05-12.02.32:194][311]LogOnline: OSS: Creating online subsystem instance for: :Context_13
[2022.04.05-12.02.32:196][311]LogSpawn: Warning: SpawnActor failed because no class was specified
[2022.04.05-12.02.32:196][311]LogSlate: New Slate User Created.  User Index 8, Is Virtual User: 1
[2022.04.05-12.02.32:197][311]LogSlate: Slate User Registered.  User Index 8, Is Virtual User: 1
[2022.04.05-12.02.32:198][311]PIE: Server logged in
[2022.04.05-12.02.32:199][311]PIE: Play in editor total start time 0,105 seconds.
[2022.04.05-12.02.32:209][311]LogResonanceAudio: Display: Resonance Audio Listener is initialized
[2022.04.05-12.02.35:029][478]LogSlate: Updating window title bar state: overlay mode, drag disabled, window buttons hidden, title bar hidden
[2022.04.05-12.02.35:029][478]LogWorld: BeginTearingDown for /Game/VRTemplate/Maps/UEDPIE_0_testing_grounds
[2022.04.05-12.02.35:030][478]LogWorld: UWorld::CleanupWorld for testing_grounds, bSessionEnded=true, bCleanupResources=true
[2022.04.05-12.02.35:031][478]LogSlate: InvalidateAllWidgets triggered.  All widgets were invalidated
[2022.04.05-12.02.35:039][478]LogPlayLevel: Display: Shutting down PIE online subsystems
[2022.04.05-12.02.35:077][478]LogSlate: InvalidateAllWidgets triggered.  All widgets were invalidated
[2022.04.05-12.02.35:101][478]LogSlate: Updating window title bar state: overlay mode, drag disabled, window buttons hidden, title bar hidden
[2022.04.05-12.02.35:103][478]LogResonanceAudio: Display: Resonance Audio Listener is shutdown
[2022.04.05-12.02.35:103][478]LogAudioMixer: FMixerPlatformXAudio2::StopAudioStream() called
[2022.04.05-12.02.35:104][478]LogAudioMixer: FMixerPlatformXAudio2::StopAudioStream() called
[2022.04.05-12.02.35:109][478]LogSlate: Slate User Unregistered.  User Index 8
[2022.04.05-12.02.35:109][478]LogSlate: Slate User Destroyed.  User Index 8, Is Virtual User: 1
[2022.04.05-12.02.35:112][478]LogUObjectHash: Compacting FUObjectHashTables data took   2.46ms
[2022.04.05-12.02.35:154][479]LogPlayLevel: Display: Destroying online subsystem :Context_13
[2022.04.05-12.02.51:905][423]BlueprintLog: New page: Compile Suntech_240W_Module1_2_Blueprint
[2022.04.05-12.02.51:947][423]LogUObjectHash: Compacting FUObjectHashTables data took   2.83ms
[2022.04.05-12.03.06:236][195]BlueprintLog: New page: Compile Suntech_240W_Module1_2_Blueprint
[2022.04.05-12.03.06:278][195]LogUObjectHash: Compacting FUObjectHashTables data took   3.29ms
[2022.04.05-12.03.08:259][311]LogTemp: Repeating last play command: Selected Viewport
[2022.04.05-12.03.08:264][311]LogPlayLevel: PlayLevel: No blueprints needed recompiling
[2022.04.05-12.03.08:264][311]PIE: New page: PIE session: testing_grounds (5. apr. 2022 16.03.08)
[2022.04.05-12.03.08:264][311]LogPlayLevel: Creating play world package: /Game/VRTemplate/Maps/UEDPIE_0_testing_grounds
[2022.04.05-12.03.08:287][311]LogPlayLevel: PIE: StaticDuplicateObject took: (0.022684s)
[2022.04.05-12.03.08:288][311]LogAIModule: Creating AISystem for world testing_grounds
[2022.04.05-12.03.08:288][311]LogPlayLevel: PIE: World Init took: (0.000785s)
[2022.04.05-12.03.08:288][311]LogPlayLevel: PIE: Created PIE world by copying editor world from /Game/VRTemplate/Maps/testing_grounds.testing_grounds to /Game/VRTemplate/Maps/UEDPIE_0_testing_grounds.testing_grounds (0.023582s)
[2022.04.05-12.03.08:314][311]LogUObjectHash: Compacting FUObjectHashTables data took   3.26ms
[2022.04.05-12.03.08:315][311]LogAudio: Display: Creating Audio Device:                 Id: 6, Scope: Unique, Realtime: True
[2022.04.05-12.03.08:315][311]LogAudioMixer: Display: Audio Mixer Platform Settings:
[2022.04.05-12.03.08:315][311]LogAudioMixer: Display: 	Sample Rate:						  48000
[2022.04.05-12.03.08:315][311]LogAudioMixer: Display: 	Callback Buffer Frame Size Requested: 1024
[2022.04.05-12.03.08:315][311]LogAudioMixer: Display: 	Callback Buffer Frame Size To Use:	  1024
[2022.04.05-12.03.08:315][311]LogAudioMixer: Display: 	Number of buffers to queue:			  1
[2022.04.05-12.03.08:315][311]LogAudioMixer: Display: 	Max Channels (voices):				  0
[2022.04.05-12.03.08:315][311]LogAudioMixer: Display: 	Number of Async Source Workers:		  4
[2022.04.05-12.03.08:316][311]LogAudio: Display: AudioDevice MaxSources: 32
[2022.04.05-12.03.08:316][311]LogAudio: Display: Audio Spatialization Plugin: Resonance Audio is external send: 1
[2022.04.05-12.03.08:316][311]LogAudio: Display: Audio Reverb Plugin: Resonance Audio
[2022.04.05-12.03.08:316][311]LogAudio: Display: Audio Occlusion Plugin: None (built-in).
[2022.04.05-12.03.08:316][311]LogAudioMixer: Display: Initializing audio mixer.
[2022.04.05-12.03.08:318][311]LogAudioMixer: Display: 0: FrontLeft
[2022.04.05-12.03.08:318][311]LogAudioMixer: Display: 1: FrontRight
[2022.04.05-12.03.08:321][311]LogAudioMixer: Display: Using Audio Device Headphones (Oculus Virtual Audio Device)
[2022.04.05-12.03.08:322][311]LogAudioMixer: Display: Initializing Sound Submixes...
[2022.04.05-12.03.08:322][311]LogAudioMixer: Display: Creating Master Submix 'MasterSubmixDefault'
[2022.04.05-12.03.08:322][311]LogAudioMixer: Display: Creating Master Submix 'MasterReverbSubmixDefault'
[2022.04.05-12.03.08:322][311]LogAudioMixer: Display: Creating Master Submix 'MasterEQSubmixDefault'
[2022.04.05-12.03.08:322][311]LogAudioMixer: FMixerPlatformXAudio2::StartAudioStream() called
[2022.04.05-12.03.08:322][311]LogAudioMixer: Display: Output buffers initialized: Frames=1024, Channels=2, Samples=2048
[2022.04.05-12.03.08:323][311]LogAudioMixer: Display: Starting AudioMixerPlatformInterface::RunInternal()
[2022.04.05-12.03.08:323][311]LogAudioMixer: Display: FMixerPlatformXAudio2::SubmitBuffer() called for the first time
[2022.04.05-12.03.08:323][311]LogInit: FAudioDevice initialized.
[2022.04.05-12.03.08:323][311]LogAudio: Display: Audio Device (ID: 6) registered with world 'testing_grounds'.
[2022.04.05-12.03.08:333][311]LogLoad: Game class is 'VRGameMode_C'
[2022.04.05-12.03.08:339][311]LogWorld: Bringing World /Game/VRTemplate/Maps/UEDPIE_0_testing_grounds.testing_grounds up for play (max tick rate 60) at 2022.04.05-14.03.08
[2022.04.05-12.03.08:339][311]LogWorld: Bringing up level for play took: 0.005730
[2022.04.05-12.03.08:339][311]LogOnline: OSS: Creating online subsystem instance for: :Context_14
[2022.04.05-12.03.08:341][311]LogSpawn: Warning: SpawnActor failed because no class was specified
[2022.04.05-12.03.08:342][311]LogSlate: New Slate User Created.  User Index 8, Is Virtual User: 1
[2022.04.05-12.03.08:343][311]LogSlate: Slate User Registered.  User Index 8, Is Virtual User: 1
[2022.04.05-12.03.08:343][311]PIE: Server logged in
[2022.04.05-12.03.08:344][311]PIE: Play in editor total start time 0,08 seconds.
[2022.04.05-12.03.08:353][311]LogResonanceAudio: Display: Resonance Audio Listener is initialized
[2022.04.05-12.03.12:799][576]LogSlate: Updating window title bar state: overlay mode, drag disabled, window buttons hidden, title bar hidden
[2022.04.05-12.03.12:799][576]LogWorld: BeginTearingDown for /Game/VRTemplate/Maps/UEDPIE_0_testing_grounds
[2022.04.05-12.03.12:799][576]LogWorld: UWorld::CleanupWorld for testing_grounds, bSessionEnded=true, bCleanupResources=true
[2022.04.05-12.03.12:800][576]LogSlate: InvalidateAllWidgets triggered.  All widgets were invalidated
[2022.04.05-12.03.12:814][576]LogPlayLevel: Display: Shutting down PIE online subsystems
[2022.04.05-12.03.12:852][576]LogSlate: InvalidateAllWidgets triggered.  All widgets were invalidated
[2022.04.05-12.03.12:877][576]LogAudio: Display: Audio Device unregistered from world 'None'.
[2022.04.05-12.03.12:877][576]LogResonanceAudio: Display: Resonance Audio Listener is shutdown
[2022.04.05-12.03.12:877][576]LogAudioMixer: FMixerPlatformXAudio2::StopAudioStream() called
[2022.04.05-12.03.12:879][576]LogAudioMixer: FMixerPlatformXAudio2::StopAudioStream() called
[2022.04.05-12.03.12:880][576]LogSlate: Updating window title bar state: overlay mode, drag disabled, window buttons hidden, title bar hidden
[2022.04.05-12.03.12:883][576]LogSlate: Slate User Unregistered.  User Index 8
[2022.04.05-12.03.12:884][576]LogSlate: Slate User Destroyed.  User Index 8, Is Virtual User: 1
[2022.04.05-12.03.12:887][576]LogUObjectHash: Compacting FUObjectHashTables data took   2.54ms
[2022.04.05-12.03.12:927][577]LogPlayLevel: Display: Destroying online subsystem :Context_14
[2022.04.05-12.03.19:669][979]LogEditorViewport: Clicking on Actor (LMB): Suntech_240W_Module1_2_Blueprint_C (Suntech_240W_Module1_2_Blueprint)
[2022.04.05-12.04.27:701][979]LogUObjectHash: Compacting FUObjectHashTables data took   2.76ms
[2022.04.05-12.04.27:811][979]LogSavePackage: Moving '../../../../../../Users/qwe_o/Documents/GitHub/P8ToBeAnnounced/P8_VR_Home/Saved/testing_grounds_Auto4584F42344B53D81C3ED931ADE1B2DC02.tmp' to '../../../../../../Users/qwe_o/Documents/GitHub/P8ToBeAnnounced/P8_VR_Home/Saved/Autosaves/Game/VRTemplate/Maps/testing_grounds_Auto4.umap'
[2022.04.05-12.04.27:815][979]LogFileHelpers: Editor autosave (incl. external actors) for '/Game/VRTemplate/Maps/testing_grounds' took 0.141
[2022.04.05-12.04.27:815][979]LogFileHelpers: Editor autosave (incl. sublevels & external actors) for all levels took 0.141
[2022.04.05-12.07.50:818][156]BlueprintLog: New page: Compile Suntech_240W_Module1_2_Blueprint
[2022.04.05-12.07.50:870][156]LogUObjectHash: Compacting FUObjectHashTables data took   3.01ms
[2022.04.05-12.09.05:652][573]BlueprintLog: New page: Compile Suntech_240W_Module1_2_Blueprint
[2022.04.05-12.09.05:705][573]LogUObjectHash: Compacting FUObjectHashTables data took   3.42ms
[2022.04.05-12.09.08:900][760]LogTemp: Repeating last play command: Selected Viewport
[2022.04.05-12.09.08:906][760]LogPlayLevel: PlayLevel: No blueprints needed recompiling
[2022.04.05-12.09.08:906][760]PIE: New page: PIE session: testing_grounds (5. apr. 2022 16.09.08)
[2022.04.05-12.09.08:906][760]LogPlayLevel: Creating play world package: /Game/VRTemplate/Maps/UEDPIE_0_testing_grounds
[2022.04.05-12.09.08:929][760]LogPlayLevel: PIE: StaticDuplicateObject took: (0.022990s)
[2022.04.05-12.09.08:930][760]LogAIModule: Creating AISystem for world testing_grounds
[2022.04.05-12.09.08:930][760]LogPlayLevel: PIE: World Init took: (0.000832s)
[2022.04.05-12.09.08:930][760]LogPlayLevel: PIE: Created PIE world by copying editor world from /Game/VRTemplate/Maps/testing_grounds.testing_grounds to /Game/VRTemplate/Maps/UEDPIE_0_testing_grounds.testing_grounds (0.023939s)
[2022.04.05-12.09.08:957][760]LogUObjectHash: Compacting FUObjectHashTables data took   3.32ms
[2022.04.05-12.09.08:959][760]LogAudio: Display: Creating Audio Device:                 Id: 7, Scope: Unique, Realtime: True
[2022.04.05-12.09.08:959][760]LogAudioMixer: Display: Audio Mixer Platform Settings:
[2022.04.05-12.09.08:959][760]LogAudioMixer: Display: 	Sample Rate:						  48000
[2022.04.05-12.09.08:959][760]LogAudioMixer: Display: 	Callback Buffer Frame Size Requested: 1024
[2022.04.05-12.09.08:959][760]LogAudioMixer: Display: 	Callback Buffer Frame Size To Use:	  1024
[2022.04.05-12.09.08:959][760]LogAudioMixer: Display: 	Number of buffers to queue:			  1
[2022.04.05-12.09.08:959][760]LogAudioMixer: Display: 	Max Channels (voices):				  0
[2022.04.05-12.09.08:959][760]LogAudioMixer: Display: 	Number of Async Source Workers:		  4
[2022.04.05-12.09.08:959][760]LogAudio: Display: AudioDevice MaxSources: 32
[2022.04.05-12.09.08:959][760]LogAudio: Display: Audio Spatialization Plugin: Resonance Audio is external send: 1
[2022.04.05-12.09.08:959][760]LogAudio: Display: Audio Reverb Plugin: Resonance Audio
[2022.04.05-12.09.08:959][760]LogAudio: Display: Audio Occlusion Plugin: None (built-in).
[2022.04.05-12.09.08:959][760]LogAudioMixer: Display: Initializing audio mixer.
[2022.04.05-12.09.08:961][760]LogAudioMixer: Display: 0: FrontLeft
[2022.04.05-12.09.08:961][760]LogAudioMixer: Display: 1: FrontRight
[2022.04.05-12.09.08:966][760]LogAudioMixer: Display: Using Audio Device Headphones (Oculus Virtual Audio Device)
[2022.04.05-12.09.08:967][760]LogAudioMixer: Display: Initializing Sound Submixes...
[2022.04.05-12.09.08:967][760]LogAudioMixer: Display: Creating Master Submix 'MasterSubmixDefault'
[2022.04.05-12.09.08:967][760]LogAudioMixer: Display: Creating Master Submix 'MasterReverbSubmixDefault'
[2022.04.05-12.09.08:968][760]LogAudioMixer: Display: Creating Master Submix 'MasterEQSubmixDefault'
[2022.04.05-12.09.08:968][760]LogAudioMixer: FMixerPlatformXAudio2::StartAudioStream() called
[2022.04.05-12.09.08:968][760]LogAudioMixer: Display: Output buffers initialized: Frames=1024, Channels=2, Samples=2048
[2022.04.05-12.09.08:970][760]LogAudioMixer: Display: Starting AudioMixerPlatformInterface::RunInternal()
[2022.04.05-12.09.08:970][760]LogAudioMixer: Display: FMixerPlatformXAudio2::SubmitBuffer() called for the first time
[2022.04.05-12.09.08:970][760]LogInit: FAudioDevice initialized.
[2022.04.05-12.09.08:970][760]LogAudio: Display: Audio Device (ID: 7) registered with world 'testing_grounds'.
[2022.04.05-12.09.08:979][760]LogLoad: Game class is 'VRGameMode_C'
[2022.04.05-12.09.08:986][760]LogWorld: Bringing World /Game/VRTemplate/Maps/UEDPIE_0_testing_grounds.testing_grounds up for play (max tick rate 60) at 2022.04.05-14.09.08
[2022.04.05-12.09.08:986][760]LogWorld: Bringing up level for play took: 0.006835
[2022.04.05-12.09.08:986][760]LogOnline: OSS: Creating online subsystem instance for: :Context_15
[2022.04.05-12.09.08:988][760]LogSpawn: Warning: SpawnActor failed because no class was specified
[2022.04.05-12.09.08:989][760]LogSlate: New Slate User Created.  User Index 8, Is Virtual User: 1
[2022.04.05-12.09.08:990][760]LogSlate: Slate User Registered.  User Index 8, Is Virtual User: 1
[2022.04.05-12.09.08:991][760]PIE: Server logged in
[2022.04.05-12.09.08:992][760]PIE: Play in editor total start time 0,086 seconds.
[2022.04.05-12.09.09:009][760]LogResonanceAudio: Display: Resonance Audio Listener is initialized
[2022.04.05-12.09.12:409][962]LogSlate: Updating window title bar state: overlay mode, drag disabled, window buttons hidden, title bar hidden
[2022.04.05-12.09.12:409][962]LogWorld: BeginTearingDown for /Game/VRTemplate/Maps/UEDPIE_0_testing_grounds
[2022.04.05-12.09.12:410][962]LogWorld: UWorld::CleanupWorld for testing_grounds, bSessionEnded=true, bCleanupResources=true
[2022.04.05-12.09.12:411][962]LogSlate: InvalidateAllWidgets triggered.  All widgets were invalidated
[2022.04.05-12.09.12:420][962]LogPlayLevel: Display: Shutting down PIE online subsystems
[2022.04.05-12.09.12:436][962]LogSlate: InvalidateAllWidgets triggered.  All widgets were invalidated
[2022.04.05-12.09.12:461][962]LogAudio: Display: Audio Device unregistered from world 'None'.
[2022.04.05-12.09.12:461][962]LogResonanceAudio: Display: Resonance Audio Listener is shutdown
[2022.04.05-12.09.12:461][962]LogAudioMixer: FMixerPlatformXAudio2::StopAudioStream() called
[2022.04.05-12.09.12:463][962]LogAudioMixer: FMixerPlatformXAudio2::StopAudioStream() called
[2022.04.05-12.09.12:465][962]LogSlate: Updating window title bar state: overlay mode, drag disabled, window buttons hidden, title bar hidden
[2022.04.05-12.09.12:468][962]LogSlate: Slate User Unregistered.  User Index 8
[2022.04.05-12.09.12:468][962]LogSlate: Slate User Destroyed.  User Index 8, Is Virtual User: 1
[2022.04.05-12.09.12:470][962]LogUObjectHash: Compacting FUObjectHashTables data took   2.56ms
[2022.04.05-12.09.12:505][963]LogPlayLevel: Display: Destroying online subsystem :Context_15
[2022.04.05-12.09.13:394][ 16]LogTemp: Repeating last play command: Selected Viewport
[2022.04.05-12.09.13:400][ 16]LogPlayLevel: PlayLevel: No blueprints needed recompiling
[2022.04.05-12.09.13:400][ 16]PIE: New page: PIE session: testing_grounds (5. apr. 2022 16.09.13)
[2022.04.05-12.09.13:439][ 16]LogPlayLevel: Creating play world package: /Game/VRTemplate/Maps/UEDPIE_0_testing_grounds
[2022.04.05-12.09.13:463][ 16]LogPlayLevel: PIE: StaticDuplicateObject took: (0.023363s)
[2022.04.05-12.09.13:463][ 16]LogAIModule: Creating AISystem for world testing_grounds
[2022.04.05-12.09.13:463][ 16]LogPlayLevel: PIE: World Init took: (0.000837s)
[2022.04.05-12.09.13:464][ 16]LogPlayLevel: PIE: Created PIE world by copying editor world from /Game/VRTemplate/Maps/testing_grounds.testing_grounds to /Game/VRTemplate/Maps/UEDPIE_0_testing_grounds.testing_grounds (0.024361s)
[2022.04.05-12.09.13:489][ 16]LogUObjectHash: Compacting FUObjectHashTables data took   2.47ms
[2022.04.05-12.09.13:489][ 16]LogAudio: Display: Creating Audio Device:                 Id: 8, Scope: Unique, Realtime: True
[2022.04.05-12.09.13:489][ 16]LogAudioMixer: Display: Audio Mixer Platform Settings:
[2022.04.05-12.09.13:489][ 16]LogAudioMixer: Display: 	Sample Rate:						  48000
[2022.04.05-12.09.13:489][ 16]LogAudioMixer: Display: 	Callback Buffer Frame Size Requested: 1024
[2022.04.05-12.09.13:489][ 16]LogAudioMixer: Display: 	Callback Buffer Frame Size To Use:	  1024
[2022.04.05-12.09.13:489][ 16]LogAudioMixer: Display: 	Number of buffers to queue:			  1
[2022.04.05-12.09.13:489][ 16]LogAudioMixer: Display: 	Max Channels (voices):				  0
[2022.04.05-12.09.13:489][ 16]LogAudioMixer: Display: 	Number of Async Source Workers:		  4
[2022.04.05-12.09.13:489][ 16]LogAudio: Display: AudioDevice MaxSources: 32
[2022.04.05-12.09.13:490][ 16]LogAudio: Display: Audio Spatialization Plugin: Resonance Audio is external send: 1
[2022.04.05-12.09.13:490][ 16]LogAudio: Display: Audio Reverb Plugin: Resonance Audio
[2022.04.05-12.09.13:490][ 16]LogAudio: Display: Audio Occlusion Plugin: None (built-in).
[2022.04.05-12.09.13:490][ 16]LogAudioMixer: Display: Initializing audio mixer.
[2022.04.05-12.09.13:492][ 16]LogAudioMixer: Display: 0: FrontLeft
[2022.04.05-12.09.13:492][ 16]LogAudioMixer: Display: 1: FrontRight
[2022.04.05-12.09.13:495][ 16]LogAudioMixer: Display: Using Audio Device Headphones (Oculus Virtual Audio Device)
[2022.04.05-12.09.13:496][ 16]LogAudioMixer: Display: Initializing Sound Submixes...
[2022.04.05-12.09.13:496][ 16]LogAudioMixer: Display: Creating Master Submix 'MasterSubmixDefault'
[2022.04.05-12.09.13:496][ 16]LogAudioMixer: Display: Creating Master Submix 'MasterReverbSubmixDefault'
[2022.04.05-12.09.13:496][ 16]LogAudioMixer: Display: Creating Master Submix 'MasterEQSubmixDefault'
[2022.04.05-12.09.13:496][ 16]LogAudioMixer: FMixerPlatformXAudio2::StartAudioStream() called
[2022.04.05-12.09.13:496][ 16]LogAudioMixer: Display: Output buffers initialized: Frames=1024, Channels=2, Samples=2048
[2022.04.05-12.09.13:497][ 16]LogAudioMixer: Display: Starting AudioMixerPlatformInterface::RunInternal()
[2022.04.05-12.09.13:497][ 16]LogAudioMixer: Display: FMixerPlatformXAudio2::SubmitBuffer() called for the first time
[2022.04.05-12.09.13:497][ 16]LogInit: FAudioDevice initialized.
[2022.04.05-12.09.13:497][ 16]LogAudio: Display: Audio Device (ID: 8) registered with world 'testing_grounds'.
[2022.04.05-12.09.13:508][ 16]LogLoad: Game class is 'VRGameMode_C'
[2022.04.05-12.09.13:514][ 16]LogWorld: Bringing World /Game/VRTemplate/Maps/UEDPIE_0_testing_grounds.testing_grounds up for play (max tick rate 60) at 2022.04.05-14.09.13
[2022.04.05-12.09.13:514][ 16]LogWorld: Bringing up level for play took: 0.006016
[2022.04.05-12.09.13:514][ 16]LogOnline: OSS: Creating online subsystem instance for: :Context_16
[2022.04.05-12.09.13:516][ 16]LogSpawn: Warning: SpawnActor failed because no class was specified
[2022.04.05-12.09.13:517][ 16]LogSlate: New Slate User Created.  User Index 8, Is Virtual User: 1
[2022.04.05-12.09.13:518][ 16]LogSlate: Slate User Registered.  User Index 8, Is Virtual User: 1
[2022.04.05-12.09.13:518][ 16]PIE: Server logged in
[2022.04.05-12.09.13:519][ 16]PIE: Play in editor total start time 0,12 seconds.
[2022.04.05-12.09.13:528][ 16]LogResonanceAudio: Display: Resonance Audio Listener is initialized
[2022.04.05-12.09.16:890][215]LogSlate: Updating window title bar state: overlay mode, drag disabled, window buttons hidden, title bar hidden
[2022.04.05-12.09.16:891][215]LogWorld: BeginTearingDown for /Game/VRTemplate/Maps/UEDPIE_0_testing_grounds
[2022.04.05-12.09.16:891][215]LogWorld: UWorld::CleanupWorld for testing_grounds, bSessionEnded=true, bCleanupResources=true
[2022.04.05-12.09.16:892][215]LogSlate: InvalidateAllWidgets triggered.  All widgets were invalidated
[2022.04.05-12.09.16:899][215]LogPlayLevel: Display: Shutting down PIE online subsystems
[2022.04.05-12.09.16:916][215]LogSlate: InvalidateAllWidgets triggered.  All widgets were invalidated
[2022.04.05-12.09.16:941][215]LogSlate: Updating window title bar state: overlay mode, drag disabled, window buttons hidden, title bar hidden
[2022.04.05-12.09.16:941][215]LogResonanceAudio: Display: Resonance Audio Listener is shutdown
[2022.04.05-12.09.16:941][215]LogAudioMixer: FMixerPlatformXAudio2::StopAudioStream() called
[2022.04.05-12.09.16:942][215]LogAudioMixer: FMixerPlatformXAudio2::StopAudioStream() called
[2022.04.05-12.09.16:945][215]LogSlate: Slate User Unregistered.  User Index 8
[2022.04.05-12.09.16:945][215]LogSlate: Slate User Destroyed.  User Index 8, Is Virtual User: 1
[2022.04.05-12.09.16:948][215]LogUObjectHash: Compacting FUObjectHashTables data took   2.38ms
[2022.04.05-12.09.16:983][216]LogPlayLevel: Display: Destroying online subsystem :Context_16
[2022.04.05-12.09.31:084][ 59]LogTemp: Repeating last play command: Selected Viewport
[2022.04.05-12.09.31:090][ 59]LogPlayLevel: PlayLevel: No blueprints needed recompiling
[2022.04.05-12.09.31:090][ 59]PIE: New page: PIE session: testing_grounds (5. apr. 2022 16.09.31)
[2022.04.05-12.09.31:091][ 59]LogPlayLevel: Creating play world package: /Game/VRTemplate/Maps/UEDPIE_0_testing_grounds
[2022.04.05-12.09.31:113][ 59]LogPlayLevel: PIE: StaticDuplicateObject took: (0.022898s)
[2022.04.05-12.09.31:114][ 59]LogAIModule: Creating AISystem for world testing_grounds
[2022.04.05-12.09.31:114][ 59]LogPlayLevel: PIE: World Init took: (0.000814s)
[2022.04.05-12.09.31:114][ 59]LogPlayLevel: PIE: Created PIE world by copying editor world from /Game/VRTemplate/Maps/testing_grounds.testing_grounds to /Game/VRTemplate/Maps/UEDPIE_0_testing_grounds.testing_grounds (0.023835s)
[2022.04.05-12.09.31:140][ 59]LogUObjectHash: Compacting FUObjectHashTables data took   2.53ms
[2022.04.05-12.09.31:142][ 59]LogAudio: Display: Creating Audio Device:                 Id: 9, Scope: Unique, Realtime: True
[2022.04.05-12.09.31:143][ 59]LogAudioMixer: Display: Audio Mixer Platform Settings:
[2022.04.05-12.09.31:143][ 59]LogAudioMixer: Display: 	Sample Rate:						  48000
[2022.04.05-12.09.31:143][ 59]LogAudioMixer: Display: 	Callback Buffer Frame Size Requested: 1024
[2022.04.05-12.09.31:143][ 59]LogAudioMixer: Display: 	Callback Buffer Frame Size To Use:	  1024
[2022.04.05-12.09.31:143][ 59]LogAudioMixer: Display: 	Number of buffers to queue:			  1
[2022.04.05-12.09.31:143][ 59]LogAudioMixer: Display: 	Max Channels (voices):				  0
[2022.04.05-12.09.31:143][ 59]LogAudioMixer: Display: 	Number of Async Source Workers:		  4
[2022.04.05-12.09.31:143][ 59]LogAudio: Display: AudioDevice MaxSources: 32
[2022.04.05-12.09.31:143][ 59]LogAudio: Display: Audio Spatialization Plugin: Resonance Audio is external send: 1
[2022.04.05-12.09.31:143][ 59]LogAudio: Display: Audio Reverb Plugin: Resonance Audio
[2022.04.05-12.09.31:143][ 59]LogAudio: Display: Audio Occlusion Plugin: None (built-in).
[2022.04.05-12.09.31:143][ 59]LogAudioMixer: Display: Initializing audio mixer.
[2022.04.05-12.09.31:145][ 59]LogAudioMixer: Display: 0: FrontLeft
[2022.04.05-12.09.31:145][ 59]LogAudioMixer: Display: 1: FrontRight
[2022.04.05-12.09.31:149][ 59]LogAudioMixer: Display: Using Audio Device Headphones (Oculus Virtual Audio Device)
[2022.04.05-12.09.31:149][ 59]LogAudioMixer: Display: Initializing Sound Submixes...
[2022.04.05-12.09.31:149][ 59]LogAudioMixer: Display: Creating Master Submix 'MasterSubmixDefault'
[2022.04.05-12.09.31:149][ 59]LogAudioMixer: Display: Creating Master Submix 'MasterReverbSubmixDefault'
[2022.04.05-12.09.31:149][ 59]LogAudioMixer: Display: Creating Master Submix 'MasterEQSubmixDefault'
[2022.04.05-12.09.31:149][ 59]LogAudioMixer: FMixerPlatformXAudio2::StartAudioStream() called
[2022.04.05-12.09.31:149][ 59]LogAudioMixer: Display: Output buffers initialized: Frames=1024, Channels=2, Samples=2048
[2022.04.05-12.09.31:150][ 59]LogAudioMixer: Display: Starting AudioMixerPlatformInterface::RunInternal()
[2022.04.05-12.09.31:151][ 59]LogAudioMixer: Display: FMixerPlatformXAudio2::SubmitBuffer() called for the first time
[2022.04.05-12.09.31:151][ 59]LogInit: FAudioDevice initialized.
[2022.04.05-12.09.31:151][ 59]LogAudio: Display: Audio Device (ID: 9) registered with world 'testing_grounds'.
[2022.04.05-12.09.31:156][ 59]LogLoad: Game class is 'VRGameMode_C'
[2022.04.05-12.09.31:162][ 59]LogWorld: Bringing World /Game/VRTemplate/Maps/UEDPIE_0_testing_grounds.testing_grounds up for play (max tick rate 60) at 2022.04.05-14.09.31
[2022.04.05-12.09.31:163][ 59]LogWorld: Bringing up level for play took: 0.006058
[2022.04.05-12.09.31:163][ 59]LogOnline: OSS: Creating online subsystem instance for: :Context_17
[2022.04.05-12.09.31:165][ 59]LogSpawn: Warning: SpawnActor failed because no class was specified
[2022.04.05-12.09.31:166][ 59]LogSlate: New Slate User Created.  User Index 8, Is Virtual User: 1
[2022.04.05-12.09.31:167][ 59]LogSlate: Slate User Registered.  User Index 8, Is Virtual User: 1
[2022.04.05-12.09.31:167][ 59]PIE: Server logged in
[2022.04.05-12.09.31:168][ 59]PIE: Play in editor total start time 0,079 seconds.
[2022.04.05-12.09.31:177][ 59]LogResonanceAudio: Display: Resonance Audio Listener is initialized
[2022.04.05-12.09.35:119][294]LogSlate: Updating window title bar state: overlay mode, drag disabled, window buttons hidden, title bar hidden
[2022.04.05-12.09.35:119][294]LogWorld: BeginTearingDown for /Game/VRTemplate/Maps/UEDPIE_0_testing_grounds
[2022.04.05-12.09.35:119][294]LogWorld: UWorld::CleanupWorld for testing_grounds, bSessionEnded=true, bCleanupResources=true
[2022.04.05-12.09.35:120][294]LogSlate: InvalidateAllWidgets triggered.  All widgets were invalidated
[2022.04.05-12.09.35:131][294]LogPlayLevel: Display: Shutting down PIE online subsystems
[2022.04.05-12.09.35:149][294]LogSlate: InvalidateAllWidgets triggered.  All widgets were invalidated
[2022.04.05-12.09.35:174][294]LogAudio: Display: Audio Device unregistered from world 'None'.
[2022.04.05-12.09.35:175][294]LogResonanceAudio: Display: Resonance Audio Listener is shutdown
[2022.04.05-12.09.35:175][294]LogAudioMixer: FMixerPlatformXAudio2::StopAudioStream() called
[2022.04.05-12.09.35:176][294]LogAudioMixer: FMixerPlatformXAudio2::StopAudioStream() called
[2022.04.05-12.09.35:178][294]LogSlate: Updating window title bar state: overlay mode, drag disabled, window buttons hidden, title bar hidden
[2022.04.05-12.09.35:179][294]LogSlate: Slate User Unregistered.  User Index 8
[2022.04.05-12.09.35:179][294]LogSlate: Slate User Destroyed.  User Index 8, Is Virtual User: 1
[2022.04.05-12.09.35:182][294]LogUObjectHash: Compacting FUObjectHashTables data took   2.49ms
[2022.04.05-12.09.35:216][295]LogPlayLevel: Display: Destroying online subsystem :Context_17
[2022.04.05-12.09.45:713][924]Cmd: TRANSACTION UNDO
[2022.04.05-12.09.45:713][924]LogEditorTransaction: Undo Move Actors
[2022.04.05-12.10.28:174][720]LogAudioMixer: Warning: Changing default audio render device to new device: {0.0.0.00000000}.{033ddf59-4aa7-48fb-b63a-d31b1a056f82}.
[2022.04.05-12.10.28:174][720]LogAudioMixer: Resetting audio stream to device id 
[2022.04.05-12.10.29:551][720]LogAudioMixer: Display: 0: FrontLeft
[2022.04.05-12.10.29:551][720]LogAudioMixer: Display: 1: FrontRight
[2022.04.05-12.10.31:612][721]LogAudioMixer: Resetting audio stream to device id 
[2022.04.05-12.10.31:636][721]LogAudioMixer: Display: 0: FrontLeft
[2022.04.05-12.10.31:636][721]LogAudioMixer: Display: 1: FrontRight
[2022.04.05-12.13.01:034][  1]BlueprintLog: New page: Compile Suntech_240W_Module1_2_Blueprint
[2022.04.05-12.13.01:104][  1]LogUObjectHash: Compacting FUObjectHashTables data took   4.16ms
[2022.04.05-12.13.06:173][302]LogTemp: Repeating last play command: Selected Viewport
[2022.04.05-12.13.06:179][302]LogPlayLevel: PlayLevel: No blueprints needed recompiling
[2022.04.05-12.13.06:179][302]PIE: New page: PIE session: testing_grounds (5. apr. 2022 16.13.06)
[2022.04.05-12.13.06:179][302]LogPlayLevel: Creating play world package: /Game/VRTemplate/Maps/UEDPIE_0_testing_grounds
[2022.04.05-12.13.06:202][302]LogPlayLevel: PIE: StaticDuplicateObject took: (0.023319s)
[2022.04.05-12.13.06:203][302]LogAIModule: Creating AISystem for world testing_grounds
[2022.04.05-12.13.06:203][302]LogPlayLevel: PIE: World Init took: (0.000963s)
[2022.04.05-12.13.06:203][302]LogPlayLevel: PIE: Created PIE world by copying editor world from /Game/VRTemplate/Maps/testing_grounds.testing_grounds to /Game/VRTemplate/Maps/UEDPIE_0_testing_grounds.testing_grounds (0.024418s)
[2022.04.05-12.13.06:231][302]LogUObjectHash: Compacting FUObjectHashTables data took   3.44ms
[2022.04.05-12.13.06:233][302]LogAudio: Display: Creating Audio Device:                 Id: 10, Scope: Unique, Realtime: True
[2022.04.05-12.13.06:233][302]LogAudioMixer: Display: Audio Mixer Platform Settings:
[2022.04.05-12.13.06:233][302]LogAudioMixer: Display: 	Sample Rate:						  48000
[2022.04.05-12.13.06:233][302]LogAudioMixer: Display: 	Callback Buffer Frame Size Requested: 1024
[2022.04.05-12.13.06:233][302]LogAudioMixer: Display: 	Callback Buffer Frame Size To Use:	  1024
[2022.04.05-12.13.06:233][302]LogAudioMixer: Display: 	Number of buffers to queue:			  1
[2022.04.05-12.13.06:233][302]LogAudioMixer: Display: 	Max Channels (voices):				  0
[2022.04.05-12.13.06:233][302]LogAudioMixer: Display: 	Number of Async Source Workers:		  4
[2022.04.05-12.13.06:233][302]LogAudio: Display: AudioDevice MaxSources: 32
[2022.04.05-12.13.06:233][302]LogAudio: Display: Audio Spatialization Plugin: Resonance Audio is external send: 1
[2022.04.05-12.13.06:233][302]LogAudio: Display: Audio Reverb Plugin: Resonance Audio
[2022.04.05-12.13.06:233][302]LogAudio: Display: Audio Occlusion Plugin: None (built-in).
[2022.04.05-12.13.06:233][302]LogAudioMixer: Display: Initializing audio mixer.
[2022.04.05-12.13.06:235][302]LogAudioMixer: Display: 0: FrontLeft
[2022.04.05-12.13.06:235][302]LogAudioMixer: Display: 1: FrontRight
[2022.04.05-12.13.06:241][302]LogAudioMixer: Display: Using Audio Device Headphones (Samyang Stereo)
[2022.04.05-12.13.06:241][302]LogAudioMixer: Display: Initializing Sound Submixes...
[2022.04.05-12.13.06:241][302]LogAudioMixer: Display: Creating Master Submix 'MasterSubmixDefault'
[2022.04.05-12.13.06:241][302]LogAudioMixer: Display: Creating Master Submix 'MasterReverbSubmixDefault'
[2022.04.05-12.13.06:242][302]LogAudioMixer: Display: Creating Master Submix 'MasterEQSubmixDefault'
[2022.04.05-12.13.06:242][302]LogAudioMixer: FMixerPlatformXAudio2::StartAudioStream() called
[2022.04.05-12.13.06:242][302]LogAudioMixer: Display: Output buffers initialized: Frames=1024, Channels=2, Samples=2048
[2022.04.05-12.13.06:243][302]LogAudioMixer: Display: Starting AudioMixerPlatformInterface::RunInternal()
[2022.04.05-12.13.06:243][302]LogAudioMixer: Display: FMixerPlatformXAudio2::SubmitBuffer() called for the first time
[2022.04.05-12.13.06:243][302]LogInit: FAudioDevice initialized.
[2022.04.05-12.13.06:243][302]LogAudio: Display: Audio Device (ID: 10) registered with world 'testing_grounds'.
[2022.04.05-12.13.06:248][302]LogLoad: Game class is 'VRGameMode_C'
[2022.04.05-12.13.06:254][302]LogWorld: Bringing World /Game/VRTemplate/Maps/UEDPIE_0_testing_grounds.testing_grounds up for play (max tick rate 60) at 2022.04.05-14.13.06
[2022.04.05-12.13.06:254][302]LogWorld: Bringing up level for play took: 0.005681
[2022.04.05-12.13.06:254][302]LogOnline: OSS: Creating online subsystem instance for: :Context_18
[2022.04.05-12.13.06:256][302]LogSpawn: Warning: SpawnActor failed because no class was specified
[2022.04.05-12.13.06:257][302]LogSlate: New Slate User Created.  User Index 8, Is Virtual User: 1
[2022.04.05-12.13.06:258][302]LogSlate: Slate User Registered.  User Index 8, Is Virtual User: 1
[2022.04.05-12.13.06:258][302]PIE: Server logged in
[2022.04.05-12.13.06:259][302]PIE: Play in editor total start time 0,081 seconds.
[2022.04.05-12.13.06:268][302]LogResonanceAudio: Display: Resonance Audio Listener is initialized
[2022.04.05-12.13.13:330][724]LogSlate: Updating window title bar state: overlay mode, drag disabled, window buttons hidden, title bar hidden
[2022.04.05-12.13.13:330][724]LogWorld: BeginTearingDown for /Game/VRTemplate/Maps/UEDPIE_0_testing_grounds
[2022.04.05-12.13.13:331][724]LogWorld: UWorld::CleanupWorld for testing_grounds, bSessionEnded=true, bCleanupResources=true
[2022.04.05-12.13.13:332][724]LogSlate: InvalidateAllWidgets triggered.  All widgets were invalidated
[2022.04.05-12.13.13:344][724]LogPlayLevel: Display: Shutting down PIE online subsystems
[2022.04.05-12.13.13:361][724]LogSlate: InvalidateAllWidgets triggered.  All widgets were invalidated
[2022.04.05-12.13.13:386][724]LogAudio: Display: Audio Device unregistered from world 'None'.
[2022.04.05-12.13.13:386][724]LogResonanceAudio: Display: Resonance Audio Listener is shutdown
[2022.04.05-12.13.13:386][724]LogAudioMixer: FMixerPlatformXAudio2::StopAudioStream() called
[2022.04.05-12.13.13:387][724]LogAudioMixer: FMixerPlatformXAudio2::StopAudioStream() called
[2022.04.05-12.13.13:389][724]LogSlate: Updating window title bar state: overlay mode, drag disabled, window buttons hidden, title bar hidden
[2022.04.05-12.13.13:392][724]LogSlate: Slate User Unregistered.  User Index 8
[2022.04.05-12.13.13:392][724]LogSlate: Slate User Destroyed.  User Index 8, Is Virtual User: 1
[2022.04.05-12.13.13:395][724]LogUObjectHash: Compacting FUObjectHashTables data took   2.63ms
[2022.04.05-12.13.13:430][725]LogPlayLevel: Display: Destroying online subsystem :Context_18
[2022.04.05-12.13.21:628][215]Cmd: TRANSACTION UNDO
[2022.04.05-12.13.21:629][215]LogEditorTransaction: Undo Move Actors
[2022.04.05-12.13.26:074][476]LogEditorViewport: Clicking on Actor (CTRL LMB): CameraActor (CameraActor)
[2022.04.05-12.13.29:181][661]LogTemp: Repeating last play command: Selected Viewport
[2022.04.05-12.13.29:187][661]LogPlayLevel: PlayLevel: No blueprints needed recompiling
[2022.04.05-12.13.29:187][661]PIE: New page: PIE session: testing_grounds (5. apr. 2022 16.13.29)
[2022.04.05-12.13.29:187][661]LogPlayLevel: Creating play world package: /Game/VRTemplate/Maps/UEDPIE_0_testing_grounds
[2022.04.05-12.13.29:211][661]LogPlayLevel: PIE: StaticDuplicateObject took: (0.024253s)
[2022.04.05-12.13.29:212][661]LogAIModule: Creating AISystem for world testing_grounds
[2022.04.05-12.13.29:212][661]LogPlayLevel: PIE: World Init took: (0.000928s)
[2022.04.05-12.13.29:212][661]LogPlayLevel: PIE: Created PIE world by copying editor world from /Game/VRTemplate/Maps/testing_grounds.testing_grounds to /Game/VRTemplate/Maps/UEDPIE_0_testing_grounds.testing_grounds (0.025312s)
[2022.04.05-12.13.29:239][661]LogUObjectHash: Compacting FUObjectHashTables data took   2.52ms
[2022.04.05-12.13.29:241][661]LogAudio: Display: Creating Audio Device:                 Id: 11, Scope: Unique, Realtime: True
[2022.04.05-12.13.29:241][661]LogAudioMixer: Display: Audio Mixer Platform Settings:
[2022.04.05-12.13.29:241][661]LogAudioMixer: Display: 	Sample Rate:						  48000
[2022.04.05-12.13.29:241][661]LogAudioMixer: Display: 	Callback Buffer Frame Size Requested: 1024
[2022.04.05-12.13.29:241][661]LogAudioMixer: Display: 	Callback Buffer Frame Size To Use:	  1024
[2022.04.05-12.13.29:241][661]LogAudioMixer: Display: 	Number of buffers to queue:			  1
[2022.04.05-12.13.29:241][661]LogAudioMixer: Display: 	Max Channels (voices):				  0
[2022.04.05-12.13.29:241][661]LogAudioMixer: Display: 	Number of Async Source Workers:		  4
[2022.04.05-12.13.29:241][661]LogAudio: Display: AudioDevice MaxSources: 32
[2022.04.05-12.13.29:241][661]LogAudio: Display: Audio Spatialization Plugin: Resonance Audio is external send: 1
[2022.04.05-12.13.29:241][661]LogAudio: Display: Audio Reverb Plugin: Resonance Audio
[2022.04.05-12.13.29:241][661]LogAudio: Display: Audio Occlusion Plugin: None (built-in).
[2022.04.05-12.13.29:241][661]LogAudioMixer: Display: Initializing audio mixer.
[2022.04.05-12.13.29:243][661]LogAudioMixer: Display: 0: FrontLeft
[2022.04.05-12.13.29:243][661]LogAudioMixer: Display: 1: FrontRight
[2022.04.05-12.13.29:250][661]LogAudioMixer: Display: Using Audio Device Headphones (Samyang Stereo)
[2022.04.05-12.13.29:250][661]LogAudioMixer: Display: Initializing Sound Submixes...
[2022.04.05-12.13.29:250][661]LogAudioMixer: Display: Creating Master Submix 'MasterSubmixDefault'
[2022.04.05-12.13.29:250][661]LogAudioMixer: Display: Creating Master Submix 'MasterReverbSubmixDefault'
[2022.04.05-12.13.29:250][661]LogAudioMixer: Display: Creating Master Submix 'MasterEQSubmixDefault'
[2022.04.05-12.13.29:250][661]LogAudioMixer: FMixerPlatformXAudio2::StartAudioStream() called
[2022.04.05-12.13.29:250][661]LogAudioMixer: Display: Output buffers initialized: Frames=1024, Channels=2, Samples=2048
[2022.04.05-12.13.29:251][661]LogAudioMixer: Display: Starting AudioMixerPlatformInterface::RunInternal()
[2022.04.05-12.13.29:251][661]LogAudioMixer: Display: FMixerPlatformXAudio2::SubmitBuffer() called for the first time
[2022.04.05-12.13.29:251][661]LogInit: FAudioDevice initialized.
[2022.04.05-12.13.29:251][661]LogAudio: Display: Audio Device (ID: 11) registered with world 'testing_grounds'.
[2022.04.05-12.13.29:262][661]LogLoad: Game class is 'VRGameMode_C'
[2022.04.05-12.13.29:268][661]LogWorld: Bringing World /Game/VRTemplate/Maps/UEDPIE_0_testing_grounds.testing_grounds up for play (max tick rate 60) at 2022.04.05-14.13.29
[2022.04.05-12.13.29:269][661]LogWorld: Bringing up level for play took: 0.005909
[2022.04.05-12.13.29:269][661]LogOnline: OSS: Creating online subsystem instance for: :Context_19
[2022.04.05-12.13.29:270][661]LogSpawn: Warning: SpawnActor failed because no class was specified
[2022.04.05-12.13.29:271][661]LogSlate: New Slate User Created.  User Index 8, Is Virtual User: 1
[2022.04.05-12.13.29:272][661]LogSlate: Slate User Registered.  User Index 8, Is Virtual User: 1
[2022.04.05-12.13.29:273][661]PIE: Server logged in
[2022.04.05-12.13.29:274][661]PIE: Play in editor total start time 0,088 seconds.
[2022.04.05-12.13.29:284][661]LogResonanceAudio: Display: Resonance Audio Listener is initialized
[2022.04.05-12.13.33:029][883]LogSlate: Updating window title bar state: overlay mode, drag disabled, window buttons hidden, title bar hidden
[2022.04.05-12.13.33:029][883]LogWorld: BeginTearingDown for /Game/VRTemplate/Maps/UEDPIE_0_testing_grounds
[2022.04.05-12.13.33:030][883]LogWorld: UWorld::CleanupWorld for testing_grounds, bSessionEnded=true, bCleanupResources=true
[2022.04.05-12.13.33:031][883]LogSlate: InvalidateAllWidgets triggered.  All widgets were invalidated
[2022.04.05-12.13.33:043][883]LogPlayLevel: Display: Shutting down PIE online subsystems
[2022.04.05-12.13.33:052][883]LogSlate: InvalidateAllWidgets triggered.  All widgets were invalidated
[2022.04.05-12.13.33:077][883]LogAudio: Display: Audio Device unregistered from world 'None'.
[2022.04.05-12.13.33:077][883]LogResonanceAudio: Display: Resonance Audio Listener is shutdown
[2022.04.05-12.13.33:077][883]LogAudioMixer: FMixerPlatformXAudio2::StopAudioStream() called
[2022.04.05-12.13.33:079][883]LogAudioMixer: FMixerPlatformXAudio2::StopAudioStream() called
[2022.04.05-12.13.33:081][883]LogSlate: Updating window title bar state: overlay mode, drag disabled, window buttons hidden, title bar hidden
[2022.04.05-12.13.33:084][883]LogSlate: Slate User Unregistered.  User Index 8
[2022.04.05-12.13.33:084][883]LogSlate: Slate User Destroyed.  User Index 8, Is Virtual User: 1
[2022.04.05-12.13.33:087][883]LogUObjectHash: Compacting FUObjectHashTables data took   2.47ms
[2022.04.05-12.13.33:115][884]LogPlayLevel: Display: Destroying online subsystem :Context_19
[2022.04.05-12.13.33:676][917]LogTemp: Repeating last play command: Selected Viewport
[2022.04.05-12.13.33:682][917]LogPlayLevel: PlayLevel: No blueprints needed recompiling
[2022.04.05-12.13.33:682][917]PIE: New page: PIE session: testing_grounds (5. apr. 2022 16.13.33)
[2022.04.05-12.13.33:682][917]LogPlayLevel: Creating play world package: /Game/VRTemplate/Maps/UEDPIE_0_testing_grounds
[2022.04.05-12.13.33:706][917]LogPlayLevel: PIE: StaticDuplicateObject took: (0.023682s)
[2022.04.05-12.13.33:706][917]LogAIModule: Creating AISystem for world testing_grounds
[2022.04.05-12.13.33:707][917]LogPlayLevel: PIE: World Init took: (0.000824s)
[2022.04.05-12.13.33:707][917]LogPlayLevel: PIE: Created PIE world by copying editor world from /Game/VRTemplate/Maps/testing_grounds.testing_grounds to /Game/VRTemplate/Maps/UEDPIE_0_testing_grounds.testing_grounds (0.024634s)
[2022.04.05-12.13.33:733][917]LogUObjectHash: Compacting FUObjectHashTables data took   2.47ms
[2022.04.05-12.13.33:733][917]LogAudio: Display: Creating Audio Device:                 Id: 12, Scope: Unique, Realtime: True
[2022.04.05-12.13.33:733][917]LogAudioMixer: Display: Audio Mixer Platform Settings:
[2022.04.05-12.13.33:733][917]LogAudioMixer: Display: 	Sample Rate:						  48000
[2022.04.05-12.13.33:733][917]LogAudioMixer: Display: 	Callback Buffer Frame Size Requested: 1024
[2022.04.05-12.13.33:733][917]LogAudioMixer: Display: 	Callback Buffer Frame Size To Use:	  1024
[2022.04.05-12.13.33:733][917]LogAudioMixer: Display: 	Number of buffers to queue:			  1
[2022.04.05-12.13.33:733][917]LogAudioMixer: Display: 	Max Channels (voices):				  0
[2022.04.05-12.13.33:733][917]LogAudioMixer: Display: 	Number of Async Source Workers:		  4
[2022.04.05-12.13.33:733][917]LogAudio: Display: AudioDevice MaxSources: 32
[2022.04.05-12.13.33:734][917]LogAudio: Display: Audio Spatialization Plugin: Resonance Audio is external send: 1
[2022.04.05-12.13.33:734][917]LogAudio: Display: Audio Reverb Plugin: Resonance Audio
[2022.04.05-12.13.33:734][917]LogAudio: Display: Audio Occlusion Plugin: None (built-in).
[2022.04.05-12.13.33:734][917]LogAudioMixer: Display: Initializing audio mixer.
[2022.04.05-12.13.33:736][917]LogAudioMixer: Display: 0: FrontLeft
[2022.04.05-12.13.33:736][917]LogAudioMixer: Display: 1: FrontRight
[2022.04.05-12.13.33:741][917]LogAudioMixer: Display: Using Audio Device Headphones (Samyang Stereo)
[2022.04.05-12.13.33:742][917]LogAudioMixer: Display: Initializing Sound Submixes...
[2022.04.05-12.13.33:742][917]LogAudioMixer: Display: Creating Master Submix 'MasterSubmixDefault'
[2022.04.05-12.13.33:742][917]LogAudioMixer: Display: Creating Master Submix 'MasterReverbSubmixDefault'
[2022.04.05-12.13.33:742][917]LogAudioMixer: Display: Creating Master Submix 'MasterEQSubmixDefault'
[2022.04.05-12.13.33:742][917]LogAudioMixer: FMixerPlatformXAudio2::StartAudioStream() called
[2022.04.05-12.13.33:742][917]LogAudioMixer: Display: Output buffers initialized: Frames=1024, Channels=2, Samples=2048
[2022.04.05-12.13.33:743][917]LogAudioMixer: Display: Starting AudioMixerPlatformInterface::RunInternal()
[2022.04.05-12.13.33:743][917]LogAudioMixer: Display: FMixerPlatformXAudio2::SubmitBuffer() called for the first time
[2022.04.05-12.13.33:743][917]LogInit: FAudioDevice initialized.
[2022.04.05-12.13.33:743][917]LogAudio: Display: Audio Device (ID: 12) registered with world 'testing_grounds'.
[2022.04.05-12.13.33:748][917]LogLoad: Game class is 'VRGameMode_C'
[2022.04.05-12.13.33:754][917]LogWorld: Bringing World /Game/VRTemplate/Maps/UEDPIE_0_testing_grounds.testing_grounds up for play (max tick rate 60) at 2022.04.05-14.13.33
[2022.04.05-12.13.33:755][917]LogWorld: Bringing up level for play took: 0.005806
[2022.04.05-12.13.33:755][917]LogOnline: OSS: Creating online subsystem instance for: :Context_20
[2022.04.05-12.13.33:756][917]LogSpawn: Warning: SpawnActor failed because no class was specified
[2022.04.05-12.13.33:757][917]LogSlate: New Slate User Created.  User Index 8, Is Virtual User: 1
[2022.04.05-12.13.33:758][917]LogSlate: Slate User Registered.  User Index 8, Is Virtual User: 1
[2022.04.05-12.13.33:759][917]PIE: Server logged in
[2022.04.05-12.13.33:760][917]PIE: Play in editor total start time 0,078 seconds.
[2022.04.05-12.13.33:768][917]LogResonanceAudio: Display: Resonance Audio Listener is initialized
[2022.04.05-12.13.35:959][ 46]LogSlate: Updating window title bar state: overlay mode, drag disabled, window buttons hidden, title bar hidden
[2022.04.05-12.13.35:959][ 46]LogWorld: BeginTearingDown for /Game/VRTemplate/Maps/UEDPIE_0_testing_grounds
[2022.04.05-12.13.35:960][ 46]LogWorld: UWorld::CleanupWorld for testing_grounds, bSessionEnded=true, bCleanupResources=true
[2022.04.05-12.13.35:961][ 46]LogSlate: InvalidateAllWidgets triggered.  All widgets were invalidated
[2022.04.05-12.13.35:968][ 46]LogPlayLevel: Display: Shutting down PIE online subsystems
[2022.04.05-12.13.35:976][ 46]LogSlate: InvalidateAllWidgets triggered.  All widgets were invalidated
[2022.04.05-12.13.36:001][ 46]LogSlate: Updating window title bar state: overlay mode, drag disabled, window buttons hidden, title bar hidden
[2022.04.05-12.13.36:002][ 46]LogResonanceAudio: Display: Resonance Audio Listener is shutdown
[2022.04.05-12.13.36:002][ 46]LogAudioMixer: FMixerPlatformXAudio2::StopAudioStream() called
[2022.04.05-12.13.36:003][ 46]LogAudioMixer: FMixerPlatformXAudio2::StopAudioStream() called
[2022.04.05-12.13.36:008][ 46]LogSlate: Slate User Unregistered.  User Index 8
[2022.04.05-12.13.36:008][ 46]LogSlate: Slate User Destroyed.  User Index 8, Is Virtual User: 1
[2022.04.05-12.13.36:011][ 46]LogUObjectHash: Compacting FUObjectHashTables data took   2.54ms
[2022.04.05-12.13.36:039][ 47]LogPlayLevel: Display: Destroying online subsystem :Context_20
[2022.04.05-12.13.45:199][538]BlueprintLog: New page: Compile Suntech_240W_Module1_2_Blueprint
[2022.04.05-12.13.45:250][538]LogUObjectHash: Compacting FUObjectHashTables data took   2.98ms
[2022.04.05-12.13.47:495][670]LogTemp: Repeating last play command: Selected Viewport
[2022.04.05-12.13.47:501][670]LogPlayLevel: PlayLevel: No blueprints needed recompiling
[2022.04.05-12.13.47:501][670]PIE: New page: PIE session: testing_grounds (5. apr. 2022 16.13.47)
[2022.04.05-12.13.47:501][670]LogPlayLevel: Creating play world package: /Game/VRTemplate/Maps/UEDPIE_0_testing_grounds
[2022.04.05-12.13.47:524][670]LogPlayLevel: PIE: StaticDuplicateObject took: (0.023307s)
[2022.04.05-12.13.47:525][670]LogAIModule: Creating AISystem for world testing_grounds
[2022.04.05-12.13.47:525][670]LogPlayLevel: PIE: World Init took: (0.000839s)
[2022.04.05-12.13.47:525][670]LogPlayLevel: PIE: Created PIE world by copying editor world from /Game/VRTemplate/Maps/testing_grounds.testing_grounds to /Game/VRTemplate/Maps/UEDPIE_0_testing_grounds.testing_grounds (0.024268s)
[2022.04.05-12.13.47:552][670]LogUObjectHash: Compacting FUObjectHashTables data took   3.28ms
[2022.04.05-12.13.47:553][670]LogAudio: Display: Creating Audio Device:                 Id: 13, Scope: Unique, Realtime: True
[2022.04.05-12.13.47:553][670]LogAudioMixer: Display: Audio Mixer Platform Settings:
[2022.04.05-12.13.47:553][670]LogAudioMixer: Display: 	Sample Rate:						  48000
[2022.04.05-12.13.47:554][670]LogAudioMixer: Display: 	Callback Buffer Frame Size Requested: 1024
[2022.04.05-12.13.47:554][670]LogAudioMixer: Display: 	Callback Buffer Frame Size To Use:	  1024
[2022.04.05-12.13.47:554][670]LogAudioMixer: Display: 	Number of buffers to queue:			  1
[2022.04.05-12.13.47:554][670]LogAudioMixer: Display: 	Max Channels (voices):				  0
[2022.04.05-12.13.47:554][670]LogAudioMixer: Display: 	Number of Async Source Workers:		  4
[2022.04.05-12.13.47:554][670]LogAudio: Display: AudioDevice MaxSources: 32
[2022.04.05-12.13.47:554][670]LogAudio: Display: Audio Spatialization Plugin: Resonance Audio is external send: 1
[2022.04.05-12.13.47:554][670]LogAudio: Display: Audio Reverb Plugin: Resonance Audio
[2022.04.05-12.13.47:554][670]LogAudio: Display: Audio Occlusion Plugin: None (built-in).
[2022.04.05-12.13.47:554][670]LogAudioMixer: Display: Initializing audio mixer.
[2022.04.05-12.13.47:556][670]LogAudioMixer: Display: 0: FrontLeft
[2022.04.05-12.13.47:556][670]LogAudioMixer: Display: 1: FrontRight
[2022.04.05-12.13.47:562][670]LogAudioMixer: Display: Using Audio Device Headphones (Samyang Stereo)
[2022.04.05-12.13.47:562][670]LogAudioMixer: Display: Initializing Sound Submixes...
[2022.04.05-12.13.47:562][670]LogAudioMixer: Display: Creating Master Submix 'MasterSubmixDefault'
[2022.04.05-12.13.47:562][670]LogAudioMixer: Display: Creating Master Submix 'MasterReverbSubmixDefault'
[2022.04.05-12.13.47:563][670]LogAudioMixer: Display: Creating Master Submix 'MasterEQSubmixDefault'
[2022.04.05-12.13.47:563][670]LogAudioMixer: FMixerPlatformXAudio2::StartAudioStream() called
[2022.04.05-12.13.47:563][670]LogAudioMixer: Display: Output buffers initialized: Frames=1024, Channels=2, Samples=2048
[2022.04.05-12.13.47:564][670]LogAudioMixer: Display: Starting AudioMixerPlatformInterface::RunInternal()
[2022.04.05-12.13.47:564][670]LogAudioMixer: Display: FMixerPlatformXAudio2::SubmitBuffer() called for the first time
[2022.04.05-12.13.47:564][670]LogInit: FAudioDevice initialized.
[2022.04.05-12.13.47:564][670]LogAudio: Display: Audio Device (ID: 13) registered with world 'testing_grounds'.
[2022.04.05-12.13.47:571][670]LogLoad: Game class is 'VRGameMode_C'
[2022.04.05-12.13.47:577][670]LogWorld: Bringing World /Game/VRTemplate/Maps/UEDPIE_0_testing_grounds.testing_grounds up for play (max tick rate 60) at 2022.04.05-14.13.47
[2022.04.05-12.13.47:578][670]LogWorld: Bringing up level for play took: 0.005745
[2022.04.05-12.13.47:578][670]LogOnline: OSS: Creating online subsystem instance for: :Context_21
[2022.04.05-12.13.47:579][670]LogSpawn: Warning: SpawnActor failed because no class was specified
[2022.04.05-12.13.47:580][670]LogSlate: New Slate User Created.  User Index 8, Is Virtual User: 1
[2022.04.05-12.13.47:581][670]LogSlate: Slate User Registered.  User Index 8, Is Virtual User: 1
[2022.04.05-12.13.47:582][670]PIE: Server logged in
[2022.04.05-12.13.47:583][670]PIE: Play in editor total start time 0,082 seconds.
[2022.04.05-12.13.47:591][670]LogResonanceAudio: Display: Resonance Audio Listener is initialized
[2022.04.05-12.13.52:020][933]LogSlate: Updating window title bar state: overlay mode, drag disabled, window buttons hidden, title bar hidden
[2022.04.05-12.13.52:020][933]LogWorld: BeginTearingDown for /Game/VRTemplate/Maps/UEDPIE_0_testing_grounds
[2022.04.05-12.13.52:020][933]LogWorld: UWorld::CleanupWorld for testing_grounds, bSessionEnded=true, bCleanupResources=true
[2022.04.05-12.13.52:021][933]LogSlate: InvalidateAllWidgets triggered.  All widgets were invalidated
[2022.04.05-12.13.52:029][933]LogPlayLevel: Display: Shutting down PIE online subsystems
[2022.04.05-12.13.52:038][933]LogSlate: InvalidateAllWidgets triggered.  All widgets were invalidated
[2022.04.05-12.13.52:062][933]LogAudio: Display: Audio Device unregistered from world 'None'.
[2022.04.05-12.13.52:063][933]LogResonanceAudio: Display: Resonance Audio Listener is shutdown
[2022.04.05-12.13.52:063][933]LogAudioMixer: FMixerPlatformXAudio2::StopAudioStream() called
[2022.04.05-12.13.52:064][933]LogAudioMixer: FMixerPlatformXAudio2::StopAudioStream() called
[2022.04.05-12.13.52:067][933]LogSlate: Updating window title bar state: overlay mode, drag disabled, window buttons hidden, title bar hidden
[2022.04.05-12.13.52:070][933]LogSlate: Slate User Unregistered.  User Index 8
[2022.04.05-12.13.52:070][933]LogSlate: Slate User Destroyed.  User Index 8, Is Virtual User: 1
[2022.04.05-12.13.52:072][933]LogUObjectHash: Compacting FUObjectHashTables data took   2.62ms
[2022.04.05-12.13.52:096][934]LogPlayLevel: Display: Destroying online subsystem :Context_21
[2022.04.05-12.13.52:964][985]LogTemp: Repeating last play command: Selected Viewport
[2022.04.05-12.13.52:970][985]LogPlayLevel: PlayLevel: No blueprints needed recompiling
[2022.04.05-12.13.52:970][985]PIE: New page: PIE session: testing_grounds (5. apr. 2022 16.13.52)
[2022.04.05-12.13.52:970][985]LogPlayLevel: Creating play world package: /Game/VRTemplate/Maps/UEDPIE_0_testing_grounds
[2022.04.05-12.13.52:993][985]LogPlayLevel: PIE: StaticDuplicateObject took: (0.023157s)
[2022.04.05-12.13.52:993][985]LogAIModule: Creating AISystem for world testing_grounds
[2022.04.05-12.13.52:994][985]LogPlayLevel: PIE: World Init took: (0.000846s)
[2022.04.05-12.13.52:994][985]LogPlayLevel: PIE: Created PIE world by copying editor world from /Game/VRTemplate/Maps/testing_grounds.testing_grounds to /Game/VRTemplate/Maps/UEDPIE_0_testing_grounds.testing_grounds (0.024128s)
[2022.04.05-12.13.53:020][985]LogUObjectHash: Compacting FUObjectHashTables data took   2.48ms
[2022.04.05-12.13.53:020][985]LogAudio: Display: Creating Audio Device:                 Id: 14, Scope: Unique, Realtime: True
[2022.04.05-12.13.53:020][985]LogAudioMixer: Display: Audio Mixer Platform Settings:
[2022.04.05-12.13.53:020][985]LogAudioMixer: Display: 	Sample Rate:						  48000
[2022.04.05-12.13.53:020][985]LogAudioMixer: Display: 	Callback Buffer Frame Size Requested: 1024
[2022.04.05-12.13.53:020][985]LogAudioMixer: Display: 	Callback Buffer Frame Size To Use:	  1024
[2022.04.05-12.13.53:020][985]LogAudioMixer: Display: 	Number of buffers to queue:			  1
[2022.04.05-12.13.53:020][985]LogAudioMixer: Display: 	Max Channels (voices):				  0
[2022.04.05-12.13.53:020][985]LogAudioMixer: Display: 	Number of Async Source Workers:		  4
[2022.04.05-12.13.53:020][985]LogAudio: Display: AudioDevice MaxSources: 32
[2022.04.05-12.13.53:020][985]LogAudio: Display: Audio Spatialization Plugin: Resonance Audio is external send: 1
[2022.04.05-12.13.53:020][985]LogAudio: Display: Audio Reverb Plugin: Resonance Audio
[2022.04.05-12.13.53:020][985]LogAudio: Display: Audio Occlusion Plugin: None (built-in).
[2022.04.05-12.13.53:020][985]LogAudioMixer: Display: Initializing audio mixer.
[2022.04.05-12.13.53:022][985]LogAudioMixer: Display: 0: FrontLeft
[2022.04.05-12.13.53:022][985]LogAudioMixer: Display: 1: FrontRight
[2022.04.05-12.13.53:028][985]LogAudioMixer: Display: Using Audio Device Headphones (Samyang Stereo)
[2022.04.05-12.13.53:028][985]LogAudioMixer: Display: Initializing Sound Submixes...
[2022.04.05-12.13.53:028][985]LogAudioMixer: Display: Creating Master Submix 'MasterSubmixDefault'
[2022.04.05-12.13.53:029][985]LogAudioMixer: Display: Creating Master Submix 'MasterReverbSubmixDefault'
[2022.04.05-12.13.53:029][985]LogAudioMixer: Display: Creating Master Submix 'MasterEQSubmixDefault'
[2022.04.05-12.13.53:029][985]LogAudioMixer: FMixerPlatformXAudio2::StartAudioStream() called
[2022.04.05-12.13.53:029][985]LogAudioMixer: Display: Output buffers initialized: Frames=1024, Channels=2, Samples=2048
[2022.04.05-12.13.53:030][985]LogAudioMixer: Display: Starting AudioMixerPlatformInterface::RunInternal()
[2022.04.05-12.13.53:030][985]LogAudioMixer: Display: FMixerPlatformXAudio2::SubmitBuffer() called for the first time
[2022.04.05-12.13.53:030][985]LogInit: FAudioDevice initialized.
[2022.04.05-12.13.53:030][985]LogAudio: Display: Audio Device (ID: 14) registered with world 'testing_grounds'.
[2022.04.05-12.13.53:039][985]LogLoad: Game class is 'VRGameMode_C'
[2022.04.05-12.13.53:045][985]LogWorld: Bringing World /Game/VRTemplate/Maps/UEDPIE_0_testing_grounds.testing_grounds up for play (max tick rate 60) at 2022.04.05-14.13.53
[2022.04.05-12.13.53:046][985]LogWorld: Bringing up level for play took: 0.005916
[2022.04.05-12.13.53:046][985]LogOnline: OSS: Creating online subsystem instance for: :Context_22
[2022.04.05-12.13.53:047][985]LogSpawn: Warning: SpawnActor failed because no class was specified
[2022.04.05-12.13.53:048][985]LogSlate: New Slate User Created.  User Index 8, Is Virtual User: 1
[2022.04.05-12.13.53:049][985]LogSlate: Slate User Registered.  User Index 8, Is Virtual User: 1
[2022.04.05-12.13.53:050][985]PIE: Server logged in
[2022.04.05-12.13.53:051][985]PIE: Play in editor total start time 0,082 seconds.
[2022.04.05-12.13.53:060][985]LogResonanceAudio: Display: Resonance Audio Listener is initialized
[2022.04.05-12.13.55:550][132]LogSlate: Updating window title bar state: overlay mode, drag disabled, window buttons hidden, title bar hidden
[2022.04.05-12.13.55:550][132]LogWorld: BeginTearingDown for /Game/VRTemplate/Maps/UEDPIE_0_testing_grounds
[2022.04.05-12.13.55:550][132]LogWorld: UWorld::CleanupWorld for testing_grounds, bSessionEnded=true, bCleanupResources=true
[2022.04.05-12.13.55:551][132]LogSlate: InvalidateAllWidgets triggered.  All widgets were invalidated
[2022.04.05-12.13.55:558][132]LogPlayLevel: Display: Shutting down PIE online subsystems
[2022.04.05-12.13.55:567][132]LogSlate: InvalidateAllWidgets triggered.  All widgets were invalidated
[2022.04.05-12.13.55:593][132]LogSlate: Updating window title bar state: overlay mode, drag disabled, window buttons hidden, title bar hidden
[2022.04.05-12.13.55:593][132]LogResonanceAudio: Display: Resonance Audio Listener is shutdown
[2022.04.05-12.13.55:593][132]LogAudioMixer: FMixerPlatformXAudio2::StopAudioStream() called
[2022.04.05-12.13.55:595][132]LogAudioMixer: FMixerPlatformXAudio2::StopAudioStream() called
[2022.04.05-12.13.55:599][132]LogSlate: Slate User Unregistered.  User Index 8
[2022.04.05-12.13.55:600][132]LogSlate: Slate User Destroyed.  User Index 8, Is Virtual User: 1
[2022.04.05-12.13.55:602][132]LogUObjectHash: Compacting FUObjectHashTables data took   2.45ms
[2022.04.05-12.13.55:627][133]LogPlayLevel: Display: Destroying online subsystem :Context_22
[2022.04.05-12.15.03:183][903]LogUObjectHash: Compacting FUObjectHashTables data took   2.50ms
[2022.04.05-12.15.03:289][903]LogSavePackage: Moving '../../../../../../Users/qwe_o/Documents/GitHub/P8ToBeAnnounced/P8_VR_Home/Saved/testing_grounds_Auto5F08B86494C5628C484F0FF9BD240C933.tmp' to '../../../../../../Users/qwe_o/Documents/GitHub/P8ToBeAnnounced/P8_VR_Home/Saved/Autosaves/Game/VRTemplate/Maps/testing_grounds_Auto5.umap'
[2022.04.05-12.15.03:291][903]LogFileHelpers: Editor autosave (incl. external actors) for '/Game/VRTemplate/Maps/testing_grounds' took 0.134
[2022.04.05-12.15.03:291][903]LogFileHelpers: Editor autosave (incl. sublevels & external actors) for all levels took 0.134
[2022.04.05-12.15.35:472][832]BlueprintLog: New page: Compile Suntech_240W_Module1_2_Blueprint
[2022.04.05-12.15.35:523][832]LogUObjectHash: Compacting FUObjectHashTables data took   3.14ms
[2022.04.05-12.15.39:626][ 77]BlueprintLog: New page: Compile Suntech_240W_Module1_2_Blueprint
[2022.04.05-12.15.39:676][ 77]LogUObjectHash: Compacting FUObjectHashTables data took   3.34ms
[2022.04.05-12.15.42:616][252]LogTemp: Repeating last play command: Selected Viewport
[2022.04.05-12.15.42:622][252]LogPlayLevel: PlayLevel: No blueprints needed recompiling
[2022.04.05-12.15.42:622][252]PIE: New page: PIE session: testing_grounds (5. apr. 2022 16.15.42)
[2022.04.05-12.15.42:622][252]LogPlayLevel: Creating play world package: /Game/VRTemplate/Maps/UEDPIE_0_testing_grounds
[2022.04.05-12.15.42:646][252]LogPlayLevel: PIE: StaticDuplicateObject took: (0.023679s)
[2022.04.05-12.15.42:646][252]LogAIModule: Creating AISystem for world testing_grounds
[2022.04.05-12.15.42:647][252]LogPlayLevel: PIE: World Init took: (0.000824s)
[2022.04.05-12.15.42:647][252]LogPlayLevel: PIE: Created PIE world by copying editor world from /Game/VRTemplate/Maps/testing_grounds.testing_grounds to /Game/VRTemplate/Maps/UEDPIE_0_testing_grounds.testing_grounds (0.024628s)
[2022.04.05-12.15.42:673][252]LogUObjectHash: Compacting FUObjectHashTables data took   3.31ms
[2022.04.05-12.15.42:674][252]LogAudio: Display: Creating Audio Device:                 Id: 15, Scope: Unique, Realtime: True
[2022.04.05-12.15.42:674][252]LogAudioMixer: Display: Audio Mixer Platform Settings:
[2022.04.05-12.15.42:674][252]LogAudioMixer: Display: 	Sample Rate:						  48000
[2022.04.05-12.15.42:674][252]LogAudioMixer: Display: 	Callback Buffer Frame Size Requested: 1024
[2022.04.05-12.15.42:674][252]LogAudioMixer: Display: 	Callback Buffer Frame Size To Use:	  1024
[2022.04.05-12.15.42:674][252]LogAudioMixer: Display: 	Number of buffers to queue:			  1
[2022.04.05-12.15.42:674][252]LogAudioMixer: Display: 	Max Channels (voices):				  0
[2022.04.05-12.15.42:674][252]LogAudioMixer: Display: 	Number of Async Source Workers:		  4
[2022.04.05-12.15.42:674][252]LogAudio: Display: AudioDevice MaxSources: 32
[2022.04.05-12.15.42:674][252]LogAudio: Display: Audio Spatialization Plugin: Resonance Audio is external send: 1
[2022.04.05-12.15.42:674][252]LogAudio: Display: Audio Reverb Plugin: Resonance Audio
[2022.04.05-12.15.42:674][252]LogAudio: Display: Audio Occlusion Plugin: None (built-in).
[2022.04.05-12.15.42:674][252]LogAudioMixer: Display: Initializing audio mixer.
[2022.04.05-12.15.42:676][252]LogAudioMixer: Display: 0: FrontLeft
[2022.04.05-12.15.42:676][252]LogAudioMixer: Display: 1: FrontRight
[2022.04.05-12.15.42:683][252]LogAudioMixer: Display: Using Audio Device Headphones (Samyang Stereo)
[2022.04.05-12.15.42:683][252]LogAudioMixer: Display: Initializing Sound Submixes...
[2022.04.05-12.15.42:683][252]LogAudioMixer: Display: Creating Master Submix 'MasterSubmixDefault'
[2022.04.05-12.15.42:683][252]LogAudioMixer: Display: Creating Master Submix 'MasterReverbSubmixDefault'
[2022.04.05-12.15.42:684][252]LogAudioMixer: Display: Creating Master Submix 'MasterEQSubmixDefault'
[2022.04.05-12.15.42:684][252]LogAudioMixer: FMixerPlatformXAudio2::StartAudioStream() called
[2022.04.05-12.15.42:684][252]LogAudioMixer: Display: Output buffers initialized: Frames=1024, Channels=2, Samples=2048
[2022.04.05-12.15.42:685][252]LogAudioMixer: Display: Starting AudioMixerPlatformInterface::RunInternal()
[2022.04.05-12.15.42:685][252]LogAudioMixer: Display: FMixerPlatformXAudio2::SubmitBuffer() called for the first time
[2022.04.05-12.15.42:685][252]LogInit: FAudioDevice initialized.
[2022.04.05-12.15.42:685][252]LogAudio: Display: Audio Device (ID: 15) registered with world 'testing_grounds'.
[2022.04.05-12.15.42:692][252]LogLoad: Game class is 'VRGameMode_C'
[2022.04.05-12.15.42:698][252]LogWorld: Bringing World /Game/VRTemplate/Maps/UEDPIE_0_testing_grounds.testing_grounds up for play (max tick rate 60) at 2022.04.05-14.15.42
[2022.04.05-12.15.42:698][252]LogWorld: Bringing up level for play took: 0.005805
[2022.04.05-12.15.42:699][252]LogOnline: OSS: Creating online subsystem instance for: :Context_23
[2022.04.05-12.15.42:700][252]LogSpawn: Warning: SpawnActor failed because no class was specified
[2022.04.05-12.15.42:701][252]LogSlate: New Slate User Created.  User Index 8, Is Virtual User: 1
[2022.04.05-12.15.42:702][252]LogSlate: Slate User Registered.  User Index 8, Is Virtual User: 1
[2022.04.05-12.15.42:703][252]PIE: Server logged in
[2022.04.05-12.15.42:704][252]PIE: Play in editor total start time 0,083 seconds.
[2022.04.05-12.15.42:713][252]LogResonanceAudio: Display: Resonance Audio Listener is initialized
[2022.04.05-12.16.02:650][444]LogSlate: Updating window title bar state: overlay mode, drag disabled, window buttons hidden, title bar hidden
[2022.04.05-12.16.02:650][444]LogWorld: BeginTearingDown for /Game/VRTemplate/Maps/UEDPIE_0_testing_grounds
[2022.04.05-12.16.02:650][444]LogWorld: UWorld::CleanupWorld for testing_grounds, bSessionEnded=true, bCleanupResources=true
[2022.04.05-12.16.02:651][444]LogSlate: InvalidateAllWidgets triggered.  All widgets were invalidated
[2022.04.05-12.16.02:660][444]LogPlayLevel: Display: Shutting down PIE online subsystems
[2022.04.05-12.16.02:669][444]LogSlate: InvalidateAllWidgets triggered.  All widgets were invalidated
[2022.04.05-12.16.02:693][444]LogAudio: Display: Audio Device unregistered from world 'None'.
[2022.04.05-12.16.02:694][444]LogResonanceAudio: Display: Resonance Audio Listener is shutdown
[2022.04.05-12.16.02:694][444]LogAudioMixer: FMixerPlatformXAudio2::StopAudioStream() called
[2022.04.05-12.16.02:695][444]LogAudioMixer: FMixerPlatformXAudio2::StopAudioStream() called
[2022.04.05-12.16.02:697][444]LogSlate: Updating window title bar state: overlay mode, drag disabled, window buttons hidden, title bar hidden
[2022.04.05-12.16.02:699][444]LogSlate: Slate User Unregistered.  User Index 8
[2022.04.05-12.16.02:699][444]LogSlate: Slate User Destroyed.  User Index 8, Is Virtual User: 1
[2022.04.05-12.16.02:702][444]LogUObjectHash: Compacting FUObjectHashTables data took   2.63ms
[2022.04.05-12.16.02:735][445]LogPlayLevel: Display: Destroying online subsystem :Context_23
[2022.04.05-12.16.10:420][904]LogEditorViewport: Clicking on Actor (LMB): BP_Sky_Sphere_C (SkySpherePC2)
[2022.04.05-12.16.12:740][ 41]LogEditorViewport: Clicking on Actor (LMB): CameraActor (CameraActor)
[2022.04.05-12.16.32:287][207]LogTemp: Repeating last play command: Selected Viewport
[2022.04.05-12.16.32:292][207]LogPlayLevel: PlayLevel: No blueprints needed recompiling
[2022.04.05-12.16.32:292][207]PIE: New page: PIE session: testing_grounds (5. apr. 2022 16.16.32)
[2022.04.05-12.16.32:319][207]LogPlayLevel: Creating play world package: /Game/VRTemplate/Maps/UEDPIE_0_testing_grounds
[2022.04.05-12.16.32:342][207]LogPlayLevel: PIE: StaticDuplicateObject took: (0.023271s)
[2022.04.05-12.16.32:343][207]LogAIModule: Creating AISystem for world testing_grounds
[2022.04.05-12.16.32:343][207]LogPlayLevel: PIE: World Init took: (0.000889s)
[2022.04.05-12.16.32:343][207]LogPlayLevel: PIE: Created PIE world by copying editor world from /Game/VRTemplate/Maps/testing_grounds.testing_grounds to /Game/VRTemplate/Maps/UEDPIE_0_testing_grounds.testing_grounds (0.024309s)
[2022.04.05-12.16.32:369][207]LogUObjectHash: Compacting FUObjectHashTables data took   2.48ms
[2022.04.05-12.16.32:371][207]LogAudio: Display: Creating Audio Device:                 Id: 16, Scope: Unique, Realtime: True
[2022.04.05-12.16.32:371][207]LogAudioMixer: Display: Audio Mixer Platform Settings:
[2022.04.05-12.16.32:371][207]LogAudioMixer: Display: 	Sample Rate:						  48000
[2022.04.05-12.16.32:371][207]LogAudioMixer: Display: 	Callback Buffer Frame Size Requested: 1024
[2022.04.05-12.16.32:371][207]LogAudioMixer: Display: 	Callback Buffer Frame Size To Use:	  1024
[2022.04.05-12.16.32:372][207]LogAudioMixer: Display: 	Number of buffers to queue:			  1
[2022.04.05-12.16.32:372][207]LogAudioMixer: Display: 	Max Channels (voices):				  0
[2022.04.05-12.16.32:372][207]LogAudioMixer: Display: 	Number of Async Source Workers:		  4
[2022.04.05-12.16.32:372][207]LogAudio: Display: AudioDevice MaxSources: 32
[2022.04.05-12.16.32:372][207]LogAudio: Display: Audio Spatialization Plugin: Resonance Audio is external send: 1
[2022.04.05-12.16.32:372][207]LogAudio: Display: Audio Reverb Plugin: Resonance Audio
[2022.04.05-12.16.32:372][207]LogAudio: Display: Audio Occlusion Plugin: None (built-in).
[2022.04.05-12.16.32:372][207]LogAudioMixer: Display: Initializing audio mixer.
[2022.04.05-12.16.32:374][207]LogAudioMixer: Display: 0: FrontLeft
[2022.04.05-12.16.32:374][207]LogAudioMixer: Display: 1: FrontRight
[2022.04.05-12.16.32:380][207]LogAudioMixer: Display: Using Audio Device Headphones (Samyang Stereo)
[2022.04.05-12.16.32:380][207]LogAudioMixer: Display: Initializing Sound Submixes...
[2022.04.05-12.16.32:380][207]LogAudioMixer: Display: Creating Master Submix 'MasterSubmixDefault'
[2022.04.05-12.16.32:380][207]LogAudioMixer: Display: Creating Master Submix 'MasterReverbSubmixDefault'
[2022.04.05-12.16.32:380][207]LogAudioMixer: Display: Creating Master Submix 'MasterEQSubmixDefault'
[2022.04.05-12.16.32:381][207]LogAudioMixer: FMixerPlatformXAudio2::StartAudioStream() called
[2022.04.05-12.16.32:381][207]LogAudioMixer: Display: Output buffers initialized: Frames=1024, Channels=2, Samples=2048
[2022.04.05-12.16.32:382][207]LogAudioMixer: Display: Starting AudioMixerPlatformInterface::RunInternal()
[2022.04.05-12.16.32:382][207]LogAudioMixer: Display: FMixerPlatformXAudio2::SubmitBuffer() called for the first time
[2022.04.05-12.16.32:382][207]LogInit: FAudioDevice initialized.
[2022.04.05-12.16.32:382][207]LogAudio: Display: Audio Device (ID: 16) registered with world 'testing_grounds'.
[2022.04.05-12.16.32:390][207]LogLoad: Game class is 'VRGameMode_C'
[2022.04.05-12.16.32:397][207]LogWorld: Bringing World /Game/VRTemplate/Maps/UEDPIE_0_testing_grounds.testing_grounds up for play (max tick rate 60) at 2022.04.05-14.16.32
[2022.04.05-12.16.32:398][207]LogWorld: Bringing up level for play took: 0.006755
[2022.04.05-12.16.32:398][207]LogOnline: OSS: Creating online subsystem instance for: :Context_24
[2022.04.05-12.16.32:400][207]LogSpawn: Warning: SpawnActor failed because no class was specified
[2022.04.05-12.16.32:401][207]LogSlate: New Slate User Created.  User Index 8, Is Virtual User: 1
[2022.04.05-12.16.32:402][207]LogSlate: Slate User Registered.  User Index 8, Is Virtual User: 1
[2022.04.05-12.16.32:403][207]PIE: Server logged in
[2022.04.05-12.16.32:403][207]PIE: Play in editor total start time 0,112 seconds.
[2022.04.05-12.16.32:412][207]LogResonanceAudio: Display: Resonance Audio Listener is initialized
[2022.04.05-12.16.44:929][955]LogSlate: Updating window title bar state: overlay mode, drag disabled, window buttons hidden, title bar hidden
[2022.04.05-12.16.44:929][955]LogWorld: BeginTearingDown for /Game/VRTemplate/Maps/UEDPIE_0_testing_grounds
[2022.04.05-12.16.44:930][955]LogWorld: UWorld::CleanupWorld for testing_grounds, bSessionEnded=true, bCleanupResources=true
[2022.04.05-12.16.44:931][955]LogSlate: InvalidateAllWidgets triggered.  All widgets were invalidated
[2022.04.05-12.16.44:939][955]LogPlayLevel: Display: Shutting down PIE online subsystems
[2022.04.05-12.16.44:977][955]LogSlate: InvalidateAllWidgets triggered.  All widgets were invalidated
[2022.04.05-12.16.45:004][955]LogAudio: Display: Audio Device unregistered from world 'None'.
[2022.04.05-12.16.45:004][955]LogResonanceAudio: Display: Resonance Audio Listener is shutdown
[2022.04.05-12.16.45:004][955]LogAudioMixer: FMixerPlatformXAudio2::StopAudioStream() called
[2022.04.05-12.16.45:005][955]LogAudioMixer: FMixerPlatformXAudio2::StopAudioStream() called
[2022.04.05-12.16.45:007][955]LogSlate: Updating window title bar state: overlay mode, drag disabled, window buttons hidden, title bar hidden
[2022.04.05-12.16.45:011][955]LogSlate: Slate User Unregistered.  User Index 8
[2022.04.05-12.16.45:011][955]LogSlate: Slate User Destroyed.  User Index 8, Is Virtual User: 1
[2022.04.05-12.16.45:014][955]LogUObjectHash: Compacting FUObjectHashTables data took   2.46ms
[2022.04.05-12.16.45:057][956]LogPlayLevel: Display: Destroying online subsystem :Context_24
[2022.04.05-12.17.56:999][957]BlueprintLog: New page: Compile Suntech_240W_Module1_2_Blueprint
[2022.04.05-12.17.57:042][957]LogUObjectHash: Compacting FUObjectHashTables data took   2.90ms
[2022.04.05-12.17.59:982][131]LogTemp: Repeating last play command: Selected Viewport
[2022.04.05-12.17.59:988][131]LogPlayLevel: PlayLevel: No blueprints needed recompiling
[2022.04.05-12.17.59:988][131]PIE: New page: PIE session: testing_grounds (5. apr. 2022 16.17.59)
[2022.04.05-12.18.00:019][131]LogPlayLevel: Creating play world package: /Game/VRTemplate/Maps/UEDPIE_0_testing_grounds
[2022.04.05-12.18.00:044][131]LogPlayLevel: PIE: StaticDuplicateObject took: (0.024926s)
[2022.04.05-12.18.00:044][131]LogAIModule: Creating AISystem for world testing_grounds
[2022.04.05-12.18.00:045][131]LogPlayLevel: PIE: World Init took: (0.000877s)
[2022.04.05-12.18.00:045][131]LogPlayLevel: PIE: Created PIE world by copying editor world from /Game/VRTemplate/Maps/testing_grounds.testing_grounds to /Game/VRTemplate/Maps/UEDPIE_0_testing_grounds.testing_grounds (0.025983s)
[2022.04.05-12.18.00:071][131]LogUObjectHash: Compacting FUObjectHashTables data took   3.38ms
[2022.04.05-12.18.00:072][131]LogAudio: Display: Creating Audio Device:                 Id: 17, Scope: Unique, Realtime: True
[2022.04.05-12.18.00:072][131]LogAudioMixer: Display: Audio Mixer Platform Settings:
[2022.04.05-12.18.00:072][131]LogAudioMixer: Display: 	Sample Rate:						  48000
[2022.04.05-12.18.00:072][131]LogAudioMixer: Display: 	Callback Buffer Frame Size Requested: 1024
[2022.04.05-12.18.00:072][131]LogAudioMixer: Display: 	Callback Buffer Frame Size To Use:	  1024
[2022.04.05-12.18.00:072][131]LogAudioMixer: Display: 	Number of buffers to queue:			  1
[2022.04.05-12.18.00:072][131]LogAudioMixer: Display: 	Max Channels (voices):				  0
[2022.04.05-12.18.00:072][131]LogAudioMixer: Display: 	Number of Async Source Workers:		  4
[2022.04.05-12.18.00:072][131]LogAudio: Display: AudioDevice MaxSources: 32
[2022.04.05-12.18.00:073][131]LogAudio: Display: Audio Spatialization Plugin: Resonance Audio is external send: 1
[2022.04.05-12.18.00:073][131]LogAudio: Display: Audio Reverb Plugin: Resonance Audio
[2022.04.05-12.18.00:073][131]LogAudio: Display: Audio Occlusion Plugin: None (built-in).
[2022.04.05-12.18.00:073][131]LogAudioMixer: Display: Initializing audio mixer.
[2022.04.05-12.18.00:075][131]LogAudioMixer: Display: 0: FrontLeft
[2022.04.05-12.18.00:075][131]LogAudioMixer: Display: 1: FrontRight
[2022.04.05-12.18.00:081][131]LogAudioMixer: Display: Using Audio Device Headphones (Samyang Stereo)
[2022.04.05-12.18.00:081][131]LogAudioMixer: Display: Initializing Sound Submixes...
[2022.04.05-12.18.00:081][131]LogAudioMixer: Display: Creating Master Submix 'MasterSubmixDefault'
[2022.04.05-12.18.00:081][131]LogAudioMixer: Display: Creating Master Submix 'MasterReverbSubmixDefault'
[2022.04.05-12.18.00:082][131]LogAudioMixer: Display: Creating Master Submix 'MasterEQSubmixDefault'
[2022.04.05-12.18.00:082][131]LogAudioMixer: FMixerPlatformXAudio2::StartAudioStream() called
[2022.04.05-12.18.00:082][131]LogAudioMixer: Display: Output buffers initialized: Frames=1024, Channels=2, Samples=2048
[2022.04.05-12.18.00:083][131]LogAudioMixer: Display: Starting AudioMixerPlatformInterface::RunInternal()
[2022.04.05-12.18.00:083][131]LogAudioMixer: Display: FMixerPlatformXAudio2::SubmitBuffer() called for the first time
[2022.04.05-12.18.00:083][131]LogInit: FAudioDevice initialized.
[2022.04.05-12.18.00:083][131]LogAudio: Display: Audio Device (ID: 17) registered with world 'testing_grounds'.
[2022.04.05-12.18.00:093][131]LogLoad: Game class is 'VRGameMode_C'
[2022.04.05-12.18.00:099][131]LogWorld: Bringing World /Game/VRTemplate/Maps/UEDPIE_0_testing_grounds.testing_grounds up for play (max tick rate 60) at 2022.04.05-14.18.00
[2022.04.05-12.18.00:099][131]LogWorld: Bringing up level for play took: 0.005890
[2022.04.05-12.18.00:099][131]LogOnline: OSS: Creating online subsystem instance for: :Context_25
[2022.04.05-12.18.00:101][131]LogSpawn: Warning: SpawnActor failed because no class was specified
[2022.04.05-12.18.00:101][131]LogSlate: New Slate User Created.  User Index 8, Is Virtual User: 1
[2022.04.05-12.18.00:102][131]LogSlate: Slate User Registered.  User Index 8, Is Virtual User: 1
[2022.04.05-12.18.00:103][131]PIE: Server logged in
[2022.04.05-12.18.00:104][131]PIE: Play in editor total start time 0,116 seconds.
[2022.04.05-12.18.00:113][131]LogResonanceAudio: Display: Resonance Audio Listener is initialized
[2022.04.05-12.18.09:300][680]LogSlate: Updating window title bar state: overlay mode, drag disabled, window buttons hidden, title bar hidden
[2022.04.05-12.18.09:300][680]LogWorld: BeginTearingDown for /Game/VRTemplate/Maps/UEDPIE_0_testing_grounds
[2022.04.05-12.18.09:300][680]LogWorld: UWorld::CleanupWorld for testing_grounds, bSessionEnded=true, bCleanupResources=true
[2022.04.05-12.18.09:301][680]LogSlate: InvalidateAllWidgets triggered.  All widgets were invalidated
[2022.04.05-12.18.09:313][680]LogPlayLevel: Display: Shutting down PIE online subsystems
[2022.04.05-12.18.09:350][680]LogSlate: InvalidateAllWidgets triggered.  All widgets were invalidated
[2022.04.05-12.18.09:375][680]LogAudio: Display: Audio Device unregistered from world 'None'.
[2022.04.05-12.18.09:375][680]LogResonanceAudio: Display: Resonance Audio Listener is shutdown
[2022.04.05-12.18.09:375][680]LogAudioMixer: FMixerPlatformXAudio2::StopAudioStream() called
[2022.04.05-12.18.09:376][680]LogAudioMixer: FMixerPlatformXAudio2::StopAudioStream() called
[2022.04.05-12.18.09:378][680]LogSlate: Updating window title bar state: overlay mode, drag disabled, window buttons hidden, title bar hidden
[2022.04.05-12.18.09:381][680]LogSlate: Slate User Unregistered.  User Index 8
[2022.04.05-12.18.09:382][680]LogSlate: Slate User Destroyed.  User Index 8, Is Virtual User: 1
[2022.04.05-12.18.09:384][680]LogUObjectHash: Compacting FUObjectHashTables data took   2.56ms
[2022.04.05-12.18.09:426][681]LogPlayLevel: Display: Destroying online subsystem :Context_25
[2022.04.05-12.18.30:354][876]BlueprintLog: New page: Compile Suntech_240W_Module1_2_Blueprint
[2022.04.05-12.18.30:395][876]LogUObjectHash: Compacting FUObjectHashTables data took   2.81ms
[2022.04.05-12.18.32:710][ 13]LogTemp: Repeating last play command: Selected Viewport
[2022.04.05-12.18.32:716][ 13]LogPlayLevel: PlayLevel: No blueprints needed recompiling
[2022.04.05-12.18.32:716][ 13]PIE: New page: PIE session: testing_grounds (5. apr. 2022 16.18.32)
[2022.04.05-12.18.32:716][ 13]LogPlayLevel: Creating play world package: /Game/VRTemplate/Maps/UEDPIE_0_testing_grounds
[2022.04.05-12.18.32:740][ 13]LogPlayLevel: PIE: StaticDuplicateObject took: (0.023413s)
[2022.04.05-12.18.32:740][ 13]LogAIModule: Creating AISystem for world testing_grounds
[2022.04.05-12.18.32:741][ 13]LogPlayLevel: PIE: World Init took: (0.000814s)
[2022.04.05-12.18.32:741][ 13]LogPlayLevel: PIE: Created PIE world by copying editor world from /Game/VRTemplate/Maps/testing_grounds.testing_grounds to /Game/VRTemplate/Maps/UEDPIE_0_testing_grounds.testing_grounds (0.024344s)
[2022.04.05-12.18.32:767][ 13]LogUObjectHash: Compacting FUObjectHashTables data took   3.53ms
[2022.04.05-12.18.32:768][ 13]LogAudio: Display: Creating Audio Device:                 Id: 18, Scope: Unique, Realtime: True
[2022.04.05-12.18.32:768][ 13]LogAudioMixer: Display: Audio Mixer Platform Settings:
[2022.04.05-12.18.32:768][ 13]LogAudioMixer: Display: 	Sample Rate:						  48000
[2022.04.05-12.18.32:768][ 13]LogAudioMixer: Display: 	Callback Buffer Frame Size Requested: 1024
[2022.04.05-12.18.32:768][ 13]LogAudioMixer: Display: 	Callback Buffer Frame Size To Use:	  1024
[2022.04.05-12.18.32:768][ 13]LogAudioMixer: Display: 	Number of buffers to queue:			  1
[2022.04.05-12.18.32:768][ 13]LogAudioMixer: Display: 	Max Channels (voices):				  0
[2022.04.05-12.18.32:768][ 13]LogAudioMixer: Display: 	Number of Async Source Workers:		  4
[2022.04.05-12.18.32:768][ 13]LogAudio: Display: AudioDevice MaxSources: 32
[2022.04.05-12.18.32:769][ 13]LogAudio: Display: Audio Spatialization Plugin: Resonance Audio is external send: 1
[2022.04.05-12.18.32:769][ 13]LogAudio: Display: Audio Reverb Plugin: Resonance Audio
[2022.04.05-12.18.32:769][ 13]LogAudio: Display: Audio Occlusion Plugin: None (built-in).
[2022.04.05-12.18.32:769][ 13]LogAudioMixer: Display: Initializing audio mixer.
[2022.04.05-12.18.32:770][ 13]LogAudioMixer: Display: 0: FrontLeft
[2022.04.05-12.18.32:770][ 13]LogAudioMixer: Display: 1: FrontRight
[2022.04.05-12.18.32:776][ 13]LogAudioMixer: Display: Using Audio Device Headphones (Samyang Stereo)
[2022.04.05-12.18.32:777][ 13]LogAudioMixer: Display: Initializing Sound Submixes...
[2022.04.05-12.18.32:777][ 13]LogAudioMixer: Display: Creating Master Submix 'MasterSubmixDefault'
[2022.04.05-12.18.32:777][ 13]LogAudioMixer: Display: Creating Master Submix 'MasterReverbSubmixDefault'
[2022.04.05-12.18.32:777][ 13]LogAudioMixer: Display: Creating Master Submix 'MasterEQSubmixDefault'
[2022.04.05-12.18.32:777][ 13]LogAudioMixer: FMixerPlatformXAudio2::StartAudioStream() called
[2022.04.05-12.18.32:777][ 13]LogAudioMixer: Display: Output buffers initialized: Frames=1024, Channels=2, Samples=2048
[2022.04.05-12.18.32:778][ 13]LogAudioMixer: Display: Starting AudioMixerPlatformInterface::RunInternal()
[2022.04.05-12.18.32:778][ 13]LogAudioMixer: Display: FMixerPlatformXAudio2::SubmitBuffer() called for the first time
[2022.04.05-12.18.32:778][ 13]LogInit: FAudioDevice initialized.
[2022.04.05-12.18.32:778][ 13]LogAudio: Display: Audio Device (ID: 18) registered with world 'testing_grounds'.
[2022.04.05-12.18.32:785][ 13]LogLoad: Game class is 'VRGameMode_C'
[2022.04.05-12.18.32:791][ 13]LogWorld: Bringing World /Game/VRTemplate/Maps/UEDPIE_0_testing_grounds.testing_grounds up for play (max tick rate 60) at 2022.04.05-14.18.32
[2022.04.05-12.18.32:791][ 13]LogWorld: Bringing up level for play took: 0.005866
[2022.04.05-12.18.32:791][ 13]LogOnline: OSS: Creating online subsystem instance for: :Context_26
[2022.04.05-12.18.32:793][ 13]LogSpawn: Warning: SpawnActor failed because no class was specified
[2022.04.05-12.18.32:794][ 13]LogSlate: New Slate User Created.  User Index 8, Is Virtual User: 1
[2022.04.05-12.18.32:795][ 13]LogSlate: Slate User Registered.  User Index 8, Is Virtual User: 1
[2022.04.05-12.18.32:795][ 13]PIE: Server logged in
[2022.04.05-12.18.32:796][ 13]PIE: Play in editor total start time 0,081 seconds.
[2022.04.05-12.18.32:805][ 13]LogResonanceAudio: Display: Resonance Audio Listener is initialized
[2022.04.05-12.18.42:310][581]LogSlate: Updating window title bar state: overlay mode, drag disabled, window buttons hidden, title bar hidden
[2022.04.05-12.18.42:310][581]LogWorld: BeginTearingDown for /Game/VRTemplate/Maps/UEDPIE_0_testing_grounds
[2022.04.05-12.18.42:310][581]LogWorld: UWorld::CleanupWorld for testing_grounds, bSessionEnded=true, bCleanupResources=true
[2022.04.05-12.18.42:311][581]LogSlate: InvalidateAllWidgets triggered.  All widgets were invalidated
[2022.04.05-12.18.42:320][581]LogPlayLevel: Display: Shutting down PIE online subsystems
[2022.04.05-12.18.42:358][581]LogSlate: InvalidateAllWidgets triggered.  All widgets were invalidated
[2022.04.05-12.18.42:383][581]LogAudio: Display: Audio Device unregistered from world 'None'.
[2022.04.05-12.18.42:383][581]LogResonanceAudio: Display: Resonance Audio Listener is shutdown
[2022.04.05-12.18.42:383][581]LogAudioMixer: FMixerPlatformXAudio2::StopAudioStream() called
[2022.04.05-12.18.42:384][581]LogAudioMixer: FMixerPlatformXAudio2::StopAudioStream() called
[2022.04.05-12.18.42:386][581]LogSlate: Updating window title bar state: overlay mode, drag disabled, window buttons hidden, title bar hidden
[2022.04.05-12.18.42:390][581]LogSlate: Slate User Unregistered.  User Index 8
[2022.04.05-12.18.42:390][581]LogSlate: Slate User Destroyed.  User Index 8, Is Virtual User: 1
[2022.04.05-12.18.42:393][581]LogUObjectHash: Compacting FUObjectHashTables data took   3.08ms
[2022.04.05-12.18.42:438][582]LogPlayLevel: Display: Destroying online subsystem :Context_26
[2022.04.05-12.19.21:094][782]BlueprintLog: New page: Compile Suntech_240W_Module1_2_Blueprint
[2022.04.05-12.19.21:136][782]LogUObjectHash: Compacting FUObjectHashTables data took   2.86ms
[2022.04.05-12.19.23:603][928]LogTemp: Repeating last play command: Selected Viewport
[2022.04.05-12.19.23:609][928]LogPlayLevel: PlayLevel: No blueprints needed recompiling
[2022.04.05-12.19.23:609][928]PIE: New page: PIE session: testing_grounds (5. apr. 2022 16.19.23)
[2022.04.05-12.19.23:609][928]LogPlayLevel: Creating play world package: /Game/VRTemplate/Maps/UEDPIE_0_testing_grounds
[2022.04.05-12.19.23:632][928]LogPlayLevel: PIE: StaticDuplicateObject took: (0.023016s)
[2022.04.05-12.19.23:633][928]LogAIModule: Creating AISystem for world testing_grounds
[2022.04.05-12.19.23:633][928]LogPlayLevel: PIE: World Init took: (0.000815s)
[2022.04.05-12.19.23:633][928]LogPlayLevel: PIE: Created PIE world by copying editor world from /Game/VRTemplate/Maps/testing_grounds.testing_grounds to /Game/VRTemplate/Maps/UEDPIE_0_testing_grounds.testing_grounds (0.023950s)
[2022.04.05-12.19.23:660][928]LogUObjectHash: Compacting FUObjectHashTables data took   3.31ms
[2022.04.05-12.19.23:661][928]LogAudio: Display: Creating Audio Device:                 Id: 19, Scope: Unique, Realtime: True
[2022.04.05-12.19.23:662][928]LogAudioMixer: Display: Audio Mixer Platform Settings:
[2022.04.05-12.19.23:662][928]LogAudioMixer: Display: 	Sample Rate:						  48000
[2022.04.05-12.19.23:662][928]LogAudioMixer: Display: 	Callback Buffer Frame Size Requested: 1024
[2022.04.05-12.19.23:662][928]LogAudioMixer: Display: 	Callback Buffer Frame Size To Use:	  1024
[2022.04.05-12.19.23:662][928]LogAudioMixer: Display: 	Number of buffers to queue:			  1
[2022.04.05-12.19.23:662][928]LogAudioMixer: Display: 	Max Channels (voices):				  0
[2022.04.05-12.19.23:662][928]LogAudioMixer: Display: 	Number of Async Source Workers:		  4
[2022.04.05-12.19.23:662][928]LogAudio: Display: AudioDevice MaxSources: 32
[2022.04.05-12.19.23:662][928]LogAudio: Display: Audio Spatialization Plugin: Resonance Audio is external send: 1
[2022.04.05-12.19.23:662][928]LogAudio: Display: Audio Reverb Plugin: Resonance Audio
[2022.04.05-12.19.23:662][928]LogAudio: Display: Audio Occlusion Plugin: None (built-in).
[2022.04.05-12.19.23:662][928]LogAudioMixer: Display: Initializing audio mixer.
[2022.04.05-12.19.23:664][928]LogAudioMixer: Display: 0: FrontLeft
[2022.04.05-12.19.23:664][928]LogAudioMixer: Display: 1: FrontRight
[2022.04.05-12.19.23:670][928]LogAudioMixer: Display: Using Audio Device Headphones (Samyang Stereo)
[2022.04.05-12.19.23:670][928]LogAudioMixer: Display: Initializing Sound Submixes...
[2022.04.05-12.19.23:671][928]LogAudioMixer: Display: Creating Master Submix 'MasterSubmixDefault'
[2022.04.05-12.19.23:671][928]LogAudioMixer: Display: Creating Master Submix 'MasterReverbSubmixDefault'
[2022.04.05-12.19.23:671][928]LogAudioMixer: Display: Creating Master Submix 'MasterEQSubmixDefault'
[2022.04.05-12.19.23:671][928]LogAudioMixer: FMixerPlatformXAudio2::StartAudioStream() called
[2022.04.05-12.19.23:671][928]LogAudioMixer: Display: Output buffers initialized: Frames=1024, Channels=2, Samples=2048
[2022.04.05-12.19.23:672][928]LogAudioMixer: Display: Starting AudioMixerPlatformInterface::RunInternal()
[2022.04.05-12.19.23:672][928]LogAudioMixer: Display: FMixerPlatformXAudio2::SubmitBuffer() called for the first time
[2022.04.05-12.19.23:672][928]LogInit: FAudioDevice initialized.
[2022.04.05-12.19.23:672][928]LogAudio: Display: Audio Device (ID: 19) registered with world 'testing_grounds'.
[2022.04.05-12.19.23:680][928]LogLoad: Game class is 'VRGameMode_C'
[2022.04.05-12.19.23:686][928]LogWorld: Bringing World /Game/VRTemplate/Maps/UEDPIE_0_testing_grounds.testing_grounds up for play (max tick rate 60) at 2022.04.05-14.19.23
[2022.04.05-12.19.23:686][928]LogWorld: Bringing up level for play took: 0.005930
[2022.04.05-12.19.23:687][928]LogOnline: OSS: Creating online subsystem instance for: :Context_27
[2022.04.05-12.19.23:688][928]LogSpawn: Warning: SpawnActor failed because no class was specified
[2022.04.05-12.19.23:689][928]LogSlate: New Slate User Created.  User Index 8, Is Virtual User: 1
[2022.04.05-12.19.23:690][928]LogSlate: Slate User Registered.  User Index 8, Is Virtual User: 1
[2022.04.05-12.19.23:691][928]PIE: Server logged in
[2022.04.05-12.19.23:692][928]PIE: Play in editor total start time 0,083 seconds.
[2022.04.05-12.19.23:700][928]LogResonanceAudio: Display: Resonance Audio Listener is initialized
[2022.04.05-12.19.30:479][332]LogSlate: Updating window title bar state: overlay mode, drag disabled, window buttons hidden, title bar hidden
[2022.04.05-12.19.30:480][332]LogWorld: BeginTearingDown for /Game/VRTemplate/Maps/UEDPIE_0_testing_grounds
[2022.04.05-12.19.30:480][332]LogWorld: UWorld::CleanupWorld for testing_grounds, bSessionEnded=true, bCleanupResources=true
[2022.04.05-12.19.30:481][332]LogSlate: InvalidateAllWidgets triggered.  All widgets were invalidated
[2022.04.05-12.19.30:493][332]LogPlayLevel: Display: Shutting down PIE online subsystems
[2022.04.05-12.19.30:530][332]LogSlate: InvalidateAllWidgets triggered.  All widgets were invalidated
[2022.04.05-12.19.30:555][332]LogAudio: Display: Audio Device unregistered from world 'None'.
[2022.04.05-12.19.30:556][332]LogResonanceAudio: Display: Resonance Audio Listener is shutdown
[2022.04.05-12.19.30:556][332]LogAudioMixer: FMixerPlatformXAudio2::StopAudioStream() called
[2022.04.05-12.19.30:557][332]LogAudioMixer: FMixerPlatformXAudio2::StopAudioStream() called
[2022.04.05-12.19.30:559][332]LogSlate: Updating window title bar state: overlay mode, drag disabled, window buttons hidden, title bar hidden
[2022.04.05-12.19.30:562][332]LogSlate: Slate User Unregistered.  User Index 8
[2022.04.05-12.19.30:562][332]LogSlate: Slate User Destroyed.  User Index 8, Is Virtual User: 1
[2022.04.05-12.19.30:565][332]LogUObjectHash: Compacting FUObjectHashTables data took   2.52ms
[2022.04.05-12.19.30:607][333]LogPlayLevel: Display: Destroying online subsystem :Context_27
[2022.04.05-12.19.53:972][555]BlueprintLog: New page: Compile Suntech_240W_Module1_2_Blueprint
[2022.04.05-12.19.54:014][555]LogUObjectHash: Compacting FUObjectHashTables data took   2.94ms
[2022.04.05-12.19.57:425][756]LogTemp: Repeating last play command: Selected Viewport
[2022.04.05-12.19.57:430][756]LogPlayLevel: PlayLevel: No blueprints needed recompiling
[2022.04.05-12.19.57:430][756]PIE: New page: PIE session: testing_grounds (5. apr. 2022 16.19.57)
[2022.04.05-12.19.57:459][756]LogPlayLevel: Creating play world package: /Game/VRTemplate/Maps/UEDPIE_0_testing_grounds
[2022.04.05-12.19.57:483][756]LogPlayLevel: PIE: StaticDuplicateObject took: (0.024162s)
[2022.04.05-12.19.57:484][756]LogAIModule: Creating AISystem for world testing_grounds
[2022.04.05-12.19.57:484][756]LogPlayLevel: PIE: World Init took: (0.000869s)
[2022.04.05-12.19.57:484][756]LogPlayLevel: PIE: Created PIE world by copying editor world from /Game/VRTemplate/Maps/testing_grounds.testing_grounds to /Game/VRTemplate/Maps/UEDPIE_0_testing_grounds.testing_grounds (0.025201s)
[2022.04.05-12.19.57:511][756]LogUObjectHash: Compacting FUObjectHashTables data took   3.41ms
[2022.04.05-12.19.57:512][756]LogAudio: Display: Creating Audio Device:                 Id: 20, Scope: Unique, Realtime: True
[2022.04.05-12.19.57:512][756]LogAudioMixer: Display: Audio Mixer Platform Settings:
[2022.04.05-12.19.57:512][756]LogAudioMixer: Display: 	Sample Rate:						  48000
[2022.04.05-12.19.57:512][756]LogAudioMixer: Display: 	Callback Buffer Frame Size Requested: 1024
[2022.04.05-12.19.57:512][756]LogAudioMixer: Display: 	Callback Buffer Frame Size To Use:	  1024
[2022.04.05-12.19.57:512][756]LogAudioMixer: Display: 	Number of buffers to queue:			  1
[2022.04.05-12.19.57:512][756]LogAudioMixer: Display: 	Max Channels (voices):				  0
[2022.04.05-12.19.57:512][756]LogAudioMixer: Display: 	Number of Async Source Workers:		  4
[2022.04.05-12.19.57:512][756]LogAudio: Display: AudioDevice MaxSources: 32
[2022.04.05-12.19.57:512][756]LogAudio: Display: Audio Spatialization Plugin: Resonance Audio is external send: 1
[2022.04.05-12.19.57:512][756]LogAudio: Display: Audio Reverb Plugin: Resonance Audio
[2022.04.05-12.19.57:512][756]LogAudio: Display: Audio Occlusion Plugin: None (built-in).
[2022.04.05-12.19.57:512][756]LogAudioMixer: Display: Initializing audio mixer.
[2022.04.05-12.19.57:514][756]LogAudioMixer: Display: 0: FrontLeft
[2022.04.05-12.19.57:514][756]LogAudioMixer: Display: 1: FrontRight
[2022.04.05-12.19.57:520][756]LogAudioMixer: Display: Using Audio Device Headphones (Samyang Stereo)
[2022.04.05-12.19.57:520][756]LogAudioMixer: Display: Initializing Sound Submixes...
[2022.04.05-12.19.57:520][756]LogAudioMixer: Display: Creating Master Submix 'MasterSubmixDefault'
[2022.04.05-12.19.57:520][756]LogAudioMixer: Display: Creating Master Submix 'MasterReverbSubmixDefault'
[2022.04.05-12.19.57:521][756]LogAudioMixer: Display: Creating Master Submix 'MasterEQSubmixDefault'
[2022.04.05-12.19.57:521][756]LogAudioMixer: FMixerPlatformXAudio2::StartAudioStream() called
[2022.04.05-12.19.57:521][756]LogAudioMixer: Display: Output buffers initialized: Frames=1024, Channels=2, Samples=2048
[2022.04.05-12.19.57:522][756]LogAudioMixer: Display: Starting AudioMixerPlatformInterface::RunInternal()
[2022.04.05-12.19.57:522][756]LogAudioMixer: Display: FMixerPlatformXAudio2::SubmitBuffer() called for the first time
[2022.04.05-12.19.57:522][756]LogInit: FAudioDevice initialized.
[2022.04.05-12.19.57:522][756]LogAudio: Display: Audio Device (ID: 20) registered with world 'testing_grounds'.
[2022.04.05-12.19.57:533][756]LogLoad: Game class is 'VRGameMode_C'
[2022.04.05-12.19.57:539][756]LogWorld: Bringing World /Game/VRTemplate/Maps/UEDPIE_0_testing_grounds.testing_grounds up for play (max tick rate 60) at 2022.04.05-14.19.57
[2022.04.05-12.19.57:539][756]LogWorld: Bringing up level for play took: 0.005922
[2022.04.05-12.19.57:539][756]LogOnline: OSS: Creating online subsystem instance for: :Context_28
[2022.04.05-12.19.57:541][756]LogSpawn: Warning: SpawnActor failed because no class was specified
[2022.04.05-12.19.57:541][756]LogSlate: New Slate User Created.  User Index 8, Is Virtual User: 1
[2022.04.05-12.19.57:542][756]LogSlate: Slate User Registered.  User Index 8, Is Virtual User: 1
[2022.04.05-12.19.57:543][756]PIE: Server logged in
[2022.04.05-12.19.57:544][756]PIE: Play in editor total start time 0,114 seconds.
[2022.04.05-12.19.57:553][756]LogResonanceAudio: Display: Resonance Audio Listener is initialized
[2022.04.05-12.20.14:419][766]LogSlate: Updating window title bar state: overlay mode, drag disabled, window buttons hidden, title bar hidden
[2022.04.05-12.20.14:419][766]LogWorld: BeginTearingDown for /Game/VRTemplate/Maps/UEDPIE_0_testing_grounds
[2022.04.05-12.20.14:420][766]LogWorld: UWorld::CleanupWorld for testing_grounds, bSessionEnded=true, bCleanupResources=true
[2022.04.05-12.20.14:421][766]LogSlate: InvalidateAllWidgets triggered.  All widgets were invalidated
[2022.04.05-12.20.14:431][766]LogPlayLevel: Display: Shutting down PIE online subsystems
[2022.04.05-12.20.14:469][766]LogSlate: InvalidateAllWidgets triggered.  All widgets were invalidated
[2022.04.05-12.20.14:494][766]LogAudio: Display: Audio Device unregistered from world 'None'.
[2022.04.05-12.20.14:494][766]LogResonanceAudio: Display: Resonance Audio Listener is shutdown
[2022.04.05-12.20.14:494][766]LogAudioMixer: FMixerPlatformXAudio2::StopAudioStream() called
[2022.04.05-12.20.14:495][766]LogAudioMixer: FMixerPlatformXAudio2::StopAudioStream() called
[2022.04.05-12.20.14:497][766]LogSlate: Updating window title bar state: overlay mode, drag disabled, window buttons hidden, title bar hidden
[2022.04.05-12.20.14:501][766]LogSlate: Slate User Unregistered.  User Index 8
[2022.04.05-12.20.14:501][766]LogSlate: Slate User Destroyed.  User Index 8, Is Virtual User: 1
[2022.04.05-12.20.14:504][766]LogUObjectHash: Compacting FUObjectHashTables data took   2.64ms
[2022.04.05-12.20.14:546][767]LogPlayLevel: Display: Destroying online subsystem :Context_28
[2022.04.05-12.20.44:348][377]BlueprintLog: New page: Compile Suntech_240W_Module1_2_Blueprint
[2022.04.05-12.20.44:390][377]LogUObjectHash: Compacting FUObjectHashTables data took   2.77ms
[2022.04.05-12.20.46:515][501]LogTemp: Repeating last play command: Selected Viewport
[2022.04.05-12.20.46:521][501]LogPlayLevel: PlayLevel: No blueprints needed recompiling
[2022.04.05-12.20.46:521][501]PIE: New page: PIE session: testing_grounds (5. apr. 2022 16.20.46)
[2022.04.05-12.20.46:549][501]LogPlayLevel: Creating play world package: /Game/VRTemplate/Maps/UEDPIE_0_testing_grounds
[2022.04.05-12.20.46:575][501]LogPlayLevel: PIE: StaticDuplicateObject took: (0.026246s)
[2022.04.05-12.20.46:576][501]LogAIModule: Creating AISystem for world testing_grounds
[2022.04.05-12.20.46:576][501]LogPlayLevel: PIE: World Init took: (0.000971s)
[2022.04.05-12.20.46:576][501]LogPlayLevel: PIE: Created PIE world by copying editor world from /Game/VRTemplate/Maps/testing_grounds.testing_grounds to /Game/VRTemplate/Maps/UEDPIE_0_testing_grounds.testing_grounds (0.027371s)
[2022.04.05-12.20.46:603][501]LogUObjectHash: Compacting FUObjectHashTables data took   3.36ms
[2022.04.05-12.20.46:604][501]LogAudio: Display: Creating Audio Device:                 Id: 21, Scope: Unique, Realtime: True
[2022.04.05-12.20.46:604][501]LogAudioMixer: Display: Audio Mixer Platform Settings:
[2022.04.05-12.20.46:604][501]LogAudioMixer: Display: 	Sample Rate:						  48000
[2022.04.05-12.20.46:604][501]LogAudioMixer: Display: 	Callback Buffer Frame Size Requested: 1024
[2022.04.05-12.20.46:604][501]LogAudioMixer: Display: 	Callback Buffer Frame Size To Use:	  1024
[2022.04.05-12.20.46:604][501]LogAudioMixer: Display: 	Number of buffers to queue:			  1
[2022.04.05-12.20.46:604][501]LogAudioMixer: Display: 	Max Channels (voices):				  0
[2022.04.05-12.20.46:604][501]LogAudioMixer: Display: 	Number of Async Source Workers:		  4
[2022.04.05-12.20.46:604][501]LogAudio: Display: AudioDevice MaxSources: 32
[2022.04.05-12.20.46:604][501]LogAudio: Display: Audio Spatialization Plugin: Resonance Audio is external send: 1
[2022.04.05-12.20.46:604][501]LogAudio: Display: Audio Reverb Plugin: Resonance Audio
[2022.04.05-12.20.46:604][501]LogAudio: Display: Audio Occlusion Plugin: None (built-in).
[2022.04.05-12.20.46:604][501]LogAudioMixer: Display: Initializing audio mixer.
[2022.04.05-12.20.46:606][501]LogAudioMixer: Display: 0: FrontLeft
[2022.04.05-12.20.46:606][501]LogAudioMixer: Display: 1: FrontRight
[2022.04.05-12.20.46:612][501]LogAudioMixer: Display: Using Audio Device Headphones (Samyang Stereo)
[2022.04.05-12.20.46:612][501]LogAudioMixer: Display: Initializing Sound Submixes...
[2022.04.05-12.20.46:612][501]LogAudioMixer: Display: Creating Master Submix 'MasterSubmixDefault'
[2022.04.05-12.20.46:612][501]LogAudioMixer: Display: Creating Master Submix 'MasterReverbSubmixDefault'
[2022.04.05-12.20.46:613][501]LogAudioMixer: Display: Creating Master Submix 'MasterEQSubmixDefault'
[2022.04.05-12.20.46:613][501]LogAudioMixer: FMixerPlatformXAudio2::StartAudioStream() called
[2022.04.05-12.20.46:613][501]LogAudioMixer: Display: Output buffers initialized: Frames=1024, Channels=2, Samples=2048
[2022.04.05-12.20.46:614][501]LogAudioMixer: Display: Starting AudioMixerPlatformInterface::RunInternal()
[2022.04.05-12.20.46:614][501]LogAudioMixer: Display: FMixerPlatformXAudio2::SubmitBuffer() called for the first time
[2022.04.05-12.20.46:614][501]LogInit: FAudioDevice initialized.
[2022.04.05-12.20.46:614][501]LogAudio: Display: Audio Device (ID: 21) registered with world 'testing_grounds'.
[2022.04.05-12.20.46:624][501]LogLoad: Game class is 'VRGameMode_C'
[2022.04.05-12.20.46:630][501]LogWorld: Bringing World /Game/VRTemplate/Maps/UEDPIE_0_testing_grounds.testing_grounds up for play (max tick rate 60) at 2022.04.05-14.20.46
[2022.04.05-12.20.46:630][501]LogWorld: Bringing up level for play took: 0.005923
[2022.04.05-12.20.46:630][501]LogOnline: OSS: Creating online subsystem instance for: :Context_29
[2022.04.05-12.20.46:632][501]LogSpawn: Warning: SpawnActor failed because no class was specified
[2022.04.05-12.20.46:633][501]LogSlate: New Slate User Created.  User Index 8, Is Virtual User: 1
[2022.04.05-12.20.46:634][501]LogSlate: Slate User Registered.  User Index 8, Is Virtual User: 1
[2022.04.05-12.20.46:635][501]PIE: Server logged in
[2022.04.05-12.20.46:636][501]PIE: Play in editor total start time 0,116 seconds.
[2022.04.05-12.20.46:644][501]LogResonanceAudio: Display: Resonance Audio Listener is initialized
[2022.04.05-12.20.53:159][889]LogSlate: Updating window title bar state: overlay mode, drag disabled, window buttons hidden, title bar hidden
[2022.04.05-12.20.53:160][889]LogWorld: BeginTearingDown for /Game/VRTemplate/Maps/UEDPIE_0_testing_grounds
[2022.04.05-12.20.53:160][889]LogWorld: UWorld::CleanupWorld for testing_grounds, bSessionEnded=true, bCleanupResources=true
[2022.04.05-12.20.53:161][889]LogSlate: InvalidateAllWidgets triggered.  All widgets were invalidated
[2022.04.05-12.20.53:169][889]LogPlayLevel: Display: Shutting down PIE online subsystems
[2022.04.05-12.20.53:207][889]LogSlate: InvalidateAllWidgets triggered.  All widgets were invalidated
[2022.04.05-12.20.53:231][889]LogAudio: Display: Audio Device unregistered from world 'None'.
[2022.04.05-12.20.53:232][889]LogResonanceAudio: Display: Resonance Audio Listener is shutdown
[2022.04.05-12.20.53:232][889]LogAudioMixer: FMixerPlatformXAudio2::StopAudioStream() called
[2022.04.05-12.20.53:233][889]LogAudioMixer: FMixerPlatformXAudio2::StopAudioStream() called
[2022.04.05-12.20.53:235][889]LogSlate: Updating window title bar state: overlay mode, drag disabled, window buttons hidden, title bar hidden
[2022.04.05-12.20.53:236][889]LogSlate: Slate User Unregistered.  User Index 8
[2022.04.05-12.20.53:236][889]LogSlate: Slate User Destroyed.  User Index 8, Is Virtual User: 1
[2022.04.05-12.20.53:239][889]LogUObjectHash: Compacting FUObjectHashTables data took   2.69ms
[2022.04.05-12.20.53:286][890]LogPlayLevel: Display: Destroying online subsystem :Context_29
[2022.04.05-12.21.16:649][155]BlueprintLog: New page: Compile Suntech_240W_Module1_2_Blueprint
[2022.04.05-12.21.16:692][155]LogUObjectHash: Compacting FUObjectHashTables data took   3.01ms
[2022.04.05-12.21.18:835][280]LogTemp: Repeating last play command: Selected Viewport
[2022.04.05-12.21.18:840][280]LogPlayLevel: PlayLevel: No blueprints needed recompiling
[2022.04.05-12.21.18:840][280]PIE: New page: PIE session: testing_grounds (5. apr. 2022 16.21.18)
[2022.04.05-12.21.18:869][280]LogPlayLevel: Creating play world package: /Game/VRTemplate/Maps/UEDPIE_0_testing_grounds
[2022.04.05-12.21.18:892][280]LogPlayLevel: PIE: StaticDuplicateObject took: (0.023224s)
[2022.04.05-12.21.18:893][280]LogAIModule: Creating AISystem for world testing_grounds
[2022.04.05-12.21.18:893][280]LogPlayLevel: PIE: World Init took: (0.000816s)
[2022.04.05-12.21.18:893][280]LogPlayLevel: PIE: Created PIE world by copying editor world from /Game/VRTemplate/Maps/testing_grounds.testing_grounds to /Game/VRTemplate/Maps/UEDPIE_0_testing_grounds.testing_grounds (0.024196s)
[2022.04.05-12.21.18:920][280]LogUObjectHash: Compacting FUObjectHashTables data took   3.40ms
[2022.04.05-12.21.18:921][280]LogAudio: Display: Creating Audio Device:                 Id: 22, Scope: Unique, Realtime: True
[2022.04.05-12.21.18:921][280]LogAudioMixer: Display: Audio Mixer Platform Settings:
[2022.04.05-12.21.18:921][280]LogAudioMixer: Display: 	Sample Rate:						  48000
[2022.04.05-12.21.18:921][280]LogAudioMixer: Display: 	Callback Buffer Frame Size Requested: 1024
[2022.04.05-12.21.18:921][280]LogAudioMixer: Display: 	Callback Buffer Frame Size To Use:	  1024
[2022.04.05-12.21.18:921][280]LogAudioMixer: Display: 	Number of buffers to queue:			  1
[2022.04.05-12.21.18:921][280]LogAudioMixer: Display: 	Max Channels (voices):				  0
[2022.04.05-12.21.18:921][280]LogAudioMixer: Display: 	Number of Async Source Workers:		  4
[2022.04.05-12.21.18:921][280]LogAudio: Display: AudioDevice MaxSources: 32
[2022.04.05-12.21.18:921][280]LogAudio: Display: Audio Spatialization Plugin: Resonance Audio is external send: 1
[2022.04.05-12.21.18:921][280]LogAudio: Display: Audio Reverb Plugin: Resonance Audio
[2022.04.05-12.21.18:921][280]LogAudio: Display: Audio Occlusion Plugin: None (built-in).
[2022.04.05-12.21.18:921][280]LogAudioMixer: Display: Initializing audio mixer.
[2022.04.05-12.21.18:923][280]LogAudioMixer: Display: 0: FrontLeft
[2022.04.05-12.21.18:923][280]LogAudioMixer: Display: 1: FrontRight
[2022.04.05-12.21.18:929][280]LogAudioMixer: Display: Using Audio Device Headphones (Samyang Stereo)
[2022.04.05-12.21.18:930][280]LogAudioMixer: Display: Initializing Sound Submixes...
[2022.04.05-12.21.18:930][280]LogAudioMixer: Display: Creating Master Submix 'MasterSubmixDefault'
[2022.04.05-12.21.18:930][280]LogAudioMixer: Display: Creating Master Submix 'MasterReverbSubmixDefault'
[2022.04.05-12.21.18:930][280]LogAudioMixer: Display: Creating Master Submix 'MasterEQSubmixDefault'
[2022.04.05-12.21.18:930][280]LogAudioMixer: FMixerPlatformXAudio2::StartAudioStream() called
[2022.04.05-12.21.18:930][280]LogAudioMixer: Display: Output buffers initialized: Frames=1024, Channels=2, Samples=2048
[2022.04.05-12.21.18:931][280]LogAudioMixer: Display: Starting AudioMixerPlatformInterface::RunInternal()
[2022.04.05-12.21.18:931][280]LogAudioMixer: Display: FMixerPlatformXAudio2::SubmitBuffer() called for the first time
[2022.04.05-12.21.18:931][280]LogInit: FAudioDevice initialized.
[2022.04.05-12.21.18:931][280]LogAudio: Display: Audio Device (ID: 22) registered with world 'testing_grounds'.
[2022.04.05-12.21.18:940][280]LogLoad: Game class is 'VRGameMode_C'
[2022.04.05-12.21.18:946][280]LogWorld: Bringing World /Game/VRTemplate/Maps/UEDPIE_0_testing_grounds.testing_grounds up for play (max tick rate 60) at 2022.04.05-14.21.18
[2022.04.05-12.21.18:946][280]LogWorld: Bringing up level for play took: 0.005693
[2022.04.05-12.21.18:946][280]LogOnline: OSS: Creating online subsystem instance for: :Context_30
[2022.04.05-12.21.18:948][280]LogSpawn: Warning: SpawnActor failed because no class was specified
[2022.04.05-12.21.18:948][280]LogSlate: New Slate User Created.  User Index 8, Is Virtual User: 1
[2022.04.05-12.21.18:950][280]LogSlate: Slate User Registered.  User Index 8, Is Virtual User: 1
[2022.04.05-12.21.18:950][280]PIE: Server logged in
[2022.04.05-12.21.18:951][280]PIE: Play in editor total start time 0,112 seconds.
[2022.04.05-12.21.18:960][280]LogResonanceAudio: Display: Resonance Audio Listener is initialized
[2022.04.05-12.21.25:439][666]LogSlate: Updating window title bar state: overlay mode, drag disabled, window buttons hidden, title bar hidden
[2022.04.05-12.21.25:440][666]LogWorld: BeginTearingDown for /Game/VRTemplate/Maps/UEDPIE_0_testing_grounds
[2022.04.05-12.21.25:440][666]LogWorld: UWorld::CleanupWorld for testing_grounds, bSessionEnded=true, bCleanupResources=true
[2022.04.05-12.21.25:441][666]LogSlate: InvalidateAllWidgets triggered.  All widgets were invalidated
[2022.04.05-12.21.25:453][666]LogPlayLevel: Display: Shutting down PIE online subsystems
[2022.04.05-12.21.25:490][666]LogSlate: InvalidateAllWidgets triggered.  All widgets were invalidated
[2022.04.05-12.21.25:516][666]LogAudio: Display: Audio Device unregistered from world 'None'.
[2022.04.05-12.21.25:516][666]LogResonanceAudio: Display: Resonance Audio Listener is shutdown
[2022.04.05-12.21.25:516][666]LogAudioMixer: FMixerPlatformXAudio2::StopAudioStream() called
[2022.04.05-12.21.25:517][666]LogAudioMixer: FMixerPlatformXAudio2::StopAudioStream() called
[2022.04.05-12.21.25:520][666]LogSlate: Updating window title bar state: overlay mode, drag disabled, window buttons hidden, title bar hidden
[2022.04.05-12.21.25:523][666]LogSlate: Slate User Unregistered.  User Index 8
[2022.04.05-12.21.25:523][666]LogSlate: Slate User Destroyed.  User Index 8, Is Virtual User: 1
[2022.04.05-12.21.25:526][666]LogUObjectHash: Compacting FUObjectHashTables data took   2.60ms
[2022.04.05-12.21.25:569][667]LogPlayLevel: Display: Destroying online subsystem :Context_30
[2022.04.05-12.21.49:010][931]BlueprintLog: New page: Compile Suntech_240W_Module1_2_Blueprint
[2022.04.05-12.21.49:052][931]LogUObjectHash: Compacting FUObjectHashTables data took   2.63ms
[2022.04.05-12.21.51:382][ 68]LogTemp: Repeating last play command: Selected Viewport
[2022.04.05-12.21.51:388][ 68]LogPlayLevel: PlayLevel: No blueprints needed recompiling
[2022.04.05-12.21.51:388][ 68]PIE: New page: PIE session: testing_grounds (5. apr. 2022 16.21.51)
[2022.04.05-12.21.51:388][ 68]LogPlayLevel: Creating play world package: /Game/VRTemplate/Maps/UEDPIE_0_testing_grounds
[2022.04.05-12.21.51:411][ 68]LogPlayLevel: PIE: StaticDuplicateObject took: (0.022959s)
[2022.04.05-12.21.51:412][ 68]LogAIModule: Creating AISystem for world testing_grounds
[2022.04.05-12.21.51:412][ 68]LogPlayLevel: PIE: World Init took: (0.000836s)
[2022.04.05-12.21.51:412][ 68]LogPlayLevel: PIE: Created PIE world by copying editor world from /Game/VRTemplate/Maps/testing_grounds.testing_grounds to /Game/VRTemplate/Maps/UEDPIE_0_testing_grounds.testing_grounds (0.023920s)
[2022.04.05-12.21.51:439][ 68]LogUObjectHash: Compacting FUObjectHashTables data took   3.33ms
[2022.04.05-12.21.51:440][ 68]LogAudio: Display: Creating Audio Device:                 Id: 23, Scope: Unique, Realtime: True
[2022.04.05-12.21.51:440][ 68]LogAudioMixer: Display: Audio Mixer Platform Settings:
[2022.04.05-12.21.51:440][ 68]LogAudioMixer: Display: 	Sample Rate:						  48000
[2022.04.05-12.21.51:440][ 68]LogAudioMixer: Display: 	Callback Buffer Frame Size Requested: 1024
[2022.04.05-12.21.51:440][ 68]LogAudioMixer: Display: 	Callback Buffer Frame Size To Use:	  1024
[2022.04.05-12.21.51:440][ 68]LogAudioMixer: Display: 	Number of buffers to queue:			  1
[2022.04.05-12.21.51:440][ 68]LogAudioMixer: Display: 	Max Channels (voices):				  0
[2022.04.05-12.21.51:440][ 68]LogAudioMixer: Display: 	Number of Async Source Workers:		  4
[2022.04.05-12.21.51:440][ 68]LogAudio: Display: AudioDevice MaxSources: 32
[2022.04.05-12.21.51:440][ 68]LogAudio: Display: Audio Spatialization Plugin: Resonance Audio is external send: 1
[2022.04.05-12.21.51:440][ 68]LogAudio: Display: Audio Reverb Plugin: Resonance Audio
[2022.04.05-12.21.51:440][ 68]LogAudio: Display: Audio Occlusion Plugin: None (built-in).
[2022.04.05-12.21.51:440][ 68]LogAudioMixer: Display: Initializing audio mixer.
[2022.04.05-12.21.51:442][ 68]LogAudioMixer: Display: 0: FrontLeft
[2022.04.05-12.21.51:442][ 68]LogAudioMixer: Display: 1: FrontRight
[2022.04.05-12.21.51:448][ 68]LogAudioMixer: Display: Using Audio Device Headphones (Samyang Stereo)
[2022.04.05-12.21.51:449][ 68]LogAudioMixer: Display: Initializing Sound Submixes...
[2022.04.05-12.21.51:449][ 68]LogAudioMixer: Display: Creating Master Submix 'MasterSubmixDefault'
[2022.04.05-12.21.51:449][ 68]LogAudioMixer: Display: Creating Master Submix 'MasterReverbSubmixDefault'
[2022.04.05-12.21.51:449][ 68]LogAudioMixer: Display: Creating Master Submix 'MasterEQSubmixDefault'
[2022.04.05-12.21.51:449][ 68]LogAudioMixer: FMixerPlatformXAudio2::StartAudioStream() called
[2022.04.05-12.21.51:449][ 68]LogAudioMixer: Display: Output buffers initialized: Frames=1024, Channels=2, Samples=2048
[2022.04.05-12.21.51:450][ 68]LogAudioMixer: Display: Starting AudioMixerPlatformInterface::RunInternal()
[2022.04.05-12.21.51:451][ 68]LogAudioMixer: Display: FMixerPlatformXAudio2::SubmitBuffer() called for the first time
[2022.04.05-12.21.51:451][ 68]LogInit: FAudioDevice initialized.
[2022.04.05-12.21.51:451][ 68]LogAudio: Display: Audio Device (ID: 23) registered with world 'testing_grounds'.
[2022.04.05-12.21.51:459][ 68]LogLoad: Game class is 'VRGameMode_C'
[2022.04.05-12.21.51:465][ 68]LogWorld: Bringing World /Game/VRTemplate/Maps/UEDPIE_0_testing_grounds.testing_grounds up for play (max tick rate 60) at 2022.04.05-14.21.51
[2022.04.05-12.21.51:465][ 68]LogWorld: Bringing up level for play took: 0.005780
[2022.04.05-12.21.51:466][ 68]LogOnline: OSS: Creating online subsystem instance for: :Context_31
[2022.04.05-12.21.51:467][ 68]LogSpawn: Warning: SpawnActor failed because no class was specified
[2022.04.05-12.21.51:468][ 68]LogSlate: New Slate User Created.  User Index 8, Is Virtual User: 1
[2022.04.05-12.21.51:469][ 68]LogSlate: Slate User Registered.  User Index 8, Is Virtual User: 1
[2022.04.05-12.21.51:470][ 68]PIE: Server logged in
[2022.04.05-12.21.51:471][ 68]PIE: Play in editor total start time 0,083 seconds.
[2022.04.05-12.21.51:479][ 68]LogResonanceAudio: Display: Resonance Audio Listener is initialized
[2022.04.05-12.21.55:420][302]LogSlate: Updating window title bar state: overlay mode, drag disabled, window buttons hidden, title bar hidden
[2022.04.05-12.21.55:420][302]LogWorld: BeginTearingDown for /Game/VRTemplate/Maps/UEDPIE_0_testing_grounds
[2022.04.05-12.21.55:420][302]LogWorld: UWorld::CleanupWorld for testing_grounds, bSessionEnded=true, bCleanupResources=true
[2022.04.05-12.21.55:421][302]LogSlate: InvalidateAllWidgets triggered.  All widgets were invalidated
[2022.04.05-12.21.55:432][302]LogPlayLevel: Display: Shutting down PIE online subsystems
[2022.04.05-12.21.55:471][302]LogSlate: InvalidateAllWidgets triggered.  All widgets were invalidated
[2022.04.05-12.21.55:497][302]LogAudio: Display: Audio Device unregistered from world 'None'.
[2022.04.05-12.21.55:497][302]LogResonanceAudio: Display: Resonance Audio Listener is shutdown
[2022.04.05-12.21.55:497][302]LogAudioMixer: FMixerPlatformXAudio2::StopAudioStream() called
[2022.04.05-12.21.55:498][302]LogAudioMixer: FMixerPlatformXAudio2::StopAudioStream() called
[2022.04.05-12.21.55:500][302]LogSlate: Updating window title bar state: overlay mode, drag disabled, window buttons hidden, title bar hidden
[2022.04.05-12.21.55:504][302]LogSlate: Slate User Unregistered.  User Index 8
[2022.04.05-12.21.55:504][302]LogSlate: Slate User Destroyed.  User Index 8, Is Virtual User: 1
[2022.04.05-12.21.55:506][302]LogUObjectHash: Compacting FUObjectHashTables data took   2.44ms
[2022.04.05-12.21.55:550][303]LogPlayLevel: Display: Destroying online subsystem :Context_31
[2022.04.05-12.22.14:432][300]BlueprintLog: New page: Compile Suntech_240W_Module1_2_Blueprint
[2022.04.05-12.22.14:474][300]LogUObjectHash: Compacting FUObjectHashTables data took   2.62ms
[2022.04.05-12.22.16:716][432]LogTemp: Repeating last play command: Selected Viewport
[2022.04.05-12.22.16:722][432]LogPlayLevel: PlayLevel: No blueprints needed recompiling
[2022.04.05-12.22.16:722][432]PIE: New page: PIE session: testing_grounds (5. apr. 2022 16.22.16)
[2022.04.05-12.22.16:722][432]LogPlayLevel: Creating play world package: /Game/VRTemplate/Maps/UEDPIE_0_testing_grounds
[2022.04.05-12.22.16:746][432]LogPlayLevel: PIE: StaticDuplicateObject took: (0.023730s)
[2022.04.05-12.22.16:747][432]LogAIModule: Creating AISystem for world testing_grounds
[2022.04.05-12.22.16:747][432]LogPlayLevel: PIE: World Init took: (0.000945s)
[2022.04.05-12.22.16:747][432]LogPlayLevel: PIE: Created PIE world by copying editor world from /Game/VRTemplate/Maps/testing_grounds.testing_grounds to /Game/VRTemplate/Maps/UEDPIE_0_testing_grounds.testing_grounds (0.024812s)
[2022.04.05-12.22.16:774][432]LogUObjectHash: Compacting FUObjectHashTables data took   3.34ms
[2022.04.05-12.22.16:775][432]LogAudio: Display: Creating Audio Device:                 Id: 24, Scope: Unique, Realtime: True
[2022.04.05-12.22.16:775][432]LogAudioMixer: Display: Audio Mixer Platform Settings:
[2022.04.05-12.22.16:775][432]LogAudioMixer: Display: 	Sample Rate:						  48000
[2022.04.05-12.22.16:775][432]LogAudioMixer: Display: 	Callback Buffer Frame Size Requested: 1024
[2022.04.05-12.22.16:775][432]LogAudioMixer: Display: 	Callback Buffer Frame Size To Use:	  1024
[2022.04.05-12.22.16:775][432]LogAudioMixer: Display: 	Number of buffers to queue:			  1
[2022.04.05-12.22.16:775][432]LogAudioMixer: Display: 	Max Channels (voices):				  0
[2022.04.05-12.22.16:775][432]LogAudioMixer: Display: 	Number of Async Source Workers:		  4
[2022.04.05-12.22.16:775][432]LogAudio: Display: AudioDevice MaxSources: 32
[2022.04.05-12.22.16:775][432]LogAudio: Display: Audio Spatialization Plugin: Resonance Audio is external send: 1
[2022.04.05-12.22.16:775][432]LogAudio: Display: Audio Reverb Plugin: Resonance Audio
[2022.04.05-12.22.16:775][432]LogAudio: Display: Audio Occlusion Plugin: None (built-in).
[2022.04.05-12.22.16:775][432]LogAudioMixer: Display: Initializing audio mixer.
[2022.04.05-12.22.16:777][432]LogAudioMixer: Display: 0: FrontLeft
[2022.04.05-12.22.16:777][432]LogAudioMixer: Display: 1: FrontRight
[2022.04.05-12.22.16:784][432]LogAudioMixer: Display: Using Audio Device Headphones (Samyang Stereo)
[2022.04.05-12.22.16:784][432]LogAudioMixer: Display: Initializing Sound Submixes...
[2022.04.05-12.22.16:784][432]LogAudioMixer: Display: Creating Master Submix 'MasterSubmixDefault'
[2022.04.05-12.22.16:784][432]LogAudioMixer: Display: Creating Master Submix 'MasterReverbSubmixDefault'
[2022.04.05-12.22.16:784][432]LogAudioMixer: Display: Creating Master Submix 'MasterEQSubmixDefault'
[2022.04.05-12.22.16:784][432]LogAudioMixer: FMixerPlatformXAudio2::StartAudioStream() called
[2022.04.05-12.22.16:784][432]LogAudioMixer: Display: Output buffers initialized: Frames=1024, Channels=2, Samples=2048
[2022.04.05-12.22.16:785][432]LogAudioMixer: Display: Starting AudioMixerPlatformInterface::RunInternal()
[2022.04.05-12.22.16:785][432]LogAudioMixer: Display: FMixerPlatformXAudio2::SubmitBuffer() called for the first time
[2022.04.05-12.22.16:785][432]LogInit: FAudioDevice initialized.
[2022.04.05-12.22.16:785][432]LogAudio: Display: Audio Device (ID: 24) registered with world 'testing_grounds'.
[2022.04.05-12.22.16:794][432]LogLoad: Game class is 'VRGameMode_C'
[2022.04.05-12.22.16:800][432]LogWorld: Bringing World /Game/VRTemplate/Maps/UEDPIE_0_testing_grounds.testing_grounds up for play (max tick rate 60) at 2022.04.05-14.22.16
[2022.04.05-12.22.16:800][432]LogWorld: Bringing up level for play took: 0.005910
[2022.04.05-12.22.16:800][432]LogOnline: OSS: Creating online subsystem instance for: :Context_32
[2022.04.05-12.22.16:802][432]LogSpawn: Warning: SpawnActor failed because no class was specified
[2022.04.05-12.22.16:803][432]LogSlate: New Slate User Created.  User Index 8, Is Virtual User: 1
[2022.04.05-12.22.16:804][432]LogSlate: Slate User Registered.  User Index 8, Is Virtual User: 1
[2022.04.05-12.22.16:805][432]PIE: Server logged in
[2022.04.05-12.22.16:805][432]PIE: Play in editor total start time 0,084 seconds.
[2022.04.05-12.22.16:814][432]LogResonanceAudio: Display: Resonance Audio Listener is initialized
[2022.04.05-12.22.25:229][934]LogSlate: Updating window title bar state: overlay mode, drag disabled, window buttons hidden, title bar hidden
[2022.04.05-12.22.25:230][934]LogWorld: BeginTearingDown for /Game/VRTemplate/Maps/UEDPIE_0_testing_grounds
[2022.04.05-12.22.25:230][934]LogWorld: UWorld::CleanupWorld for testing_grounds, bSessionEnded=true, bCleanupResources=true
[2022.04.05-12.22.25:231][934]LogSlate: InvalidateAllWidgets triggered.  All widgets were invalidated
[2022.04.05-12.22.25:244][934]LogPlayLevel: Display: Shutting down PIE online subsystems
[2022.04.05-12.22.25:281][934]LogSlate: InvalidateAllWidgets triggered.  All widgets were invalidated
[2022.04.05-12.22.25:306][934]LogAudio: Display: Audio Device unregistered from world 'None'.
[2022.04.05-12.22.25:306][934]LogResonanceAudio: Display: Resonance Audio Listener is shutdown
[2022.04.05-12.22.25:306][934]LogAudioMixer: FMixerPlatformXAudio2::StopAudioStream() called
[2022.04.05-12.22.25:307][934]LogAudioMixer: FMixerPlatformXAudio2::StopAudioStream() called
[2022.04.05-12.22.25:309][934]LogSlate: Updating window title bar state: overlay mode, drag disabled, window buttons hidden, title bar hidden
[2022.04.05-12.22.25:312][934]LogSlate: Slate User Unregistered.  User Index 8
[2022.04.05-12.22.25:312][934]LogSlate: Slate User Destroyed.  User Index 8, Is Virtual User: 1
[2022.04.05-12.22.25:315][934]LogUObjectHash: Compacting FUObjectHashTables data took   2.58ms
[2022.04.05-12.22.25:368][935]LogPlayLevel: Display: Destroying online subsystem :Context_32
[2022.04.05-12.22.45:421][ 19]BlueprintLog: New page: Compile Suntech_240W_Module1_2_Blueprint
[2022.04.05-12.22.45:463][ 19]LogUObjectHash: Compacting FUObjectHashTables data took   2.67ms
[2022.04.05-12.22.57:275][723]LogEditorTransaction: Undo New Value Entered
[2022.04.05-12.23.17:618][927]LogTemp: Repeating last play command: Selected Viewport
[2022.04.05-12.23.17:624][927]LogPlayLevel: PlayLevel: No blueprints needed recompiling
[2022.04.05-12.23.17:624][927]PIE: New page: PIE session: testing_grounds (5. apr. 2022 16.23.17)
[2022.04.05-12.23.17:624][927]LogPlayLevel: Creating play world package: /Game/VRTemplate/Maps/UEDPIE_0_testing_grounds
[2022.04.05-12.23.17:648][927]LogPlayLevel: PIE: StaticDuplicateObject took: (0.023746s)
[2022.04.05-12.23.17:648][927]LogAIModule: Creating AISystem for world testing_grounds
[2022.04.05-12.23.17:649][927]LogPlayLevel: PIE: World Init took: (0.001045s)
[2022.04.05-12.23.17:649][927]LogPlayLevel: PIE: Created PIE world by copying editor world from /Game/VRTemplate/Maps/testing_grounds.testing_grounds to /Game/VRTemplate/Maps/UEDPIE_0_testing_grounds.testing_grounds (0.024929s)
[2022.04.05-12.23.17:677][927]LogUObjectHash: Compacting FUObjectHashTables data took   3.48ms
[2022.04.05-12.23.17:679][927]LogAudio: Display: Creating Audio Device:                 Id: 25, Scope: Unique, Realtime: True
[2022.04.05-12.23.17:679][927]LogAudioMixer: Display: Audio Mixer Platform Settings:
[2022.04.05-12.23.17:679][927]LogAudioMixer: Display: 	Sample Rate:						  48000
[2022.04.05-12.23.17:679][927]LogAudioMixer: Display: 	Callback Buffer Frame Size Requested: 1024
[2022.04.05-12.23.17:679][927]LogAudioMixer: Display: 	Callback Buffer Frame Size To Use:	  1024
[2022.04.05-12.23.17:679][927]LogAudioMixer: Display: 	Number of buffers to queue:			  1
[2022.04.05-12.23.17:679][927]LogAudioMixer: Display: 	Max Channels (voices):				  0
[2022.04.05-12.23.17:679][927]LogAudioMixer: Display: 	Number of Async Source Workers:		  4
[2022.04.05-12.23.17:679][927]LogAudio: Display: AudioDevice MaxSources: 32
[2022.04.05-12.23.17:679][927]LogAudio: Display: Audio Spatialization Plugin: Resonance Audio is external send: 1
[2022.04.05-12.23.17:679][927]LogAudio: Display: Audio Reverb Plugin: Resonance Audio
[2022.04.05-12.23.17:679][927]LogAudio: Display: Audio Occlusion Plugin: None (built-in).
[2022.04.05-12.23.17:679][927]LogAudioMixer: Display: Initializing audio mixer.
[2022.04.05-12.23.17:681][927]LogAudioMixer: Display: 0: FrontLeft
[2022.04.05-12.23.17:681][927]LogAudioMixer: Display: 1: FrontRight
[2022.04.05-12.23.17:687][927]LogAudioMixer: Display: Using Audio Device Headphones (Samyang Stereo)
[2022.04.05-12.23.17:688][927]LogAudioMixer: Display: Initializing Sound Submixes...
[2022.04.05-12.23.17:688][927]LogAudioMixer: Display: Creating Master Submix 'MasterSubmixDefault'
[2022.04.05-12.23.17:688][927]LogAudioMixer: Display: Creating Master Submix 'MasterReverbSubmixDefault'
[2022.04.05-12.23.17:688][927]LogAudioMixer: Display: Creating Master Submix 'MasterEQSubmixDefault'
[2022.04.05-12.23.17:688][927]LogAudioMixer: FMixerPlatformXAudio2::StartAudioStream() called
[2022.04.05-12.23.17:688][927]LogAudioMixer: Display: Output buffers initialized: Frames=1024, Channels=2, Samples=2048
[2022.04.05-12.23.17:690][927]LogAudioMixer: Display: Starting AudioMixerPlatformInterface::RunInternal()
[2022.04.05-12.23.17:690][927]LogAudioMixer: Display: FMixerPlatformXAudio2::SubmitBuffer() called for the first time
[2022.04.05-12.23.17:690][927]LogInit: FAudioDevice initialized.
[2022.04.05-12.23.17:690][927]LogAudio: Display: Audio Device (ID: 25) registered with world 'testing_grounds'.
[2022.04.05-12.23.17:700][927]LogLoad: Game class is 'VRGameMode_C'
[2022.04.05-12.23.17:706][927]LogWorld: Bringing World /Game/VRTemplate/Maps/UEDPIE_0_testing_grounds.testing_grounds up for play (max tick rate 60) at 2022.04.05-14.23.17
[2022.04.05-12.23.17:706][927]LogWorld: Bringing up level for play took: 0.005937
[2022.04.05-12.23.17:706][927]LogOnline: OSS: Creating online subsystem instance for: :Context_33
[2022.04.05-12.23.17:708][927]LogSpawn: Warning: SpawnActor failed because no class was specified
[2022.04.05-12.23.17:709][927]LogSlate: New Slate User Created.  User Index 8, Is Virtual User: 1
[2022.04.05-12.23.17:710][927]LogSlate: Slate User Registered.  User Index 8, Is Virtual User: 1
[2022.04.05-12.23.17:711][927]PIE: Server logged in
[2022.04.05-12.23.17:711][927]PIE: Play in editor total start time 0,088 seconds.
[2022.04.05-12.23.17:721][927]LogResonanceAudio: Display: Resonance Audio Listener is initialized
[2022.04.05-12.23.22:409][206]LogSlate: Updating window title bar state: overlay mode, drag disabled, window buttons hidden, title bar hidden
[2022.04.05-12.23.22:409][206]LogWorld: BeginTearingDown for /Game/VRTemplate/Maps/UEDPIE_0_testing_grounds
[2022.04.05-12.23.22:410][206]LogWorld: UWorld::CleanupWorld for testing_grounds, bSessionEnded=true, bCleanupResources=true
[2022.04.05-12.23.22:411][206]LogSlate: InvalidateAllWidgets triggered.  All widgets were invalidated
[2022.04.05-12.23.22:422][206]LogPlayLevel: Display: Shutting down PIE online subsystems
[2022.04.05-12.23.22:460][206]LogSlate: InvalidateAllWidgets triggered.  All widgets were invalidated
[2022.04.05-12.23.22:484][206]LogAudio: Display: Audio Device unregistered from world 'None'.
[2022.04.05-12.23.22:485][206]LogResonanceAudio: Display: Resonance Audio Listener is shutdown
[2022.04.05-12.23.22:485][206]LogAudioMixer: FMixerPlatformXAudio2::StopAudioStream() called
[2022.04.05-12.23.22:486][206]LogAudioMixer: FMixerPlatformXAudio2::StopAudioStream() called
[2022.04.05-12.23.22:488][206]LogSlate: Updating window title bar state: overlay mode, drag disabled, window buttons hidden, title bar hidden
[2022.04.05-12.23.22:491][206]LogSlate: Slate User Unregistered.  User Index 8
[2022.04.05-12.23.22:491][206]LogSlate: Slate User Destroyed.  User Index 8, Is Virtual User: 1
[2022.04.05-12.23.22:494][206]LogUObjectHash: Compacting FUObjectHashTables data took   2.46ms
[2022.04.05-12.23.22:537][207]LogPlayLevel: Display: Destroying online subsystem :Context_33
[2022.04.05-12.23.51:488][770]BlueprintLog: New page: Compile Suntech_240W_Module1_2_Blueprint
[2022.04.05-12.23.51:530][770]LogUObjectHash: Compacting FUObjectHashTables data took   2.86ms
[2022.04.05-12.23.53:336][876]LogTemp: Repeating last play command: Selected Viewport
[2022.04.05-12.23.53:342][876]LogPlayLevel: PlayLevel: No blueprints needed recompiling
[2022.04.05-12.23.53:342][876]PIE: New page: PIE session: testing_grounds (5. apr. 2022 16.23.53)
[2022.04.05-12.23.53:342][876]LogPlayLevel: Creating play world package: /Game/VRTemplate/Maps/UEDPIE_0_testing_grounds
[2022.04.05-12.23.53:365][876]LogPlayLevel: PIE: StaticDuplicateObject took: (0.022918s)
[2022.04.05-12.23.53:366][876]LogAIModule: Creating AISystem for world testing_grounds
[2022.04.05-12.23.53:366][876]LogPlayLevel: PIE: World Init took: (0.000811s)
[2022.04.05-12.23.53:366][876]LogPlayLevel: PIE: Created PIE world by copying editor world from /Game/VRTemplate/Maps/testing_grounds.testing_grounds to /Game/VRTemplate/Maps/UEDPIE_0_testing_grounds.testing_grounds (0.023846s)
[2022.04.05-12.23.53:393][876]LogUObjectHash: Compacting FUObjectHashTables data took   3.32ms
[2022.04.05-12.23.53:394][876]LogAudio: Display: Creating Audio Device:                 Id: 26, Scope: Unique, Realtime: True
[2022.04.05-12.23.53:394][876]LogAudioMixer: Display: Audio Mixer Platform Settings:
[2022.04.05-12.23.53:394][876]LogAudioMixer: Display: 	Sample Rate:						  48000
[2022.04.05-12.23.53:394][876]LogAudioMixer: Display: 	Callback Buffer Frame Size Requested: 1024
[2022.04.05-12.23.53:394][876]LogAudioMixer: Display: 	Callback Buffer Frame Size To Use:	  1024
[2022.04.05-12.23.53:394][876]LogAudioMixer: Display: 	Number of buffers to queue:			  1
[2022.04.05-12.23.53:394][876]LogAudioMixer: Display: 	Max Channels (voices):				  0
[2022.04.05-12.23.53:394][876]LogAudioMixer: Display: 	Number of Async Source Workers:		  4
[2022.04.05-12.23.53:394][876]LogAudio: Display: AudioDevice MaxSources: 32
[2022.04.05-12.23.53:394][876]LogAudio: Display: Audio Spatialization Plugin: Resonance Audio is external send: 1
[2022.04.05-12.23.53:394][876]LogAudio: Display: Audio Reverb Plugin: Resonance Audio
[2022.04.05-12.23.53:394][876]LogAudio: Display: Audio Occlusion Plugin: None (built-in).
[2022.04.05-12.23.53:394][876]LogAudioMixer: Display: Initializing audio mixer.
[2022.04.05-12.23.53:396][876]LogAudioMixer: Display: 0: FrontLeft
[2022.04.05-12.23.53:396][876]LogAudioMixer: Display: 1: FrontRight
[2022.04.05-12.23.53:402][876]LogAudioMixer: Display: Using Audio Device Headphones (Samyang Stereo)
[2022.04.05-12.23.53:402][876]LogAudioMixer: Display: Initializing Sound Submixes...
[2022.04.05-12.23.53:402][876]LogAudioMixer: Display: Creating Master Submix 'MasterSubmixDefault'
[2022.04.05-12.23.53:402][876]LogAudioMixer: Display: Creating Master Submix 'MasterReverbSubmixDefault'
[2022.04.05-12.23.53:403][876]LogAudioMixer: Display: Creating Master Submix 'MasterEQSubmixDefault'
[2022.04.05-12.23.53:403][876]LogAudioMixer: FMixerPlatformXAudio2::StartAudioStream() called
[2022.04.05-12.23.53:403][876]LogAudioMixer: Display: Output buffers initialized: Frames=1024, Channels=2, Samples=2048
[2022.04.05-12.23.53:404][876]LogAudioMixer: Display: Starting AudioMixerPlatformInterface::RunInternal()
[2022.04.05-12.23.53:404][876]LogAudioMixer: Display: FMixerPlatformXAudio2::SubmitBuffer() called for the first time
[2022.04.05-12.23.53:404][876]LogInit: FAudioDevice initialized.
[2022.04.05-12.23.53:404][876]LogAudio: Display: Audio Device (ID: 26) registered with world 'testing_grounds'.
[2022.04.05-12.23.53:415][876]LogLoad: Game class is 'VRGameMode_C'
[2022.04.05-12.23.53:421][876]LogWorld: Bringing World /Game/VRTemplate/Maps/UEDPIE_0_testing_grounds.testing_grounds up for play (max tick rate 60) at 2022.04.05-14.23.53
[2022.04.05-12.23.53:422][876]LogWorld: Bringing up level for play took: 0.006017
[2022.04.05-12.23.53:422][876]LogOnline: OSS: Creating online subsystem instance for: :Context_34
[2022.04.05-12.23.53:424][876]LogSpawn: Warning: SpawnActor failed because no class was specified
[2022.04.05-12.23.53:424][876]LogSlate: New Slate User Created.  User Index 8, Is Virtual User: 1
[2022.04.05-12.23.53:425][876]LogSlate: Slate User Registered.  User Index 8, Is Virtual User: 1
[2022.04.05-12.23.53:426][876]PIE: Server logged in
[2022.04.05-12.23.53:427][876]PIE: Play in editor total start time 0,086 seconds.
[2022.04.05-12.23.53:436][876]LogResonanceAudio: Display: Resonance Audio Listener is initialized
[2022.04.05-12.23.58:289][165]LogSlate: Updating window title bar state: overlay mode, drag disabled, window buttons hidden, title bar hidden
[2022.04.05-12.23.58:290][165]LogWorld: BeginTearingDown for /Game/VRTemplate/Maps/UEDPIE_0_testing_grounds
[2022.04.05-12.23.58:290][165]LogWorld: UWorld::CleanupWorld for testing_grounds, bSessionEnded=true, bCleanupResources=true
[2022.04.05-12.23.58:291][165]LogSlate: InvalidateAllWidgets triggered.  All widgets were invalidated
[2022.04.05-12.23.58:303][165]LogPlayLevel: Display: Shutting down PIE online subsystems
[2022.04.05-12.23.58:340][165]LogSlate: InvalidateAllWidgets triggered.  All widgets were invalidated
[2022.04.05-12.23.58:365][165]LogAudio: Display: Audio Device unregistered from world 'None'.
[2022.04.05-12.23.58:366][165]LogResonanceAudio: Display: Resonance Audio Listener is shutdown
[2022.04.05-12.23.58:366][165]LogAudioMixer: FMixerPlatformXAudio2::StopAudioStream() called
[2022.04.05-12.23.58:367][165]LogAudioMixer: FMixerPlatformXAudio2::StopAudioStream() called
[2022.04.05-12.23.58:369][165]LogSlate: Updating window title bar state: overlay mode, drag disabled, window buttons hidden, title bar hidden
[2022.04.05-12.23.58:372][165]LogSlate: Slate User Unregistered.  User Index 8
[2022.04.05-12.23.58:372][165]LogSlate: Slate User Destroyed.  User Index 8, Is Virtual User: 1
[2022.04.05-12.23.58:375][165]LogUObjectHash: Compacting FUObjectHashTables data took   2.50ms
[2022.04.05-12.23.58:418][166]LogPlayLevel: Display: Destroying online subsystem :Context_34
[2022.04.05-12.24.10:989][783]BlueprintLog: New page: Compile Suntech_240W_Module1_2_Blueprint
[2022.04.05-12.24.11:031][783]LogUObjectHash: Compacting FUObjectHashTables data took   2.87ms
[2022.04.05-12.24.13:208][910]LogTemp: Repeating last play command: Selected Viewport
[2022.04.05-12.24.13:214][910]LogPlayLevel: PlayLevel: No blueprints needed recompiling
[2022.04.05-12.24.13:214][910]PIE: New page: PIE session: testing_grounds (5. apr. 2022 16.24.13)
[2022.04.05-12.24.13:214][910]LogPlayLevel: Creating play world package: /Game/VRTemplate/Maps/UEDPIE_0_testing_grounds
[2022.04.05-12.24.13:238][910]LogPlayLevel: PIE: StaticDuplicateObject took: (0.023220s)
[2022.04.05-12.24.13:238][910]LogAIModule: Creating AISystem for world testing_grounds
[2022.04.05-12.24.13:238][910]LogPlayLevel: PIE: World Init took: (0.000831s)
[2022.04.05-12.24.13:238][910]LogPlayLevel: PIE: Created PIE world by copying editor world from /Game/VRTemplate/Maps/testing_grounds.testing_grounds to /Game/VRTemplate/Maps/UEDPIE_0_testing_grounds.testing_grounds (0.024165s)
[2022.04.05-12.24.13:267][910]LogUObjectHash: Compacting FUObjectHashTables data took   3.57ms
[2022.04.05-12.24.13:268][910]LogAudio: Display: Creating Audio Device:                 Id: 27, Scope: Unique, Realtime: True
[2022.04.05-12.24.13:268][910]LogAudioMixer: Display: Audio Mixer Platform Settings:
[2022.04.05-12.24.13:268][910]LogAudioMixer: Display: 	Sample Rate:						  48000
[2022.04.05-12.24.13:268][910]LogAudioMixer: Display: 	Callback Buffer Frame Size Requested: 1024
[2022.04.05-12.24.13:268][910]LogAudioMixer: Display: 	Callback Buffer Frame Size To Use:	  1024
[2022.04.05-12.24.13:268][910]LogAudioMixer: Display: 	Number of buffers to queue:			  1
[2022.04.05-12.24.13:268][910]LogAudioMixer: Display: 	Max Channels (voices):				  0
[2022.04.05-12.24.13:268][910]LogAudioMixer: Display: 	Number of Async Source Workers:		  4
[2022.04.05-12.24.13:268][910]LogAudio: Display: AudioDevice MaxSources: 32
[2022.04.05-12.24.13:268][910]LogAudio: Display: Audio Spatialization Plugin: Resonance Audio is external send: 1
[2022.04.05-12.24.13:268][910]LogAudio: Display: Audio Reverb Plugin: Resonance Audio
[2022.04.05-12.24.13:268][910]LogAudio: Display: Audio Occlusion Plugin: None (built-in).
[2022.04.05-12.24.13:268][910]LogAudioMixer: Display: Initializing audio mixer.
[2022.04.05-12.24.13:270][910]LogAudioMixer: Display: 0: FrontLeft
[2022.04.05-12.24.13:270][910]LogAudioMixer: Display: 1: FrontRight
[2022.04.05-12.24.13:277][910]LogAudioMixer: Display: Using Audio Device Headphones (Samyang Stereo)
[2022.04.05-12.24.13:277][910]LogAudioMixer: Display: Initializing Sound Submixes...
[2022.04.05-12.24.13:277][910]LogAudioMixer: Display: Creating Master Submix 'MasterSubmixDefault'
[2022.04.05-12.24.13:277][910]LogAudioMixer: Display: Creating Master Submix 'MasterReverbSubmixDefault'
[2022.04.05-12.24.13:277][910]LogAudioMixer: Display: Creating Master Submix 'MasterEQSubmixDefault'
[2022.04.05-12.24.13:277][910]LogAudioMixer: FMixerPlatformXAudio2::StartAudioStream() called
[2022.04.05-12.24.13:277][910]LogAudioMixer: Display: Output buffers initialized: Frames=1024, Channels=2, Samples=2048
[2022.04.05-12.24.13:278][910]LogAudioMixer: Display: Starting AudioMixerPlatformInterface::RunInternal()
[2022.04.05-12.24.13:278][910]LogAudioMixer: Display: FMixerPlatformXAudio2::SubmitBuffer() called for the first time
[2022.04.05-12.24.13:278][910]LogInit: FAudioDevice initialized.
[2022.04.05-12.24.13:278][910]LogAudio: Display: Audio Device (ID: 27) registered with world 'testing_grounds'.
[2022.04.05-12.24.13:285][910]LogLoad: Game class is 'VRGameMode_C'
[2022.04.05-12.24.13:291][910]LogWorld: Bringing World /Game/VRTemplate/Maps/UEDPIE_0_testing_grounds.testing_grounds up for play (max tick rate 60) at 2022.04.05-14.24.13
[2022.04.05-12.24.13:292][910]LogWorld: Bringing up level for play took: 0.005948
[2022.04.05-12.24.13:292][910]LogOnline: OSS: Creating online subsystem instance for: :Context_35
[2022.04.05-12.24.13:293][910]LogSpawn: Warning: SpawnActor failed because no class was specified
[2022.04.05-12.24.13:294][910]LogSlate: New Slate User Created.  User Index 8, Is Virtual User: 1
[2022.04.05-12.24.13:295][910]LogSlate: Slate User Registered.  User Index 8, Is Virtual User: 1
[2022.04.05-12.24.13:296][910]PIE: Server logged in
[2022.04.05-12.24.13:297][910]PIE: Play in editor total start time 0,083 seconds.
[2022.04.05-12.24.13:306][910]LogResonanceAudio: Display: Resonance Audio Listener is initialized
[2022.04.05-12.24.21:809][418]LogSlate: Updating window title bar state: overlay mode, drag disabled, window buttons hidden, title bar hidden
[2022.04.05-12.24.21:809][418]LogWorld: BeginTearingDown for /Game/VRTemplate/Maps/UEDPIE_0_testing_grounds
[2022.04.05-12.24.21:810][418]LogWorld: UWorld::CleanupWorld for testing_grounds, bSessionEnded=true, bCleanupResources=true
[2022.04.05-12.24.21:811][418]LogSlate: InvalidateAllWidgets triggered.  All widgets were invalidated
[2022.04.05-12.24.21:820][418]LogPlayLevel: Display: Shutting down PIE online subsystems
[2022.04.05-12.24.21:857][418]LogSlate: InvalidateAllWidgets triggered.  All widgets were invalidated
[2022.04.05-12.24.21:883][418]LogAudio: Display: Audio Device unregistered from world 'None'.
[2022.04.05-12.24.21:883][418]LogResonanceAudio: Display: Resonance Audio Listener is shutdown
[2022.04.05-12.24.21:883][418]LogAudioMixer: FMixerPlatformXAudio2::StopAudioStream() called
[2022.04.05-12.24.21:884][418]LogAudioMixer: FMixerPlatformXAudio2::StopAudioStream() called
[2022.04.05-12.24.21:886][418]LogSlate: Updating window title bar state: overlay mode, drag disabled, window buttons hidden, title bar hidden
[2022.04.05-12.24.21:890][418]LogSlate: Slate User Unregistered.  User Index 8
[2022.04.05-12.24.21:890][418]LogSlate: Slate User Destroyed.  User Index 8, Is Virtual User: 1
[2022.04.05-12.24.21:893][418]LogUObjectHash: Compacting FUObjectHashTables data took   3.02ms
[2022.04.05-12.24.21:934][419]LogPlayLevel: Display: Destroying online subsystem :Context_35
[2022.04.05-12.24.52:241][171]BlueprintLog: New page: Compile Suntech_240W_Module1_2_Blueprint
[2022.04.05-12.24.52:282][171]LogUObjectHash: Compacting FUObjectHashTables data took   2.80ms
[2022.04.05-12.24.54:424][297]LogTemp: Repeating last play command: Selected Viewport
[2022.04.05-12.24.54:430][297]LogPlayLevel: PlayLevel: No blueprints needed recompiling
[2022.04.05-12.24.54:430][297]PIE: New page: PIE session: testing_grounds (5. apr. 2022 16.24.54)
[2022.04.05-12.24.54:430][297]LogPlayLevel: Creating play world package: /Game/VRTemplate/Maps/UEDPIE_0_testing_grounds
[2022.04.05-12.24.54:453][297]LogPlayLevel: PIE: StaticDuplicateObject took: (0.023119s)
[2022.04.05-12.24.54:454][297]LogAIModule: Creating AISystem for world testing_grounds
[2022.04.05-12.24.54:454][297]LogPlayLevel: PIE: World Init took: (0.001000s)
[2022.04.05-12.24.54:455][297]LogPlayLevel: PIE: Created PIE world by copying editor world from /Game/VRTemplate/Maps/testing_grounds.testing_grounds to /Game/VRTemplate/Maps/UEDPIE_0_testing_grounds.testing_grounds (0.024258s)
[2022.04.05-12.24.54:482][297]LogUObjectHash: Compacting FUObjectHashTables data took   3.28ms
[2022.04.05-12.24.54:483][297]LogAudio: Display: Creating Audio Device:                 Id: 28, Scope: Unique, Realtime: True
[2022.04.05-12.24.54:483][297]LogAudioMixer: Display: Audio Mixer Platform Settings:
[2022.04.05-12.24.54:483][297]LogAudioMixer: Display: 	Sample Rate:						  48000
[2022.04.05-12.24.54:483][297]LogAudioMixer: Display: 	Callback Buffer Frame Size Requested: 1024
[2022.04.05-12.24.54:483][297]LogAudioMixer: Display: 	Callback Buffer Frame Size To Use:	  1024
[2022.04.05-12.24.54:483][297]LogAudioMixer: Display: 	Number of buffers to queue:			  1
[2022.04.05-12.24.54:483][297]LogAudioMixer: Display: 	Max Channels (voices):				  0
[2022.04.05-12.24.54:483][297]LogAudioMixer: Display: 	Number of Async Source Workers:		  4
[2022.04.05-12.24.54:483][297]LogAudio: Display: AudioDevice MaxSources: 32
[2022.04.05-12.24.54:484][297]LogAudio: Display: Audio Spatialization Plugin: Resonance Audio is external send: 1
[2022.04.05-12.24.54:484][297]LogAudio: Display: Audio Reverb Plugin: Resonance Audio
[2022.04.05-12.24.54:484][297]LogAudio: Display: Audio Occlusion Plugin: None (built-in).
[2022.04.05-12.24.54:484][297]LogAudioMixer: Display: Initializing audio mixer.
[2022.04.05-12.24.54:486][297]LogAudioMixer: Display: 0: FrontLeft
[2022.04.05-12.24.54:486][297]LogAudioMixer: Display: 1: FrontRight
[2022.04.05-12.24.54:492][297]LogAudioMixer: Display: Using Audio Device Headphones (Samyang Stereo)
[2022.04.05-12.24.54:492][297]LogAudioMixer: Display: Initializing Sound Submixes...
[2022.04.05-12.24.54:492][297]LogAudioMixer: Display: Creating Master Submix 'MasterSubmixDefault'
[2022.04.05-12.24.54:492][297]LogAudioMixer: Display: Creating Master Submix 'MasterReverbSubmixDefault'
[2022.04.05-12.24.54:493][297]LogAudioMixer: Display: Creating Master Submix 'MasterEQSubmixDefault'
[2022.04.05-12.24.54:493][297]LogAudioMixer: FMixerPlatformXAudio2::StartAudioStream() called
[2022.04.05-12.24.54:493][297]LogAudioMixer: Display: Output buffers initialized: Frames=1024, Channels=2, Samples=2048
[2022.04.05-12.24.54:494][297]LogAudioMixer: Display: Starting AudioMixerPlatformInterface::RunInternal()
[2022.04.05-12.24.54:494][297]LogAudioMixer: Display: FMixerPlatformXAudio2::SubmitBuffer() called for the first time
[2022.04.05-12.24.54:494][297]LogInit: FAudioDevice initialized.
[2022.04.05-12.24.54:494][297]LogAudio: Display: Audio Device (ID: 28) registered with world 'testing_grounds'.
[2022.04.05-12.24.54:503][297]LogLoad: Game class is 'VRGameMode_C'
[2022.04.05-12.24.54:509][297]LogWorld: Bringing World /Game/VRTemplate/Maps/UEDPIE_0_testing_grounds.testing_grounds up for play (max tick rate 60) at 2022.04.05-14.24.54
[2022.04.05-12.24.54:509][297]LogWorld: Bringing up level for play took: 0.005845
[2022.04.05-12.24.54:509][297]LogOnline: OSS: Creating online subsystem instance for: :Context_36
[2022.04.05-12.24.54:511][297]LogSpawn: Warning: SpawnActor failed because no class was specified
[2022.04.05-12.24.54:511][297]LogSlate: New Slate User Created.  User Index 8, Is Virtual User: 1
[2022.04.05-12.24.54:512][297]LogSlate: Slate User Registered.  User Index 8, Is Virtual User: 1
[2022.04.05-12.24.54:513][297]PIE: Server logged in
[2022.04.05-12.24.54:514][297]PIE: Play in editor total start time 0,084 seconds.
[2022.04.05-12.24.54:523][297]LogResonanceAudio: Display: Resonance Audio Listener is initialized
[2022.04.05-12.24.59:209][576]LogSlate: Updating window title bar state: overlay mode, drag disabled, window buttons hidden, title bar hidden
[2022.04.05-12.24.59:209][576]LogWorld: BeginTearingDown for /Game/VRTemplate/Maps/UEDPIE_0_testing_grounds
[2022.04.05-12.24.59:210][576]LogWorld: UWorld::CleanupWorld for testing_grounds, bSessionEnded=true, bCleanupResources=true
[2022.04.05-12.24.59:211][576]LogSlate: InvalidateAllWidgets triggered.  All widgets were invalidated
[2022.04.05-12.24.59:220][576]LogPlayLevel: Display: Shutting down PIE online subsystems
[2022.04.05-12.24.59:257][576]LogSlate: InvalidateAllWidgets triggered.  All widgets were invalidated
[2022.04.05-12.24.59:283][576]LogAudio: Display: Audio Device unregistered from world 'None'.
[2022.04.05-12.24.59:283][576]LogResonanceAudio: Display: Resonance Audio Listener is shutdown
[2022.04.05-12.24.59:283][576]LogAudioMixer: FMixerPlatformXAudio2::StopAudioStream() called
[2022.04.05-12.24.59:284][576]LogAudioMixer: FMixerPlatformXAudio2::StopAudioStream() called
[2022.04.05-12.24.59:286][576]LogSlate: Updating window title bar state: overlay mode, drag disabled, window buttons hidden, title bar hidden
[2022.04.05-12.24.59:290][576]LogSlate: Slate User Unregistered.  User Index 8
[2022.04.05-12.24.59:290][576]LogSlate: Slate User Destroyed.  User Index 8, Is Virtual User: 1
[2022.04.05-12.24.59:292][576]LogUObjectHash: Compacting FUObjectHashTables data took   2.66ms
[2022.04.05-12.24.59:334][577]LogPlayLevel: Display: Destroying online subsystem :Context_36
[2022.04.05-12.26.30:973][650]LogEditorViewport: Clicking on Actor (LMB): Suntech_240W_Module1_2_Blueprint_C (Suntech_240W_Module1_2_Blueprint)
[2022.04.05-12.26.39:673][167]LogTemp: Repeating last play command: Selected Viewport
[2022.04.05-12.26.39:678][167]LogPlayLevel: PlayLevel: No blueprints needed recompiling
[2022.04.05-12.26.39:678][167]PIE: New page: PIE session: testing_grounds (5. apr. 2022 16.26.39)
[2022.04.05-12.26.39:699][167]LogPlayLevel: Creating play world package: /Game/VRTemplate/Maps/UEDPIE_0_testing_grounds
[2022.04.05-12.26.39:725][167]LogPlayLevel: PIE: StaticDuplicateObject took: (0.026594s)
[2022.04.05-12.26.39:726][167]LogAIModule: Creating AISystem for world testing_grounds
[2022.04.05-12.26.39:726][167]LogPlayLevel: PIE: World Init took: (0.000996s)
[2022.04.05-12.26.39:726][167]LogPlayLevel: PIE: Created PIE world by copying editor world from /Game/VRTemplate/Maps/testing_grounds.testing_grounds to /Game/VRTemplate/Maps/UEDPIE_0_testing_grounds.testing_grounds (0.027766s)
[2022.04.05-12.26.39:754][167]LogUObjectHash: Compacting FUObjectHashTables data took   2.46ms
[2022.04.05-12.26.39:757][167]LogAudio: Display: Creating Audio Device:                 Id: 29, Scope: Unique, Realtime: True
[2022.04.05-12.26.39:757][167]LogAudioMixer: Display: Audio Mixer Platform Settings:
[2022.04.05-12.26.39:757][167]LogAudioMixer: Display: 	Sample Rate:						  48000
[2022.04.05-12.26.39:757][167]LogAudioMixer: Display: 	Callback Buffer Frame Size Requested: 1024
[2022.04.05-12.26.39:757][167]LogAudioMixer: Display: 	Callback Buffer Frame Size To Use:	  1024
[2022.04.05-12.26.39:757][167]LogAudioMixer: Display: 	Number of buffers to queue:			  1
[2022.04.05-12.26.39:757][167]LogAudioMixer: Display: 	Max Channels (voices):				  0
[2022.04.05-12.26.39:757][167]LogAudioMixer: Display: 	Number of Async Source Workers:		  4
[2022.04.05-12.26.39:757][167]LogAudio: Display: AudioDevice MaxSources: 32
[2022.04.05-12.26.39:758][167]LogAudio: Display: Audio Spatialization Plugin: Resonance Audio is external send: 1
[2022.04.05-12.26.39:758][167]LogAudio: Display: Audio Reverb Plugin: Resonance Audio
[2022.04.05-12.26.39:758][167]LogAudio: Display: Audio Occlusion Plugin: None (built-in).
[2022.04.05-12.26.39:758][167]LogAudioMixer: Display: Initializing audio mixer.
[2022.04.05-12.26.39:760][167]LogAudioMixer: Display: 0: FrontLeft
[2022.04.05-12.26.39:760][167]LogAudioMixer: Display: 1: FrontRight
[2022.04.05-12.26.39:766][167]LogAudioMixer: Display: Using Audio Device Headphones (Samyang Stereo)
[2022.04.05-12.26.39:766][167]LogAudioMixer: Display: Initializing Sound Submixes...
[2022.04.05-12.26.39:766][167]LogAudioMixer: Display: Creating Master Submix 'MasterSubmixDefault'
[2022.04.05-12.26.39:766][167]LogAudioMixer: Display: Creating Master Submix 'MasterReverbSubmixDefault'
[2022.04.05-12.26.39:767][167]LogAudioMixer: Display: Creating Master Submix 'MasterEQSubmixDefault'
[2022.04.05-12.26.39:767][167]LogAudioMixer: FMixerPlatformXAudio2::StartAudioStream() called
[2022.04.05-12.26.39:767][167]LogAudioMixer: Display: Output buffers initialized: Frames=1024, Channels=2, Samples=2048
[2022.04.05-12.26.39:768][167]LogAudioMixer: Display: Starting AudioMixerPlatformInterface::RunInternal()
[2022.04.05-12.26.39:768][167]LogAudioMixer: Display: FMixerPlatformXAudio2::SubmitBuffer() called for the first time
[2022.04.05-12.26.39:768][167]LogInit: FAudioDevice initialized.
[2022.04.05-12.26.39:768][167]LogAudio: Display: Audio Device (ID: 29) registered with world 'testing_grounds'.
[2022.04.05-12.26.39:776][167]LogLoad: Game class is 'VRGameMode_C'
[2022.04.05-12.26.39:782][167]LogWorld: Bringing World /Game/VRTemplate/Maps/UEDPIE_0_testing_grounds.testing_grounds up for play (max tick rate 60) at 2022.04.05-14.26.39
[2022.04.05-12.26.39:782][167]LogWorld: Bringing up level for play took: 0.005920
[2022.04.05-12.26.39:782][167]LogOnline: OSS: Creating online subsystem instance for: :Context_37
[2022.04.05-12.26.39:784][167]LogSpawn: Warning: SpawnActor failed because no class was specified
[2022.04.05-12.26.39:785][167]LogSlate: New Slate User Created.  User Index 8, Is Virtual User: 1
[2022.04.05-12.26.39:786][167]LogSlate: Slate User Registered.  User Index 8, Is Virtual User: 1
[2022.04.05-12.26.39:787][167]PIE: Server logged in
[2022.04.05-12.26.39:788][167]PIE: Play in editor total start time 0,11 seconds.
[2022.04.05-12.26.39:797][167]LogResonanceAudio: Display: Resonance Audio Listener is initialized
[2022.04.05-12.26.41:189][249]LogSlate: Updating window title bar state: overlay mode, drag disabled, window buttons hidden, title bar hidden
[2022.04.05-12.26.41:189][249]LogWorld: BeginTearingDown for /Game/VRTemplate/Maps/UEDPIE_0_testing_grounds
[2022.04.05-12.26.41:190][249]LogWorld: UWorld::CleanupWorld for testing_grounds, bSessionEnded=true, bCleanupResources=true
[2022.04.05-12.26.41:191][249]LogSlate: InvalidateAllWidgets triggered.  All widgets were invalidated
[2022.04.05-12.26.41:203][249]LogPlayLevel: Display: Shutting down PIE online subsystems
[2022.04.05-12.26.41:222][249]LogSlate: InvalidateAllWidgets triggered.  All widgets were invalidated
[2022.04.05-12.26.41:246][249]LogAudio: Display: Audio Device unregistered from world 'None'.
[2022.04.05-12.26.41:246][249]LogResonanceAudio: Display: Resonance Audio Listener is shutdown
[2022.04.05-12.26.41:247][249]LogAudioMixer: FMixerPlatformXAudio2::StopAudioStream() called
[2022.04.05-12.26.41:248][249]LogAudioMixer: FMixerPlatformXAudio2::StopAudioStream() called
[2022.04.05-12.26.41:250][249]LogSlate: Updating window title bar state: overlay mode, drag disabled, window buttons hidden, title bar hidden
[2022.04.05-12.26.41:251][249]LogSlate: Slate User Unregistered.  User Index 8
[2022.04.05-12.26.41:251][249]LogSlate: Slate User Destroyed.  User Index 8, Is Virtual User: 1
[2022.04.05-12.26.41:254][249]LogUObjectHash: Compacting FUObjectHashTables data took   2.51ms
[2022.04.05-12.26.41:287][250]LogPlayLevel: Display: Destroying online subsystem :Context_37
[2022.04.05-12.26.57:124][199]LogTemp: Repeating last play command: Selected Viewport
[2022.04.05-12.26.57:131][199]LogPlayLevel: PlayLevel: No blueprints needed recompiling
[2022.04.05-12.26.57:131][199]PIE: New page: PIE session: testing_grounds (5. apr. 2022 16.26.57)
[2022.04.05-12.26.57:169][199]LogPlayLevel: Creating play world package: /Game/VRTemplate/Maps/UEDPIE_0_testing_grounds
[2022.04.05-12.26.57:195][199]LogPlayLevel: PIE: StaticDuplicateObject took: (0.025933s)
[2022.04.05-12.26.57:195][199]LogAIModule: Creating AISystem for world testing_grounds
[2022.04.05-12.26.57:196][199]LogPlayLevel: PIE: World Init took: (0.000960s)
[2022.04.05-12.26.57:196][199]LogPlayLevel: PIE: Created PIE world by copying editor world from /Game/VRTemplate/Maps/testing_grounds.testing_grounds to /Game/VRTemplate/Maps/UEDPIE_0_testing_grounds.testing_grounds (0.027058s)
[2022.04.05-12.26.57:222][199]LogUObjectHash: Compacting FUObjectHashTables data took   2.49ms
[2022.04.05-12.26.57:225][199]LogAudio: Display: Creating Audio Device:                 Id: 30, Scope: Unique, Realtime: True
[2022.04.05-12.26.57:225][199]LogAudioMixer: Display: Audio Mixer Platform Settings:
[2022.04.05-12.26.57:225][199]LogAudioMixer: Display: 	Sample Rate:						  48000
[2022.04.05-12.26.57:226][199]LogAudioMixer: Display: 	Callback Buffer Frame Size Requested: 1024
[2022.04.05-12.26.57:226][199]LogAudioMixer: Display: 	Callback Buffer Frame Size To Use:	  1024
[2022.04.05-12.26.57:226][199]LogAudioMixer: Display: 	Number of buffers to queue:			  1
[2022.04.05-12.26.57:226][199]LogAudioMixer: Display: 	Max Channels (voices):				  0
[2022.04.05-12.26.57:226][199]LogAudioMixer: Display: 	Number of Async Source Workers:		  4
[2022.04.05-12.26.57:226][199]LogAudio: Display: AudioDevice MaxSources: 32
[2022.04.05-12.26.57:226][199]LogAudio: Display: Audio Spatialization Plugin: Resonance Audio is external send: 1
[2022.04.05-12.26.57:226][199]LogAudio: Display: Audio Reverb Plugin: Resonance Audio
[2022.04.05-12.26.57:226][199]LogAudio: Display: Audio Occlusion Plugin: None (built-in).
[2022.04.05-12.26.57:226][199]LogAudioMixer: Display: Initializing audio mixer.
[2022.04.05-12.26.57:228][199]LogAudioMixer: Display: 0: FrontLeft
[2022.04.05-12.26.57:228][199]LogAudioMixer: Display: 1: FrontRight
[2022.04.05-12.26.57:234][199]LogAudioMixer: Display: Using Audio Device Headphones (Samyang Stereo)
[2022.04.05-12.26.57:234][199]LogAudioMixer: Display: Initializing Sound Submixes...
[2022.04.05-12.26.57:234][199]LogAudioMixer: Display: Creating Master Submix 'MasterSubmixDefault'
[2022.04.05-12.26.57:234][199]LogAudioMixer: Display: Creating Master Submix 'MasterReverbSubmixDefault'
[2022.04.05-12.26.57:235][199]LogAudioMixer: Display: Creating Master Submix 'MasterEQSubmixDefault'
[2022.04.05-12.26.57:235][199]LogAudioMixer: FMixerPlatformXAudio2::StartAudioStream() called
[2022.04.05-12.26.57:235][199]LogAudioMixer: Display: Output buffers initialized: Frames=1024, Channels=2, Samples=2048
[2022.04.05-12.26.57:236][199]LogAudioMixer: Display: Starting AudioMixerPlatformInterface::RunInternal()
[2022.04.05-12.26.57:236][199]LogAudioMixer: Display: FMixerPlatformXAudio2::SubmitBuffer() called for the first time
[2022.04.05-12.26.57:236][199]LogInit: FAudioDevice initialized.
[2022.04.05-12.26.57:236][199]LogAudio: Display: Audio Device (ID: 30) registered with world 'testing_grounds'.
[2022.04.05-12.26.57:241][199]LogLoad: Game class is 'VRGameMode_C'
[2022.04.05-12.26.57:247][199]LogWorld: Bringing World /Game/VRTemplate/Maps/UEDPIE_0_testing_grounds.testing_grounds up for play (max tick rate 60) at 2022.04.05-14.26.57
[2022.04.05-12.26.57:247][199]LogWorld: Bringing up level for play took: 0.005747
[2022.04.05-12.26.57:247][199]LogOnline: OSS: Creating online subsystem instance for: :Context_38
[2022.04.05-12.26.57:249][199]LogSpawn: Warning: SpawnActor failed because no class was specified
[2022.04.05-12.26.57:250][199]LogSlate: New Slate User Created.  User Index 8, Is Virtual User: 1
[2022.04.05-12.26.57:251][199]LogSlate: Slate User Registered.  User Index 8, Is Virtual User: 1
[2022.04.05-12.26.57:252][199]PIE: Server logged in
[2022.04.05-12.26.57:252][199]PIE: Play in editor total start time 0,122 seconds.
[2022.04.05-12.26.57:261][199]LogResonanceAudio: Display: Resonance Audio Listener is initialized
[2022.04.05-12.27.00:799][409]LogSlate: Updating window title bar state: overlay mode, drag disabled, window buttons hidden, title bar hidden
[2022.04.05-12.27.00:799][409]LogWorld: BeginTearingDown for /Game/VRTemplate/Maps/UEDPIE_0_testing_grounds
[2022.04.05-12.27.00:800][409]LogWorld: UWorld::CleanupWorld for testing_grounds, bSessionEnded=true, bCleanupResources=true
[2022.04.05-12.27.00:801][409]LogSlate: InvalidateAllWidgets triggered.  All widgets were invalidated
[2022.04.05-12.27.00:814][409]LogPlayLevel: Display: Shutting down PIE online subsystems
[2022.04.05-12.27.00:833][409]LogSlate: InvalidateAllWidgets triggered.  All widgets were invalidated
[2022.04.05-12.27.00:858][409]LogAudio: Display: Audio Device unregistered from world 'None'.
[2022.04.05-12.27.00:858][409]LogResonanceAudio: Display: Resonance Audio Listener is shutdown
[2022.04.05-12.27.00:858][409]LogAudioMixer: FMixerPlatformXAudio2::StopAudioStream() called
[2022.04.05-12.27.00:859][409]LogAudioMixer: FMixerPlatformXAudio2::StopAudioStream() called
[2022.04.05-12.27.00:861][409]LogSlate: Updating window title bar state: overlay mode, drag disabled, window buttons hidden, title bar hidden
[2022.04.05-12.27.00:862][409]LogSlate: Slate User Unregistered.  User Index 8
[2022.04.05-12.27.00:862][409]LogSlate: Slate User Destroyed.  User Index 8, Is Virtual User: 1
[2022.04.05-12.27.00:866][409]LogUObjectHash: Compacting FUObjectHashTables data took   2.57ms
[2022.04.05-12.27.00:899][410]LogPlayLevel: Display: Destroying online subsystem :Context_38
[2022.04.05-12.27.02:395][499]Cmd: TRANSACTION UNDO
[2022.04.05-12.27.02:395][499]LogEditorTransaction: Undo Set Rotation
[2022.04.05-12.27.02:703][514]Cmd: TRANSACTION UNDO
[2022.04.05-12.27.02:704][514]LogEditorTransaction: Undo Clicking on Component (tree view)
[2022.04.05-12.27.03:130][537]Cmd: TRANSACTION UNDO
[2022.04.05-12.27.03:130][537]LogEditorTransaction: Undo Set Rotation
[2022.04.05-12.27.28:771][ 69]LogUObjectHash: Compacting FUObjectHashTables data took   2.79ms
[2022.04.05-12.27.28:878][ 69]LogSavePackage: Moving '../../../../../../Users/qwe_o/Documents/GitHub/P8ToBeAnnounced/P8_VR_Home/Saved/testing_grounds_Auto68647148B462E9FFB1FB467990DF7C1B2.tmp' to '../../../../../../Users/qwe_o/Documents/GitHub/P8ToBeAnnounced/P8_VR_Home/Saved/Autosaves/Game/VRTemplate/Maps/testing_grounds_Auto6.umap'
[2022.04.05-12.27.28:880][ 69]LogFileHelpers: Editor autosave (incl. external actors) for '/Game/VRTemplate/Maps/testing_grounds' took 0.135
[2022.04.05-12.27.28:880][ 69]LogFileHelpers: Editor autosave (incl. sublevels & external actors) for all levels took 0.135
[2022.04.05-12.29.19:608][541]BlueprintLog: New page: Compile Suntech_240W_Module1_2_Blueprint
[2022.04.05-12.29.19:672][541]LogUObjectHash: Compacting FUObjectHashTables data took   2.76ms
[2022.04.05-12.29.26:453][944]LogTemp: Repeating last play command: Selected Viewport
[2022.04.05-12.29.26:458][944]LogPlayLevel: PlayLevel: No blueprints needed recompiling
[2022.04.05-12.29.26:458][944]PIE: New page: PIE session: testing_grounds (5. apr. 2022 16.29.26)
[2022.04.05-12.29.26:479][944]LogPlayLevel: Creating play world package: /Game/VRTemplate/Maps/UEDPIE_0_testing_grounds
[2022.04.05-12.29.26:505][944]LogPlayLevel: PIE: StaticDuplicateObject took: (0.025816s)
[2022.04.05-12.29.26:506][944]LogAIModule: Creating AISystem for world testing_grounds
[2022.04.05-12.29.26:506][944]LogPlayLevel: PIE: World Init took: (0.000882s)
[2022.04.05-12.29.26:506][944]LogPlayLevel: PIE: Created PIE world by copying editor world from /Game/VRTemplate/Maps/testing_grounds.testing_grounds to /Game/VRTemplate/Maps/UEDPIE_0_testing_grounds.testing_grounds (0.026841s)
[2022.04.05-12.29.26:533][944]LogUObjectHash: Compacting FUObjectHashTables data took   3.39ms
[2022.04.05-12.29.26:535][944]LogAudio: Display: Creating Audio Device:                 Id: 31, Scope: Unique, Realtime: True
[2022.04.05-12.29.26:535][944]LogAudioMixer: Display: Audio Mixer Platform Settings:
[2022.04.05-12.29.26:535][944]LogAudioMixer: Display: 	Sample Rate:						  48000
[2022.04.05-12.29.26:535][944]LogAudioMixer: Display: 	Callback Buffer Frame Size Requested: 1024
[2022.04.05-12.29.26:535][944]LogAudioMixer: Display: 	Callback Buffer Frame Size To Use:	  1024
[2022.04.05-12.29.26:535][944]LogAudioMixer: Display: 	Number of buffers to queue:			  1
[2022.04.05-12.29.26:535][944]LogAudioMixer: Display: 	Max Channels (voices):				  0
[2022.04.05-12.29.26:535][944]LogAudioMixer: Display: 	Number of Async Source Workers:		  4
[2022.04.05-12.29.26:535][944]LogAudio: Display: AudioDevice MaxSources: 32
[2022.04.05-12.29.26:536][944]LogAudio: Display: Audio Spatialization Plugin: Resonance Audio is external send: 1
[2022.04.05-12.29.26:536][944]LogAudio: Display: Audio Reverb Plugin: Resonance Audio
[2022.04.05-12.29.26:536][944]LogAudio: Display: Audio Occlusion Plugin: None (built-in).
[2022.04.05-12.29.26:536][944]LogAudioMixer: Display: Initializing audio mixer.
[2022.04.05-12.29.26:538][944]LogAudioMixer: Display: 0: FrontLeft
[2022.04.05-12.29.26:538][944]LogAudioMixer: Display: 1: FrontRight
[2022.04.05-12.29.26:544][944]LogAudioMixer: Display: Using Audio Device Headphones (Samyang Stereo)
[2022.04.05-12.29.26:544][944]LogAudioMixer: Display: Initializing Sound Submixes...
[2022.04.05-12.29.26:544][944]LogAudioMixer: Display: Creating Master Submix 'MasterSubmixDefault'
[2022.04.05-12.29.26:544][944]LogAudioMixer: Display: Creating Master Submix 'MasterReverbSubmixDefault'
[2022.04.05-12.29.26:545][944]LogAudioMixer: Display: Creating Master Submix 'MasterEQSubmixDefault'
[2022.04.05-12.29.26:545][944]LogAudioMixer: FMixerPlatformXAudio2::StartAudioStream() called
[2022.04.05-12.29.26:545][944]LogAudioMixer: Display: Output buffers initialized: Frames=1024, Channels=2, Samples=2048
[2022.04.05-12.29.26:546][944]LogAudioMixer: Display: Starting AudioMixerPlatformInterface::RunInternal()
[2022.04.05-12.29.26:546][944]LogAudioMixer: Display: FMixerPlatformXAudio2::SubmitBuffer() called for the first time
[2022.04.05-12.29.26:546][944]LogInit: FAudioDevice initialized.
[2022.04.05-12.29.26:546][944]LogAudio: Display: Audio Device (ID: 31) registered with world 'testing_grounds'.
[2022.04.05-12.29.26:551][944]LogLoad: Game class is 'VRGameMode_C'
[2022.04.05-12.29.26:558][944]LogWorld: Bringing World /Game/VRTemplate/Maps/UEDPIE_0_testing_grounds.testing_grounds up for play (max tick rate 60) at 2022.04.05-14.29.26
[2022.04.05-12.29.26:558][944]LogWorld: Bringing up level for play took: 0.005925
[2022.04.05-12.29.26:558][944]LogOnline: OSS: Creating online subsystem instance for: :Context_39
[2022.04.05-12.29.26:560][944]LogSpawn: Warning: SpawnActor failed because no class was specified
[2022.04.05-12.29.26:561][944]LogSlate: New Slate User Created.  User Index 8, Is Virtual User: 1
[2022.04.05-12.29.26:562][944]LogSlate: Slate User Registered.  User Index 8, Is Virtual User: 1
[2022.04.05-12.29.26:563][944]PIE: Server logged in
[2022.04.05-12.29.26:564][944]PIE: Play in editor total start time 0,106 seconds.
[2022.04.05-12.29.26:572][944]LogResonanceAudio: Display: Resonance Audio Listener is initialized
[2022.04.05-12.29.28:289][ 45]LogSlate: Updating window title bar state: overlay mode, drag disabled, window buttons hidden, title bar hidden
[2022.04.05-12.29.28:289][ 45]LogWorld: BeginTearingDown for /Game/VRTemplate/Maps/UEDPIE_0_testing_grounds
[2022.04.05-12.29.28:290][ 45]LogWorld: UWorld::CleanupWorld for testing_grounds, bSessionEnded=true, bCleanupResources=true
[2022.04.05-12.29.28:291][ 45]LogSlate: InvalidateAllWidgets triggered.  All widgets were invalidated
[2022.04.05-12.29.28:305][ 45]LogPlayLevel: Display: Shutting down PIE online subsystems
[2022.04.05-12.29.28:323][ 45]LogSlate: InvalidateAllWidgets triggered.  All widgets were invalidated
[2022.04.05-12.29.28:347][ 45]LogAudio: Display: Audio Device unregistered from world 'None'.
[2022.04.05-12.29.28:347][ 45]LogResonanceAudio: Display: Resonance Audio Listener is shutdown
[2022.04.05-12.29.28:347][ 45]LogAudioMixer: FMixerPlatformXAudio2::StopAudioStream() called
[2022.04.05-12.29.28:349][ 45]LogAudioMixer: FMixerPlatformXAudio2::StopAudioStream() called
[2022.04.05-12.29.28:350][ 45]LogSlate: Updating window title bar state: overlay mode, drag disabled, window buttons hidden, title bar hidden
[2022.04.05-12.29.28:354][ 45]LogSlate: Slate User Unregistered.  User Index 8
[2022.04.05-12.29.28:354][ 45]LogSlate: Slate User Destroyed.  User Index 8, Is Virtual User: 1
[2022.04.05-12.29.28:357][ 45]LogUObjectHash: Compacting FUObjectHashTables data took   2.81ms
[2022.04.05-12.29.28:391][ 46]LogPlayLevel: Display: Destroying online subsystem :Context_39
[2022.04.05-12.29.48:039][164]LogTemp: Repeating last play command: Selected Viewport
[2022.04.05-12.29.48:045][164]LogPlayLevel: PlayLevel: No blueprints needed recompiling
[2022.04.05-12.29.48:045][164]PIE: New page: PIE session: testing_grounds (5. apr. 2022 16.29.48)
[2022.04.05-12.29.48:045][164]LogPlayLevel: Creating play world package: /Game/VRTemplate/Maps/UEDPIE_0_testing_grounds
[2022.04.05-12.29.48:069][164]LogPlayLevel: PIE: StaticDuplicateObject took: (0.023132s)
[2022.04.05-12.29.48:069][164]LogAIModule: Creating AISystem for world testing_grounds
[2022.04.05-12.29.48:070][164]LogPlayLevel: PIE: World Init took: (0.000856s)
[2022.04.05-12.29.48:070][164]LogPlayLevel: PIE: Created PIE world by copying editor world from /Game/VRTemplate/Maps/testing_grounds.testing_grounds to /Game/VRTemplate/Maps/UEDPIE_0_testing_grounds.testing_grounds (0.024112s)
[2022.04.05-12.29.48:096][164]LogUObjectHash: Compacting FUObjectHashTables data took   2.48ms
[2022.04.05-12.29.48:099][164]LogAudio: Display: Creating Audio Device:                 Id: 32, Scope: Unique, Realtime: True
[2022.04.05-12.29.48:099][164]LogAudioMixer: Display: Audio Mixer Platform Settings:
[2022.04.05-12.29.48:099][164]LogAudioMixer: Display: 	Sample Rate:						  48000
[2022.04.05-12.29.48:099][164]LogAudioMixer: Display: 	Callback Buffer Frame Size Requested: 1024
[2022.04.05-12.29.48:099][164]LogAudioMixer: Display: 	Callback Buffer Frame Size To Use:	  1024
[2022.04.05-12.29.48:099][164]LogAudioMixer: Display: 	Number of buffers to queue:			  1
[2022.04.05-12.29.48:099][164]LogAudioMixer: Display: 	Max Channels (voices):				  0
[2022.04.05-12.29.48:099][164]LogAudioMixer: Display: 	Number of Async Source Workers:		  4
[2022.04.05-12.29.48:099][164]LogAudio: Display: AudioDevice MaxSources: 32
[2022.04.05-12.29.48:100][164]LogAudio: Display: Audio Spatialization Plugin: Resonance Audio is external send: 1
[2022.04.05-12.29.48:100][164]LogAudio: Display: Audio Reverb Plugin: Resonance Audio
[2022.04.05-12.29.48:100][164]LogAudio: Display: Audio Occlusion Plugin: None (built-in).
[2022.04.05-12.29.48:100][164]LogAudioMixer: Display: Initializing audio mixer.
[2022.04.05-12.29.48:101][164]LogAudioMixer: Display: 0: FrontLeft
[2022.04.05-12.29.48:101][164]LogAudioMixer: Display: 1: FrontRight
[2022.04.05-12.29.48:108][164]LogAudioMixer: Display: Using Audio Device Headphones (Samyang Stereo)
[2022.04.05-12.29.48:108][164]LogAudioMixer: Display: Initializing Sound Submixes...
[2022.04.05-12.29.48:108][164]LogAudioMixer: Display: Creating Master Submix 'MasterSubmixDefault'
[2022.04.05-12.29.48:108][164]LogAudioMixer: Display: Creating Master Submix 'MasterReverbSubmixDefault'
[2022.04.05-12.29.48:108][164]LogAudioMixer: Display: Creating Master Submix 'MasterEQSubmixDefault'
[2022.04.05-12.29.48:109][164]LogAudioMixer: FMixerPlatformXAudio2::StartAudioStream() called
[2022.04.05-12.29.48:109][164]LogAudioMixer: Display: Output buffers initialized: Frames=1024, Channels=2, Samples=2048
[2022.04.05-12.29.48:110][164]LogAudioMixer: Display: Starting AudioMixerPlatformInterface::RunInternal()
[2022.04.05-12.29.48:110][164]LogAudioMixer: Display: FMixerPlatformXAudio2::SubmitBuffer() called for the first time
[2022.04.05-12.29.48:110][164]LogInit: FAudioDevice initialized.
[2022.04.05-12.29.48:110][164]LogAudio: Display: Audio Device (ID: 32) registered with world 'testing_grounds'.
[2022.04.05-12.29.48:115][164]LogLoad: Game class is 'VRGameMode_C'
[2022.04.05-12.29.48:122][164]LogWorld: Bringing World /Game/VRTemplate/Maps/UEDPIE_0_testing_grounds.testing_grounds up for play (max tick rate 60) at 2022.04.05-14.29.48
[2022.04.05-12.29.48:122][164]LogWorld: Bringing up level for play took: 0.006479
[2022.04.05-12.29.48:123][164]LogOnline: OSS: Creating online subsystem instance for: :Context_40
[2022.04.05-12.29.48:125][164]LogSpawn: Warning: SpawnActor failed because no class was specified
[2022.04.05-12.29.48:126][164]LogSlate: New Slate User Created.  User Index 8, Is Virtual User: 1
[2022.04.05-12.29.48:127][164]LogSlate: Slate User Registered.  User Index 8, Is Virtual User: 1
[2022.04.05-12.29.48:128][164]PIE: Server logged in
[2022.04.05-12.29.48:129][164]PIE: Play in editor total start time 0,084 seconds.
[2022.04.05-12.29.48:138][164]LogResonanceAudio: Display: Resonance Audio Listener is initialized
[2022.04.05-12.29.53:530][486]LogSlate: Updating window title bar state: overlay mode, drag disabled, window buttons hidden, title bar hidden
[2022.04.05-12.29.53:530][486]LogWorld: BeginTearingDown for /Game/VRTemplate/Maps/UEDPIE_0_testing_grounds
[2022.04.05-12.29.53:531][486]LogWorld: UWorld::CleanupWorld for testing_grounds, bSessionEnded=true, bCleanupResources=true
[2022.04.05-12.29.53:531][486]LogSlate: InvalidateAllWidgets triggered.  All widgets were invalidated
[2022.04.05-12.29.53:540][486]LogPlayLevel: Display: Shutting down PIE online subsystems
[2022.04.05-12.29.53:558][486]LogSlate: InvalidateAllWidgets triggered.  All widgets were invalidated
[2022.04.05-12.29.53:583][486]LogSlate: Updating window title bar state: overlay mode, drag disabled, window buttons hidden, title bar hidden
[2022.04.05-12.29.53:583][486]LogResonanceAudio: Display: Resonance Audio Listener is shutdown
[2022.04.05-12.29.53:583][486]LogAudioMixer: FMixerPlatformXAudio2::StopAudioStream() called
[2022.04.05-12.29.53:584][486]LogAudioMixer: FMixerPlatformXAudio2::StopAudioStream() called
[2022.04.05-12.29.53:588][486]LogSlate: Slate User Unregistered.  User Index 8
[2022.04.05-12.29.53:588][486]LogSlate: Slate User Destroyed.  User Index 8, Is Virtual User: 1
[2022.04.05-12.29.53:592][486]LogUObjectHash: Compacting FUObjectHashTables data took   2.62ms
[2022.04.05-12.29.53:626][487]LogPlayLevel: Display: Destroying online subsystem :Context_40
[2022.04.05-12.30.22:198][121]BlueprintLog: New page: Compile Suntech_240W_Module1_2_Blueprint
[2022.04.05-12.30.22:262][121]LogUObjectHash: Compacting FUObjectHashTables data took   2.80ms
[2022.04.05-12.30.23:800][211]LogTemp: Repeating last play command: Selected Viewport
[2022.04.05-12.30.23:806][211]LogPlayLevel: PlayLevel: No blueprints needed recompiling
[2022.04.05-12.30.23:806][211]PIE: New page: PIE session: testing_grounds (5. apr. 2022 16.30.23)
[2022.04.05-12.30.23:829][211]LogPlayLevel: Creating play world package: /Game/VRTemplate/Maps/UEDPIE_0_testing_grounds
[2022.04.05-12.30.23:854][211]LogPlayLevel: PIE: StaticDuplicateObject took: (0.025606s)
[2022.04.05-12.30.23:855][211]LogAIModule: Creating AISystem for world testing_grounds
[2022.04.05-12.30.23:855][211]LogPlayLevel: PIE: World Init took: (0.000816s)
[2022.04.05-12.30.23:855][211]LogPlayLevel: PIE: Created PIE world by copying editor world from /Game/VRTemplate/Maps/testing_grounds.testing_grounds to /Game/VRTemplate/Maps/UEDPIE_0_testing_grounds.testing_grounds (0.026558s)
[2022.04.05-12.30.23:882][211]LogUObjectHash: Compacting FUObjectHashTables data took   3.48ms
[2022.04.05-12.30.23:883][211]LogAudio: Display: Creating Audio Device:                 Id: 33, Scope: Unique, Realtime: True
[2022.04.05-12.30.23:883][211]LogAudioMixer: Display: Audio Mixer Platform Settings:
[2022.04.05-12.30.23:883][211]LogAudioMixer: Display: 	Sample Rate:						  48000
[2022.04.05-12.30.23:883][211]LogAudioMixer: Display: 	Callback Buffer Frame Size Requested: 1024
[2022.04.05-12.30.23:883][211]LogAudioMixer: Display: 	Callback Buffer Frame Size To Use:	  1024
[2022.04.05-12.30.23:883][211]LogAudioMixer: Display: 	Number of buffers to queue:			  1
[2022.04.05-12.30.23:883][211]LogAudioMixer: Display: 	Max Channels (voices):				  0
[2022.04.05-12.30.23:883][211]LogAudioMixer: Display: 	Number of Async Source Workers:		  4
[2022.04.05-12.30.23:883][211]LogAudio: Display: AudioDevice MaxSources: 32
[2022.04.05-12.30.23:884][211]LogAudio: Display: Audio Spatialization Plugin: Resonance Audio is external send: 1
[2022.04.05-12.30.23:884][211]LogAudio: Display: Audio Reverb Plugin: Resonance Audio
[2022.04.05-12.30.23:884][211]LogAudio: Display: Audio Occlusion Plugin: None (built-in).
[2022.04.05-12.30.23:884][211]LogAudioMixer: Display: Initializing audio mixer.
[2022.04.05-12.30.23:886][211]LogAudioMixer: Display: 0: FrontLeft
[2022.04.05-12.30.23:886][211]LogAudioMixer: Display: 1: FrontRight
[2022.04.05-12.30.23:891][211]LogAudioMixer: Display: Using Audio Device Headphones (Samyang Stereo)
[2022.04.05-12.30.23:892][211]LogAudioMixer: Display: Initializing Sound Submixes...
[2022.04.05-12.30.23:892][211]LogAudioMixer: Display: Creating Master Submix 'MasterSubmixDefault'
[2022.04.05-12.30.23:892][211]LogAudioMixer: Display: Creating Master Submix 'MasterReverbSubmixDefault'
[2022.04.05-12.30.23:892][211]LogAudioMixer: Display: Creating Master Submix 'MasterEQSubmixDefault'
[2022.04.05-12.30.23:892][211]LogAudioMixer: FMixerPlatformXAudio2::StartAudioStream() called
[2022.04.05-12.30.23:892][211]LogAudioMixer: Display: Output buffers initialized: Frames=1024, Channels=2, Samples=2048
[2022.04.05-12.30.23:893][211]LogAudioMixer: Display: Starting AudioMixerPlatformInterface::RunInternal()
[2022.04.05-12.30.23:893][211]LogAudioMixer: Display: FMixerPlatformXAudio2::SubmitBuffer() called for the first time
[2022.04.05-12.30.23:893][211]LogInit: FAudioDevice initialized.
[2022.04.05-12.30.23:893][211]LogAudio: Display: Audio Device (ID: 33) registered with world 'testing_grounds'.
[2022.04.05-12.30.23:903][211]LogLoad: Game class is 'VRGameMode_C'
[2022.04.05-12.30.23:909][211]LogWorld: Bringing World /Game/VRTemplate/Maps/UEDPIE_0_testing_grounds.testing_grounds up for play (max tick rate 60) at 2022.04.05-14.30.23
[2022.04.05-12.30.23:909][211]LogWorld: Bringing up level for play took: 0.005870
[2022.04.05-12.30.23:909][211]LogOnline: OSS: Creating online subsystem instance for: :Context_41
[2022.04.05-12.30.23:911][211]LogSpawn: Warning: SpawnActor failed because no class was specified
[2022.04.05-12.30.23:911][211]LogSlate: New Slate User Created.  User Index 8, Is Virtual User: 1
[2022.04.05-12.30.23:912][211]LogSlate: Slate User Registered.  User Index 8, Is Virtual User: 1
[2022.04.05-12.30.23:913][211]PIE: Server logged in
[2022.04.05-12.30.23:914][211]PIE: Play in editor total start time 0,108 seconds.
[2022.04.05-12.30.23:922][211]LogResonanceAudio: Display: Resonance Audio Listener is initialized
[2022.04.05-12.30.30:469][601]LogSlate: Updating window title bar state: overlay mode, drag disabled, window buttons hidden, title bar hidden
[2022.04.05-12.30.30:469][601]LogWorld: BeginTearingDown for /Game/VRTemplate/Maps/UEDPIE_0_testing_grounds
[2022.04.05-12.30.30:470][601]LogWorld: UWorld::CleanupWorld for testing_grounds, bSessionEnded=true, bCleanupResources=true
[2022.04.05-12.30.30:471][601]LogSlate: InvalidateAllWidgets triggered.  All widgets were invalidated
[2022.04.05-12.30.30:482][601]LogPlayLevel: Display: Shutting down PIE online subsystems
[2022.04.05-12.30.30:499][601]LogSlate: InvalidateAllWidgets triggered.  All widgets were invalidated
[2022.04.05-12.30.30:525][601]LogAudio: Display: Audio Device unregistered from world 'None'.
[2022.04.05-12.30.30:526][601]LogResonanceAudio: Display: Resonance Audio Listener is shutdown
[2022.04.05-12.30.30:526][601]LogAudioMixer: FMixerPlatformXAudio2::StopAudioStream() called
[2022.04.05-12.30.30:527][601]LogAudioMixer: FMixerPlatformXAudio2::StopAudioStream() called
[2022.04.05-12.30.30:529][601]LogSlate: Updating window title bar state: overlay mode, drag disabled, window buttons hidden, title bar hidden
[2022.04.05-12.30.30:530][601]LogSlate: Slate User Unregistered.  User Index 8
[2022.04.05-12.30.30:530][601]LogSlate: Slate User Destroyed.  User Index 8, Is Virtual User: 1
[2022.04.05-12.30.30:533][601]LogUObjectHash: Compacting FUObjectHashTables data took   2.81ms
[2022.04.05-12.30.30:568][602]LogPlayLevel: Display: Destroying online subsystem :Context_41
[2022.04.05-12.30.47:272][600]LogEditorViewport: Clicking on Actor (LMB): CameraActor (CameraActor)
[2022.04.05-12.31.07:788][824]LogEditorViewport: Clicking on Actor (LMB): Suntech_240W_Module1_2_Blueprint_C (Suntech_240W_Module1_2_Blueprint)
[2022.04.05-12.31.13:136][140]LogTemp: Repeating last play command: Selected Viewport
[2022.04.05-12.31.13:142][140]LogPlayLevel: PlayLevel: No blueprints needed recompiling
[2022.04.05-12.31.13:142][140]PIE: New page: PIE session: testing_grounds (5. apr. 2022 16.31.13)
[2022.04.05-12.31.13:142][140]LogPlayLevel: Creating play world package: /Game/VRTemplate/Maps/UEDPIE_0_testing_grounds
[2022.04.05-12.31.13:165][140]LogPlayLevel: PIE: StaticDuplicateObject took: (0.023412s)
[2022.04.05-12.31.13:166][140]LogAIModule: Creating AISystem for world testing_grounds
[2022.04.05-12.31.13:166][140]LogPlayLevel: PIE: World Init took: (0.000847s)
[2022.04.05-12.31.13:166][140]LogPlayLevel: PIE: Created PIE world by copying editor world from /Game/VRTemplate/Maps/testing_grounds.testing_grounds to /Game/VRTemplate/Maps/UEDPIE_0_testing_grounds.testing_grounds (0.024378s)
[2022.04.05-12.31.13:192][140]LogUObjectHash: Compacting FUObjectHashTables data took   2.54ms
[2022.04.05-12.31.13:196][140]LogAudio: Display: Creating Audio Device:                 Id: 34, Scope: Unique, Realtime: True
[2022.04.05-12.31.13:196][140]LogAudioMixer: Display: Audio Mixer Platform Settings:
[2022.04.05-12.31.13:196][140]LogAudioMixer: Display: 	Sample Rate:						  48000
[2022.04.05-12.31.13:196][140]LogAudioMixer: Display: 	Callback Buffer Frame Size Requested: 1024
[2022.04.05-12.31.13:196][140]LogAudioMixer: Display: 	Callback Buffer Frame Size To Use:	  1024
[2022.04.05-12.31.13:196][140]LogAudioMixer: Display: 	Number of buffers to queue:			  1
[2022.04.05-12.31.13:196][140]LogAudioMixer: Display: 	Max Channels (voices):				  0
[2022.04.05-12.31.13:196][140]LogAudioMixer: Display: 	Number of Async Source Workers:		  4
[2022.04.05-12.31.13:196][140]LogAudio: Display: AudioDevice MaxSources: 32
[2022.04.05-12.31.13:196][140]LogAudio: Display: Audio Spatialization Plugin: Resonance Audio is external send: 1
[2022.04.05-12.31.13:196][140]LogAudio: Display: Audio Reverb Plugin: Resonance Audio
[2022.04.05-12.31.13:196][140]LogAudio: Display: Audio Occlusion Plugin: None (built-in).
[2022.04.05-12.31.13:196][140]LogAudioMixer: Display: Initializing audio mixer.
[2022.04.05-12.31.13:198][140]LogAudioMixer: Display: 0: FrontLeft
[2022.04.05-12.31.13:198][140]LogAudioMixer: Display: 1: FrontRight
[2022.04.05-12.31.13:205][140]LogAudioMixer: Display: Using Audio Device Headphones (Samyang Stereo)
[2022.04.05-12.31.13:205][140]LogAudioMixer: Display: Initializing Sound Submixes...
[2022.04.05-12.31.13:205][140]LogAudioMixer: Display: Creating Master Submix 'MasterSubmixDefault'
[2022.04.05-12.31.13:205][140]LogAudioMixer: Display: Creating Master Submix 'MasterReverbSubmixDefault'
[2022.04.05-12.31.13:205][140]LogAudioMixer: Display: Creating Master Submix 'MasterEQSubmixDefault'
[2022.04.05-12.31.13:206][140]LogAudioMixer: FMixerPlatformXAudio2::StartAudioStream() called
[2022.04.05-12.31.13:206][140]LogAudioMixer: Display: Output buffers initialized: Frames=1024, Channels=2, Samples=2048
[2022.04.05-12.31.13:207][140]LogAudioMixer: Display: Starting AudioMixerPlatformInterface::RunInternal()
[2022.04.05-12.31.13:207][140]LogAudioMixer: Display: FMixerPlatformXAudio2::SubmitBuffer() called for the first time
[2022.04.05-12.31.13:207][140]LogInit: FAudioDevice initialized.
[2022.04.05-12.31.13:207][140]LogAudio: Display: Audio Device (ID: 34) registered with world 'testing_grounds'.
[2022.04.05-12.31.13:216][140]LogLoad: Game class is 'VRGameMode_C'
[2022.04.05-12.31.13:222][140]LogWorld: Bringing World /Game/VRTemplate/Maps/UEDPIE_0_testing_grounds.testing_grounds up for play (max tick rate 60) at 2022.04.05-14.31.13
[2022.04.05-12.31.13:222][140]LogWorld: Bringing up level for play took: 0.005844
[2022.04.05-12.31.13:222][140]LogOnline: OSS: Creating online subsystem instance for: :Context_42
[2022.04.05-12.31.13:224][140]LogSpawn: Warning: SpawnActor failed because no class was specified
[2022.04.05-12.31.13:225][140]LogSlate: New Slate User Created.  User Index 8, Is Virtual User: 1
[2022.04.05-12.31.13:226][140]LogSlate: Slate User Registered.  User Index 8, Is Virtual User: 1
[2022.04.05-12.31.13:227][140]PIE: Server logged in
[2022.04.05-12.31.13:227][140]PIE: Play in editor total start time 0,086 seconds.
[2022.04.05-12.31.13:237][140]LogResonanceAudio: Display: Resonance Audio Listener is initialized
[2022.04.05-12.31.53:160][533]LogSlate: Updating window title bar state: overlay mode, drag disabled, window buttons hidden, title bar hidden
[2022.04.05-12.31.53:160][533]LogWorld: BeginTearingDown for /Game/VRTemplate/Maps/UEDPIE_0_testing_grounds
[2022.04.05-12.31.53:160][533]LogWorld: UWorld::CleanupWorld for testing_grounds, bSessionEnded=true, bCleanupResources=true
[2022.04.05-12.31.53:161][533]LogSlate: InvalidateAllWidgets triggered.  All widgets were invalidated
[2022.04.05-12.31.53:171][533]LogPlayLevel: Display: Shutting down PIE online subsystems
[2022.04.05-12.31.53:190][533]LogSlate: InvalidateAllWidgets triggered.  All widgets were invalidated
[2022.04.05-12.31.53:216][533]LogAudio: Display: Audio Device unregistered from world 'None'.
[2022.04.05-12.31.53:216][533]LogResonanceAudio: Display: Resonance Audio Listener is shutdown
[2022.04.05-12.31.53:216][533]LogAudioMixer: FMixerPlatformXAudio2::StopAudioStream() called
[2022.04.05-12.31.53:217][533]LogAudioMixer: FMixerPlatformXAudio2::StopAudioStream() called
[2022.04.05-12.31.53:219][533]LogSlate: Updating window title bar state: overlay mode, drag disabled, window buttons hidden, title bar hidden
[2022.04.05-12.31.53:222][533]LogSlate: Slate User Unregistered.  User Index 8
[2022.04.05-12.31.53:222][533]LogSlate: Slate User Destroyed.  User Index 8, Is Virtual User: 1
[2022.04.05-12.31.53:225][533]LogUObjectHash: Compacting FUObjectHashTables data took   2.49ms
[2022.04.05-12.31.53:266][534]LogPlayLevel: Display: Destroying online subsystem :Context_42
[2022.04.05-12.32.19:716][115]LogUObjectHash: Compacting FUObjectHashTables data took   2.30ms
[2022.04.05-12.32.19:819][115]LogSavePackage: Moving '../../../../../../Users/qwe_o/Documents/GitHub/P8ToBeAnnounced/P8_VR_Home/Saved/testing_groundsF41FE1204AD4E7EA76C76C821A73AB68.tmp' to '../../../../../../Users/qwe_o/Documents/GitHub/P8ToBeAnnounced/P8_VR_Home/Content/VRTemplate/Maps/testing_grounds.umap'
[2022.04.05-12.32.19:851][115]AssetCheck: New page: Asset Save: testing_grounds
[2022.04.05-12.32.19:852][115]LogContentValidation: Display: Validating World /Game/VRTemplate/Maps/testing_grounds.testing_grounds
[2022.04.05-12.32.21:430][208]LogUObjectHash: Compacting FUObjectHashTables data took   2.81ms
[2022.04.05-12.32.23:614][208]LogSlate: Window 'Save Content' being destroyed
[2022.04.05-12.32.23:699][208]LogSavePackage: Moving '../../../../../../Users/qwe_o/Documents/GitHub/P8ToBeAnnounced/P8_VR_Home/Saved/Suntech_240W_Module1_2_Blueprint3868D7634307D7DB3A40AEBEFCAD8B22.tmp' to '../../../../../../Users/qwe_o/Documents/GitHub/P8ToBeAnnounced/P8_VR_Home/Content/ScriptsBluePrints/DoorsAndClosets2/Suntech_240W_Module1_2_Blueprint.uasset'
[2022.04.05-12.32.23:759][208]LogWorld: UWorld::CleanupWorld for World_4, bSessionEnded=true, bCleanupResources=true
[2022.04.05-12.32.23:759][208]LogSlate: InvalidateAllWidgets triggered.  All widgets were invalidated
[2022.04.05-12.32.23:824][208]LogActorComponent: UnregisterComponent: (/Engine/Transient.EditorFloorComp) Not registered. Aborting.
[2022.04.05-12.32.23:824][208]LogWorld: UWorld::CleanupWorld for World_6, bSessionEnded=true, bCleanupResources=true
[2022.04.05-12.32.23:824][208]LogSlate: InvalidateAllWidgets triggered.  All widgets were invalidated
[2022.04.05-12.32.23:870][208]LogSlate: Window 'shutters_logic' being destroyed
[2022.04.05-12.32.23:880][208]LogWorld: UWorld::CleanupWorld for World_8, bSessionEnded=true, bCleanupResources=true
[2022.04.05-12.32.23:880][208]LogSlate: InvalidateAllWidgets triggered.  All widgets were invalidated
[2022.04.05-12.32.23:934][208]LogSlate: Window 'P8_VR_Home - Unreal Editor' being destroyed
[2022.04.05-12.32.23:934][208]LogWindowsTextInputMethodSystem: Display: IME system deactivated.
[2022.04.05-12.32.24:038][208]AssetCheck: New page: Asset Save: Suntech_240W_Module1_2_Blueprint
[2022.04.05-12.32.24:038][208]LogContentValidation: Display: Validating Blueprint /Game/ScriptsBluePrints/DoorsAndClosets2/Suntech_240W_Module1_2_Blueprint.Suntech_240W_Module1_2_Blueprint
[2022.04.05-12.32.24:040][209]Cmd: QUIT_EDITOR
[2022.04.05-12.32.24:040][209]LogCore: Engine exit requested (reason: UUnrealEdEngine::CloseEditor())
[2022.04.05-12.32.24:042][209]LogCore: Engine exit requested (reason: EngineExit() was called; note: exit was already requested)
[2022.04.05-12.32.24:959][209]LogAudio: Display: Beginning Audio Device Manager Shutdown (Module: AudioMixerXAudio2)...
[2022.04.05-12.32.24:959][209]LogAudio: Display: Destroying 1 Remaining Audio Device(s)...
[2022.04.05-12.32.24:959][209]LogAudio: Display: Audio Device unregistered from world 'testing_grounds'.
[2022.04.05-12.32.24:959][209]LogResonanceAudio: Display: Resonance Audio Listener is shutdown
[2022.04.05-12.32.24:959][209]LogAudioMixer: FMixerPlatformXAudio2::StopAudioStream() called
[2022.04.05-12.32.24:960][209]LogAudioMixer: FMixerPlatformXAudio2::StopAudioStream() called
[2022.04.05-12.32.24:981][209]LogAudio: Display: Audio Device Manager Shutdown
[2022.04.05-12.32.24:985][209]LogExit: Preparing to exit.
[2022.04.05-12.32.25:816][209]LogUObjectHash: Compacting FUObjectHashTables data took   3.22ms
[2022.04.05-12.32.25:998][209]LogWorld: UWorld::CleanupWorld for World_9, bSessionEnded=true, bCleanupResources=true
[2022.04.05-12.32.26:000][209]LogActorComponent: UnregisterComponent: (None.None) Not registered. Aborting.
[2022.04.05-12.32.26:000][209]LogActorComponent: UnregisterComponent: (None.None) Not registered. Aborting.
[2022.04.05-12.32.26:000][209]LogActorComponent: UnregisterComponent: (None.None) Not registered. Aborting.
[2022.04.05-12.32.26:000][209]LogActorComponent: UnregisterComponent: (None.None) Not registered. Aborting.
[2022.04.05-12.32.26:000][209]LogActorComponent: UnregisterComponent: (None.None) Not registered. Aborting.
[2022.04.05-12.32.26:000][209]LogActorComponent: UnregisterComponent: (None.None) Not registered. Aborting.
[2022.04.05-12.32.26:000][209]LogActorComponent: UnregisterComponent: (None.None) Not registered. Aborting.
[2022.04.05-12.32.26:000][209]LogWorld: UWorld::CleanupWorld for None, bSessionEnded=true, bCleanupResources=true
[2022.04.05-12.32.26:002][209]LogActorComponent: UnregisterComponent: (None.None) Not registered. Aborting.
[2022.04.05-12.32.26:002][209]LogActorComponent: UnregisterComponent: (None.None) Not registered. Aborting.
[2022.04.05-12.32.26:002][209]LogActorComponent: UnregisterComponent: (None.None) Not registered. Aborting.
[2022.04.05-12.32.26:002][209]LogActorComponent: UnregisterComponent: (None.None) Not registered. Aborting.
[2022.04.05-12.32.26:002][209]LogActorComponent: UnregisterComponent: (None.None) Not registered. Aborting.
[2022.04.05-12.32.26:002][209]LogActorComponent: UnregisterComponent: (None.None) Not registered. Aborting.
[2022.04.05-12.32.26:002][209]LogActorComponent: UnregisterComponent: (None.None) Not registered. Aborting.
[2022.04.05-12.32.26:002][209]LogWorld: UWorld::CleanupWorld for None, bSessionEnded=true, bCleanupResources=true
[2022.04.05-12.32.26:004][209]LogWorld: UWorld::CleanupWorld for World_5, bSessionEnded=true, bCleanupResources=true
[2022.04.05-12.32.26:006][209]LogActorComponent: UnregisterComponent: (None.None) Not registered. Aborting.
[2022.04.05-12.32.26:006][209]LogActorComponent: UnregisterComponent: (None.None) Not registered. Aborting.
[2022.04.05-12.32.26:006][209]LogActorComponent: UnregisterComponent: (None.None) Not registered. Aborting.
[2022.04.05-12.32.26:006][209]LogActorComponent: UnregisterComponent: (None.None) Not registered. Aborting.
[2022.04.05-12.32.26:006][209]LogActorComponent: UnregisterComponent: (None.None) Not registered. Aborting.
[2022.04.05-12.32.26:006][209]LogActorComponent: UnregisterComponent: (None.None) Not registered. Aborting.
[2022.04.05-12.32.26:006][209]LogActorComponent: UnregisterComponent: (None.None) Not registered. Aborting.
[2022.04.05-12.32.26:006][209]LogWorld: UWorld::CleanupWorld for None, bSessionEnded=true, bCleanupResources=true
[2022.04.05-12.32.26:008][209]LogActorComponent: UnregisterComponent: (None.None) Not registered. Aborting.
[2022.04.05-12.32.26:008][209]LogActorComponent: UnregisterComponent: (None.None) Not registered. Aborting.
[2022.04.05-12.32.26:008][209]LogActorComponent: UnregisterComponent: (None.None) Not registered. Aborting.
[2022.04.05-12.32.26:008][209]LogActorComponent: UnregisterComponent: (None.None) Not registered. Aborting.
[2022.04.05-12.32.26:008][209]LogActorComponent: UnregisterComponent: (None.None) Not registered. Aborting.
[2022.04.05-12.32.26:008][209]LogActorComponent: UnregisterComponent: (None.None) Not registered. Aborting.
[2022.04.05-12.32.26:008][209]LogActorComponent: UnregisterComponent: (None.None) Not registered. Aborting.
[2022.04.05-12.32.26:008][209]LogWorld: UWorld::CleanupWorld for None, bSessionEnded=true, bCleanupResources=true
[2022.04.05-12.32.26:010][209]LogActorComponent: UnregisterComponent: (None.None) Not registered. Aborting.
[2022.04.05-12.32.26:010][209]LogActorComponent: UnregisterComponent: (None.None) Not registered. Aborting.
[2022.04.05-12.32.26:010][209]LogActorComponent: UnregisterComponent: (None.None) Not registered. Aborting.
[2022.04.05-12.32.26:010][209]LogActorComponent: UnregisterComponent: (None.None) Not registered. Aborting.
[2022.04.05-12.32.26:010][209]LogActorComponent: UnregisterComponent: (None.None) Not registered. Aborting.
[2022.04.05-12.32.26:010][209]LogActorComponent: UnregisterComponent: (None.None) Not registered. Aborting.
[2022.04.05-12.32.26:010][209]LogActorComponent: UnregisterComponent: (None.None) Not registered. Aborting.
[2022.04.05-12.32.26:010][209]LogWorld: UWorld::CleanupWorld for None, bSessionEnded=true, bCleanupResources=true
[2022.04.05-12.32.26:018][209]LogDirectoryWatcher: Display: A directory notification failed, and we were unable to create a new request. GetLastError code [6] Handle [FFFFFFFFFFFFFFFF], Path [C:/Users/qwe_o/Documents/GitHub/P8ToBeAnnounced/P8_VR_Home/Content/] 
[2022.04.05-12.32.26:056][209]LogDemo: Cleaned up 0 splitscreen connections with owner deletion
[2022.04.05-12.32.26:069][209]LogExit: Editor shut down
[2022.04.05-12.32.26:070][209]LogExit: Transaction tracking system shut down
[2022.04.05-12.32.26:476][209]LogExit: Object subsystem successfully closed.
[2022.04.05-12.32.26:497][209]LogShaderCompilers: Display: === FShaderJobCache stats ===
[2022.04.05-12.32.26:497][209]LogShaderCompilers: Display: Total job queries 75, among them cache hits 0 (0.00%)
[2022.04.05-12.32.26:497][209]LogShaderCompilers: Display: Tracking 75 distinct input hashes that result in 57 distinct outputs (76.00%)
[2022.04.05-12.32.26:497][209]LogShaderCompilers: Display: RAM used: 1.20 MB (0.00 GB) of 819.20 MB (0.80 GB) budget. Usage: 0.15%
[2022.04.05-12.32.26:497][209]LogShaderCompilers: Display: ================================================
[2022.04.05-12.32.26:514][209]LogShaderCompilers: Display: Shaders left to compile 0
[2022.04.05-12.32.26:546][209]LogModuleManager: Shutting down and abandoning module MovieSceneCapture (910)
[2022.04.05-12.32.26:546][209]LogModuleManager: Shutting down and abandoning module Voice (908)
[2022.04.05-12.32.26:547][209]LogModuleManager: Shutting down and abandoning module BlueprintGraph (906)
[2022.04.05-12.32.26:547][209]LogModuleManager: Shutting down and abandoning module HierarchicalLODOutliner (904)
[2022.04.05-12.32.26:547][209]LogModuleManager: Shutting down and abandoning module AddContentDialog (902)
[2022.04.05-12.32.26:548][209]LogModuleManager: Shutting down and abandoning module WidgetCarousel (901)
[2022.04.05-12.32.26:548][209]LogModuleManager: Shutting down and abandoning module EditorWidgets (898)
[2022.04.05-12.32.26:548][209]LogModuleManager: Shutting down and abandoning module SceneOutliner (896)
[2022.04.05-12.32.26:548][209]LogModuleManager: Shutting down and abandoning module StatsViewer (894)
[2022.04.05-12.32.26:548][209]LogModuleManager: Shutting down and abandoning module PIEPreviewDeviceProfileSelector (892)
[2022.04.05-12.32.26:548][209]LogModuleManager: Shutting down and abandoning module SequenceRecorderSections (890)
[2022.04.05-12.32.26:548][209]LogModuleManager: Shutting down and abandoning module AutomationWorker (888)
[2022.04.05-12.32.26:548][209]LogModuleManager: Shutting down and abandoning module OculusMR (886)
[2022.04.05-12.32.26:548][209]LogModuleManager: Shutting down and abandoning module TakeRecorderSources (884)
[2022.04.05-12.32.26:548][209]LogModuleManager: Shutting down and abandoning module TakeRecorder (883)
[2022.04.05-12.32.26:548][209]LogModuleManager: Shutting down and abandoning module TakeTrackRecorders (880)
[2022.04.05-12.32.26:548][209]LogModuleManager: Shutting down and abandoning module TakesCore (878)
[2022.04.05-12.32.26:548][209]LogModuleManager: Shutting down and abandoning module ResonanceAudioEditor (876)
[2022.04.05-12.32.26:548][209]LogModuleManager: Shutting down and abandoning module OpenXRInput (874)
[2022.04.05-12.32.26:548][209]LogModuleManager: Shutting down and abandoning module GooglePADEditor (872)
[2022.04.05-12.32.26:548][209]LogModuleManager: Shutting down and abandoning module TemplateSequenceEditor (870)
[2022.04.05-12.32.26:548][209]LogModuleManager: Shutting down and abandoning module AudioCaptureEditor (868)
[2022.04.05-12.32.26:548][209]LogModuleManager: Shutting down and abandoning module MatineeToLevelSequence (866)
[2022.04.05-12.32.26:548][209]LogModuleManager: Shutting down and abandoning module LevelSequenceEditor (864)
[2022.04.05-12.32.26:548][209]LogModuleManager: Shutting down and abandoning module ActorSequenceEditor (862)
[2022.04.05-12.32.26:548][209]LogModuleManager: Shutting down and abandoning module PlanarCut (860)
[2022.04.05-12.32.26:548][209]LogModuleManager: Shutting down and abandoning module WmfMediaFactory (858)
[2022.04.05-12.32.26:548][209]LogModuleManager: Shutting down and abandoning module WmfMediaEditor (856)
[2022.04.05-12.32.26:548][209]LogModuleManager: Shutting down and abandoning module WebMMediaFactory (854)
[2022.04.05-12.32.26:548][209]LogModuleManager: Shutting down and abandoning module WebMMediaEditor (852)
[2022.04.05-12.32.26:548][209]LogModuleManager: Shutting down and abandoning module WebMMedia (850)
[2022.04.05-12.32.26:548][209]LogModuleManager: Shutting down and abandoning module MediaPlayerEditor (848)
[2022.04.05-12.32.26:548][209]LogModuleManager: Shutting down and abandoning module MediaCompositingEditor (846)
[2022.04.05-12.32.26:548][209]LogModuleManager: Shutting down and abandoning module SequenceRecorder (845)
[2022.04.05-12.32.26:548][209]LogModuleManager: Shutting down and abandoning module OpenExrWrapper (842)
[2022.04.05-12.32.26:548][209]LogModuleManager: Shutting down and abandoning module ImgMediaFactory (840)
[2022.04.05-12.32.26:548][209]LogModuleManager: Shutting down and abandoning module ImgMediaEditor (838)
[2022.04.05-12.32.26:548][209]LogModuleManager: Shutting down and abandoning module AvfMediaFactory (836)
[2022.04.05-12.32.26:548][209]LogModuleManager: Shutting down and abandoning module AvfMediaEditor (834)
[2022.04.05-12.32.26:548][209]LogModuleManager: Shutting down and abandoning module AndroidMediaFactory (832)
[2022.04.05-12.32.26:548][209]LogModuleManager: Shutting down and abandoning module AndroidMediaEditor (830)
[2022.04.05-12.32.26:548][209]LogModuleManager: Shutting down and abandoning module CharacterAI (828)
[2022.04.05-12.32.26:548][209]LogModuleManager: Shutting down and abandoning module MagicLeapMediaCodecFactory (826)
[2022.04.05-12.32.26:548][209]LogModuleManager: Shutting down and abandoning module MagicLeapMediaFactory (824)
[2022.04.05-12.32.26:548][209]LogModuleManager: Shutting down and abandoning module MagicLeapMediaEditor (822)
[2022.04.05-12.32.26:548][209]LogModuleManager: Shutting down and abandoning module TextureAlignMode (820)
[2022.04.05-12.32.26:548][209]LogModuleManager: Shutting down and abandoning module BspMode (818)
[2022.04.05-12.32.26:548][209]LogModuleManager: Shutting down and abandoning module GeometryMode (816)
[2022.04.05-12.32.26:548][209]LogModuleManager: Shutting down and abandoning module CameraShakePreviewer (814)
[2022.04.05-12.32.26:549][209]LogModuleManager: Shutting down and abandoning module SmartSnapping (812)
[2022.04.05-12.32.26:549][209]LogModuleManager: Shutting down and abandoning module SessionServices (810)
[2022.04.05-12.32.26:549][209]LogModuleManager: Shutting down and abandoning module MeshPaint (808)
[2022.04.05-12.32.26:549][209]LogModuleManager: Shutting down and abandoning module VirtualTexturingEditor (806)
[2022.04.05-12.32.26:549][209]LogModuleManager: Shutting down and abandoning module FoliageEdit (804)
[2022.04.05-12.32.26:549][209]LogModuleManager: Shutting down and abandoning module LandscapeEditor (802)
[2022.04.05-12.32.26:549][209]LogModuleManager: Shutting down and abandoning module MeshPaintMode (800)
[2022.04.05-12.32.26:549][209]LogModuleManager: Shutting down and abandoning module SceneDepthPickerMode (798)
[2022.04.05-12.32.26:549][209]LogModuleManager: Shutting down and abandoning module ActorPickerMode (796)
[2022.04.05-12.32.26:549][209]LogModuleManager: Shutting down and abandoning module PlacementMode (794)
[2022.04.05-12.32.26:549][209]LogModuleManager: Shutting down and abandoning module ViewportSnapping (792)
[2022.04.05-12.32.26:549][209]LogModuleManager: Shutting down and abandoning module ViewportInteraction (790)
[2022.04.05-12.32.26:549][209]LogModuleManager: Shutting down and abandoning module ClothPainter (788)
[2022.04.05-12.32.26:549][209]LogModuleManager: Shutting down and abandoning module SkeletalMeshEditor (787)
[2022.04.05-12.32.26:549][209]LogModuleManager: Shutting down and abandoning module LogVisualizer (784)
[2022.04.05-12.32.26:549][209]LogModuleManager: Shutting down and abandoning module IntroTutorials (782)
[2022.04.05-12.32.26:549][209]LogModuleManager: Shutting down and abandoning module GameProjectGeneration (781)
[2022.04.05-12.32.26:549][209]LogModuleManager: Shutting down and abandoning module LuminPlatformEditor (778)
[2022.04.05-12.32.26:549][209]LogModuleManager: Shutting down and abandoning module IOSPlatformEditor (776)
[2022.04.05-12.32.26:549][209]LogModuleManager: Shutting down and abandoning module AndroidPlatformEditor (774)
[2022.04.05-12.32.26:549][209]LogModuleManager: Shutting down and abandoning module AndroidDeviceDetection (773)
[2022.04.05-12.32.27:590][209]LogModuleManager: Shutting down and abandoning module WindowsPlatformEditor (770)
[2022.04.05-12.32.27:590][209]LogModuleManager: Shutting down and abandoning module LuminRuntimeSettings (768)
[2022.04.05-12.32.27:590][209]LogModuleManager: Shutting down and abandoning module IOSRuntimeSettings (766)
[2022.04.05-12.32.27:590][209]LogModuleManager: Shutting down and abandoning module AndroidRuntimeSettings (764)
[2022.04.05-12.32.27:590][209]LogModuleManager: Shutting down and abandoning module TraceInsights (762)
[2022.04.05-12.32.27:590][209]MemoryProfiler: Shutdown
[2022.04.05-12.32.27:590][209]NetworkingProfiler: Shutdown
[2022.04.05-12.32.27:590][209]LoadingProfiler: Shutdown
[2022.04.05-12.32.27:590][209]TimingProfiler: Shutdown
[2022.04.05-12.32.27:590][209]LogModuleManager: Shutting down and abandoning module TraceServices (761)
[2022.04.05-12.32.27:590][209]LogModuleManager: Shutting down and abandoning module EditorInteractiveToolsFramework (758)
[2022.04.05-12.32.27:590][209]LogModuleManager: Shutting down and abandoning module TimeManagementEditor (756)
[2022.04.05-12.32.27:590][209]LogModuleManager: Shutting down and abandoning module InputBindingEditor (754)
[2022.04.05-12.32.27:590][209]LogModuleManager: Shutting down and abandoning module MergeActors (752)
[2022.04.05-12.32.27:590][209]LogModuleManager: Shutting down and abandoning module LocalizationDashboard (750)
[2022.04.05-12.32.27:590][209]LogModuleManager: Shutting down and abandoning module LocalizationService (749)
[2022.04.05-12.32.27:590][209]LogModuleManager: Shutting down and abandoning module HardwareTargeting (746)
[2022.04.05-12.32.27:590][209]LogModuleManager: Shutting down and abandoning module DeviceProfileEditor (744)
[2022.04.05-12.32.27:590][209]LogModuleManager: Shutting down and abandoning module UndoHistory (742)
[2022.04.05-12.32.27:590][209]LogModuleManager: Shutting down and abandoning module XmlParser (740)
[2022.04.05-12.32.27:590][209]LogModuleManager: Shutting down and abandoning module Blutility (738)
[2022.04.05-12.32.27:590][209]LogModuleManager: Shutting down and abandoning module ProjectSettingsViewer (736)
[2022.04.05-12.32.27:590][209]LogModuleManager: Shutting down and abandoning module ProjectTargetPlatformEditor (735)
[2022.04.05-12.32.27:591][209]LogModuleManager: Shutting down and abandoning module EditorSettingsViewer (732)
[2022.04.05-12.32.27:591][209]LogModuleManager: Shutting down and abandoning module InternationalizationSettings (731)
[2022.04.05-12.32.27:591][209]LogModuleManager: Shutting down and abandoning module SettingsEditor (728)
[2022.04.05-12.32.27:591][209]LogModuleManager: Shutting down and abandoning module ProjectLauncher (726)
[2022.04.05-12.32.27:591][209]LogModuleManager: Shutting down and abandoning module SessionFrontend (724)
[2022.04.05-12.32.27:591][209]LogModuleManager: Shutting down and abandoning module ProfilerClient (722)
[2022.04.05-12.32.27:591][209]LogModuleManager: Shutting down and abandoning module DeviceManager (720)
[2022.04.05-12.32.27:591][209]LogModuleManager: Shutting down and abandoning module TargetDeviceServices (719)
[2022.04.05-12.32.27:622][209]LogModuleManager: Shutting down and abandoning module AutomationController (716)
[2022.04.05-12.32.27:622][209]LogModuleManager: Shutting down and abandoning module AutomationWindow (714)
[2022.04.05-12.32.27:622][209]LogModuleManager: Shutting down and abandoning module Layers (712)
[2022.04.05-12.32.27:622][209]LogModuleManager: Shutting down and abandoning module ComponentVisualizers (710)
[2022.04.05-12.32.27:622][209]LogModuleManager: Shutting down and abandoning module DetailCustomizations (708)
[2022.04.05-12.32.27:622][209]LogModuleManager: Shutting down and abandoning module PackagesDialog (706)
[2022.04.05-12.32.27:623][209]LogModuleManager: Shutting down and abandoning module AnimationBlueprintEditor (704)
[2022.04.05-12.32.27:623][209]LogModuleManager: Shutting down and abandoning module Persona (702)
[2022.04.05-12.32.27:623][209]LogModuleManager: Shutting down and abandoning module AnimGraph (701)
[2022.04.05-12.32.27:623][209]LogModuleManager: Shutting down and abandoning module Kismet (698)
[2022.04.05-12.32.27:636][209]LogModuleManager: Shutting down and abandoning module KismetWidgets (697)
[2022.04.05-12.32.27:636][209]LogModuleManager: Shutting down and abandoning module GraphEditor (694)
[2022.04.05-12.32.27:636][209]LogModuleManager: Shutting down and abandoning module StructViewer (692)
[2022.04.05-12.32.27:636][209]LogModuleManager: Shutting down and abandoning module ClassViewer (690)
[2022.04.05-12.32.27:638][209]LogModuleManager: Shutting down and abandoning module Toolbox (688)
[2022.04.05-12.32.27:638][209]LogModuleManager: Shutting down and abandoning module ModuleUI (686)
[2022.04.05-12.32.27:638][209]LogModuleManager: Shutting down and abandoning module OutputLog (684)
[2022.04.05-12.32.27:640][209]LogModuleManager: Shutting down and abandoning module GammaUI (682)
[2022.04.05-12.32.27:640][209]LogModuleManager: Shutting down and abandoning module Documentation (680)
[2022.04.05-12.32.27:640][209]LogModuleManager: Shutting down and abandoning module LiveCoding (678)
[2022.04.05-12.32.27:640][209]LogModuleManager: Shutting down and abandoning module LevelSequence (676)
[2022.04.05-12.32.27:640][209]LogModuleManager: Shutting down and abandoning module MovieSceneTracks (674)
[2022.04.05-12.32.27:640][209]LogModuleManager: Shutting down and abandoning module MovieScene (672)
[2022.04.05-12.32.27:640][209]LogModuleManager: Shutting down and abandoning module StreamingPauseRendering (670)
[2022.04.05-12.32.27:640][209]LogModuleManager: Shutting down and abandoning module LauncherPlatform (668)
[2022.04.05-12.32.27:640][209]LogModuleManager: Shutting down and abandoning module AnalyticsET (666)
[2022.04.05-12.32.27:640][209]LogModuleManager: Shutting down and abandoning module PortalServices (664)
[2022.04.05-12.32.27:640][209]LogModuleManager: Shutting down and abandoning module PortalRpc (662)
[2022.04.05-12.32.27:640][209]LogModuleManager: Shutting down and abandoning module MessagingRpc (660)
[2022.04.05-12.32.27:640][209]LogModuleManager: Shutting down and abandoning module AudioMixerXAudio2 (658)
[2022.04.05-12.32.27:640][209]LogModuleManager: Shutting down and abandoning module AudioMixerCore (657)
[2022.04.05-12.32.27:640][209]LogModuleManager: Shutting down and abandoning module AIModule (654)
[2022.04.05-12.32.27:640][209]LogModuleManager: Shutting down and abandoning module GameplayDebugger (653)
[2022.04.05-12.32.27:640][209]LogModuleManager: Shutting down and abandoning module AITestSuite (651)
[2022.04.05-12.32.27:640][209]LogModuleManager: Shutting down and abandoning module NavigationSystem (649)
[2022.04.05-12.32.27:640][209]LogModuleManager: Shutting down and abandoning module ImageWriteQueue (646)
[2022.04.05-12.32.27:645][209]LogModuleManager: Shutting down and abandoning module ProfilerService (644)
[2022.04.05-12.32.27:676][209]LogModuleManager: Shutting down and abandoning module TaskGraph (642)
[2022.04.05-12.32.27:676][209]LogModuleManager: Shutting down and abandoning module AudioSynesthesiaEditor (640)
[2022.04.05-12.32.27:676][209]LogModuleManager: Shutting down and abandoning module OculusEditor (638)
[2022.04.05-12.32.27:676][209]LogModuleManager: Shutting down and abandoning module OculusInput (636)
[2022.04.05-12.32.27:676][209]LogModuleManager: Shutting down and abandoning module ContentBrowserClassDataSource (634)
[2022.04.05-12.32.27:676][209]LogModuleManager: Shutting down and abandoning module ContentBrowserFileDataSource (632)
[2022.04.05-12.32.27:676][209]LogModuleManager: Shutting down and abandoning module ContentBrowserAssetDataSource (630)
[2022.04.05-12.32.27:676][209]LogModuleManager: Shutting down and abandoning module CollectionManager (629)
[2022.04.05-12.32.27:676][209]LogModuleManager: Shutting down and abandoning module TakeSequencer (626)
[2022.04.05-12.32.27:676][209]LogModuleManager: Shutting down and abandoning module TakeMovieScene (624)
[2022.04.05-12.32.27:676][209]LogModuleManager: Shutting down and abandoning module ScreenshotTools (622)
[2022.04.05-12.32.27:676][209]LogModuleManager: Shutting down and abandoning module SynthesisEditor (620)
[2022.04.05-12.32.27:676][209]LogModuleManager: Shutting down and abandoning module Synthesis (618)
[2022.04.05-12.32.27:676][209]LogModuleManager: Shutting down and abandoning module ProceduralMeshComponentEditor (616)
[2022.04.05-12.32.27:676][209]LogModuleManager: Shutting down and abandoning module ProceduralMeshComponent (614)
[2022.04.05-12.32.27:676][209]LogModuleManager: Shutting down and abandoning module ResonanceAudio (612)
[2022.04.05-12.32.27:676][209]LogModuleManager: Shutting down and abandoning module OpenXREditor (610)
[2022.04.05-12.32.27:676][209]LogModuleManager: Shutting down and abandoning module MobilePatchingUtils (608)
[2022.04.05-12.32.27:676][209]LogModuleManager: Shutting down and abandoning module GooglePAD (606)
[2022.04.05-12.32.27:676][209]LogModuleManager: Shutting down and abandoning module EditableMesh (604)
[2022.04.05-12.32.27:676][209]LogModuleManager: Shutting down and abandoning module CustomMeshComponent (602)
[2022.04.05-12.32.27:676][209]LogModuleManager: Shutting down and abandoning module CableComponent (600)
[2022.04.05-12.32.27:676][209]LogModuleManager: Shutting down and abandoning module AssetTags (598)
[2022.04.05-12.32.27:676][209]LogModuleManager: Shutting down and abandoning module TemplateSequence (596)
[2022.04.05-12.32.27:677][209]LogModuleManager: Shutting down and abandoning module AudioCapture (594)
[2022.04.05-12.32.27:677][209]LogModuleManager: Shutting down and abandoning module AudioCaptureRtAudio (593)
[2022.04.05-12.32.27:677][209]LogModuleManager: Shutting down and abandoning module ArchVisCharacter (590)
[2022.04.05-12.32.27:677][209]LogModuleManager: Shutting down and abandoning module AppleImageUtilsBlueprintSupport (588)
[2022.04.05-12.32.27:677][209]LogModuleManager: Shutting down and abandoning module AppleImageUtils (586)
[2022.04.05-12.32.27:677][209]LogModuleManager: Shutting down and abandoning module AndroidPermission (584)
[2022.04.05-12.32.27:677][209]LogModuleManager: Shutting down and abandoning module ActorLayerUtilitiesEditor (582)
[2022.04.05-12.32.27:677][209]LogModuleManager: Shutting down and abandoning module ActorLayerUtilities (580)
[2022.04.05-12.32.27:677][209]LogModuleManager: Shutting down and abandoning module MotoSynthEditor (578)
[2022.04.05-12.32.27:677][209]LogModuleManager: Shutting down and abandoning module MotoSynth (576)
[2022.04.05-12.32.27:677][209]LogModuleManager: Shutting down and abandoning module OpenImageDenoise (574)
[2022.04.05-12.32.27:677][209]LogOpenImageDenoise: OIDN shutting down
[2022.04.05-12.32.27:677][209]LogModuleManager: Shutting down and abandoning module MeshConversion (572)
[2022.04.05-12.32.27:677][209]LogModuleManager: Shutting down and abandoning module DynamicMesh (570)
[2022.04.05-12.32.27:677][209]LogModuleManager: Shutting down and abandoning module GeometryAlgorithms (568)
[2022.04.05-12.32.27:677][209]LogModuleManager: Shutting down and abandoning module GeometricObjects (566)
[2022.04.05-12.32.27:677][209]LogModuleManager: Shutting down and abandoning module MediaCompositing (564)
[2022.04.05-12.32.27:677][209]LogModuleManager: Shutting down and abandoning module ImgMedia (562)
[2022.04.05-12.32.27:677][209]LogModuleManager: Shutting down and abandoning module GeometryCacheTracks (560)
[2022.04.05-12.32.27:677][209]LogModuleManager: Shutting down and abandoning module GeometryCacheStreamer (558)
[2022.04.05-12.32.27:677][209]LogModuleManager: Shutting down and abandoning module GeometryCacheSequencer (556)
[2022.04.05-12.32.27:677][209]LogModuleManager: Shutting down and abandoning module GeometryCollectionTracks (554)
[2022.04.05-12.32.27:677][209]LogModuleManager: Shutting down and abandoning module GeometryCollectionSequencer (553)
[2022.04.05-12.32.27:677][209]LogModuleManager: Shutting down and abandoning module GeometryCollectionEditor (550)
[2022.04.05-12.32.27:677][209]LogModuleManager: Shutting down and abandoning module ChaosSolverEditor (548)
[2022.04.05-12.32.27:677][209]LogModuleManager: Shutting down and abandoning module ChaosNiagara (546)
[2022.04.05-12.32.27:677][209]LogModuleManager: Shutting down and abandoning module ChaosClothEditor (544)
[2022.04.05-12.32.27:677][209]LogModuleManager: Shutting down and abandoning module FractureEditor (542)
[2022.04.05-12.32.27:677][209]LogModuleManager: Shutting down and abandoning module BlastCore (540)
[2022.04.05-12.32.27:677][209]LogModuleManager: Shutting down and abandoning module BlastAuthoring (538)
[2022.04.05-12.32.27:677][209]LogModuleManager: Shutting down and abandoning module AutomationUtilsEditor (536)
[2022.04.05-12.32.27:677][209]LogModuleManager: Shutting down and abandoning module AutomationUtils (534)
[2022.04.05-12.32.27:677][209]LogModuleManager: Shutting down and abandoning module BackChannel (532)
[2022.04.05-12.32.27:677][209]LogModuleManager: Shutting down and abandoning module AlembicImporter (530)
[2022.04.05-12.32.27:677][209]LogModuleManager: Shutting down and abandoning module AlembicLibrary (529)
[2022.04.05-12.32.27:677][209]LogModuleManager: Shutting down and abandoning module GeometryCache (528)
[2022.04.05-12.32.27:677][209]LogModuleManager: Shutting down and abandoning module GeometryCacheEd (527)
[2022.04.05-12.32.27:677][209]LogModuleManager: Shutting down and abandoning module MagicLeapSharedWorld (522)
[2022.04.05-12.32.27:677][209]LogModuleManager: Shutting down and abandoning module MagicLeapLightEstimation (520)
[2022.04.05-12.32.27:677][209]LogModuleManager: Shutting down and abandoning module MagicLeapHelperVulkan (518)
[2022.04.05-12.32.27:677][209]LogModuleManager: Shutting down and abandoning module MagicLeapHelperOpenGL (516)
[2022.04.05-12.32.27:677][209]LogModuleManager: Shutting down and abandoning module MagicLeapAudio (514)
[2022.04.05-12.32.27:677][209]LogModuleManager: Shutting down and abandoning module NiagaraEditorWidgets (512)
[2022.04.05-12.32.27:677][209]LogModuleManager: Shutting down and abandoning module VariantManager (510)
[2022.04.05-12.32.27:677][209]LogModuleManager: Shutting down and abandoning module VariantManagerContentEditor (509)
[2022.04.05-12.32.27:677][209]LogModuleManager: Shutting down and abandoning module StaticMeshEditorExtension (506)
[2022.04.05-12.32.27:677][209]LogModuleManager: Shutting down and abandoning module StaticMeshEditor (505)
[2022.04.05-12.32.27:677][209]LogModuleManager: Shutting down and abandoning module AdvancedPreviewScene (504)
[2022.04.05-12.32.27:677][209]LogModuleManager: Shutting down and abandoning module MeshProcessingLibrary (501)
[2022.04.05-12.32.27:677][209]LogModuleManager: Shutting down and abandoning module DirectLinkTest (498)
[2022.04.05-12.32.27:677][209]LogModuleManager: Shutting down and abandoning module DatasmithNativeTranslator (496)
[2022.04.05-12.32.27:677][209]LogModuleManager: Shutting down and abandoning module DatasmithTranslator (494)
[2022.04.05-12.32.27:677][209]LogModuleManager: Shutting down and abandoning module DatasmithImporter (492)
[2022.04.05-12.32.27:677][209]LogModuleManager: Shutting down and abandoning module DatasmithContentEditor (490)
[2022.04.05-12.32.27:677][209]LogModuleManager: Shutting down and abandoning module DataprepEditorScriptingUtilities (488)
[2022.04.05-12.32.27:677][209]LogModuleManager: Shutting down and abandoning module DataprepLibraries (486)
[2022.04.05-12.32.27:677][209]LogModuleManager: Shutting down and abandoning module DataprepCore (484)
[2022.04.05-12.32.27:677][209]LogModuleManager: Shutting down and abandoning module DataprepEditor (482)
[2022.04.05-12.32.27:677][209]LogModuleManager: Shutting down and abandoning module VisualStudioSourceCodeAccess (480)
[2022.04.05-12.32.27:677][209]LogModuleManager: Shutting down and abandoning module VisualStudioCodeSourceCodeAccess (478)
[2022.04.05-12.32.27:678][209]LogModuleManager: Shutting down and abandoning module UObjectPlugin (476)
[2022.04.05-12.32.27:678][209]LogModuleManager: Shutting down and abandoning module RiderSourceCodeAccess (474)
[2022.04.05-12.32.27:678][209]LogModuleManager: Shutting down and abandoning module SubversionSourceControl (472)
[2022.04.05-12.32.27:678][209]LogModuleManager: Shutting down and abandoning module PlasticSourceControl (470)
[2022.04.05-12.32.27:678][209]LogModuleManager: Shutting down and abandoning module PluginUtils (468)
[2022.04.05-12.32.27:678][209]LogModuleManager: Shutting down and abandoning module PerforceSourceControl (466)
[2022.04.05-12.32.27:678][209]LogModuleManager: Shutting down and abandoning module GitSourceControl (464)
[2022.04.05-12.32.27:678][209]LogModuleManager: Shutting down and abandoning module SourceControl (463)
[2022.04.05-12.32.27:678][209]LogModuleManager: Shutting down and abandoning module CLionSourceCodeAccess (460)
[2022.04.05-12.32.27:678][209]LogModuleManager: Shutting down and abandoning module AnimationSharingEd (458)
[2022.04.05-12.32.27:678][209]LogModuleManager: Shutting down and abandoning module PluginBrowser (456)
[2022.04.05-12.32.27:678][209]LogModuleManager: Shutting down and abandoning module MobileLauncherProfileWizard (454)
[2022.04.05-12.32.27:678][209]LogModuleManager: Shutting down and abandoning module SpeedTreeImporter (452)
[2022.04.05-12.32.27:678][209]LogModuleManager: Shutting down and abandoning module PolygonModeling (450)
[2022.04.05-12.32.27:678][209]LogModuleManager: Shutting down and abandoning module MeshEditor (448)
[2022.04.05-12.32.27:678][209]LogModuleManager: Shutting down and abandoning module FieldSystemEngine (447)
[2022.04.05-12.32.27:678][209]LogModuleManager: Shutting down and abandoning module MaterialAnalyzer (444)
[2022.04.05-12.32.27:678][209]LogModuleManager: Shutting down and abandoning module EditorScriptingUtilities (442)
[2022.04.05-12.32.27:678][209]LogModuleManager: Shutting down and abandoning module CurveEditorTools (440)
[2022.04.05-12.32.27:678][209]LogModuleManager: Shutting down and abandoning module CryptoKeysOpenSSL (438)
[2022.04.05-12.32.27:678][209]LogModuleManager: Shutting down and abandoning module CryptoKeys (436)
[2022.04.05-12.32.27:678][209]LogModuleManager: Shutting down and abandoning module LightPropagationVolumeEditor (434)
[2022.04.05-12.32.27:678][209]LogModuleManager: Shutting down and abandoning module OodleNetworkHandlerComponent (432)
[2022.04.05-12.32.27:678][209]LogModuleManager: Shutting down and abandoning module LiveLinkSequencer (430)
[2022.04.05-12.32.27:678][209]LogModuleManager: Shutting down and abandoning module LiveLinkMovieScene (428)
[2022.04.05-12.32.27:678][209]LogModuleManager: Shutting down and abandoning module LiveLinkGraphNode (426)
[2022.04.05-12.32.27:678][209]LogModuleManager: Shutting down and abandoning module LiveLinkEditor (424)
[2022.04.05-12.32.27:678][209]LogModuleManager: Shutting down and abandoning module LiveLinkComponents (422)
[2022.04.05-12.32.27:678][209]LogModuleManager: Shutting down and abandoning module LiveLink (420)
[2022.04.05-12.32.27:866][209]LogModuleManager: Shutting down and abandoning module PaperTiledImporter (418)
[2022.04.05-12.32.27:866][209]LogModuleManager: Shutting down and abandoning module PaperSpriteSheetImporter (416)
[2022.04.05-12.32.27:866][209]LogModuleManager: Shutting down and abandoning module Paper2DEditor (414)
[2022.04.05-12.32.27:866][209]LogModuleManager: Shutting down and abandoning module MeshPaintingToolset (412)
[2022.04.05-12.32.27:866][209]LogModuleManager: Shutting down and abandoning module MeshPaintEditorMode (410)
[2022.04.05-12.32.27:866][209]LogModuleManager: Shutting down and abandoning module P8_VR_Home (408)
[2022.04.05-12.32.27:866][209]LogModuleManager: Shutting down and abandoning module SignificanceManager (406)
[2022.04.05-12.32.27:866][209]LogModuleManager: Shutting down and abandoning module SoundFields (404)
[2022.04.05-12.32.27:866][209]LogModuleManager: Shutting down and abandoning module PropertyAccessEditor (402)
[2022.04.05-12.32.27:866][209]LogModuleManager: Shutting down and abandoning module RuntimePhysXCooking (400)
[2022.04.05-12.32.27:866][209]LogModuleManager: Shutting down and abandoning module PhysXVehiclesEditor (398)
[2022.04.05-12.32.27:866][209]LogModuleManager: Shutting down and abandoning module LocationServicesBPLibrary (394)
[2022.04.05-12.32.27:866][209]LogModuleManager: Shutting down and abandoning module AudioSynesthesia (392)
[2022.04.05-12.32.27:866][209]LogModuleManager: Shutting down and abandoning module AudioSynesthesiaCore (390)
[2022.04.05-12.32.27:866][209]LogModuleManager: Shutting down and abandoning module ActorSequence (388)
[2022.04.05-12.32.27:866][209]LogModuleManager: Shutting down and abandoning module UdpMessaging (386)
[2022.04.05-12.32.27:967][209]LogModuleManager: Shutting down and abandoning module TcpMessaging (384)
[2022.04.05-12.32.28:067][209]LogModuleManager: Shutting down and abandoning module PythonScriptPlugin (382)
[2022.04.05-12.32.28:067][209]LogModuleManager: Shutting down and abandoning module ImgMediaEngine (380)
[2022.04.05-12.32.28:067][209]LogModuleManager: Shutting down and abandoning module MagicLeapARPin (378)
[2022.04.05-12.32.28:067][209]LogModuleManager: Shutting down and abandoning module MagicLeapHandMeshing (376)
[2022.04.05-12.32.28:067][209]LogModuleManager: Shutting down and abandoning module MagicLeapSecureStorage (374)
[2022.04.05-12.32.28:067][209]LogModuleManager: Shutting down and abandoning module MagicLeapPrivileges (372)
[2022.04.05-12.32.28:067][209]LogModuleManager: Shutting down and abandoning module MagicLeapPlanes (370)
[2022.04.05-12.32.28:067][209]LogMagicLeapPlanes: Planes tracker already destroyed.
[2022.04.05-12.32.28:067][209]LogModuleManager: Shutting down and abandoning module MagicLeapImageTracker (368)
[2022.04.05-12.32.28:067][209]LogModuleManager: Shutting down and abandoning module MagicLeapIdentity (366)
[2022.04.05-12.32.28:067][209]LogModuleManager: Shutting down and abandoning module MagicLeapHandTracking (364)
[2022.04.05-12.32.28:067][209]LogModuleManager: Shutting down and abandoning module MagicLeapEyeTracker (362)
[2022.04.05-12.32.28:067][209]LogModuleManager: Shutting down and abandoning module MagicLeapController (360)
[2022.04.05-12.32.28:067][209]LogModuleManager: Shutting down and abandoning module MagicLeapARPinImpl (358)
[2022.04.05-12.32.28:067][209]LogModuleManager: Shutting down and abandoning module MagicLeapAR (356)
[2022.04.05-12.32.28:067][209]LogModuleManager: Shutting down and abandoning module NiagaraAnimNotifies (354)
[2022.04.05-12.32.28:067][209]LogModuleManager: Shutting down and abandoning module Niagara (352)
[2022.04.05-12.32.28:067][209]LogModuleManager: Shutting down and abandoning module SignalProcessing (351)
[2022.04.05-12.32.28:067][209]LogModuleManager: Shutting down and abandoning module NiagaraEditor (349)
[2022.04.05-12.32.28:068][209]LogModuleManager: Shutting down and abandoning module NiagaraCore (346)
[2022.04.05-12.32.28:068][209]LogModuleManager: Shutting down and abandoning module PropertyAccessNode (344)
[2022.04.05-12.32.28:068][209]LogModuleManager: Shutting down and abandoning module AnimationSharing (342)
[2022.04.05-12.32.28:068][209]LogModuleManager: Shutting down and abandoning module GameplayTagsEditor (340)
[2022.04.05-12.32.28:068][209]LogModuleManager: Shutting down and abandoning module FacialAnimationEditor (338)
[2022.04.05-12.32.28:068][209]LogModuleManager: Shutting down and abandoning module FacialAnimation (336)
[2022.04.05-12.32.28:068][209]LogModuleManager: Shutting down and abandoning module DataValidation (334)
[2022.04.05-12.32.28:068][209]LogModuleManager: Shutting down and abandoning module AssetManagerEditor (332)
[2022.04.05-12.32.28:068][209]LogModuleManager: Shutting down and abandoning module LevelEditor (331)
[2022.04.05-12.32.28:069][209]LogModuleManager: Shutting down and abandoning module PixelInspectorModule (330)
[2022.04.05-12.32.28:069][209]LogModuleManager: Shutting down and abandoning module CommonMenuExtensions (328)
[2022.04.05-12.32.28:069][209]LogModuleManager: Shutting down and abandoning module MainFrame (326)
[2022.04.05-12.32.28:069][209]LogModuleManager: Shutting down and abandoning module HotReload (325)
[2022.04.05-12.32.28:070][209]LogModuleManager: Shutting down and abandoning module ToolMenus (321)
[2022.04.05-12.32.28:070][209]LogModuleManager: Shutting down and abandoning module ContentBrowser (319)
[2022.04.05-12.32.28:070][209]LogModuleManager: Shutting down and abandoning module ContentBrowserData (318)
[2022.04.05-12.32.28:070][209]LogModuleManager: Shutting down and abandoning module TreeMap (315)
[2022.04.05-12.32.28:070][209]LogModuleManager: Shutting down and abandoning module LightPropagationVolumeRuntime (312)
[2022.04.05-12.32.28:070][209]LogModuleManager: Shutting down and abandoning module GameplayCameras (310)
[2022.04.05-12.32.28:070][209]LogModuleManager: Shutting down and abandoning module EnvironmentQueryEditor (308)
[2022.04.05-12.32.28:070][209]LogModuleManager: Shutting down and abandoning module Paper2D (306)
[2022.04.05-12.32.28:070][209]LogModuleManager: Shutting down and abandoning module WindowsMoviePlayer (304)
[2022.04.05-12.32.28:073][209]LogModuleManager: Shutting down and abandoning module WebMMoviePlayer (302)
[2022.04.05-12.32.28:073][209]LogModuleManager: Shutting down and abandoning module NetworkReplayStreaming (300)
[2022.04.05-12.32.28:073][209]LogModuleManager: Shutting down and abandoning module PacketHandler (298)
[2022.04.05-12.32.28:073][209]LogModuleManager: Shutting down and abandoning module ClothingSystemEditor (296)
[2022.04.05-12.32.28:073][209]LogModuleManager: Shutting down and abandoning module ClothingSystemRuntimeNv (294)
[2022.04.05-12.32.28:073][209]LogModuleManager: Shutting down and abandoning module MediaAssets (292)
[2022.04.05-12.32.28:073][209]LogModuleManager: Shutting down and abandoning module Overlay (290)
[2022.04.05-12.32.28:073][209]LogModuleManager: Shutting down and abandoning module OverlayEditor (289)
[2022.04.05-12.32.28:073][209]LogModuleManager: Shutting down and abandoning module VREditor (286)
[2022.04.05-12.32.28:073][209]LogModuleManager: Shutting down and abandoning module StringTableEditor (284)
[2022.04.05-12.32.28:073][209]LogModuleManager: Shutting down and abandoning module GameplayTasksEditor (282)
[2022.04.05-12.32.28:073][209]LogModuleManager: Shutting down and abandoning module BehaviorTreeEditor (280)
[2022.04.05-12.32.28:073][209]LogModuleManager: Shutting down and abandoning module FunctionalTesting (278)
[2022.04.05-12.32.28:073][209]LogModuleManager: Shutting down and abandoning module CollisionAnalyzer (276)
[2022.04.05-12.32.28:073][209]LogModuleManager: Shutting down and abandoning module WorkspaceMenuStructure (275)
[2022.04.05-12.32.28:073][209]LogModuleManager: Shutting down and abandoning module UMG (272)
[2022.04.05-12.32.28:073][209]LogModuleManager: Shutting down and abandoning module UMGEditor (271)
[2022.04.05-12.32.28:073][209]LogModuleManager: Shutting down and abandoning module MessageLog (269)
[2022.04.05-12.32.28:073][209]LogModuleManager: Shutting down and abandoning module SlateReflector (264)
[2022.04.05-12.32.28:074][209]LogModuleManager: Shutting down and abandoning module Slate (262)
[2022.04.05-12.32.28:074][209]LogModuleManager: Shutting down and abandoning module SlateCore (260)
[2022.04.05-12.32.28:074][209]LogModuleManager: Shutting down and abandoning module LandscapeEditorUtilities (258)
[2022.04.05-12.32.28:074][209]LogModuleManager: Shutting down and abandoning module UnrealEd (256)
[2022.04.05-12.32.28:074][209]LogModuleManager: Shutting down and abandoning module MRMesh (254)
[2022.04.05-12.32.28:074][209]LogModuleManager: Shutting down and abandoning module SourceCodeAccess (252)
[2022.04.05-12.32.28:074][209]LogModuleManager: Shutting down and abandoning module HeadMountedDisplay (250)
[2022.04.05-12.32.28:074][209]LogModuleManager: Shutting down and abandoning module XAudio2 (248)
[2022.04.05-12.32.28:074][209]LogModuleManager: Shutting down and abandoning module Networking (246)
[2022.04.05-12.32.28:074][209]LogModuleManager: Shutting down and abandoning module Core (244)
[2022.04.05-12.32.28:074][209]LogModuleManager: Shutting down and abandoning module MaterialEditor (242)
[2022.04.05-12.32.28:074][209]LogModuleManager: Shutting down and abandoning module MovieSceneTools (240)
[2022.04.05-12.32.28:074][209]LogModuleManager: Shutting down and abandoning module CurveEditor (239)
[2022.04.05-12.32.28:074][209]LogModuleManager: Shutting down and abandoning module Sequencer (237)
[2022.04.05-12.32.28:075][209]LogModuleManager: Shutting down and abandoning module EditorStyle (236)
[2022.04.05-12.32.28:075][209]LogModuleManager: Shutting down and abandoning module KismetCompiler (232)
[2022.04.05-12.32.28:075][209]LogModuleManager: Shutting down and abandoning module MeshBuilder (230)
[2022.04.05-12.32.28:076][209]LogModuleManager: Shutting down and abandoning module MeshUtilities (228)
[2022.04.05-12.32.28:076][209]LogModuleManager: Shutting down and abandoning module MeshMergeUtilities (227)
[2022.04.05-12.32.28:076][209]LogModuleManager: Shutting down and abandoning module MeshReductionInterface (226)
[2022.04.05-12.32.28:076][209]LogModuleManager: Shutting down and abandoning module MeshBoneReduction (225)
[2022.04.05-12.32.28:076][209]LogModuleManager: Shutting down and abandoning module SkeletalMeshReduction (223)
[2022.04.05-12.32.28:076][209]LogModuleManager: Shutting down and abandoning module ProxyLODMeshReduction (221)
[2022.04.05-12.32.28:076][209]LogModuleManager: Shutting down and abandoning module QuadricMeshReduction (219)
[2022.04.05-12.32.28:076][209]LogModuleManager: Shutting down and abandoning module MaterialBaking (215)
[2022.04.05-12.32.28:076][209]LogModuleManager: Shutting down and abandoning module NullInstallBundleManager (210)
[2022.04.05-12.32.28:076][209]LogModuleManager: Shutting down and abandoning module DerivedDataCache (208)
[2022.04.05-12.32.28:076][209]LogModuleManager: Shutting down and abandoning module TargetPlatform (206)
[2022.04.05-12.32.28:076][209]LogModuleManager: Shutting down and abandoning module VulkanShaderFormat (205)
[2022.04.05-12.32.28:076][209]LogModuleManager: Shutting down and abandoning module ShaderFormatVectorVM (203)
[2022.04.05-12.32.28:076][209]LogModuleManager: Shutting down and abandoning module ShaderFormatOpenGL (201)
[2022.04.05-12.32.28:076][209]LogModuleManager: Shutting down and abandoning module ShaderFormatD3D (199)
[2022.04.05-12.32.28:076][209]LogModuleManager: Shutting down and abandoning module MetalShaderFormat (197)
[2022.04.05-12.32.28:076][209]LogModuleManager: Shutting down and abandoning module TextureFormatOodle (195)
[2022.04.05-12.32.28:076][209]LogModuleManager: Shutting down and abandoning module TextureFormatUncompressed (193)
[2022.04.05-12.32.28:076][209]LogModuleManager: Shutting down and abandoning module TextureFormatPVR (191)
[2022.04.05-12.32.28:076][209]LogModuleManager: Shutting down and abandoning module TextureFormatETC2 (189)
[2022.04.05-12.32.28:076][209]LogModuleManager: Shutting down and abandoning module TextureFormatDXT (187)
[2022.04.05-12.32.28:076][209]LogModuleManager: Shutting down and abandoning module TextureFormatIntelISPCTexComp (185)
[2022.04.05-12.32.28:076][209]LogModuleManager: Shutting down and abandoning module TextureFormatASTC (183)
[2022.04.05-12.32.28:076][209]LogModuleManager: Shutting down and abandoning module ImageWrapper (182)
[2022.04.05-12.32.28:076][209]LogModuleManager: Shutting down and abandoning module AudioFormatOpus (179)
[2022.04.05-12.32.28:076][209]LogModuleManager: Shutting down and abandoning module AudioFormatOgg (177)
[2022.04.05-12.32.28:076][209]LogModuleManager: Shutting down and abandoning module AudioFormatADPCM (175)
[2022.04.05-12.32.28:076][209]LogModuleManager: Shutting down and abandoning module WindowsServerTargetPlatform (173)
[2022.04.05-12.32.28:076][209]LogModuleManager: Shutting down and abandoning module WindowsClientTargetPlatform (171)
[2022.04.05-12.32.28:076][209]LogModuleManager: Shutting down and abandoning module WindowsTargetPlatform (169)
[2022.04.05-12.32.28:076][209]LogModuleManager: Shutting down and abandoning module WindowsNoEditorTargetPlatform (167)
[2022.04.05-12.32.28:076][209]LogModuleManager: Shutting down and abandoning module TVOSTargetPlatform (165)
[2022.04.05-12.32.28:078][209]LogModuleManager: Shutting down and abandoning module MacServerTargetPlatform (163)
[2022.04.05-12.32.28:078][209]LogModuleManager: Shutting down and abandoning module MacClientTargetPlatform (161)
[2022.04.05-12.32.28:078][209]LogModuleManager: Shutting down and abandoning module MacTargetPlatform (159)
[2022.04.05-12.32.28:078][209]LogModuleManager: Shutting down and abandoning module MacNoEditorTargetPlatform (157)
[2022.04.05-12.32.28:078][209]LogModuleManager: Shutting down and abandoning module LuminTargetPlatform (155)
[2022.04.05-12.32.28:081][209]LogModuleManager: Shutting down and abandoning module LinuxAArch64ServerTargetPlatform (153)
[2022.04.05-12.32.28:081][209]LogModuleManager: Shutting down and abandoning module LinuxAArch64ClientTargetPlatform (151)
[2022.04.05-12.32.28:081][209]LogModuleManager: Shutting down and abandoning module LinuxAArch64NoEditorTargetPlatform (149)
[2022.04.05-12.32.28:081][209]LogModuleManager: Shutting down and abandoning module LinuxServerTargetPlatform (147)
[2022.04.05-12.32.28:081][209]LogModuleManager: Shutting down and abandoning module LinuxClientTargetPlatform (145)
[2022.04.05-12.32.28:081][209]LogModuleManager: Shutting down and abandoning module LinuxNoEditorTargetPlatform (143)
[2022.04.05-12.32.28:081][209]LogModuleManager: Shutting down and abandoning module LinuxTargetPlatform (141)
[2022.04.05-12.32.28:081][209]LogModuleManager: Shutting down and abandoning module Messaging (139)
[2022.04.05-12.32.28:081][209]LogModuleManager: Shutting down and abandoning module IOSTargetPlatform (137)
[2022.04.05-12.32.28:083][209]LogModuleManager: Shutting down and abandoning module AndroidTargetPlatform (135)
[2022.04.05-12.32.28:088][209]LogModuleManager: Shutting down and abandoning module AllDesktopTargetPlatform (133)
[2022.04.05-12.32.28:088][209]LogModuleManager: Shutting down and abandoning module D3D11RHI (130)
[2022.04.05-12.32.28:088][209]LogModuleManager: Shutting down and abandoning module InputCore (128)
[2022.04.05-12.32.28:088][209]LogModuleManager: Shutting down and abandoning module Settings (126)
[2022.04.05-12.32.28:088][209]LogModuleManager: Shutting down and abandoning module DirectoryWatcher (124)
[2022.04.05-12.32.28:089][209]LogModuleManager: Shutting down and abandoning module PhysXCooking (122)
[2022.04.05-12.32.28:089][209]LogModuleManager: Shutting down and abandoning module Chaos (120)
[2022.04.05-12.32.28:089][209]LogModuleManager: Shutting down and abandoning module WindowsPlatformFeatures (118)
[2022.04.05-12.32.28:089][209]LogModuleManager: Shutting down and abandoning module GameplayMediaEncoder (117)
[2022.04.05-12.32.28:089][209]LogModuleManager: Shutting down and abandoning module AVEncoder (116)
[2022.04.05-12.32.28:089][209]LogModuleManager: Shutting down and abandoning module OculusOpenXRHMD (112)
[2022.04.05-12.32.28:089][209]LogModuleManager: Shutting down and abandoning module OculusHMD (110)
[2022.04.05-12.32.28:089][209]LogModuleManager: Shutting down and abandoning module OpenXRHandTracking (108)
[2022.04.05-12.32.28:089][209]LogSlate: Slate User Destroyed.  User Index 0, Is Virtual User: 0
[2022.04.05-12.32.28:089][209]LogModuleManager: Shutting down and abandoning module OpenXREyeTracker (106)
[2022.04.05-12.32.28:089][209]LogModuleManager: Shutting down and abandoning module OpenXRAR (104)
[2022.04.05-12.32.28:089][209]LogModuleManager: Shutting down and abandoning module AugmentedReality (103)
[2022.04.05-12.32.28:089][209]LogModuleManager: Shutting down and abandoning module OpenXRHMD (100)
[2022.04.05-12.32.28:092][209]LogModuleManager: Shutting down and abandoning module OnlineBlueprintSupport (98)
[2022.04.05-12.32.28:092][209]LogModuleManager: Shutting down and abandoning module OnlineSubsystem (94)
[2022.04.05-12.32.28:093][209]LogModuleManager: Shutting down and abandoning module XMPP (89)
[2022.04.05-12.32.28:093][209]LogModuleManager: Shutting down and abandoning module WebSockets (88)
[2022.04.05-12.32.28:095][209]LogModuleManager: Shutting down and abandoning module HTTP (85)
[2022.04.05-12.32.28:095][209]LogHttp: Display: Http module shutting down, but needs to wait on 1 outstanding Http requests:
[2022.04.05-12.32.28:095][209]LogHttp: Display: 	verb=[POST] url=[https://datarouter.ol.epicgames.com/datarouter/api/v1/public/data?SessionID=%7BAADCA3F2-4757-1847-A9EC-6BA198820BD9%7D&AppID=UEEditor.Rocket.Release&AppVersion=4.27.2-18319896%2B%2B%2BUE4%2BRelease-4.27&UserID=9eb240cc43959d023ba9548660786b6c%7C32bc89cd799e41ec8c630bba4abf8911%7Cd033f29d-7c09-4a5d-b15c-bdf9ea2728a7&AppEnvironment=datacollector-binary&UploadType=eteventstream] refs=[1] status=Processing
[2022.04.05-12.32.28:095][209]LogHttp: Display: cleaning up 1 outstanding Http requests.
[2022.04.05-12.32.28:116][209]LogModuleManager: Shutting down and abandoning module SSL (84)
[2022.04.05-12.32.28:117][209]LogModuleManager: Shutting down and abandoning module ExampleDeviceProfileSelector (80)
[2022.04.05-12.32.28:117][209]LogModuleManager: Shutting down and abandoning module ChunkDownloader (78)
[2022.04.05-12.32.28:117][209]LogModuleManager: Shutting down and abandoning module LauncherChunkInstaller (76)
[2022.04.05-12.32.28:117][209]LogModuleManager: Shutting down and abandoning module WmfMedia (74)
[2022.04.05-12.32.28:118][209]LogModuleManager: Shutting down and abandoning module Media (73)
[2022.04.05-12.32.28:119][209]LogModuleManager: Shutting down and abandoning module MediaInfo (72)
[2022.04.05-12.32.28:119][209]LogModuleManager: Shutting down and abandoning module ExrReaderGpu (68)
[2022.04.05-12.32.28:119][209]LogModuleManager: Shutting down and abandoning module ChaosCloth (66)
[2022.04.05-12.32.28:119][209]LogModuleManager: Shutting down and abandoning module MLSDK (64)
[2022.04.05-12.32.28:119][209]LogModuleManager: Shutting down and abandoning module MagicLeap (62)
[2022.04.05-12.32.28:119][209]LogModuleManager: Shutting down and abandoning module NiagaraVertexFactories (60)
[2022.04.05-12.32.28:119][209]LogModuleManager: Shutting down and abandoning module NiagaraShader (58)
[2022.04.05-12.32.28:119][209]LogModuleManager: Shutting down and abandoning module VariantManagerContent (56)
[2022.04.05-12.32.28:119][209]LogModuleManager: Shutting down and abandoning module DatasmithContent (54)
[2022.04.05-12.32.28:120][209]LogModuleManager: Shutting down and abandoning module PixWinPlugin (52)
[2022.04.05-12.32.28:120][209]LogModuleManager: Shutting down and abandoning module AISupportModule (50)
[2022.04.05-12.32.28:120][209]LogModuleManager: Shutting down and abandoning module DesktopPlatform (48)
[2022.04.05-12.32.28:120][209]LogModuleManager: Shutting down and abandoning module PythonScriptPluginPreload (46)
[2022.04.05-12.32.28:120][209]LogModuleManager: Shutting down and abandoning module PlatformCryptoOpenSSL (44)
[2022.04.05-12.32.28:120][209]LogModuleManager: Shutting down and abandoning module PlatformCryptoTypes (42)
[2022.04.05-12.32.28:120][209]LogModuleManager: Shutting down and abandoning module PlatformCrypto (40)
[2022.04.05-12.32.28:120][209]LogModuleManager: Shutting down and abandoning module OodleDataCompressionFormat (38)
[2022.04.05-12.32.28:120][209]LogModuleManager: Shutting down and abandoning module XGEController (36)
[2022.04.05-12.32.28:120][209]LogModuleManager: Shutting down and abandoning module AnimationModifiers (34)
[2022.04.05-12.32.28:120][209]LogModuleManager: Shutting down and abandoning module AudioEditor (32)
[2022.04.05-12.32.28:120][209]LogModuleManager: Shutting down and abandoning module PropertyEditor (31)
[2022.04.05-12.32.28:120][209]LogModuleManager: Shutting down and abandoning module TextureCompressor (28)
[2022.04.05-12.32.28:120][209]LogModuleManager: Shutting down and abandoning module RenderCore (26)
[2022.04.05-12.32.28:120][209]LogModuleManager: Shutting down and abandoning module Landscape (24)
[2022.04.05-12.32.28:120][209]LogModuleManager: Shutting down and abandoning module SlateRHIRenderer (22)
[2022.04.05-12.32.28:121][209]LogModuleManager: Shutting down and abandoning module AnimGraphRuntime (20)
[2022.04.05-12.32.28:121][209]LogModuleManager: Shutting down and abandoning module Renderer (18)
[2022.04.05-12.32.28:121][209]LogModuleManager: Shutting down and abandoning module Engine (16)
[2022.04.05-12.32.28:121][209]LogModuleManager: Shutting down and abandoning module CoreUObject (14)
[2022.04.05-12.32.28:121][209]LogModuleManager: Shutting down and abandoning module NetworkFile (12)
[2022.04.05-12.32.28:121][209]LogModuleManager: Shutting down and abandoning module CookedIterativeFile (10)
[2022.04.05-12.32.28:121][209]LogModuleManager: Shutting down and abandoning module StreamingFile (8)
[2022.04.05-12.32.28:121][209]LogModuleManager: Shutting down and abandoning module SandboxFile (6)
[2022.04.05-12.32.28:121][209]LogModuleManager: Shutting down and abandoning module PakFile (4)
[2022.04.05-12.32.28:121][209]LogModuleManager: Shutting down and abandoning module RSA (3)
[2022.04.05-12.32.28:121][209]LogContentStreaming: Display: There are 1 unreleased StreamingManagers
[2022.04.05-12.32.28:139][209]LogD3D11RHI: Shutdown
[2022.04.05-12.32.28:139][209]LogD3D11RHI: CleanupD3DDevice
[2022.04.05-12.32.28:144][209]LogExit: Exiting.
[2022.04.05-12.32.28:155][209]Log file closed, 04/05/22 14:32:28
