Log file open, 03/09/22 12:39:06
LogWindows: Failed to load 'aqProf.dll' (GetLastError=126)
LogWindows: File 'aqProf.dll' does not exist
LogWindows: Failed to load 'VtuneApi.dll' (GetLastError=126)
LogWindows: File 'VtuneApi.dll' does not exist
LogWindows: Failed to load 'VtuneApi32e.dll' (GetLastError=126)
LogWindows: File 'VtuneApi32e.dll' does not exist
LogConsoleResponse: Display: Failed to find resolution value strings in scalability ini. Falling back to default.
LogConsoleResponse: Display: Failed to find resolution value strings in scalability ini. Falling back to default.
LogInit: Display: Running engine for game: P8_VR_Home
LogPlatformFile: Not using cached read wrapper
LogTaskGraph: Started task graph with 5 named threads and 23 total threads with 3 sets of task threads.
LogStats: Stats thread started at 0.534048
LogICUInternationalization: ICU TimeZone Detection - Raw Offset: +1:00, Platform Override: ''
LogInit: Display: Loading text-based GConfig....
LogPluginManager: Mounting plugin MeshPainting
LogPluginManager: Mounting plugin XGEController
LogPluginManager: Mounting plugin Paper2D
LogPluginManager: Mounting plugin AISupport
LogPluginManager: Mounting plugin LightPropagationVolume
LogPluginManager: Mounting plugin LiveLink
LogPluginManager: Mounting plugin EnvironmentQueryEditor
LogPluginManager: Mounting plugin CameraShakePreviewer
LogPluginManager: Mounting plugin GameplayCameras
LogPluginManager: Mounting plugin CLionSourceCodeAccess
LogPluginManager: Mounting plugin CodeLiteSourceCodeAccess
LogPluginManager: Mounting plugin GitSourceControl
LogPluginManager: Mounting plugin KDevelopSourceCodeAccess
LogPluginManager: Mounting plugin AnimationSharing
LogPluginManager: Mounting plugin NullSourceCodeAccess
LogPluginManager: Mounting plugin PerforceSourceControl
LogPluginManager: Mounting plugin PlasticSourceControl
LogPluginManager: Mounting plugin RiderSourceCodeAccess
LogPluginManager: Mounting plugin PluginUtils
LogPluginManager: Mounting plugin PropertyAccessNode
LogPluginManager: Mounting plugin PixWinPlugin
LogPluginManager: Mounting plugin SubversionSourceControl
LogPluginManager: Mounting plugin TextureFormatOodle
LogPluginManager: Mounting plugin UObjectPlugin
LogPluginManager: Mounting plugin VisualStudioSourceCodeAccess
LogPluginManager: Mounting plugin OodleData
LogPluginManager: Mounting plugin OodleNetwork
LogPluginManager: Mounting plugin VisualStudioCodeSourceCodeAccess
LogPluginManager: Mounting plugin XCodeSourceCodeAccess
LogPluginManager: Mounting plugin AssetManagerEditor
LogPluginManager: Mounting plugin CryptoKeys
LogPluginManager: Mounting plugin CurveEditorTools
LogPluginManager: Mounting plugin DataValidation
LogPluginManager: Mounting plugin EditorScriptingUtilities
LogPluginManager: Mounting plugin FacialAnimation
LogPluginManager: Mounting plugin GameplayTagsEditor
LogPluginManager: Mounting plugin GeometryMode
LogPluginManager: Mounting plugin MeshEditor
LogPluginManager: Mounting plugin MaterialAnalyzer
LogPluginManager: Mounting plugin MacGraphicsSwitching
LogPluginManager: Mounting plugin MobileLauncherProfileWizard
LogPluginManager: Mounting plugin PluginBrowser
LogPluginManager: Mounting plugin DataprepEditor
LogPluginManager: Mounting plugin SpeedTreeImporter
LogPluginManager: Mounting plugin DatasmithContent
LogPluginManager: Mounting plugin DatasmithImporter
LogPluginManager: Mounting plugin StaticMeshEditorExtension
LogPluginManager: Mounting plugin VariantManagerContent
LogPluginManager: Mounting plugin VariantManager
LogPluginManager: Mounting plugin AlembicImporter
LogPluginManager: Mounting plugin Niagara
LogPluginManager: Mounting plugin AutomationUtils
LogPluginManager: Mounting plugin BackChannel
LogPluginManager: Mounting plugin BlastPlugin
LogPluginManager: Mounting plugin ChaosCloth
LogPluginManager: Mounting plugin ChaosClothEditor
LogPluginManager: Mounting plugin ChaosEditor
LogPluginManager: Mounting plugin ChaosNiagara
LogPluginManager: Mounting plugin ChaosSolverPlugin
LogPluginManager: Mounting plugin LuminPlatformFeatures
LogPluginManager: Mounting plugin CharacterAI
LogPluginManager: Mounting plugin MagicLeap
LogPluginManager: Mounting plugin MagicLeapLightEstimation
LogPluginManager: Mounting plugin GeometryCache
LogPluginManager: Mounting plugin MagicLeapMedia
LogPluginManager: Mounting plugin GeometryCollectionPlugin
LogPluginManager: Mounting plugin MagicLeapPassableWorld
LogPluginManager: Mounting plugin GeometryProcessing
LogPluginManager: Mounting plugin MLSDK
LogPluginManager: Mounting plugin MotoSynth
LogPluginManager: Mounting plugin OpenImageDenoise
LogPluginManager: Mounting plugin PlanarCut
LogPluginManager: Mounting plugin PlatformCrypto
LogPluginManager: Mounting plugin ProxyLODPlugin
LogPluginManager: Mounting plugin PythonScriptPlugin
LogPluginManager: Mounting plugin SkeletalReduction
LogPluginManager: Mounting plugin AndroidMedia
LogPluginManager: Mounting plugin AvfMedia
LogPluginManager: Mounting plugin ImgMedia
LogPluginManager: Mounting plugin MediaCompositing
LogPluginManager: Mounting plugin MediaPlayerEditor
LogPluginManager: Mounting plugin WmfMedia
LogPluginManager: Mounting plugin WebMMedia
LogPluginManager: Mounting plugin TcpMessaging
LogPluginManager: Mounting plugin ActorSequence
LogPluginManager: Mounting plugin UdpMessaging
LogPluginManager: Mounting plugin LevelSequenceEditor
LogPluginManager: Mounting plugin MatineeToLevelSequence
LogPluginManager: Mounting plugin TemplateSequence
LogPluginManager: Mounting plugin OnlineSubsystem
LogPluginManager: Mounting plugin OnlineSubsystemNull
LogPluginManager: Mounting plugin OnlineSubsystemUtils
LogPluginManager: Mounting plugin ActorLayerUtilities
LogPluginManager: Mounting plugin AndroidDeviceProfileSelector
LogPluginManager: Mounting plugin AndroidMoviePlayer
LogPluginManager: Mounting plugin AndroidPermission
LogPluginManager: Mounting plugin AppleImageUtils
LogPluginManager: Mounting plugin AppleMoviePlayer
LogPluginManager: Mounting plugin ArchVisCharacter
LogPluginManager: Mounting plugin CableComponent
LogPluginManager: Mounting plugin AudioCapture
LogPluginManager: Mounting plugin AssetTags
LogPluginManager: Mounting plugin ChunkDownloader
LogPluginManager: Mounting plugin CustomMeshComponent
LogPluginManager: Mounting plugin AudioSynesthesia
LogPluginManager: Mounting plugin LauncherChunkInstaller
LogPluginManager: Mounting plugin EditableMesh
LogPluginManager: Mounting plugin ExampleDeviceProfileSelector
LogPluginManager: Mounting plugin GoogleCloudMessaging
LogPluginManager: Mounting plugin GooglePAD
LogPluginManager: Mounting plugin IOSDeviceProfileSelector
LogPluginManager: Mounting plugin LinuxDeviceProfileSelector
LogPluginManager: Mounting plugin LocationServicesBPLibrary
LogPluginManager: Mounting plugin MobilePatchingUtils
LogPluginManager: Mounting plugin OpenXR
LogPluginManager: Mounting plugin OpenXREyeTracker
LogPluginManager: Mounting plugin OpenXRHandTracking
LogPluginManager: Mounting plugin PhysXVehicles
LogPluginManager: Mounting plugin PostSplashScreen
LogPluginManager: Mounting plugin ProceduralMeshComponent
LogPluginManager: Mounting plugin PropertyAccessEditor
LogPluginManager: Mounting plugin ResonanceAudio
LogPluginManager: Mounting plugin SignificanceManager
LogPluginManager: Mounting plugin RuntimePhysXCooking
LogPluginManager: Mounting plugin SoundFields
LogPluginManager: Mounting plugin Synthesis
LogPluginManager: Mounting plugin WebMMoviePlayer
LogPluginManager: Mounting plugin WindowsMoviePlayer
LogPluginManager: Mounting plugin ScreenshotTools
LogPluginManager: Mounting plugin Takes
LogPluginManager: Mounting plugin ContentBrowserClassDataSource
LogPluginManager: Mounting plugin ContentBrowserFileDataSource
LogPluginManager: Mounting plugin ContentBrowserAssetDataSource
LogPluginManager: Mounting plugin OnlineSubsystemGooglePlay
LogPluginManager: Mounting plugin OnlineSubsystemIOS
LogPluginManager: Mounting plugin OculusOpenXR
LogPluginManager: Mounting plugin OculusVR
PixWinPlugin: PIX capture plugin failed to initialize! Check that the process is launched from PIX.
LogInit: Using libcurl 7.55.1-DEV
LogInit:  - built for x86_64-pc-win32
LogInit:  - supports SSL with OpenSSL/1.1.1
LogInit:  - supports HTTP deflate (compression) using libz 1.2.8
LogInit:  - other features:
LogInit:      CURL_VERSION_SSL
LogInit:      CURL_VERSION_LIBZ
LogInit:      CURL_VERSION_IPV6
LogInit:      CURL_VERSION_ASYNCHDNS
LogInit:      CURL_VERSION_LARGEFILE
LogInit:      CURL_VERSION_IDN
LogInit:  CurlRequestOptions (configurable via config and command line):
LogInit:  - bVerifyPeer = true  - Libcurl will verify peer certificate
LogInit:  - bUseHttpProxy = false  - Libcurl will NOT use HTTP proxy
LogInit:  - bDontReuseConnections = false  - Libcurl will reuse connections
LogInit:  - MaxHostConnections = 16  - Libcurl will limit the number of connections to a host
LogInit:  - LocalHostAddr = Default
LogInit:  - BufferSize = 65536
LogOnline: OSS: Creating online subsystem instance for: NULL
LogInit: WinSock: version 1.1 (2.2), MaxSocks=32767, MaxUdp=65467
LogOnline: OSS: TryLoadSubsystemAndSetDefault: Loaded subsystem for module [NULL]
LogOculusPluginWrapper: OculusPlugin initialized successfully
LogHMD: Failed initializing OVRPlugin 1.59.0
LogInit: Build: ++UE4+Release-4.27-CL-18319896
LogInit: Engine Version: 4.27.2-18319896+++UE4+Release-4.27
LogInit: Compatible Engine Version: 4.27.0-17155196+++UE4+Release-4.27
LogInit: Net CL: 17155196
LogInit: OS: Windows 10 (Release 2009) (), CPU: Intel(R) Core(TM) i7-6700HQ CPU @ 2.60GHz, GPU: NVIDIA GeForce GTX 1070
LogInit: Compiled (64-bit): Nov 30 2021 07:12:08
LogInit: Compiled with Visual C++: 19.24.28315.00
LogInit: Build Configuration: Development
LogInit: Branch Name: ++UE4+Release-4.27
LogInit: Command Line:  -EpicPortal -epicusername=qwe_oscar -epicuserid=32bc89cd799e41ec8c630bba4abf8911 -epiclocale=en -epicsandboxid=ue
LogInit: Base Directory: D:/Program Files/Epic Games/UE_4.27/Engine/Binaries/Win64/
LogInit: Allocator: TBB
LogInit: Installed Engine Build: 1
LogDevObjectVersion: Number of dev versions registered: 29
LogDevObjectVersion:   Dev-Blueprints (B0D832E4-1F89-4F0D-ACCF-7EB736FD4AA2): 10
LogDevObjectVersion:   Dev-Build (E1C64328-A22C-4D53-A36C-8E866417BD8C): 0
LogDevObjectVersion:   Dev-Core (375EC13C-06E4-48FB-B500-84F0262A717E): 4
LogDevObjectVersion:   Dev-Editor (E4B068ED-F494-42E9-A231-DA0B2E46BB41): 40
LogDevObjectVersion:   Dev-Framework (CFFC743F-43B0-4480-9391-14DF171D2073): 37
LogDevObjectVersion:   Dev-Mobile (B02B49B5-BB20-44E9-A304-32B752E40360): 3
LogDevObjectVersion:   Dev-Networking (A4E4105C-59A1-49B5-A7C5-40C4547EDFEE): 0
LogDevObjectVersion:   Dev-Online (39C831C9-5AE6-47DC-9A44-9C173E1C8E7C): 0
LogDevObjectVersion:   Dev-Physics (78F01B33-EBEA-4F98-B9B4-84EACCB95AA2): 14
LogDevObjectVersion:   Dev-Platform (6631380F-2D4D-43E0-8009-CF276956A95A): 0
LogDevObjectVersion:   Dev-Rendering (12F88B9F-8875-4AFC-A67C-D90C383ABD29): 45
LogDevObjectVersion:   Dev-Sequencer (7B5AE74C-D270-4C10-A958-57980B212A5A): 13
LogDevObjectVersion:   Dev-VR (D7296918-1DD6-4BDD-9DE2-64A83CC13884): 3
LogDevObjectVersion:   Dev-LoadTimes (C2A15278-BFE7-4AFE-6C17-90FF531DF755): 1
LogDevObjectVersion:   Private-Geometry (6EACA3D4-40EC-4CC1-B786-8BED09428FC5): 3
LogDevObjectVersion:   Dev-AnimPhys (29E575DD-E0A3-4627-9D10-D276232CDCEA): 17
LogDevObjectVersion:   Dev-Anim (AF43A65D-7FD3-4947-9873-3E8ED9C1BB05): 15
LogDevObjectVersion:   Dev-ReflectionCapture (6B266CEC-1EC7-4B8F-A30B-E4D90942FC07): 1
LogDevObjectVersion:   Dev-Automation (0DF73D61-A23F-47EA-B727-89E90C41499A): 1
LogDevObjectVersion:   FortniteMain (601D1886-AC64-4F84-AA16-D3DE0DEAC7D6): 47
LogDevObjectVersion:   FortniteRelease (E7086368-6B23-4C58-8439-1B7016265E91): 1
LogDevObjectVersion:   Dev-Enterprise (9DFFBCD6-494F-0158-E221-12823C92A888): 10
LogDevObjectVersion:   Dev-Niagara (F2AED0AC-9AFE-416F-8664-AA7FFA26D6FC): 1
LogDevObjectVersion:   Dev-Destruction (174F1F0B-B4C6-45A5-B13F-2EE8D0FB917D): 10
LogDevObjectVersion:   Dev-Physics-Ext (35F94A83-E258-406C-A318-09F59610247C): 41
LogDevObjectVersion:   Dev-PhysicsMaterial-Chaos (B68FC16E-8B1B-42E2-B453-215C058844FE): 1
LogDevObjectVersion:   Dev-CineCamera (B2E18506-4273-CFC2-A54E-F4BB758BBA07): 1
LogDevObjectVersion:   Dev-VirtualProduction (64F58936-FD1B-42BA-BA96-7289D5D0FA4E): 1
LogDevObjectVersion:   Dev-MediaFramework (6F0ED827-A609-4895-9C91-998D90180EA4): 2
LogInit: Presizing for max 25165824 objects, including 0 objects not considered by GC, pre-allocating 0 bytes for permanent pool.
LogConfig: Applying CVar settings from Section [/Script/Engine.StreamingSettings] File [C:/Users/qwe_o/P8ToBeAnnounced/P8_VR_Home/Saved/Config/Windows/Engine.ini]
LogConfig: Setting CVar [[s.MinBulkDataSizeForAsyncLoading:131072]]
LogConfig: Setting CVar [[s.AsyncLoadingThreadEnabled:0]]
LogConfig: Setting CVar [[s.EventDrivenLoaderEnabled:1]]
LogConfig: Setting CVar [[s.WarnIfTimeLimitExceeded:0]]
LogConfig: Setting CVar [[s.TimeLimitExceededMultiplier:1.5]]
LogConfig: Setting CVar [[s.TimeLimitExceededMinTime:0.005]]
LogConfig: Setting CVar [[s.UseBackgroundLevelStreaming:1]]
LogConfig: Setting CVar [[s.PriorityAsyncLoadingExtraTime:15.0]]
LogConfig: Setting CVar [[s.LevelStreamingActorsUpdateTimeLimit:5.0]]
LogConfig: Setting CVar [[s.PriorityLevelStreamingActorsUpdateExtraTime:5.0]]
LogConfig: Setting CVar [[s.LevelStreamingComponentsRegistrationGranularity:10]]
LogConfig: Setting CVar [[s.UnregisterComponentsTimeLimit:1.0]]
LogConfig: Setting CVar [[s.LevelStreamingComponentsUnregistrationGranularity:5]]
LogConfig: Setting CVar [[s.FlushStreamingOnExit:1]]
LogInit: Object subsystem initialized
LogConfig: Setting CVar [[con.DebugEarlyDefault:1]]
LogConfig: Setting CVar [[r.setres:1280x720]]
[2022.03.09-11.39.09:081][  0]LogConfig: Setting CVar [[r.VSync:0]]
[2022.03.09-11.39.09:081][  0]LogConfig: Setting CVar [[r.RHICmdBypass:0]]
[2022.03.09-11.39.09:081][  0]LogConfig: Applying CVar settings from Section [/Script/Engine.RendererSettings] File [C:/Users/qwe_o/P8ToBeAnnounced/P8_VR_Home/Saved/Config/Windows/Engine.ini]
[2022.03.09-11.39.09:081][  0]LogConfig: Setting CVar [[r.GPUCrashDebugging:0]]
[2022.03.09-11.39.09:081][  0]LogConfig: Setting CVar [[r.Mobile.DisableVertexFog:1]]
[2022.03.09-11.39.09:081][  0]LogConfig: Setting CVar [[r.Shadow.CSM.MaxMobileCascades:2]]
[2022.03.09-11.39.09:081][  0]LogConfig: Setting CVar [[r.MobileMSAA:4]]
[2022.03.09-11.39.09:081][  0]LogConfig: Setting CVar [[r.Mobile.AllowDitheredLODTransition:0]]
[2022.03.09-11.39.09:081][  0]LogConfig: Setting CVar [[r.Mobile.AllowSoftwareOcclusion:0]]
[2022.03.09-11.39.09:081][  0]LogConfig: Setting CVar [[r.Mobile.VirtualTextures:0]]
[2022.03.09-11.39.09:081][  0]LogConfig: Setting CVar [[r.DiscardUnusedQuality:0]]
[2022.03.09-11.39.09:081][  0]LogConfig: Setting CVar [[r.AllowOcclusionQueries:1]]
[2022.03.09-11.39.09:081][  0]LogConfig: Setting CVar [[r.MinScreenRadiusForLights:0.030000]]
[2022.03.09-11.39.09:081][  0]LogConfig: Setting CVar [[r.MinScreenRadiusForDepthPrepass:0.030000]]
[2022.03.09-11.39.09:081][  0]LogConfig: Setting CVar [[r.MinScreenRadiusForCSMDepth:0.010000]]
[2022.03.09-11.39.09:081][  0]LogConfig: Setting CVar [[r.PrecomputedVisibilityWarning:0]]
[2022.03.09-11.39.09:081][  0]LogConfig: Setting CVar [[r.TextureStreaming:1]]
[2022.03.09-11.39.09:081][  0]LogConfig: Setting CVar [[Compat.UseDXT5NormalMaps:0]]
[2022.03.09-11.39.09:081][  0]LogConfig: Setting CVar [[r.VirtualTextures:0]]
[2022.03.09-11.39.09:081][  0]LogConfig: Setting CVar [[r.VirtualTexturedLightmaps:0]]
[2022.03.09-11.39.09:081][  0]LogConfig: Setting CVar [[r.VT.TileSize:128]]
[2022.03.09-11.39.09:081][  0]LogConfig: Setting CVar [[r.VT.TileBorderSize:4]]
[2022.03.09-11.39.09:081][  0]LogConfig: Setting CVar [[r.vt.FeedbackFactor:16]]
[2022.03.09-11.39.09:081][  0]LogConfig: Setting CVar [[r.VT.EnableCompressZlib:1]]
[2022.03.09-11.39.09:081][  0]LogConfig: Setting CVar [[r.VT.EnableCompressCrunch:0]]
[2022.03.09-11.39.09:081][  0]LogConfig: Setting CVar [[r.ClearCoatNormal:0]]
[2022.03.09-11.39.09:081][  0]LogConfig: Setting CVar [[r.ReflectionCaptureResolution:128]]
[2022.03.09-11.39.09:081][  0]LogConfig: Setting CVar [[r.Mobile.ReflectionCaptureCompression:0]]
[2022.03.09-11.39.09:081][  0]LogConfig: Setting CVar [[r.ReflectionEnvironmentLightmapMixBasedOnRoughness:1]]
[2022.03.09-11.39.09:081][  0]LogConfig: Setting CVar [[r.ForwardShading:1]]
[2022.03.09-11.39.09:081][  0]LogConfig: Setting CVar [[r.VertexFoggingForOpaque:1]]
[2022.03.09-11.39.09:081][  0]LogConfig: Setting CVar [[r.AllowStaticLighting:1]]
[2022.03.09-11.39.09:081][  0]LogConfig: Setting CVar [[r.NormalMapsForStaticLighting:0]]
[2022.03.09-11.39.09:081][  0]LogConfig: Setting CVar [[r.GenerateMeshDistanceFields:0]]
[2022.03.09-11.39.09:082][  0]LogConfig: Setting CVar [[r.DistanceFieldBuild.EightBit:0]]
[2022.03.09-11.39.09:082][  0]LogConfig: Setting CVar [[r.GenerateLandscapeGIData:0]]
[2022.03.09-11.39.09:082][  0]LogConfig: Setting CVar [[r.DistanceFieldBuild.Compress:0]]
[2022.03.09-11.39.09:082][  0]LogConfig: Setting CVar [[r.TessellationAdaptivePixelsPerTriangle:48.000000]]
[2022.03.09-11.39.09:082][  0]LogConfig: Setting CVar [[r.SeparateTranslucency:0]]
[2022.03.09-11.39.09:082][  0]LogConfig: Setting CVar [[r.TranslucentSortPolicy:0]]
[2022.03.09-11.39.09:082][  0]LogConfig: Setting CVar [[r.CustomDepth:1]]
[2022.03.09-11.39.09:082][  0]LogConfig: Setting CVar [[r.CustomDepthTemporalAAJitter:1]]
[2022.03.09-11.39.09:082][  0]LogConfig: Setting CVar [[r.PostProcessing.PropagateAlpha:0]]
[2022.03.09-11.39.09:082][  0]LogConfig: Setting CVar [[r.DefaultFeature.Bloom:0]]
[2022.03.09-11.39.09:082][  0]LogConfig: Setting CVar [[r.DefaultFeature.AmbientOcclusion:0]]
[2022.03.09-11.39.09:082][  0]LogConfig: Setting CVar [[r.DefaultFeature.AmbientOcclusionStaticFraction:1]]
[2022.03.09-11.39.09:082][  0]LogConfig: Setting CVar [[r.DefaultFeature.AutoExposure:0]]
[2022.03.09-11.39.09:082][  0]LogConfig: Setting CVar [[r.DefaultFeature.AutoExposure.Method:0]]
[2022.03.09-11.39.09:082][  0]LogConfig: Setting CVar [[r.DefaultFeature.AutoExposure.Bias:1.000000]]
[2022.03.09-11.39.09:082][  0]LogConfig: Setting CVar [[r.DefaultFeature.AutoExposure.ExtendDefaultLuminanceRange:1]]
[2022.03.09-11.39.09:082][  0]LogConfig: Setting CVar [[r.UsePreExposure:1]]
[2022.03.09-11.39.09:082][  0]LogConfig: Setting CVar [[r.EyeAdaptation.EditorOnly:0]]
[2022.03.09-11.39.09:082][  0]LogConfig: Setting CVar [[r.DefaultFeature.MotionBlur:0]]
[2022.03.09-11.39.09:082][  0]LogConfig: Setting CVar [[r.DefaultFeature.LensFlare:0]]
[2022.03.09-11.39.09:082][  0]LogConfig: Setting CVar [[r.TemporalAA.Upsampling:0]]
[2022.03.09-11.39.09:082][  0]LogConfig: Setting CVar [[r.SSGI.Enable:0]]
[2022.03.09-11.39.09:082][  0]LogConfig: Setting CVar [[r.DefaultFeature.AntiAliasing:3]]
[2022.03.09-11.39.09:082][  0]LogConfig: Setting CVar [[r.DefaultFeature.LightUnits:1]]
[2022.03.09-11.39.09:082][  0]LogConfig: Setting CVar [[r.DefaultBackBufferPixelFormat:4]]
[2022.03.09-11.39.09:082][  0]LogConfig: Setting CVar [[r.Shadow.UnbuiltPreviewInGame:1]]
[2022.03.09-11.39.09:082][  0]LogConfig: Setting CVar [[r.StencilForLODDither:0]]
[2022.03.09-11.39.09:082][  0]LogConfig: Setting CVar [[r.EarlyZPass:3]]
[2022.03.09-11.39.09:082][  0]LogConfig: Setting CVar [[r.EarlyZPassOnlyMaterialMasking:0]]
[2022.03.09-11.39.09:082][  0]LogConfig: Setting CVar [[r.DBuffer:1]]
[2022.03.09-11.39.09:082][  0]LogConfig: Setting CVar [[r.ClearSceneMethod:1]]
[2022.03.09-11.39.09:082][  0]LogConfig: Setting CVar [[r.BasePassOutputsVelocity:0]]
[2022.03.09-11.39.09:082][  0]LogConfig: Setting CVar [[r.VertexDeformationOutputsVelocity:0]]
[2022.03.09-11.39.09:082][  0]LogConfig: Setting CVar [[r.SelectiveBasePassOutputs:0]]
[2022.03.09-11.39.09:082][  0]LogConfig: Setting CVar [[fx.GPUSimulationTextureSizeX:1024]]
[2022.03.09-11.39.09:082][  0]LogConfig: Setting CVar [[fx.GPUSimulationTextureSizeY:1024]]
[2022.03.09-11.39.09:082][  0]LogConfig: Setting CVar [[r.AllowGlobalClipPlane:0]]
[2022.03.09-11.39.09:083][  0]LogConfig: Setting CVar [[r.GBufferFormat:1]]
[2022.03.09-11.39.09:083][  0]LogConfig: Setting CVar [[r.MorphTarget.Mode:1]]
[2022.03.09-11.39.09:083][  0]LogConfig: Setting CVar [[vr.InstancedStereo:1]]
[2022.03.09-11.39.09:083][  0]LogConfig: Setting CVar [[r.MobileHDR:0]]
[2022.03.09-11.39.09:083][  0]LogConfig: Setting CVar [[vr.MobileMultiView:1]]
[2022.03.09-11.39.09:083][  0]LogConfig: Setting CVar [[r.Mobile.UseHWsRGBEncoding:1]]
[2022.03.09-11.39.09:083][  0]LogConfig: Setting CVar [[vr.RoundRobinOcclusion:0]]
[2022.03.09-11.39.09:083][  0]LogConfig: Setting CVar [[vr.ODSCapture:0]]
[2022.03.09-11.39.09:083][  0]LogConfig: Setting CVar [[r.MeshStreaming:0]]
[2022.03.09-11.39.09:083][  0]LogConfig: Setting CVar [[r.WireframeCullThreshold:5.000000]]
[2022.03.09-11.39.09:083][  0]LogConfig: Setting CVar [[r.RayTracing:0]]
[2022.03.09-11.39.09:083][  0]LogConfig: Setting CVar [[r.RayTracing.UseTextureLod:0]]
[2022.03.09-11.39.09:083][  0]LogConfig: Setting CVar [[r.SupportStationarySkylight:1]]
[2022.03.09-11.39.09:083][  0]LogConfig: Setting CVar [[r.SupportLowQualityLightmaps:1]]
[2022.03.09-11.39.09:083][  0]LogConfig: Setting CVar [[r.SupportPointLightWholeSceneShadows:1]]
[2022.03.09-11.39.09:083][  0]LogConfig: Setting CVar [[r.SupportAtmosphericFog:1]]
[2022.03.09-11.39.09:083][  0]LogConfig: Setting CVar [[r.SupportSkyAtmosphere:1]]
[2022.03.09-11.39.09:083][  0]LogConfig: Setting CVar [[r.SupportSkyAtmosphereAffectsHeightFog:0]]
[2022.03.09-11.39.09:083][  0]LogConfig: Setting CVar [[r.SkinCache.CompileShaders:0]]
[2022.03.09-11.39.09:083][  0]LogConfig: Setting CVar [[r.SkinCache.DefaultBehavior:1]]
[2022.03.09-11.39.09:083][  0]LogConfig: Setting CVar [[r.SkinCache.SceneMemoryLimitInMB:128.000000]]
[2022.03.09-11.39.09:083][  0]LogConfig: Setting CVar [[r.Mobile.EnableStaticAndCSMShadowReceivers:1]]
[2022.03.09-11.39.09:083][  0]LogConfig: Setting CVar [[r.Mobile.EnableMovableLightCSMShaderCulling:1]]
[2022.03.09-11.39.09:083][  0]LogConfig: Setting CVar [[r.Mobile.AllowDistanceFieldShadows:1]]
[2022.03.09-11.39.09:083][  0]LogConfig: Setting CVar [[r.Mobile.AllowMovableDirectionalLights:1]]
[2022.03.09-11.39.09:083][  0]LogConfig: Setting CVar [[r.MobileNumDynamicPointLights:4]]
[2022.03.09-11.39.09:083][  0]LogConfig: Setting CVar [[r.MobileDynamicPointLightsUseStaticBranch:1]]
[2022.03.09-11.39.09:083][  0]LogConfig: Setting CVar [[r.Mobile.EnableMovableSpotlights:0]]
[2022.03.09-11.39.09:083][  0]LogConfig: Setting CVar [[r.Mobile.EnableMovableSpotlightsShadow:0]]
[2022.03.09-11.39.09:083][  0]LogConfig: Setting CVar [[r.GPUSkin.Support16BitBoneIndex:0]]
[2022.03.09-11.39.09:083][  0]LogConfig: Setting CVar [[r.GPUSkin.Limit2BoneInfluences:0]]
[2022.03.09-11.39.09:083][  0]LogConfig: Setting CVar [[r.SupportDepthOnlyIndexBuffers:1]]
[2022.03.09-11.39.09:083][  0]LogConfig: Setting CVar [[r.SupportReversedIndexBuffers:1]]
[2022.03.09-11.39.09:083][  0]LogConfig: Setting CVar [[r.LightPropagationVolume:0]]
[2022.03.09-11.39.09:083][  0]LogConfig: Setting CVar [[r.Mobile.AmbientOcclusion:0]]
[2022.03.09-11.39.09:083][  0]LogConfig: Setting CVar [[r.GPUSkin.UnlimitedBoneInfluences:0]]
[2022.03.09-11.39.09:083][  0]LogConfig: Setting CVar [[r.GPUSkin.UnlimitedBoneInfluencesThreshold:8]]
[2022.03.09-11.39.09:083][  0]LogConfig: Setting CVar [[r.Mobile.PlanarReflectionMode:0]]
[2022.03.09-11.39.09:083][  0]LogConfig: Setting CVar [[r.Mobile.SupportGPUScene:1]]
[2022.03.09-11.39.09:083][  0]LogConfig: Applying CVar settings from Section [/Script/Engine.RendererOverrideSettings] File [C:/Users/qwe_o/P8ToBeAnnounced/P8_VR_Home/Saved/Config/Windows/Engine.ini]
[2022.03.09-11.39.09:083][  0]LogConfig: Applying CVar settings from Section [/Script/Engine.StreamingSettings] File [C:/Users/qwe_o/P8ToBeAnnounced/P8_VR_Home/Saved/Config/Windows/Engine.ini]
[2022.03.09-11.39.09:083][  0]LogConfig: Setting CVar [[s.MinBulkDataSizeForAsyncLoading:131072]]
[2022.03.09-11.39.09:083][  0]LogConfig: Setting CVar [[s.AsyncLoadingThreadEnabled:0]]
[2022.03.09-11.39.09:084][  0]LogConfig: Setting CVar [[s.EventDrivenLoaderEnabled:1]]
[2022.03.09-11.39.09:084][  0]LogConfig: Setting CVar [[s.WarnIfTimeLimitExceeded:0]]
[2022.03.09-11.39.09:084][  0]LogConfig: Setting CVar [[s.TimeLimitExceededMultiplier:1.5]]
[2022.03.09-11.39.09:084][  0]LogConfig: Setting CVar [[s.TimeLimitExceededMinTime:0.005]]
[2022.03.09-11.39.09:084][  0]LogConfig: Setting CVar [[s.UseBackgroundLevelStreaming:1]]
[2022.03.09-11.39.09:084][  0]LogConfig: Setting CVar [[s.PriorityAsyncLoadingExtraTime:15.0]]
[2022.03.09-11.39.09:084][  0]LogConfig: Setting CVar [[s.LevelStreamingActorsUpdateTimeLimit:5.0]]
[2022.03.09-11.39.09:084][  0]LogConfig: Setting CVar [[s.PriorityLevelStreamingActorsUpdateExtraTime:5.0]]
[2022.03.09-11.39.09:084][  0]LogConfig: Setting CVar [[s.LevelStreamingComponentsRegistrationGranularity:10]]
[2022.03.09-11.39.09:084][  0]LogConfig: Setting CVar [[s.UnregisterComponentsTimeLimit:1.0]]
[2022.03.09-11.39.09:084][  0]LogConfig: Setting CVar [[s.LevelStreamingComponentsUnregistrationGranularity:5]]
[2022.03.09-11.39.09:084][  0]LogConfig: Setting CVar [[s.FlushStreamingOnExit:1]]
[2022.03.09-11.39.09:084][  0]LogConfig: Applying CVar settings from Section [/Script/Engine.GarbageCollectionSettings] File [C:/Users/qwe_o/P8ToBeAnnounced/P8_VR_Home/Saved/Config/Windows/Engine.ini]
[2022.03.09-11.39.09:084][  0]LogConfig: Setting CVar [[gc.MaxObjectsNotConsideredByGC:1]]
[2022.03.09-11.39.09:084][  0]LogConfig: Setting CVar [[gc.SizeOfPermanentObjectPool:0]]
[2022.03.09-11.39.09:084][  0]LogConfig: Setting CVar [[gc.FlushStreamingOnGC:0]]
[2022.03.09-11.39.09:084][  0]LogConfig: Setting CVar [[gc.NumRetriesBeforeForcingGC:10]]
[2022.03.09-11.39.09:084][  0]LogConfig: Setting CVar [[gc.AllowParallelGC:1]]
[2022.03.09-11.39.09:084][  0]LogConfig: Setting CVar [[gc.TimeBetweenPurgingPendingKillObjects:61.1]]
[2022.03.09-11.39.09:084][  0]LogConfig: Setting CVar [[gc.MaxObjectsInEditor:25165824]]
[2022.03.09-11.39.09:084][  0]LogConfig: Setting CVar [[gc.IncrementalBeginDestroyEnabled:1]]
[2022.03.09-11.39.09:084][  0]LogConfig: Setting CVar [[gc.CreateGCClusters:1]]
[2022.03.09-11.39.09:084][  0]LogConfig: Setting CVar [[gc.MinGCClusterSize:5]]
[2022.03.09-11.39.09:084][  0]LogConfig: Setting CVar [[gc.ActorClusteringEnabled:0]]
[2022.03.09-11.39.09:084][  0]LogConfig: Setting CVar [[gc.BlueprintClusteringEnabled:0]]
[2022.03.09-11.39.09:084][  0]LogConfig: Setting CVar [[gc.UseDisregardForGCOnDedicatedServers:0]]
[2022.03.09-11.39.09:084][  0]LogConfig: Setting CVar [[gc.MultithreadedDestructionEnabled:1]]
[2022.03.09-11.39.09:085][  0]LogConfig: Applying CVar settings from Section [/Script/Engine.NetworkSettings] File [C:/Users/qwe_o/P8ToBeAnnounced/P8_VR_Home/Saved/Config/Windows/Engine.ini]
[2022.03.09-11.39.09:085][  0]LogConfig: Applying CVar settings from Section [/Script/UnrealEd.CookerSettings] File [C:/Users/qwe_o/P8ToBeAnnounced/P8_VR_Home/Saved/Config/Windows/Engine.ini]
[2022.03.09-11.39.09:092][  0]LogConfig: Applying CVar settings from Section [ViewDistanceQuality@3] File [C:/Users/qwe_o/P8ToBeAnnounced/P8_VR_Home/Saved/Config/Windows/Scalability.ini]
[2022.03.09-11.39.09:092][  0]LogConfig: Setting CVar [[r.SkeletalMeshLODBias:0]]
[2022.03.09-11.39.09:092][  0]LogConfig: Setting CVar [[r.ViewDistanceScale:1.0]]
[2022.03.09-11.39.09:092][  0]LogConfig: Applying CVar settings from Section [AntiAliasingQuality@3] File [C:/Users/qwe_o/P8ToBeAnnounced/P8_VR_Home/Saved/Config/Windows/Scalability.ini]
[2022.03.09-11.39.09:092][  0]LogConfig: Setting CVar [[r.PostProcessAAQuality:4]]
[2022.03.09-11.39.09:092][  0]LogConfig: Applying CVar settings from Section [ShadowQuality@3] File [C:/Users/qwe_o/P8ToBeAnnounced/P8_VR_Home/Saved/Config/Windows/Scalability.ini]
[2022.03.09-11.39.09:093][  0]LogConfig: Setting CVar [[r.LightFunctionQuality:1]]
[2022.03.09-11.39.09:093][  0]LogConfig: Setting CVar [[r.ShadowQuality:5]]
[2022.03.09-11.39.09:093][  0]LogConfig: Setting CVar [[r.Shadow.CSM.MaxCascades:10]]
[2022.03.09-11.39.09:093][  0]LogConfig: Setting CVar [[r.Shadow.MaxResolution:2048]]
[2022.03.09-11.39.09:093][  0]LogConfig: Setting CVar [[r.Shadow.MaxCSMResolution:2048]]
[2022.03.09-11.39.09:093][  0]LogConfig: Setting CVar [[r.Shadow.RadiusThreshold:0.01]]
[2022.03.09-11.39.09:093][  0]LogConfig: Setting CVar [[r.Shadow.DistanceScale:1.0]]
[2022.03.09-11.39.09:093][  0]LogConfig: Setting CVar [[r.Shadow.CSM.TransitionScale:1.0]]
[2022.03.09-11.39.09:093][  0]LogConfig: Setting CVar [[r.Shadow.PreShadowResolutionFactor:1.0]]
[2022.03.09-11.39.09:093][  0]LogConfig: Setting CVar [[r.DistanceFieldShadowing:1]]
[2022.03.09-11.39.09:093][  0]LogConfig: Setting CVar [[r.DistanceFieldAO:1]]
[2022.03.09-11.39.09:093][  0]LogConfig: Setting CVar [[r.AOQuality:2]]
[2022.03.09-11.39.09:093][  0]LogConfig: Setting CVar [[r.VolumetricFog:1]]
[2022.03.09-11.39.09:093][  0]LogConfig: Setting CVar [[r.VolumetricFog.GridPixelSize:8]]
[2022.03.09-11.39.09:093][  0]LogConfig: Setting CVar [[r.VolumetricFog.GridSizeZ:128]]
[2022.03.09-11.39.09:093][  0]LogConfig: Setting CVar [[r.VolumetricFog.HistoryMissSupersampleCount:4]]
[2022.03.09-11.39.09:093][  0]LogConfig: Setting CVar [[r.LightMaxDrawDistanceScale:1]]
[2022.03.09-11.39.09:093][  0]LogConfig: Setting CVar [[r.CapsuleShadows:1]]
[2022.03.09-11.39.09:093][  0]LogConfig: Applying CVar settings from Section [PostProcessQuality@3] File [C:/Users/qwe_o/P8ToBeAnnounced/P8_VR_Home/Saved/Config/Windows/Scalability.ini]
[2022.03.09-11.39.09:094][  0]LogConfig: Setting CVar [[r.MotionBlurQuality:4]]
[2022.03.09-11.39.09:094][  0]LogConfig: Setting CVar [[r.AmbientOcclusionMipLevelFactor:0.4]]
[2022.03.09-11.39.09:094][  0]LogConfig: Setting CVar [[r.AmbientOcclusionMaxQuality:100]]
[2022.03.09-11.39.09:094][  0]LogConfig: Setting CVar [[r.AmbientOcclusionLevels:-1]]
[2022.03.09-11.39.09:094][  0]LogConfig: Setting CVar [[r.AmbientOcclusionRadiusScale:1.0]]
[2022.03.09-11.39.09:094][  0]LogConfig: Setting CVar [[r.DepthOfFieldQuality:2]]
[2022.03.09-11.39.09:094][  0]LogConfig: Setting CVar [[r.RenderTargetPoolMin:400]]
[2022.03.09-11.39.09:094][  0]LogConfig: Setting CVar [[r.LensFlareQuality:2]]
[2022.03.09-11.39.09:094][  0]LogConfig: Setting CVar [[r.SceneColorFringeQuality:1]]
[2022.03.09-11.39.09:094][  0]LogConfig: Setting CVar [[r.EyeAdaptationQuality:2]]
[2022.03.09-11.39.09:094][  0]LogConfig: Setting CVar [[r.BloomQuality:5]]
[2022.03.09-11.39.09:094][  0]LogConfig: Setting CVar [[r.FastBlurThreshold:100]]
[2022.03.09-11.39.09:094][  0]LogConfig: Setting CVar [[r.Upscale.Quality:3]]
[2022.03.09-11.39.09:094][  0]LogConfig: Setting CVar [[r.Tonemapper.GrainQuantization:1]]
[2022.03.09-11.39.09:094][  0]LogConfig: Setting CVar [[r.LightShaftQuality:1]]
[2022.03.09-11.39.09:094][  0]LogConfig: Setting CVar [[r.Filter.SizeScale:1]]
[2022.03.09-11.39.09:094][  0]LogConfig: Setting CVar [[r.Tonemapper.Quality:5]]
[2022.03.09-11.39.09:094][  0]LogConfig: Setting CVar [[r.DOF.Gather.AccumulatorQuality:1        ; higher gathering accumulator quality]]
[2022.03.09-11.39.09:094][  0]LogConfig: Setting CVar [[r.DOF.Gather.PostfilterMethod:1          ; Median3x3 postfilering method]]
[2022.03.09-11.39.09:094][  0]LogConfig: Setting CVar [[r.DOF.Gather.EnableBokehSettings:0       ; no bokeh simulation when gathering]]
[2022.03.09-11.39.09:094][  0]LogConfig: Setting CVar [[r.DOF.Gather.RingCount:4                 ; medium number of samples when gathering]]
[2022.03.09-11.39.09:094][  0]LogConfig: Setting CVar [[r.DOF.Scatter.ForegroundCompositing:1    ; additive foreground scattering]]
[2022.03.09-11.39.09:094][  0]LogConfig: Setting CVar [[r.DOF.Scatter.BackgroundCompositing:2    ; additive background scattering]]
[2022.03.09-11.39.09:094][  0]LogConfig: Setting CVar [[r.DOF.Scatter.EnableBokehSettings:1      ; bokeh simulation when scattering]]
[2022.03.09-11.39.09:094][  0]LogConfig: Setting CVar [[r.DOF.Scatter.MaxSpriteRatio:0.1         ; only a maximum of 10% of scattered bokeh]]
[2022.03.09-11.39.09:094][  0]LogConfig: Setting CVar [[r.DOF.Recombine.Quality:1                ; cheap slight out of focus]]
[2022.03.09-11.39.09:094][  0]LogConfig: Setting CVar [[r.DOF.Recombine.EnableBokehSettings:0    ; no bokeh simulation on slight out of focus]]
[2022.03.09-11.39.09:094][  0]LogConfig: Setting CVar [[r.DOF.TemporalAAQuality:1                ; more stable temporal accumulation]]
[2022.03.09-11.39.09:094][  0]LogConfig: Setting CVar [[r.DOF.Kernel.MaxForegroundRadius:0.025]]
[2022.03.09-11.39.09:094][  0]LogConfig: Setting CVar [[r.DOF.Kernel.MaxBackgroundRadius:0.025]]
[2022.03.09-11.39.09:094][  0]LogConfig: Applying CVar settings from Section [TextureQuality@3] File [C:/Users/qwe_o/P8ToBeAnnounced/P8_VR_Home/Saved/Config/Windows/Scalability.ini]
[2022.03.09-11.39.09:094][  0]LogConfig: Setting CVar [[r.Streaming.MipBias:0]]
[2022.03.09-11.39.09:094][  0]LogConfig: Setting CVar [[r.Streaming.AmortizeCPUToGPUCopy:0]]
[2022.03.09-11.39.09:094][  0]LogConfig: Setting CVar [[r.Streaming.MaxNumTexturesToStreamPerFrame:0]]
[2022.03.09-11.39.09:094][  0]LogConfig: Setting CVar [[r.Streaming.Boost:1]]
[2022.03.09-11.39.09:095][  0]LogConfig: Setting CVar [[r.MaxAnisotropy:8]]
[2022.03.09-11.39.09:095][  0]LogConfig: Setting CVar [[r.VT.MaxAnisotropy:8]]
[2022.03.09-11.39.09:095][  0]LogConfig: Setting CVar [[r.Streaming.LimitPoolSizeToVRAM:0]]
[2022.03.09-11.39.09:095][  0]LogConfig: Setting CVar [[r.Streaming.PoolSize:1000]]
[2022.03.09-11.39.09:095][  0]LogConfig: Setting CVar [[r.Streaming.MaxEffectiveScreenSize:0]]
[2022.03.09-11.39.09:095][  0]LogConfig: Applying CVar settings from Section [EffectsQuality@3] File [C:/Users/qwe_o/P8ToBeAnnounced/P8_VR_Home/Saved/Config/Windows/Scalability.ini]
[2022.03.09-11.39.09:095][  0]LogConfig: Setting CVar [[r.TranslucencyLightingVolumeDim:64]]
[2022.03.09-11.39.09:095][  0]LogConfig: Setting CVar [[r.RefractionQuality:2]]
[2022.03.09-11.39.09:095][  0]LogConfig: Setting CVar [[r.SSR.Quality:3]]
[2022.03.09-11.39.09:095][  0]LogConfig: Setting CVar [[r.SSR.HalfResSceneColor:0]]
[2022.03.09-11.39.09:095][  0]LogConfig: Setting CVar [[r.SceneColorFormat:4]]
[2022.03.09-11.39.09:095][  0]LogConfig: Setting CVar [[r.DetailMode:2]]
[2022.03.09-11.39.09:095][  0]LogConfig: Setting CVar [[r.TranslucencyVolumeBlur:1]]
[2022.03.09-11.39.09:095][  0]LogConfig: Setting CVar [[r.MaterialQualityLevel:1 ; High quality]]
[2022.03.09-11.39.09:095][  0]LogConfig: Setting CVar [[r.AnisotropicMaterials:1]]
[2022.03.09-11.39.09:095][  0]LogConfig: Setting CVar [[r.SSS.Scale:1]]
[2022.03.09-11.39.09:095][  0]LogConfig: Setting CVar [[r.SSS.SampleSet:2]]
[2022.03.09-11.39.09:095][  0]LogConfig: Setting CVar [[r.SSS.Quality:1]]
[2022.03.09-11.39.09:095][  0]LogConfig: Setting CVar [[r.SSS.HalfRes:0]]
[2022.03.09-11.39.09:095][  0]LogConfig: Setting CVar [[r.SSGI.Quality:3]]
[2022.03.09-11.39.09:095][  0]LogConfig: Setting CVar [[r.EmitterSpawnRateScale:1.0]]
[2022.03.09-11.39.09:095][  0]LogConfig: Setting CVar [[r.ParticleLightQuality:2]]
[2022.03.09-11.39.09:095][  0]LogConfig: Setting CVar [[r.SkyAtmosphere.AerialPerspectiveLUT.FastApplyOnOpaque:1 ; Always have FastSkyLUT 1 in this case to avoid wrong sky]]
[2022.03.09-11.39.09:095][  0]LogConfig: Setting CVar [[r.SkyAtmosphere.AerialPerspectiveLUT.SampleCountMaxPerSlice:4]]
[2022.03.09-11.39.09:095][  0]LogConfig: Setting CVar [[r.SkyAtmosphere.AerialPerspectiveLUT.DepthResolution:16.0]]
[2022.03.09-11.39.09:095][  0]LogConfig: Setting CVar [[r.SkyAtmosphere.FastSkyLUT:1]]
[2022.03.09-11.39.09:096][  0]LogConfig: Setting CVar [[r.SkyAtmosphere.FastSkyLUT.SampleCountMin:4.0]]
[2022.03.09-11.39.09:096][  0]LogConfig: Setting CVar [[r.SkyAtmosphere.FastSkyLUT.SampleCountMax:128.0]]
[2022.03.09-11.39.09:096][  0]LogConfig: Setting CVar [[r.SkyAtmosphere.SampleCountMin:4.0]]
[2022.03.09-11.39.09:096][  0]LogConfig: Setting CVar [[r.SkyAtmosphere.SampleCountMax:128.0]]
[2022.03.09-11.39.09:096][  0]LogConfig: Setting CVar [[r.SkyAtmosphere.TransmittanceLUT.UseSmallFormat:0]]
[2022.03.09-11.39.09:096][  0]LogConfig: Setting CVar [[r.SkyAtmosphere.TransmittanceLUT.SampleCount:10.0]]
[2022.03.09-11.39.09:096][  0]LogConfig: Setting CVar [[r.SkyAtmosphere.MultiScatteringLUT.SampleCount:15.0]]
[2022.03.09-11.39.09:096][  0]LogConfig: Setting CVar [[r.SkyLight.RealTimeReflectionCapture:1]]
[2022.03.09-11.39.09:096][  0]LogConfig: Applying CVar settings from Section [FoliageQuality@3] File [C:/Users/qwe_o/P8ToBeAnnounced/P8_VR_Home/Saved/Config/Windows/Scalability.ini]
[2022.03.09-11.39.09:096][  0]LogConfig: Setting CVar [[foliage.DensityScale:1.0]]
[2022.03.09-11.39.09:096][  0]LogConfig: Setting CVar [[grass.DensityScale:1.0]]
[2022.03.09-11.39.09:096][  0]LogConfig: Applying CVar settings from Section [ShadingQuality@3] File [C:/Users/qwe_o/P8ToBeAnnounced/P8_VR_Home/Saved/Config/Windows/Scalability.ini]
[2022.03.09-11.39.09:096][  0]LogConfig: Setting CVar [[r.HairStrands.SkyLighting.IntegrationType:2]]
[2022.03.09-11.39.09:096][  0]LogConfig: Setting CVar [[r.HairStrands.SkyAO.SampleCount:4]]
[2022.03.09-11.39.09:096][  0]LogConfig: Setting CVar [[r.HairStrands.Visibility.MSAA.SamplePerPixel:4]]
[2022.03.09-11.39.09:096][  0]LogInit: Selected Device Profile: [Windows]
[2022.03.09-11.39.09:096][  0]LogInit: Applying CVar settings loaded from the selected device profile: [Windows]
[2022.03.09-11.39.09:096][  0]LogHAL: Display: Platform has ~ 16 GB [17112539136 / 17179869184 / 16], which maps to Larger [LargestMinGB=32, LargerMinGB=12, DefaultMinGB=8, SmallerMinGB=6, SmallestMinGB=0)
[2022.03.09-11.39.09:096][  0]LogInit: Going up to parent DeviceProfile []
[2022.03.09-11.39.09:096][  0]LogConfig: Applying CVar settings from Section [ViewDistanceQuality@3] File [C:/Users/qwe_o/P8ToBeAnnounced/P8_VR_Home/Saved/Config/Windows/Scalability.ini]
[2022.03.09-11.39.09:096][  0]LogConfig: Setting CVar [[r.SkeletalMeshLODBias:0]]
[2022.03.09-11.39.09:096][  0]LogConfig: Setting CVar [[r.ViewDistanceScale:1.0]]
[2022.03.09-11.39.09:096][  0]LogConfig: Applying CVar settings from Section [AntiAliasingQuality@3] File [C:/Users/qwe_o/P8ToBeAnnounced/P8_VR_Home/Saved/Config/Windows/Scalability.ini]
[2022.03.09-11.39.09:096][  0]LogConfig: Setting CVar [[r.PostProcessAAQuality:4]]
[2022.03.09-11.39.09:096][  0]LogConfig: Applying CVar settings from Section [ShadowQuality@3] File [C:/Users/qwe_o/P8ToBeAnnounced/P8_VR_Home/Saved/Config/Windows/Scalability.ini]
[2022.03.09-11.39.09:096][  0]LogConfig: Setting CVar [[r.LightFunctionQuality:1]]
[2022.03.09-11.39.09:096][  0]LogConfig: Setting CVar [[r.ShadowQuality:5]]
[2022.03.09-11.39.09:096][  0]LogConfig: Setting CVar [[r.Shadow.CSM.MaxCascades:10]]
[2022.03.09-11.39.09:096][  0]LogConfig: Setting CVar [[r.Shadow.MaxResolution:2048]]
[2022.03.09-11.39.09:096][  0]LogConfig: Setting CVar [[r.Shadow.MaxCSMResolution:2048]]
[2022.03.09-11.39.09:097][  0]LogConfig: Setting CVar [[r.Shadow.RadiusThreshold:0.01]]
[2022.03.09-11.39.09:097][  0]LogConfig: Setting CVar [[r.Shadow.DistanceScale:1.0]]
[2022.03.09-11.39.09:097][  0]LogConfig: Setting CVar [[r.Shadow.CSM.TransitionScale:1.0]]
[2022.03.09-11.39.09:097][  0]LogConfig: Setting CVar [[r.Shadow.PreShadowResolutionFactor:1.0]]
[2022.03.09-11.39.09:097][  0]LogConfig: Setting CVar [[r.DistanceFieldShadowing:1]]
[2022.03.09-11.39.09:097][  0]LogConfig: Setting CVar [[r.DistanceFieldAO:1]]
[2022.03.09-11.39.09:097][  0]LogConfig: Setting CVar [[r.AOQuality:2]]
[2022.03.09-11.39.09:097][  0]LogConfig: Setting CVar [[r.VolumetricFog:1]]
[2022.03.09-11.39.09:097][  0]LogConfig: Setting CVar [[r.VolumetricFog.GridPixelSize:8]]
[2022.03.09-11.39.09:097][  0]LogConfig: Setting CVar [[r.VolumetricFog.GridSizeZ:128]]
[2022.03.09-11.39.09:097][  0]LogConfig: Setting CVar [[r.VolumetricFog.HistoryMissSupersampleCount:4]]
[2022.03.09-11.39.09:097][  0]LogConfig: Setting CVar [[r.LightMaxDrawDistanceScale:1]]
[2022.03.09-11.39.09:097][  0]LogConfig: Setting CVar [[r.CapsuleShadows:1]]
[2022.03.09-11.39.09:097][  0]LogConfig: Applying CVar settings from Section [PostProcessQuality@3] File [C:/Users/qwe_o/P8ToBeAnnounced/P8_VR_Home/Saved/Config/Windows/Scalability.ini]
[2022.03.09-11.39.09:097][  0]LogConfig: Setting CVar [[r.MotionBlurQuality:4]]
[2022.03.09-11.39.09:097][  0]LogConfig: Setting CVar [[r.AmbientOcclusionMipLevelFactor:0.4]]
[2022.03.09-11.39.09:097][  0]LogConfig: Setting CVar [[r.AmbientOcclusionMaxQuality:100]]
[2022.03.09-11.39.09:097][  0]LogConfig: Setting CVar [[r.AmbientOcclusionLevels:-1]]
[2022.03.09-11.39.09:097][  0]LogConfig: Setting CVar [[r.AmbientOcclusionRadiusScale:1.0]]
[2022.03.09-11.39.09:097][  0]LogConfig: Setting CVar [[r.DepthOfFieldQuality:2]]
[2022.03.09-11.39.09:097][  0]LogConfig: Setting CVar [[r.RenderTargetPoolMin:400]]
[2022.03.09-11.39.09:097][  0]LogConfig: Setting CVar [[r.LensFlareQuality:2]]
[2022.03.09-11.39.09:097][  0]LogConfig: Setting CVar [[r.SceneColorFringeQuality:1]]
[2022.03.09-11.39.09:097][  0]LogConfig: Setting CVar [[r.EyeAdaptationQuality:2]]
[2022.03.09-11.39.09:097][  0]LogConfig: Setting CVar [[r.BloomQuality:5]]
[2022.03.09-11.39.09:097][  0]LogConfig: Setting CVar [[r.FastBlurThreshold:100]]
[2022.03.09-11.39.09:097][  0]LogConfig: Setting CVar [[r.Upscale.Quality:3]]
[2022.03.09-11.39.09:097][  0]LogConfig: Setting CVar [[r.Tonemapper.GrainQuantization:1]]
[2022.03.09-11.39.09:097][  0]LogConfig: Setting CVar [[r.LightShaftQuality:1]]
[2022.03.09-11.39.09:097][  0]LogConfig: Setting CVar [[r.Filter.SizeScale:1]]
[2022.03.09-11.39.09:097][  0]LogConfig: Setting CVar [[r.Tonemapper.Quality:5]]
[2022.03.09-11.39.09:097][  0]LogConfig: Setting CVar [[r.DOF.Gather.AccumulatorQuality:1        ; higher gathering accumulator quality]]
[2022.03.09-11.39.09:097][  0]LogConfig: Setting CVar [[r.DOF.Gather.PostfilterMethod:1          ; Median3x3 postfilering method]]
[2022.03.09-11.39.09:097][  0]LogConfig: Setting CVar [[r.DOF.Gather.EnableBokehSettings:0       ; no bokeh simulation when gathering]]
[2022.03.09-11.39.09:097][  0]LogConfig: Setting CVar [[r.DOF.Gather.RingCount:4                 ; medium number of samples when gathering]]
[2022.03.09-11.39.09:097][  0]LogConfig: Setting CVar [[r.DOF.Scatter.ForegroundCompositing:1    ; additive foreground scattering]]
[2022.03.09-11.39.09:097][  0]LogConfig: Setting CVar [[r.DOF.Scatter.BackgroundCompositing:2    ; additive background scattering]]
[2022.03.09-11.39.09:097][  0]LogConfig: Setting CVar [[r.DOF.Scatter.EnableBokehSettings:1      ; bokeh simulation when scattering]]
[2022.03.09-11.39.09:098][  0]LogConfig: Setting CVar [[r.DOF.Scatter.MaxSpriteRatio:0.1         ; only a maximum of 10% of scattered bokeh]]
[2022.03.09-11.39.09:098][  0]LogConfig: Setting CVar [[r.DOF.Recombine.Quality:1                ; cheap slight out of focus]]
[2022.03.09-11.39.09:098][  0]LogConfig: Setting CVar [[r.DOF.Recombine.EnableBokehSettings:0    ; no bokeh simulation on slight out of focus]]
[2022.03.09-11.39.09:098][  0]LogConfig: Setting CVar [[r.DOF.TemporalAAQuality:1                ; more stable temporal accumulation]]
[2022.03.09-11.39.09:098][  0]LogConfig: Setting CVar [[r.DOF.Kernel.MaxForegroundRadius:0.025]]
[2022.03.09-11.39.09:098][  0]LogConfig: Setting CVar [[r.DOF.Kernel.MaxBackgroundRadius:0.025]]
[2022.03.09-11.39.09:098][  0]LogConfig: Applying CVar settings from Section [TextureQuality@3] File [C:/Users/qwe_o/P8ToBeAnnounced/P8_VR_Home/Saved/Config/Windows/Scalability.ini]
[2022.03.09-11.39.09:098][  0]LogConfig: Setting CVar [[r.Streaming.MipBias:0]]
[2022.03.09-11.39.09:098][  0]LogConfig: Setting CVar [[r.Streaming.AmortizeCPUToGPUCopy:0]]
[2022.03.09-11.39.09:098][  0]LogConfig: Setting CVar [[r.Streaming.MaxNumTexturesToStreamPerFrame:0]]
[2022.03.09-11.39.09:098][  0]LogConfig: Setting CVar [[r.Streaming.Boost:1]]
[2022.03.09-11.39.09:098][  0]LogConfig: Setting CVar [[r.MaxAnisotropy:8]]
[2022.03.09-11.39.09:098][  0]LogConfig: Setting CVar [[r.VT.MaxAnisotropy:8]]
[2022.03.09-11.39.09:098][  0]LogConfig: Setting CVar [[r.Streaming.LimitPoolSizeToVRAM:0]]
[2022.03.09-11.39.09:098][  0]LogConfig: Setting CVar [[r.Streaming.PoolSize:1000]]
[2022.03.09-11.39.09:098][  0]LogConfig: Setting CVar [[r.Streaming.MaxEffectiveScreenSize:0]]
[2022.03.09-11.39.09:098][  0]LogConfig: Applying CVar settings from Section [EffectsQuality@3] File [C:/Users/qwe_o/P8ToBeAnnounced/P8_VR_Home/Saved/Config/Windows/Scalability.ini]
[2022.03.09-11.39.09:098][  0]LogConfig: Setting CVar [[r.TranslucencyLightingVolumeDim:64]]
[2022.03.09-11.39.09:098][  0]LogConfig: Setting CVar [[r.RefractionQuality:2]]
[2022.03.09-11.39.09:098][  0]LogConfig: Setting CVar [[r.SSR.Quality:3]]
[2022.03.09-11.39.09:098][  0]LogConfig: Setting CVar [[r.SSR.HalfResSceneColor:0]]
[2022.03.09-11.39.09:098][  0]LogConfig: Setting CVar [[r.SceneColorFormat:4]]
[2022.03.09-11.39.09:098][  0]LogConfig: Setting CVar [[r.DetailMode:2]]
[2022.03.09-11.39.09:098][  0]LogConfig: Setting CVar [[r.TranslucencyVolumeBlur:1]]
[2022.03.09-11.39.09:098][  0]LogConfig: Setting CVar [[r.MaterialQualityLevel:1 ; High quality]]
[2022.03.09-11.39.09:098][  0]LogConfig: Setting CVar [[r.AnisotropicMaterials:1]]
[2022.03.09-11.39.09:098][  0]LogConfig: Setting CVar [[r.SSS.Scale:1]]
[2022.03.09-11.39.09:098][  0]LogConfig: Setting CVar [[r.SSS.SampleSet:2]]
[2022.03.09-11.39.09:098][  0]LogConfig: Setting CVar [[r.SSS.Quality:1]]
[2022.03.09-11.39.09:098][  0]LogConfig: Setting CVar [[r.SSS.HalfRes:0]]
[2022.03.09-11.39.09:098][  0]LogConfig: Setting CVar [[r.SSGI.Quality:3]]
[2022.03.09-11.39.09:098][  0]LogConfig: Setting CVar [[r.EmitterSpawnRateScale:1.0]]
[2022.03.09-11.39.09:098][  0]LogConfig: Setting CVar [[r.ParticleLightQuality:2]]
[2022.03.09-11.39.09:098][  0]LogConfig: Setting CVar [[r.SkyAtmosphere.AerialPerspectiveLUT.FastApplyOnOpaque:1 ; Always have FastSkyLUT 1 in this case to avoid wrong sky]]
[2022.03.09-11.39.09:098][  0]LogConfig: Setting CVar [[r.SkyAtmosphere.AerialPerspectiveLUT.SampleCountMaxPerSlice:4]]
[2022.03.09-11.39.09:098][  0]LogConfig: Setting CVar [[r.SkyAtmosphere.AerialPerspectiveLUT.DepthResolution:16.0]]
[2022.03.09-11.39.09:098][  0]LogConfig: Setting CVar [[r.SkyAtmosphere.FastSkyLUT:1]]
[2022.03.09-11.39.09:098][  0]LogConfig: Setting CVar [[r.SkyAtmosphere.FastSkyLUT.SampleCountMin:4.0]]
[2022.03.09-11.39.09:098][  0]LogConfig: Setting CVar [[r.SkyAtmosphere.FastSkyLUT.SampleCountMax:128.0]]
[2022.03.09-11.39.09:098][  0]LogConfig: Setting CVar [[r.SkyAtmosphere.SampleCountMin:4.0]]
[2022.03.09-11.39.09:098][  0]LogConfig: Setting CVar [[r.SkyAtmosphere.SampleCountMax:128.0]]
[2022.03.09-11.39.09:098][  0]LogConfig: Setting CVar [[r.SkyAtmosphere.TransmittanceLUT.UseSmallFormat:0]]
[2022.03.09-11.39.09:099][  0]LogConfig: Setting CVar [[r.SkyAtmosphere.TransmittanceLUT.SampleCount:10.0]]
[2022.03.09-11.39.09:099][  0]LogConfig: Setting CVar [[r.SkyAtmosphere.MultiScatteringLUT.SampleCount:15.0]]
[2022.03.09-11.39.09:099][  0]LogConfig: Setting CVar [[r.SkyLight.RealTimeReflectionCapture:1]]
[2022.03.09-11.39.09:099][  0]LogConfig: Applying CVar settings from Section [FoliageQuality@3] File [C:/Users/qwe_o/P8ToBeAnnounced/P8_VR_Home/Saved/Config/Windows/Scalability.ini]
[2022.03.09-11.39.09:099][  0]LogConfig: Setting CVar [[foliage.DensityScale:1.0]]
[2022.03.09-11.39.09:099][  0]LogConfig: Setting CVar [[grass.DensityScale:1.0]]
[2022.03.09-11.39.09:099][  0]LogConfig: Applying CVar settings from Section [ShadingQuality@3] File [C:/Users/qwe_o/P8ToBeAnnounced/P8_VR_Home/Saved/Config/Windows/Scalability.ini]
[2022.03.09-11.39.09:099][  0]LogConfig: Setting CVar [[r.HairStrands.SkyLighting.IntegrationType:2]]
[2022.03.09-11.39.09:099][  0]LogConfig: Setting CVar [[r.HairStrands.SkyAO.SampleCount:4]]
[2022.03.09-11.39.09:099][  0]LogConfig: Setting CVar [[r.HairStrands.Visibility.MSAA.SamplePerPixel:4]]
[2022.03.09-11.39.09:099][  0]LogConfig: Applying CVar settings from Section [Startup] File [../../../Engine/Config/ConsoleVariables.ini]
[2022.03.09-11.39.09:099][  0]LogConfig: Setting CVar [[r.XGEShaderCompile:0]]
[2022.03.09-11.39.09:099][  0]LogConfig: Setting CVar [[net.UseAdaptiveNetUpdateFrequency:0]]
[2022.03.09-11.39.09:099][  0]LogConfig: Setting CVar [[p.chaos.AllowCreatePhysxBodies:1]]
[2022.03.09-11.39.09:099][  0]LogConfig: Setting CVar [[fx.SkipVectorVMBackendOptimizations:1]]
[2022.03.09-11.39.09:099][  0]LogConfig: Applying CVar settings from Section [ConsoleVariables] File [C:/Users/qwe_o/P8ToBeAnnounced/P8_VR_Home/Saved/Config/Windows/Engine.ini]
[2022.03.09-11.39.09:099][  0]LogConfig: Applying CVar settings from Section [ConsoleVariables] File [C:/Users/qwe_o/P8ToBeAnnounced/P8_VR_Home/Saved/Config/Windows/Editor.ini]
[2022.03.09-11.39.09:100][  0]LogInit: Computer: DESKTOP-28BR1PH
[2022.03.09-11.39.09:100][  0]LogInit: User: qweo
[2022.03.09-11.39.09:100][  0]LogInit: CPU Page size=4096, Cores=4
[2022.03.09-11.39.09:100][  0]LogInit: High frequency timer resolution =10.000000 MHz
[2022.03.09-11.39.09:100][  0]LogMemory: Memory total: Physical=15.9GB (16GB approx)
[2022.03.09-11.39.09:100][  0]LogMemory: Platform Memory Stats for Windows
[2022.03.09-11.39.09:100][  0]LogMemory: Process Physical Memory: 143.53 MB used, 143.54 MB peak
[2022.03.09-11.39.09:100][  0]LogMemory: Process Virtual Memory: 120.36 MB used, 120.36 MB peak
[2022.03.09-11.39.09:100][  0]LogMemory: Physical Memory: 7876.36 MB used,  8443.43 MB free, 16319.79 MB total
[2022.03.09-11.39.09:100][  0]LogMemory: Virtual Memory: 134196888.00 MB used,  20839.08 MB free, 134217728.00 MB total
[2022.03.09-11.39.09:110][  0]LogWindows: WindowsPlatformFeatures enabled
[2022.03.09-11.39.09:200][  0]LogInit: Physics initialised using underlying interface: PhysX
[2022.03.09-11.39.09:202][  0]LogInit: Using OS detected language (en-US).
[2022.03.09-11.39.09:202][  0]LogInit: Using OS detected locale (da-DK).
[2022.03.09-11.39.09:210][  0]LogTextLocalizationManager: No specific localization for 'en-US' exists, so the 'en' localization will be used.
[2022.03.09-11.39.09:908][  0]LogWindowsTextInputMethodSystem: Display: IME system deactivated.
[2022.03.09-11.39.09:942][  0]LogSlate: New Slate User Created.  User Index 0, Is Virtual User: 0
[2022.03.09-11.39.09:942][  0]LogSlate: Slate User Registered.  User Index 0, Is Virtual User: 0
[2022.03.09-11.39.10:447][  0]LogD3D11RHI: Loaded GFSDK_Aftermath_Lib.x64.dll
[2022.03.09-11.39.11:126][  0]LogHMD: Optional extension XR_VARJO_quad_views is not available
[2022.03.09-11.39.11:130][  0]LogHMD: Warning: Required extension XR_EXT_eye_gaze_interaction is not available
[2022.03.09-11.39.11:130][  0]LogHMD: Could not enable all required OpenXR extensions for OpenXREyeTracker on current system. This plugin will be loaded but ignored, but will be enabled on a target platform that supports the required extension.
[2022.03.09-11.39.11:212][  0]LogHMD: Failed to create an OpenXR instance, result is XR_ERROR_RUNTIME_FAILURE. Please check if you have an OpenXR runtime installed. The following extensions were enabled:
[2022.03.09-11.39.11:212][  0]LogHMD: - XR_KHR_D3D11_enable
[2022.03.09-11.39.11:212][  0]LogHMD: - XR_KHR_D3D12_enable
[2022.03.09-11.39.11:212][  0]LogHMD: - XR_KHR_opengl_enable
[2022.03.09-11.39.11:212][  0]LogHMD: - XR_KHR_vulkan_enable
[2022.03.09-11.39.11:212][  0]LogHMD: - XR_KHR_composition_layer_depth
[2022.03.09-11.39.11:212][  0]LogHMD: - XR_KHR_visibility_mask
[2022.03.09-11.39.11:212][  0]LogHMD: - XR_EXT_hand_tracking
[2022.03.09-11.39.11:212][  0]LogD3D11RHI: D3D11 min allowed feature level: 11_0
[2022.03.09-11.39.11:212][  0]LogD3D11RHI: D3D11 max allowed feature level: 11_0
[2022.03.09-11.39.11:212][  0]LogD3D11RHI: D3D11 adapters:
[2022.03.09-11.39.11:396][  0]LogD3D11RHI:    0. 'NVIDIA GeForce GTX 1070' (Feature Level 11_0)
[2022.03.09-11.39.11:396][  0]LogD3D11RHI:       8082/0/8159 MB DedicatedVideo/DedicatedSystem/SharedSystem, Outputs:1, VendorId:0x10de
[2022.03.09-11.39.11:400][  0]LogD3D11RHI:    1. 'Microsoft Basic Render Driver' (Feature Level 11_0)
[2022.03.09-11.39.11:400][  0]LogD3D11RHI:       0/0/8159 MB DedicatedVideo/DedicatedSystem/SharedSystem, Outputs:0, VendorId:0x1414
[2022.03.09-11.39.11:400][  0]LogD3D11RHI: Chosen D3D11 Adapter:
[2022.03.09-11.39.11:400][  0]LogD3D11RHI:     Description : NVIDIA GeForce GTX 1070
[2022.03.09-11.39.11:400][  0]LogD3D11RHI:     VendorId    : 10de
[2022.03.09-11.39.11:400][  0]LogD3D11RHI:     DeviceId    : 1be1
[2022.03.09-11.39.11:400][  0]LogD3D11RHI:     SubSysId    : 14701043
[2022.03.09-11.39.11:400][  0]LogD3D11RHI:     Revision    : 00a1
[2022.03.09-11.39.11:400][  0]LogD3D11RHI:     DedicatedVideoMemory : 8474591232 bytes
[2022.03.09-11.39.11:400][  0]LogD3D11RHI:     DedicatedSystemMemory : 0 bytes
[2022.03.09-11.39.11:400][  0]LogD3D11RHI:     SharedSystemMemory : 8556269568 bytes
[2022.03.09-11.39.11:400][  0]LogD3D11RHI:     AdapterLuid : 0 59221905
[2022.03.09-11.39.11:414][  0]LogD3D11RHI: Creating new Direct3DDevice
[2022.03.09-11.39.11:414][  0]LogD3D11RHI:     GPU DeviceId: 0x1be1 (for the marketing name, search the web for "GPU Device Id")
[2022.03.09-11.39.11:414][  0]LogWindows: EnumDisplayDevices:
[2022.03.09-11.39.11:415][  0]LogWindows:    0. 'NVIDIA GeForce GTX 1070' (P:1 D:1)
[2022.03.09-11.39.11:415][  0]LogWindows:    1. 'NVIDIA GeForce GTX 1070' (P:0 D:0)
[2022.03.09-11.39.11:416][  0]LogWindows:    2. 'NVIDIA GeForce GTX 1070' (P:0 D:0)
[2022.03.09-11.39.11:416][  0]LogWindows:    3. 'NVIDIA GeForce GTX 1070' (P:0 D:0)
[2022.03.09-11.39.11:417][  0]LogWindows: DebugString: FoundDriverCount:4 
[2022.03.09-11.39.11:417][  0]LogD3D11RHI:     Adapter Name: NVIDIA GeForce GTX 1070
[2022.03.09-11.39.11:417][  0]LogD3D11RHI:   Driver Version: 511.79 (internal:30.0.15.1179, unified:511.79)
[2022.03.09-11.39.11:417][  0]LogD3D11RHI:      Driver Date: 2-10-2022
[2022.03.09-11.39.11:417][  0]LogRHI: Texture pool is 5657 MB (70% of 8082 MB)
[2022.03.09-11.39.11:417][  0]LogD3D11RHI: Creating D3DDevice using adapter:
[2022.03.09-11.39.11:417][  0]LogD3D11RHI:     Description : NVIDIA GeForce GTX 1070
[2022.03.09-11.39.11:417][  0]LogD3D11RHI:     VendorId    : 10de
[2022.03.09-11.39.11:417][  0]LogD3D11RHI:     DeviceId    : 1be1
[2022.03.09-11.39.11:417][  0]LogD3D11RHI:     SubSysId    : 14701043
[2022.03.09-11.39.11:417][  0]LogD3D11RHI:     Revision    : 00a1
[2022.03.09-11.39.11:417][  0]LogD3D11RHI:     DedicatedVideoMemory : 8474591232 bytes
[2022.03.09-11.39.11:417][  0]LogD3D11RHI:     DedicatedSystemMemory : 0 bytes
[2022.03.09-11.39.11:417][  0]LogD3D11RHI:     SharedSystemMemory : 8556269568 bytes
[2022.03.09-11.39.11:417][  0]LogD3D11RHI:     AdapterLuid : 0 59221905
[2022.03.09-11.39.11:515][  0]LogD3D11RHI: RHI has support for 64 bit atomics
[2022.03.09-11.39.11:515][  0]LogD3D11RHI: Async texture creation enabled
[2022.03.09-11.39.11:515][  0]LogD3D11RHI: Array index from any shader is supported
[2022.03.09-11.39.11:572][  0]LogD3D11RHI: GPU Timing Frequency: 1000.000000 (Debug: 2 1)
[2022.03.09-11.39.11:632][  0]LogRHI: GeForceNow SDK initialized: 1
[2022.03.09-11.39.12:317][  0]LogTargetPlatformManager: Display: Loaded TargetPlatform 'AllDesktop'
[2022.03.09-11.39.12:358][  0]LogTargetPlatformManager: Display: Loaded TargetPlatform 'Android'
[2022.03.09-11.39.12:358][  0]LogTargetPlatformManager: Display: Loaded TargetPlatform 'Android_ASTC'
[2022.03.09-11.39.12:358][  0]LogTargetPlatformManager: Display: Loaded TargetPlatform 'Android_DXT'
[2022.03.09-11.39.12:358][  0]LogTargetPlatformManager: Display: Loaded TargetPlatform 'Android_ETC2'
[2022.03.09-11.39.12:358][  0]LogTargetPlatformManager: Display: Loaded TargetPlatform 'AndroidClient'
[2022.03.09-11.39.12:358][  0]LogTargetPlatformManager: Display: Loaded TargetPlatform 'Android_ASTCClient'
[2022.03.09-11.39.12:358][  0]LogTargetPlatformManager: Display: Loaded TargetPlatform 'Android_DXTClient'
[2022.03.09-11.39.12:358][  0]LogTargetPlatformManager: Display: Loaded TargetPlatform 'Android_ETC2Client'
[2022.03.09-11.39.12:358][  0]LogTargetPlatformManager: Display: Loaded TargetPlatform 'Android_Multi'
[2022.03.09-11.39.12:358][  0]LogTargetPlatformManager: Display: Loaded TargetPlatform 'Android_MultiClient'
[2022.03.09-11.39.12:385][  0]LogTargetPlatformManager: Display: Loaded TargetPlatform 'IOSClient'
[2022.03.09-11.39.12:385][  0]LogTargetPlatformManager: Display: Loaded TargetPlatform 'IOS'
[2022.03.09-11.39.12:404][  0]LogTargetPlatformManager: Display: Loaded TargetPlatform 'Linux'
[2022.03.09-11.39.12:411][  0]LogTargetPlatformManager: Display: Loaded TargetPlatform 'LinuxNoEditor'
[2022.03.09-11.39.12:419][  0]LogTargetPlatformManager: Display: Loaded TargetPlatform 'LinuxClient'
[2022.03.09-11.39.12:427][  0]LogTargetPlatformManager: Display: Loaded TargetPlatform 'LinuxServer'
[2022.03.09-11.39.12:446][  0]LogTargetPlatformManager: Display: Loaded TargetPlatform 'LinuxAArch64NoEditor'
[2022.03.09-11.39.12:455][  0]LogTargetPlatformManager: Display: Loaded TargetPlatform 'LinuxAArch64Client'
[2022.03.09-11.39.12:463][  0]LogTargetPlatformManager: Display: Loaded TargetPlatform 'LinuxAArch64Server'
[2022.03.09-11.39.12:514][  0]LogTargetPlatformManager: Display: Loaded TargetPlatform 'Lumin'
[2022.03.09-11.39.12:514][  0]LogTargetPlatformManager: Display: Loaded TargetPlatform 'LuminClient'
[2022.03.09-11.39.12:532][  0]LogTargetPlatformManager: Display: Loaded TargetPlatform 'MacNoEditor'
[2022.03.09-11.39.12:542][  0]LogTargetPlatformManager: Display: Loaded TargetPlatform 'Mac'
[2022.03.09-11.39.12:550][  0]LogTargetPlatformManager: Display: Loaded TargetPlatform 'MacClient'
[2022.03.09-11.39.12:558][  0]LogTargetPlatformManager: Display: Loaded TargetPlatform 'MacServer'
[2022.03.09-11.39.12:576][  0]LogTargetPlatformManager: Display: Loaded TargetPlatform 'TVOSClient'
[2022.03.09-11.39.12:576][  0]LogTargetPlatformManager: Display: Loaded TargetPlatform 'TVOS'
[2022.03.09-11.39.12:591][  0]LogTargetPlatformManager: Display: Loaded TargetPlatform 'WindowsNoEditor'
[2022.03.09-11.39.12:599][  0]LogTargetPlatformManager: Display: Loaded TargetPlatform 'Windows'
[2022.03.09-11.39.12:607][  0]LogTargetPlatformManager: Display: Loaded TargetPlatform 'WindowsClient'
[2022.03.09-11.39.12:613][  0]LogTargetPlatformManager: Display: Loaded TargetPlatform 'WindowsServer'
[2022.03.09-11.39.12:613][  0]LogTargetPlatformManager: Display: Building Assets For Windows
[2022.03.09-11.39.12:625][  0]LogAudioDebug: Display: Lib vorbis DLL was dynamically loaded.
[2022.03.09-11.39.12:676][  0]LogTextureFormatOodle: Display: Oodle Texture 2.9.0 init RDO Off
[2022.03.09-11.39.12:729][  0]LogRendererCore: Ray tracing is disabled. Reason: r.RayTracing=0.
[2022.03.09-11.39.12:729][  0]LogShaderCompilers: Guid format shader working directory is 4 characters bigger than the processId version (C:/Users/qwe_o/P8ToBeAnnounced/P8_VR_Home/Intermediate/Shaders/WorkingDirectory/14584/).
[2022.03.09-11.39.12:729][  0]LogShaderCompilers: Cleaned the shader compiler working directory 'C:/Users/qwe_o/AppData/Local/Temp/UnrealShaderWorkingDir/827DB55E44D7858797BEAE842B5C6791/'.
[2022.03.09-11.39.12:730][  0]LogXGEController: Cannot use XGE Controller as Incredibuild is not installed on this machine.
[2022.03.09-11.39.12:730][  0]LogShaderCompilers: Display: Using Local Shader Compiler.
[2022.03.09-11.39.14:200][  0]LogDerivedDataCache: Display: Max Cache Size: 512 MB
[2022.03.09-11.39.14:367][  0]LogDerivedDataCache: Loaded boot cache 0.17s 140MB C:/Users/qwe_o/AppData/Local/UnrealEngine/4.27/DerivedDataCache/Boot.ddc.
[2022.03.09-11.39.14:367][  0]LogDerivedDataCache: Display: Loaded Boot cache: C:/Users/qwe_o/AppData/Local/UnrealEngine/4.27/DerivedDataCache/Boot.ddc
[2022.03.09-11.39.14:367][  0]LogDerivedDataCache: FDerivedDataBackendGraph:  Pak pak cache file C:/Users/qwe_o/P8ToBeAnnounced/P8_VR_Home/DerivedDataCache/DDC.ddp not found, will not use a pak cache.
[2022.03.09-11.39.14:367][  0]LogDerivedDataCache: Unable to find inner node Pak for hierarchical cache Hierarchy.
[2022.03.09-11.39.14:368][  0]LogDerivedDataCache: FDerivedDataBackendGraph:  CompressedPak pak cache file C:/Users/qwe_o/P8ToBeAnnounced/P8_VR_Home/DerivedDataCache/Compressed.ddp not found, will not use a pak cache.
[2022.03.09-11.39.14:368][  0]LogDerivedDataCache: Unable to find inner node CompressedPak for hierarchical cache Hierarchy.
[2022.03.09-11.39.14:391][  0]LogDerivedDataCache: Display: Pak cache opened for reading ../../../Engine/DerivedDataCache/Compressed.ddp.
[2022.03.09-11.39.14:391][  0]LogDerivedDataCache: FDerivedDataBackendGraph:  EnterprisePak pak cache file ../../../Enterprise/DerivedDataCache/Compressed.ddp not found, will not use a pak cache.
[2022.03.09-11.39.14:391][  0]LogDerivedDataCache: Unable to find inner node EnterprisePak for hierarchical cache Hierarchy.
[2022.03.09-11.39.14:405][  0]LogDerivedDataCache: Speed tests for C:/Users/qwe_o/AppData/Local/UnrealEngine/Common/DerivedDataCache took 0.01 seconds
[2022.03.09-11.39.14:405][  0]LogDerivedDataCache: Display: Performance to C:/Users/qwe_o/AppData/Local/UnrealEngine/Common/DerivedDataCache: Latency=0.05ms. RandomReadSpeed=817.45MBs, RandomWriteSpeed=82.92MBs. Assigned SpeedClass 'Local'
[2022.03.09-11.39.14:412][  0]LogDerivedDataCache: Using Local data cache path C:/Users/qwe_o/AppData/Local/UnrealEngine/Common/DerivedDataCache: Writable
[2022.03.09-11.39.14:412][  0]LogDerivedDataCache: Shared data cache path not found in *engine.ini, will not use an Shared cache.
[2022.03.09-11.39.14:412][  0]LogDerivedDataCache: Unable to find inner node Shared for hierarchical cache Hierarchy.
[2022.03.09-11.39.14:538][  0]LogSlate: Using FreeType 2.10.0
[2022.03.09-11.39.14:540][  0]LogSlate: SlateFontServices - WITH_FREETYPE: 1, WITH_HARFBUZZ: 1
[2022.03.09-11.39.14:569][  0]LogHMD: Optional extension XR_VARJO_quad_views is not available
[2022.03.09-11.39.14:569][  0]LogHMD: Warning: Required extension XR_EXT_eye_gaze_interaction is not available
[2022.03.09-11.39.14:569][  0]LogHMD: Could not enable all required OpenXR extensions for OpenXREyeTracker on current system. This plugin will be loaded but ignored, but will be enabled on a target platform that supports the required extension.
[2022.03.09-11.39.14:609][  0]LogHMD: Failed to create an OpenXR instance, result is XR_ERROR_RUNTIME_FAILURE. Please check if you have an OpenXR runtime installed. The following extensions were enabled:
[2022.03.09-11.39.14:609][  0]LogHMD: - XR_KHR_D3D11_enable
[2022.03.09-11.39.14:609][  0]LogHMD: - XR_KHR_D3D12_enable
[2022.03.09-11.39.14:609][  0]LogHMD: - XR_KHR_opengl_enable
[2022.03.09-11.39.14:609][  0]LogHMD: - XR_KHR_vulkan_enable
[2022.03.09-11.39.14:609][  0]LogHMD: - XR_KHR_composition_layer_depth
[2022.03.09-11.39.14:609][  0]LogHMD: - XR_KHR_visibility_mask
[2022.03.09-11.39.14:609][  0]LogHMD: - XR_EXT_hand_tracking
[2022.03.09-11.39.14:652][  0]LogAssetRegistry: FAssetRegistry took 0.0047 seconds to start up
[2022.03.09-11.39.15:154][  0]LogInit: Selected Device Profile: [Windows]
[2022.03.09-11.39.15:154][  0]LogInit: Active device profile: [000001F193243E00][000001F191C9CF80 49] Windows
[2022.03.09-11.39.15:154][  0]LogInit: Profiles: [000001F193243E00][000001F191C9CF80 49] Windows, [000001F1931F8300][000001F191CA5100 49] WindowsNoEditor, [000001F193240300][000001F191CA9280 49] WindowsServer, [000001F1931F9E00][000001F191CAD400 49] WindowsClient, [000001F193241D00][000001F18F767580 49] IOS, [000001F1931F8D00][000001F18F76B700 49] iPadAir, [000001F193240C00][000001F18F76F880 49] iPadAir2, [000001F193190600][000001F18F777B40 49] IPadPro, [000001F193190700][000001F18F773B80 49] iPadAir3, [000001F193240400][000001F18F77A180 49] iPadAir4, [000001F193193C00][000001F18F788300 49] iPadMini2, [000001F193241100][000001F18F7C8480 49] iPadMini3, [000001F193191500][000001F18F7E0600 49] iPadMini4, [000001F193242700][000001F18F7E4780 49] iPadMini5, [000001F193183E00][000001F18F7ECA40 49] iPhone6, [000001F193183F00][000001F18F7E8A80 49] iPodTouch6, [000001F1931FB400][000001F18F6BCD40 49] iPhone7, [000001F1931FAE00][000001F18F6B8D80 49] iPodTouch7, [000001F193180800][000001F191CA0EC0 49] iPhone5S, [000001F1931FA500][000001F18F6C1000 49] iPhone6Plus, [000001F193183100][000001F18F6C5140 49] iPhone6S, [000001F1931F9200][000001F18F6CD2C0 49] iPhone6SPlus, [000001F193181000][000001F18F6D1440 49] iPhone7Plus, [000001F1931F8700][000001F18F6D55C0 49] iPhoneSE, [000001F193182900][000001F18F6D9740 49] iPhone8, [000001F1931F9C00][000001F18F6DD8C0 49] iPhone8Plus, [000001F193181800][000001F194047A40 49] iPhoneX, [000001F1931F8E00][000001F19406BBC0 49] iPhoneXS, [000001F193182100][000001F19406E1C0 49] iPhoneXSMax, [000001F1931F8400][000001F194072340 49] iPhoneXR, [000001F193180400][000001F1940764C0 49] iPhone11, [000001F1931FB500][000001F19407A640 49] iPhone11Pro, [000001F193180C00][000001F19407E7C0 49] iPhone11ProMax, [000001F1931FBD00][000001F194086940 49] iPhoneSE2, [000001F193180200][000001F19408AAC0 49] iPhone12Mini, [000001F1931FB600][000001F19408EC40 49] iPhone12, [000001F193183500][000001F194082DC0 49] iPhone12Pro, [000001F1931FBE00][000001F18F760F40 49] iPhone12ProMax, [000001F193183B00][000001F18F6C9080 49] iPadPro105, [000001F1931F9800][000001F193D8F1C0 49] iPadPro129, [000001F193182700][000001F193D93300 49] iPadPro97, [000001F1931F9700][000001F193D9B480 49] iPadPro2_129, [000001F193182300][000001F193DA7600 49] iPad5, [000001F1931F8600][000001F193DB7780 49] iPad6, [000001F193181C00][000001F193DBB900 49] iPad7, [000001F1931FAD00][000001F193DBFA80 49] iPad8, [000001F193183900][000001F193DC7C00 49] iPadPro11, [000001F1931FBA00][000001F19076E200 49] iPadPro2_11, [000001F193182800][000001F19081E380 49] iPadPro3_129, [000001F1931F8800][000001F193DC2500 49] iPadPro4_129, [000001F193180100][000001F190838680 49] AppleTV, [000001F1931F9D00][000001F19083C800 49] AppleTV4K, [000001F193181900][000001F191C60980 49] TVOS, [000001F1931FAB00][000001F191C64B00 49] Mac, [000001F193183200][000001F191C68C80 49] MacClient, [000001F1931F8100][000001F191C6CE00 49] MacNoEditor, [000001F193182D00][000001F190840F80 49] MacServer, [000001F1931F9500][000001F193D87100 49] Linux, [000001F193180700][000001F193D97240 49] LinuxAArch64, [000001F1931F8B00][000001F193D8B380 49] LinuxNoEditor, [000001F193180D00][000001F1908454C0 49] LinuxAArch64NoEditor, [000001F1931FB100][000001F19084D640 49] LinuxClient, [000001F193181F00][000001F18FC217C0 49] LinuxAArch64Client, [000001F1931FB200][000001F18FC29940 49] LinuxServer, [000001F193182E00][000001F18FC2DAC0 49] LinuxAArch64Server, [000001F1931FA800][000001F18FC340C0 49] Android, [000001F193183300][000001F18FC38240 49] Android_Low, [000001F1931FBB00][000001F18FC3C3C0 49] Android_Mid, [000001F193242E00][000001F18FC40540 49] Android_High, [000001F193271500][000001F18FC446C0 49] Android_Default, [000001F193241700][000001F194964840 49] Android_Adreno4xx, [000001F193272500][000001F1949E49C0 49] Android_Adreno5xx_Low, [000001F193241600][000001F1949ECB40 49] Android_Adreno5xx, [000001F193272700][000001F194A6ACC0 49] Android_Adreno6xx, [000001F193240800][000001F1940E4E40 49] Android_Adreno6xx_Vulkan, [000001F193271E00][000001F194106FC0 49] Android_Mali_T6xx, [000001F193240700][000001F194183140 49] Android_Mali_T7xx, [000001F193270600][000001F1941E92C0 49] Android_Mali_T8xx, [000001F193241200][000001F190849400 49] Android_Mali_G71, [000001F193272200][000001F194249540 49] Android_Mali_G72, [000001F193242A00][000001F191C07680 49] Android_Mali_G72_Vulkan, [000001F193271C00][000001F191C157C0 49] Android_Mali_G76, [000001F193242100][000001F191C1D940 49] Android_Mali_G76_Vulkan, [000001F193271700][000001F191C21AC0 49] Android_Mali_G77, [000001F193242F00][000001F191C240C0 49] Android_Mali_G77_Vulkan, [000001F193271B00][000001F191C28240 49] Android_Mali_G78, [000001F193242600][000001F191C2C3C0 49] Android_Mali_G78_Vulkan, [000001F193272300][000001F191C30540 49] Android_Mali_G710, [000001F193240E00][000001F191C346C0 49] Android_Mali_G710_Vulkan, [000001F193272E00][000001F191C38840 49] Android_Vulkan_SM5, [000001F193243700][000001F191C3C9C0 49] Android_PowerVR_G6xxx, [000001F193270A00][000001F18FBF2B40 49] Android_PowerVR_GT7xxx, [000001F1931FA100][000001F191C40CC0 49] Android_PowerVR_GE8xxx, [000001F193272600][000001F191C58E40 49] Android_PowerVR_GM9xxx, [000001F1931FAC00][000001F191C5CFC0 49] Android_PowerVR_GM9xxx_Vulkan, [000001F193271A00][000001F193D4B140 49] Android_TegraK1, [000001F1931FB700][000001F193D4F2C0 49] Android_Unknown_Vulkan, [000001F193270300][000001F193D53440 49] Lumin, [000001F1931FA000][000001F191C19580 49] Lumin_Desktop, [000001F193272B00][000001F1944B36C0 49] HoloLens, 
[2022.03.09-11.39.15:248][  0]LogMeshReduction: Using QuadricMeshReduction for automatic static mesh reduction
[2022.03.09-11.39.15:248][  0]LogMeshReduction: Using SimplygonMeshReduction for automatic skeletal mesh reduction
[2022.03.09-11.39.15:248][  0]LogMeshReduction: Using ProxyLODMeshReduction for automatic mesh merging
[2022.03.09-11.39.15:248][  0]LogMeshReduction: No distributed automatic mesh merging module available
[2022.03.09-11.39.15:248][  0]LogMeshMerging: No distributed automatic mesh merging module available
[2022.03.09-11.39.15:522][  0]LogNetVersion: P8_VR_Home 1.0.0, NetCL: 17155196, EngineNetVer: 17, GameNetVer: 0 (Checksum: 1173850688)
[2022.03.09-11.39.16:438][  0]LogTexture: Default maximum texture size for cubemaps generated from long-lat sources has been changed from 512 to unlimited. In order to preserve old behaiour for '/Engine/MapTemplates/Sky/DaylightAmbientCubemap.DaylightAmbientCubemap', its maximum texture size has been explicitly set to 512.
[2022.03.09-11.39.16:547][  0]LogHMD: PokeAHoleMaterial loaded successfully
[2022.03.09-11.39.16:556][  0]LogUObjectArray: 17075 objects as part of root set at end of initial load.
[2022.03.09-11.39.16:556][  0]LogUObjectAllocator: 4275792 out of 0 bytes used by permanent object pool.
[2022.03.09-11.39.16:556][  0]LogUObjectArray: CloseDisregardForGC: 0/0 objects in disregard for GC pool
[2022.03.09-11.39.16:945][  0]LogNiagaraDebuggerClient: Niagara Debugger Client Initialized | Session: 432D8D5544255FD6BCB84992E17FF182 | Instance: BF04C93A4D6169D0DC9F0980C1D68051 (DESKTOP-28BR1PH-14584).
[2022.03.09-11.39.17:115][  0]LogPython: Using Python 3.7.7
[2022.03.09-11.39.18:008][  0]LogTcpMessaging: Initializing TcpMessaging bridge
[2022.03.09-11.39.18:019][  0]LogUdpMessaging: Initializing bridge on interface 0.0.0.0:0 to multicast group 230.0.0.1:6666.
[2022.03.09-11.39.18:248][  0]SourceControl: Source control is disabled
[2022.03.09-11.39.18:248][  0]SourceControl: Source control is disabled
[2022.03.09-11.39.18:260][  0]SourceControl: Source control is disabled
[2022.03.09-11.39.18:266][  0]SourceControl: Source control is disabled
[2022.03.09-11.39.18:285][  0]SourceControl: Source control is disabled
[2022.03.09-11.39.18:297][  0]LogUProjectInfo: Found projects:
[2022.03.09-11.39.19:445][  0]LogTexture: Default maximum texture size for cubemaps generated from long-lat sources has been changed from 512 to unlimited. In order to preserve old behaiour for '/Engine/EditorMaterials/AssetViewer/EpicQuadPanorama_CC+EV1.EpicQuadPanorama_CC+EV1', its maximum texture size has been explicitly set to 512.
[2022.03.09-11.39.23:533][  0]LogOpenImageDenoise: OIDN starting up
[2022.03.09-11.39.23:581][  0]LogAndroidPermission: UAndroidPermissionCallbackProxy::GetInstance
[2022.03.09-11.39.23:615][  0]LogAudioCaptureCore: Display: No Audio Capture implementations found. Audio input will be silent.
[2022.03.09-11.39.23:615][  0]LogAudioCaptureCore: Display: No Audio Capture implementations found. Audio input will be silent.
[2022.03.09-11.39.24:035][  0]LogCollectionManager: Loaded 0 collections in 0.002336 seconds
[2022.03.09-11.39.24:077][  0]LogFileCache: Scanning file cache for directory 'C:/Users/qwe_o/P8ToBeAnnounced/P8_VR_Home/Saved/Collections/' took 0.00s
[2022.03.09-11.39.24:077][  0]LogFileCache: Scanning file cache for directory 'C:/Users/qwe_o/P8ToBeAnnounced/P8_VR_Home/Content/Developers/qweo/Collections/' took 0.00s
[2022.03.09-11.39.24:077][  0]LogFileCache: Scanning file cache for directory 'C:/Users/qwe_o/P8ToBeAnnounced/P8_VR_Home/Content/Collections/' took 0.00s
[2022.03.09-11.39.24:077][  0]LogOcInput: OculusInput pre-init called
[2022.03.09-11.39.24:790][  0]LogEngine: Initializing Engine...
[2022.03.09-11.39.24:988][  0]LogHMD: Optional extension XR_VARJO_quad_views is not available
[2022.03.09-11.39.24:988][  0]LogHMD: Warning: Required extension XR_EXT_eye_gaze_interaction is not available
[2022.03.09-11.39.24:988][  0]LogHMD: Could not enable all required OpenXR extensions for OpenXREyeTracker on current system. This plugin will be loaded but ignored, but will be enabled on a target platform that supports the required extension.
[2022.03.09-11.39.25:035][  0]LogHMD: Failed to create an OpenXR instance, result is XR_ERROR_RUNTIME_FAILURE. Please check if you have an OpenXR runtime installed. The following extensions were enabled:
[2022.03.09-11.39.25:035][  0]LogHMD: - XR_KHR_D3D11_enable
[2022.03.09-11.39.25:035][  0]LogHMD: - XR_KHR_D3D12_enable
[2022.03.09-11.39.25:035][  0]LogHMD: - XR_KHR_opengl_enable
[2022.03.09-11.39.25:035][  0]LogHMD: - XR_KHR_vulkan_enable
[2022.03.09-11.39.25:036][  0]LogHMD: - XR_KHR_composition_layer_depth
[2022.03.09-11.39.25:036][  0]LogHMD: - XR_KHR_visibility_mask
[2022.03.09-11.39.25:036][  0]LogHMD: - XR_EXT_hand_tracking
[2022.03.09-11.39.25:051][  0]LogMagicLeap: Warning: VR disabled because ZI is not enabled.  To enable, in the editor, Edit -> Project Settings -> Plugins -> Magic Leap Plugin -> Enable Zero Iteration
[2022.03.09-11.39.25:053][  0]LogStats: UGameplayTagsManager::InitializeManager -  0.000 s
[2022.03.09-11.39.25:284][  0]LogInit: Initializing FReadOnlyCVARCache
[2022.03.09-11.39.25:305][  0]LogAIModule: Creating AISystem for world Untitled
[2022.03.09-11.39.25:307][  0]LogAudio: Display: Initializing Audio Device Manager...
[2022.03.09-11.39.25:313][  0]LogAudio: Display: Loading Default Audio Settings Objects...
[2022.03.09-11.39.25:314][  0]LogAudio: Display: No default SoundConcurrencyObject specified (or failed to load).
[2022.03.09-11.39.25:315][  0]LogAudio: Display: Audio Device Manager Initialized
[2022.03.09-11.39.25:315][  0]LogAudio: Display: Creating Audio Device:                 Id: 1, Scope: Shared, Realtime: True
[2022.03.09-11.39.25:315][  0]LogAudioMixer: Display: Audio Mixer Platform Settings:
[2022.03.09-11.39.25:315][  0]LogAudioMixer: Display: 	Sample Rate:						  48000
[2022.03.09-11.39.25:315][  0]LogAudioMixer: Display: 	Callback Buffer Frame Size Requested: 1024
[2022.03.09-11.39.25:315][  0]LogAudioMixer: Display: 	Callback Buffer Frame Size To Use:	  1024
[2022.03.09-11.39.25:315][  0]LogAudioMixer: Display: 	Number of buffers to queue:			  1
[2022.03.09-11.39.25:315][  0]LogAudioMixer: Display: 	Max Channels (voices):				  0
[2022.03.09-11.39.25:315][  0]LogAudioMixer: Display: 	Number of Async Source Workers:		  4
[2022.03.09-11.39.25:315][  0]LogAudio: Display: AudioDevice MaxSources: 32
[2022.03.09-11.39.25:324][  0]LogAudio: Display: Audio Spatialization Plugin: Resonance Audio is external send: 1
[2022.03.09-11.39.25:324][  0]LogAudio: Display: Audio Reverb Plugin: Resonance Audio
[2022.03.09-11.39.25:324][  0]LogAudio: Display: Audio Occlusion Plugin: None (built-in).
[2022.03.09-11.39.25:324][  0]LogAudioMixer: Display: Initializing audio mixer.
[2022.03.09-11.39.25:345][  0]LogAudioMixer: Display: 0: FrontLeft
[2022.03.09-11.39.25:345][  0]LogAudioMixer: Display: 1: FrontRight
[2022.03.09-11.39.25:370][  0]LogAudioMixer: Display: Using Audio Device Headphones (Samyang Stereo)
[2022.03.09-11.39.25:373][  0]LogAudioMixer: Display: Initializing Sound Submixes...
[2022.03.09-11.39.25:377][  0]LogAudioMixer: Display: Creating Master Submix 'MasterSubmixDefault'
[2022.03.09-11.39.25:377][  0]LogAudioMixer: Display: Creating Master Submix 'MasterReverbSubmixDefault'
[2022.03.09-11.39.25:378][  0]LogAudioMixer: Display: Creating Master Submix 'MasterEQSubmixDefault'
[2022.03.09-11.39.25:460][  0]LogAudioMixer: FMixerPlatformXAudio2::StartAudioStream() called
[2022.03.09-11.39.25:460][  0]LogAudioMixer: Display: Output buffers initialized: Frames=1024, Channels=2, Samples=2048
[2022.03.09-11.39.25:462][  0]LogAudioMixer: Display: Starting AudioMixerPlatformInterface::RunInternal()
[2022.03.09-11.39.25:462][  0]LogAudioMixer: Display: FMixerPlatformXAudio2::SubmitBuffer() called for the first time
[2022.03.09-11.39.25:462][  0]LogInit: FAudioDevice initialized.
[2022.03.09-11.39.25:462][  0]LogAudio: Display: Audio Device (ID: 1) registered with world 'Untitled'.
[2022.03.09-11.39.25:462][  0]LogNetVersion: Set ProjectVersion to 1.0.0.0. Version Checksum will be recalculated on next use.
[2022.03.09-11.39.25:555][  0]LogDerivedDataCache: Saved boot cache 0.09s 140MB C:/Users/qwe_o/AppData/Local/UnrealEngine/4.27/DerivedDataCache/Boot.ddc.
[2022.03.09-11.39.25:561][  0]LogInit: Texture streaming: Enabled
[2022.03.09-11.39.25:580][  0]LogAnalytics: Display: [UEEditor.Rocket.Release] APIServer = https://datarouter.ol.epicgames.com/. AppVersion = 4.27.2-18319896+++UE4+Release-4.27
[2022.03.09-11.39.25:585][  0]LogEngineSessionManager: EngineSessionManager initialized
[2022.03.09-11.39.25:585][  0]LogEditorSessionSummary: Verbose: Initializing EditorSessionSummaryWriter for editor session tracking
[2022.03.09-11.39.25:588][  0]LogEditorSessionSummary: EditorSessionSummaryWriter initialized
[2022.03.09-11.39.25:635][  0]LogInit: Transaction tracking system initialized
[2022.03.09-11.39.25:665][  0]BlueprintLog: New page: Editor Load
[2022.03.09-11.39.25:743][  0]LocalizationService: Localization service is disabled
[2022.03.09-11.39.25:791][  0]TimingProfiler: Initialize
[2022.03.09-11.39.25:791][  0]TimingProfiler: OnSessionChanged
[2022.03.09-11.39.25:791][  0]LoadingProfiler: Initialize
[2022.03.09-11.39.25:792][  0]LoadingProfiler: OnSessionChanged
[2022.03.09-11.39.25:792][  0]NetworkingProfiler: Initialize
[2022.03.09-11.39.25:792][  0]NetworkingProfiler: OnSessionChanged
[2022.03.09-11.39.25:792][  0]MemoryProfiler: Initialize
[2022.03.09-11.39.25:792][  0]MemoryProfiler: OnSessionChanged
[2022.03.09-11.39.26:990][  0]LogCook: Display: CookSettings for Memory: MemoryMaxUsedVirtual 0MiB, MemoryMaxUsedPhysical 16384MiB, MemoryMinFreeVirtual 0MiB, MemoryMinFreePhysical 1024MiB
[2022.03.09-11.39.26:990][  0]LogCook: Display: Mobile HDR setting 0
[2022.03.09-11.39.27:451][  0]LogFileCache: Scanning file cache for directory 'C:/Users/qwe_o/P8ToBeAnnounced/P8_VR_Home/Content/' took 0.04s
[2022.03.09-11.39.27:451][  0]LogInit: Display: Engine is initialized. Leaving FEngineLoop::Init()
[2022.03.09-11.39.27:456][  0]SourceControl: Source control is disabled
[2022.03.09-11.39.27:456][  0]LogUnrealEdMisc: Loading editor; pre map load, took 22.767
[2022.03.09-11.39.27:456][  0]Cmd: MAP LOAD FILE="C:/Users/qwe_o/P8ToBeAnnounced/P8_VR_Home/Content/VRTemplate/Maps/VRTemplateMap.umap" TEMPLATE=0 SHOWPROGRESS=1 FEATURELEVEL=3
[2022.03.09-11.39.27:457][  0]LightingResults: New page: Lighting Build
[2022.03.09-11.39.27:459][  0]LogWorld: UWorld::CleanupWorld for Untitled, bSessionEnded=true, bCleanupResources=true
[2022.03.09-11.39.27:459][  0]LogSlate: InvalidateAllWidgets triggered.  All widgets were invalidated
[2022.03.09-11.39.27:459][  0]MapCheck: New page: Map Check
[2022.03.09-11.39.27:459][  0]LightingResults: New page: Lighting Build
[2022.03.09-11.39.27:496][  0]LogAudio: Display: Audio Device unregistered from world 'None'.
[2022.03.09-11.39.27:500][  0]LogUObjectHash: Compacting FUObjectHashTables data took   1.37ms
[2022.03.09-11.39.30:026][  0]LogLinker: Warning: Asset 'C:/Users/qwe_o/P8ToBeAnnounced/P8_VR_Home/Content/Materials/PP_Outliner_Inst.uasset' has been saved with empty engine version. The asset will be loaded but may be incompatible.
[2022.03.09-11.39.30:034][  0]LogLinker: Warning: Asset 'C:/Users/qwe_o/P8ToBeAnnounced/P8_VR_Home/Content/Materials/PP_Outliner_M.uasset' has been saved with empty engine version. The asset will be loaded but may be incompatible.
[2022.03.09-11.39.30:090][  0]LogLinker: Warning: Asset 'C:/Users/qwe_o/P8ToBeAnnounced/P8_VR_Home/Content/Materials/MF_ConvolveTexture.uasset' has been saved with empty engine version. The asset will be loaded but may be incompatible.
[2022.03.09-11.39.30:098][  0]LogLinker: Warning: Asset 'C:/Users/qwe_o/P8ToBeAnnounced/P8_VR_Home/Content/Materials/MF_ExtractDepth.uasset' has been saved with empty engine version. The asset will be loaded but may be incompatible.
[2022.03.09-11.39.30:107][  0]LogLinker: Warning: Asset 'C:/Users/qwe_o/P8ToBeAnnounced/P8_VR_Home/Content/Materials/MF_SampleSceneTextureNeighbourUVs.uasset' has been saved with empty engine version. The asset will be loaded but may be incompatible.
[2022.03.09-11.39.37:557][  0]LogPhysics: Warning: Failed to cook TriMesh: /Game/Marwa/ModelsNew/Group_688_2_001.Group_688_2_001.
[2022.03.09-11.39.37:557][  0]LogPhysics: Warning: Attempt to build physics data for /Game/Marwa/ModelsNew/Group_688_2_001.Group_688_2_001:BodySetup_0 when we are unable to.
[2022.03.09-11.39.37:826][  0]LogPhysicsCore: Warning: PHYSX: (D:\Build\++Fortnite\Sync\Engine\Source\ThirdParty\PhysX3\PhysX_3.4\Source\PhysXCooking\src\convex\QuickHullConvexHullLib.cpp 937) eINTERNAL_ERROR : QuickHullConvexHullLib::findSimplex: Simplex input points appers to be coplanar.
[2022.03.09-11.39.37:827][  0]LogPhysicsCore: Warning: PHYSX: (D:\Build\++Fortnite\Sync\Engine\Source\ThirdParty\PhysX3\PhysX_3.4\Source\PhysXCooking\src\convex\QuickHullConvexHullLib.cpp 937) eINTERNAL_ERROR : QuickHullConvexHullLib::findSimplex: Simplex input points appers to be coplanar.
[2022.03.09-11.39.37:827][  0]LogPhysics: Warning: Failed to cook convex: /Game/Marwa/ModelsNew/Group_658_001.Group_658_001 0 (FlipX:0). The remaining elements will not get cooked.
[2022.03.09-11.39.37:827][  0]LogPhysics: Warning: Failed to cook TriMesh: /Game/Marwa/ModelsNew/Group_658_001.Group_658_001.
[2022.03.09-11.39.37:827][  0]LogPhysics: Warning: Attempt to build physics data for /Game/Marwa/ModelsNew/Group_658_001.Group_658_001:BodySetup_0 when we are unable to.
[2022.03.09-11.39.37:956][  0]LogPhysics: Warning: Failed to cook TriMesh: /Game/Marwa/ModelsNew/Group_629_001.Group_629_001.
[2022.03.09-11.39.37:956][  0]LogPhysics: Warning: Attempt to build physics data for /Game/Marwa/ModelsNew/Group_629_001.Group_629_001:BodySetup_0 when we are unable to.
[2022.03.09-11.39.37:999][  0]LogPhysics: Warning: Failed to cook TriMesh: /Game/Marwa/ModelsNew/Group_621_001.Group_621_001.
[2022.03.09-11.39.37:999][  0]LogPhysics: Warning: Attempt to build physics data for /Game/Marwa/ModelsNew/Group_621_001.Group_621_001:BodySetup_0 when we are unable to.
[2022.03.09-11.39.38:147][  0]LogPhysicsCore: Warning: PHYSX: (D:\Build\++Fortnite\Sync\Engine\Source\ThirdParty\PhysX3\PhysX_3.4\Source\PhysXCooking\src\convex\QuickHullConvexHullLib.cpp 937) eINTERNAL_ERROR : QuickHullConvexHullLib::findSimplex: Simplex input points appers to be coplanar.
[2022.03.09-11.39.38:147][  0]LogPhysicsCore: Warning: PHYSX: (D:\Build\++Fortnite\Sync\Engine\Source\ThirdParty\PhysX3\PhysX_3.4\Source\PhysXCooking\src\convex\QuickHullConvexHullLib.cpp 937) eINTERNAL_ERROR : QuickHullConvexHullLib::findSimplex: Simplex input points appers to be coplanar.
[2022.03.09-11.39.38:147][  0]LogPhysics: Warning: Failed to cook convex: /Game/Marwa/ModelsNew/Group_579_001.Group_579_001 0 (FlipX:0). The remaining elements will not get cooked.
[2022.03.09-11.39.38:147][  0]LogPhysicsCore: Warning: PHYSX: (D:\Build\++Fortnite\Sync\Engine\Source\ThirdParty\PhysX3\PhysX_3.4\Source\PhysXCooking\src\convex\QuickHullConvexHullLib.cpp 937) eINTERNAL_ERROR : QuickHullConvexHullLib::findSimplex: Simplex input points appers to be coplanar.
[2022.03.09-11.39.38:147][  0]LogPhysicsCore: Warning: PHYSX: (D:\Build\++Fortnite\Sync\Engine\Source\ThirdParty\PhysX3\PhysX_3.4\Source\PhysXCooking\src\convex\QuickHullConvexHullLib.cpp 937) eINTERNAL_ERROR : QuickHullConvexHullLib::findSimplex: Simplex input points appers to be coplanar.
[2022.03.09-11.39.38:147][  0]LogPhysics: Warning: Failed to cook convex: /Game/Marwa/ModelsNew/Group_579_001.Group_579_001 0 (FlipX:1). The remaining elements will not get cooked.
[2022.03.09-11.39.38:161][  0]LogPhysics: Warning: Attempt to build physics data for /Game/Marwa/ModelsNew/Group_579_001.Group_579_001:BodySetup_0 when we are unable to.
[2022.03.09-11.39.43:514][  0]LogPhysics: Warning: Failed to cook TriMesh: /Game/Marwa/3D_model_from_marwa/Geometries/Group_688_2.Group_688_2.
[2022.03.09-11.39.43:514][  0]LogPhysics: Warning: Attempt to build physics data for /Game/Marwa/3D_model_from_marwa/Geometries/Group_688_2.Group_688_2:BodySetup_0 when we are unable to.
[2022.03.09-11.39.45:562][  0]LogPhysics: Warning: Failed to cook TriMesh: /Game/Marwa/3D_model_from_marwa/Geometries/Group_598_2.Group_598_2.
[2022.03.09-11.39.45:562][  0]LogPhysics: Warning: Attempt to build physics data for /Game/Marwa/3D_model_from_marwa/Geometries/Group_598_2.Group_598_2:BodySetup_0 when we are unable to.
[2022.03.09-11.39.47:564][  0]LogPhysics: Warning: Failed to cook TriMesh: /Game/Marwa/3D_model_from_marwa/Geometries/Group_132_2.Group_132_2.
[2022.03.09-11.39.47:564][  0]LogPhysics: Warning: Attempt to build physics data for /Game/Marwa/3D_model_from_marwa/Geometries/Group_132_2.Group_132_2:BodySetup_0 when we are unable to.
[2022.03.09-11.39.49:205][  0]LogAudio: Display: Audio Device (ID: 1) registered with world 'VRTemplateMap'.
[2022.03.09-11.39.49:207][  0]LogAIModule: Creating AISystem for world VRTemplateMap
[2022.03.09-11.39.49:347][  0]LogPhysics: Warning: PopulatePhysXGeometryAndTransform(Convex): ConvexElem is missing ConvexMesh
[2022.03.09-11.39.49:347][  0]LogPhysics: Warning: ForeachShape(Convex): ScaledElem[0] invalid
[2022.03.09-11.39.49:395][  0]LogPhysics: Warning: PopulatePhysXGeometryAndTransform(Convex): ConvexElem is missing ConvexMesh
[2022.03.09-11.39.49:396][  0]LogPhysics: Warning: ForeachShape(Convex): ScaledElem[0] invalid
[2022.03.09-11.39.49:396][  0]LogPhysics: Warning: PopulatePhysXGeometryAndTransform(Convex): ConvexElem is missing ConvexMesh
[2022.03.09-11.39.49:396][  0]LogPhysics: Warning: ForeachShape(Convex): ScaledElem[0] invalid
[2022.03.09-11.39.49:396][  0]LogPhysics: Warning: PopulatePhysXGeometryAndTransform(Convex): ConvexElem is missing ConvexMesh
[2022.03.09-11.39.49:396][  0]LogPhysics: Warning: ForeachShape(Convex): ScaledElem[0] invalid
[2022.03.09-11.39.49:531][  0]LogEditorServer: Finished looking for orphan Actors (0.000 secs)
[2022.03.09-11.39.49:547][  0]LogNavigation: Warning: Recreating dtNavMesh instance due to saved navmesh origin (X=-20.000 Y=0.000 Z=10.000, usually the RecastNavMesh location) not being aligned with tile size (1000 uu) 
[2022.03.09-11.39.49:682][  0]LogUObjectHash: Compacting FUObjectHashTables data took   2.79ms
[2022.03.09-11.39.49:682][  0]Cmd: MAP CHECKDEP NOCLEARLOG
[2022.03.09-11.39.49:683][  0]MapCheck: Map check complete: 0 Error(s), 0 Warning(s), took 0,624ms to complete.
[2022.03.09-11.39.49:683][  0]LogFileHelpers: Loading map 'VRTemplateMap' took 22.227
[2022.03.09-11.39.49:764][  0]LogUnrealEdMisc: Total Editor Startup Time, took 45.076
[2022.03.09-11.39.50:907][  0]LogSlate: Updating window title bar state: overlay mode, drag disabled, window buttons hidden, title bar hidden
[2022.03.09-11.39.50:927][  0]LogSlate: Updating window title bar state: overlay mode, drag disabled, window buttons hidden, title bar hidden
[2022.03.09-11.39.50:936][  0]LogSlate: Updating window title bar state: overlay mode, drag disabled, window buttons hidden, title bar hidden
[2022.03.09-11.39.50:946][  0]LogSlate: Updating window title bar state: overlay mode, drag disabled, window buttons hidden, title bar hidden
[2022.03.09-11.39.51:233][  0]LogNativeClassHierarchy: Verbose: Native class hierarchy populated in 0.0193 seconds. Added 4030 classes and 980 folders.
[2022.03.09-11.39.51:371][  0]LogNativeClassHierarchy: Verbose: Native class hierarchy updated for 'WidgetCarousel' in 0.0004 seconds. Added 0 classes and 0 folders.
[2022.03.09-11.39.51:523][  0]LogPakFile: PakFile PrimaryIndexSize=187
[2022.03.09-11.39.51:523][  0]LogPakFile: PakFile PathHashIndexSize=101
[2022.03.09-11.39.51:523][  0]LogPakFile: PakFile FullDirectoryIndexSize=148
[2022.03.09-11.39.51:561][  0]LogShaderLibrary: Display: ShaderCodeLibraryPakFileMountedCallback: PakFile 'D:/Program Files/Epic Games/UE_4.27/FeaturePacks/FP_FirstPerson.upack' (chunk index -1, root 'root:/') mounted
[2022.03.09-11.39.51:561][  0]LogShaderLibrary: Display: ShaderCodeLibraryPakFileMountedCallback: pending pak file info (ChunkID:-1 Root:root:/ File:D:/Program Files/Epic Games/UE_4.27/FeaturePacks/FP_FirstPerson.upack)
[2022.03.09-11.39.51:568][  0]LogPakFile: OnPakFileMounted2Time == 0.043925
[2022.03.09-11.39.51:600][  0]LogPakFile: PakFile PrimaryIndexSize=189
[2022.03.09-11.39.51:600][  0]LogPakFile: PakFile PathHashIndexSize=101
[2022.03.09-11.39.51:600][  0]LogPakFile: PakFile FullDirectoryIndexSize=152
[2022.03.09-11.39.51:600][  0]LogShaderLibrary: Display: ShaderCodeLibraryPakFileMountedCallback: PakFile 'D:/Program Files/Epic Games/UE_4.27/FeaturePacks/FP_FirstPersonBP.upack' (chunk index -1, root 'root:/') mounted
[2022.03.09-11.39.51:600][  0]LogShaderLibrary: Display: ShaderCodeLibraryPakFileMountedCallback: pending pak file info (ChunkID:-1 Root:root:/ File:D:/Program Files/Epic Games/UE_4.27/FeaturePacks/FP_FirstPersonBP.upack)
[2022.03.09-11.39.51:600][  0]LogPakFile: OnPakFileMounted2Time == 0.000076
[2022.03.09-11.39.51:618][  0]LogPakFile: PakFile PrimaryIndexSize=191
[2022.03.09-11.39.51:618][  0]LogPakFile: PakFile PathHashIndexSize=101
[2022.03.09-11.39.51:618][  0]LogPakFile: PakFile FullDirectoryIndexSize=160
[2022.03.09-11.39.51:618][  0]LogShaderLibrary: Display: ShaderCodeLibraryPakFileMountedCallback: PakFile 'D:/Program Files/Epic Games/UE_4.27/FeaturePacks/MobileStarterContent.upack' (chunk index -1, root 'root:/') mounted
[2022.03.09-11.39.51:618][  0]LogShaderLibrary: Display: ShaderCodeLibraryPakFileMountedCallback: pending pak file info (ChunkID:-1 Root:root:/ File:D:/Program Files/Epic Games/UE_4.27/FeaturePacks/MobileStarterContent.upack)
[2022.03.09-11.39.51:618][  0]LogPakFile: OnPakFileMounted2Time == 0.000181
[2022.03.09-11.39.51:625][  0]LogPakFile: PakFile PrimaryIndexSize=185
[2022.03.09-11.39.51:625][  0]LogPakFile: PakFile PathHashIndexSize=101
[2022.03.09-11.39.51:625][  0]LogPakFile: PakFile FullDirectoryIndexSize=148
[2022.03.09-11.39.51:625][  0]LogShaderLibrary: Display: ShaderCodeLibraryPakFileMountedCallback: PakFile 'D:/Program Files/Epic Games/UE_4.27/FeaturePacks/StarterContent.upack' (chunk index -1, root 'root:/') mounted
[2022.03.09-11.39.51:625][  0]LogShaderLibrary: Display: ShaderCodeLibraryPakFileMountedCallback: pending pak file info (ChunkID:-1 Root:root:/ File:D:/Program Files/Epic Games/UE_4.27/FeaturePacks/StarterContent.upack)
[2022.03.09-11.39.51:625][  0]LogPakFile: OnPakFileMounted2Time == 0.000070
[2022.03.09-11.39.51:633][  0]LogPakFile: PakFile PrimaryIndexSize=190
[2022.03.09-11.39.51:633][  0]LogPakFile: PakFile PathHashIndexSize=101
[2022.03.09-11.39.51:633][  0]LogPakFile: PakFile FullDirectoryIndexSize=154
[2022.03.09-11.39.51:633][  0]LogShaderLibrary: Display: ShaderCodeLibraryPakFileMountedCallback: PakFile 'D:/Program Files/Epic Games/UE_4.27/FeaturePacks/TP_2DSideScroller.upack' (chunk index -1, root 'root:/') mounted
[2022.03.09-11.39.51:633][  0]LogShaderLibrary: Display: ShaderCodeLibraryPakFileMountedCallback: pending pak file info (ChunkID:-1 Root:root:/ File:D:/Program Files/Epic Games/UE_4.27/FeaturePacks/TP_2DSideScroller.upack)
[2022.03.09-11.39.51:633][  0]LogPakFile: OnPakFileMounted2Time == 0.000072
[2022.03.09-11.39.51:644][  0]LogPakFile: PakFile PrimaryIndexSize=192
[2022.03.09-11.39.51:644][  0]LogPakFile: PakFile PathHashIndexSize=101
[2022.03.09-11.39.51:644][  0]LogPakFile: PakFile FullDirectoryIndexSize=158
[2022.03.09-11.39.51:644][  0]LogShaderLibrary: Display: ShaderCodeLibraryPakFileMountedCallback: PakFile 'D:/Program Files/Epic Games/UE_4.27/FeaturePacks/TP_2DSideScrollerBP.upack' (chunk index -1, root 'root:/') mounted
[2022.03.09-11.39.51:645][  0]LogShaderLibrary: Display: ShaderCodeLibraryPakFileMountedCallback: pending pak file info (ChunkID:-1 Root:root:/ File:D:/Program Files/Epic Games/UE_4.27/FeaturePacks/TP_2DSideScrollerBP.upack)
[2022.03.09-11.39.51:645][  0]LogPakFile: OnPakFileMounted2Time == 0.000073
[2022.03.09-11.39.51:659][  0]LogPakFile: PakFile PrimaryIndexSize=182
[2022.03.09-11.39.51:659][  0]LogPakFile: PakFile PathHashIndexSize=101
[2022.03.09-11.39.51:659][  0]LogPakFile: PakFile FullDirectoryIndexSize=138
[2022.03.09-11.39.51:659][  0]LogShaderLibrary: Display: ShaderCodeLibraryPakFileMountedCallback: PakFile 'D:/Program Files/Epic Games/UE_4.27/FeaturePacks/TP_Flying.upack' (chunk index -1, root 'root:/') mounted
[2022.03.09-11.39.51:659][  0]LogShaderLibrary: Display: ShaderCodeLibraryPakFileMountedCallback: pending pak file info (ChunkID:-1 Root:root:/ File:D:/Program Files/Epic Games/UE_4.27/FeaturePacks/TP_Flying.upack)
[2022.03.09-11.39.51:659][  0]LogPakFile: OnPakFileMounted2Time == 0.000065
[2022.03.09-11.39.51:685][  0]LogPakFile: PakFile PrimaryIndexSize=184
[2022.03.09-11.39.51:685][  0]LogPakFile: PakFile PathHashIndexSize=101
[2022.03.09-11.39.51:685][  0]LogPakFile: PakFile FullDirectoryIndexSize=142
[2022.03.09-11.39.51:685][  0]LogShaderLibrary: Display: ShaderCodeLibraryPakFileMountedCallback: PakFile 'D:/Program Files/Epic Games/UE_4.27/FeaturePacks/TP_FlyingBP.upack' (chunk index -1, root 'root:/') mounted
[2022.03.09-11.39.51:685][  0]LogShaderLibrary: Display: ShaderCodeLibraryPakFileMountedCallback: pending pak file info (ChunkID:-1 Root:root:/ File:D:/Program Files/Epic Games/UE_4.27/FeaturePacks/TP_FlyingBP.upack)
[2022.03.09-11.39.51:685][  0]LogPakFile: OnPakFileMounted2Time == 0.000062
[2022.03.09-11.39.51:710][  0]LogPakFile: PakFile PrimaryIndexSize=188
[2022.03.09-11.39.51:711][  0]LogPakFile: PakFile PathHashIndexSize=101
[2022.03.09-11.39.51:711][  0]LogPakFile: PakFile FullDirectoryIndexSize=150
[2022.03.09-11.39.51:711][  0]LogShaderLibrary: Display: ShaderCodeLibraryPakFileMountedCallback: PakFile 'D:/Program Files/Epic Games/UE_4.27/FeaturePacks/TP_HandheldARBP.upack' (chunk index -1, root 'root:/') mounted
[2022.03.09-11.39.51:711][  0]LogShaderLibrary: Display: ShaderCodeLibraryPakFileMountedCallback: pending pak file info (ChunkID:-1 Root:root:/ File:D:/Program Files/Epic Games/UE_4.27/FeaturePacks/TP_HandheldARBP.upack)
[2022.03.09-11.39.51:711][  0]LogPakFile: OnPakFileMounted2Time == 0.000062
[2022.03.09-11.39.51:738][  0]LogPakFile: PakFile PrimaryIndexSize=182
[2022.03.09-11.39.51:738][  0]LogPakFile: PakFile PathHashIndexSize=101
[2022.03.09-11.39.51:738][  0]LogPakFile: PakFile FullDirectoryIndexSize=138
[2022.03.09-11.39.51:738][  0]LogShaderLibrary: Display: ShaderCodeLibraryPakFileMountedCallback: PakFile 'D:/Program Files/Epic Games/UE_4.27/FeaturePacks/TP_Puzzle.upack' (chunk index -1, root 'root:/') mounted
[2022.03.09-11.39.51:738][  0]LogShaderLibrary: Display: ShaderCodeLibraryPakFileMountedCallback: pending pak file info (ChunkID:-1 Root:root:/ File:D:/Program Files/Epic Games/UE_4.27/FeaturePacks/TP_Puzzle.upack)
[2022.03.09-11.39.51:738][  0]LogPakFile: OnPakFileMounted2Time == 0.000053
[2022.03.09-11.39.51:746][  0]LogPakFile: PakFile PrimaryIndexSize=184
[2022.03.09-11.39.51:746][  0]LogPakFile: PakFile PathHashIndexSize=101
[2022.03.09-11.39.51:746][  0]LogPakFile: PakFile FullDirectoryIndexSize=142
[2022.03.09-11.39.51:746][  0]LogShaderLibrary: Display: ShaderCodeLibraryPakFileMountedCallback: PakFile 'D:/Program Files/Epic Games/UE_4.27/FeaturePacks/TP_PuzzleBP.upack' (chunk index -1, root 'root:/') mounted
[2022.03.09-11.39.51:746][  0]LogShaderLibrary: Display: ShaderCodeLibraryPakFileMountedCallback: pending pak file info (ChunkID:-1 Root:root:/ File:D:/Program Files/Epic Games/UE_4.27/FeaturePacks/TP_PuzzleBP.upack)
[2022.03.09-11.39.51:746][  0]LogPakFile: OnPakFileMounted2Time == 0.000067
[2022.03.09-11.39.51:774][  0]LogPakFile: PakFile PrimaryIndexSize=183
[2022.03.09-11.39.51:774][  0]LogPakFile: PakFile PathHashIndexSize=101
[2022.03.09-11.39.51:774][  0]LogPakFile: PakFile FullDirectoryIndexSize=140
[2022.03.09-11.39.51:774][  0]LogShaderLibrary: Display: ShaderCodeLibraryPakFileMountedCallback: PakFile 'D:/Program Files/Epic Games/UE_4.27/FeaturePacks/TP_Rolling.upack' (chunk index -1, root 'root:/') mounted
[2022.03.09-11.39.51:774][  0]LogShaderLibrary: Display: ShaderCodeLibraryPakFileMountedCallback: pending pak file info (ChunkID:-1 Root:root:/ File:D:/Program Files/Epic Games/UE_4.27/FeaturePacks/TP_Rolling.upack)
[2022.03.09-11.39.51:774][  0]LogPakFile: OnPakFileMounted2Time == 0.000053
[2022.03.09-11.39.51:780][  0]LogPakFile: PakFile PrimaryIndexSize=185
[2022.03.09-11.39.51:780][  0]LogPakFile: PakFile PathHashIndexSize=101
[2022.03.09-11.39.51:780][  0]LogPakFile: PakFile FullDirectoryIndexSize=144
[2022.03.09-11.39.51:780][  0]LogShaderLibrary: Display: ShaderCodeLibraryPakFileMountedCallback: PakFile 'D:/Program Files/Epic Games/UE_4.27/FeaturePacks/TP_RollingBP.upack' (chunk index -1, root 'root:/') mounted
[2022.03.09-11.39.51:780][  0]LogShaderLibrary: Display: ShaderCodeLibraryPakFileMountedCallback: pending pak file info (ChunkID:-1 Root:root:/ File:D:/Program Files/Epic Games/UE_4.27/FeaturePacks/TP_RollingBP.upack)
[2022.03.09-11.39.51:780][  0]LogPakFile: OnPakFileMounted2Time == 0.000059
[2022.03.09-11.39.51:796][  0]LogPakFile: PakFile PrimaryIndexSize=188
[2022.03.09-11.39.51:796][  0]LogPakFile: PakFile PathHashIndexSize=101
[2022.03.09-11.39.51:796][  0]LogPakFile: PakFile FullDirectoryIndexSize=150
[2022.03.09-11.39.51:797][  0]LogShaderLibrary: Display: ShaderCodeLibraryPakFileMountedCallback: PakFile 'D:/Program Files/Epic Games/UE_4.27/FeaturePacks/TP_SideScroller.upack' (chunk index -1, root 'root:/') mounted
[2022.03.09-11.39.51:797][  0]LogShaderLibrary: Display: ShaderCodeLibraryPakFileMountedCallback: pending pak file info (ChunkID:-1 Root:root:/ File:D:/Program Files/Epic Games/UE_4.27/FeaturePacks/TP_SideScroller.upack)
[2022.03.09-11.39.51:797][  0]LogPakFile: OnPakFileMounted2Time == 0.000066
[2022.03.09-11.39.51:804][  0]LogPakFile: PakFile PrimaryIndexSize=190
[2022.03.09-11.39.51:804][  0]LogPakFile: PakFile PathHashIndexSize=101
[2022.03.09-11.39.51:804][  0]LogPakFile: PakFile FullDirectoryIndexSize=154
[2022.03.09-11.39.51:804][  0]LogShaderLibrary: Display: ShaderCodeLibraryPakFileMountedCallback: PakFile 'D:/Program Files/Epic Games/UE_4.27/FeaturePacks/TP_SideScrollerBP.upack' (chunk index -1, root 'root:/') mounted
[2022.03.09-11.39.51:804][  0]LogShaderLibrary: Display: ShaderCodeLibraryPakFileMountedCallback: pending pak file info (ChunkID:-1 Root:root:/ File:D:/Program Files/Epic Games/UE_4.27/FeaturePacks/TP_SideScrollerBP.upack)
[2022.03.09-11.39.51:804][  0]LogPakFile: OnPakFileMounted2Time == 0.000055
[2022.03.09-11.39.51:811][  0]LogPakFile: PakFile PrimaryIndexSize=187
[2022.03.09-11.39.51:811][  0]LogPakFile: PakFile PathHashIndexSize=101
[2022.03.09-11.39.51:811][  0]LogPakFile: PakFile FullDirectoryIndexSize=148
[2022.03.09-11.39.51:811][  0]LogShaderLibrary: Display: ShaderCodeLibraryPakFileMountedCallback: PakFile 'D:/Program Files/Epic Games/UE_4.27/FeaturePacks/TP_ThirdPerson.upack' (chunk index -1, root 'root:/') mounted
[2022.03.09-11.39.51:811][  0]LogShaderLibrary: Display: ShaderCodeLibraryPakFileMountedCallback: pending pak file info (ChunkID:-1 Root:root:/ File:D:/Program Files/Epic Games/UE_4.27/FeaturePacks/TP_ThirdPerson.upack)
[2022.03.09-11.39.51:811][  0]LogPakFile: OnPakFileMounted2Time == 0.000060
[2022.03.09-11.39.51:818][  0]LogPakFile: PakFile PrimaryIndexSize=189
[2022.03.09-11.39.51:818][  0]LogPakFile: PakFile PathHashIndexSize=101
[2022.03.09-11.39.51:818][  0]LogPakFile: PakFile FullDirectoryIndexSize=152
[2022.03.09-11.39.51:818][  0]LogShaderLibrary: Display: ShaderCodeLibraryPakFileMountedCallback: PakFile 'D:/Program Files/Epic Games/UE_4.27/FeaturePacks/TP_ThirdPersonBP.upack' (chunk index -1, root 'root:/') mounted
[2022.03.09-11.39.51:818][  0]LogShaderLibrary: Display: ShaderCodeLibraryPakFileMountedCallback: pending pak file info (ChunkID:-1 Root:root:/ File:D:/Program Files/Epic Games/UE_4.27/FeaturePacks/TP_ThirdPersonBP.upack)
[2022.03.09-11.39.51:818][  0]LogPakFile: OnPakFileMounted2Time == 0.000064
[2022.03.09-11.39.51:826][  0]LogPakFile: PakFile PrimaryIndexSize=183
[2022.03.09-11.39.51:826][  0]LogPakFile: PakFile PathHashIndexSize=101
[2022.03.09-11.39.51:826][  0]LogPakFile: PakFile FullDirectoryIndexSize=140
[2022.03.09-11.39.51:826][  0]LogShaderLibrary: Display: ShaderCodeLibraryPakFileMountedCallback: PakFile 'D:/Program Files/Epic Games/UE_4.27/FeaturePacks/TP_TopDown.upack' (chunk index -1, root 'root:/') mounted
[2022.03.09-11.39.51:826][  0]LogShaderLibrary: Display: ShaderCodeLibraryPakFileMountedCallback: pending pak file info (ChunkID:-1 Root:root:/ File:D:/Program Files/Epic Games/UE_4.27/FeaturePacks/TP_TopDown.upack)
[2022.03.09-11.39.51:826][  0]LogPakFile: OnPakFileMounted2Time == 0.000101
[2022.03.09-11.39.51:834][  0]LogPakFile: PakFile PrimaryIndexSize=185
[2022.03.09-11.39.51:834][  0]LogPakFile: PakFile PathHashIndexSize=101
[2022.03.09-11.39.51:835][  0]LogPakFile: PakFile FullDirectoryIndexSize=144
[2022.03.09-11.39.51:835][  0]LogShaderLibrary: Display: ShaderCodeLibraryPakFileMountedCallback: PakFile 'D:/Program Files/Epic Games/UE_4.27/FeaturePacks/TP_TopDownBP.upack' (chunk index -1, root 'root:/') mounted
[2022.03.09-11.39.51:835][  0]LogShaderLibrary: Display: ShaderCodeLibraryPakFileMountedCallback: pending pak file info (ChunkID:-1 Root:root:/ File:D:/Program Files/Epic Games/UE_4.27/FeaturePacks/TP_TopDownBP.upack)
[2022.03.09-11.39.51:835][  0]LogPakFile: OnPakFileMounted2Time == 0.000107
[2022.03.09-11.39.51:847][  0]LogPakFile: PakFile PrimaryIndexSize=185
[2022.03.09-11.39.51:847][  0]LogPakFile: PakFile PathHashIndexSize=101
[2022.03.09-11.39.51:847][  0]LogPakFile: PakFile FullDirectoryIndexSize=144
[2022.03.09-11.39.51:847][  0]LogShaderLibrary: Display: ShaderCodeLibraryPakFileMountedCallback: PakFile 'D:/Program Files/Epic Games/UE_4.27/FeaturePacks/TP_TwinStick.upack' (chunk index -1, root 'root:/') mounted
[2022.03.09-11.39.51:847][  0]LogShaderLibrary: Display: ShaderCodeLibraryPakFileMountedCallback: pending pak file info (ChunkID:-1 Root:root:/ File:D:/Program Files/Epic Games/UE_4.27/FeaturePacks/TP_TwinStick.upack)
[2022.03.09-11.39.51:847][  0]LogPakFile: OnPakFileMounted2Time == 0.000092
[2022.03.09-11.39.51:871][  0]LogPakFile: PakFile PrimaryIndexSize=187
[2022.03.09-11.39.51:871][  0]LogPakFile: PakFile PathHashIndexSize=101
[2022.03.09-11.39.51:871][  0]LogPakFile: PakFile FullDirectoryIndexSize=148
[2022.03.09-11.39.51:871][  0]LogShaderLibrary: Display: ShaderCodeLibraryPakFileMountedCallback: PakFile 'D:/Program Files/Epic Games/UE_4.27/FeaturePacks/TP_TwinStickBP.upack' (chunk index -1, root 'root:/') mounted
[2022.03.09-11.39.51:871][  0]LogShaderLibrary: Display: ShaderCodeLibraryPakFileMountedCallback: pending pak file info (ChunkID:-1 Root:root:/ File:D:/Program Files/Epic Games/UE_4.27/FeaturePacks/TP_TwinStickBP.upack)
[2022.03.09-11.39.51:871][  0]LogPakFile: OnPakFileMounted2Time == 0.000063
[2022.03.09-11.39.51:879][  0]LogPakFile: PakFile PrimaryIndexSize=183
[2022.03.09-11.39.51:879][  0]LogPakFile: PakFile PathHashIndexSize=101
[2022.03.09-11.39.51:879][  0]LogPakFile: PakFile FullDirectoryIndexSize=140
[2022.03.09-11.39.51:879][  0]LogShaderLibrary: Display: ShaderCodeLibraryPakFileMountedCallback: PakFile 'D:/Program Files/Epic Games/UE_4.27/FeaturePacks/TP_Vehicle.upack' (chunk index -1, root 'root:/') mounted
[2022.03.09-11.39.51:879][  0]LogShaderLibrary: Display: ShaderCodeLibraryPakFileMountedCallback: pending pak file info (ChunkID:-1 Root:root:/ File:D:/Program Files/Epic Games/UE_4.27/FeaturePacks/TP_Vehicle.upack)
[2022.03.09-11.39.51:879][  0]LogPakFile: OnPakFileMounted2Time == 0.000078
[2022.03.09-11.39.51:902][  0]LogPakFile: PakFile PrimaryIndexSize=186
[2022.03.09-11.39.51:902][  0]LogPakFile: PakFile PathHashIndexSize=101
[2022.03.09-11.39.51:902][  0]LogPakFile: PakFile FullDirectoryIndexSize=146
[2022.03.09-11.39.51:902][  0]LogShaderLibrary: Display: ShaderCodeLibraryPakFileMountedCallback: PakFile 'D:/Program Files/Epic Games/UE_4.27/FeaturePacks/TP_VehicleAdv.upack' (chunk index -1, root 'root:/') mounted
[2022.03.09-11.39.51:902][  0]LogShaderLibrary: Display: ShaderCodeLibraryPakFileMountedCallback: pending pak file info (ChunkID:-1 Root:root:/ File:D:/Program Files/Epic Games/UE_4.27/FeaturePacks/TP_VehicleAdv.upack)
[2022.03.09-11.39.51:902][  0]LogPakFile: OnPakFileMounted2Time == 0.000056
[2022.03.09-11.39.51:909][  0]LogPakFile: PakFile PrimaryIndexSize=188
[2022.03.09-11.39.51:909][  0]LogPakFile: PakFile PathHashIndexSize=101
[2022.03.09-11.39.51:909][  0]LogPakFile: PakFile FullDirectoryIndexSize=150
[2022.03.09-11.39.51:909][  0]LogShaderLibrary: Display: ShaderCodeLibraryPakFileMountedCallback: PakFile 'D:/Program Files/Epic Games/UE_4.27/FeaturePacks/TP_VehicleAdvBP.upack' (chunk index -1, root 'root:/') mounted
[2022.03.09-11.39.51:909][  0]LogShaderLibrary: Display: ShaderCodeLibraryPakFileMountedCallback: pending pak file info (ChunkID:-1 Root:root:/ File:D:/Program Files/Epic Games/UE_4.27/FeaturePacks/TP_VehicleAdvBP.upack)
[2022.03.09-11.39.51:909][  0]LogPakFile: OnPakFileMounted2Time == 0.000060
[2022.03.09-11.39.51:917][  0]LogPakFile: PakFile PrimaryIndexSize=185
[2022.03.09-11.39.51:917][  0]LogPakFile: PakFile PathHashIndexSize=101
[2022.03.09-11.39.51:917][  0]LogPakFile: PakFile FullDirectoryIndexSize=144
[2022.03.09-11.39.51:917][  0]LogShaderLibrary: Display: ShaderCodeLibraryPakFileMountedCallback: PakFile 'D:/Program Files/Epic Games/UE_4.27/FeaturePacks/TP_VehicleBP.upack' (chunk index -1, root 'root:/') mounted
[2022.03.09-11.39.51:917][  0]LogShaderLibrary: Display: ShaderCodeLibraryPakFileMountedCallback: pending pak file info (ChunkID:-1 Root:root:/ File:D:/Program Files/Epic Games/UE_4.27/FeaturePacks/TP_VehicleBP.upack)
[2022.03.09-11.39.51:917][  0]LogPakFile: OnPakFileMounted2Time == 0.000066
[2022.03.09-11.39.51:924][  0]LogPakFile: PakFile PrimaryIndexSize=192
[2022.03.09-11.39.51:924][  0]LogPakFile: PakFile PathHashIndexSize=101
[2022.03.09-11.39.51:924][  0]LogPakFile: PakFile FullDirectoryIndexSize=158
[2022.03.09-11.39.51:924][  0]LogShaderLibrary: Display: ShaderCodeLibraryPakFileMountedCallback: PakFile 'D:/Program Files/Epic Games/UE_4.27/FeaturePacks/TP_VirtualRealityBP.upack' (chunk index -1, root 'root:/') mounted
[2022.03.09-11.39.51:924][  0]LogShaderLibrary: Display: ShaderCodeLibraryPakFileMountedCallback: pending pak file info (ChunkID:-1 Root:root:/ File:D:/Program Files/Epic Games/UE_4.27/FeaturePacks/TP_VirtualRealityBP.upack)
[2022.03.09-11.39.51:925][  0]LogPakFile: OnPakFileMounted2Time == 0.000088
[2022.03.09-11.39.53:115][  0]LogNativeClassHierarchy: Verbose: Native class hierarchy updated for 'AddContentDialog' in 0.0005 seconds. Added 0 classes and 0 folders.
[2022.03.09-11.39.54:350][  0]LogSlate: Took 0.000417 seconds to synchronously load lazily loaded font '../../../Engine/Content/Slate/Fonts/Roboto-Regular.ttf' (155K)
[2022.03.09-11.39.54:389][  0]LogSlate: Took 0.029575 seconds to synchronously load lazily loaded font '../../../Engine/Content/Editor/Slate/Fonts/FontAwesome.ttf' (139K)
[2022.03.09-11.39.54:457][  0]LogSlate: Took 0.000277 seconds to synchronously load lazily loaded font '../../../Engine/Content/Slate/Fonts/Roboto-Bold.ttf' (160K)
[2022.03.09-11.39.55:046][  0]LogRenderer: Reallocating scene render targets to support 1148x564 Format 10 NumSamples 4 (Frame:1).
[2022.03.09-11.39.55:705][  0]LogSlate: Took 0.017179 seconds to synchronously load lazily loaded font '../../../Engine/Content/Slate/Fonts/Roboto-Light.ttf' (167K)
[2022.03.09-11.39.55:812][  0]LogNativeClassHierarchy: Verbose: Native class hierarchy updated for 'HierarchicalLODOutliner' in 0.0004 seconds. Added 0 classes and 0 folders.
[2022.03.09-11.39.55:813][  0]LogLoad: (Engine Initialization) Total time: 51.12 seconds
[2022.03.09-11.39.55:813][  0]LogLoad: (Engine Initialization) Total Blueprint compile time: 0.00 seconds
[2022.03.09-11.39.55:971][  0]LogContentStreaming: Texture pool size now 1000 MB
[2022.03.09-11.39.56:026][  1]LogFileCache: Retrieving MD5 hashes for directory 'C:/Users/qwe_o/P8ToBeAnnounced/P8_VR_Home/Content/' took 0.19s
[2022.03.09-11.39.56:103][  1]LogAssetRegistry: Asset discovery search completed in 41.4521 seconds
[2022.03.09-11.39.56:116][  1]LogCollectionManager: Fixed up redirectors for 0 collections in 0.000007 seconds (updated 0 objects)
[2022.03.09-11.39.56:179][  1]LogResonanceAudio: Display: Resonance Audio Listener is initialized
[2022.03.09-11.39.57:370][  5]LogSlate: Took 0.000254 seconds to synchronously load lazily loaded font '../../../Engine/Content/Slate/Fonts/Roboto-Light.ttf' (167K)
[2022.03.09-11.46.57:639][824]Cmd: DELETE
[2022.03.09-11.46.57:679][824]Cmd: ACTOR DELETE
[2022.03.09-11.46.58:004][824]LogEditorActor: Deleted Actor: CabinetRight_C
[2022.03.09-11.46.58:085][824]LogUObjectHash: Compacting FUObjectHashTables data took   1.60ms
[2022.03.09-11.46.58:087][824]LogEditorActor: Deleted 1 Actors (0.209 secs)
[2022.03.09-11.47.16:221][780]LogAssetEditorSubsystem: Opening Asset editor for Blueprint /Game/ScriptsBluePrints/TestThing.TestThing
[2022.03.09-11.47.16:849][780]LogEnum: Warning: Enum name collision: 'GrabType::NewEnumerator0' is in both '/Game/ScriptsBluePrints/VRTemplate/Blueprints/GrabType.GrabType' and '/Game/VRTemplate/Blueprints/GrabType.GrabType'
[2022.03.09-11.47.16:849][780]LogEnum: Warning: Enum name collision: 'GrabType::NewEnumerator4' is in both '/Game/ScriptsBluePrints/VRTemplate/Blueprints/GrabType.GrabType' and '/Game/VRTemplate/Blueprints/GrabType.GrabType'
[2022.03.09-11.47.16:849][780]LogEnum: Warning: Enum name collision: 'GrabType::NewEnumerator1' is in both '/Game/ScriptsBluePrints/VRTemplate/Blueprints/GrabType.GrabType' and '/Game/VRTemplate/Blueprints/GrabType.GrabType'
[2022.03.09-11.47.16:849][780]LogEnum: Warning: Enum name collision: 'GrabType::NewEnumerator3' is in both '/Game/ScriptsBluePrints/VRTemplate/Blueprints/GrabType.GrabType' and '/Game/VRTemplate/Blueprints/GrabType.GrabType'
[2022.03.09-11.47.16:849][780]LogEnum: Warning: Enum name collision: 'GrabType::GrabType_MAX' is in both '/Game/ScriptsBluePrints/VRTemplate/Blueprints/GrabType.GrabType' and '/Game/VRTemplate/Blueprints/GrabType.GrabType'
[2022.03.09-11.47.16:849][780]LogEnum: Warning: Enum name collision: 'GrabType::NewEnumerator0' is in both '/Game/ScriptsBluePrints/VRTemplate/Blueprints/GrabType.GrabType' and '/Game/VRTemplate/Blueprints/GrabType.GrabType'
[2022.03.09-11.47.16:849][780]LogEnum: Warning: Enum name collision: 'GrabType::NewEnumerator4' is in both '/Game/ScriptsBluePrints/VRTemplate/Blueprints/GrabType.GrabType' and '/Game/VRTemplate/Blueprints/GrabType.GrabType'
[2022.03.09-11.47.16:849][780]LogEnum: Warning: Enum name collision: 'GrabType::NewEnumerator1' is in both '/Game/ScriptsBluePrints/VRTemplate/Blueprints/GrabType.GrabType' and '/Game/VRTemplate/Blueprints/GrabType.GrabType'
[2022.03.09-11.47.16:849][780]LogEnum: Warning: Enum name collision: 'GrabType::NewEnumerator3' is in both '/Game/ScriptsBluePrints/VRTemplate/Blueprints/GrabType.GrabType' and '/Game/VRTemplate/Blueprints/GrabType.GrabType'
[2022.03.09-11.47.17:760][780]LogNativeClassHierarchy: Verbose: Native class hierarchy updated for 'BlueprintGraph' in 0.0010 seconds. Added 126 classes and 0 folders.
[2022.03.09-11.47.20:418][780]LogSlate: Took 0.000308 seconds to synchronously load lazily loaded font '../../../Engine/Content/Slate/Fonts/Roboto-BoldCondensed.ttf' (158K)
[2022.03.09-11.47.20:951][781]LogSlate: Took 0.037731 seconds to synchronously load lazily loaded font '../../../Engine/Content/Slate/Fonts/Roboto-Italic.ttf' (157K)
[2022.03.09-11.47.39:685][995]Cmd: OBJ SAVEPACKAGE PACKAGE="/Game/VRTemplate/Maps/VRTemplateMap" FILE="C:/Users/qwe_o/P8ToBeAnnounced/P8_VR_Home/Content/VRTemplate/Maps/VRTemplateMap.umap" SILENT=true AUTOSAVING=false KEEPDIRTY=false
[2022.03.09-11.47.39:763][995]LogUObjectHash: Compacting FUObjectHashTables data took   4.46ms
[2022.03.09-11.47.41:339][995]LogSavePackage: Moving 'C:/Users/qwe_o/P8ToBeAnnounced/P8_VR_Home/Saved/VRTemplateMapC7A475E04BEAE729996D5C9DAFFD115C.tmp' to 'C:/Users/qwe_o/P8ToBeAnnounced/P8_VR_Home/Content/VRTemplate/Maps/VRTemplateMap.umap'
[2022.03.09-11.47.41:427][995]Cmd: OBJ SAVEPACKAGE PACKAGE="/Game/VRTemplate/Maps/VRTemplateMap_BuiltData" FILE="C:/Users/qwe_o/P8ToBeAnnounced/P8_VR_Home/Content/VRTemplate/Maps/VRTemplateMap_BuiltData.uasset" SILENT=true
[2022.03.09-11.47.46:400][995]LogSavePackage: Moving 'C:/Users/qwe_o/P8ToBeAnnounced/P8_VR_Home/Saved/VRTemplateMap_BuiltDataFC0D41A04385B0AA8D8715B6FBC973C0.tmp' to 'C:/Users/qwe_o/P8ToBeAnnounced/P8_VR_Home/Content/VRTemplate/Maps/VRTemplateMap_BuiltData.uasset'
[2022.03.09-11.47.46:446][995]AssetCheck: New page: Asset Save: multiple assets
[2022.03.09-11.47.46:446][995]LogContentValidation: Display: Validating MapBuildDataRegistry /Game/VRTemplate/Maps/VRTemplateMap_BuiltData.VRTemplateMap_BuiltData
[2022.03.09-11.47.46:446][995]LogContentValidation: Display: Validating World /Game/VRTemplate/Maps/VRTemplateMap.VRTemplateMap
[2022.03.09-11.48.47:466][593]LogFactory: FactoryCreateFile: StaticMesh with FbxFactory (0 0 C:\Users\qwe_o\Downloads\Shelf.fbx)
[2022.03.09-11.48.47:616][593]LogFbx: Loading FBX Scene from C:\Users\qwe_o\Downloads\Shelf.fbx
[2022.03.09-11.48.47:689][593]LogFbx: FBX Scene Loaded Succesfully
[2022.03.09-11.48.51:940][593]LogSlate: Window 'FBX Import Options' being destroyed
[2022.03.09-11.48.52:336][593]LogUObjectHash: Compacting FUObjectHashTables data took   2.90ms
[2022.03.09-11.48.52:360][593]LogUObjectGlobals: Force Deleting 0 Package(s):
[2022.03.09-11.48.56:300][593]LogUObjectHash: Compacting FUObjectHashTables data took   1.01ms
[2022.03.09-11.48.56:349][593]FBXImport: Import was canceled. 
[2022.03.09-11.48.56:446][593]LogAssetTools: The import task was canceled.
[2022.03.09-11.48.56:585][593]LogSlate: Took 0.034519 seconds to synchronously load lazily loaded font '../../../Engine/Content/Slate/Fonts/DroidSansMono.ttf' (77K)
[2022.03.09-11.48.58:839][764]LogSlate: Window 'Message Log' being destroyed
[2022.03.09-11.48.58:845][764]LogSlate: Window 'Message Log' being destroyed
[2022.03.09-11.49.16:705][  1]LogFactory: FactoryCreateFile: StaticMesh with FbxFactory (0 0 C:\Users\qwe_o\Downloads\Shelf.fbx)
[2022.03.09-11.49.16:717][  1]LogFbx: Loading FBX Scene from C:\Users\qwe_o\Downloads\Shelf.fbx
[2022.03.09-11.49.16:736][  1]LogFbx: FBX Scene Loaded Succesfully
[2022.03.09-11.49.19:283][  1]LogSlate: Window 'FBX Import Options' being destroyed
[2022.03.09-11.49.19:669][  1]LogMaterial: Display: Missing cached shadermap for Veneer_C02_120cm in PCD3D_SM5, Default, SM5 (DDC key hash: FD72F5CE69AE5A18DD6B68BB35EBE35323B7F4F4), compiling. 
[2022.03.09-11.49.19:833][  1]LogMaterial: Display: Missing cached shadermap for white-modern-scandinavian-diamonds-seamless-magielinfo-seamless in PCD3D_SM5, Default, SM5 (DDC key hash: 6A063A8FC414E9C2163A13BCC54A65D5D65E2DB1), compiling. 
[2022.03.09-11.49.19:898][  1]LogMaterial: Display: Missing cached shadermap for Veneer_C02_120cm_2 in PCD3D_SM5, Default, SM5 (DDC key hash: 05E69E5379018BD02AED0EAF2ED5F7EC487C3638), compiling. 
[2022.03.09-11.49.19:920][  1]LogFbx: Display: Triangulating static mesh MainShelf
[2022.03.09-11.49.20:053][  1]LogStaticMesh: Building static mesh Shelf_MainShelf...
[2022.03.09-11.49.20:171][  1]LogStaticMesh: Built static mesh [0.12s] /Game/Marwa/Shelf_MainShelf.Shelf_MainShelf
[2022.03.09-11.49.20:186][  1]LogStaticMesh: Warning: Shelf_MainShelf has some nearly zero tangents which can create some issues. (Tolerance of 1E-4)
[2022.03.09-11.49.20:186][  1]LogStaticMesh: Warning: Shelf_MainShelf has some nearly zero bi-normals which can create some issues. (Tolerance of 1E-4)
[2022.03.09-11.49.20:215][  1]LogStaticMesh: Building static mesh Shelf_Group12_2...
[2022.03.09-11.49.20:218][  1]LogStaticMesh: Built static mesh [0.00s] /Game/Marwa/Shelf_Group12_2.Shelf_Group12_2
[2022.03.09-11.49.20:228][  1]LogStaticMesh: Building static mesh Shelf_Group82_2...
[2022.03.09-11.49.20:231][  1]LogStaticMesh: Built static mesh [0.00s] /Game/Marwa/Shelf_Group82_2.Shelf_Group82_2
[2022.03.09-11.49.20:241][  1]LogStaticMesh: Building static mesh Shelf_Group71_2...
[2022.03.09-11.49.20:245][  1]LogStaticMesh: Built static mesh [0.00s] /Game/Marwa/Shelf_Group71_2.Shelf_Group71_2
[2022.03.09-11.49.20:256][  1]LogStaticMesh: Building static mesh Shelf_Group81_2...
[2022.03.09-11.49.20:261][  1]LogStaticMesh: Built static mesh [0.01s] /Game/Marwa/Shelf_Group81_2.Shelf_Group81_2
[2022.03.09-11.49.20:273][  1]LogStaticMesh: Building static mesh Shelf_Group79_4...
[2022.03.09-11.49.20:278][  1]LogStaticMesh: Built static mesh [0.01s] /Game/Marwa/Shelf_Group79_4.Shelf_Group79_4
[2022.03.09-11.49.20:289][  1]LogStaticMesh: Building static mesh Shelf_Group80_2...
[2022.03.09-11.49.20:296][  1]LogStaticMesh: Built static mesh [0.01s] /Game/Marwa/Shelf_Group80_2.Shelf_Group80_2
[2022.03.09-11.49.20:309][  1]LogStaticMesh: Building static mesh Shelf_Group83_2...
[2022.03.09-11.49.20:314][  1]LogStaticMesh: Built static mesh [0.01s] /Game/Marwa/Shelf_Group83_2.Shelf_Group83_2
[2022.03.09-11.49.20:327][  1]LogStaticMesh: Building static mesh Shelf_Group84_2...
[2022.03.09-11.49.20:333][  1]LogStaticMesh: Built static mesh [0.01s] /Game/Marwa/Shelf_Group84_2.Shelf_Group84_2
[2022.03.09-11.49.20:346][  1]LogStaticMesh: Building static mesh Shelf_Group86_3...
[2022.03.09-11.49.20:350][  1]LogStaticMesh: Built static mesh [0.00s] /Game/Marwa/Shelf_Group86_3.Shelf_Group86_3
[2022.03.09-11.49.20:360][  1]LogFbx: Display: Triangulating static mesh Group85_2
[2022.03.09-11.49.20:362][  1]LogStaticMesh: Building static mesh Shelf_Group85_2...
[2022.03.09-11.49.20:367][  1]LogStaticMesh: Built static mesh [0.01s] /Game/Marwa/Shelf_Group85_2.Shelf_Group85_2
[2022.03.09-11.49.20:383][  1]LogStaticMesh: Building static mesh Shelf_Group87_3...
[2022.03.09-11.49.20:389][  1]LogStaticMesh: Built static mesh [0.01s] /Game/Marwa/Shelf_Group87_3.Shelf_Group87_3
[2022.03.09-11.49.20:403][  1]LogStaticMesh: Building static mesh Shelf_Group88_5...
[2022.03.09-11.49.20:411][  1]LogStaticMesh: Built static mesh [0.01s] /Game/Marwa/Shelf_Group88_5.Shelf_Group88_5
[2022.03.09-11.49.20:425][  1]LogStaticMesh: Building static mesh Shelf_Group89_2...
[2022.03.09-11.49.20:431][  1]LogStaticMesh: Built static mesh [0.01s] /Game/Marwa/Shelf_Group89_2.Shelf_Group89_2
[2022.03.09-11.49.20:444][  1]LogFbx: Display: Triangulating static mesh Group1_3
[2022.03.09-11.49.20:447][  1]LogStaticMesh: Building static mesh Shelf_Group1_3...
[2022.03.09-11.49.20:452][  1]LogStaticMesh: Built static mesh [0.01s] /Game/Marwa/Shelf_Group1_3.Shelf_Group1_3
[2022.03.09-11.49.20:467][  1]LogStaticMesh: Building static mesh Shelf_Group32_3...
[2022.03.09-11.49.20:471][  1]LogStaticMesh: Built static mesh [0.00s] /Game/Marwa/Shelf_Group32_3.Shelf_Group32_3
[2022.03.09-11.49.20:486][  1]LogStaticMesh: Building static mesh Shelf_Group90_6...
[2022.03.09-11.49.20:490][  1]LogStaticMesh: Built static mesh [0.00s] /Game/Marwa/Shelf_Group90_6.Shelf_Group90_6
[2022.03.09-11.49.20:508][  1]LogMaterial: Display: Missing cached shadermap for DefaultMaterial in PCD3D_SM5, Default, SM5 (DDC key hash: 50419BD2486AAA341CD50E6418E75EDAD7758CF5), compiling. 
[2022.03.09-11.49.20:590][  1]LogStaticMesh: Building static mesh Shelf_Group3_2_001...
[2022.03.09-11.49.20:595][  1]LogStaticMesh: Built static mesh [0.01s] /Game/Marwa/Shelf_Group3_2_001.Shelf_Group3_2_001
[2022.03.09-11.49.20:605][  1]LogFbx: Display: Triangulating static mesh Group91_10
[2022.03.09-11.49.20:607][  1]LogStaticMesh: Building static mesh Shelf_Group91_10...
[2022.03.09-11.49.20:610][  1]LogStaticMesh: Built static mesh [0.00s] /Game/Marwa/Shelf_Group91_10.Shelf_Group91_10
[2022.03.09-11.49.20:733][  1]FBXImport: Warning: No smoothing group information was found in this FBX scene.  Please make sure to enable the 'Export Smoothing Groups' option in the FBX Exporter plug-in before exporting the file.  Even for tools that don't support smoothing groups, the FBX Exporter will generate appropriate smoothing data at export-time so that correct vertex normals can be inferred while importing. 
[2022.03.09-11.49.20:733][  1]FBXImport: Warning: Shelf_MainShelf has some nearly zero tangents which can create some issues. (Tolerance of 1E-4) 
[2022.03.09-11.49.20:733][  1]FBXImport: Warning: Shelf_MainShelf has some nearly zero bi-normals which can create some issues. (Tolerance of 1E-4) 
[2022.03.09-11.49.21:141][  5]LogShaderCompilers: Display: Submitted 2 shader compile jobs with 'ForceLocal' priority
[2022.03.09-11.49.21:147][  5]LogShaderCompilers: Display: Submitted 2 shader compile jobs with 'ForceLocal' priority
[2022.03.09-11.49.21:149][  5]LogShaderCompilers: Display: Worker (1/5): shaders left to compile 4
[2022.03.09-11.49.21:149][  5]LogShaderCompilers: Display: Worker (2/5): shaders left to compile 2
[2022.03.09-11.49.21:149][  5]LogShaderCompilers: Display: Started 4 'Local' shader compile jobs with 'ForceLocal' priority
[2022.03.09-11.49.21:151][  5]LogShaderCompilers: Display: Submitted 2 shader compile jobs with 'ForceLocal' priority
[2022.03.09-11.49.21:274][  5]LogShaderCompilers: Display: Submitted 14 shader compile jobs with 'Normal' priority
[2022.03.09-11.49.21:278][  5]LogShaderCompilers: Display: Worker (3/5): shaders left to compile 2
[2022.03.09-11.49.21:278][  5]LogShaderCompilers: Display: Worker (4/5): shaders left to compile 1
[2022.03.09-11.49.21:278][  5]LogShaderCompilers: Display: Started 2 'Local' shader compile jobs with 'ForceLocal' priority
[2022.03.09-11.49.21:318][  5]LogShaderCompilers: Display: Submitted 14 shader compile jobs with 'Normal' priority
[2022.03.09-11.49.21:351][  5]LogShaderCompilers: Display: Submitted 14 shader compile jobs with 'Normal' priority
[2022.03.09-11.49.21:395][  5]LogShaderCompilers: Display: Submitted 2 shader compile jobs with 'ForceLocal' priority
[2022.03.09-11.49.21:428][  5]LogShaderCompilers: Display: Submitted 14 shader compile jobs with 'Normal' priority
[2022.03.09-11.49.23:858][114]LogSlate: Window 'Message Log' being destroyed
[2022.03.09-11.49.23:869][114]LogSlate: Window 'Message Log' being destroyed
[2022.03.09-11.49.26:998][200]LogShaderCompilers: Display: Worker (4/5): shaders left to compile 6
[2022.03.09-11.49.26:998][200]LogShaderCompilers: Display: Started 2 'Local' shader compile jobs with 'ForceLocal' priority
[2022.03.09-11.49.26:998][200]LogShaderCompilers: Display: === FShaderJobCache stats ===
[2022.03.09-11.49.26:998][200]LogShaderCompilers: Display: Total job queries 64, among them cache hits 0 (0.00%)
[2022.03.09-11.49.26:998][200]LogShaderCompilers: Display: Tracking 1 distinct input hashes that result in 1 distinct outputs (100.00%)
[2022.03.09-11.49.26:998][200]LogShaderCompilers: Display: RAM used: 0.01 MB (0.00 GB) of 819.20 MB (0.80 GB) budget. Usage: 0.00%
[2022.03.09-11.49.26:998][200]LogShaderCompilers: Display: ================================================
[2022.03.09-11.49.38:881][499]LogShaderCompilers: Display: Worker (3/5): shaders left to compile 4
[2022.03.09-11.49.38:881][499]LogShaderCompilers: Display: Started 2 'Local' shader compile jobs with 'ForceLocal' priority
[2022.03.09-11.49.40:604][540]LogUObjectHash: Compacting FUObjectHashTables data took   6.70ms
[2022.03.09-11.49.41:634][540]LogShaderCompilers: Display: Worker (1/5): shaders left to compile 2
[2022.03.09-11.49.41:634][540]LogShaderCompilers: Display: Started 1 'Local' shader compile jobs with 'ForceLocal' priority
[2022.03.09-11.49.41:651][540]LogShaderCompilers: Display: Worker (2/5): shaders left to compile 1
[2022.03.09-11.49.41:652][540]LogShaderCompilers: Display: Started 1 'Local' shader compile jobs with 'ForceLocal' priority
[2022.03.09-11.49.43:010][540]LogSlate: Window 'Delete Assets' being destroyed
[2022.03.09-11.49.43:278][540]LogUObjectHash: Compacting FUObjectHashTables data took   8.69ms
[2022.03.09-11.49.55:049][  8]LogContentBrowser: Deferred new asset folder creation: NewFolder
[2022.03.09-11.49.55:109][  8]LogContentBrowser: Creating deferred item: NewFolder
[2022.03.09-11.49.57:275][134]LogContentBrowser: Attempting asset rename: NewFolder -> Shelf
[2022.03.09-11.49.57:276][134]LogContentBrowser: End creating deferred item NewFolder
[2022.03.09-11.50.13:962][616]LogSlate: Window 'Choose Location for importing the scene content' being destroyed
[2022.03.09-11.50.14:026][616]LogFactory: FactoryCreateFile: World with FbxSceneImportFactory (0 0 C:/Users/qwe_o/Downloads/Shelf.fbx)
[2022.03.09-11.50.14:038][616]LogFbx: Loading FBX Scene from C:/Users/qwe_o/Downloads/Shelf.fbx
[2022.03.09-11.50.14:057][616]LogFbx: FBX Scene Loaded Succesfully
[2022.03.09-11.50.58:023][616]LogSlate: Window 'FBX Scene Import Options' being destroyed
[2022.03.09-11.50.58:325][616]LogFbx: Display: Triangulating static mesh MainShelf
[2022.03.09-11.50.58:333][616]LogStaticMesh: Building static mesh Group_10...
[2022.03.09-11.50.58:362][616]LogStaticMesh: Built static mesh [0.03s] /Game/Marwa/Shelf/Group_10.Group_10
[2022.03.09-11.50.58:364][616]LogStaticMesh: Warning: Group_10 has degenerate tangent bases which will result in incorrect shading.  MikkTSpace relies on tangent bases and may result in mesh corruption, consider disabling this option.
[2022.03.09-11.50.58:364][616]LogStaticMesh: Warning: Group_10 has some nearly zero normals which can create some issues. (Tolerance of 1E-4)
[2022.03.09-11.50.58:365][616]LogStaticMesh: Warning: Group_10 has some nearly zero tangents which can create some issues. (Tolerance of 1E-4)
[2022.03.09-11.50.58:365][616]LogStaticMesh: Warning: Group_10 has some nearly zero bi-normals which can create some issues. (Tolerance of 1E-4)
[2022.03.09-11.50.58:378][616]LogStaticMesh: Building static mesh Group_30...
[2022.03.09-11.50.58:382][616]LogStaticMesh: Built static mesh [0.00s] /Game/Marwa/Shelf/Group_30.Group_30
[2022.03.09-11.50.58:396][616]LogStaticMesh: Building static mesh Group_153...
[2022.03.09-11.50.58:399][616]LogStaticMesh: Built static mesh [0.00s] /Game/Marwa/Shelf/Group_153.Group_153
[2022.03.09-11.50.58:412][616]LogStaticMesh: Building static mesh Group_858...
[2022.03.09-11.50.58:416][616]LogStaticMesh: Built static mesh [0.00s] /Game/Marwa/Shelf/Group_858.Group_858
[2022.03.09-11.50.58:429][616]LogStaticMesh: Building static mesh Group_151...
[2022.03.09-11.50.58:433][616]LogStaticMesh: Built static mesh [0.00s] /Game/Marwa/Shelf/Group_151.Group_151
[2022.03.09-11.50.58:446][616]LogStaticMesh: Building static mesh Group_146...
[2022.03.09-11.50.58:450][616]LogStaticMesh: Built static mesh [0.00s] /Game/Marwa/Shelf/Group_146.Group_146
[2022.03.09-11.50.58:464][616]LogStaticMesh: Building static mesh Group_150...
[2022.03.09-11.50.58:468][616]LogStaticMesh: Built static mesh [0.00s] /Game/Marwa/Shelf/Group_150.Group_150
[2022.03.09-11.50.58:481][616]LogStaticMesh: Building static mesh Group_156...
[2022.03.09-11.50.58:485][616]LogStaticMesh: Built static mesh [0.01s] /Game/Marwa/Shelf/Group_156.Group_156
[2022.03.09-11.50.58:500][616]LogStaticMesh: Building static mesh Group_158...
[2022.03.09-11.50.58:506][616]LogStaticMesh: Built static mesh [0.01s] /Game/Marwa/Shelf/Group_158.Group_158
[2022.03.09-11.50.58:520][616]LogStaticMesh: Building static mesh Group_161...
[2022.03.09-11.50.58:523][616]LogStaticMesh: Built static mesh [0.00s] /Game/Marwa/Shelf/Group_161.Group_161
[2022.03.09-11.50.58:557][616]LogFbx: Display: Triangulating static mesh Group85_2
[2022.03.09-11.50.58:559][616]LogStaticMesh: Building static mesh Group_125...
[2022.03.09-11.50.58:563][616]LogStaticMesh: Built static mesh [0.00s] /Game/Marwa/Shelf/Group_125.Group_125
[2022.03.09-11.50.58:575][616]LogStaticMesh: Building static mesh Group_162...
[2022.03.09-11.50.58:579][616]LogStaticMesh: Built static mesh [0.00s] /Game/Marwa/Shelf/Group_162.Group_162
[2022.03.09-11.50.58:593][616]LogStaticMesh: Building static mesh Group_163...
[2022.03.09-11.50.58:599][616]LogStaticMesh: Built static mesh [0.01s] /Game/Marwa/Shelf/Group_163.Group_163
[2022.03.09-11.50.58:614][616]LogStaticMesh: Building static mesh Group_164...
[2022.03.09-11.50.58:618][616]LogStaticMesh: Built static mesh [0.00s] /Game/Marwa/Shelf/Group_164.Group_164
[2022.03.09-11.50.58:631][616]LogFbx: Display: Triangulating static mesh Group1_3
[2022.03.09-11.50.58:634][616]LogStaticMesh: Building static mesh Group_2...
[2022.03.09-11.50.58:639][616]LogStaticMesh: Built static mesh [0.01s] /Game/Marwa/Shelf/Group_2.Group_2
[2022.03.09-11.50.58:655][616]LogStaticMesh: Building static mesh Group_70...
[2022.03.09-11.50.58:660][616]LogStaticMesh: Built static mesh [0.01s] /Game/Marwa/Shelf/Group_70.Group_70
[2022.03.09-11.50.58:674][616]LogStaticMesh: Building static mesh Group_166...
[2022.03.09-11.50.58:679][616]LogStaticMesh: Built static mesh [0.00s] /Game/Marwa/Shelf/Group_166.Group_166
[2022.03.09-11.50.58:693][616]LogStaticMesh: Building static mesh Group_3...
[2022.03.09-11.50.58:698][616]LogStaticMesh: Built static mesh [0.01s] /Game/Marwa/Shelf/Group_3.Group_3
[2022.03.09-11.50.58:711][616]LogFbx: Display: Triangulating static mesh Group91_10
[2022.03.09-11.50.58:713][616]LogStaticMesh: Building static mesh Group_124...
[2022.03.09-11.50.58:718][616]LogStaticMesh: Built static mesh [0.00s] /Game/Marwa/Shelf/Group_124.Group_124
[2022.03.09-11.50.58:864][616]LogActorFactory: Actor Factory created Group_10
[2022.03.09-11.50.58:881][616]LogActorFactory: Actor Factory created Group_30
[2022.03.09-11.50.58:885][616]LogActorFactory: Actor Factory created Group_153
[2022.03.09-11.50.58:908][616]LogActorFactory: Actor Factory created Group_858
[2022.03.09-11.50.58:913][616]LogActorFactory: Actor Factory created Group_151
[2022.03.09-11.50.58:918][616]LogActorFactory: Actor Factory created Group_146
[2022.03.09-11.50.58:923][616]LogActorFactory: Actor Factory created Group_150
[2022.03.09-11.50.58:929][616]LogActorFactory: Actor Factory created Group_156
[2022.03.09-11.50.58:934][616]LogActorFactory: Actor Factory created Group_158
[2022.03.09-11.50.58:940][616]LogActorFactory: Actor Factory created Group_161
[2022.03.09-11.50.58:945][616]LogActorFactory: Actor Factory created Group_125
[2022.03.09-11.50.58:950][616]LogActorFactory: Actor Factory created Group_162
[2022.03.09-11.50.58:955][616]LogActorFactory: Actor Factory created Group_163
[2022.03.09-11.50.58:961][616]LogActorFactory: Actor Factory created Group_164
[2022.03.09-11.50.58:968][616]LogActorFactory: Actor Factory created Group_2
[2022.03.09-11.50.58:973][616]LogActorFactory: Actor Factory created Group_70
[2022.03.09-11.50.58:978][616]LogActorFactory: Actor Factory created Group_166
[2022.03.09-11.50.58:984][616]LogActorFactory: Actor Factory created Group_3
[2022.03.09-11.50.58:989][616]LogActorFactory: Actor Factory created Group_124
[2022.03.09-11.50.59:002][616]FBXImport: FBX File Loading: Found name clash, node 'Shelf' was renamed to 'Shelf1' 
[2022.03.09-11.50.59:002][616]FBXImport: Warning: Found invalid character in a material name. Original name: Fbx Default Material New name: Fbx_Default_Material 
[2022.03.09-11.50.59:002][616]FBXImport: Warning: No smoothing group information was found in this FBX scene.  Please make sure to enable the 'Export Smoothing Groups' option in the FBX Exporter plug-in before exporting the file.  Even for tools that don't support smoothing groups, the FBX Exporter will generate appropriate smoothing data at export-time so that correct vertex normals can be inferred while importing. 
[2022.03.09-11.50.59:002][616]FBXImport: Warning: Group_10 has degenerate tangent bases which will result in incorrect shading.  MikkTSpace relies on tangent bases and may result in mesh corruption, consider disabling this option. 
[2022.03.09-11.50.59:002][616]FBXImport: Warning: Group_10 has some nearly zero normals which can create some issues. (Tolerance of 1E-4) 
[2022.03.09-11.50.59:002][616]FBXImport: Warning: Group_10 has some nearly zero tangents which can create some issues. (Tolerance of 1E-4) 
[2022.03.09-11.50.59:002][616]FBXImport: Warning: Group_10 has some nearly zero bi-normals which can create some issues. (Tolerance of 1E-4) 
[2022.03.09-11.51.01:779][797]LogSlate: Window 'Message Log' being destroyed
[2022.03.09-11.51.01:787][797]LogSlate: Window 'Message Log' being destroyed
[2022.03.09-11.51.08:443][253]Cmd: CAMERA ALIGN ACTIVEVIEWPORTONLY
[2022.03.09-11.51.15:881][893]LogEditorViewport: Clicking on Actor (LMB): StaticMeshActor (Group90_6)
[2022.03.09-11.51.46:948][252]LogEditorViewport: Clicking on Actor (LMB): StaticMeshActor (MainShelf)
[2022.03.09-11.52.33:394][587]LogEditorViewport: Clicking on Actor (LMB): BP_Sky_Sphere_C (SkySpherePC2)
[2022.03.09-11.52.38:743][888]LogEditorViewport: Clicking on Actor (LMB): StaticMeshActor (MainShelf)
[2022.03.09-11.52.45:508][274]LogEditorViewport: Clicking on Actor (LMB): StaticMeshActor (MainShelf)
[2022.03.09-11.52.57:910][984]Cmd: CAMERA ALIGN ACTIVEVIEWPORTONLY
[2022.03.09-11.53.07:251][459]LogEditorViewport: Clicking on Actor (LMB): StaticMeshActor (MainShelf)
[2022.03.09-11.53.10:517][642]LogEditorViewport: Clicking on Actor (LMB): StaticMeshActor (MainShelf)
[2022.03.09-11.53.28:673][619]LogEditorViewport: Clicking on Actor (LMB): StaticMeshActor (MainShelf)
[2022.03.09-11.53.58:930][342]Cmd: CAMERA ALIGN ACTIVEVIEWPORTONLY
[2022.03.09-11.54.04:487][663]Cmd: CAMERA ALIGN ACTIVEVIEWPORTONLY
[2022.03.09-11.54.34:548][415]LogEditorViewport: Clicking on Actor (LMB): StaticMeshActor (Group57_2)
[2022.03.09-11.54.47:628][ 98]LogEditorViewport: Clicking on Actor (LMB): StaticMeshActor (Group85_2)
[2022.03.09-11.54.54:226][458]LogEditorViewport: Clicking on Actor (LMB): StaticMeshActor (Group88_5)
[2022.03.09-11.54.57:723][640]LogEditorViewport: Clicking on Actor (LMB): StaticMeshActor (Group90_6)
[2022.03.09-11.56.55:651][478]Cmd: ACTOR SELECT ALL
[2022.03.09-11.57.07:292][111]Cmd: ACTOR SELECT ALL DESCENDANTS
[2022.03.09-11.58.17:369][221]Cmd: DUPLICATE
[2022.03.09-11.58.17:369][221]Cmd: ACTOR DUPLICATE
[2022.03.09-11.58.19:245][309]Cmd: POLY SELECT ALL
[2022.03.09-11.58.22:136][480]Cmd: POLY SELECT ADJACENT WALLS
[2022.03.09-11.59.47:475][539]Cmd: MODE GRID=0
[2022.03.09-11.59.51:857][784]LogEditorViewport: Clicking on Actor (LMB): RecastNavMesh (RecastNavMesh-Default)
[2022.03.09-12.00.24:001][677]LogEditorViewport: Clicking on Actor (LMB): StaticMeshActor (MainShelf)
[2022.03.09-12.00.43:997][830]LogEditorViewport: Clicking on Actor (LMB): StaticMeshActor (Group17_2)
[2022.03.09-12.01.11:227][399]Cmd: ACTOR SELECT ALL DESCENDANTS
[2022.03.09-12.01.15:381][644]Cmd: DELETE
[2022.03.09-12.01.15:381][644]Cmd: ACTOR DELETE
[2022.03.09-12.01.15:766][644]LogEditorActor: Deleted Actor: Actor
[2022.03.09-12.01.15:774][644]LogEditorActor: Deleted Actor: StaticMeshActor
[2022.03.09-12.01.15:775][644]LogEditorActor: Deleted Actor: StaticMeshActor
[2022.03.09-12.01.15:775][644]LogEditorActor: Deleted Actor: StaticMeshActor
[2022.03.09-12.01.15:775][644]LogEditorActor: Deleted Actor: StaticMeshActor
[2022.03.09-12.01.15:776][644]LogEditorActor: Deleted Actor: StaticMeshActor
[2022.03.09-12.01.15:776][644]LogEditorActor: Deleted Actor: StaticMeshActor
[2022.03.09-12.01.15:776][644]LogEditorActor: Deleted Actor: StaticMeshActor
[2022.03.09-12.01.15:777][644]LogEditorActor: Deleted Actor: StaticMeshActor
[2022.03.09-12.01.15:777][644]LogEditorActor: Deleted Actor: StaticMeshActor
[2022.03.09-12.01.15:777][644]LogEditorActor: Deleted Actor: StaticMeshActor
[2022.03.09-12.01.15:778][644]LogEditorActor: Deleted Actor: StaticMeshActor
[2022.03.09-12.01.15:778][644]LogEditorActor: Deleted Actor: StaticMeshActor
[2022.03.09-12.01.15:779][644]LogEditorActor: Deleted Actor: StaticMeshActor
[2022.03.09-12.01.15:779][644]LogEditorActor: Deleted Actor: StaticMeshActor
[2022.03.09-12.01.15:779][644]LogEditorActor: Deleted Actor: StaticMeshActor
[2022.03.09-12.01.15:780][644]LogEditorActor: Deleted Actor: StaticMeshActor
[2022.03.09-12.01.15:780][644]LogEditorActor: Deleted Actor: StaticMeshActor
[2022.03.09-12.01.15:780][644]LogEditorActor: Deleted Actor: Actor
[2022.03.09-12.01.15:781][644]LogEditorActor: Deleted Actor: StaticMeshActor
[2022.03.09-12.01.15:782][644]LogEditorActor: Deleted Actor: StaticMeshActor
[2022.03.09-12.01.15:822][644]LogUObjectHash: Compacting FUObjectHashTables data took   3.40ms
[2022.03.09-12.01.15:825][644]LogEditorActor: Deleted 21 Actors (0.444 secs)
[2022.03.09-12.01.55:105][985]LogEditorViewport: Clicking on Actor (LMB): StaticMeshActor (Group87_3)
[2022.03.09-12.01.58:249][158]LogEditorViewport: Clicking on Actor (LMB): StaticMeshActor (Group89_2)
[2022.03.09-12.01.59:242][214]LogEditorViewport: Clicking on Actor (LMB): StaticMeshActor (Group87_3)
[2022.03.09-12.01.59:604][233]LogEditorViewport: Clicking on Actor (LMB): StaticMeshActor (Group79_4)
[2022.03.09-12.02.00:243][268]LogEditorViewport: Clicking on Actor (LMB): StaticMeshActor (Group81_2)
[2022.03.09-12.03.04:626][293]LogUObjectHash: Compacting FUObjectHashTables data took   1.46ms
[2022.03.09-12.03.06:315][293]LogSavePackage: Moving 'C:/Users/qwe_o/P8ToBeAnnounced/P8_VR_Home/Saved/VRTemplateMap_Auto1CEB3966B42506B1F982673A12E1115B7.tmp' to 'C:/Users/qwe_o/P8ToBeAnnounced/P8_VR_Home/Saved/Autosaves/Game/VRTemplate/Maps/VRTemplateMap_Auto1.umap'
[2022.03.09-12.03.06:322][293]LogFileHelpers: Editor autosave (incl. external actors) for '/Game/VRTemplate/Maps/VRTemplateMap' took 1.744
[2022.03.09-12.03.06:322][293]LogFileHelpers: Editor autosave (incl. sublevels & external actors) for all levels took 1.744
[2022.03.09-12.03.06:324][293]OBJ SavePackage: Generating thumbnails for [0] asset(s) in package [/Game/Marwa/Shelf/Shelf] ([1] browsable assets)...
[2022.03.09-12.03.06:324][293]OBJ SavePackage: Finished generating thumbnails for package [/Game/Marwa/Shelf/Shelf]
[2022.03.09-12.03.06:324][293]Cmd: OBJ SAVEPACKAGE PACKAGE="/Game/Marwa/Shelf/Shelf" FILE="C:/Users/qwe_o/P8ToBeAnnounced/P8_VR_Home/Saved/Autosaves/Game/Marwa/Shelf/Shelf_Auto1.uasset" SILENT=false AUTOSAVING=true
[2022.03.09-12.03.06:328][293]LogSavePackage: Moving 'C:/Users/qwe_o/P8ToBeAnnounced/P8_VR_Home/Saved/Shelf_Auto1C4FEE3B74C0F9A2B14625BBFDB37F6DF.tmp' to 'C:/Users/qwe_o/P8ToBeAnnounced/P8_VR_Home/Saved/Autosaves/Game/Marwa/Shelf/Shelf_Auto1.uasset'
[2022.03.09-12.03.06:330][293]OBJ SavePackage: Generating thumbnails for [1] asset(s) in package [/Game/Marwa/Shelf/Group_10] ([1] browsable assets)...
[2022.03.09-12.03.06:382][293]OBJ SavePackage:     Rendered thumbnail for [StaticMesh /Game/Marwa/Shelf/Group_10.Group_10]
[2022.03.09-12.03.06:382][293]OBJ SavePackage: Finished generating thumbnails for package [/Game/Marwa/Shelf/Group_10]
[2022.03.09-12.03.06:382][293]Cmd: OBJ SAVEPACKAGE PACKAGE="/Game/Marwa/Shelf/Group_10" FILE="C:/Users/qwe_o/P8ToBeAnnounced/P8_VR_Home/Saved/Autosaves/Game/Marwa/Shelf/Group_10_Auto1.uasset" SILENT=false AUTOSAVING=true
[2022.03.09-12.03.06:450][293]LogSavePackage: Moving 'C:/Users/qwe_o/P8ToBeAnnounced/P8_VR_Home/Saved/Group_10_Auto1BAEEDF5048EC950F5DEA63B1DD3D879E.tmp' to 'C:/Users/qwe_o/P8ToBeAnnounced/P8_VR_Home/Saved/Autosaves/Game/Marwa/Shelf/Group_10_Auto1.uasset'
[2022.03.09-12.03.06:451][293]OBJ SavePackage: Generating thumbnails for [1] asset(s) in package [/Game/Marwa/Shelf/Group_30] ([1] browsable assets)...
[2022.03.09-12.03.06:464][293]OBJ SavePackage:     Rendered thumbnail for [StaticMesh /Game/Marwa/Shelf/Group_30.Group_30]
[2022.03.09-12.03.06:464][293]OBJ SavePackage: Finished generating thumbnails for package [/Game/Marwa/Shelf/Group_30]
[2022.03.09-12.03.06:464][293]Cmd: OBJ SAVEPACKAGE PACKAGE="/Game/Marwa/Shelf/Group_30" FILE="C:/Users/qwe_o/P8ToBeAnnounced/P8_VR_Home/Saved/Autosaves/Game/Marwa/Shelf/Group_30_Auto1.uasset" SILENT=false AUTOSAVING=true
[2022.03.09-12.03.06:477][293]LogSavePackage: Moving 'C:/Users/qwe_o/P8ToBeAnnounced/P8_VR_Home/Saved/Group_30_Auto1E85859F34B02C587E1F6C1A3D32764AD.tmp' to 'C:/Users/qwe_o/P8ToBeAnnounced/P8_VR_Home/Saved/Autosaves/Game/Marwa/Shelf/Group_30_Auto1.uasset'
[2022.03.09-12.03.06:479][293]OBJ SavePackage: Generating thumbnails for [1] asset(s) in package [/Game/Marwa/Shelf/Group_153] ([1] browsable assets)...
[2022.03.09-12.03.06:495][293]OBJ SavePackage:     Rendered thumbnail for [StaticMesh /Game/Marwa/Shelf/Group_153.Group_153]
[2022.03.09-12.03.06:496][293]OBJ SavePackage: Finished generating thumbnails for package [/Game/Marwa/Shelf/Group_153]
[2022.03.09-12.03.06:496][293]Cmd: OBJ SAVEPACKAGE PACKAGE="/Game/Marwa/Shelf/Group_153" FILE="C:/Users/qwe_o/P8ToBeAnnounced/P8_VR_Home/Saved/Autosaves/Game/Marwa/Shelf/Group_153_Auto1.uasset" SILENT=false AUTOSAVING=true
[2022.03.09-12.03.06:507][293]LogSavePackage: Moving 'C:/Users/qwe_o/P8ToBeAnnounced/P8_VR_Home/Saved/Group_153_Auto1847FCD8E45924C0A5F0CA5BDB2460330.tmp' to 'C:/Users/qwe_o/P8ToBeAnnounced/P8_VR_Home/Saved/Autosaves/Game/Marwa/Shelf/Group_153_Auto1.uasset'
[2022.03.09-12.03.06:509][293]OBJ SavePackage: Generating thumbnails for [1] asset(s) in package [/Game/Marwa/Shelf/Group_858] ([1] browsable assets)...
[2022.03.09-12.03.06:523][293]OBJ SavePackage:     Rendered thumbnail for [StaticMesh /Game/Marwa/Shelf/Group_858.Group_858]
[2022.03.09-12.03.06:523][293]OBJ SavePackage: Finished generating thumbnails for package [/Game/Marwa/Shelf/Group_858]
[2022.03.09-12.03.06:523][293]Cmd: OBJ SAVEPACKAGE PACKAGE="/Game/Marwa/Shelf/Group_858" FILE="C:/Users/qwe_o/P8ToBeAnnounced/P8_VR_Home/Saved/Autosaves/Game/Marwa/Shelf/Group_858_Auto1.uasset" SILENT=false AUTOSAVING=true
[2022.03.09-12.03.06:537][293]LogSavePackage: Moving 'C:/Users/qwe_o/P8ToBeAnnounced/P8_VR_Home/Saved/Group_858_Auto144AB25DD45C8415F7DE5429D8698FC46.tmp' to 'C:/Users/qwe_o/P8ToBeAnnounced/P8_VR_Home/Saved/Autosaves/Game/Marwa/Shelf/Group_858_Auto1.uasset'
[2022.03.09-12.03.06:538][293]OBJ SavePackage: Generating thumbnails for [1] asset(s) in package [/Game/Marwa/Shelf/Group_151] ([1] browsable assets)...
[2022.03.09-12.03.06:552][293]OBJ SavePackage:     Rendered thumbnail for [StaticMesh /Game/Marwa/Shelf/Group_151.Group_151]
[2022.03.09-12.03.06:553][293]OBJ SavePackage: Finished generating thumbnails for package [/Game/Marwa/Shelf/Group_151]
[2022.03.09-12.03.06:553][293]Cmd: OBJ SAVEPACKAGE PACKAGE="/Game/Marwa/Shelf/Group_151" FILE="C:/Users/qwe_o/P8ToBeAnnounced/P8_VR_Home/Saved/Autosaves/Game/Marwa/Shelf/Group_151_Auto1.uasset" SILENT=false AUTOSAVING=true
[2022.03.09-12.03.06:565][293]LogSavePackage: Moving 'C:/Users/qwe_o/P8ToBeAnnounced/P8_VR_Home/Saved/Group_151_Auto1EF03A1A946355F29021CD2AC40A671F5.tmp' to 'C:/Users/qwe_o/P8ToBeAnnounced/P8_VR_Home/Saved/Autosaves/Game/Marwa/Shelf/Group_151_Auto1.uasset'
[2022.03.09-12.03.06:567][293]OBJ SavePackage: Generating thumbnails for [1] asset(s) in package [/Game/Marwa/Shelf/Group_146] ([1] browsable assets)...
[2022.03.09-12.03.06:580][293]OBJ SavePackage:     Rendered thumbnail for [StaticMesh /Game/Marwa/Shelf/Group_146.Group_146]
[2022.03.09-12.03.06:580][293]OBJ SavePackage: Finished generating thumbnails for package [/Game/Marwa/Shelf/Group_146]
[2022.03.09-12.03.06:580][293]Cmd: OBJ SAVEPACKAGE PACKAGE="/Game/Marwa/Shelf/Group_146" FILE="C:/Users/qwe_o/P8ToBeAnnounced/P8_VR_Home/Saved/Autosaves/Game/Marwa/Shelf/Group_146_Auto1.uasset" SILENT=false AUTOSAVING=true
[2022.03.09-12.03.06:593][293]LogSavePackage: Moving 'C:/Users/qwe_o/P8ToBeAnnounced/P8_VR_Home/Saved/Group_146_Auto1C7DF57CC4A26BF1CDF777F843B633B3E.tmp' to 'C:/Users/qwe_o/P8ToBeAnnounced/P8_VR_Home/Saved/Autosaves/Game/Marwa/Shelf/Group_146_Auto1.uasset'
[2022.03.09-12.03.06:595][293]OBJ SavePackage: Generating thumbnails for [1] asset(s) in package [/Game/Marwa/Shelf/Group_150] ([1] browsable assets)...
[2022.03.09-12.03.06:610][293]OBJ SavePackage:     Rendered thumbnail for [StaticMesh /Game/Marwa/Shelf/Group_150.Group_150]
[2022.03.09-12.03.06:610][293]OBJ SavePackage: Finished generating thumbnails for package [/Game/Marwa/Shelf/Group_150]
[2022.03.09-12.03.06:610][293]Cmd: OBJ SAVEPACKAGE PACKAGE="/Game/Marwa/Shelf/Group_150" FILE="C:/Users/qwe_o/P8ToBeAnnounced/P8_VR_Home/Saved/Autosaves/Game/Marwa/Shelf/Group_150_Auto1.uasset" SILENT=false AUTOSAVING=true
[2022.03.09-12.03.06:621][293]LogSavePackage: Moving 'C:/Users/qwe_o/P8ToBeAnnounced/P8_VR_Home/Saved/Group_150_Auto1C1931CC141401219DF912BB726D7448F.tmp' to 'C:/Users/qwe_o/P8ToBeAnnounced/P8_VR_Home/Saved/Autosaves/Game/Marwa/Shelf/Group_150_Auto1.uasset'
[2022.03.09-12.03.06:623][293]OBJ SavePackage: Generating thumbnails for [1] asset(s) in package [/Game/Marwa/Shelf/Group_156] ([1] browsable assets)...
[2022.03.09-12.03.06:637][293]OBJ SavePackage:     Rendered thumbnail for [StaticMesh /Game/Marwa/Shelf/Group_156.Group_156]
[2022.03.09-12.03.06:637][293]OBJ SavePackage: Finished generating thumbnails for package [/Game/Marwa/Shelf/Group_156]
[2022.03.09-12.03.06:637][293]Cmd: OBJ SAVEPACKAGE PACKAGE="/Game/Marwa/Shelf/Group_156" FILE="C:/Users/qwe_o/P8ToBeAnnounced/P8_VR_Home/Saved/Autosaves/Game/Marwa/Shelf/Group_156_Auto1.uasset" SILENT=false AUTOSAVING=true
[2022.03.09-12.03.06:654][293]LogSavePackage: Moving 'C:/Users/qwe_o/P8ToBeAnnounced/P8_VR_Home/Saved/Group_156_Auto13E86CCAD42828FC16D1EC8B6591AA7B1.tmp' to 'C:/Users/qwe_o/P8ToBeAnnounced/P8_VR_Home/Saved/Autosaves/Game/Marwa/Shelf/Group_156_Auto1.uasset'
[2022.03.09-12.03.06:656][293]OBJ SavePackage: Generating thumbnails for [1] asset(s) in package [/Game/Marwa/Shelf/Group_158] ([1] browsable assets)...
[2022.03.09-12.03.06:668][293]OBJ SavePackage:     Rendered thumbnail for [StaticMesh /Game/Marwa/Shelf/Group_158.Group_158]
[2022.03.09-12.03.06:668][293]OBJ SavePackage: Finished generating thumbnails for package [/Game/Marwa/Shelf/Group_158]
[2022.03.09-12.03.06:668][293]Cmd: OBJ SAVEPACKAGE PACKAGE="/Game/Marwa/Shelf/Group_158" FILE="C:/Users/qwe_o/P8ToBeAnnounced/P8_VR_Home/Saved/Autosaves/Game/Marwa/Shelf/Group_158_Auto1.uasset" SILENT=false AUTOSAVING=true
[2022.03.09-12.03.06:680][293]LogSavePackage: Moving 'C:/Users/qwe_o/P8ToBeAnnounced/P8_VR_Home/Saved/Group_158_Auto18D0DABF14F7DBDE659005E9518C36848.tmp' to 'C:/Users/qwe_o/P8ToBeAnnounced/P8_VR_Home/Saved/Autosaves/Game/Marwa/Shelf/Group_158_Auto1.uasset'
[2022.03.09-12.03.06:682][293]OBJ SavePackage: Generating thumbnails for [1] asset(s) in package [/Game/Marwa/Shelf/Group_161] ([1] browsable assets)...
[2022.03.09-12.03.06:696][293]OBJ SavePackage:     Rendered thumbnail for [StaticMesh /Game/Marwa/Shelf/Group_161.Group_161]
[2022.03.09-12.03.06:696][293]OBJ SavePackage: Finished generating thumbnails for package [/Game/Marwa/Shelf/Group_161]
[2022.03.09-12.03.06:696][293]Cmd: OBJ SAVEPACKAGE PACKAGE="/Game/Marwa/Shelf/Group_161" FILE="C:/Users/qwe_o/P8ToBeAnnounced/P8_VR_Home/Saved/Autosaves/Game/Marwa/Shelf/Group_161_Auto1.uasset" SILENT=false AUTOSAVING=true
[2022.03.09-12.03.06:709][293]LogSavePackage: Moving 'C:/Users/qwe_o/P8ToBeAnnounced/P8_VR_Home/Saved/Group_161_Auto18F9B7B354EF8419C40833D9559781D87.tmp' to 'C:/Users/qwe_o/P8ToBeAnnounced/P8_VR_Home/Saved/Autosaves/Game/Marwa/Shelf/Group_161_Auto1.uasset'
[2022.03.09-12.03.06:711][293]OBJ SavePackage: Generating thumbnails for [1] asset(s) in package [/Game/Marwa/Shelf/Group_125] ([1] browsable assets)...
[2022.03.09-12.03.06:726][293]OBJ SavePackage:     Rendered thumbnail for [StaticMesh /Game/Marwa/Shelf/Group_125.Group_125]
[2022.03.09-12.03.06:726][293]OBJ SavePackage: Finished generating thumbnails for package [/Game/Marwa/Shelf/Group_125]
[2022.03.09-12.03.06:726][293]Cmd: OBJ SAVEPACKAGE PACKAGE="/Game/Marwa/Shelf/Group_125" FILE="C:/Users/qwe_o/P8ToBeAnnounced/P8_VR_Home/Saved/Autosaves/Game/Marwa/Shelf/Group_125_Auto1.uasset" SILENT=false AUTOSAVING=true
[2022.03.09-12.03.06:738][293]LogSavePackage: Moving 'C:/Users/qwe_o/P8ToBeAnnounced/P8_VR_Home/Saved/Group_125_Auto1C909EB7F45920D0730E37FB57936535A.tmp' to 'C:/Users/qwe_o/P8ToBeAnnounced/P8_VR_Home/Saved/Autosaves/Game/Marwa/Shelf/Group_125_Auto1.uasset'
[2022.03.09-12.03.06:739][293]OBJ SavePackage: Generating thumbnails for [1] asset(s) in package [/Game/Marwa/Shelf/Group_162] ([1] browsable assets)...
[2022.03.09-12.03.06:754][293]OBJ SavePackage:     Rendered thumbnail for [StaticMesh /Game/Marwa/Shelf/Group_162.Group_162]
[2022.03.09-12.03.06:754][293]OBJ SavePackage: Finished generating thumbnails for package [/Game/Marwa/Shelf/Group_162]
[2022.03.09-12.03.06:754][293]Cmd: OBJ SAVEPACKAGE PACKAGE="/Game/Marwa/Shelf/Group_162" FILE="C:/Users/qwe_o/P8ToBeAnnounced/P8_VR_Home/Saved/Autosaves/Game/Marwa/Shelf/Group_162_Auto1.uasset" SILENT=false AUTOSAVING=true
[2022.03.09-12.03.06:766][293]LogSavePackage: Moving 'C:/Users/qwe_o/P8ToBeAnnounced/P8_VR_Home/Saved/Group_162_Auto1ED2DAF7D4F328E6AD9DF6193526AB9B2.tmp' to 'C:/Users/qwe_o/P8ToBeAnnounced/P8_VR_Home/Saved/Autosaves/Game/Marwa/Shelf/Group_162_Auto1.uasset'
[2022.03.09-12.03.06:768][293]OBJ SavePackage: Generating thumbnails for [1] asset(s) in package [/Game/Marwa/Shelf/Group_163] ([1] browsable assets)...
[2022.03.09-12.03.06:782][293]OBJ SavePackage:     Rendered thumbnail for [StaticMesh /Game/Marwa/Shelf/Group_163.Group_163]
[2022.03.09-12.03.06:782][293]OBJ SavePackage: Finished generating thumbnails for package [/Game/Marwa/Shelf/Group_163]
[2022.03.09-12.03.06:782][293]Cmd: OBJ SAVEPACKAGE PACKAGE="/Game/Marwa/Shelf/Group_163" FILE="C:/Users/qwe_o/P8ToBeAnnounced/P8_VR_Home/Saved/Autosaves/Game/Marwa/Shelf/Group_163_Auto1.uasset" SILENT=false AUTOSAVING=true
[2022.03.09-12.03.06:793][293]LogSavePackage: Moving 'C:/Users/qwe_o/P8ToBeAnnounced/P8_VR_Home/Saved/Group_163_Auto19008E7C04C49FE19B056F18ADA315729.tmp' to 'C:/Users/qwe_o/P8ToBeAnnounced/P8_VR_Home/Saved/Autosaves/Game/Marwa/Shelf/Group_163_Auto1.uasset'
[2022.03.09-12.03.06:795][293]OBJ SavePackage: Generating thumbnails for [1] asset(s) in package [/Game/Marwa/Shelf/Group_164] ([1] browsable assets)...
[2022.03.09-12.03.06:808][293]OBJ SavePackage:     Rendered thumbnail for [StaticMesh /Game/Marwa/Shelf/Group_164.Group_164]
[2022.03.09-12.03.06:808][293]OBJ SavePackage: Finished generating thumbnails for package [/Game/Marwa/Shelf/Group_164]
[2022.03.09-12.03.06:808][293]Cmd: OBJ SAVEPACKAGE PACKAGE="/Game/Marwa/Shelf/Group_164" FILE="C:/Users/qwe_o/P8ToBeAnnounced/P8_VR_Home/Saved/Autosaves/Game/Marwa/Shelf/Group_164_Auto1.uasset" SILENT=false AUTOSAVING=true
[2022.03.09-12.03.06:821][293]LogSavePackage: Moving 'C:/Users/qwe_o/P8ToBeAnnounced/P8_VR_Home/Saved/Group_164_Auto1AA0F9250474045AED53C73B6EC48E813.tmp' to 'C:/Users/qwe_o/P8ToBeAnnounced/P8_VR_Home/Saved/Autosaves/Game/Marwa/Shelf/Group_164_Auto1.uasset'
[2022.03.09-12.03.06:823][293]OBJ SavePackage: Generating thumbnails for [1] asset(s) in package [/Game/Marwa/Shelf/Group_2] ([1] browsable assets)...
[2022.03.09-12.03.06:838][293]OBJ SavePackage:     Rendered thumbnail for [StaticMesh /Game/Marwa/Shelf/Group_2.Group_2]
[2022.03.09-12.03.06:838][293]OBJ SavePackage: Finished generating thumbnails for package [/Game/Marwa/Shelf/Group_2]
[2022.03.09-12.03.06:838][293]Cmd: OBJ SAVEPACKAGE PACKAGE="/Game/Marwa/Shelf/Group_2" FILE="C:/Users/qwe_o/P8ToBeAnnounced/P8_VR_Home/Saved/Autosaves/Game/Marwa/Shelf/Group_2_Auto1.uasset" SILENT=false AUTOSAVING=true
[2022.03.09-12.03.06:852][293]LogSavePackage: Moving 'C:/Users/qwe_o/P8ToBeAnnounced/P8_VR_Home/Saved/Group_2_Auto196D3DAB941B8F2B3EBD8B09D3DCF5E5B.tmp' to 'C:/Users/qwe_o/P8ToBeAnnounced/P8_VR_Home/Saved/Autosaves/Game/Marwa/Shelf/Group_2_Auto1.uasset'
[2022.03.09-12.03.06:854][293]OBJ SavePackage: Generating thumbnails for [1] asset(s) in package [/Game/Marwa/Shelf/Group_70] ([1] browsable assets)...
[2022.03.09-12.03.06:871][293]OBJ SavePackage:     Rendered thumbnail for [StaticMesh /Game/Marwa/Shelf/Group_70.Group_70]
[2022.03.09-12.03.06:871][293]OBJ SavePackage: Finished generating thumbnails for package [/Game/Marwa/Shelf/Group_70]
[2022.03.09-12.03.06:871][293]Cmd: OBJ SAVEPACKAGE PACKAGE="/Game/Marwa/Shelf/Group_70" FILE="C:/Users/qwe_o/P8ToBeAnnounced/P8_VR_Home/Saved/Autosaves/Game/Marwa/Shelf/Group_70_Auto1.uasset" SILENT=false AUTOSAVING=true
[2022.03.09-12.03.06:883][293]LogSavePackage: Moving 'C:/Users/qwe_o/P8ToBeAnnounced/P8_VR_Home/Saved/Group_70_Auto1F63F2D2B42CABE2B7340EDBA00D73F4C.tmp' to 'C:/Users/qwe_o/P8ToBeAnnounced/P8_VR_Home/Saved/Autosaves/Game/Marwa/Shelf/Group_70_Auto1.uasset'
[2022.03.09-12.03.06:886][293]OBJ SavePackage: Generating thumbnails for [1] asset(s) in package [/Game/Marwa/Shelf/Group_166] ([1] browsable assets)...
[2022.03.09-12.03.06:903][293]OBJ SavePackage:     Rendered thumbnail for [StaticMesh /Game/Marwa/Shelf/Group_166.Group_166]
[2022.03.09-12.03.06:903][293]OBJ SavePackage: Finished generating thumbnails for package [/Game/Marwa/Shelf/Group_166]
[2022.03.09-12.03.06:903][293]Cmd: OBJ SAVEPACKAGE PACKAGE="/Game/Marwa/Shelf/Group_166" FILE="C:/Users/qwe_o/P8ToBeAnnounced/P8_VR_Home/Saved/Autosaves/Game/Marwa/Shelf/Group_166_Auto1.uasset" SILENT=false AUTOSAVING=true
[2022.03.09-12.03.06:917][293]LogSavePackage: Moving 'C:/Users/qwe_o/P8ToBeAnnounced/P8_VR_Home/Saved/Group_166_Auto156E703BC435FDB5B03B7049AB79324DB.tmp' to 'C:/Users/qwe_o/P8ToBeAnnounced/P8_VR_Home/Saved/Autosaves/Game/Marwa/Shelf/Group_166_Auto1.uasset'
[2022.03.09-12.03.06:919][293]OBJ SavePackage: Generating thumbnails for [1] asset(s) in package [/Game/Marwa/Shelf/Group_3] ([1] browsable assets)...
[2022.03.09-12.03.06:937][293]OBJ SavePackage:     Rendered thumbnail for [StaticMesh /Game/Marwa/Shelf/Group_3.Group_3]
[2022.03.09-12.03.06:937][293]OBJ SavePackage: Finished generating thumbnails for package [/Game/Marwa/Shelf/Group_3]
[2022.03.09-12.03.06:937][293]Cmd: OBJ SAVEPACKAGE PACKAGE="/Game/Marwa/Shelf/Group_3" FILE="C:/Users/qwe_o/P8ToBeAnnounced/P8_VR_Home/Saved/Autosaves/Game/Marwa/Shelf/Group_3_Auto1.uasset" SILENT=false AUTOSAVING=true
[2022.03.09-12.03.06:949][293]LogSavePackage: Moving 'C:/Users/qwe_o/P8ToBeAnnounced/P8_VR_Home/Saved/Group_3_Auto12D64C7C643B7EE5D54D0C38718BE2B87.tmp' to 'C:/Users/qwe_o/P8ToBeAnnounced/P8_VR_Home/Saved/Autosaves/Game/Marwa/Shelf/Group_3_Auto1.uasset'
[2022.03.09-12.03.06:950][293]OBJ SavePackage: Generating thumbnails for [1] asset(s) in package [/Game/Marwa/Shelf/Group_124] ([1] browsable assets)...
[2022.03.09-12.03.06:966][293]OBJ SavePackage:     Rendered thumbnail for [StaticMesh /Game/Marwa/Shelf/Group_124.Group_124]
[2022.03.09-12.03.06:966][293]OBJ SavePackage: Finished generating thumbnails for package [/Game/Marwa/Shelf/Group_124]
[2022.03.09-12.03.06:966][293]Cmd: OBJ SAVEPACKAGE PACKAGE="/Game/Marwa/Shelf/Group_124" FILE="C:/Users/qwe_o/P8ToBeAnnounced/P8_VR_Home/Saved/Autosaves/Game/Marwa/Shelf/Group_124_Auto1.uasset" SILENT=false AUTOSAVING=true
[2022.03.09-12.03.06:978][293]LogSavePackage: Moving 'C:/Users/qwe_o/P8ToBeAnnounced/P8_VR_Home/Saved/Group_124_Auto178C0763247D1D0686BC6A49C12CA7055.tmp' to 'C:/Users/qwe_o/P8ToBeAnnounced/P8_VR_Home/Saved/Autosaves/Game/Marwa/Shelf/Group_124_Auto1.uasset'
[2022.03.09-12.03.06:980][293]LogFileHelpers: Auto-saving content packages took 0.658
[2022.03.09-12.03.53:341][617]Cmd: TRANSACTION UNDO
[2022.03.09-12.03.53:341][617]LogEditorTransaction: Undo Move Actors
[2022.03.09-12.04.28:056][647]LogEditorViewport: Clicking on Actor (LMB): StaticMeshActor (MainShelf)
[2022.03.09-12.04.32:059][874]LogEditorViewport: Clicking on Actor (LMB): StaticMeshActor (Group89_2)
[2022.03.09-12.05.08:880][ 51]Cmd: CAMERA ALIGN ACTIVEVIEWPORTONLY
[2022.03.09-12.05.12:383][257]Cmd: CAMERA ALIGN ACTIVEVIEWPORTONLY
[2022.03.09-12.05.14:422][379]Cmd: CAMERA ALIGN ACTIVEVIEWPORTONLY
[2022.03.09-12.05.45:982][257]Cmd: CAMERA ALIGN ACTIVEVIEWPORTONLY
[2022.03.09-12.05.51:344][574]Cmd: DELETE
[2022.03.09-12.05.51:344][574]Cmd: ACTOR DELETE
[2022.03.09-12.05.51:422][574]LogEditorActor: Deleted Actor: Actor
[2022.03.09-12.05.51:469][574]LogUObjectHash: Compacting FUObjectHashTables data took   5.09ms
[2022.03.09-12.05.51:471][574]LogEditorActor: Deleted 1 Actors (0.127 secs)
[2022.03.09-12.05.55:467][806]LogEditorViewport: Clicking on Actor (LMB): StaticMeshActor (Group12_2)
[2022.03.09-12.06.04:419][331]EditorErrors: New page: Actor attachment
[2022.03.09-12.06.17:887][100]EditorErrors: New page: Actor attachment
[2022.03.09-12.06.31:191][888]EditorErrors: New page: Actor attachment
[2022.03.09-12.09.21:676][ 25]LogEditorViewport: Clicking on Actor (LMB): StaticMeshActor (Group87_3)
[2022.03.09-12.10.01:077][372]LogEditorViewport: Clicking on Actor (LMB): StaticMeshActor (Group88_5)
[2022.03.09-12.11.58:177][946]EditorErrors: New page: Actor attachment
[2022.03.09-12.12.32:701][972]LogEditorViewport: Clicking on Actor (LMB): StaticMeshActor (Group79_4)
[2022.03.09-12.13.23:383][943]LogEditorViewport: Clicking on Actor (context menu): StaticMeshActor (Group85_2)
[2022.03.09-12.13.24:780][  3]LogEditorViewport: Clicking on Actor (LMB): StaticMeshActor (Group79_4)
[2022.03.09-12.13.34:860][595]EditorErrors: New page: Actor attachment
[2022.03.09-12.13.51:175][559]LogEditorViewport: Clicking on Actor (LMB): StaticMeshActor (Group81_2)
[2022.03.09-12.14.10:790][695]LogEditorViewport: Clicking on Actor (LMB): CabinetLeft_C (topRow03)
[2022.03.09-12.14.21:067][293]LogEditorViewport: Clicking on Actor (LMB): CabinetLeft_C (CabinetLeft2)
[2022.03.09-12.14.38:518][337]LogEditorViewport: Clicking on Actor (LMB): CabinetLeft_C (CabinetLeft2)
[2022.03.09-12.15.24:214][ 61]EditorErrors: New page: Actor attachment
[2022.03.09-12.15.31:986][522]LogEditorViewport: Clicking on Actor (LMB): StaticMeshActor (Group84_2)
[2022.03.09-12.15.35:237][709]LogEditorViewport: Clicking on Actor (LMB): StaticMeshActor (Group83_2)
[2022.03.09-12.15.38:973][925]LogEditorViewport: Clicking on Actor (LMB): CabinetLeft_C (topRow04)
[2022.03.09-12.15.42:349][120]LogEditorViewport: Clicking on Actor (LMB): StaticMeshActor (Group84_2)
[2022.03.09-12.15.47:723][434]LogEditorViewport: Clicking on Actor (LMB): StaticMeshActor (Group83_2)
[2022.03.09-12.16.59:947][692]LogEditorViewport: Clicking on Actor (LMB): StaticMeshActor (Group80_2)
[2022.03.09-12.17.10:026][284]LogEditorViewport: Clicking on Actor (LMB): StaticMeshActor (Group80_2)
[2022.03.09-12.17.14:369][541]LogEditorViewport: Clicking on Actor (LMB): CabinetRight_C (CabinetRight)
[2022.03.09-12.17.16:542][669]LogEditorViewport: Clicking on Actor (LMB): StaticMeshActor (Group80_2)
[2022.03.09-12.17.27:001][286]LogEditorViewport: Clicking on Actor (LMB): StaticMeshActor (Group32_3)
[2022.03.09-12.18.18:246][ 22]LogUObjectHash: Compacting FUObjectHashTables data took   8.66ms
[2022.03.09-12.18.19:658][ 22]LogSavePackage: Moving 'C:/Users/qwe_o/P8ToBeAnnounced/P8_VR_Home/Saved/VRTemplateMap_Auto23ADC5CDA4B77B131178A99BA307E1DDA.tmp' to 'C:/Users/qwe_o/P8ToBeAnnounced/P8_VR_Home/Saved/Autosaves/Game/VRTemplate/Maps/VRTemplateMap_Auto2.umap'
[2022.03.09-12.18.19:666][ 22]LogFileHelpers: Editor autosave (incl. external actors) for '/Game/VRTemplate/Maps/VRTemplateMap' took 1.541
[2022.03.09-12.18.19:666][ 22]LogFileHelpers: Editor autosave (incl. sublevels & external actors) for all levels took 1.541
[2022.03.09-12.18.43:556][363]LogEditorViewport: Clicking on Actor (LMB): StaticMeshActor (Group82_2)
[2022.03.09-12.18.45:365][461]LogEditorViewport: Clicking on Actor (LMB): CabinetRight_C (CabinetRight2)
[2022.03.09-12.19.01:205][399]LogEditorViewport: Clicking on Actor (LMB): CabinetLeft_C (topRow04)
[2022.03.09-12.19.03:351][523]LogEditorViewport: Clicking on Actor (LMB): CabinetLeft_C (topRow04)
[2022.03.09-12.19.03:867][553]LogEditorViewport: Clicking on Actor (LMB): CabinetLeft_C (topRow03)
[2022.03.09-12.19.09:099][858]LogEditorViewport: Clicking on Actor (LMB): StaticMeshActor (MainShelf)
[2022.03.09-12.19.09:681][888]LogEditorViewport: Clicking on Actor (LMB): CabinetRight_C (topRow02)
[2022.03.09-12.19.11:609][  1]LogEditorViewport: Clicking on Actor (LMB): CabinetRight_C (topRow02)
[2022.03.09-12.19.12:793][ 66]LogEditorViewport: Clicking on Actor (LMB): CabinetLeft_C (topRow01)
[2022.03.09-12.19.13:898][128]LogEditorViewport: Clicking on Actor (LMB): CabinetRight_C (topRow02)
[2022.03.09-12.19.15:584][227]LogEditorViewport: Clicking on Actor (LMB): StaticMeshActor (Group88_5)
[2022.03.09-12.19.20:228][498]LogEditorViewport: Clicking on Actor (LMB): CabinetRight_C (CabinetRight2)
[2022.03.09-12.19.28:565][991]LogEditorViewport: Clicking on Actor (LMB): StaticMeshActor (Group82_2)
[2022.03.09-12.19.43:699][860]LogEditorViewport: Clicking on Actor (LMB): StaticMeshActor (MainShelf)
[2022.03.09-12.20.04:739][106]LogEditorViewport: Clicking on Actor (LMB): CabinetRight_C (CabinetRight3)
[2022.03.09-12.20.07:653][278]LogEditorViewport: Clicking on Actor (LMB): StaticMeshActor (MainShelf)
[2022.03.09-12.20.18:796][923]LogEditorViewport: Clicking on Actor (LMB): CabinetRight_C (CabinetRight2)
[2022.03.09-12.20.25:359][298]LogEditorViewport: Clicking on Actor (LMB): CabinetLeft_C (topRow04)
[2022.03.09-12.20.47:395][587]LogEditorViewport: Clicking on Actor (LMB): StaticMeshActor (Group91_10)
[2022.03.09-12.20.52:193][866]LogEditorViewport: Clicking on Actor (LMB): CabinetLeft_C (CabinetLeft2)
[2022.03.09-12.20.57:542][174]Cmd: CAMERA ALIGN ACTIVEVIEWPORTONLY
[2022.03.09-12.21.17:121][320]LogEditorViewport: Clicking on Actor (LMB): CabinetRight_C (CabinetRight2)
[2022.03.09-12.21.27:036][903]LogEditorViewport: Clicking on Actor (LMB): CabinetRight_C (CabinetRight3)
[2022.03.09-12.21.38:274][564]EditorErrors: New page: Actor attachment
[2022.03.09-12.21.56:756][634]LogEditorViewport: Clicking on Actor (LMB): StaticMeshActor (Group91_10)
[2022.03.09-12.22.02:169][949]LogEditorViewport: Clicking on Actor (LMB): CabinetLeft_C (toiletLeft)
[2022.03.09-12.22.21:001][938]Cmd: TRANSACTION UNDO
[2022.03.09-12.22.21:001][938]LogEditorTransaction: Undo Move Components
[2022.03.09-12.22.53:714][734]LogEditorViewport: Clicking on Component (LMB): StaticMeshComponent (Group_70)
[2022.03.09-12.23.45:435][651]LogEditorViewport: Clicking on Component (LMB): StaticMeshComponent (Group_70)
[2022.03.09-12.23.46:668][722]LogEditorViewport: Clicking on Component (LMB): StaticMeshComponent (Group_70)
[2022.03.09-12.23.49:131][864]LogEditorViewport: Clicking on Actor (LMB): StaticMeshActor (Group91_10)
[2022.03.09-12.23.59:100][447]Cmd: TRANSACTION UNDO
[2022.03.09-12.23.59:100][447]LogEditorTransaction: Undo Move Actors
[2022.03.09-12.24.10:336][ 92]LogEditorViewport: Clicking on Actor (LMB): StaticMeshActor (Group17_2)
[2022.03.09-12.24.22:501][808]LogEditorViewport: Clicking on Actor (LMB): CabinetLeft_C (toiletLeft)
[2022.03.09-12.24.26:495][ 33]EditorErrors: New page: Actor attachment
[2022.03.09-12.24.31:470][317]LogEditorViewport: Clicking on Actor (LMB): CabinetLeft_C (toiletLeft)
[2022.03.09-12.24.32:595][383]LogEditorViewport: Clicking on Actor (LMB): StaticMeshActor (Group85_2)
[2022.03.09-12.24.33:213][417]LogEditorViewport: Clicking on Actor (LMB): StaticMeshActor (Group85_2)
[2022.03.09-12.26.29:604][850]LogEditorViewport: Clicking on Actor (LMB): StaticMeshActor (Group85_2)
[2022.03.09-12.26.37:147][165]LogEditorViewport: Clicking on Actor (LMB): CabinetLeft_C (toiletLeft)
[2022.03.09-12.26.39:417][266]LogEditorViewport: Clicking on Actor (LMB): CabinetRight_C (CabinetRight)
[2022.03.09-12.26.53:018][922]EditorErrors: New page: Actor attachment
[2022.03.09-12.27.34:136][371]Cmd: OBJ SAVEPACKAGE PACKAGE="/Game/VRTemplate/Maps/VRTemplateMap" FILE="C:/Users/qwe_o/P8ToBeAnnounced/P8_VR_Home/Content/VRTemplate/Maps/VRTemplateMap.umap" SILENT=true AUTOSAVING=false KEEPDIRTY=false
[2022.03.09-12.27.34:516][371]LogUObjectHash: Compacting FUObjectHashTables data took   4.50ms
[2022.03.09-12.27.35:904][371]LogSavePackage: Moving 'C:/Users/qwe_o/P8ToBeAnnounced/P8_VR_Home/Saved/VRTemplateMap8A4396B747CFFE1A98F6A79708360EDB.tmp' to 'C:/Users/qwe_o/P8ToBeAnnounced/P8_VR_Home/Content/VRTemplate/Maps/VRTemplateMap.umap'
[2022.03.09-12.27.35:943][371]Cmd: OBJ SAVEPACKAGE PACKAGE="/Game/VRTemplate/Maps/VRTemplateMap_BuiltData" FILE="C:/Users/qwe_o/P8ToBeAnnounced/P8_VR_Home/Content/VRTemplate/Maps/VRTemplateMap_BuiltData.uasset" SILENT=true
[2022.03.09-12.27.39:416][371]LogSavePackage: Moving 'C:/Users/qwe_o/P8ToBeAnnounced/P8_VR_Home/Saved/VRTemplateMap_BuiltDataC22BE1CF4D35E867CEEE628033BB6118.tmp' to 'C:/Users/qwe_o/P8ToBeAnnounced/P8_VR_Home/Content/VRTemplate/Maps/VRTemplateMap_BuiltData.uasset'
[2022.03.09-12.27.39:459][371]AssetCheck: New page: Asset Save: multiple assets
[2022.03.09-12.27.39:459][371]LogContentValidation: Display: Validating MapBuildDataRegistry /Game/VRTemplate/Maps/VRTemplateMap_BuiltData.VRTemplateMap_BuiltData
[2022.03.09-12.27.39:459][371]LogContentValidation: Display: Validating World /Game/VRTemplate/Maps/VRTemplateMap.VRTemplateMap
[2022.03.09-12.28.27:854][780]LogEditorViewport: Clicking on Actor (LMB): StaticMeshActor (Group88_5)
[2022.03.09-12.28.57:612][928]LogEditorViewport: Clicking on Actor (LMB): CabinetLeft_C (CabinetLeft2)
[2022.03.09-12.30.59:055][ 89]EditorErrors: New page: Actor attachment
[2022.03.09-12.31.11:905][590]LogEditorViewport: Clicking on Actor (LMB): StaticMeshActor (Group90_6)
[2022.03.09-12.31.13:638][651]LogEditorViewport: Clicking on Actor (LMB): CabinetLeft_C (sink)
[2022.03.09-12.31.16:410][754]LogEditorViewport: Clicking on Actor (LMB): CabinetLeft_C (sink)
[2022.03.09-12.31.53:932][356]LogEditorViewport: Clicking on Actor (LMB): StaticMeshActor (Group84_2)
[2022.03.09-12.32.02:147][674]LogEditorViewport: Clicking on Actor (LMB): CabinetLeft_C (topRow03)
[2022.03.09-12.32.04:577][767]LogEditorViewport: Clicking on Actor (LMB): CabinetLeft_C (topRow03)
[2022.03.09-12.32.05:239][793]LogEditorViewport: Clicking on Actor (LMB): CabinetRight_C (topRow02)
[2022.03.09-12.32.30:730][661]LogEditorViewport: Clicking on Actor (LMB): StaticMeshActor (Group90_6)
[2022.03.09-12.32.41:094][982]LogEditorViewport: Clicking on Actor (LMB): StaticMeshActor (Group90_6)
[2022.03.09-12.32.43:383][ 59]LogEditorViewport: Clicking on Actor (LMB): CabinetLeft_C (CabinetLeft2)
[2022.03.09-12.33.18:689][439]LogEditorViewport: Clicking on Actor (LMB): StaticMeshActor (MainShelf)
[2022.03.09-12.33.19:948][488]LogEditorViewport: Clicking on Actor (LMB): CabinetLeft_C (CabinetLeft2)
[2022.03.09-12.33.25:681][719]LogEditorViewport: Clicking on Actor (LMB): StaticMeshActor (Group90_6)
[2022.03.09-12.33.29:819][879]LogEditorViewport: Clicking on Actor (LMB): CabinetLeft_C (CabinetLeft2)
[2022.03.09-12.33.44:578][471]LogEditorViewport: Clicking on Actor (LMB): StaticMeshActor (Group84_2)
[2022.03.09-12.33.55:816][978]LogEditorViewport: Clicking on Actor (LMB): StaticMeshActor (Group86_3)
[2022.03.09-12.34.18:895][789]EditorErrors: New page: Actor attachment
[2022.03.09-12.34.24:822][988]LogEditorViewport: Clicking on Actor (LMB): StaticMeshActor (Group86_3)
[2022.03.09-12.34.25:767][ 16]LogEditorViewport: Clicking on Actor (LMB): StaticMeshActor (Group84_2)
[2022.03.09-12.34.41:457][526]LogEditorViewport: Clicking on Actor (LMB): StaticMeshActor (Group84_2)
[2022.03.09-12.34.43:579][598]LogEditorViewport: Clicking on Actor (LMB): CabinetRight_C (CabinetRight)
[2022.03.09-12.37.57:408][376]LogEditorViewport: Clicking on Component (LMB): StaticMeshComponent (Group_70)
[2022.03.09-12.37.59:359][459]LogEditorViewport: Clicking on Component (LMB): StaticMeshComponent (Group_70)
[2022.03.09-12.38.01:217][510]LogEditorViewport: Clicking on Actor (LMB): StaticMeshActor (Group84_2)
[2022.03.09-12.38.05:916][671]LogEditorViewport: Clicking on Actor (LMB): CabinetRight_C (CabinetRight)
[2022.03.09-12.38.16:392][ 30]LogEditorViewport: Clicking on Actor (LMB): CabinetLeft_C (sink)
[2022.03.09-12.38.17:551][ 68]LogEditorViewport: Clicking on Actor (LMB): CabinetRight_C (CabinetRight)
[2022.03.09-12.38.38:173][865]EditorErrors: New page: Actor attachment
[2022.03.09-12.38.55:271][542]LogEditorViewport: Clicking on Actor (LMB): StaticMeshActor (Group86_3)
[2022.03.09-12.39.01:585][801]LogEditorViewport: Clicking on Actor (LMB): CabinetLeft_C (sink)
[2022.03.09-12.39.04:038][907]LogEditorViewport: Clicking on Actor (LMB): CabinetLeft_C (sink)
[2022.03.09-12.39.09:427][103]LogEditorViewport: Clicking on Actor (LMB): CabinetRight_C (fridgeAbove)
[2022.03.09-12.39.17:480][405]LogEditorViewport: Clicking on Actor (LMB): StaticMeshActor (Group86_3)
[2022.03.09-12.41.04:534][365]LogEditorViewport: Clicking on Actor (LMB): StaticMeshActor (Group86_3)
[2022.03.09-12.41.07:932][483]LogEditorViewport: Clicking on Actor (LMB): CabinetRight_C (CabinetRight)
[2022.03.09-12.41.38:800][769]EditorErrors: New page: Actor attachment
[2022.03.09-12.42.04:526][805]LogEditorViewport: Clicking on Actor (LMB): StaticMeshActor (Group80_2)
[2022.03.09-12.42.07:477][889]LogEditorViewport: Clicking on Actor (LMB): StaticMeshActor (Group1_3)
[2022.03.09-12.42.20:164][438]LogEditorViewport: Clicking on Actor (LMB): StaticMeshActor (Group1_3)
[2022.03.09-12.44.59:344][127]LogEditorViewport: Clicking on Actor (LMB): StaticMeshActor (Group1_3)
[2022.03.09-12.45.03:290][280]LogEditorViewport: Clicking on Actor (LMB): CabinetRight_C (wardrobe)
[2022.03.09-12.45.09:456][494]Cmd: OBJ SAVEPACKAGE PACKAGE="/Game/VRTemplate/Maps/VRTemplateMap" FILE="C:/Users/qwe_o/P8ToBeAnnounced/P8_VR_Home/Content/VRTemplate/Maps/VRTemplateMap.umap" SILENT=true AUTOSAVING=false KEEPDIRTY=false
[2022.03.09-12.45.09:538][494]LogUObjectHash: Compacting FUObjectHashTables data took   5.60ms
[2022.03.09-12.45.11:042][494]LogSavePackage: Moving 'C:/Users/qwe_o/P8ToBeAnnounced/P8_VR_Home/Saved/VRTemplateMap8D76EAC143D7F2D0A513768285FAE2C2.tmp' to 'C:/Users/qwe_o/P8ToBeAnnounced/P8_VR_Home/Content/VRTemplate/Maps/VRTemplateMap.umap'
[2022.03.09-12.45.11:076][494]Cmd: OBJ SAVEPACKAGE PACKAGE="/Game/VRTemplate/Maps/VRTemplateMap_BuiltData" FILE="C:/Users/qwe_o/P8ToBeAnnounced/P8_VR_Home/Content/VRTemplate/Maps/VRTemplateMap_BuiltData.uasset" SILENT=true
[2022.03.09-12.45.14:442][494]LogSavePackage: Moving 'C:/Users/qwe_o/P8ToBeAnnounced/P8_VR_Home/Saved/VRTemplateMap_BuiltDataC31BCBC84C6E5F4FD71153802CE7B322.tmp' to 'C:/Users/qwe_o/P8ToBeAnnounced/P8_VR_Home/Content/VRTemplate/Maps/VRTemplateMap_BuiltData.uasset'
[2022.03.09-12.45.14:491][494]AssetCheck: New page: Asset Save: multiple assets
[2022.03.09-12.45.14:491][494]LogContentValidation: Display: Validating MapBuildDataRegistry /Game/VRTemplate/Maps/VRTemplateMap_BuiltData.VRTemplateMap_BuiltData
[2022.03.09-12.45.14:491][494]LogContentValidation: Display: Validating World /Game/VRTemplate/Maps/VRTemplateMap.VRTemplateMap
[2022.03.09-12.45.42:894][323]LogEditorViewport: Clicking on Actor (LMB): StaticMeshActor (Group_590_2)
[2022.03.09-12.45.45:884][369]LogEditorViewport: Clicking on Actor (LMB): BP_Sky_Sphere_C (SkySpherePC2)
[2022.03.09-12.45.59:283][572]Cmd: CAMERA ALIGN ACTIVEVIEWPORTONLY
[2022.03.09-12.46.05:664][875]Cmd: CAMERA ALIGN ACTIVEVIEWPORTONLY
[2022.03.09-12.46.08:022][922]Cmd: CAMERA ALIGN ACTIVEVIEWPORTONLY
[2022.03.09-12.46.11:537][ 89]Cmd: CAMERA ALIGN ACTIVEVIEWPORTONLY
[2022.03.09-12.46.14:706][193]Cmd: CAMERA ALIGN ACTIVEVIEWPORTONLY
[2022.03.09-12.46.49:133][523]LogEditorViewport: Clicking on Actor (LMB): CabinetRight_C (topRow02)
[2022.03.09-12.47.08:929][279]EditorErrors: New page: Actor attachment
[2022.03.09-12.47.19:827][750]Cmd: CAMERA ALIGN ACTIVEVIEWPORTONLY
[2022.03.09-12.47.52:169][327]Cmd: TRANSACTION UNDO
[2022.03.09-12.47.52:169][327]LogEditorTransaction: Undo Edit Visible
[2022.03.09-12.47.53:006][359]Cmd: TRANSACTION UNDO
[2022.03.09-12.47.53:006][359]LogEditorTransaction: Undo Move Actors
[2022.03.09-12.47.53:753][375]Cmd: TRANSACTION UNDO
[2022.03.09-12.47.53:753][375]LogEditorTransaction: Undo Move Actors
[2022.03.09-12.47.54:480][404]Cmd: TRANSACTION UNDO
[2022.03.09-12.47.54:480][404]LogEditorTransaction: Undo Clicking on Actors
[2022.03.09-12.48.21:148][794]LogEditorViewport: Clicking on Actor (LMB): StaticMeshActor (Group17_2)
[2022.03.09-12.50.16:916][157]LogEditorViewport: Clicking on Actor (LMB): StaticMeshActor (Group17_2)
[2022.03.09-12.50.23:161][340]LogEditorViewport: Clicking on Actor (LMB): StaticMeshActor (Group43_2)
[2022.03.09-12.50.44:718][672]Cmd: TRANSACTION UNDO
[2022.03.09-12.50.44:718][672]LogEditorTransaction: Undo Move Actors
[2022.03.09-12.51.01:054][194]LogEditorViewport: Clicking on Actor (LMB): StaticMeshActor (Group17_2)
[2022.03.09-12.51.20:482][613]Cmd: TRANSACTION UNDO
[2022.03.09-12.51.20:483][613]LogEditorTransaction: Undo Move Actors
[2022.03.09-12.51.23:647][710]LogEditorViewport: Clicking on Actor (LMB): StaticMeshActor (Component_192)
[2022.03.09-12.51.24:880][724]LogEditorViewport: Clicking on Actor (LMB): StaticMeshActor (Group82_4)
[2022.03.09-12.51.26:901][749]LogEditorViewport: Clicking on Actor (LMB): Actor (mainDoor)
[2022.03.09-12.51.35:491][886]Cmd: TRANSACTION UNDO
[2022.03.09-12.51.35:491][886]LogEditorTransaction: Undo Move Actors
[2022.03.09-12.52.10:645][484]LogEditorViewport: Clicking on Actor (LMB): StaticMeshActor (Group43_2)
[2022.03.09-12.53.08:092][481]LogEditorViewport: Clicking on Actor (LMB): StaticMeshActor (Group17_2)
[2022.03.09-12.53.09:278][495]LogEditorViewport: Clicking on Actor (LMB): StaticMeshActor (door)
[2022.03.09-12.53.49:583][860]Cmd: TRANSACTION UNDO
[2022.03.09-12.53.49:584][860]LogEditorTransaction: Undo Move Actors
[2022.03.09-12.53.50:261][883]Cmd: TRANSACTION UNDO
[2022.03.09-12.53.50:261][883]LogEditorTransaction: Undo Move Actors
[2022.03.09-12.54.06:388][149]Cmd: TRANSACTION UNDO
[2022.03.09-12.54.06:388][149]LogEditorTransaction: Undo Move Actors
[2022.03.09-12.55.19:684][848]Cmd: TRANSACTION UNDO
[2022.03.09-12.55.19:684][848]LogEditorTransaction: Undo Move Actors
[2022.03.09-12.56.33:602][720]Cmd: TRANSACTION UNDO
[2022.03.09-12.56.33:602][720]LogEditorTransaction: Undo Change Individual Channel
[2022.03.09-12.56.34:053][730]Cmd: TRANSACTION UNDO
[2022.03.09-12.56.34:053][730]LogEditorTransaction: Undo Change Individual Channel
[2022.03.09-12.56.34:373][746]Cmd: TRANSACTION UNDO
[2022.03.09-12.56.34:373][746]LogEditorTransaction: Undo Change Individual Channel
[2022.03.09-12.56.34:622][758]Cmd: TRANSACTION UNDO
[2022.03.09-12.56.34:622][758]LogEditorTransaction: Undo Change Individual Channel
[2022.03.09-12.56.34:917][761]Cmd: TRANSACTION UNDO
[2022.03.09-12.56.34:917][761]LogEditorTransaction: Undo Change Individual Channel
[2022.03.09-12.56.35:253][770]Cmd: TRANSACTION UNDO
[2022.03.09-12.56.35:253][770]LogEditorTransaction: Undo Change Individual Channel
[2022.03.09-12.56.35:490][781]Cmd: TRANSACTION UNDO
[2022.03.09-12.56.35:490][781]LogEditorTransaction: Undo Change Individual Channel
[2022.03.09-12.56.35:763][794]Cmd: TRANSACTION UNDO
[2022.03.09-12.56.35:763][794]LogEditorTransaction: Undo Change Individual Channel
[2022.03.09-12.56.36:138][800]Cmd: TRANSACTION UNDO
[2022.03.09-12.56.36:138][800]LogEditorTransaction: Undo Change Individual Channel
[2022.03.09-12.56.36:496][805]Cmd: TRANSACTION UNDO
[2022.03.09-12.56.36:496][805]LogEditorTransaction: Undo Change Individual Channel
[2022.03.09-12.56.36:843][810]Cmd: TRANSACTION UNDO
[2022.03.09-12.56.36:843][810]LogEditorTransaction: Undo Change Individual Channel
[2022.03.09-12.56.37:117][814]Cmd: TRANSACTION UNDO
[2022.03.09-12.56.37:118][814]LogEditorTransaction: Undo Change Individual Channel
[2022.03.09-12.56.37:468][819]Cmd: TRANSACTION UNDO
[2022.03.09-12.56.37:468][819]LogEditorTransaction: Undo Change Individual Channel
[2022.03.09-12.56.37:746][823]Cmd: TRANSACTION UNDO
[2022.03.09-12.56.37:746][823]LogEditorTransaction: Undo Change Individual Channel
[2022.03.09-12.56.38:077][828]Cmd: TRANSACTION UNDO
[2022.03.09-12.56.38:077][828]LogEditorTransaction: Undo Change Individual Channel
[2022.03.09-12.56.38:339][832]Cmd: TRANSACTION UNDO
[2022.03.09-12.56.38:339][832]LogEditorTransaction: Undo Change Individual Channel
[2022.03.09-12.56.38:626][836]Cmd: TRANSACTION UNDO
[2022.03.09-12.56.38:626][836]LogEditorTransaction: Undo Change Individual Channel
[2022.03.09-12.56.38:919][840]Cmd: TRANSACTION UNDO
[2022.03.09-12.56.38:919][840]LogEditorTransaction: Undo Change Individual Channel
[2022.03.09-12.56.39:225][844]Cmd: TRANSACTION UNDO
[2022.03.09-12.56.39:225][844]LogEditorTransaction: Undo Change Individual Channel
[2022.03.09-12.56.39:609][849]Cmd: TRANSACTION UNDO
[2022.03.09-12.56.39:609][849]LogEditorTransaction: Undo Edit Collision Profile Name
[2022.03.09-12.56.46:767][ 30]LogEditorViewport: Clicking on Actor (LMB): StaticMeshActor (Group38_2)
[2022.03.09-12.57.49:399][127]LogEditorViewport: Clicking on Actor (LMB): StaticMeshActor (wallOuter)
[2022.03.09-12.58.08:816][440]Cmd: TRANSACTION UNDO
[2022.03.09-12.58.08:816][440]LogEditorTransaction: Undo Move Components
[2022.03.09-12.58.09:353][454]Cmd: TRANSACTION UNDO
[2022.03.09-12.58.09:353][454]LogEditorTransaction: Undo Move Components
[2022.03.09-12.58.15:216][566]LogEditorViewport: Clicking on Actor (LMB): StaticMeshActor (Group43_2)
[2022.03.09-12.58.28:837][849]Cmd: TRANSACTION UNDO
[2022.03.09-12.58.28:837][849]LogEditorTransaction: Undo Move Actors
[2022.03.09-12.58.29:319][860]Cmd: TRANSACTION UNDO
[2022.03.09-12.58.29:319][860]LogEditorTransaction: Undo Move Actors
[2022.03.09-12.58.44:248][178]Cmd: TRANSACTION UNDO
[2022.03.09-12.58.44:248][178]LogEditorTransaction: Undo Move Actors
[2022.03.09-12.59.18:604][822]LogUObjectHash: Compacting FUObjectHashTables data took   5.27ms
[2022.03.09-12.59.20:060][822]LogSavePackage: Moving 'C:/Users/qwe_o/P8ToBeAnnounced/P8_VR_Home/Saved/VRTemplateMap_Auto3A07726144E2A6E76426E77ADBF082F7C.tmp' to 'C:/Users/qwe_o/P8ToBeAnnounced/P8_VR_Home/Saved/Autosaves/Game/VRTemplate/Maps/VRTemplateMap_Auto3.umap'
[2022.03.09-12.59.20:069][822]LogFileHelpers: Editor autosave (incl. external actors) for '/Game/VRTemplate/Maps/VRTemplateMap' took 1.514
[2022.03.09-12.59.20:069][822]LogFileHelpers: Editor autosave (incl. sublevels & external actors) for all levels took 1.514
[2022.03.09-13.01.12:955][950]LogEditorViewport: Clicking on Actor (LMB): StaticMeshActor (Group17_2)
[2022.03.09-13.01.24:824][296]LogEditorViewport: Clicking on Actor (LMB): StaticMeshActor (Group43_2)
[2022.03.09-13.01.46:236][916]Cmd: TRANSACTION UNDO
[2022.03.09-13.01.46:237][916]LogEditorTransaction: Undo Move Actors
[2022.03.09-13.01.59:076][249]LogEditorViewport: Clicking on Actor (LMB): StaticMeshActor (Group_590_2)
[2022.03.09-13.02.00:319][271]LogEditorViewport: Clicking on Actor (LMB): StaticMeshActor (Group_590_2)
[2022.03.09-13.03.25:787][767]Cmd: TRANSACTION UNDO
[2022.03.09-13.03.25:787][767]LogEditorTransaction: Undo Set Location
[2022.03.09-13.03.43:682][320]Cmd: TRANSACTION UNDO
[2022.03.09-13.03.43:683][320]LogEditorTransaction: Undo Set Location
[2022.03.09-13.04.10:198][181]LogNavigationPoint: PostEditMove Clear paths rebuilt
[2022.03.09-13.04.53:309][132]LogEditorViewport: Clicking on Actor (LMB): StaticMeshActor (door_001)
[2022.03.09-13.05.07:776][501]Cmd: TRANSACTION UNDO
[2022.03.09-13.05.07:776][501]LogEditorTransaction: Undo Move Actors
[2022.03.09-13.08.04:940][148]LogEditorViewport: Clicking on Actor (LMB): StaticMeshActor (frame)
[2022.03.09-13.08.09:465][285]LogEditorViewport: Clicking on Actor (LMB): StaticMeshActor (Group43_2)
[2022.03.09-13.08.21:066][768]LogEditorViewport: Clicking on Actor (LMB): StaticMeshActor (Component_410)
[2022.03.09-13.08.23:681][842]LogEditorViewport: Clicking on Actor (LMB): StaticMeshActor (Group43_2)
[2022.03.09-13.08.36:198][340]LogEditorViewport: Clicking on Actor (LMB): StaticMeshActor (Group_590_2)
[2022.03.09-13.08.48:005][706]LogEditorViewport: Clicking on Actor (LMB): StaticMeshActor (Group17_2)
[2022.03.09-13.08.59:725][ 52]LogEditorViewport: Clicking on Actor (LMB): StaticMeshActor (Group_590_2)
[2022.03.09-13.09.02:171][120]LogEditorViewport: Clicking on Actor (LMB): StaticMeshActor (Group_590_2)
[2022.03.09-13.09.03:104][147]LogEditorViewport: Clicking on Actor (LMB): StaticMeshActor (Group_590_2)
[2022.03.09-13.09.03:636][162]LogEditorViewport: Clicking on Actor (LMB): StaticMeshActor (Group_590_2)
[2022.03.09-13.09.05:683][222]LogEditorViewport: Clicking on Actor (LMB): StaticMeshActor (Group_590_2)
[2022.03.09-13.09.17:268][611]LogEditorViewport: Clicking on Actor (LMB): StaticMeshActor (Group43_2)
[2022.03.09-13.09.38:461][376]LogEditorViewport: Clicking on Actor (LMB): StaticMeshActor (wallOuter)
[2022.03.09-13.09.54:654][863]LogEditorViewport: Clicking on Actor (LMB): StaticMeshActor (Group82_4)
[2022.03.09-13.10.00:447][994]LogEditorViewport: Clicking on Actor (LMB): StaticMeshActor (wallOuter)
[2022.03.09-13.10.02:631][ 46]LogEditorViewport: Clicking on Actor (LMB): StaticMeshActor (Group_590_2)
[2022.03.09-13.10.04:442][ 87]LogEditorViewport: Clicking on Actor (LMB): StaticMeshActor (Group_590_2)
[2022.03.09-13.10.05:122][102]LogEditorViewport: Clicking on Actor (LMB): RecastNavMesh (RecastNavMesh-Default)
[2022.03.09-13.10.08:862][186]LogEditorViewport: Clicking on Actor (LMB): StaticMeshActor (Group_590_2)
[2022.03.09-13.10.18:715][479]LogEditorViewport: Clicking on Actor (LMB): StaticMeshActor (MainShelf)
[2022.03.09-13.10.58:978][373]LogEditorViewport: Clicking on Actor (LMB): StaticMeshActor (Group_590_2)
[2022.03.09-13.11.32:868][557]Cmd: OBJ SAVEPACKAGE PACKAGE="/Game/VRTemplate/Maps/VRTemplateMap" FILE="C:/Users/qwe_o/P8ToBeAnnounced/P8_VR_Home/Content/VRTemplate/Maps/VRTemplateMap.umap" SILENT=true AUTOSAVING=false KEEPDIRTY=false
[2022.03.09-13.11.32:934][557]LogUObjectHash: Compacting FUObjectHashTables data took   5.23ms
[2022.03.09-13.11.34:288][557]LogSavePackage: Moving 'C:/Users/qwe_o/P8ToBeAnnounced/P8_VR_Home/Saved/VRTemplateMap1DBE620F4FF810B41F9D59BC7A447099.tmp' to 'C:/Users/qwe_o/P8ToBeAnnounced/P8_VR_Home/Content/VRTemplate/Maps/VRTemplateMap.umap'
[2022.03.09-13.11.34:312][557]Cmd: OBJ SAVEPACKAGE PACKAGE="/Game/VRTemplate/Maps/VRTemplateMap_BuiltData" FILE="C:/Users/qwe_o/P8ToBeAnnounced/P8_VR_Home/Content/VRTemplate/Maps/VRTemplateMap_BuiltData.uasset" SILENT=true
[2022.03.09-13.11.37:503][557]LogSavePackage: Moving 'C:/Users/qwe_o/P8ToBeAnnounced/P8_VR_Home/Saved/VRTemplateMap_BuiltData92D82B33476AB27D03FB9ABD4B11C65A.tmp' to 'C:/Users/qwe_o/P8ToBeAnnounced/P8_VR_Home/Content/VRTemplate/Maps/VRTemplateMap_BuiltData.uasset'
[2022.03.09-13.11.37:554][557]AssetCheck: New page: Asset Save: multiple assets
[2022.03.09-13.11.37:554][557]LogContentValidation: Display: Validating MapBuildDataRegistry /Game/VRTemplate/Maps/VRTemplateMap_BuiltData.VRTemplateMap_BuiltData
[2022.03.09-13.11.37:554][557]LogContentValidation: Display: Validating World /Game/VRTemplate/Maps/VRTemplateMap.VRTemplateMap
[2022.03.09-13.13.43:756][984]LogEditorViewport: Clicking on Actor (LMB): Actor (mainDoor)
[2022.03.09-13.13.53:464][199]Cmd: TRANSACTION UNDO
[2022.03.09-13.13.53:464][199]LogEditorTransaction: Undo Move Actors
[2022.03.09-13.13.56:211][309]LogEditorViewport: Clicking on Actor (LMB): StaticMeshActor (Group_590_2)
[2022.03.09-13.14.10:691][640]Cmd: TRANSACTION UNDO
[2022.03.09-13.14.10:691][640]LogEditorTransaction: Undo Move Actors
[2022.03.09-13.14.22:502][996]Cmd: TRANSACTION UNDO
[2022.03.09-13.14.22:502][996]LogEditorTransaction: Undo Move Actors
[2022.03.09-13.14.28:938][252]LogEditorViewport: Clicking on Actor (LMB): StaticMeshActor (Group_590_2)
[2022.03.09-13.14.29:518][270]LogEditorViewport: Clicking on Actor (LMB): StaticMeshActor (Group_590_2)
[2022.03.09-13.14.30:000][286]LogEditorViewport: Clicking on Actor (LMB): StaticMeshActor (Group_590_2)
[2022.03.09-13.14.30:449][300]LogEditorViewport: Clicking on Actor (LMB): Actor (Group_614)
[2022.03.09-13.14.31:432][333]LogEditorViewport: Clicking on Actor (LMB): StaticMeshActor (frameright)
[2022.03.09-13.14.53:380][131]LogEditorViewport: Clicking on Actor (LMB): StaticMeshActor (Component_143)
[2022.03.09-13.14.54:532][157]LogEditorViewport: Clicking on Actor (LMB): StaticMeshActor (Component21_2)
[2022.03.09-13.14.58:649][246]LogEditorViewport: Clicking on Actor (LMB): StaticMeshActor (frameleft)
[2022.03.09-13.15.04:573][361]LogEditorViewport: Clicking on Actor (LMB): StaticMeshActor (Component11_3)
[2022.03.09-13.15.11:879][633]Cmd: TRANSACTION UNDO
[2022.03.09-13.15.11:879][633]LogEditorTransaction: Undo Move Actors
[2022.03.09-13.15.12:301][642]Cmd: TRANSACTION UNDO
[2022.03.09-13.15.12:301][642]LogEditorTransaction: Undo Move Actors
[2022.03.09-13.15.17:002][793]LogEditorViewport: Clicking on Actor (LMB): StaticMeshActor (frameleft)
[2022.03.09-13.15.50:460][842]Cmd: CAMERA ALIGN ACTIVEVIEWPORTONLY
[2022.03.09-13.15.52:233][908]Cmd: CAMERA ALIGN ACTIVEVIEWPORTONLY
[2022.03.09-13.15.59:678][190]LogEditorViewport: Clicking on Actor (LMB): StaticMeshActor (Group43_2)
[2022.03.09-13.16.03:370][285]LogEditorViewport: Clicking on Actor (LMB): StaticMeshActor (Group82_4)
[2022.03.09-13.16.08:124][411]LogEditorViewport: Clicking on Actor (LMB): StaticMeshActor (wallOuter)
[2022.03.09-13.16.10:339][492]LogEditorViewport: Clicking on Actor (LMB): StaticMeshActor (Component_376)
[2022.03.09-13.16.11:349][540]LogEditorViewport: Clicking on Actor (LMB): StaticMeshActor (wallOuter)
[2022.03.09-13.16.12:833][615]LogEditorViewport: Clicking on Actor (LMB): StaticMeshActor (wallOuter)
[2022.03.09-13.16.13:372][643]LogEditorViewport: Clicking on Actor (LMB): StaticMeshActor (wallOuter)
[2022.03.09-13.16.15:405][718]LogEditorViewport: Clicking on Actor (LMB): StaticMeshActor (wallOuter)
[2022.03.09-13.16.18:864][878]LogEditorViewport: Clicking on Actor (LMB): PlayerStart (Player Start)
[2022.03.09-13.16.19:794][908]LogEditorViewport: Clicking on Actor (LMB): BP_Sky_Sphere_C (SkySpherePC2)
[2022.03.09-13.16.21:317][963]LogEditorViewport: Clicking on Actor (LMB): BP_Sky_Sphere_C (SkySpherePC2)
[2022.03.09-13.16.21:853][978]LogEditorViewport: Clicking on Actor (LMB): BP_Sky_Sphere_C (SkySpherePC2)
[2022.03.09-13.16.28:002][167]LogEditorViewport: Clicking on Actor (LMB): StaticMeshActor (wallOuter)
[2022.03.09-13.16.42:450][596]LogEditorViewport: Clicking on Actor (LMB): StaticMeshActor (wallOuter)
[2022.03.09-13.17.02:880][219]Cmd: TRANSACTION UNDO
[2022.03.09-13.17.02:881][219]LogEditorTransaction: Undo Move Actors
[2022.03.09-13.17.03:372][230]Cmd: TRANSACTION UNDO
[2022.03.09-13.17.03:372][230]LogEditorTransaction: Undo Move Actors
[2022.03.09-13.17.03:835][272]Cmd: TRANSACTION UNDO
[2022.03.09-13.17.03:836][272]LogEditorTransaction: Undo Clicking on Actors
[2022.03.09-13.17.23:504][874]Cmd: TRANSACTION UNDO
[2022.03.09-13.17.23:505][874]LogEditorTransaction: Undo Move Actors
[2022.03.09-13.17.24:176][903]Cmd: TRANSACTION UNDO
[2022.03.09-13.17.24:176][903]LogEditorTransaction: Undo Clicking on Actors
[2022.03.09-13.18.03:208][ 29]Cmd: TRANSACTION UNDO
[2022.03.09-13.18.03:208][ 29]LogEditorTransaction: Undo Move Actors
[2022.03.09-13.18.04:269][ 59]Cmd: TRANSACTION UNDO
[2022.03.09-13.18.04:269][ 59]LogEditorTransaction: Undo Move Actors
[2022.03.09-13.18.47:705][117]Cmd: CAMERA ALIGN ACTIVEVIEWPORTONLY
[2022.03.09-13.19.45:972][221]Cmd: TRANSACTION UNDO
[2022.03.09-13.19.45:972][221]LogEditorTransaction: Undo Move Actors
[2022.03.09-13.20.23:505][958]Cmd: TRANSACTION UNDO
[2022.03.09-13.20.23:505][958]LogEditorTransaction: Undo Move Actors
[2022.03.09-13.21.47:342][963]Cmd: STAT FPS
[2022.03.09-13.23.58:484][ 85]Cmd: TRANSACTION UNDO
[2022.03.09-13.23.58:484][ 85]LogEditorTransaction: Undo Move Actors
[2022.03.09-13.23.59:359][104]Cmd: TRANSACTION UNDO
[2022.03.09-13.23.59:359][104]LogEditorTransaction: Undo Move Actors
[2022.03.09-13.24.51:698][713]LogUObjectHash: Compacting FUObjectHashTables data took   4.72ms
[2022.03.09-13.24.53:380][713]LogSavePackage: Moving 'C:/Users/qwe_o/P8ToBeAnnounced/P8_VR_Home/Saved/VRTemplateMap_Auto48FA70D6D4E943B35F0BDDE8DE034AB96.tmp' to 'C:/Users/qwe_o/P8ToBeAnnounced/P8_VR_Home/Saved/Autosaves/Game/VRTemplate/Maps/VRTemplateMap_Auto4.umap'
[2022.03.09-13.24.53:389][713]LogFileHelpers: Editor autosave (incl. external actors) for '/Game/VRTemplate/Maps/VRTemplateMap' took 1.745
[2022.03.09-13.24.53:390][713]LogFileHelpers: Editor autosave (incl. sublevels & external actors) for all levels took 1.745
[2022.03.09-13.25.06:517][ 36]Cmd: TRANSACTION UNDO
[2022.03.09-13.25.06:518][ 36]LogEditorTransaction: Undo Move Actors
[2022.03.09-13.25.13:096][232]Cmd: TRANSACTION UNDO
[2022.03.09-13.25.13:096][232]LogEditorTransaction: Undo Move Actors
[2022.03.09-13.25.18:532][406]Cmd: TRANSACTION UNDO
[2022.03.09-13.25.18:532][406]LogEditorTransaction: Undo Move Actors
[2022.03.09-13.25.33:615][915]Cmd: TRANSACTION UNDO
[2022.03.09-13.25.33:615][915]LogEditorTransaction: Undo Move Actors
[2022.03.09-13.25.49:012][380]Cmd: TRANSACTION UNDO
[2022.03.09-13.25.49:012][380]LogEditorTransaction: Undo Move Actors
[2022.03.09-13.25.58:406][640]Cmd: TRANSACTION UNDO
[2022.03.09-13.25.58:406][640]LogEditorTransaction: Undo Move Actors
[2022.03.09-13.26.11:178][ 99]Cmd: TRANSACTION UNDO
[2022.03.09-13.26.11:179][ 99]LogEditorTransaction: Undo Move Actors
[2022.03.09-13.26.17:895][297]Cmd: TRANSACTION UNDO
[2022.03.09-13.26.17:895][297]LogEditorTransaction: Undo Move Actors
[2022.03.09-13.26.24:362][493]Cmd: TRANSACTION UNDO
[2022.03.09-13.26.24:362][493]LogEditorTransaction: Undo Move Actors
[2022.03.09-13.26.28:915][645]Cmd: TRANSACTION UNDO
[2022.03.09-13.26.28:915][645]LogEditorTransaction: Undo Move Actors
[2022.03.09-13.26.35:054][828]Cmd: TRANSACTION UNDO
[2022.03.09-13.26.35:055][828]LogEditorTransaction: Undo Move Actors
[2022.03.09-13.26.42:866][ 54]Cmd: TRANSACTION UNDO
[2022.03.09-13.26.42:866][ 54]LogEditorTransaction: Undo Move Actors
[2022.03.09-13.27.04:982][118]Cmd: TRANSACTION UNDO
[2022.03.09-13.27.04:983][118]LogEditorTransaction: Undo Move Actors
[2022.03.09-13.30.40:110][236]Cmd: TRANSACTION UNDO
[2022.03.09-13.30.40:110][236]LogEditorTransaction: Undo Move Actors
[2022.03.09-13.30.48:342][669]Cmd: TRANSACTION UNDO
[2022.03.09-13.30.48:342][669]LogEditorTransaction: Undo Move Actors
[2022.03.09-13.30.54:638][ 18]Cmd: TRANSACTION UNDO
[2022.03.09-13.30.54:639][ 18]LogEditorTransaction: Undo Move Actors
[2022.03.09-13.30.59:347][257]Cmd: TRANSACTION UNDO
[2022.03.09-13.30.59:347][257]LogEditorTransaction: Undo Move Actors
[2022.03.09-13.31.12:578][  5]Cmd: TRANSACTION UNDO
[2022.03.09-13.31.12:578][  5]LogEditorTransaction: Undo Move Actors
[2022.03.09-13.31.20:201][419]Cmd: TRANSACTION UNDO
[2022.03.09-13.31.20:201][419]LogEditorTransaction: Undo Move Actors
[2022.03.09-13.31.25:288][697]Cmd: TRANSACTION UNDO
[2022.03.09-13.31.25:288][697]LogEditorTransaction: Undo Move Actors
[2022.03.09-13.31.35:591][234]Cmd: TRANSACTION UNDO
[2022.03.09-13.31.35:591][234]LogEditorTransaction: Undo Move Actors
[2022.03.09-13.31.44:241][682]Cmd: TRANSACTION UNDO
[2022.03.09-13.31.44:241][682]LogEditorTransaction: Undo Move Actors
[2022.03.09-13.31.49:046][912]Cmd: TRANSACTION UNDO
[2022.03.09-13.31.49:046][912]LogEditorTransaction: Undo Move Actors
[2022.03.09-13.31.52:555][ 77]Cmd: TRANSACTION UNDO
[2022.03.09-13.31.52:555][ 77]LogEditorTransaction: Undo Move Actors
[2022.03.09-13.31.56:963][293]Cmd: TRANSACTION UNDO
[2022.03.09-13.31.56:963][293]LogEditorTransaction: Undo Move Actors
[2022.03.09-13.32.02:080][546]Cmd: TRANSACTION UNDO
[2022.03.09-13.32.02:080][546]LogEditorTransaction: Undo Move Actors
[2022.03.09-13.32.05:621][706]Cmd: TRANSACTION UNDO
[2022.03.09-13.32.05:621][706]LogEditorTransaction: Undo Move Actors
[2022.03.09-13.32.17:608][332]Cmd: TRANSACTION UNDO
[2022.03.09-13.32.17:609][332]LogEditorTransaction: Undo Move Actors
[2022.03.09-13.32.23:862][657]Cmd: TRANSACTION UNDO
[2022.03.09-13.32.23:862][657]LogEditorTransaction: Undo Move Actors
[2022.03.09-13.32.28:958][906]Cmd: TRANSACTION UNDO
[2022.03.09-13.32.28:958][906]LogEditorTransaction: Undo Move Actors
[2022.03.09-13.32.32:761][ 96]Cmd: TRANSACTION UNDO
[2022.03.09-13.32.32:761][ 96]LogEditorTransaction: Undo Move Actors
[2022.03.09-13.32.37:317][298]Cmd: TRANSACTION UNDO
[2022.03.09-13.32.37:317][298]LogEditorTransaction: Undo Move Actors
[2022.03.09-13.32.52:179][109]Cmd: TRANSACTION UNDO
[2022.03.09-13.32.52:179][109]LogEditorTransaction: Undo Move Actors
[2022.03.09-13.32.58:207][417]Cmd: TRANSACTION UNDO
[2022.03.09-13.32.58:208][417]LogEditorTransaction: Undo Move Actors
[2022.03.09-13.33.03:704][688]Cmd: TRANSACTION UNDO
[2022.03.09-13.33.03:704][688]LogEditorTransaction: Undo Move Actors
[2022.03.09-13.33.07:171][846]Cmd: TRANSACTION UNDO
[2022.03.09-13.33.07:171][846]LogEditorTransaction: Undo Move Actors
[2022.03.09-13.33.22:675][709]Cmd: TRANSACTION UNDO
[2022.03.09-13.33.22:675][709]LogEditorTransaction: Undo Move Actors
[2022.03.09-13.33.34:418][330]Cmd: TRANSACTION UNDO
[2022.03.09-13.33.34:418][330]LogEditorTransaction: Undo Move Actors
[2022.03.09-13.33.43:655][847]Cmd: TRANSACTION UNDO
[2022.03.09-13.33.43:655][847]LogEditorTransaction: Undo Move Actors
[2022.03.09-13.33.52:081][248]Cmd: TRANSACTION UNDO
[2022.03.09-13.33.52:081][248]LogEditorTransaction: Undo Move Actors
[2022.03.09-13.34.02:136][750]Cmd: TRANSACTION UNDO
[2022.03.09-13.34.02:136][750]LogEditorTransaction: Undo Move Actors
[2022.03.09-13.34.18:947][619]Cmd: TRANSACTION UNDO
[2022.03.09-13.34.18:947][619]LogEditorTransaction: Undo Move Actors
[2022.03.09-13.34.25:804][  1]Cmd: TRANSACTION UNDO
[2022.03.09-13.34.25:804][  1]LogEditorTransaction: Undo Move Actors
[2022.03.09-13.34.34:529][465]Cmd: TRANSACTION UNDO
[2022.03.09-13.34.34:529][465]LogEditorTransaction: Undo Move Actors
[2022.03.09-13.34.47:263][175]Cmd: TRANSACTION UNDO
[2022.03.09-13.34.47:263][175]LogEditorTransaction: Undo Move Actors
[2022.03.09-13.34.54:031][557]Cmd: TRANSACTION UNDO
[2022.03.09-13.34.54:032][557]LogEditorTransaction: Undo Move Actors
[2022.03.09-13.34.58:934][794]Cmd: TRANSACTION UNDO
[2022.03.09-13.34.58:934][794]LogEditorTransaction: Undo Move Actors
[2022.03.09-13.35.15:112][675]Cmd: TRANSACTION UNDO
[2022.03.09-13.35.15:112][675]LogEditorTransaction: Undo Move Actors
[2022.03.09-13.35.19:446][902]LogEditorViewport: Clicking on Actor (LMB): Actor (plantgrid)
[2022.03.09-13.35.28:296][420]Cmd: TRANSACTION UNDO
[2022.03.09-13.35.28:297][420]LogEditorTransaction: Undo Move Actors
[2022.03.09-13.35.52:472][751]Cmd: TRANSACTION UNDO
[2022.03.09-13.35.52:473][751]LogEditorTransaction: Undo Move Actors
[2022.03.09-13.35.53:406][789]Cmd: TRANSACTION UNDO
[2022.03.09-13.35.53:406][789]LogEditorTransaction: Undo Clicking on Actors
[2022.03.09-13.35.53:986][820]Cmd: TRANSACTION UNDO
[2022.03.09-13.35.53:986][820]LogEditorTransaction: Undo Move Actors
[2022.03.09-13.36.18:465][186]Cmd: ACTOR BAKEPREPIVOT
[2022.03.09-13.36.23:977][505]Cmd: TRANSACTION UNDO
[2022.03.09-13.36.23:978][505]LogEditorTransaction: Undo Move Actors
[2022.03.09-13.36.46:925][851]LogEditorViewport: Clicking on Actor (LMB): StaticMeshActor (wallOuter)
[2022.03.09-13.37.18:257][680]LogEditorViewport: Clicking on Actor (LMB): Actor (mainDoor)
[2022.03.09-13.37.23:251][970]LogEditorViewport: Clicking on Actor (LMB): Actor (1)
[2022.03.09-13.37.25:173][ 55]Cmd: TRANSACTION UNDO
[2022.03.09-13.37.25:173][ 55]LogEditorTransaction: Undo Move Actors
[2022.03.09-13.37.28:009][181]Cmd: TRANSACTION UNDO
[2022.03.09-13.37.28:009][181]LogEditorTransaction: Undo Move Actors
[2022.03.09-13.37.28:378][199]Cmd: TRANSACTION UNDO
[2022.03.09-13.37.28:378][199]LogEditorTransaction: Undo Clicking on Actors
[2022.03.09-13.37.28:889][226]Cmd: TRANSACTION UNDO
[2022.03.09-13.37.28:889][226]LogEditorTransaction: Undo Move Actors
[2022.03.09-13.37.34:889][577]Cmd: TRANSACTION UNDO
[2022.03.09-13.37.34:889][577]LogEditorTransaction: Undo Move Components
[2022.03.09-13.38.25:851][268]LogUObjectHash: Compacting FUObjectHashTables data took   1.43ms
[2022.03.09-13.38.27:371][268]LogSavePackage: Moving 'C:/Users/qwe_o/P8ToBeAnnounced/P8_VR_Home/Saved/VRTemplateMap_Auto57E3D4F9243EC727D899A1CBB6A36DC0E.tmp' to 'C:/Users/qwe_o/P8ToBeAnnounced/P8_VR_Home/Saved/Autosaves/Game/VRTemplate/Maps/VRTemplateMap_Auto5.umap'
[2022.03.09-13.38.27:384][268]LogFileHelpers: Editor autosave (incl. external actors) for '/Game/VRTemplate/Maps/VRTemplateMap' took 1.865
[2022.03.09-13.38.27:384][268]LogFileHelpers: Editor autosave (incl. sublevels & external actors) for all levels took 1.865
[2022.03.09-13.39.39:681][542]Cmd: TRANSACTION UNDO
[2022.03.09-13.39.39:681][542]LogEditorTransaction: Undo Move Actors
[2022.03.09-13.39.54:720][385]Cmd: TRANSACTION UNDO
[2022.03.09-13.39.54:720][385]LogEditorTransaction: Undo Move Actors
[2022.03.09-13.39.55:215][397]Cmd: TRANSACTION UNDO
[2022.03.09-13.39.55:215][397]LogEditorTransaction: Undo Clicking on Actors
[2022.03.09-13.39.56:085][444]Cmd: TRANSACTION UNDO
[2022.03.09-13.39.56:085][444]LogEditorTransaction: Undo Move Actors
[2022.03.09-13.40.01:026][700]Cmd: TRANSACTION UNDO
[2022.03.09-13.40.01:026][700]LogEditorTransaction: Undo Move Actors
[2022.03.09-13.40.12:301][298]Cmd: TRANSACTION UNDO
[2022.03.09-13.40.12:301][298]LogEditorTransaction: Undo Move Actors
[2022.03.09-13.41.05:264][347]Cmd: TRANSACTION UNDO
[2022.03.09-13.41.05:264][347]LogEditorTransaction: Undo Move Actors
[2022.03.09-13.41.18:739][ 57]Cmd: TRANSACTION UNDO
[2022.03.09-13.41.18:739][ 57]LogEditorTransaction: Undo Move Actors
[2022.03.09-13.41.24:288][335]Cmd: TRANSACTION UNDO
[2022.03.09-13.41.24:288][335]LogEditorTransaction: Undo Move Actors
[2022.03.09-13.41.28:568][557]Cmd: TRANSACTION UNDO
[2022.03.09-13.41.28:568][557]LogEditorTransaction: Undo Move Actors
[2022.03.09-13.41.33:434][809]Cmd: TRANSACTION UNDO
[2022.03.09-13.41.33:434][809]LogEditorTransaction: Undo Move Actors
[2022.03.09-13.41.40:731][151]Cmd: TRANSACTION UNDO
[2022.03.09-13.41.40:731][151]LogEditorTransaction: Undo Move Actors
[2022.03.09-13.41.45:176][373]Cmd: TRANSACTION UNDO
[2022.03.09-13.41.45:177][373]LogEditorTransaction: Undo Move Actors
[2022.03.09-13.41.49:733][577]Cmd: TRANSACTION UNDO
[2022.03.09-13.41.49:733][577]LogEditorTransaction: Undo Move Actors
[2022.03.09-13.41.57:374][955]Cmd: TRANSACTION UNDO
[2022.03.09-13.41.57:374][955]LogEditorTransaction: Undo Move Actors
[2022.03.09-13.42.01:154][119]Cmd: TRANSACTION UNDO
[2022.03.09-13.42.01:154][119]LogEditorTransaction: Undo Move Actors
[2022.03.09-13.42.06:024][347]Cmd: TRANSACTION UNDO
[2022.03.09-13.42.06:024][347]LogEditorTransaction: Undo Move Actors
[2022.03.09-13.42.10:689][583]Cmd: TRANSACTION UNDO
[2022.03.09-13.42.10:689][583]LogEditorTransaction: Undo Move Actors
[2022.03.09-13.42.14:833][756]Cmd: TRANSACTION UNDO
[2022.03.09-13.42.14:833][756]LogEditorTransaction: Undo Move Actors
[2022.03.09-13.42.18:842][930]Cmd: TRANSACTION UNDO
[2022.03.09-13.42.18:842][930]LogEditorTransaction: Undo Move Actors
[2022.03.09-13.42.28:238][420]Cmd: TRANSACTION UNDO
[2022.03.09-13.42.28:238][420]LogEditorTransaction: Undo Move Actors
[2022.03.09-13.42.32:891][634]Cmd: TRANSACTION UNDO
[2022.03.09-13.42.32:891][634]LogEditorTransaction: Undo Move Actors
[2022.03.09-13.42.37:441][862]Cmd: TRANSACTION UNDO
[2022.03.09-13.42.37:441][862]LogEditorTransaction: Undo Move Actors
[2022.03.09-13.42.41:457][ 42]Cmd: TRANSACTION UNDO
[2022.03.09-13.42.41:457][ 42]LogEditorTransaction: Undo Move Actors
[2022.03.09-13.42.47:540][341]Cmd: TRANSACTION UNDO
[2022.03.09-13.42.47:540][341]LogEditorTransaction: Undo Move Actors
[2022.03.09-13.43.05:201][334]Cmd: TRANSACTION UNDO
[2022.03.09-13.43.05:201][334]LogEditorTransaction: Undo Move Actors
[2022.03.09-13.43.10:432][601]Cmd: TRANSACTION UNDO
[2022.03.09-13.43.10:432][601]LogEditorTransaction: Undo Move Actors
[2022.03.09-13.43.39:861][262]Cmd: TRANSACTION UNDO
[2022.03.09-13.43.39:861][262]LogEditorTransaction: Undo Move Actors
[2022.03.09-13.43.40:370][275]Cmd: TRANSACTION UNDO
[2022.03.09-13.43.40:370][275]LogEditorTransaction: Undo Move Actors
[2022.03.09-13.43.50:797][862]Cmd: TRANSACTION UNDO
[2022.03.09-13.43.50:797][862]LogEditorTransaction: Undo Move Actors
[2022.03.09-13.43.55:738][137]Cmd: TRANSACTION UNDO
[2022.03.09-13.43.55:738][137]LogEditorTransaction: Undo Move Actors
[2022.03.09-13.43.59:211][323]Cmd: TRANSACTION UNDO
[2022.03.09-13.43.59:211][323]LogEditorTransaction: Undo Move Actors
[2022.03.09-13.44.01:935][458]Cmd: TRANSACTION UNDO
[2022.03.09-13.44.01:935][458]LogEditorTransaction: Undo Move Actors
[2022.03.09-13.44.05:559][668]Cmd: TRANSACTION UNDO
[2022.03.09-13.44.05:559][668]LogEditorTransaction: Undo Move Actors
[2022.03.09-13.44.17:736][327]Cmd: TRANSACTION UNDO
[2022.03.09-13.44.17:737][327]LogEditorTransaction: Undo Move Actors
[2022.03.09-13.44.36:583][412]Cmd: TRANSACTION UNDO
[2022.03.09-13.44.36:583][412]LogEditorTransaction: Undo Move Actors
[2022.03.09-13.45.24:733][762]Cmd: TRANSACTION UNDO
[2022.03.09-13.45.24:734][762]LogEditorTransaction: Undo Move Actors
[2022.03.09-13.45.29:691][ 12]Cmd: TRANSACTION UNDO
[2022.03.09-13.45.29:691][ 12]LogEditorTransaction: Undo Move Actors
[2022.03.09-13.45.34:463][250]Cmd: TRANSACTION UNDO
[2022.03.09-13.45.34:464][250]LogEditorTransaction: Undo Move Actors
[2022.03.09-13.45.43:202][704]Cmd: TRANSACTION UNDO
[2022.03.09-13.45.43:202][704]LogEditorTransaction: Undo Move Actors
[2022.03.09-13.46.30:271][791]Cmd: TRANSACTION UNDO
[2022.03.09-13.46.30:271][791]LogEditorTransaction: Undo Move Actors
[2022.03.09-13.46.33:913][980]Cmd: TRANSACTION UNDO
[2022.03.09-13.46.33:913][980]LogEditorTransaction: Undo Move Actors
[2022.03.09-13.46.39:238][257]Cmd: TRANSACTION UNDO
[2022.03.09-13.46.39:238][257]LogEditorTransaction: Undo Move Actors
[2022.03.09-13.46.44:941][552]Cmd: TRANSACTION UNDO
[2022.03.09-13.46.44:941][552]LogEditorTransaction: Undo Move Actors
[2022.03.09-13.46.55:924][158]Cmd: TRANSACTION UNDO
[2022.03.09-13.46.55:924][158]LogEditorTransaction: Undo Move Actors
[2022.03.09-13.47.01:250][443]Cmd: TRANSACTION UNDO
[2022.03.09-13.47.01:250][443]LogEditorTransaction: Undo Move Actors
[2022.03.09-13.47.30:642][924]Cmd: TRANSACTION UNDO
[2022.03.09-13.47.30:642][924]LogEditorTransaction: Undo Move Actors
[2022.03.09-13.47.33:510][ 68]Cmd: TRANSACTION UNDO
[2022.03.09-13.47.33:510][ 68]LogEditorTransaction: Undo Move Actors
[2022.03.09-13.47.36:940][258]Cmd: TRANSACTION UNDO
[2022.03.09-13.47.36:940][258]LogEditorTransaction: Undo Move Actors
[2022.03.09-13.47.40:941][461]Cmd: TRANSACTION UNDO
[2022.03.09-13.47.40:941][461]LogEditorTransaction: Undo Move Actors
[2022.03.09-13.47.53:201][129]Cmd: TRANSACTION UNDO
[2022.03.09-13.47.53:201][129]LogEditorTransaction: Undo Move Actors
[2022.03.09-13.48.55:167][635]LogPhysics: Warning: PopulatePhysXGeometryAndTransform(Convex): ConvexElem is missing ConvexMesh
[2022.03.09-13.48.55:167][635]LogPhysics: Warning: ForeachShape(Convex): ScaledElem[0] invalid
[2022.03.09-13.48.55:167][635]LogPhysics: Warning: PopulatePhysXGeometryAndTransform(Convex): ConvexElem is missing ConvexMesh
[2022.03.09-13.48.55:167][635]LogPhysics: Warning: ForeachShape(Convex): ScaledElem[0] invalid
[2022.03.09-13.48.55:168][635]LogPhysics: Warning: PopulatePhysXGeometryAndTransform(Convex): ConvexElem is missing ConvexMesh
[2022.03.09-13.48.55:168][635]LogPhysics: Warning: ForeachShape(Convex): ScaledElem[0] invalid
[2022.03.09-13.48.55:168][635]LogPhysics: Warning: PopulatePhysXGeometryAndTransform(Convex): ConvexElem is missing ConvexMesh
[2022.03.09-13.48.55:168][635]LogPhysics: Warning: ForeachShape(Convex): ScaledElem[0] invalid
[2022.03.09-13.48.55:168][635]LogPhysics: Warning: PopulatePhysXGeometryAndTransform(Convex): ConvexElem is missing ConvexMesh
[2022.03.09-13.48.55:168][635]LogPhysics: Warning: ForeachShape(Convex): ScaledElem[0] invalid
[2022.03.09-13.48.55:169][635]LogPhysics: Warning: PopulatePhysXGeometryAndTransform(Convex): ConvexElem is missing ConvexMesh
[2022.03.09-13.48.55:169][635]LogPhysics: Warning: ForeachShape(Convex): ScaledElem[0] invalid
[2022.03.09-13.48.55:171][635]LogPhysics: Warning: PopulatePhysXGeometryAndTransform(Convex): ConvexElem is missing ConvexMesh
[2022.03.09-13.48.55:171][635]LogPhysics: Warning: ForeachShape(Convex): ScaledElem[0] invalid
[2022.03.09-13.48.55:172][635]LogPhysics: Warning: PopulatePhysXGeometryAndTransform(Convex): ConvexElem is missing ConvexMesh
[2022.03.09-13.48.55:172][635]LogPhysics: Warning: ForeachShape(Convex): ScaledElem[0] invalid
[2022.03.09-13.48.55:172][635]LogPhysics: Warning: PopulatePhysXGeometryAndTransform(Convex): ConvexElem is missing ConvexMesh
[2022.03.09-13.48.55:172][635]LogPhysics: Warning: ForeachShape(Convex): ScaledElem[0] invalid
[2022.03.09-13.48.55:173][635]LogPhysics: Warning: PopulatePhysXGeometryAndTransform(Convex): ConvexElem is missing ConvexMesh
[2022.03.09-13.48.55:173][635]LogPhysics: Warning: ForeachShape(Convex): ScaledElem[0] invalid
[2022.03.09-13.48.55:173][635]LogPhysics: Warning: PopulatePhysXGeometryAndTransform(Convex): ConvexElem is missing ConvexMesh
[2022.03.09-13.48.55:173][635]LogPhysics: Warning: ForeachShape(Convex): ScaledElem[0] invalid
[2022.03.09-13.48.55:173][635]LogPhysics: Warning: PopulatePhysXGeometryAndTransform(Convex): ConvexElem is missing ConvexMesh
[2022.03.09-13.48.55:174][635]LogPhysics: Warning: ForeachShape(Convex): ScaledElem[0] invalid
[2022.03.09-13.48.56:887][734]LogPhysics: Warning: PopulatePhysXGeometryAndTransform(Convex): ConvexElem is missing ConvexMesh
[2022.03.09-13.48.56:887][734]LogPhysics: Warning: ForeachShape(Convex): ScaledElem[0] invalid
[2022.03.09-13.48.56:887][734]LogPhysics: Warning: PopulatePhysXGeometryAndTransform(Convex): ConvexElem is missing ConvexMesh
[2022.03.09-13.48.56:887][734]LogPhysics: Warning: ForeachShape(Convex): ScaledElem[0] invalid
[2022.03.09-13.48.56:888][734]LogPhysics: Warning: PopulatePhysXGeometryAndTransform(Convex): ConvexElem is missing ConvexMesh
[2022.03.09-13.48.56:888][734]LogPhysics: Warning: ForeachShape(Convex): ScaledElem[0] invalid
[2022.03.09-13.48.56:888][734]LogPhysics: Warning: PopulatePhysXGeometryAndTransform(Convex): ConvexElem is missing ConvexMesh
[2022.03.09-13.48.56:888][734]LogPhysics: Warning: ForeachShape(Convex): ScaledElem[0] invalid
[2022.03.09-13.48.56:888][734]LogPhysics: Warning: PopulatePhysXGeometryAndTransform(Convex): ConvexElem is missing ConvexMesh
[2022.03.09-13.48.56:888][734]LogPhysics: Warning: ForeachShape(Convex): ScaledElem[0] invalid
[2022.03.09-13.48.56:888][734]LogPhysics: Warning: PopulatePhysXGeometryAndTransform(Convex): ConvexElem is missing ConvexMesh
[2022.03.09-13.48.56:888][734]LogPhysics: Warning: ForeachShape(Convex): ScaledElem[0] invalid
[2022.03.09-13.48.58:172][811]LogPhysics: Warning: PopulatePhysXGeometryAndTransform(Convex): ConvexElem is missing ConvexMesh
[2022.03.09-13.48.58:172][811]LogPhysics: Warning: ForeachShape(Convex): ScaledElem[0] invalid
[2022.03.09-13.48.58:172][811]LogPhysics: Warning: PopulatePhysXGeometryAndTransform(Convex): ConvexElem is missing ConvexMesh
[2022.03.09-13.48.58:172][811]LogPhysics: Warning: ForeachShape(Convex): ScaledElem[0] invalid
[2022.03.09-13.48.58:172][811]LogPhysics: Warning: PopulatePhysXGeometryAndTransform(Convex): ConvexElem is missing ConvexMesh
[2022.03.09-13.48.58:172][811]LogPhysics: Warning: ForeachShape(Convex): ScaledElem[0] invalid
[2022.03.09-13.48.58:173][811]LogPhysics: Warning: PopulatePhysXGeometryAndTransform(Convex): ConvexElem is missing ConvexMesh
[2022.03.09-13.48.58:173][811]LogPhysics: Warning: ForeachShape(Convex): ScaledElem[0] invalid
[2022.03.09-13.48.58:173][811]LogPhysics: Warning: PopulatePhysXGeometryAndTransform(Convex): ConvexElem is missing ConvexMesh
[2022.03.09-13.48.58:173][811]LogPhysics: Warning: ForeachShape(Convex): ScaledElem[0] invalid
[2022.03.09-13.48.58:173][811]LogPhysics: Warning: PopulatePhysXGeometryAndTransform(Convex): ConvexElem is missing ConvexMesh
[2022.03.09-13.48.58:173][811]LogPhysics: Warning: ForeachShape(Convex): ScaledElem[0] invalid
[2022.03.09-13.49.13:363][683]Cmd: TRANSACTION UNDO
[2022.03.09-13.49.13:363][683]LogEditorTransaction: Undo Move Actors
[2022.03.09-13.49.36:323][988]LogEditorViewport: Clicking on Actor (LMB): Actor (mainDoor)
[2022.03.09-13.49.38:896][139]Cmd: TRANSACTION UNDO
[2022.03.09-13.49.38:896][139]LogEditorTransaction: Undo Move Actors
[2022.03.09-13.49.39:859][179]LogEditorViewport: Clicking on Actor (LMB): Actor (plantgrid)
[2022.03.09-13.49.41:789][287]Cmd: TRANSACTION UNDO
[2022.03.09-13.49.41:789][287]LogEditorTransaction: Undo Move Actors
[2022.03.09-13.49.45:340][482]LogEditorViewport: Clicking on Actor (LMB): Actor (1)
[2022.03.09-13.49.51:506][819]Cmd: TRANSACTION UNDO
[2022.03.09-13.49.51:506][819]LogEditorTransaction: Undo Move Actors
[2022.03.09-13.49.55:654][ 35]Cmd: TRANSACTION UNDO
[2022.03.09-13.49.55:654][ 35]LogEditorTransaction: Undo Clicking on Actors
[2022.03.09-13.49.56:494][ 65]Cmd: TRANSACTION UNDO
[2022.03.09-13.49.56:494][ 65]LogEditorTransaction: Undo Move Actors
[2022.03.09-13.50.15:198][ 66]Cmd: TRANSACTION UNDO
[2022.03.09-13.50.15:198][ 66]LogEditorTransaction: Undo Move Actors
[2022.03.09-13.50.15:661][ 76]Cmd: TRANSACTION UNDO
[2022.03.09-13.50.15:661][ 76]LogEditorTransaction: Undo Move Actors
[2022.03.09-13.50.16:131][100]Cmd: TRANSACTION UNDO
[2022.03.09-13.50.16:131][100]LogEditorTransaction: Undo Move Actors
[2022.03.09-13.53.27:036][775]Cmd: TRANSACTION UNDO
[2022.03.09-13.53.27:036][775]LogEditorTransaction: Undo Move Actors
[2022.03.09-13.53.44:142][669]LogEditorViewport: Clicking on Actor (LMB): StaticMeshActor (Cube3)
[2022.03.09-13.54.15:041][407]LogEditorViewport: Clicking on Actor (LMB): StaticMeshActor (Cube5)
[2022.03.09-13.55.00:657][ 58]Cmd: OBJ SAVEPACKAGE PACKAGE="/Game/VRTemplate/Maps/VRTemplateMap" FILE="C:/Users/qwe_o/P8ToBeAnnounced/P8_VR_Home/Content/VRTemplate/Maps/VRTemplateMap.umap" SILENT=true AUTOSAVING=false KEEPDIRTY=false
[2022.03.09-13.55.00:710][ 58]LogUObjectHash: Compacting FUObjectHashTables data took   1.91ms
[2022.03.09-13.55.02:466][ 58]LogSavePackage: Moving 'C:/Users/qwe_o/P8ToBeAnnounced/P8_VR_Home/Saved/VRTemplateMap8F68E08C46699FAF687048AA5C11CB6D.tmp' to 'C:/Users/qwe_o/P8ToBeAnnounced/P8_VR_Home/Content/VRTemplate/Maps/VRTemplateMap.umap'
[2022.03.09-13.55.02:510][ 58]Cmd: OBJ SAVEPACKAGE PACKAGE="/Game/VRTemplate/Maps/VRTemplateMap_BuiltData" FILE="C:/Users/qwe_o/P8ToBeAnnounced/P8_VR_Home/Content/VRTemplate/Maps/VRTemplateMap_BuiltData.uasset" SILENT=true
[2022.03.09-13.55.06:023][ 58]LogSavePackage: Moving 'C:/Users/qwe_o/P8ToBeAnnounced/P8_VR_Home/Saved/VRTemplateMap_BuiltData63FE436E467CA23C966CEFB515337057.tmp' to 'C:/Users/qwe_o/P8ToBeAnnounced/P8_VR_Home/Content/VRTemplate/Maps/VRTemplateMap_BuiltData.uasset'
[2022.03.09-13.55.06:077][ 58]AssetCheck: New page: Asset Save: multiple assets
[2022.03.09-13.55.06:077][ 58]LogContentValidation: Display: Validating MapBuildDataRegistry /Game/VRTemplate/Maps/VRTemplateMap_BuiltData.VRTemplateMap_BuiltData
[2022.03.09-13.55.06:077][ 58]LogContentValidation: Display: Validating World /Game/VRTemplate/Maps/VRTemplateMap.VRTemplateMap
[2022.03.09-13.55.15:414][578]LogUObjectHash: Compacting FUObjectHashTables data took   2.96ms
[2022.03.09-13.55.15:450][578]Cmd: OBJ SAVEPACKAGE PACKAGE="/Game/Marwa/Shelf/Shelf" FILE="C:/Users/qwe_o/P8ToBeAnnounced/P8_VR_Home/Content/Marwa/Shelf/Shelf.uasset" SILENT=true
[2022.03.09-13.55.15:452][578]LogSavePackage: Moving 'C:/Users/qwe_o/P8ToBeAnnounced/P8_VR_Home/Saved/ShelfB17017724101EC027C776592F7593764.tmp' to 'C:/Users/qwe_o/P8ToBeAnnounced/P8_VR_Home/Content/Marwa/Shelf/Shelf.uasset'
[2022.03.09-13.55.15:454][578]Cmd: OBJ SAVEPACKAGE PACKAGE="/Game/Marwa/Shelf/Group_10" FILE="C:/Users/qwe_o/P8ToBeAnnounced/P8_VR_Home/Content/Marwa/Shelf/Group_10.uasset" SILENT=true
[2022.03.09-13.55.15:465][578]LogSavePackage: Moving 'C:/Users/qwe_o/P8ToBeAnnounced/P8_VR_Home/Saved/Group_10EA03D11540F55EFD114ED0B3F9D42DDA.tmp' to 'C:/Users/qwe_o/P8ToBeAnnounced/P8_VR_Home/Content/Marwa/Shelf/Group_10.uasset'
[2022.03.09-13.55.15:467][578]Cmd: OBJ SAVEPACKAGE PACKAGE="/Game/Marwa/Shelf/Group_30" FILE="C:/Users/qwe_o/P8ToBeAnnounced/P8_VR_Home/Content/Marwa/Shelf/Group_30.uasset" SILENT=true
[2022.03.09-13.55.15:472][578]LogSavePackage: Moving 'C:/Users/qwe_o/P8ToBeAnnounced/P8_VR_Home/Saved/Group_30644FB2324371F27AECDF98A9D2C975BA.tmp' to 'C:/Users/qwe_o/P8ToBeAnnounced/P8_VR_Home/Content/Marwa/Shelf/Group_30.uasset'
[2022.03.09-13.55.15:473][578]Cmd: OBJ SAVEPACKAGE PACKAGE="/Game/Marwa/Shelf/Group_153" FILE="C:/Users/qwe_o/P8ToBeAnnounced/P8_VR_Home/Content/Marwa/Shelf/Group_153.uasset" SILENT=true
[2022.03.09-13.55.15:479][578]LogSavePackage: Moving 'C:/Users/qwe_o/P8ToBeAnnounced/P8_VR_Home/Saved/Group_153289C4DDB410F3FDCC3EFEB9F89BA0F4A.tmp' to 'C:/Users/qwe_o/P8ToBeAnnounced/P8_VR_Home/Content/Marwa/Shelf/Group_153.uasset'
[2022.03.09-13.55.15:482][578]Cmd: OBJ SAVEPACKAGE PACKAGE="/Game/Marwa/Shelf/Group_858" FILE="C:/Users/qwe_o/P8ToBeAnnounced/P8_VR_Home/Content/Marwa/Shelf/Group_858.uasset" SILENT=true
[2022.03.09-13.55.15:487][578]LogSavePackage: Moving 'C:/Users/qwe_o/P8ToBeAnnounced/P8_VR_Home/Saved/Group_85834863EE444B5CA4E6C9F1A9F8B1FF319.tmp' to 'C:/Users/qwe_o/P8ToBeAnnounced/P8_VR_Home/Content/Marwa/Shelf/Group_858.uasset'
[2022.03.09-13.55.15:489][578]Cmd: OBJ SAVEPACKAGE PACKAGE="/Game/Marwa/Shelf/Group_151" FILE="C:/Users/qwe_o/P8ToBeAnnounced/P8_VR_Home/Content/Marwa/Shelf/Group_151.uasset" SILENT=true
[2022.03.09-13.55.15:494][578]LogSavePackage: Moving 'C:/Users/qwe_o/P8ToBeAnnounced/P8_VR_Home/Saved/Group_151778BA05B43ABD9C8231691A3A8771A49.tmp' to 'C:/Users/qwe_o/P8ToBeAnnounced/P8_VR_Home/Content/Marwa/Shelf/Group_151.uasset'
[2022.03.09-13.55.15:496][578]Cmd: OBJ SAVEPACKAGE PACKAGE="/Game/Marwa/Shelf/Group_146" FILE="C:/Users/qwe_o/P8ToBeAnnounced/P8_VR_Home/Content/Marwa/Shelf/Group_146.uasset" SILENT=true
[2022.03.09-13.55.15:504][578]LogSavePackage: Moving 'C:/Users/qwe_o/P8ToBeAnnounced/P8_VR_Home/Saved/Group_146AC10DDFF49391540CAE70795DA8961A5.tmp' to 'C:/Users/qwe_o/P8ToBeAnnounced/P8_VR_Home/Content/Marwa/Shelf/Group_146.uasset'
[2022.03.09-13.55.15:506][578]Cmd: OBJ SAVEPACKAGE PACKAGE="/Game/Marwa/Shelf/Group_150" FILE="C:/Users/qwe_o/P8ToBeAnnounced/P8_VR_Home/Content/Marwa/Shelf/Group_150.uasset" SILENT=true
[2022.03.09-13.55.15:513][578]LogSavePackage: Moving 'C:/Users/qwe_o/P8ToBeAnnounced/P8_VR_Home/Saved/Group_1502C1CD64042D310667C7036B4E6D7A9DC.tmp' to 'C:/Users/qwe_o/P8ToBeAnnounced/P8_VR_Home/Content/Marwa/Shelf/Group_150.uasset'
[2022.03.09-13.55.15:515][578]Cmd: OBJ SAVEPACKAGE PACKAGE="/Game/Marwa/Shelf/Group_156" FILE="C:/Users/qwe_o/P8ToBeAnnounced/P8_VR_Home/Content/Marwa/Shelf/Group_156.uasset" SILENT=true
[2022.03.09-13.55.15:519][578]LogSavePackage: Moving 'C:/Users/qwe_o/P8ToBeAnnounced/P8_VR_Home/Saved/Group_1564ED7709445577EECF5A3CD8E41C64F6E.tmp' to 'C:/Users/qwe_o/P8ToBeAnnounced/P8_VR_Home/Content/Marwa/Shelf/Group_156.uasset'
[2022.03.09-13.55.15:522][578]Cmd: OBJ SAVEPACKAGE PACKAGE="/Game/Marwa/Shelf/Group_158" FILE="C:/Users/qwe_o/P8ToBeAnnounced/P8_VR_Home/Content/Marwa/Shelf/Group_158.uasset" SILENT=true
[2022.03.09-13.55.15:546][578]LogSavePackage: Moving 'C:/Users/qwe_o/P8ToBeAnnounced/P8_VR_Home/Saved/Group_158699C0A794984B25DD079F480F7189C1F.tmp' to 'C:/Users/qwe_o/P8ToBeAnnounced/P8_VR_Home/Content/Marwa/Shelf/Group_158.uasset'
[2022.03.09-13.55.15:549][578]Cmd: OBJ SAVEPACKAGE PACKAGE="/Game/Marwa/Shelf/Group_161" FILE="C:/Users/qwe_o/P8ToBeAnnounced/P8_VR_Home/Content/Marwa/Shelf/Group_161.uasset" SILENT=true
[2022.03.09-13.55.15:554][578]LogSavePackage: Moving 'C:/Users/qwe_o/P8ToBeAnnounced/P8_VR_Home/Saved/Group_1619C8071F742CE86F40C23E490421CA15A.tmp' to 'C:/Users/qwe_o/P8ToBeAnnounced/P8_VR_Home/Content/Marwa/Shelf/Group_161.uasset'
[2022.03.09-13.55.15:555][578]Cmd: OBJ SAVEPACKAGE PACKAGE="/Game/Marwa/Shelf/Group_125" FILE="C:/Users/qwe_o/P8ToBeAnnounced/P8_VR_Home/Content/Marwa/Shelf/Group_125.uasset" SILENT=true
[2022.03.09-13.55.15:561][578]LogSavePackage: Moving 'C:/Users/qwe_o/P8ToBeAnnounced/P8_VR_Home/Saved/Group_125DF928F4B4FD877F11EB7268F36B35BFF.tmp' to 'C:/Users/qwe_o/P8ToBeAnnounced/P8_VR_Home/Content/Marwa/Shelf/Group_125.uasset'
[2022.03.09-13.55.15:563][578]Cmd: OBJ SAVEPACKAGE PACKAGE="/Game/Marwa/Shelf/Group_162" FILE="C:/Users/qwe_o/P8ToBeAnnounced/P8_VR_Home/Content/Marwa/Shelf/Group_162.uasset" SILENT=true
[2022.03.09-13.55.15:569][578]LogSavePackage: Moving 'C:/Users/qwe_o/P8ToBeAnnounced/P8_VR_Home/Saved/Group_162BDE1925048CD5F04E070ED9940877BB0.tmp' to 'C:/Users/qwe_o/P8ToBeAnnounced/P8_VR_Home/Content/Marwa/Shelf/Group_162.uasset'
[2022.03.09-13.55.15:571][578]Cmd: OBJ SAVEPACKAGE PACKAGE="/Game/Marwa/Shelf/Group_163" FILE="C:/Users/qwe_o/P8ToBeAnnounced/P8_VR_Home/Content/Marwa/Shelf/Group_163.uasset" SILENT=true
[2022.03.09-13.55.15:576][578]LogSavePackage: Moving 'C:/Users/qwe_o/P8ToBeAnnounced/P8_VR_Home/Saved/Group_16361882A774279A291A79414923748FC0E.tmp' to 'C:/Users/qwe_o/P8ToBeAnnounced/P8_VR_Home/Content/Marwa/Shelf/Group_163.uasset'
[2022.03.09-13.55.15:578][578]Cmd: OBJ SAVEPACKAGE PACKAGE="/Game/Marwa/Shelf/Group_164" FILE="C:/Users/qwe_o/P8ToBeAnnounced/P8_VR_Home/Content/Marwa/Shelf/Group_164.uasset" SILENT=true
[2022.03.09-13.55.15:584][578]LogSavePackage: Moving 'C:/Users/qwe_o/P8ToBeAnnounced/P8_VR_Home/Saved/Group_16498FD8CF0466C5C58D91CF281F9EA4DD8.tmp' to 'C:/Users/qwe_o/P8ToBeAnnounced/P8_VR_Home/Content/Marwa/Shelf/Group_164.uasset'
[2022.03.09-13.55.15:586][578]Cmd: OBJ SAVEPACKAGE PACKAGE="/Game/Marwa/Shelf/Group_2" FILE="C:/Users/qwe_o/P8ToBeAnnounced/P8_VR_Home/Content/Marwa/Shelf/Group_2.uasset" SILENT=true
[2022.03.09-13.55.15:591][578]LogSavePackage: Moving 'C:/Users/qwe_o/P8ToBeAnnounced/P8_VR_Home/Saved/Group_25B99D53B434481D8AFF38F9909C86876.tmp' to 'C:/Users/qwe_o/P8ToBeAnnounced/P8_VR_Home/Content/Marwa/Shelf/Group_2.uasset'
[2022.03.09-13.55.15:593][578]Cmd: OBJ SAVEPACKAGE PACKAGE="/Game/Marwa/Shelf/Group_70" FILE="C:/Users/qwe_o/P8ToBeAnnounced/P8_VR_Home/Content/Marwa/Shelf/Group_70.uasset" SILENT=true
[2022.03.09-13.55.15:598][578]LogSavePackage: Moving 'C:/Users/qwe_o/P8ToBeAnnounced/P8_VR_Home/Saved/Group_7033B19A1147DD422BB1CA578457093E4C.tmp' to 'C:/Users/qwe_o/P8ToBeAnnounced/P8_VR_Home/Content/Marwa/Shelf/Group_70.uasset'
[2022.03.09-13.55.15:601][578]Cmd: OBJ SAVEPACKAGE PACKAGE="/Game/Marwa/Shelf/Group_166" FILE="C:/Users/qwe_o/P8ToBeAnnounced/P8_VR_Home/Content/Marwa/Shelf/Group_166.uasset" SILENT=true
[2022.03.09-13.55.15:606][578]LogSavePackage: Moving 'C:/Users/qwe_o/P8ToBeAnnounced/P8_VR_Home/Saved/Group_166FE554F8E40AE3BC84A4EE6B2A4B3F384.tmp' to 'C:/Users/qwe_o/P8ToBeAnnounced/P8_VR_Home/Content/Marwa/Shelf/Group_166.uasset'
[2022.03.09-13.55.15:608][578]Cmd: OBJ SAVEPACKAGE PACKAGE="/Game/Marwa/Shelf/Group_3" FILE="C:/Users/qwe_o/P8ToBeAnnounced/P8_VR_Home/Content/Marwa/Shelf/Group_3.uasset" SILENT=true
[2022.03.09-13.55.15:613][578]LogSavePackage: Moving 'C:/Users/qwe_o/P8ToBeAnnounced/P8_VR_Home/Saved/Group_343526E03404B11B7A50F62B24C7B7953.tmp' to 'C:/Users/qwe_o/P8ToBeAnnounced/P8_VR_Home/Content/Marwa/Shelf/Group_3.uasset'
[2022.03.09-13.55.15:616][578]Cmd: OBJ SAVEPACKAGE PACKAGE="/Game/Marwa/Shelf/Group_124" FILE="C:/Users/qwe_o/P8ToBeAnnounced/P8_VR_Home/Content/Marwa/Shelf/Group_124.uasset" SILENT=true
[2022.03.09-13.55.15:621][578]LogSavePackage: Moving 'C:/Users/qwe_o/P8ToBeAnnounced/P8_VR_Home/Saved/Group_124BB354D2F44778433B79264823EF42081.tmp' to 'C:/Users/qwe_o/P8ToBeAnnounced/P8_VR_Home/Content/Marwa/Shelf/Group_124.uasset'
[2022.03.09-13.55.15:670][578]AssetCheck: New page: Asset Save: multiple assets
[2022.03.09-13.55.15:670][578]LogContentValidation: Display: Validating StaticMesh /Game/Marwa/Shelf/Group_162.Group_162
[2022.03.09-13.55.15:670][578]LogContentValidation: Display: Validating StaticMesh /Game/Marwa/Shelf/Group_125.Group_125
[2022.03.09-13.55.15:670][578]LogContentValidation: Display: Validating StaticMesh /Game/Marwa/Shelf/Group_161.Group_161
[2022.03.09-13.55.15:670][578]LogContentValidation: Display: Validating StaticMesh /Game/Marwa/Shelf/Group_158.Group_158
[2022.03.09-13.55.15:670][578]LogContentValidation: Display: Validating StaticMesh /Game/Marwa/Shelf/Group_156.Group_156
[2022.03.09-13.55.15:670][578]LogContentValidation: Display: Validating StaticMesh /Game/Marwa/Shelf/Group_150.Group_150
[2022.03.09-13.55.15:670][578]LogContentValidation: Display: Validating StaticMesh /Game/Marwa/Shelf/Group_146.Group_146
[2022.03.09-13.55.15:670][578]LogContentValidation: Display: Validating StaticMesh /Game/Marwa/Shelf/Group_151.Group_151
[2022.03.09-13.55.15:670][578]LogContentValidation: Display: Validating StaticMesh /Game/Marwa/Shelf/Group_858.Group_858
[2022.03.09-13.55.15:670][578]LogContentValidation: Display: Validating StaticMesh /Game/Marwa/Shelf/Group_153.Group_153
[2022.03.09-13.55.15:670][578]LogContentValidation: Display: Validating StaticMesh /Game/Marwa/Shelf/Group_124.Group_124
[2022.03.09-13.55.15:670][578]LogContentValidation: Display: Validating StaticMesh /Game/Marwa/Shelf/Group_30.Group_30
[2022.03.09-13.55.15:671][578]LogContentValidation: Display: Validating StaticMesh /Game/Marwa/Shelf/Group_10.Group_10
[2022.03.09-13.55.15:671][578]LogContentValidation: Display: Validating StaticMesh /Game/Marwa/Shelf/Group_3.Group_3
[2022.03.09-13.55.15:671][578]LogContentValidation: Display: Validating FbxSceneImportData /Game/Marwa/Shelf/Shelf.Shelf
[2022.03.09-13.55.15:671][578]LogContentValidation: Display: Validating StaticMesh /Game/Marwa/Shelf/Group_166.Group_166
[2022.03.09-13.55.15:671][578]LogContentValidation: Display: Validating StaticMesh /Game/Marwa/Shelf/Group_70.Group_70
[2022.03.09-13.55.15:671][578]LogContentValidation: Display: Validating StaticMesh /Game/Marwa/Shelf/Group_2.Group_2
[2022.03.09-13.55.15:671][578]LogContentValidation: Display: Validating StaticMesh /Game/Marwa/Shelf/Group_164.Group_164
[2022.03.09-13.55.15:671][578]LogContentValidation: Display: Validating StaticMesh /Game/Marwa/Shelf/Group_163.Group_163
