Log file open, 04/05/22 15:20:09
LogWindows: Failed to load 'aqProf.dll' (GetLastError=126)
LogWindows: File 'aqProf.dll' does not exist
LogWindows: Failed to load 'VtuneApi.dll' (GetLastError=126)
LogWindows: File 'VtuneApi.dll' does not exist
LogWindows: Failed to load 'VtuneApi32e.dll' (GetLastError=126)
LogWindows: File 'VtuneApi32e.dll' does not exist
LogConsoleResponse: Display: Failed to find resolution value strings in scalability ini. Falling back to default.
LogConsoleResponse: Display: Failed to find resolution value strings in scalability ini. Falling back to default.
LogInit: Display: Running engine for game: P8_VR_Home
LogPlatformFile: Not using cached read wrapper
LogTaskGraph: Started task graph with 5 named threads and 35 total threads with 3 sets of task threads.
LogStats: Stats thread started at 0.191993
LogICUInternationalization: ICU TimeZone Detection - Raw Offset: +1:00, Platform Override: ''
LogInit: Display: Loading text-based GConfig....
LogPluginManager: Mounting plugin MeshPainting
LogPluginManager: Mounting plugin XGEController
LogPluginManager: Mounting plugin Paper2D
LogPluginManager: Mounting plugin AISupport
LogPluginManager: Mounting plugin EnvironmentQueryEditor
LogPluginManager: Mounting plugin LiveLink
LogPluginManager: Mounting plugin LightPropagationVolume
LogPluginManager: Mounting plugin OodleData
LogPluginManager: Mounting plugin OodleNetwork
LogPluginManager: Mounting plugin AssetManagerEditor
LogPluginManager: Mounting plugin DataValidation
LogPluginManager: Mounting plugin CryptoKeys
LogPluginManager: Mounting plugin CurveEditorTools
LogPluginManager: Mounting plugin EditorScriptingUtilities
LogPluginManager: Mounting plugin FacialAnimation
LogPluginManager: Mounting plugin GameplayTagsEditor
LogPluginManager: Mounting plugin GeometryMode
LogPluginManager: Mounting plugin MacGraphicsSwitching
LogPluginManager: Mounting plugin MaterialAnalyzer
LogPluginManager: Mounting plugin MeshEditor
LogPluginManager: Mounting plugin PluginBrowser
LogPluginManager: Mounting plugin MobileLauncherProfileWizard
LogPluginManager: Mounting plugin SpeedTreeImporter
LogPluginManager: Mounting plugin CameraShakePreviewer
LogPluginManager: Mounting plugin GameplayCameras
LogPluginManager: Mounting plugin Niagara
LogPluginManager: Mounting plugin DataprepEditor
LogPluginManager: Mounting plugin DatasmithContent
LogPluginManager: Mounting plugin DatasmithImporter
LogPluginManager: Mounting plugin StaticMeshEditorExtension
LogPluginManager: Mounting plugin AnimationSharing
LogPluginManager: Mounting plugin VariantManagerContent
LogPluginManager: Mounting plugin CodeLiteSourceCodeAccess
LogPluginManager: Mounting plugin CLionSourceCodeAccess
LogPluginManager: Mounting plugin VariantManager
LogPluginManager: Mounting plugin KDevelopSourceCodeAccess
LogPluginManager: Mounting plugin GitSourceControl
LogPluginManager: Mounting plugin NullSourceCodeAccess
LogPluginManager: Mounting plugin PerforceSourceControl
LogPluginManager: Mounting plugin PropertyAccessNode
LogPluginManager: Mounting plugin PluginUtils
LogPluginManager: Mounting plugin PlasticSourceControl
LogPluginManager: Mounting plugin PixWinPlugin
LogPluginManager: Mounting plugin RiderSourceCodeAccess
LogPluginManager: Mounting plugin SubversionSourceControl
LogPluginManager: Mounting plugin VisualStudioCodeSourceCodeAccess
LogPluginManager: Mounting plugin UObjectPlugin
LogPluginManager: Mounting plugin LuminPlatformFeatures
LogPluginManager: Mounting plugin VisualStudioSourceCodeAccess
LogPluginManager: Mounting plugin XCodeSourceCodeAccess
LogPluginManager: Mounting plugin TextureFormatOodle
LogPluginManager: Mounting plugin MagicLeap
LogPluginManager: Mounting plugin MagicLeapMedia
LogPluginManager: Mounting plugin MagicLeapLightEstimation
LogPluginManager: Mounting plugin MagicLeapPassableWorld
LogPluginManager: Mounting plugin MLSDK
LogPluginManager: Mounting plugin AlembicImporter
LogPluginManager: Mounting plugin AutomationUtils
LogPluginManager: Mounting plugin BlastPlugin
LogPluginManager: Mounting plugin BackChannel
LogPluginManager: Mounting plugin ChaosClothEditor
LogPluginManager: Mounting plugin ChaosEditor
LogPluginManager: Mounting plugin CharacterAI
LogPluginManager: Mounting plugin ChaosSolverPlugin
LogPluginManager: Mounting plugin ChaosCloth
LogPluginManager: Mounting plugin ChaosNiagara
LogPluginManager: Mounting plugin GeometryCache
LogPluginManager: Mounting plugin GeometryCollectionPlugin
LogPluginManager: Mounting plugin AndroidMedia
LogPluginManager: Mounting plugin AvfMedia
LogPluginManager: Mounting plugin ImgMedia
LogPluginManager: Mounting plugin MediaPlayerEditor
LogPluginManager: Mounting plugin MediaCompositing
LogPluginManager: Mounting plugin WebMMedia
LogPluginManager: Mounting plugin WmfMedia
LogPluginManager: Mounting plugin GeometryProcessing
LogPluginManager: Mounting plugin UdpMessaging
LogPluginManager: Mounting plugin OpenImageDenoise
LogPluginManager: Mounting plugin TcpMessaging
LogPluginManager: Mounting plugin MotoSynth
LogPluginManager: Mounting plugin PythonScriptPlugin
LogPluginManager: Mounting plugin PlanarCut
LogPluginManager: Mounting plugin ProxyLODPlugin
LogPluginManager: Mounting plugin PlatformCrypto
LogPluginManager: Mounting plugin ActorSequence
LogPluginManager: Mounting plugin LauncherChunkInstaller
LogPluginManager: Mounting plugin MatineeToLevelSequence
LogPluginManager: Mounting plugin SkeletalReduction
LogPluginManager: Mounting plugin LevelSequenceEditor
LogPluginManager: Mounting plugin TemplateSequence
LogPluginManager: Mounting plugin OnlineSubsystem
LogPluginManager: Mounting plugin OnlineSubsystemNull
LogPluginManager: Mounting plugin OnlineSubsystemUtils
LogPluginManager: Mounting plugin ActorLayerUtilities
LogPluginManager: Mounting plugin AndroidMoviePlayer
LogPluginManager: Mounting plugin AndroidDeviceProfileSelector
LogPluginManager: Mounting plugin AndroidPermission
LogPluginManager: Mounting plugin AppleImageUtils
LogPluginManager: Mounting plugin AppleMoviePlayer
LogPluginManager: Mounting plugin AssetTags
LogPluginManager: Mounting plugin ArchVisCharacter
LogPluginManager: Mounting plugin AudioCapture
LogPluginManager: Mounting plugin AudioSynesthesia
LogPluginManager: Mounting plugin CableComponent
LogPluginManager: Mounting plugin ChunkDownloader
LogPluginManager: Mounting plugin CustomMeshComponent
LogPluginManager: Mounting plugin ExampleDeviceProfileSelector
LogPluginManager: Mounting plugin EditableMesh
LogPluginManager: Mounting plugin GoogleCloudMessaging
LogPluginManager: Mounting plugin GooglePAD
LogPluginManager: Mounting plugin ScreenshotTools
LogPluginManager: Mounting plugin IOSDeviceProfileSelector
LogPluginManager: Mounting plugin LinuxDeviceProfileSelector
LogPluginManager: Mounting plugin MobilePatchingUtils
LogPluginManager: Mounting plugin LocationServicesBPLibrary
LogPluginManager: Mounting plugin OpenXR
LogPluginManager: Mounting plugin OpenXRHandTracking
LogPluginManager: Mounting plugin OpenXREyeTracker
LogPluginManager: Mounting plugin PhysXVehicles
LogPluginManager: Mounting plugin PostSplashScreen
LogPluginManager: Mounting plugin ProceduralMeshComponent
LogPluginManager: Mounting plugin ResonanceAudio
LogPluginManager: Mounting plugin PropertyAccessEditor
LogPluginManager: Mounting plugin SignificanceManager
LogPluginManager: Mounting plugin RuntimePhysXCooking
LogPluginManager: Mounting plugin SoundFields
LogPluginManager: Mounting plugin Synthesis
LogPluginManager: Mounting plugin WebMMoviePlayer
LogPluginManager: Mounting plugin WindowsMoviePlayer
LogPluginManager: Mounting plugin Takes
LogPluginManager: Mounting plugin ContentBrowserClassDataSource
LogPluginManager: Mounting plugin ContentBrowserFileDataSource
LogPluginManager: Mounting plugin ContentBrowserAssetDataSource
LogPluginManager: Mounting plugin OnlineSubsystemGooglePlay
LogPluginManager: Mounting plugin OnlineSubsystemIOS
LogPluginManager: Mounting plugin OculusOpenXR
LogPluginManager: Mounting plugin OculusVR
PixWinPlugin: PIX capture plugin failed to initialize! Check that the process is launched from PIX.
LogInit: Using libcurl 7.55.1-DEV
LogInit:  - built for x86_64-pc-win32
LogInit:  - supports SSL with OpenSSL/1.1.1
LogInit:  - supports HTTP deflate (compression) using libz 1.2.8
LogInit:  - other features:
LogInit:      CURL_VERSION_SSL
LogInit:      CURL_VERSION_LIBZ
LogInit:      CURL_VERSION_IPV6
LogInit:      CURL_VERSION_ASYNCHDNS
LogInit:      CURL_VERSION_LARGEFILE
LogInit:      CURL_VERSION_IDN
LogInit:  CurlRequestOptions (configurable via config and command line):
LogInit:  - bVerifyPeer = true  - Libcurl will verify peer certificate
LogInit:  - bUseHttpProxy = false  - Libcurl will NOT use HTTP proxy
LogInit:  - bDontReuseConnections = false  - Libcurl will reuse connections
LogInit:  - MaxHostConnections = 16  - Libcurl will limit the number of connections to a host
LogInit:  - LocalHostAddr = Default
LogInit:  - BufferSize = 65536
LogOnline: OSS: Creating online subsystem instance for: NULL
LogInit: WinSock: version 1.1 (2.2), MaxSocks=32767, MaxUdp=65467
LogOnline: OSS: TryLoadSubsystemAndSetDefault: Loaded subsystem for module [NULL]
LogOculusPluginWrapper: OculusPlugin initialized successfully
LogHMD: Failed initializing OVRPlugin 1.59.0
LogInit: Build: ++UE4+Release-4.27-CL-18319896
LogInit: Engine Version: 4.27.2-18319896+++UE4+Release-4.27
LogInit: Compatible Engine Version: 4.27.0-17155196+++UE4+Release-4.27
LogInit: Net CL: 17155196
LogInit: OS: Windows 10 (Release 2009) (), CPU: AMD Ryzen 5 5600H with Radeon Graphics         , GPU: NVIDIA GeForce RTX 3070 Laptop GPU
LogInit: Compiled (64-bit): Nov 30 2021 07:12:08
LogInit: Compiled with Visual C++: 19.24.28315.00
LogInit: Build Configuration: Development
LogInit: Branch Name: ++UE4+Release-4.27
LogInit: Command Line:  -EpicPortal -epicusername=qwe_oscar -epicuserid=32bc89cd799e41ec8c630bba4abf8911 -epiclocale=en -epicsandboxid=ue
LogInit: Base Directory: C:/Program Files/Epic Games/UE_4.27/Engine/Binaries/Win64/
LogInit: Allocator: TBB
LogInit: Installed Engine Build: 1
LogDevObjectVersion: Number of dev versions registered: 29
LogDevObjectVersion:   Dev-Blueprints (B0D832E4-1F89-4F0D-ACCF-7EB736FD4AA2): 10
LogDevObjectVersion:   Dev-Build (E1C64328-A22C-4D53-A36C-8E866417BD8C): 0
LogDevObjectVersion:   Dev-Core (375EC13C-06E4-48FB-B500-84F0262A717E): 4
LogDevObjectVersion:   Dev-Editor (E4B068ED-F494-42E9-A231-DA0B2E46BB41): 40
LogDevObjectVersion:   Dev-Framework (CFFC743F-43B0-4480-9391-14DF171D2073): 37
LogDevObjectVersion:   Dev-Mobile (B02B49B5-BB20-44E9-A304-32B752E40360): 3
LogDevObjectVersion:   Dev-Networking (A4E4105C-59A1-49B5-A7C5-40C4547EDFEE): 0
LogDevObjectVersion:   Dev-Online (39C831C9-5AE6-47DC-9A44-9C173E1C8E7C): 0
LogDevObjectVersion:   Dev-Physics (78F01B33-EBEA-4F98-B9B4-84EACCB95AA2): 14
LogDevObjectVersion:   Dev-Platform (6631380F-2D4D-43E0-8009-CF276956A95A): 0
LogDevObjectVersion:   Dev-Rendering (12F88B9F-8875-4AFC-A67C-D90C383ABD29): 45
LogDevObjectVersion:   Dev-Sequencer (7B5AE74C-D270-4C10-A958-57980B212A5A): 13
LogDevObjectVersion:   Dev-VR (D7296918-1DD6-4BDD-9DE2-64A83CC13884): 3
LogDevObjectVersion:   Dev-LoadTimes (C2A15278-BFE7-4AFE-6C17-90FF531DF755): 1
LogDevObjectVersion:   Private-Geometry (6EACA3D4-40EC-4CC1-B786-8BED09428FC5): 3
LogDevObjectVersion:   Dev-AnimPhys (29E575DD-E0A3-4627-9D10-D276232CDCEA): 17
LogDevObjectVersion:   Dev-Anim (AF43A65D-7FD3-4947-9873-3E8ED9C1BB05): 15
LogDevObjectVersion:   Dev-ReflectionCapture (6B266CEC-1EC7-4B8F-A30B-E4D90942FC07): 1
LogDevObjectVersion:   Dev-Automation (0DF73D61-A23F-47EA-B727-89E90C41499A): 1
LogDevObjectVersion:   FortniteMain (601D1886-AC64-4F84-AA16-D3DE0DEAC7D6): 47
LogDevObjectVersion:   FortniteRelease (E7086368-6B23-4C58-8439-1B7016265E91): 1
LogDevObjectVersion:   Dev-Enterprise (9DFFBCD6-494F-0158-E221-12823C92A888): 10
LogDevObjectVersion:   Dev-Niagara (F2AED0AC-9AFE-416F-8664-AA7FFA26D6FC): 1
LogDevObjectVersion:   Dev-Destruction (174F1F0B-B4C6-45A5-B13F-2EE8D0FB917D): 10
LogDevObjectVersion:   Dev-Physics-Ext (35F94A83-E258-406C-A318-09F59610247C): 41
LogDevObjectVersion:   Dev-PhysicsMaterial-Chaos (B68FC16E-8B1B-42E2-B453-215C058844FE): 1
LogDevObjectVersion:   Dev-CineCamera (B2E18506-4273-CFC2-A54E-F4BB758BBA07): 1
LogDevObjectVersion:   Dev-VirtualProduction (64F58936-FD1B-42BA-BA96-7289D5D0FA4E): 1
LogDevObjectVersion:   Dev-MediaFramework (6F0ED827-A609-4895-9C91-998D90180EA4): 2
LogInit: Presizing for max 25165824 objects, including 0 objects not considered by GC, pre-allocating 0 bytes for permanent pool.
LogConfig: Applying CVar settings from Section [/Script/Engine.StreamingSettings] File [C:/Users/qwe_o/Documents/GitHub/P8ToBeAnnounced/P8_VR_Home/Saved/Config/Windows/Engine.ini]
LogConfig: Setting CVar [[s.MinBulkDataSizeForAsyncLoading:131072]]
LogConfig: Setting CVar [[s.AsyncLoadingThreadEnabled:0]]
LogConfig: Setting CVar [[s.EventDrivenLoaderEnabled:1]]
LogConfig: Setting CVar [[s.WarnIfTimeLimitExceeded:0]]
LogConfig: Setting CVar [[s.TimeLimitExceededMultiplier:1.5]]
LogConfig: Setting CVar [[s.TimeLimitExceededMinTime:0.005]]
LogConfig: Setting CVar [[s.UseBackgroundLevelStreaming:1]]
LogConfig: Setting CVar [[s.PriorityAsyncLoadingExtraTime:15.0]]
LogConfig: Setting CVar [[s.LevelStreamingActorsUpdateTimeLimit:5.0]]
LogConfig: Setting CVar [[s.PriorityLevelStreamingActorsUpdateExtraTime:5.0]]
LogConfig: Setting CVar [[s.LevelStreamingComponentsRegistrationGranularity:10]]
LogConfig: Setting CVar [[s.UnregisterComponentsTimeLimit:1.0]]
LogConfig: Setting CVar [[s.LevelStreamingComponentsUnregistrationGranularity:5]]
LogConfig: Setting CVar [[s.FlushStreamingOnExit:1]]
LogInit: Object subsystem initialized
LogConfig: Setting CVar [[con.DebugEarlyDefault:1]]
LogConfig: Setting CVar [[r.setres:1280x720]]
[2022.04.05-13.20.10:125][  0]LogConfig: Setting CVar [[r.VSync:0]]
[2022.04.05-13.20.10:125][  0]LogConfig: Setting CVar [[r.RHICmdBypass:0]]
[2022.04.05-13.20.10:125][  0]LogConfig: Applying CVar settings from Section [/Script/Engine.RendererSettings] File [C:/Users/qwe_o/Documents/GitHub/P8ToBeAnnounced/P8_VR_Home/Saved/Config/Windows/Engine.ini]
[2022.04.05-13.20.10:125][  0]LogConfig: Setting CVar [[r.GPUCrashDebugging:0]]
[2022.04.05-13.20.10:125][  0]LogConfig: Setting CVar [[r.Mobile.DisableVertexFog:1]]
[2022.04.05-13.20.10:125][  0]LogConfig: Setting CVar [[r.Shadow.CSM.MaxMobileCascades:2]]
[2022.04.05-13.20.10:125][  0]LogConfig: Setting CVar [[r.MobileMSAA:4]]
[2022.04.05-13.20.10:125][  0]LogConfig: Setting CVar [[r.Mobile.AllowDitheredLODTransition:0]]
[2022.04.05-13.20.10:125][  0]LogConfig: Setting CVar [[r.Mobile.AllowSoftwareOcclusion:0]]
[2022.04.05-13.20.10:125][  0]LogConfig: Setting CVar [[r.Mobile.VirtualTextures:0]]
[2022.04.05-13.20.10:125][  0]LogConfig: Setting CVar [[r.DiscardUnusedQuality:0]]
[2022.04.05-13.20.10:125][  0]LogConfig: Setting CVar [[r.AllowOcclusionQueries:1]]
[2022.04.05-13.20.10:125][  0]LogConfig: Setting CVar [[r.MinScreenRadiusForLights:0.030000]]
[2022.04.05-13.20.10:125][  0]LogConfig: Setting CVar [[r.MinScreenRadiusForDepthPrepass:0.030000]]
[2022.04.05-13.20.10:125][  0]LogConfig: Setting CVar [[r.MinScreenRadiusForCSMDepth:0.010000]]
[2022.04.05-13.20.10:125][  0]LogConfig: Setting CVar [[r.PrecomputedVisibilityWarning:0]]
[2022.04.05-13.20.10:125][  0]LogConfig: Setting CVar [[r.TextureStreaming:1]]
[2022.04.05-13.20.10:125][  0]LogConfig: Setting CVar [[Compat.UseDXT5NormalMaps:0]]
[2022.04.05-13.20.10:125][  0]LogConfig: Setting CVar [[r.VirtualTextures:0]]
[2022.04.05-13.20.10:125][  0]LogConfig: Setting CVar [[r.VirtualTexturedLightmaps:0]]
[2022.04.05-13.20.10:126][  0]LogConfig: Setting CVar [[r.VT.TileSize:128]]
[2022.04.05-13.20.10:126][  0]LogConfig: Setting CVar [[r.VT.TileBorderSize:4]]
[2022.04.05-13.20.10:126][  0]LogConfig: Setting CVar [[r.vt.FeedbackFactor:16]]
[2022.04.05-13.20.10:126][  0]LogConfig: Setting CVar [[r.VT.EnableCompressZlib:1]]
[2022.04.05-13.20.10:126][  0]LogConfig: Setting CVar [[r.VT.EnableCompressCrunch:0]]
[2022.04.05-13.20.10:126][  0]LogConfig: Setting CVar [[r.ClearCoatNormal:0]]
[2022.04.05-13.20.10:126][  0]LogConfig: Setting CVar [[r.ReflectionCaptureResolution:128]]
[2022.04.05-13.20.10:126][  0]LogConfig: Setting CVar [[r.Mobile.ReflectionCaptureCompression:0]]
[2022.04.05-13.20.10:126][  0]LogConfig: Setting CVar [[r.ReflectionEnvironmentLightmapMixBasedOnRoughness:1]]
[2022.04.05-13.20.10:126][  0]LogConfig: Setting CVar [[r.ForwardShading:1]]
[2022.04.05-13.20.10:126][  0]LogConfig: Setting CVar [[r.VertexFoggingForOpaque:1]]
[2022.04.05-13.20.10:126][  0]LogConfig: Setting CVar [[r.AllowStaticLighting:1]]
[2022.04.05-13.20.10:126][  0]LogConfig: Setting CVar [[r.NormalMapsForStaticLighting:0]]
[2022.04.05-13.20.10:126][  0]LogConfig: Setting CVar [[r.GenerateMeshDistanceFields:0]]
[2022.04.05-13.20.10:126][  0]LogConfig: Setting CVar [[r.DistanceFieldBuild.EightBit:0]]
[2022.04.05-13.20.10:126][  0]LogConfig: Setting CVar [[r.GenerateLandscapeGIData:0]]
[2022.04.05-13.20.10:126][  0]LogConfig: Setting CVar [[r.DistanceFieldBuild.Compress:0]]
[2022.04.05-13.20.10:126][  0]LogConfig: Setting CVar [[r.TessellationAdaptivePixelsPerTriangle:48.000000]]
[2022.04.05-13.20.10:126][  0]LogConfig: Setting CVar [[r.SeparateTranslucency:0]]
[2022.04.05-13.20.10:126][  0]LogConfig: Setting CVar [[r.TranslucentSortPolicy:0]]
[2022.04.05-13.20.10:126][  0]LogConfig: Setting CVar [[r.CustomDepth:1]]
[2022.04.05-13.20.10:126][  0]LogConfig: Setting CVar [[r.CustomDepthTemporalAAJitter:1]]
[2022.04.05-13.20.10:126][  0]LogConfig: Setting CVar [[r.PostProcessing.PropagateAlpha:0]]
[2022.04.05-13.20.10:126][  0]LogConfig: Setting CVar [[r.DefaultFeature.Bloom:0]]
[2022.04.05-13.20.10:126][  0]LogConfig: Setting CVar [[r.DefaultFeature.AmbientOcclusion:0]]
[2022.04.05-13.20.10:126][  0]LogConfig: Setting CVar [[r.DefaultFeature.AmbientOcclusionStaticFraction:1]]
[2022.04.05-13.20.10:126][  0]LogConfig: Setting CVar [[r.DefaultFeature.AutoExposure:0]]
[2022.04.05-13.20.10:126][  0]LogConfig: Setting CVar [[r.DefaultFeature.AutoExposure.Method:0]]
[2022.04.05-13.20.10:126][  0]LogConfig: Setting CVar [[r.DefaultFeature.AutoExposure.Bias:1.000000]]
[2022.04.05-13.20.10:126][  0]LogConfig: Setting CVar [[r.DefaultFeature.AutoExposure.ExtendDefaultLuminanceRange:1]]
[2022.04.05-13.20.10:126][  0]LogConfig: Setting CVar [[r.UsePreExposure:1]]
[2022.04.05-13.20.10:126][  0]LogConfig: Setting CVar [[r.EyeAdaptation.EditorOnly:0]]
[2022.04.05-13.20.10:126][  0]LogConfig: Setting CVar [[r.DefaultFeature.MotionBlur:0]]
[2022.04.05-13.20.10:126][  0]LogConfig: Setting CVar [[r.DefaultFeature.LensFlare:0]]
[2022.04.05-13.20.10:126][  0]LogConfig: Setting CVar [[r.TemporalAA.Upsampling:0]]
[2022.04.05-13.20.10:126][  0]LogConfig: Setting CVar [[r.SSGI.Enable:0]]
[2022.04.05-13.20.10:126][  0]LogConfig: Setting CVar [[r.DefaultFeature.AntiAliasing:3]]
[2022.04.05-13.20.10:126][  0]LogConfig: Setting CVar [[r.DefaultFeature.LightUnits:1]]
[2022.04.05-13.20.10:126][  0]LogConfig: Setting CVar [[r.DefaultBackBufferPixelFormat:4]]
[2022.04.05-13.20.10:126][  0]LogConfig: Setting CVar [[r.Shadow.UnbuiltPreviewInGame:1]]
[2022.04.05-13.20.10:126][  0]LogConfig: Setting CVar [[r.StencilForLODDither:0]]
[2022.04.05-13.20.10:126][  0]LogConfig: Setting CVar [[r.EarlyZPass:3]]
[2022.04.05-13.20.10:126][  0]LogConfig: Setting CVar [[r.EarlyZPassOnlyMaterialMasking:0]]
[2022.04.05-13.20.10:126][  0]LogConfig: Setting CVar [[r.DBuffer:1]]
[2022.04.05-13.20.10:126][  0]LogConfig: Setting CVar [[r.ClearSceneMethod:1]]
[2022.04.05-13.20.10:126][  0]LogConfig: Setting CVar [[r.BasePassOutputsVelocity:0]]
[2022.04.05-13.20.10:126][  0]LogConfig: Setting CVar [[r.VertexDeformationOutputsVelocity:0]]
[2022.04.05-13.20.10:126][  0]LogConfig: Setting CVar [[r.SelectiveBasePassOutputs:0]]
[2022.04.05-13.20.10:126][  0]LogConfig: Setting CVar [[fx.GPUSimulationTextureSizeX:1024]]
[2022.04.05-13.20.10:126][  0]LogConfig: Setting CVar [[fx.GPUSimulationTextureSizeY:1024]]
[2022.04.05-13.20.10:126][  0]LogConfig: Setting CVar [[r.AllowGlobalClipPlane:0]]
[2022.04.05-13.20.10:126][  0]LogConfig: Setting CVar [[r.GBufferFormat:1]]
[2022.04.05-13.20.10:126][  0]LogConfig: Setting CVar [[r.MorphTarget.Mode:1]]
[2022.04.05-13.20.10:126][  0]LogConfig: Setting CVar [[vr.InstancedStereo:1]]
[2022.04.05-13.20.10:126][  0]LogConfig: Setting CVar [[r.MobileHDR:0]]
[2022.04.05-13.20.10:126][  0]LogConfig: Setting CVar [[vr.MobileMultiView:1]]
[2022.04.05-13.20.10:126][  0]LogConfig: Setting CVar [[r.Mobile.UseHWsRGBEncoding:1]]
[2022.04.05-13.20.10:126][  0]LogConfig: Setting CVar [[vr.RoundRobinOcclusion:0]]
[2022.04.05-13.20.10:126][  0]LogConfig: Setting CVar [[vr.ODSCapture:0]]
[2022.04.05-13.20.10:126][  0]LogConfig: Setting CVar [[r.MeshStreaming:0]]
[2022.04.05-13.20.10:126][  0]LogConfig: Setting CVar [[r.WireframeCullThreshold:5.000000]]
[2022.04.05-13.20.10:126][  0]LogConfig: Setting CVar [[r.RayTracing:0]]
[2022.04.05-13.20.10:126][  0]LogConfig: Setting CVar [[r.RayTracing.UseTextureLod:0]]
[2022.04.05-13.20.10:126][  0]LogConfig: Setting CVar [[r.SupportStationarySkylight:1]]
[2022.04.05-13.20.10:126][  0]LogConfig: Setting CVar [[r.SupportLowQualityLightmaps:1]]
[2022.04.05-13.20.10:126][  0]LogConfig: Setting CVar [[r.SupportPointLightWholeSceneShadows:1]]
[2022.04.05-13.20.10:126][  0]LogConfig: Setting CVar [[r.SupportAtmosphericFog:1]]
[2022.04.05-13.20.10:126][  0]LogConfig: Setting CVar [[r.SupportSkyAtmosphere:1]]
[2022.04.05-13.20.10:126][  0]LogConfig: Setting CVar [[r.SupportSkyAtmosphereAffectsHeightFog:0]]
[2022.04.05-13.20.10:126][  0]LogConfig: Setting CVar [[r.SkinCache.CompileShaders:0]]
[2022.04.05-13.20.10:126][  0]LogConfig: Setting CVar [[r.SkinCache.DefaultBehavior:1]]
[2022.04.05-13.20.10:126][  0]LogConfig: Setting CVar [[r.SkinCache.SceneMemoryLimitInMB:128.000000]]
[2022.04.05-13.20.10:126][  0]LogConfig: Setting CVar [[r.Mobile.EnableStaticAndCSMShadowReceivers:1]]
[2022.04.05-13.20.10:126][  0]LogConfig: Setting CVar [[r.Mobile.EnableMovableLightCSMShaderCulling:1]]
[2022.04.05-13.20.10:126][  0]LogConfig: Setting CVar [[r.Mobile.AllowDistanceFieldShadows:1]]
[2022.04.05-13.20.10:126][  0]LogConfig: Setting CVar [[r.Mobile.AllowMovableDirectionalLights:1]]
[2022.04.05-13.20.10:126][  0]LogConfig: Setting CVar [[r.MobileNumDynamicPointLights:4]]
[2022.04.05-13.20.10:126][  0]LogConfig: Setting CVar [[r.MobileDynamicPointLightsUseStaticBranch:1]]
[2022.04.05-13.20.10:126][  0]LogConfig: Setting CVar [[r.Mobile.EnableMovableSpotlights:0]]
[2022.04.05-13.20.10:126][  0]LogConfig: Setting CVar [[r.Mobile.EnableMovableSpotlightsShadow:0]]
[2022.04.05-13.20.10:126][  0]LogConfig: Setting CVar [[r.GPUSkin.Support16BitBoneIndex:0]]
[2022.04.05-13.20.10:126][  0]LogConfig: Setting CVar [[r.GPUSkin.Limit2BoneInfluences:0]]
[2022.04.05-13.20.10:126][  0]LogConfig: Setting CVar [[r.SupportDepthOnlyIndexBuffers:1]]
[2022.04.05-13.20.10:126][  0]LogConfig: Setting CVar [[r.SupportReversedIndexBuffers:1]]
[2022.04.05-13.20.10:126][  0]LogConfig: Setting CVar [[r.LightPropagationVolume:0]]
[2022.04.05-13.20.10:126][  0]LogConfig: Setting CVar [[r.Mobile.AmbientOcclusion:0]]
[2022.04.05-13.20.10:126][  0]LogConfig: Setting CVar [[r.GPUSkin.UnlimitedBoneInfluences:0]]
[2022.04.05-13.20.10:126][  0]LogConfig: Setting CVar [[r.GPUSkin.UnlimitedBoneInfluencesThreshold:8]]
[2022.04.05-13.20.10:126][  0]LogConfig: Setting CVar [[r.Mobile.PlanarReflectionMode:0]]
[2022.04.05-13.20.10:126][  0]LogConfig: Setting CVar [[r.Mobile.SupportGPUScene:1]]
[2022.04.05-13.20.10:126][  0]LogConfig: Applying CVar settings from Section [/Script/Engine.RendererOverrideSettings] File [C:/Users/qwe_o/Documents/GitHub/P8ToBeAnnounced/P8_VR_Home/Saved/Config/Windows/Engine.ini]
[2022.04.05-13.20.10:126][  0]LogConfig: Applying CVar settings from Section [/Script/Engine.StreamingSettings] File [C:/Users/qwe_o/Documents/GitHub/P8ToBeAnnounced/P8_VR_Home/Saved/Config/Windows/Engine.ini]
[2022.04.05-13.20.10:126][  0]LogConfig: Setting CVar [[s.MinBulkDataSizeForAsyncLoading:131072]]
[2022.04.05-13.20.10:126][  0]LogConfig: Setting CVar [[s.AsyncLoadingThreadEnabled:0]]
[2022.04.05-13.20.10:126][  0]LogConfig: Setting CVar [[s.EventDrivenLoaderEnabled:1]]
[2022.04.05-13.20.10:126][  0]LogConfig: Setting CVar [[s.WarnIfTimeLimitExceeded:0]]
[2022.04.05-13.20.10:126][  0]LogConfig: Setting CVar [[s.TimeLimitExceededMultiplier:1.5]]
[2022.04.05-13.20.10:126][  0]LogConfig: Setting CVar [[s.TimeLimitExceededMinTime:0.005]]
[2022.04.05-13.20.10:126][  0]LogConfig: Setting CVar [[s.UseBackgroundLevelStreaming:1]]
[2022.04.05-13.20.10:126][  0]LogConfig: Setting CVar [[s.PriorityAsyncLoadingExtraTime:15.0]]
[2022.04.05-13.20.10:126][  0]LogConfig: Setting CVar [[s.LevelStreamingActorsUpdateTimeLimit:5.0]]
[2022.04.05-13.20.10:126][  0]LogConfig: Setting CVar [[s.PriorityLevelStreamingActorsUpdateExtraTime:5.0]]
[2022.04.05-13.20.10:126][  0]LogConfig: Setting CVar [[s.LevelStreamingComponentsRegistrationGranularity:10]]
[2022.04.05-13.20.10:126][  0]LogConfig: Setting CVar [[s.UnregisterComponentsTimeLimit:1.0]]
[2022.04.05-13.20.10:126][  0]LogConfig: Setting CVar [[s.LevelStreamingComponentsUnregistrationGranularity:5]]
[2022.04.05-13.20.10:126][  0]LogConfig: Setting CVar [[s.FlushStreamingOnExit:1]]
[2022.04.05-13.20.10:126][  0]LogConfig: Applying CVar settings from Section [/Script/Engine.GarbageCollectionSettings] File [C:/Users/qwe_o/Documents/GitHub/P8ToBeAnnounced/P8_VR_Home/Saved/Config/Windows/Engine.ini]
[2022.04.05-13.20.10:126][  0]LogConfig: Setting CVar [[gc.MaxObjectsNotConsideredByGC:1]]
[2022.04.05-13.20.10:126][  0]LogConfig: Setting CVar [[gc.SizeOfPermanentObjectPool:0]]
[2022.04.05-13.20.10:126][  0]LogConfig: Setting CVar [[gc.FlushStreamingOnGC:0]]
[2022.04.05-13.20.10:126][  0]LogConfig: Setting CVar [[gc.NumRetriesBeforeForcingGC:10]]
[2022.04.05-13.20.10:126][  0]LogConfig: Setting CVar [[gc.AllowParallelGC:1]]
[2022.04.05-13.20.10:126][  0]LogConfig: Setting CVar [[gc.TimeBetweenPurgingPendingKillObjects:61.1]]
[2022.04.05-13.20.10:126][  0]LogConfig: Setting CVar [[gc.MaxObjectsInEditor:25165824]]
[2022.04.05-13.20.10:126][  0]LogConfig: Setting CVar [[gc.IncrementalBeginDestroyEnabled:1]]
[2022.04.05-13.20.10:126][  0]LogConfig: Setting CVar [[gc.CreateGCClusters:1]]
[2022.04.05-13.20.10:126][  0]LogConfig: Setting CVar [[gc.MinGCClusterSize:5]]
[2022.04.05-13.20.10:126][  0]LogConfig: Setting CVar [[gc.ActorClusteringEnabled:0]]
[2022.04.05-13.20.10:126][  0]LogConfig: Setting CVar [[gc.BlueprintClusteringEnabled:0]]
[2022.04.05-13.20.10:127][  0]LogConfig: Setting CVar [[gc.UseDisregardForGCOnDedicatedServers:0]]
[2022.04.05-13.20.10:127][  0]LogConfig: Setting CVar [[gc.MultithreadedDestructionEnabled:1]]
[2022.04.05-13.20.10:127][  0]LogConfig: Applying CVar settings from Section [/Script/Engine.NetworkSettings] File [C:/Users/qwe_o/Documents/GitHub/P8ToBeAnnounced/P8_VR_Home/Saved/Config/Windows/Engine.ini]
[2022.04.05-13.20.10:127][  0]LogConfig: Applying CVar settings from Section [/Script/UnrealEd.CookerSettings] File [C:/Users/qwe_o/Documents/GitHub/P8ToBeAnnounced/P8_VR_Home/Saved/Config/Windows/Engine.ini]
[2022.04.05-13.20.10:129][  0]LogConfig: Applying CVar settings from Section [ViewDistanceQuality@3] File [C:/Users/qwe_o/Documents/GitHub/P8ToBeAnnounced/P8_VR_Home/Saved/Config/Windows/Scalability.ini]
[2022.04.05-13.20.10:129][  0]LogConfig: Setting CVar [[r.SkeletalMeshLODBias:0]]
[2022.04.05-13.20.10:129][  0]LogConfig: Setting CVar [[r.ViewDistanceScale:1.0]]
[2022.04.05-13.20.10:129][  0]LogConfig: Applying CVar settings from Section [AntiAliasingQuality@3] File [C:/Users/qwe_o/Documents/GitHub/P8ToBeAnnounced/P8_VR_Home/Saved/Config/Windows/Scalability.ini]
[2022.04.05-13.20.10:129][  0]LogConfig: Setting CVar [[r.PostProcessAAQuality:4]]
[2022.04.05-13.20.10:129][  0]LogConfig: Applying CVar settings from Section [ShadowQuality@3] File [C:/Users/qwe_o/Documents/GitHub/P8ToBeAnnounced/P8_VR_Home/Saved/Config/Windows/Scalability.ini]
[2022.04.05-13.20.10:129][  0]LogConfig: Setting CVar [[r.LightFunctionQuality:1]]
[2022.04.05-13.20.10:129][  0]LogConfig: Setting CVar [[r.ShadowQuality:5]]
[2022.04.05-13.20.10:129][  0]LogConfig: Setting CVar [[r.Shadow.CSM.MaxCascades:10]]
[2022.04.05-13.20.10:129][  0]LogConfig: Setting CVar [[r.Shadow.MaxResolution:2048]]
[2022.04.05-13.20.10:129][  0]LogConfig: Setting CVar [[r.Shadow.MaxCSMResolution:2048]]
[2022.04.05-13.20.10:129][  0]LogConfig: Setting CVar [[r.Shadow.RadiusThreshold:0.01]]
[2022.04.05-13.20.10:129][  0]LogConfig: Setting CVar [[r.Shadow.DistanceScale:1.0]]
[2022.04.05-13.20.10:129][  0]LogConfig: Setting CVar [[r.Shadow.CSM.TransitionScale:1.0]]
[2022.04.05-13.20.10:129][  0]LogConfig: Setting CVar [[r.Shadow.PreShadowResolutionFactor:1.0]]
[2022.04.05-13.20.10:129][  0]LogConfig: Setting CVar [[r.DistanceFieldShadowing:1]]
[2022.04.05-13.20.10:129][  0]LogConfig: Setting CVar [[r.DistanceFieldAO:1]]
[2022.04.05-13.20.10:129][  0]LogConfig: Setting CVar [[r.AOQuality:2]]
[2022.04.05-13.20.10:129][  0]LogConfig: Setting CVar [[r.VolumetricFog:1]]
[2022.04.05-13.20.10:129][  0]LogConfig: Setting CVar [[r.VolumetricFog.GridPixelSize:8]]
[2022.04.05-13.20.10:129][  0]LogConfig: Setting CVar [[r.VolumetricFog.GridSizeZ:128]]
[2022.04.05-13.20.10:129][  0]LogConfig: Setting CVar [[r.VolumetricFog.HistoryMissSupersampleCount:4]]
[2022.04.05-13.20.10:129][  0]LogConfig: Setting CVar [[r.LightMaxDrawDistanceScale:1]]
[2022.04.05-13.20.10:129][  0]LogConfig: Setting CVar [[r.CapsuleShadows:1]]
[2022.04.05-13.20.10:129][  0]LogConfig: Applying CVar settings from Section [PostProcessQuality@3] File [C:/Users/qwe_o/Documents/GitHub/P8ToBeAnnounced/P8_VR_Home/Saved/Config/Windows/Scalability.ini]
[2022.04.05-13.20.10:129][  0]LogConfig: Setting CVar [[r.MotionBlurQuality:4]]
[2022.04.05-13.20.10:129][  0]LogConfig: Setting CVar [[r.AmbientOcclusionMipLevelFactor:0.4]]
[2022.04.05-13.20.10:129][  0]LogConfig: Setting CVar [[r.AmbientOcclusionMaxQuality:100]]
[2022.04.05-13.20.10:130][  0]LogConfig: Setting CVar [[r.AmbientOcclusionLevels:-1]]
[2022.04.05-13.20.10:130][  0]LogConfig: Setting CVar [[r.AmbientOcclusionRadiusScale:1.0]]
[2022.04.05-13.20.10:130][  0]LogConfig: Setting CVar [[r.DepthOfFieldQuality:2]]
[2022.04.05-13.20.10:130][  0]LogConfig: Setting CVar [[r.RenderTargetPoolMin:400]]
[2022.04.05-13.20.10:130][  0]LogConfig: Setting CVar [[r.LensFlareQuality:2]]
[2022.04.05-13.20.10:130][  0]LogConfig: Setting CVar [[r.SceneColorFringeQuality:1]]
[2022.04.05-13.20.10:130][  0]LogConfig: Setting CVar [[r.EyeAdaptationQuality:2]]
[2022.04.05-13.20.10:130][  0]LogConfig: Setting CVar [[r.BloomQuality:5]]
[2022.04.05-13.20.10:130][  0]LogConfig: Setting CVar [[r.FastBlurThreshold:100]]
[2022.04.05-13.20.10:130][  0]LogConfig: Setting CVar [[r.Upscale.Quality:3]]
[2022.04.05-13.20.10:130][  0]LogConfig: Setting CVar [[r.Tonemapper.GrainQuantization:1]]
[2022.04.05-13.20.10:130][  0]LogConfig: Setting CVar [[r.LightShaftQuality:1]]
[2022.04.05-13.20.10:130][  0]LogConfig: Setting CVar [[r.Filter.SizeScale:1]]
[2022.04.05-13.20.10:130][  0]LogConfig: Setting CVar [[r.Tonemapper.Quality:5]]
[2022.04.05-13.20.10:130][  0]LogConfig: Setting CVar [[r.DOF.Gather.AccumulatorQuality:1        ; higher gathering accumulator quality]]
[2022.04.05-13.20.10:130][  0]LogConfig: Setting CVar [[r.DOF.Gather.PostfilterMethod:1          ; Median3x3 postfilering method]]
[2022.04.05-13.20.10:130][  0]LogConfig: Setting CVar [[r.DOF.Gather.EnableBokehSettings:0       ; no bokeh simulation when gathering]]
[2022.04.05-13.20.10:130][  0]LogConfig: Setting CVar [[r.DOF.Gather.RingCount:4                 ; medium number of samples when gathering]]
[2022.04.05-13.20.10:130][  0]LogConfig: Setting CVar [[r.DOF.Scatter.ForegroundCompositing:1    ; additive foreground scattering]]
[2022.04.05-13.20.10:130][  0]LogConfig: Setting CVar [[r.DOF.Scatter.BackgroundCompositing:2    ; additive background scattering]]
[2022.04.05-13.20.10:130][  0]LogConfig: Setting CVar [[r.DOF.Scatter.EnableBokehSettings:1      ; bokeh simulation when scattering]]
[2022.04.05-13.20.10:130][  0]LogConfig: Setting CVar [[r.DOF.Scatter.MaxSpriteRatio:0.1         ; only a maximum of 10% of scattered bokeh]]
[2022.04.05-13.20.10:130][  0]LogConfig: Setting CVar [[r.DOF.Recombine.Quality:1                ; cheap slight out of focus]]
[2022.04.05-13.20.10:130][  0]LogConfig: Setting CVar [[r.DOF.Recombine.EnableBokehSettings:0    ; no bokeh simulation on slight out of focus]]
[2022.04.05-13.20.10:130][  0]LogConfig: Setting CVar [[r.DOF.TemporalAAQuality:1                ; more stable temporal accumulation]]
[2022.04.05-13.20.10:130][  0]LogConfig: Setting CVar [[r.DOF.Kernel.MaxForegroundRadius:0.025]]
[2022.04.05-13.20.10:130][  0]LogConfig: Setting CVar [[r.DOF.Kernel.MaxBackgroundRadius:0.025]]
[2022.04.05-13.20.10:130][  0]LogConfig: Applying CVar settings from Section [TextureQuality@3] File [C:/Users/qwe_o/Documents/GitHub/P8ToBeAnnounced/P8_VR_Home/Saved/Config/Windows/Scalability.ini]
[2022.04.05-13.20.10:130][  0]LogConfig: Setting CVar [[r.Streaming.MipBias:0]]
[2022.04.05-13.20.10:130][  0]LogConfig: Setting CVar [[r.Streaming.AmortizeCPUToGPUCopy:0]]
[2022.04.05-13.20.10:130][  0]LogConfig: Setting CVar [[r.Streaming.MaxNumTexturesToStreamPerFrame:0]]
[2022.04.05-13.20.10:130][  0]LogConfig: Setting CVar [[r.Streaming.Boost:1]]
[2022.04.05-13.20.10:130][  0]LogConfig: Setting CVar [[r.MaxAnisotropy:8]]
[2022.04.05-13.20.10:130][  0]LogConfig: Setting CVar [[r.VT.MaxAnisotropy:8]]
[2022.04.05-13.20.10:130][  0]LogConfig: Setting CVar [[r.Streaming.LimitPoolSizeToVRAM:0]]
[2022.04.05-13.20.10:130][  0]LogConfig: Setting CVar [[r.Streaming.PoolSize:1000]]
[2022.04.05-13.20.10:130][  0]LogConfig: Setting CVar [[r.Streaming.MaxEffectiveScreenSize:0]]
[2022.04.05-13.20.10:130][  0]LogConfig: Applying CVar settings from Section [EffectsQuality@3] File [C:/Users/qwe_o/Documents/GitHub/P8ToBeAnnounced/P8_VR_Home/Saved/Config/Windows/Scalability.ini]
[2022.04.05-13.20.10:130][  0]LogConfig: Setting CVar [[r.TranslucencyLightingVolumeDim:64]]
[2022.04.05-13.20.10:130][  0]LogConfig: Setting CVar [[r.RefractionQuality:2]]
[2022.04.05-13.20.10:130][  0]LogConfig: Setting CVar [[r.SSR.Quality:3]]
[2022.04.05-13.20.10:130][  0]LogConfig: Setting CVar [[r.SSR.HalfResSceneColor:0]]
[2022.04.05-13.20.10:130][  0]LogConfig: Setting CVar [[r.SceneColorFormat:4]]
[2022.04.05-13.20.10:130][  0]LogConfig: Setting CVar [[r.DetailMode:2]]
[2022.04.05-13.20.10:130][  0]LogConfig: Setting CVar [[r.TranslucencyVolumeBlur:1]]
[2022.04.05-13.20.10:130][  0]LogConfig: Setting CVar [[r.MaterialQualityLevel:1 ; High quality]]
[2022.04.05-13.20.10:130][  0]LogConfig: Setting CVar [[r.AnisotropicMaterials:1]]
[2022.04.05-13.20.10:130][  0]LogConfig: Setting CVar [[r.SSS.Scale:1]]
[2022.04.05-13.20.10:130][  0]LogConfig: Setting CVar [[r.SSS.SampleSet:2]]
[2022.04.05-13.20.10:130][  0]LogConfig: Setting CVar [[r.SSS.Quality:1]]
[2022.04.05-13.20.10:130][  0]LogConfig: Setting CVar [[r.SSS.HalfRes:0]]
[2022.04.05-13.20.10:130][  0]LogConfig: Setting CVar [[r.SSGI.Quality:3]]
[2022.04.05-13.20.10:130][  0]LogConfig: Setting CVar [[r.EmitterSpawnRateScale:1.0]]
[2022.04.05-13.20.10:130][  0]LogConfig: Setting CVar [[r.ParticleLightQuality:2]]
[2022.04.05-13.20.10:130][  0]LogConfig: Setting CVar [[r.SkyAtmosphere.AerialPerspectiveLUT.FastApplyOnOpaque:1 ; Always have FastSkyLUT 1 in this case to avoid wrong sky]]
[2022.04.05-13.20.10:130][  0]LogConfig: Setting CVar [[r.SkyAtmosphere.AerialPerspectiveLUT.SampleCountMaxPerSlice:4]]
[2022.04.05-13.20.10:130][  0]LogConfig: Setting CVar [[r.SkyAtmosphere.AerialPerspectiveLUT.DepthResolution:16.0]]
[2022.04.05-13.20.10:130][  0]LogConfig: Setting CVar [[r.SkyAtmosphere.FastSkyLUT:1]]
[2022.04.05-13.20.10:130][  0]LogConfig: Setting CVar [[r.SkyAtmosphere.FastSkyLUT.SampleCountMin:4.0]]
[2022.04.05-13.20.10:130][  0]LogConfig: Setting CVar [[r.SkyAtmosphere.FastSkyLUT.SampleCountMax:128.0]]
[2022.04.05-13.20.10:130][  0]LogConfig: Setting CVar [[r.SkyAtmosphere.SampleCountMin:4.0]]
[2022.04.05-13.20.10:130][  0]LogConfig: Setting CVar [[r.SkyAtmosphere.SampleCountMax:128.0]]
[2022.04.05-13.20.10:130][  0]LogConfig: Setting CVar [[r.SkyAtmosphere.TransmittanceLUT.UseSmallFormat:0]]
[2022.04.05-13.20.10:130][  0]LogConfig: Setting CVar [[r.SkyAtmosphere.TransmittanceLUT.SampleCount:10.0]]
[2022.04.05-13.20.10:130][  0]LogConfig: Setting CVar [[r.SkyAtmosphere.MultiScatteringLUT.SampleCount:15.0]]
[2022.04.05-13.20.10:130][  0]LogConfig: Setting CVar [[r.SkyLight.RealTimeReflectionCapture:1]]
[2022.04.05-13.20.10:130][  0]LogConfig: Applying CVar settings from Section [FoliageQuality@3] File [C:/Users/qwe_o/Documents/GitHub/P8ToBeAnnounced/P8_VR_Home/Saved/Config/Windows/Scalability.ini]
[2022.04.05-13.20.10:130][  0]LogConfig: Setting CVar [[foliage.DensityScale:1.0]]
[2022.04.05-13.20.10:130][  0]LogConfig: Setting CVar [[grass.DensityScale:1.0]]
[2022.04.05-13.20.10:130][  0]LogConfig: Applying CVar settings from Section [ShadingQuality@3] File [C:/Users/qwe_o/Documents/GitHub/P8ToBeAnnounced/P8_VR_Home/Saved/Config/Windows/Scalability.ini]
[2022.04.05-13.20.10:130][  0]LogConfig: Setting CVar [[r.HairStrands.SkyLighting.IntegrationType:2]]
[2022.04.05-13.20.10:130][  0]LogConfig: Setting CVar [[r.HairStrands.SkyAO.SampleCount:4]]
[2022.04.05-13.20.10:130][  0]LogConfig: Setting CVar [[r.HairStrands.Visibility.MSAA.SamplePerPixel:4]]
[2022.04.05-13.20.10:130][  0]LogInit: Selected Device Profile: [Windows]
[2022.04.05-13.20.10:130][  0]LogInit: Applying CVar settings loaded from the selected device profile: [Windows]
[2022.04.05-13.20.10:130][  0]LogHAL: Display: Platform has ~ 16 GB [17024741376 / 17179869184 / 16], which maps to Larger [LargestMinGB=32, LargerMinGB=12, DefaultMinGB=8, SmallerMinGB=6, SmallestMinGB=0)
[2022.04.05-13.20.10:130][  0]LogInit: Going up to parent DeviceProfile []
[2022.04.05-13.20.10:130][  0]LogConfig: Applying CVar settings from Section [ViewDistanceQuality@3] File [C:/Users/qwe_o/Documents/GitHub/P8ToBeAnnounced/P8_VR_Home/Saved/Config/Windows/Scalability.ini]
[2022.04.05-13.20.10:130][  0]LogConfig: Setting CVar [[r.SkeletalMeshLODBias:0]]
[2022.04.05-13.20.10:130][  0]LogConfig: Setting CVar [[r.ViewDistanceScale:1.0]]
[2022.04.05-13.20.10:130][  0]LogConfig: Applying CVar settings from Section [AntiAliasingQuality@3] File [C:/Users/qwe_o/Documents/GitHub/P8ToBeAnnounced/P8_VR_Home/Saved/Config/Windows/Scalability.ini]
[2022.04.05-13.20.10:130][  0]LogConfig: Setting CVar [[r.PostProcessAAQuality:4]]
[2022.04.05-13.20.10:130][  0]LogConfig: Applying CVar settings from Section [ShadowQuality@3] File [C:/Users/qwe_o/Documents/GitHub/P8ToBeAnnounced/P8_VR_Home/Saved/Config/Windows/Scalability.ini]
[2022.04.05-13.20.10:130][  0]LogConfig: Setting CVar [[r.LightFunctionQuality:1]]
[2022.04.05-13.20.10:130][  0]LogConfig: Setting CVar [[r.ShadowQuality:5]]
[2022.04.05-13.20.10:130][  0]LogConfig: Setting CVar [[r.Shadow.CSM.MaxCascades:10]]
[2022.04.05-13.20.10:130][  0]LogConfig: Setting CVar [[r.Shadow.MaxResolution:2048]]
[2022.04.05-13.20.10:130][  0]LogConfig: Setting CVar [[r.Shadow.MaxCSMResolution:2048]]
[2022.04.05-13.20.10:130][  0]LogConfig: Setting CVar [[r.Shadow.RadiusThreshold:0.01]]
[2022.04.05-13.20.10:130][  0]LogConfig: Setting CVar [[r.Shadow.DistanceScale:1.0]]
[2022.04.05-13.20.10:130][  0]LogConfig: Setting CVar [[r.Shadow.CSM.TransitionScale:1.0]]
[2022.04.05-13.20.10:130][  0]LogConfig: Setting CVar [[r.Shadow.PreShadowResolutionFactor:1.0]]
[2022.04.05-13.20.10:130][  0]LogConfig: Setting CVar [[r.DistanceFieldShadowing:1]]
[2022.04.05-13.20.10:130][  0]LogConfig: Setting CVar [[r.DistanceFieldAO:1]]
[2022.04.05-13.20.10:130][  0]LogConfig: Setting CVar [[r.AOQuality:2]]
[2022.04.05-13.20.10:130][  0]LogConfig: Setting CVar [[r.VolumetricFog:1]]
[2022.04.05-13.20.10:130][  0]LogConfig: Setting CVar [[r.VolumetricFog.GridPixelSize:8]]
[2022.04.05-13.20.10:130][  0]LogConfig: Setting CVar [[r.VolumetricFog.GridSizeZ:128]]
[2022.04.05-13.20.10:130][  0]LogConfig: Setting CVar [[r.VolumetricFog.HistoryMissSupersampleCount:4]]
[2022.04.05-13.20.10:130][  0]LogConfig: Setting CVar [[r.LightMaxDrawDistanceScale:1]]
[2022.04.05-13.20.10:130][  0]LogConfig: Setting CVar [[r.CapsuleShadows:1]]
[2022.04.05-13.20.10:130][  0]LogConfig: Applying CVar settings from Section [PostProcessQuality@3] File [C:/Users/qwe_o/Documents/GitHub/P8ToBeAnnounced/P8_VR_Home/Saved/Config/Windows/Scalability.ini]
[2022.04.05-13.20.10:130][  0]LogConfig: Setting CVar [[r.MotionBlurQuality:4]]
[2022.04.05-13.20.10:130][  0]LogConfig: Setting CVar [[r.AmbientOcclusionMipLevelFactor:0.4]]
[2022.04.05-13.20.10:130][  0]LogConfig: Setting CVar [[r.AmbientOcclusionMaxQuality:100]]
[2022.04.05-13.20.10:130][  0]LogConfig: Setting CVar [[r.AmbientOcclusionLevels:-1]]
[2022.04.05-13.20.10:130][  0]LogConfig: Setting CVar [[r.AmbientOcclusionRadiusScale:1.0]]
[2022.04.05-13.20.10:130][  0]LogConfig: Setting CVar [[r.DepthOfFieldQuality:2]]
[2022.04.05-13.20.10:131][  0]LogConfig: Setting CVar [[r.RenderTargetPoolMin:400]]
[2022.04.05-13.20.10:131][  0]LogConfig: Setting CVar [[r.LensFlareQuality:2]]
[2022.04.05-13.20.10:131][  0]LogConfig: Setting CVar [[r.SceneColorFringeQuality:1]]
[2022.04.05-13.20.10:131][  0]LogConfig: Setting CVar [[r.EyeAdaptationQuality:2]]
[2022.04.05-13.20.10:131][  0]LogConfig: Setting CVar [[r.BloomQuality:5]]
[2022.04.05-13.20.10:131][  0]LogConfig: Setting CVar [[r.FastBlurThreshold:100]]
[2022.04.05-13.20.10:131][  0]LogConfig: Setting CVar [[r.Upscale.Quality:3]]
[2022.04.05-13.20.10:131][  0]LogConfig: Setting CVar [[r.Tonemapper.GrainQuantization:1]]
[2022.04.05-13.20.10:131][  0]LogConfig: Setting CVar [[r.LightShaftQuality:1]]
[2022.04.05-13.20.10:131][  0]LogConfig: Setting CVar [[r.Filter.SizeScale:1]]
[2022.04.05-13.20.10:131][  0]LogConfig: Setting CVar [[r.Tonemapper.Quality:5]]
[2022.04.05-13.20.10:131][  0]LogConfig: Setting CVar [[r.DOF.Gather.AccumulatorQuality:1        ; higher gathering accumulator quality]]
[2022.04.05-13.20.10:131][  0]LogConfig: Setting CVar [[r.DOF.Gather.PostfilterMethod:1          ; Median3x3 postfilering method]]
[2022.04.05-13.20.10:131][  0]LogConfig: Setting CVar [[r.DOF.Gather.EnableBokehSettings:0       ; no bokeh simulation when gathering]]
[2022.04.05-13.20.10:131][  0]LogConfig: Setting CVar [[r.DOF.Gather.RingCount:4                 ; medium number of samples when gathering]]
[2022.04.05-13.20.10:131][  0]LogConfig: Setting CVar [[r.DOF.Scatter.ForegroundCompositing:1    ; additive foreground scattering]]
[2022.04.05-13.20.10:131][  0]LogConfig: Setting CVar [[r.DOF.Scatter.BackgroundCompositing:2    ; additive background scattering]]
[2022.04.05-13.20.10:131][  0]LogConfig: Setting CVar [[r.DOF.Scatter.EnableBokehSettings:1      ; bokeh simulation when scattering]]
[2022.04.05-13.20.10:131][  0]LogConfig: Setting CVar [[r.DOF.Scatter.MaxSpriteRatio:0.1         ; only a maximum of 10% of scattered bokeh]]
[2022.04.05-13.20.10:131][  0]LogConfig: Setting CVar [[r.DOF.Recombine.Quality:1                ; cheap slight out of focus]]
[2022.04.05-13.20.10:131][  0]LogConfig: Setting CVar [[r.DOF.Recombine.EnableBokehSettings:0    ; no bokeh simulation on slight out of focus]]
[2022.04.05-13.20.10:131][  0]LogConfig: Setting CVar [[r.DOF.TemporalAAQuality:1                ; more stable temporal accumulation]]
[2022.04.05-13.20.10:131][  0]LogConfig: Setting CVar [[r.DOF.Kernel.MaxForegroundRadius:0.025]]
[2022.04.05-13.20.10:131][  0]LogConfig: Setting CVar [[r.DOF.Kernel.MaxBackgroundRadius:0.025]]
[2022.04.05-13.20.10:131][  0]LogConfig: Applying CVar settings from Section [TextureQuality@3] File [C:/Users/qwe_o/Documents/GitHub/P8ToBeAnnounced/P8_VR_Home/Saved/Config/Windows/Scalability.ini]
[2022.04.05-13.20.10:131][  0]LogConfig: Setting CVar [[r.Streaming.MipBias:0]]
[2022.04.05-13.20.10:131][  0]LogConfig: Setting CVar [[r.Streaming.AmortizeCPUToGPUCopy:0]]
[2022.04.05-13.20.10:131][  0]LogConfig: Setting CVar [[r.Streaming.MaxNumTexturesToStreamPerFrame:0]]
[2022.04.05-13.20.10:131][  0]LogConfig: Setting CVar [[r.Streaming.Boost:1]]
[2022.04.05-13.20.10:131][  0]LogConfig: Setting CVar [[r.MaxAnisotropy:8]]
[2022.04.05-13.20.10:131][  0]LogConfig: Setting CVar [[r.VT.MaxAnisotropy:8]]
[2022.04.05-13.20.10:131][  0]LogConfig: Setting CVar [[r.Streaming.LimitPoolSizeToVRAM:0]]
[2022.04.05-13.20.10:131][  0]LogConfig: Setting CVar [[r.Streaming.PoolSize:1000]]
[2022.04.05-13.20.10:131][  0]LogConfig: Setting CVar [[r.Streaming.MaxEffectiveScreenSize:0]]
[2022.04.05-13.20.10:131][  0]LogConfig: Applying CVar settings from Section [EffectsQuality@3] File [C:/Users/qwe_o/Documents/GitHub/P8ToBeAnnounced/P8_VR_Home/Saved/Config/Windows/Scalability.ini]
[2022.04.05-13.20.10:131][  0]LogConfig: Setting CVar [[r.TranslucencyLightingVolumeDim:64]]
[2022.04.05-13.20.10:131][  0]LogConfig: Setting CVar [[r.RefractionQuality:2]]
[2022.04.05-13.20.10:131][  0]LogConfig: Setting CVar [[r.SSR.Quality:3]]
[2022.04.05-13.20.10:131][  0]LogConfig: Setting CVar [[r.SSR.HalfResSceneColor:0]]
[2022.04.05-13.20.10:131][  0]LogConfig: Setting CVar [[r.SceneColorFormat:4]]
[2022.04.05-13.20.10:131][  0]LogConfig: Setting CVar [[r.DetailMode:2]]
[2022.04.05-13.20.10:131][  0]LogConfig: Setting CVar [[r.TranslucencyVolumeBlur:1]]
[2022.04.05-13.20.10:131][  0]LogConfig: Setting CVar [[r.MaterialQualityLevel:1 ; High quality]]
[2022.04.05-13.20.10:131][  0]LogConfig: Setting CVar [[r.AnisotropicMaterials:1]]
[2022.04.05-13.20.10:131][  0]LogConfig: Setting CVar [[r.SSS.Scale:1]]
[2022.04.05-13.20.10:131][  0]LogConfig: Setting CVar [[r.SSS.SampleSet:2]]
[2022.04.05-13.20.10:131][  0]LogConfig: Setting CVar [[r.SSS.Quality:1]]
[2022.04.05-13.20.10:131][  0]LogConfig: Setting CVar [[r.SSS.HalfRes:0]]
[2022.04.05-13.20.10:131][  0]LogConfig: Setting CVar [[r.SSGI.Quality:3]]
[2022.04.05-13.20.10:131][  0]LogConfig: Setting CVar [[r.EmitterSpawnRateScale:1.0]]
[2022.04.05-13.20.10:131][  0]LogConfig: Setting CVar [[r.ParticleLightQuality:2]]
[2022.04.05-13.20.10:131][  0]LogConfig: Setting CVar [[r.SkyAtmosphere.AerialPerspectiveLUT.FastApplyOnOpaque:1 ; Always have FastSkyLUT 1 in this case to avoid wrong sky]]
[2022.04.05-13.20.10:131][  0]LogConfig: Setting CVar [[r.SkyAtmosphere.AerialPerspectiveLUT.SampleCountMaxPerSlice:4]]
[2022.04.05-13.20.10:131][  0]LogConfig: Setting CVar [[r.SkyAtmosphere.AerialPerspectiveLUT.DepthResolution:16.0]]
[2022.04.05-13.20.10:131][  0]LogConfig: Setting CVar [[r.SkyAtmosphere.FastSkyLUT:1]]
[2022.04.05-13.20.10:131][  0]LogConfig: Setting CVar [[r.SkyAtmosphere.FastSkyLUT.SampleCountMin:4.0]]
[2022.04.05-13.20.10:131][  0]LogConfig: Setting CVar [[r.SkyAtmosphere.FastSkyLUT.SampleCountMax:128.0]]
[2022.04.05-13.20.10:131][  0]LogConfig: Setting CVar [[r.SkyAtmosphere.SampleCountMin:4.0]]
[2022.04.05-13.20.10:131][  0]LogConfig: Setting CVar [[r.SkyAtmosphere.SampleCountMax:128.0]]
[2022.04.05-13.20.10:131][  0]LogConfig: Setting CVar [[r.SkyAtmosphere.TransmittanceLUT.UseSmallFormat:0]]
[2022.04.05-13.20.10:131][  0]LogConfig: Setting CVar [[r.SkyAtmosphere.TransmittanceLUT.SampleCount:10.0]]
[2022.04.05-13.20.10:131][  0]LogConfig: Setting CVar [[r.SkyAtmosphere.MultiScatteringLUT.SampleCount:15.0]]
[2022.04.05-13.20.10:131][  0]LogConfig: Setting CVar [[r.SkyLight.RealTimeReflectionCapture:1]]
[2022.04.05-13.20.10:131][  0]LogConfig: Applying CVar settings from Section [FoliageQuality@3] File [C:/Users/qwe_o/Documents/GitHub/P8ToBeAnnounced/P8_VR_Home/Saved/Config/Windows/Scalability.ini]
[2022.04.05-13.20.10:131][  0]LogConfig: Setting CVar [[foliage.DensityScale:1.0]]
[2022.04.05-13.20.10:131][  0]LogConfig: Setting CVar [[grass.DensityScale:1.0]]
[2022.04.05-13.20.10:131][  0]LogConfig: Applying CVar settings from Section [ShadingQuality@3] File [C:/Users/qwe_o/Documents/GitHub/P8ToBeAnnounced/P8_VR_Home/Saved/Config/Windows/Scalability.ini]
[2022.04.05-13.20.10:131][  0]LogConfig: Setting CVar [[r.HairStrands.SkyLighting.IntegrationType:2]]
[2022.04.05-13.20.10:131][  0]LogConfig: Setting CVar [[r.HairStrands.SkyAO.SampleCount:4]]
[2022.04.05-13.20.10:131][  0]LogConfig: Setting CVar [[r.HairStrands.Visibility.MSAA.SamplePerPixel:4]]
[2022.04.05-13.20.10:131][  0]LogConfig: Applying CVar settings from Section [Startup] File [../../../Engine/Config/ConsoleVariables.ini]
[2022.04.05-13.20.10:132][  0]LogConfig: Setting CVar [[net.UseAdaptiveNetUpdateFrequency:0]]
[2022.04.05-13.20.10:132][  0]LogConfig: Setting CVar [[p.chaos.AllowCreatePhysxBodies:1]]
[2022.04.05-13.20.10:132][  0]LogConfig: Setting CVar [[fx.SkipVectorVMBackendOptimizations:1]]
[2022.04.05-13.20.10:132][  0]LogConfig: Applying CVar settings from Section [ConsoleVariables] File [C:/Users/qwe_o/Documents/GitHub/P8ToBeAnnounced/P8_VR_Home/Saved/Config/Windows/Engine.ini]
[2022.04.05-13.20.10:132][  0]LogConfig: Applying CVar settings from Section [ConsoleVariables] File [C:/Users/qwe_o/Documents/GitHub/P8ToBeAnnounced/P8_VR_Home/Saved/Config/Windows/Editor.ini]
[2022.04.05-13.20.10:132][  0]LogInit: Computer: LAPTOP-ILHQTL53
[2022.04.05-13.20.10:132][  0]LogInit: User: qweo
[2022.04.05-13.20.10:132][  0]LogInit: CPU Page size=4096, Cores=6
[2022.04.05-13.20.10:132][  0]LogInit: High frequency timer resolution =10.000000 MHz
[2022.04.05-13.20.10:132][  0]LogMemory: Memory total: Physical=15.9GB (16GB approx)
[2022.04.05-13.20.10:132][  0]LogMemory: Platform Memory Stats for Windows
[2022.04.05-13.20.10:132][  0]LogMemory: Process Physical Memory: 144.42 MB used, 144.42 MB peak
[2022.04.05-13.20.10:132][  0]LogMemory: Process Virtual Memory: 122.10 MB used, 122.10 MB peak
[2022.04.05-13.20.10:132][  0]LogMemory: Physical Memory: 7341.31 MB used,  8894.75 MB free, 16236.06 MB total
[2022.04.05-13.20.10:132][  0]LogMemory: Virtual Memory: 134193088.00 MB used,  24640.05 MB free, 134217728.00 MB total
[2022.04.05-13.20.10:157][  0]LogWindows: WindowsPlatformFeatures enabled
[2022.04.05-13.20.10:184][  0]LogInit: Physics initialised using underlying interface: PhysX
[2022.04.05-13.20.10:184][  0]LogInit: Using OS detected language (en-US).
[2022.04.05-13.20.10:184][  0]LogInit: Using OS detected locale (da-DK).
[2022.04.05-13.20.10:187][  0]LogTextLocalizationManager: No specific localization for 'en-US' exists, so the 'en' localization will be used.
[2022.04.05-13.20.10:354][  0]LogInit: Setting process to per monitor DPI aware
[2022.04.05-13.20.10:361][  0]LogWindowsTextInputMethodSystem: Display: IME system deactivated.
[2022.04.05-13.20.10:369][  0]LogSlate: New Slate User Created.  User Index 0, Is Virtual User: 0
[2022.04.05-13.20.10:369][  0]LogSlate: Slate User Registered.  User Index 0, Is Virtual User: 0
[2022.04.05-13.20.10:471][  0]LogD3D11RHI: Loaded GFSDK_Aftermath_Lib.x64.dll
[2022.04.05-13.20.10:525][  0]LogHMD: Optional extension XR_VARJO_quad_views is not available
[2022.04.05-13.20.10:526][  0]LogHMD: Warning: Required extension XR_EXT_eye_gaze_interaction is not available
[2022.04.05-13.20.10:526][  0]LogHMD: Could not enable all required OpenXR extensions for OpenXREyeTracker on current system. This plugin will be loaded but ignored, but will be enabled on a target platform that supports the required extension.
[2022.04.05-13.20.11:029][  0]LogHMD: Failed to get an OpenXR system, result is XR_ERROR_FORM_FACTOR_UNAVAILABLE. Please check that your runtime supports VR headsets.
[2022.04.05-13.20.11:029][  0]LogD3D11RHI: D3D11 min allowed feature level: 11_0
[2022.04.05-13.20.11:029][  0]LogD3D11RHI: D3D11 max allowed feature level: 11_0
[2022.04.05-13.20.11:029][  0]LogD3D11RHI: D3D11 adapters:
[2022.04.05-13.20.11:113][  0]LogD3D11RHI:    0. 'NVIDIA GeForce RTX 3070 Laptop GPU' (Feature Level 11_0)
[2022.04.05-13.20.11:113][  0]LogD3D11RHI:       8044/0/8118 MB DedicatedVideo/DedicatedSystem/SharedSystem, Outputs:1, VendorId:0x10de
[2022.04.05-13.20.11:115][  0]LogD3D11RHI:    1. 'Microsoft Basic Render Driver' (Feature Level 11_0)
[2022.04.05-13.20.11:115][  0]LogD3D11RHI:       0/0/8118 MB DedicatedVideo/DedicatedSystem/SharedSystem, Outputs:0, VendorId:0x1414
[2022.04.05-13.20.11:115][  0]LogD3D11RHI: Chosen D3D11 Adapter:
[2022.04.05-13.20.11:115][  0]LogD3D11RHI:     Description : NVIDIA GeForce RTX 3070 Laptop GPU
[2022.04.05-13.20.11:115][  0]LogD3D11RHI:     VendorId    : 10de
[2022.04.05-13.20.11:115][  0]LogD3D11RHI:     DeviceId    : 24dd
[2022.04.05-13.20.11:115][  0]LogD3D11RHI:     SubSysId    : 3a4f17aa
[2022.04.05-13.20.11:115][  0]LogD3D11RHI:     Revision    : 00a1
[2022.04.05-13.20.11:115][  0]LogD3D11RHI:     DedicatedVideoMemory : 8434745344 bytes
[2022.04.05-13.20.11:115][  0]LogD3D11RHI:     DedicatedSystemMemory : 0 bytes
[2022.04.05-13.20.11:115][  0]LogD3D11RHI:     SharedSystemMemory : 8512370688 bytes
[2022.04.05-13.20.11:115][  0]LogD3D11RHI:     AdapterLuid : 0 53790
[2022.04.05-13.20.11:121][  0]LogD3D11RHI: Creating new Direct3DDevice
[2022.04.05-13.20.11:121][  0]LogD3D11RHI:     GPU DeviceId: 0x24dd (for the marketing name, search the web for "GPU Device Id")
[2022.04.05-13.20.11:121][  0]LogWindows: EnumDisplayDevices:
[2022.04.05-13.20.11:121][  0]LogWindows:    0. 'NVIDIA GeForce RTX 3070 Laptop GPU' (P:1 D:1)
[2022.04.05-13.20.11:121][  0]LogWindows:    1. 'NVIDIA GeForce RTX 3070 Laptop GPU' (P:0 D:0)
[2022.04.05-13.20.11:122][  0]LogWindows:    2. 'NVIDIA GeForce RTX 3070 Laptop GPU' (P:0 D:0)
[2022.04.05-13.20.11:122][  0]LogWindows:    3. 'NVIDIA GeForce RTX 3070 Laptop GPU' (P:0 D:0)
[2022.04.05-13.20.11:122][  0]LogWindows: DebugString: FoundDriverCount:4 
[2022.04.05-13.20.11:122][  0]LogD3D11RHI:     Adapter Name: NVIDIA GeForce RTX 3070 Laptop GPU
[2022.04.05-13.20.11:122][  0]LogD3D11RHI:   Driver Version: 466.92 (internal:27.21.14.6692, unified:466.92)
[2022.04.05-13.20.11:122][  0]LogD3D11RHI:      Driver Date: 7-18-2021
[2022.04.05-13.20.11:122][  0]LogRHI: Texture pool is 5630 MB (70% of 8044 MB)
[2022.04.05-13.20.11:122][  0]LogD3D11RHI: Creating D3DDevice using adapter:
[2022.04.05-13.20.11:122][  0]LogD3D11RHI:     Description : NVIDIA GeForce RTX 3070 Laptop GPU
[2022.04.05-13.20.11:122][  0]LogD3D11RHI:     VendorId    : 10de
[2022.04.05-13.20.11:122][  0]LogD3D11RHI:     DeviceId    : 24dd
[2022.04.05-13.20.11:122][  0]LogD3D11RHI:     SubSysId    : 3a4f17aa
[2022.04.05-13.20.11:122][  0]LogD3D11RHI:     Revision    : 00a1
[2022.04.05-13.20.11:122][  0]LogD3D11RHI:     DedicatedVideoMemory : 8434745344 bytes
[2022.04.05-13.20.11:122][  0]LogD3D11RHI:     DedicatedSystemMemory : 0 bytes
[2022.04.05-13.20.11:122][  0]LogD3D11RHI:     SharedSystemMemory : 8512370688 bytes
[2022.04.05-13.20.11:122][  0]LogD3D11RHI:     AdapterLuid : 0 53790
[2022.04.05-13.20.11:183][  0]LogD3D11RHI: RHI has support for 64 bit atomics
[2022.04.05-13.20.11:183][  0]LogD3D11RHI: Async texture creation enabled
[2022.04.05-13.20.11:183][  0]LogD3D11RHI: Array index from any shader is supported
[2022.04.05-13.20.11:205][  0]LogD3D11RHI: GPU Timing Frequency: 1000.000000 (Debug: 2 1)
[2022.04.05-13.20.11:215][  0]LogRHI: GeForceNow SDK initialized: 1
[2022.04.05-13.20.11:425][  0]LogTargetPlatformManager: Display: Loaded TargetPlatform 'AllDesktop'
[2022.04.05-13.20.11:445][  0]LogTargetPlatformManager: Display: Loaded TargetPlatform 'Android'
[2022.04.05-13.20.11:445][  0]LogTargetPlatformManager: Display: Loaded TargetPlatform 'Android_ASTC'
[2022.04.05-13.20.11:445][  0]LogTargetPlatformManager: Display: Loaded TargetPlatform 'Android_DXT'
[2022.04.05-13.20.11:445][  0]LogTargetPlatformManager: Display: Loaded TargetPlatform 'Android_ETC2'
[2022.04.05-13.20.11:445][  0]LogTargetPlatformManager: Display: Loaded TargetPlatform 'AndroidClient'
[2022.04.05-13.20.11:445][  0]LogTargetPlatformManager: Display: Loaded TargetPlatform 'Android_ASTCClient'
[2022.04.05-13.20.11:445][  0]LogTargetPlatformManager: Display: Loaded TargetPlatform 'Android_DXTClient'
[2022.04.05-13.20.11:445][  0]LogTargetPlatformManager: Display: Loaded TargetPlatform 'Android_ETC2Client'
[2022.04.05-13.20.11:445][  0]LogTargetPlatformManager: Display: Loaded TargetPlatform 'Android_Multi'
[2022.04.05-13.20.11:445][  0]LogTargetPlatformManager: Display: Loaded TargetPlatform 'Android_MultiClient'
[2022.04.05-13.20.11:460][  0]LogTargetPlatformManager: Display: Loaded TargetPlatform 'IOSClient'
[2022.04.05-13.20.11:460][  0]LogTargetPlatformManager: Display: Loaded TargetPlatform 'IOS'
[2022.04.05-13.20.11:469][  0]LogTargetPlatformManager: Display: Loaded TargetPlatform 'Linux'
[2022.04.05-13.20.11:472][  0]LogTargetPlatformManager: Display: Loaded TargetPlatform 'LinuxNoEditor'
[2022.04.05-13.20.11:475][  0]LogTargetPlatformManager: Display: Loaded TargetPlatform 'LinuxClient'
[2022.04.05-13.20.11:479][  0]LogTargetPlatformManager: Display: Loaded TargetPlatform 'LinuxServer'
[2022.04.05-13.20.11:487][  0]LogTargetPlatformManager: Display: Loaded TargetPlatform 'LinuxAArch64NoEditor'
[2022.04.05-13.20.11:490][  0]LogTargetPlatformManager: Display: Loaded TargetPlatform 'LinuxAArch64Client'
[2022.04.05-13.20.11:493][  0]LogTargetPlatformManager: Display: Loaded TargetPlatform 'LinuxAArch64Server'
[2022.04.05-13.20.11:515][  0]LogTargetPlatformManager: Display: Loaded TargetPlatform 'Lumin'
[2022.04.05-13.20.11:515][  0]LogTargetPlatformManager: Display: Loaded TargetPlatform 'LuminClient'
[2022.04.05-13.20.11:523][  0]LogTargetPlatformManager: Display: Loaded TargetPlatform 'MacNoEditor'
[2022.04.05-13.20.11:526][  0]LogTargetPlatformManager: Display: Loaded TargetPlatform 'Mac'
[2022.04.05-13.20.11:529][  0]LogTargetPlatformManager: Display: Loaded TargetPlatform 'MacClient'
[2022.04.05-13.20.11:532][  0]LogTargetPlatformManager: Display: Loaded TargetPlatform 'MacServer'
[2022.04.05-13.20.11:541][  0]LogTargetPlatformManager: Display: Loaded TargetPlatform 'TVOSClient'
[2022.04.05-13.20.11:541][  0]LogTargetPlatformManager: Display: Loaded TargetPlatform 'TVOS'
[2022.04.05-13.20.11:549][  0]LogTargetPlatformManager: Display: Loaded TargetPlatform 'WindowsNoEditor'
[2022.04.05-13.20.11:553][  0]LogTargetPlatformManager: Display: Loaded TargetPlatform 'Windows'
[2022.04.05-13.20.11:556][  0]LogTargetPlatformManager: Display: Loaded TargetPlatform 'WindowsClient'
[2022.04.05-13.20.11:560][  0]LogTargetPlatformManager: Display: Loaded TargetPlatform 'WindowsServer'
[2022.04.05-13.20.11:560][  0]LogTargetPlatformManager: Display: Building Assets For Windows
[2022.04.05-13.20.11:565][  0]LogAudioDebug: Display: Lib vorbis DLL was dynamically loaded.
[2022.04.05-13.20.11:589][  0]LogTextureFormatOodle: Display: Oodle Texture 2.9.0 init RDO Off
[2022.04.05-13.20.11:610][  0]LogRendererCore: Ray tracing is disabled. Reason: r.RayTracing=0.
[2022.04.05-13.20.11:610][  0]LogShaderCompilers: Guid format shader working directory is -28 characters bigger than the processId version (../../../../../../Users/qwe_o/Documents/GitHub/P8ToBeAnnounced/P8_VR_Home/Intermediate/Shaders/WorkingDirectory/20540/).
[2022.04.05-13.20.11:610][  0]LogShaderCompilers: Cleaned the shader compiler working directory 'C:/Users/qwe_o/AppData/Local/Temp/UnrealShaderWorkingDir/56C096F94C21AEB930C7FCA9230B58D7/'.
[2022.04.05-13.20.11:610][  0]LogXGEController: Cannot use XGE Controller as Incredibuild is not installed on this machine.
[2022.04.05-13.20.11:610][  0]LogShaderCompilers: Cannot use XGE Shader Compiler as Incredibuild is not installed on this machine.
[2022.04.05-13.20.11:610][  0]LogShaderCompilers: Display: Using Local Shader Compiler.
[2022.04.05-13.20.12:196][  0]LogDerivedDataCache: Display: Max Cache Size: 512 MB
[2022.04.05-13.20.12:268][  0]LogDerivedDataCache: Loaded boot cache 0.07s 140MB C:/Users/qwe_o/AppData/Local/UnrealEngine/4.27/DerivedDataCache/Boot.ddc.
[2022.04.05-13.20.12:268][  0]LogDerivedDataCache: Display: Loaded Boot cache: C:/Users/qwe_o/AppData/Local/UnrealEngine/4.27/DerivedDataCache/Boot.ddc
[2022.04.05-13.20.12:268][  0]LogDerivedDataCache: FDerivedDataBackendGraph:  Pak pak cache file ../../../../../../Users/qwe_o/Documents/GitHub/P8ToBeAnnounced/P8_VR_Home/DerivedDataCache/DDC.ddp not found, will not use a pak cache.
[2022.04.05-13.20.12:268][  0]LogDerivedDataCache: Unable to find inner node Pak for hierarchical cache Hierarchy.
[2022.04.05-13.20.12:268][  0]LogDerivedDataCache: FDerivedDataBackendGraph:  CompressedPak pak cache file ../../../../../../Users/qwe_o/Documents/GitHub/P8ToBeAnnounced/P8_VR_Home/DerivedDataCache/Compressed.ddp not found, will not use a pak cache.
[2022.04.05-13.20.12:268][  0]LogDerivedDataCache: Unable to find inner node CompressedPak for hierarchical cache Hierarchy.
[2022.04.05-13.20.12:285][  0]LogDerivedDataCache: Display: Pak cache opened for reading ../../../Engine/DerivedDataCache/Compressed.ddp.
[2022.04.05-13.20.12:285][  0]LogDerivedDataCache: FDerivedDataBackendGraph:  EnterprisePak pak cache file ../../../Enterprise/DerivedDataCache/Compressed.ddp not found, will not use a pak cache.
[2022.04.05-13.20.12:285][  0]LogDerivedDataCache: Unable to find inner node EnterprisePak for hierarchical cache Hierarchy.
[2022.04.05-13.20.12:293][  0]LogDerivedDataCache: Speed tests for C:/Users/qwe_o/AppData/Local/UnrealEngine/Common/DerivedDataCache took 0.01 seconds
[2022.04.05-13.20.12:293][  0]LogDerivedDataCache: Display: Performance to C:/Users/qwe_o/AppData/Local/UnrealEngine/Common/DerivedDataCache: Latency=0.02ms. RandomReadSpeed=441.32MBs, RandomWriteSpeed=166.49MBs. Assigned SpeedClass 'Local'
[2022.04.05-13.20.12:293][  0]LogDerivedDataCache: Using Local data cache path C:/Users/qwe_o/AppData/Local/UnrealEngine/Common/DerivedDataCache: Writable
[2022.04.05-13.20.12:293][  0]LogDerivedDataCache: Shared data cache path not found in *engine.ini, will not use an Shared cache.
[2022.04.05-13.20.12:294][  0]LogDerivedDataCache: Unable to find inner node Shared for hierarchical cache Hierarchy.
[2022.04.05-13.20.12:330][  0]LogSlate: Using FreeType 2.10.0
[2022.04.05-13.20.12:330][  0]LogSlate: SlateFontServices - WITH_FREETYPE: 1, WITH_HARFBUZZ: 1
[2022.04.05-13.20.12:831][  0]LogHMD: Failed to get an OpenXR system, result is XR_ERROR_FORM_FACTOR_UNAVAILABLE. Please check that your runtime supports VR headsets.
[2022.04.05-13.20.12:849][  0]LogAssetRegistry: FAssetRegistry took 0.0027 seconds to start up
[2022.04.05-13.20.13:048][  0]LogInit: Selected Device Profile: [Windows]
[2022.04.05-13.20.13:048][  0]LogInit: Active device profile: [000001486AA44F00][0000014868E56B40 49] Windows
[2022.04.05-13.20.13:048][  0]LogInit: Profiles: [000001486AA44F00][0000014868E56B40 49] Windows, [000001486A9EE400][0000014868E6ECC0 49] WindowsNoEditor, [000001486AA45F00][0000014868E76E40 49] WindowsServer, [000001486A9ED600][0000014868E5AF80 49] WindowsClient, [000001486AA45000][0000014868E7B0C0 49] IOS, [000001486A9EFA00][000001486644D200 49] iPadAir, [000001486AA47300][000001485BAFD340 49] iPadAir2, [000001486A7A1300][000001485BB09600 49] IPadPro, [000001486A7A1400][000001485BB05640 49] iPadAir3, [000001486A9ECB00][00000148664517C0 49] iPadAir4, [000001486A7A2100][0000014866455940 49] iPadMini2, [000001486A9EF400][0000014866459AC0 49] iPadMini3, [000001486A7A2C00][000001486645C0C0 49] iPadMini4, [000001486A9EE700][0000014866BE6240 49] iPadMini5, [000001486A7B0E00][000001486B258500 49] iPhone6, [000001486A7B0F00][0000014866BEA540 49] iPodTouch6, [000001486AA46800][000001486B260800 49] iPhone7, [000001486AA46900][000001486B25C840 49] iPodTouch7, [000001486A7A0C00][000001486B2649C0 49] iPhone5S, [000001486AA45300][000001486B268B40 49] iPhone6Plus, [000001486AA47A00][000001486B26CCC0 49] iPhone6S, [000001486A7B1300][000001486B270E40 49] iPhone6SPlus, [000001486AA44B00][000001486B274FC0 49] iPhone7Plus, [000001486A7B1600][000001486B281140 49] iPhoneSE, [000001486AA44A00][000001485BB01280 49] iPhone8, [000001486A7B1200][000001486B1493C0 49] iPhone8Plus, [000001486A7A2B00][000001486B199500 49] iPhoneX, [000001486A7B0C00][000001486B1A1680 49] iPhoneXS, [000001486A7A3A00][000001486B1A5800 49] iPhoneXSMax, [000001486A7B3800][0000014868A81980 49] iPhoneXR, [000001486A7A0D00][0000014868A85B00 49] iPhone11, [000001486A7B2600][0000014868A88100 49] iPhone11Pro, [000001486A7A2900][0000014868A8C280 49] iPhone11ProMax, [000001486A7B0200][0000014868A90400 49] iPhoneSE2, [000001486A7A0B00][0000014866402580 49] iPhone12Mini, [000001486A7B2A00][0000014866406700 49] iPhone12, [000001486A7A2E00][0000014866412880 49] iPhone12Pro, [000001486A7B0A00][0000014866416A00 49] iPhone12ProMax, [000001486A7A3200][0000014866424B80 49] iPadPro105, [000001486A7B3600][0000014866428D00 49] iPadPro129, [000001486A7A2000][0000014868AA0E80 49] iPadPro97, [000001486A7B2000][0000014866439000 49] iPadPro2_129, [000001486A7A2400][000001486B50D180 49] iPad5, [000001486A7B1400][0000014866441300 49] iPad6, [000001486A7A1000][000001486B19D440 49] iPad7, [000001486A7B1700][0000014866445580 49] iPad8, [000001486A7A3C00][0000014868ADB6C0 49] iPadPro11, [000001486A7B1800][0000014868B13840 49] iPadPro2_11, [000001486A7A0600][0000014868B299C0 49] iPadPro3_129, [000001486A7B0D00][0000014866449B40 49] iPadPro4_129, [000001486A7A3100][0000014868B2C140 49] AppleTV, [000001486A7B0800][000001486B6822C0 49] AppleTV4K, [000001486A7A0500][000001486B686440 49] TVOS, [000001486A7B0500][000001486B68A5C0 49] Mac, [000001486A7A0700][000001486B68E740 49] MacClient, [000001486A7B1500][000001486B6928C0 49] MacNoEditor, [000001486A7A1500][000001486B696A40 49] MacServer, [000001486A7B2E00][000001486B69ABC0 49] Linux, [000001486A7A0400][000001486B23ED40 49] LinuxAArch64, [000001486A7B1E00][000001486B242EC0 49] LinuxNoEditor, [000001486A7A1C00][000001486B247040 49] LinuxAArch64NoEditor, [000001486A7B2900][000001486B24B1C0 49] LinuxClient, [000001486A7A2D00][000001486B253340 49] LinuxAArch64Client, [000001486A7B0100][000001485BAC74C0 49] LinuxServer, [000001486A7A1E00][0000014868B0F600 49] LinuxAArch64Server, [000001486A7B0B00][000001485BAD3740 49] Android, [000001486A7A1A00][000001485BAD7880 49] Android_Low, [000001486A7B2F00][000001485BADB9C0 49] Android_Mid, [000001486A7A1100][000001486B489B40 49] Android_High, [000001486A7B3000][000001486B48C140 49] Android_Default, [000001486A7A1700][000001486B5002C0 49] Android_Adreno4xx, [000001486A7B1900][000001486B504440 49] Android_Adreno5xx_Low, [000001486A7A0A00][000001486B5085C0 49] Android_Adreno5xx, [000001486A7B3400][000001486634C740 49] Android_Adreno6xx, [000001486A7A0E00][00000148663508C0 49] Android_Adreno6xx_Vulkan, [000001486A7B3100][000001486635EA40 49] Android_Mali_T6xx, [000001486AA45E00][00000148663FCBC0 49] Android_Mali_T7xx, [000001486A9EC800][000001485BA56D40 49] Android_Mali_T8xx, [000001486AA45200][000001485BAA2EC0 49] Android_Mali_G71, [000001486A9ECE00][0000014866B7D040 49] Android_Mali_G72, [000001486AA45100][0000014866B891C0 49] Android_Mali_G72_Vulkan, [000001486A9EE500][000001486BDA9340 49] Android_Mali_G76, [000001486AA45500][000001486BDB54C0 49] Android_Mali_G76_Vulkan, [000001486A9EE000][000001486BE31640 49] Android_Mali_G77, [000001486AA47F00][000001485BADF780 49] Android_Mali_G77_Vulkan, [000001486A9EDD00][000001486BE578C0 49] Android_Mali_G78, [000001486AA44300][000001486BE5BA00 49] Android_Mali_G78_Vulkan, [000001486A9EC400][000001486BE65B40 49] Android_Mali_G710, [000001486AA47700][000001486BEA8140 49] Android_Mali_G710_Vulkan, [000001486A9EF100][000001486BEAC2C0 49] Android_Vulkan_SM5, [000001486AA44800][000001485BAA6440 49] Android_PowerVR_G6xxx, [000001486A9ECA00][000001485BAAA5C0 49] Android_PowerVR_GT7xxx, [000001486AA44D00][000001485BAAE740 49] Android_PowerVR_GE8xxx, [000001486A9EFB00][000001485BAB28C0 49] Android_PowerVR_GM9xxx, [000001486AA44600][000001485BAB6A40 49] Android_PowerVR_GM9xxx_Vulkan, [000001486A9ED200][000001485BABABC0 49] Android_TegraK1, [000001486AA46B00][000001485BABED40 49] Android_Unknown_Vulkan, [000001486A9EF000][000001485BAC2EC0 49] Lumin, [000001486AA46000][000001486B4FD040 49] Lumin_Desktop, [000001486A9EEE00][000001486B3A91C0 49] HoloLens, 
[2022.04.05-13.20.13:151][  0]LogMeshReduction: Using QuadricMeshReduction for automatic static mesh reduction
[2022.04.05-13.20.13:152][  0]LogMeshReduction: Using SimplygonMeshReduction for automatic skeletal mesh reduction
[2022.04.05-13.20.13:152][  0]LogMeshReduction: Using ProxyLODMeshReduction for automatic mesh merging
[2022.04.05-13.20.13:152][  0]LogMeshReduction: No distributed automatic mesh merging module available
[2022.04.05-13.20.13:152][  0]LogMeshMerging: No distributed automatic mesh merging module available
[2022.04.05-13.20.13:166][  0]LogNetVersion: P8_VR_Home 1.0.0, NetCL: 17155196, EngineNetVer: 17, GameNetVer: 0 (Checksum: 1173850688)
[2022.04.05-13.20.13:468][  0]LogTexture: Default maximum texture size for cubemaps generated from long-lat sources has been changed from 512 to unlimited. In order to preserve old behaiour for '/Engine/MapTemplates/Sky/DaylightAmbientCubemap.DaylightAmbientCubemap', its maximum texture size has been explicitly set to 512.
[2022.04.05-13.20.13:528][  0]LogHMD: PokeAHoleMaterial loaded successfully
[2022.04.05-13.20.13:533][  0]LogUObjectArray: 17075 objects as part of root set at end of initial load.
[2022.04.05-13.20.13:533][  0]LogUObjectAllocator: 4275792 out of 0 bytes used by permanent object pool.
[2022.04.05-13.20.13:533][  0]LogUObjectArray: CloseDisregardForGC: 0/0 objects in disregard for GC pool
[2022.04.05-13.20.13:747][  0]LogNiagaraDebuggerClient: Niagara Debugger Client Initialized | Session: 9220881045E701E569938F87DE1C218D | Instance: F40A24D54FFDE522B0C41CAC03526158 (LAPTOP-ILHQTL53-20540).
[2022.04.05-13.20.13:855][  0]LogUdpMessaging: Initializing bridge on interface 0.0.0.0:0 to multicast group 230.0.0.1:6666.
[2022.04.05-13.20.13:860][  0]LogTcpMessaging: Initializing TcpMessaging bridge
[2022.04.05-13.20.13:869][  0]LogPython: Using Python 3.7.7
[2022.04.05-13.20.14:677][  0]LogTexture: Default maximum texture size for cubemaps generated from long-lat sources has been changed from 512 to unlimited. In order to preserve old behaiour for '/Engine/EditorMaterials/AssetViewer/EpicQuadPanorama_CC+EV1.EpicQuadPanorama_CC+EV1', its maximum texture size has been explicitly set to 512.
[2022.04.05-13.20.15:196][  0]SourceControl: Source control is disabled
[2022.04.05-13.20.15:196][  0]SourceControl: Source control is disabled
[2022.04.05-13.20.15:200][  0]SourceControl: Source control is disabled
[2022.04.05-13.20.15:204][  0]SourceControl: Source control is disabled
[2022.04.05-13.20.15:210][  0]SourceControl: Source control is disabled
[2022.04.05-13.20.15:212][  0]LogUProjectInfo: Found projects:
[2022.04.05-13.20.15:220][  0]LogVSAccessor: Display: Unable to create Visual Studio setup instance: 80040154
[2022.04.05-13.20.15:221][  0]LogVSAccessor: Display: Unable to create Visual Studio setup instance: 80040154
[2022.04.05-13.20.15:221][  0]LogVSAccessor: Display: Unable to create Visual Studio setup instance: 80040154
[2022.04.05-13.20.15:346][  0]LogOpenImageDenoise: OIDN starting up
[2022.04.05-13.20.15:365][  0]LogAndroidPermission: UAndroidPermissionCallbackProxy::GetInstance
[2022.04.05-13.20.15:386][  0]LogAudioCaptureCore: Display: No Audio Capture implementations found. Audio input will be silent.
[2022.04.05-13.20.15:386][  0]LogAudioCaptureCore: Display: No Audio Capture implementations found. Audio input will be silent.
[2022.04.05-13.20.15:517][  0]LogCollectionManager: Loaded 0 collections in 0.001314 seconds
[2022.04.05-13.20.15:541][  0]LogFileCache: Scanning file cache for directory 'C:/Users/qwe_o/Documents/GitHub/P8ToBeAnnounced/P8_VR_Home/Saved/Collections/' took 0.00s
[2022.04.05-13.20.15:541][  0]LogFileCache: Scanning file cache for directory 'C:/Users/qwe_o/Documents/GitHub/P8ToBeAnnounced/P8_VR_Home/Content/Developers/qweo/Collections/' took 0.00s
[2022.04.05-13.20.15:541][  0]LogFileCache: Scanning file cache for directory 'C:/Users/qwe_o/Documents/GitHub/P8ToBeAnnounced/P8_VR_Home/Content/Collections/' took 0.00s
[2022.04.05-13.20.15:541][  0]LogOcInput: OculusInput pre-init called
[2022.04.05-13.20.15:767][  0]LogEngine: Initializing Engine...
[2022.04.05-13.20.16:268][  0]LogHMD: Failed to get an OpenXR system, result is XR_ERROR_FORM_FACTOR_UNAVAILABLE. Please check that your runtime supports VR headsets.
[2022.04.05-13.20.16:268][  0]LogMagicLeap: Warning: VR disabled because ZI is not enabled.  To enable, in the editor, Edit -> Project Settings -> Plugins -> Magic Leap Plugin -> Enable Zero Iteration
[2022.04.05-13.20.16:269][  0]LogStats: UGameplayTagsManager::InitializeManager -  0.000 s
[2022.04.05-13.20.16:405][  0]LogInit: Initializing FReadOnlyCVARCache
[2022.04.05-13.20.16:412][  0]LogAIModule: Creating AISystem for world Untitled
[2022.04.05-13.20.16:413][  0]LogAudio: Display: Initializing Audio Device Manager...
[2022.04.05-13.20.16:415][  0]LogAudio: Display: Loading Default Audio Settings Objects...
[2022.04.05-13.20.16:416][  0]LogAudio: Display: No default SoundConcurrencyObject specified (or failed to load).
[2022.04.05-13.20.16:416][  0]LogAudio: Display: Audio Device Manager Initialized
[2022.04.05-13.20.16:416][  0]LogAudio: Display: Creating Audio Device:                 Id: 1, Scope: Shared, Realtime: True
[2022.04.05-13.20.16:416][  0]LogAudioMixer: Display: Audio Mixer Platform Settings:
[2022.04.05-13.20.16:416][  0]LogAudioMixer: Display: 	Sample Rate:						  48000
[2022.04.05-13.20.16:416][  0]LogAudioMixer: Display: 	Callback Buffer Frame Size Requested: 1024
[2022.04.05-13.20.16:416][  0]LogAudioMixer: Display: 	Callback Buffer Frame Size To Use:	  1024
[2022.04.05-13.20.16:416][  0]LogAudioMixer: Display: 	Number of buffers to queue:			  1
[2022.04.05-13.20.16:416][  0]LogAudioMixer: Display: 	Max Channels (voices):				  0
[2022.04.05-13.20.16:416][  0]LogAudioMixer: Display: 	Number of Async Source Workers:		  4
[2022.04.05-13.20.16:416][  0]LogAudio: Display: AudioDevice MaxSources: 32
[2022.04.05-13.20.16:417][  0]LogAudio: Display: Audio Spatialization Plugin: Resonance Audio is external send: 1
[2022.04.05-13.20.16:417][  0]LogAudio: Display: Audio Reverb Plugin: Resonance Audio
[2022.04.05-13.20.16:417][  0]LogAudio: Display: Audio Occlusion Plugin: None (built-in).
[2022.04.05-13.20.16:417][  0]LogAudioMixer: Display: Initializing audio mixer.
[2022.04.05-13.20.16:451][  0]LogAudioMixer: Display: 0: FrontLeft
[2022.04.05-13.20.16:451][  0]LogAudioMixer: Display: 1: FrontRight
[2022.04.05-13.20.17:469][  0]LogAudioMixer: Display: Using Audio Device Headphones (Oculus Virtual Audio Device)
[2022.04.05-13.20.17:475][  0]LogAudioMixer: Display: Initializing Sound Submixes...
[2022.04.05-13.20.17:477][  0]LogAudioMixer: Display: Creating Master Submix 'MasterSubmixDefault'
[2022.04.05-13.20.17:477][  0]LogAudioMixer: Display: Creating Master Submix 'MasterReverbSubmixDefault'
[2022.04.05-13.20.17:478][  0]LogAudioMixer: Display: Creating Master Submix 'MasterEQSubmixDefault'
[2022.04.05-13.20.17:485][  0]LogAudioMixer: FMixerPlatformXAudio2::StartAudioStream() called
[2022.04.05-13.20.17:485][  0]LogAudioMixer: Display: Output buffers initialized: Frames=1024, Channels=2, Samples=2048
[2022.04.05-13.20.17:486][  0]LogAudioMixer: Display: Starting AudioMixerPlatformInterface::RunInternal()
[2022.04.05-13.20.17:486][  0]LogAudioMixer: Display: FMixerPlatformXAudio2::SubmitBuffer() called for the first time
[2022.04.05-13.20.17:486][  0]LogInit: FAudioDevice initialized.
[2022.04.05-13.20.17:487][  0]LogAudio: Display: Audio Device (ID: 1) registered with world 'Untitled'.
[2022.04.05-13.20.17:487][  0]LogNetVersion: Set ProjectVersion to 1.0.0.0. Version Checksum will be recalculated on next use.
[2022.04.05-13.20.17:550][  0]LogDerivedDataCache: Saved boot cache 0.06s 140MB C:/Users/qwe_o/AppData/Local/UnrealEngine/4.27/DerivedDataCache/Boot.ddc.
[2022.04.05-13.20.17:557][  0]LogInit: Texture streaming: Enabled
[2022.04.05-13.20.17:567][  0]LogAnalytics: Display: [UEEditor.Rocket.Release] APIServer = https://datarouter.ol.epicgames.com/. AppVersion = 4.27.2-18319896+++UE4+Release-4.27
[2022.04.05-13.20.17:569][  0]LogEngineSessionManager: EngineSessionManager initialized
[2022.04.05-13.20.17:569][  0]LogEditorSessionSummary: Verbose: Initializing EditorSessionSummaryWriter for editor session tracking
[2022.04.05-13.20.17:570][  0]LogEditorSessionSummary: EditorSessionSummaryWriter initialized
[2022.04.05-13.20.17:595][  0]LogInit: Transaction tracking system initialized
[2022.04.05-13.20.17:611][  0]BlueprintLog: New page: Editor Load
[2022.04.05-13.20.17:654][  0]LocalizationService: Localization service is disabled
[2022.04.05-13.20.17:673][  0]TimingProfiler: Initialize
[2022.04.05-13.20.17:673][  0]TimingProfiler: OnSessionChanged
[2022.04.05-13.20.17:673][  0]LoadingProfiler: Initialize
[2022.04.05-13.20.17:673][  0]LoadingProfiler: OnSessionChanged
[2022.04.05-13.20.17:673][  0]NetworkingProfiler: Initialize
[2022.04.05-13.20.17:673][  0]NetworkingProfiler: OnSessionChanged
[2022.04.05-13.20.17:673][  0]MemoryProfiler: Initialize
[2022.04.05-13.20.17:673][  0]MemoryProfiler: OnSessionChanged
[2022.04.05-13.20.17:720][  0]LogVSAccessor: Display: Unable to create Visual Studio setup instance: 80040154
[2022.04.05-13.20.17:720][  0]LogVSAccessor: Display: Unable to create Visual Studio setup instance: 80040154
[2022.04.05-13.20.17:720][  0]LogVSAccessor: Display: Unable to create Visual Studio setup instance: 80040154
[2022.04.05-13.20.17:856][  0]LogCook: Display: CookSettings for Memory: MemoryMaxUsedVirtual 0MiB, MemoryMaxUsedPhysical 16384MiB, MemoryMinFreeVirtual 0MiB, MemoryMinFreePhysical 1024MiB
[2022.04.05-13.20.17:856][  0]LogCook: Display: Mobile HDR setting 0
[2022.04.05-13.20.18:010][  0]LogFileCache: Scanning file cache for directory 'C:/Users/qwe_o/Documents/GitHub/P8ToBeAnnounced/P8_VR_Home/Content/' took 0.01s
[2022.04.05-13.20.18:010][  0]LogInit: Display: Engine is initialized. Leaving FEngineLoop::Init()
[2022.04.05-13.20.18:012][  0]SourceControl: Source control is disabled
[2022.04.05-13.20.18:012][  0]LogUnrealEdMisc: Loading editor; pre map load, took 9.268
[2022.04.05-13.20.18:013][  0]Cmd: MAP LOAD FILE="../../../../../../Users/qwe_o/Documents/GitHub/P8ToBeAnnounced/P8_VR_Home/Content/VRTemplate/Maps/VRTemplateMap.umap" TEMPLATE=0 SHOWPROGRESS=1 FEATURELEVEL=3
[2022.04.05-13.20.18:013][  0]LightingResults: New page: Lighting Build
[2022.04.05-13.20.18:014][  0]LogWorld: UWorld::CleanupWorld for Untitled, bSessionEnded=true, bCleanupResources=true
[2022.04.05-13.20.18:014][  0]LogSlate: InvalidateAllWidgets triggered.  All widgets were invalidated
[2022.04.05-13.20.18:015][  0]MapCheck: New page: Map Check
[2022.04.05-13.20.18:015][  0]LightingResults: New page: Lighting Build
[2022.04.05-13.20.18:019][  0]LogAudio: Display: Audio Device unregistered from world 'None'.
[2022.04.05-13.20.18:021][  0]LogUObjectHash: Compacting FUObjectHashTables data took   0.86ms
[2022.04.05-13.20.18:706][  0]LogLinker: Warning: Asset '../../../../../../Users/qwe_o/Documents/GitHub/P8ToBeAnnounced/P8_VR_Home/Content/Materials/PP_Outliner_M.uasset' has been saved with empty engine version. The asset will be loaded but may be incompatible.
[2022.04.05-13.20.18:714][  0]LogLinker: Warning: Asset '../../../../../../Users/qwe_o/Documents/GitHub/P8ToBeAnnounced/P8_VR_Home/Content/Materials/MF_ConvolveTexture.uasset' has been saved with empty engine version. The asset will be loaded but may be incompatible.
[2022.04.05-13.20.18:718][  0]LogLinker: Warning: Asset '../../../../../../Users/qwe_o/Documents/GitHub/P8ToBeAnnounced/P8_VR_Home/Content/Materials/MF_ExtractDepth.uasset' has been saved with empty engine version. The asset will be loaded but may be incompatible.
[2022.04.05-13.20.18:721][  0]LogLinker: Warning: Asset '../../../../../../Users/qwe_o/Documents/GitHub/P8ToBeAnnounced/P8_VR_Home/Content/Materials/MF_SampleSceneTextureNeighbourUVs.uasset' has been saved with empty engine version. The asset will be loaded but may be incompatible.
[2022.04.05-13.20.20:327][  0]LogPhysics: Warning: Failed to cook TriMesh: /Game/Marwa/shuttersNew/Group_629_001.Group_629_001.
[2022.04.05-13.20.20:327][  0]LogPhysics: Warning: Attempt to build physics data for /Game/Marwa/shuttersNew/Group_629_001.Group_629_001:BodySetup_0 when we are unable to.
[2022.04.05-13.20.20:342][  0]LogPhysics: Warning: Failed to cook TriMesh: /Game/Marwa/shuttersNew/Group_658_001.Group_658_001.
[2022.04.05-13.20.20:342][  0]LogPhysics: Warning: Attempt to build physics data for /Game/Marwa/shuttersNew/Group_658_001.Group_658_001:BodySetup_0 when we are unable to.
[2022.04.05-13.20.20:376][  0]LogPhysics: Warning: Failed to cook TriMesh: /Game/Marwa/shuttersNew/Group_688_2_001.Group_688_2_001.
[2022.04.05-13.20.20:376][  0]LogPhysics: Warning: Attempt to build physics data for /Game/Marwa/shuttersNew/Group_688_2_001.Group_688_2_001:BodySetup_0 when we are unable to.
[2022.04.05-13.20.20:548][  0]LogPhysics: Warning: Failed to cook TriMesh: /Game/Marwa/shuttersNew/Group_621_001.Group_621_001.
[2022.04.05-13.20.20:548][  0]LogPhysics: Warning: Attempt to build physics data for /Game/Marwa/shuttersNew/Group_621_001.Group_621_001:BodySetup_0 when we are unable to.
[2022.04.05-13.20.20:555][  0]LogPhysics: Warning: Failed to cook TriMesh: /Game/Marwa/shuttersNew/Group_167_001.Group_167_001.
[2022.04.05-13.20.20:555][  0]LogPhysics: Warning: Attempt to build physics data for /Game/Marwa/shuttersNew/Group_167_001.Group_167_001:BodySetup_0 when we are unable to.
[2022.04.05-13.20.20:778][  0]LogAudio: Display: Audio Device (ID: 1) registered with world 'VRTemplateMap'.
[2022.04.05-13.20.20:779][  0]LogAIModule: Creating AISystem for world VRTemplateMap
[2022.04.05-13.20.20:804][  0]LogEditorServer: Finished looking for orphan Actors (0.000 secs)
[2022.04.05-13.20.20:805][  0]LogNavigation: Warning: Recreating dtNavMesh instance due to saved navmesh origin (X=-1708.795 Y=-0.000 Z=10.000, usually the RecastNavMesh location) not being aligned with tile size (1000 uu) 
[2022.04.05-13.20.20:817][  0]LogUObjectHash: Compacting FUObjectHashTables data took   1.01ms
[2022.04.05-13.20.20:817][  0]Cmd: MAP CHECKDEP NOCLEARLOG
[2022.04.05-13.20.20:817][  0]MapCheck: Map check complete: 0 Error(s), 0 Warning(s), took 0,19ms to complete.
[2022.04.05-13.20.20:817][  0]LogFileHelpers: Loading map 'VRTemplateMap' took 2.805
[2022.04.05-13.20.20:821][  0]LogUnrealEdMisc: Total Editor Startup Time, took 12.077
[2022.04.05-13.20.20:935][  0]LogSlate: Updating window title bar state: overlay mode, drag disabled, window buttons hidden, title bar hidden
[2022.04.05-13.20.20:940][  0]LogSlate: Updating window title bar state: overlay mode, drag disabled, window buttons hidden, title bar hidden
[2022.04.05-13.20.20:945][  0]LogSlate: Updating window title bar state: overlay mode, drag disabled, window buttons hidden, title bar hidden
[2022.04.05-13.20.20:949][  0]LogSlate: Updating window title bar state: overlay mode, drag disabled, window buttons hidden, title bar hidden
[2022.04.05-13.20.20:974][  0]LogNativeClassHierarchy: Verbose: Native class hierarchy populated in 0.0089 seconds. Added 4030 classes and 980 folders.
[2022.04.05-13.20.20:977][  0]LogNativeClassHierarchy: Verbose: Native class hierarchy updated for 'WidgetCarousel' in 0.0002 seconds. Added 0 classes and 0 folders.
[2022.04.05-13.20.20:985][  0]LogPakFile: PakFile PrimaryIndexSize=187
[2022.04.05-13.20.20:985][  0]LogPakFile: PakFile PathHashIndexSize=101
[2022.04.05-13.20.20:985][  0]LogPakFile: PakFile FullDirectoryIndexSize=148
[2022.04.05-13.20.20:985][  0]LogShaderLibrary: Display: ShaderCodeLibraryPakFileMountedCallback: PakFile 'C:/Program Files/Epic Games/UE_4.27/FeaturePacks/FP_FirstPerson.upack' (chunk index -1, root 'root:/') mounted
[2022.04.05-13.20.20:985][  0]LogShaderLibrary: Display: ShaderCodeLibraryPakFileMountedCallback: pending pak file info (ChunkID:-1 Root:root:/ File:C:/Program Files/Epic Games/UE_4.27/FeaturePacks/FP_FirstPerson.upack)
[2022.04.05-13.20.20:985][  0]LogPakFile: OnPakFileMounted2Time == 0.000052
[2022.04.05-13.20.20:991][  0]LogPakFile: PakFile PrimaryIndexSize=189
[2022.04.05-13.20.20:991][  0]LogPakFile: PakFile PathHashIndexSize=101
[2022.04.05-13.20.20:991][  0]LogPakFile: PakFile FullDirectoryIndexSize=152
[2022.04.05-13.20.20:992][  0]LogShaderLibrary: Display: ShaderCodeLibraryPakFileMountedCallback: PakFile 'C:/Program Files/Epic Games/UE_4.27/FeaturePacks/FP_FirstPersonBP.upack' (chunk index -1, root 'root:/') mounted
[2022.04.05-13.20.20:992][  0]LogShaderLibrary: Display: ShaderCodeLibraryPakFileMountedCallback: pending pak file info (ChunkID:-1 Root:root:/ File:C:/Program Files/Epic Games/UE_4.27/FeaturePacks/FP_FirstPersonBP.upack)
[2022.04.05-13.20.20:992][  0]LogPakFile: OnPakFileMounted2Time == 0.000037
[2022.04.05-13.20.20:995][  0]LogPakFile: PakFile PrimaryIndexSize=191
[2022.04.05-13.20.20:995][  0]LogPakFile: PakFile PathHashIndexSize=101
[2022.04.05-13.20.20:995][  0]LogPakFile: PakFile FullDirectoryIndexSize=160
[2022.04.05-13.20.20:995][  0]LogShaderLibrary: Display: ShaderCodeLibraryPakFileMountedCallback: PakFile 'C:/Program Files/Epic Games/UE_4.27/FeaturePacks/MobileStarterContent.upack' (chunk index -1, root 'root:/') mounted
[2022.04.05-13.20.20:995][  0]LogShaderLibrary: Display: ShaderCodeLibraryPakFileMountedCallback: pending pak file info (ChunkID:-1 Root:root:/ File:C:/Program Files/Epic Games/UE_4.27/FeaturePacks/MobileStarterContent.upack)
[2022.04.05-13.20.20:995][  0]LogPakFile: OnPakFileMounted2Time == 0.000027
[2022.04.05-13.20.20:998][  0]LogPakFile: PakFile PrimaryIndexSize=185
[2022.04.05-13.20.20:998][  0]LogPakFile: PakFile PathHashIndexSize=101
[2022.04.05-13.20.20:998][  0]LogPakFile: PakFile FullDirectoryIndexSize=148
[2022.04.05-13.20.20:998][  0]LogShaderLibrary: Display: ShaderCodeLibraryPakFileMountedCallback: PakFile 'C:/Program Files/Epic Games/UE_4.27/FeaturePacks/StarterContent.upack' (chunk index -1, root 'root:/') mounted
[2022.04.05-13.20.20:998][  0]LogShaderLibrary: Display: ShaderCodeLibraryPakFileMountedCallback: pending pak file info (ChunkID:-1 Root:root:/ File:C:/Program Files/Epic Games/UE_4.27/FeaturePacks/StarterContent.upack)
[2022.04.05-13.20.20:998][  0]LogPakFile: OnPakFileMounted2Time == 0.000034
[2022.04.05-13.20.21:002][  0]LogPakFile: PakFile PrimaryIndexSize=190
[2022.04.05-13.20.21:002][  0]LogPakFile: PakFile PathHashIndexSize=101
[2022.04.05-13.20.21:002][  0]LogPakFile: PakFile FullDirectoryIndexSize=154
[2022.04.05-13.20.21:002][  0]LogShaderLibrary: Display: ShaderCodeLibraryPakFileMountedCallback: PakFile 'C:/Program Files/Epic Games/UE_4.27/FeaturePacks/TP_2DSideScroller.upack' (chunk index -1, root 'root:/') mounted
[2022.04.05-13.20.21:002][  0]LogShaderLibrary: Display: ShaderCodeLibraryPakFileMountedCallback: pending pak file info (ChunkID:-1 Root:root:/ File:C:/Program Files/Epic Games/UE_4.27/FeaturePacks/TP_2DSideScroller.upack)
[2022.04.05-13.20.21:002][  0]LogPakFile: OnPakFileMounted2Time == 0.000032
[2022.04.05-13.20.21:005][  0]LogPakFile: PakFile PrimaryIndexSize=192
[2022.04.05-13.20.21:005][  0]LogPakFile: PakFile PathHashIndexSize=101
[2022.04.05-13.20.21:005][  0]LogPakFile: PakFile FullDirectoryIndexSize=158
[2022.04.05-13.20.21:005][  0]LogShaderLibrary: Display: ShaderCodeLibraryPakFileMountedCallback: PakFile 'C:/Program Files/Epic Games/UE_4.27/FeaturePacks/TP_2DSideScrollerBP.upack' (chunk index -1, root 'root:/') mounted
[2022.04.05-13.20.21:005][  0]LogShaderLibrary: Display: ShaderCodeLibraryPakFileMountedCallback: pending pak file info (ChunkID:-1 Root:root:/ File:C:/Program Files/Epic Games/UE_4.27/FeaturePacks/TP_2DSideScrollerBP.upack)
[2022.04.05-13.20.21:005][  0]LogPakFile: OnPakFileMounted2Time == 0.000031
[2022.04.05-13.20.21:008][  0]LogPakFile: PakFile PrimaryIndexSize=182
[2022.04.05-13.20.21:008][  0]LogPakFile: PakFile PathHashIndexSize=101
[2022.04.05-13.20.21:008][  0]LogPakFile: PakFile FullDirectoryIndexSize=138
[2022.04.05-13.20.21:008][  0]LogShaderLibrary: Display: ShaderCodeLibraryPakFileMountedCallback: PakFile 'C:/Program Files/Epic Games/UE_4.27/FeaturePacks/TP_Flying.upack' (chunk index -1, root 'root:/') mounted
[2022.04.05-13.20.21:008][  0]LogShaderLibrary: Display: ShaderCodeLibraryPakFileMountedCallback: pending pak file info (ChunkID:-1 Root:root:/ File:C:/Program Files/Epic Games/UE_4.27/FeaturePacks/TP_Flying.upack)
[2022.04.05-13.20.21:008][  0]LogPakFile: OnPakFileMounted2Time == 0.000032
[2022.04.05-13.20.21:012][  0]LogPakFile: PakFile PrimaryIndexSize=184
[2022.04.05-13.20.21:012][  0]LogPakFile: PakFile PathHashIndexSize=101
[2022.04.05-13.20.21:012][  0]LogPakFile: PakFile FullDirectoryIndexSize=142
[2022.04.05-13.20.21:012][  0]LogShaderLibrary: Display: ShaderCodeLibraryPakFileMountedCallback: PakFile 'C:/Program Files/Epic Games/UE_4.27/FeaturePacks/TP_FlyingBP.upack' (chunk index -1, root 'root:/') mounted
[2022.04.05-13.20.21:012][  0]LogShaderLibrary: Display: ShaderCodeLibraryPakFileMountedCallback: pending pak file info (ChunkID:-1 Root:root:/ File:C:/Program Files/Epic Games/UE_4.27/FeaturePacks/TP_FlyingBP.upack)
[2022.04.05-13.20.21:012][  0]LogPakFile: OnPakFileMounted2Time == 0.000027
[2022.04.05-13.20.21:015][  0]LogPakFile: PakFile PrimaryIndexSize=188
[2022.04.05-13.20.21:015][  0]LogPakFile: PakFile PathHashIndexSize=101
[2022.04.05-13.20.21:015][  0]LogPakFile: PakFile FullDirectoryIndexSize=150
[2022.04.05-13.20.21:015][  0]LogShaderLibrary: Display: ShaderCodeLibraryPakFileMountedCallback: PakFile 'C:/Program Files/Epic Games/UE_4.27/FeaturePacks/TP_HandheldARBP.upack' (chunk index -1, root 'root:/') mounted
[2022.04.05-13.20.21:015][  0]LogShaderLibrary: Display: ShaderCodeLibraryPakFileMountedCallback: pending pak file info (ChunkID:-1 Root:root:/ File:C:/Program Files/Epic Games/UE_4.27/FeaturePacks/TP_HandheldARBP.upack)
[2022.04.05-13.20.21:015][  0]LogPakFile: OnPakFileMounted2Time == 0.000032
[2022.04.05-13.20.21:020][  0]LogPakFile: PakFile PrimaryIndexSize=182
[2022.04.05-13.20.21:020][  0]LogPakFile: PakFile PathHashIndexSize=101
[2022.04.05-13.20.21:020][  0]LogPakFile: PakFile FullDirectoryIndexSize=138
[2022.04.05-13.20.21:020][  0]LogShaderLibrary: Display: ShaderCodeLibraryPakFileMountedCallback: PakFile 'C:/Program Files/Epic Games/UE_4.27/FeaturePacks/TP_Puzzle.upack' (chunk index -1, root 'root:/') mounted
[2022.04.05-13.20.21:020][  0]LogShaderLibrary: Display: ShaderCodeLibraryPakFileMountedCallback: pending pak file info (ChunkID:-1 Root:root:/ File:C:/Program Files/Epic Games/UE_4.27/FeaturePacks/TP_Puzzle.upack)
[2022.04.05-13.20.21:020][  0]LogPakFile: OnPakFileMounted2Time == 0.000033
[2022.04.05-13.20.21:023][  0]LogPakFile: PakFile PrimaryIndexSize=184
[2022.04.05-13.20.21:023][  0]LogPakFile: PakFile PathHashIndexSize=101
[2022.04.05-13.20.21:023][  0]LogPakFile: PakFile FullDirectoryIndexSize=142
[2022.04.05-13.20.21:023][  0]LogShaderLibrary: Display: ShaderCodeLibraryPakFileMountedCallback: PakFile 'C:/Program Files/Epic Games/UE_4.27/FeaturePacks/TP_PuzzleBP.upack' (chunk index -1, root 'root:/') mounted
[2022.04.05-13.20.21:023][  0]LogShaderLibrary: Display: ShaderCodeLibraryPakFileMountedCallback: pending pak file info (ChunkID:-1 Root:root:/ File:C:/Program Files/Epic Games/UE_4.27/FeaturePacks/TP_PuzzleBP.upack)
[2022.04.05-13.20.21:023][  0]LogPakFile: OnPakFileMounted2Time == 0.000033
[2022.04.05-13.20.21:027][  0]LogPakFile: PakFile PrimaryIndexSize=183
[2022.04.05-13.20.21:027][  0]LogPakFile: PakFile PathHashIndexSize=101
[2022.04.05-13.20.21:027][  0]LogPakFile: PakFile FullDirectoryIndexSize=140
[2022.04.05-13.20.21:027][  0]LogShaderLibrary: Display: ShaderCodeLibraryPakFileMountedCallback: PakFile 'C:/Program Files/Epic Games/UE_4.27/FeaturePacks/TP_Rolling.upack' (chunk index -1, root 'root:/') mounted
[2022.04.05-13.20.21:027][  0]LogShaderLibrary: Display: ShaderCodeLibraryPakFileMountedCallback: pending pak file info (ChunkID:-1 Root:root:/ File:C:/Program Files/Epic Games/UE_4.27/FeaturePacks/TP_Rolling.upack)
[2022.04.05-13.20.21:027][  0]LogPakFile: OnPakFileMounted2Time == 0.000032
[2022.04.05-13.20.21:031][  0]LogPakFile: PakFile PrimaryIndexSize=185
[2022.04.05-13.20.21:031][  0]LogPakFile: PakFile PathHashIndexSize=101
[2022.04.05-13.20.21:031][  0]LogPakFile: PakFile FullDirectoryIndexSize=144
[2022.04.05-13.20.21:031][  0]LogShaderLibrary: Display: ShaderCodeLibraryPakFileMountedCallback: PakFile 'C:/Program Files/Epic Games/UE_4.27/FeaturePacks/TP_RollingBP.upack' (chunk index -1, root 'root:/') mounted
[2022.04.05-13.20.21:031][  0]LogShaderLibrary: Display: ShaderCodeLibraryPakFileMountedCallback: pending pak file info (ChunkID:-1 Root:root:/ File:C:/Program Files/Epic Games/UE_4.27/FeaturePacks/TP_RollingBP.upack)
[2022.04.05-13.20.21:031][  0]LogPakFile: OnPakFileMounted2Time == 0.000033
[2022.04.05-13.20.21:034][  0]LogPakFile: PakFile PrimaryIndexSize=188
[2022.04.05-13.20.21:034][  0]LogPakFile: PakFile PathHashIndexSize=101
[2022.04.05-13.20.21:034][  0]LogPakFile: PakFile FullDirectoryIndexSize=150
[2022.04.05-13.20.21:034][  0]LogShaderLibrary: Display: ShaderCodeLibraryPakFileMountedCallback: PakFile 'C:/Program Files/Epic Games/UE_4.27/FeaturePacks/TP_SideScroller.upack' (chunk index -1, root 'root:/') mounted
[2022.04.05-13.20.21:034][  0]LogShaderLibrary: Display: ShaderCodeLibraryPakFileMountedCallback: pending pak file info (ChunkID:-1 Root:root:/ File:C:/Program Files/Epic Games/UE_4.27/FeaturePacks/TP_SideScroller.upack)
[2022.04.05-13.20.21:034][  0]LogPakFile: OnPakFileMounted2Time == 0.000031
[2022.04.05-13.20.21:037][  0]LogPakFile: PakFile PrimaryIndexSize=190
[2022.04.05-13.20.21:038][  0]LogPakFile: PakFile PathHashIndexSize=101
[2022.04.05-13.20.21:038][  0]LogPakFile: PakFile FullDirectoryIndexSize=154
[2022.04.05-13.20.21:038][  0]LogShaderLibrary: Display: ShaderCodeLibraryPakFileMountedCallback: PakFile 'C:/Program Files/Epic Games/UE_4.27/FeaturePacks/TP_SideScrollerBP.upack' (chunk index -1, root 'root:/') mounted
[2022.04.05-13.20.21:038][  0]LogShaderLibrary: Display: ShaderCodeLibraryPakFileMountedCallback: pending pak file info (ChunkID:-1 Root:root:/ File:C:/Program Files/Epic Games/UE_4.27/FeaturePacks/TP_SideScrollerBP.upack)
[2022.04.05-13.20.21:038][  0]LogPakFile: OnPakFileMounted2Time == 0.000031
[2022.04.05-13.20.21:041][  0]LogPakFile: PakFile PrimaryIndexSize=187
[2022.04.05-13.20.21:041][  0]LogPakFile: PakFile PathHashIndexSize=101
[2022.04.05-13.20.21:041][  0]LogPakFile: PakFile FullDirectoryIndexSize=148
[2022.04.05-13.20.21:041][  0]LogShaderLibrary: Display: ShaderCodeLibraryPakFileMountedCallback: PakFile 'C:/Program Files/Epic Games/UE_4.27/FeaturePacks/TP_ThirdPerson.upack' (chunk index -1, root 'root:/') mounted
[2022.04.05-13.20.21:041][  0]LogShaderLibrary: Display: ShaderCodeLibraryPakFileMountedCallback: pending pak file info (ChunkID:-1 Root:root:/ File:C:/Program Files/Epic Games/UE_4.27/FeaturePacks/TP_ThirdPerson.upack)
[2022.04.05-13.20.21:041][  0]LogPakFile: OnPakFileMounted2Time == 0.000033
[2022.04.05-13.20.21:044][  0]LogPakFile: PakFile PrimaryIndexSize=189
[2022.04.05-13.20.21:044][  0]LogPakFile: PakFile PathHashIndexSize=101
[2022.04.05-13.20.21:044][  0]LogPakFile: PakFile FullDirectoryIndexSize=152
[2022.04.05-13.20.21:044][  0]LogShaderLibrary: Display: ShaderCodeLibraryPakFileMountedCallback: PakFile 'C:/Program Files/Epic Games/UE_4.27/FeaturePacks/TP_ThirdPersonBP.upack' (chunk index -1, root 'root:/') mounted
[2022.04.05-13.20.21:044][  0]LogShaderLibrary: Display: ShaderCodeLibraryPakFileMountedCallback: pending pak file info (ChunkID:-1 Root:root:/ File:C:/Program Files/Epic Games/UE_4.27/FeaturePacks/TP_ThirdPersonBP.upack)
[2022.04.05-13.20.21:044][  0]LogPakFile: OnPakFileMounted2Time == 0.000031
[2022.04.05-13.20.21:048][  0]LogPakFile: PakFile PrimaryIndexSize=183
[2022.04.05-13.20.21:048][  0]LogPakFile: PakFile PathHashIndexSize=101
[2022.04.05-13.20.21:048][  0]LogPakFile: PakFile FullDirectoryIndexSize=140
[2022.04.05-13.20.21:048][  0]LogShaderLibrary: Display: ShaderCodeLibraryPakFileMountedCallback: PakFile 'C:/Program Files/Epic Games/UE_4.27/FeaturePacks/TP_TopDown.upack' (chunk index -1, root 'root:/') mounted
[2022.04.05-13.20.21:048][  0]LogShaderLibrary: Display: ShaderCodeLibraryPakFileMountedCallback: pending pak file info (ChunkID:-1 Root:root:/ File:C:/Program Files/Epic Games/UE_4.27/FeaturePacks/TP_TopDown.upack)
[2022.04.05-13.20.21:048][  0]LogPakFile: OnPakFileMounted2Time == 0.000042
[2022.04.05-13.20.21:051][  0]LogPakFile: PakFile PrimaryIndexSize=185
[2022.04.05-13.20.21:051][  0]LogPakFile: PakFile PathHashIndexSize=101
[2022.04.05-13.20.21:051][  0]LogPakFile: PakFile FullDirectoryIndexSize=144
[2022.04.05-13.20.21:051][  0]LogShaderLibrary: Display: ShaderCodeLibraryPakFileMountedCallback: PakFile 'C:/Program Files/Epic Games/UE_4.27/FeaturePacks/TP_TopDownBP.upack' (chunk index -1, root 'root:/') mounted
[2022.04.05-13.20.21:051][  0]LogShaderLibrary: Display: ShaderCodeLibraryPakFileMountedCallback: pending pak file info (ChunkID:-1 Root:root:/ File:C:/Program Files/Epic Games/UE_4.27/FeaturePacks/TP_TopDownBP.upack)
[2022.04.05-13.20.21:051][  0]LogPakFile: OnPakFileMounted2Time == 0.000032
[2022.04.05-13.20.21:056][  0]LogPakFile: PakFile PrimaryIndexSize=185
[2022.04.05-13.20.21:056][  0]LogPakFile: PakFile PathHashIndexSize=101
[2022.04.05-13.20.21:056][  0]LogPakFile: PakFile FullDirectoryIndexSize=144
[2022.04.05-13.20.21:057][  0]LogShaderLibrary: Display: ShaderCodeLibraryPakFileMountedCallback: PakFile 'C:/Program Files/Epic Games/UE_4.27/FeaturePacks/TP_TwinStick.upack' (chunk index -1, root 'root:/') mounted
[2022.04.05-13.20.21:057][  0]LogShaderLibrary: Display: ShaderCodeLibraryPakFileMountedCallback: pending pak file info (ChunkID:-1 Root:root:/ File:C:/Program Files/Epic Games/UE_4.27/FeaturePacks/TP_TwinStick.upack)
[2022.04.05-13.20.21:057][  0]LogPakFile: OnPakFileMounted2Time == 0.000034
[2022.04.05-13.20.21:060][  0]LogPakFile: PakFile PrimaryIndexSize=187
[2022.04.05-13.20.21:060][  0]LogPakFile: PakFile PathHashIndexSize=101
[2022.04.05-13.20.21:060][  0]LogPakFile: PakFile FullDirectoryIndexSize=148
[2022.04.05-13.20.21:060][  0]LogShaderLibrary: Display: ShaderCodeLibraryPakFileMountedCallback: PakFile 'C:/Program Files/Epic Games/UE_4.27/FeaturePacks/TP_TwinStickBP.upack' (chunk index -1, root 'root:/') mounted
[2022.04.05-13.20.21:060][  0]LogShaderLibrary: Display: ShaderCodeLibraryPakFileMountedCallback: pending pak file info (ChunkID:-1 Root:root:/ File:C:/Program Files/Epic Games/UE_4.27/FeaturePacks/TP_TwinStickBP.upack)
[2022.04.05-13.20.21:060][  0]LogPakFile: OnPakFileMounted2Time == 0.000032
[2022.04.05-13.20.21:064][  0]LogPakFile: PakFile PrimaryIndexSize=183
[2022.04.05-13.20.21:064][  0]LogPakFile: PakFile PathHashIndexSize=101
[2022.04.05-13.20.21:064][  0]LogPakFile: PakFile FullDirectoryIndexSize=140
[2022.04.05-13.20.21:064][  0]LogShaderLibrary: Display: ShaderCodeLibraryPakFileMountedCallback: PakFile 'C:/Program Files/Epic Games/UE_4.27/FeaturePacks/TP_Vehicle.upack' (chunk index -1, root 'root:/') mounted
[2022.04.05-13.20.21:064][  0]LogShaderLibrary: Display: ShaderCodeLibraryPakFileMountedCallback: pending pak file info (ChunkID:-1 Root:root:/ File:C:/Program Files/Epic Games/UE_4.27/FeaturePacks/TP_Vehicle.upack)
[2022.04.05-13.20.21:064][  0]LogPakFile: OnPakFileMounted2Time == 0.000032
[2022.04.05-13.20.21:067][  0]LogPakFile: PakFile PrimaryIndexSize=186
[2022.04.05-13.20.21:067][  0]LogPakFile: PakFile PathHashIndexSize=101
[2022.04.05-13.20.21:067][  0]LogPakFile: PakFile FullDirectoryIndexSize=146
[2022.04.05-13.20.21:067][  0]LogShaderLibrary: Display: ShaderCodeLibraryPakFileMountedCallback: PakFile 'C:/Program Files/Epic Games/UE_4.27/FeaturePacks/TP_VehicleAdv.upack' (chunk index -1, root 'root:/') mounted
[2022.04.05-13.20.21:067][  0]LogShaderLibrary: Display: ShaderCodeLibraryPakFileMountedCallback: pending pak file info (ChunkID:-1 Root:root:/ File:C:/Program Files/Epic Games/UE_4.27/FeaturePacks/TP_VehicleAdv.upack)
[2022.04.05-13.20.21:067][  0]LogPakFile: OnPakFileMounted2Time == 0.000034
[2022.04.05-13.20.21:071][  0]LogPakFile: PakFile PrimaryIndexSize=188
[2022.04.05-13.20.21:071][  0]LogPakFile: PakFile PathHashIndexSize=101
[2022.04.05-13.20.21:071][  0]LogPakFile: PakFile FullDirectoryIndexSize=150
[2022.04.05-13.20.21:071][  0]LogShaderLibrary: Display: ShaderCodeLibraryPakFileMountedCallback: PakFile 'C:/Program Files/Epic Games/UE_4.27/FeaturePacks/TP_VehicleAdvBP.upack' (chunk index -1, root 'root:/') mounted
[2022.04.05-13.20.21:071][  0]LogShaderLibrary: Display: ShaderCodeLibraryPakFileMountedCallback: pending pak file info (ChunkID:-1 Root:root:/ File:C:/Program Files/Epic Games/UE_4.27/FeaturePacks/TP_VehicleAdvBP.upack)
[2022.04.05-13.20.21:071][  0]LogPakFile: OnPakFileMounted2Time == 0.000032
[2022.04.05-13.20.21:074][  0]LogPakFile: PakFile PrimaryIndexSize=185
[2022.04.05-13.20.21:074][  0]LogPakFile: PakFile PathHashIndexSize=101
[2022.04.05-13.20.21:074][  0]LogPakFile: PakFile FullDirectoryIndexSize=144
[2022.04.05-13.20.21:074][  0]LogShaderLibrary: Display: ShaderCodeLibraryPakFileMountedCallback: PakFile 'C:/Program Files/Epic Games/UE_4.27/FeaturePacks/TP_VehicleBP.upack' (chunk index -1, root 'root:/') mounted
[2022.04.05-13.20.21:074][  0]LogShaderLibrary: Display: ShaderCodeLibraryPakFileMountedCallback: pending pak file info (ChunkID:-1 Root:root:/ File:C:/Program Files/Epic Games/UE_4.27/FeaturePacks/TP_VehicleBP.upack)
[2022.04.05-13.20.21:074][  0]LogPakFile: OnPakFileMounted2Time == 0.000042
[2022.04.05-13.20.21:078][  0]LogPakFile: PakFile PrimaryIndexSize=192
[2022.04.05-13.20.21:078][  0]LogPakFile: PakFile PathHashIndexSize=101
[2022.04.05-13.20.21:078][  0]LogPakFile: PakFile FullDirectoryIndexSize=158
[2022.04.05-13.20.21:078][  0]LogShaderLibrary: Display: ShaderCodeLibraryPakFileMountedCallback: PakFile 'C:/Program Files/Epic Games/UE_4.27/FeaturePacks/TP_VirtualRealityBP.upack' (chunk index -1, root 'root:/') mounted
[2022.04.05-13.20.21:078][  0]LogShaderLibrary: Display: ShaderCodeLibraryPakFileMountedCallback: pending pak file info (ChunkID:-1 Root:root:/ File:C:/Program Files/Epic Games/UE_4.27/FeaturePacks/TP_VirtualRealityBP.upack)
[2022.04.05-13.20.21:078][  0]LogPakFile: OnPakFileMounted2Time == 0.000031
[2022.04.05-13.20.21:229][  0]LogNativeClassHierarchy: Verbose: Native class hierarchy updated for 'AddContentDialog' in 0.0003 seconds. Added 0 classes and 0 folders.
[2022.04.05-13.20.21:265][  0]LogSlate: Took 0.000118 seconds to synchronously load lazily loaded font '../../../Engine/Content/Slate/Fonts/Roboto-Regular.ttf' (155K)
[2022.04.05-13.20.21:269][  0]LogSlate: Took 0.003610 seconds to synchronously load lazily loaded font '../../../Engine/Content/Editor/Slate/Fonts/FontAwesome.ttf' (139K)
[2022.04.05-13.20.21:271][  0]LogSlate: Took 0.000108 seconds to synchronously load lazily loaded font '../../../Engine/Content/Slate/Fonts/Roboto-Bold.ttf' (160K)
[2022.04.05-13.20.21:359][  0]LogRenderer: Reallocating scene render targets to support 1232x652 Format 10 NumSamples 4 (Frame:1).
[2022.04.05-13.20.21:400][  0]LogSlate: Took 0.004045 seconds to synchronously load lazily loaded font '../../../Engine/Content/Slate/Fonts/Roboto-Light.ttf' (167K)
[2022.04.05-13.20.21:492][  0]LogNativeClassHierarchy: Verbose: Native class hierarchy updated for 'HierarchicalLODOutliner' in 0.0003 seconds. Added 0 classes and 0 folders.
[2022.04.05-13.20.21:492][  0]LogLoad: (Engine Initialization) Total time: 12.75 seconds
[2022.04.05-13.20.21:492][  0]LogLoad: (Engine Initialization) Total Blueprint compile time: 0.00 seconds
[2022.04.05-13.20.21:553][  0]LogAssetRegistry: Asset discovery search completed in 8.7055 seconds
[2022.04.05-13.20.21:558][  0]LogCollectionManager: Fixed up redirectors for 0 collections in 0.000003 seconds (updated 0 objects)
[2022.04.05-13.20.21:559][  0]LogContentStreaming: Texture pool size now 1000 MB
[2022.04.05-13.20.21:620][  1]LogResonanceAudio: Display: Resonance Audio Listener is initialized
[2022.04.05-13.20.22:526][ 49]LogSlate: Took 0.000155 seconds to synchronously load lazily loaded font '../../../Engine/Content/Slate/Fonts/Roboto-Light.ttf' (167K)
[2022.04.05-13.20.26:635][ 84]LogFileCache: Retrieving MD5 hashes for directory 'C:/Users/qwe_o/Documents/GitHub/P8ToBeAnnounced/P8_VR_Home/Content/' took 5.12s
[2022.04.05-13.30.21:764][936]LogUObjectHash: Compacting FUObjectHashTables data took   0.97ms
[2022.04.05-13.30.21:876][936]LogSavePackage: Moving '../../../../../../Users/qwe_o/Documents/GitHub/P8ToBeAnnounced/P8_VR_Home/Saved/VRTemplateMap_Auto121C9D7FC471C27FFF5B1FE9C304F1944.tmp' to '../../../../../../Users/qwe_o/Documents/GitHub/P8ToBeAnnounced/P8_VR_Home/Saved/Autosaves/Game/VRTemplate/Maps/VRTemplateMap_Auto1.umap'
[2022.04.05-13.30.21:879][936]LogFileHelpers: Editor autosave (incl. external actors) for '/Game/VRTemplate/Maps/VRTemplateMap' took 0.120
[2022.04.05-13.30.21:879][936]LogFileHelpers: Editor autosave (incl. sublevels & external actors) for all levels took 0.120
[2022.04.05-13.40.53:528][ 29]LogMaterial: Display: Missing cached shadermap for M_CobbleStone_Smooth in PCD3D_SM5, Default, SM5 (DDC key hash: 85DCBC4CB50A64D07A2607A1EE1756FB7F3C205A), compiling. 
[2022.04.05-13.40.53:575][ 29]LogShaderCompilers: Display: Submitted 25 shader compile jobs with 'Low' priority
[2022.04.05-13.40.53:583][ 29]LogShaderCompilers: Display: Worker (1/9): shaders left to compile 25
[2022.04.05-13.40.53:583][ 29]LogShaderCompilers: Display: Worker (2/9): shaders left to compile 21
[2022.04.05-13.40.53:583][ 29]LogShaderCompilers: Display: Worker (3/9): shaders left to compile 17
[2022.04.05-13.40.53:583][ 29]LogShaderCompilers: Display: Worker (4/9): shaders left to compile 13
[2022.04.05-13.40.53:583][ 29]LogShaderCompilers: Display: Worker (5/9): shaders left to compile 9
[2022.04.05-13.40.53:583][ 29]LogShaderCompilers: Display: Worker (6/9): shaders left to compile 5
[2022.04.05-13.40.53:583][ 29]LogShaderCompilers: Display: Worker (7/9): shaders left to compile 1
[2022.04.05-13.40.53:583][ 29]LogShaderCompilers: Display: Started 25 'Local' shader compile jobs with 'Low' priority
[2022.04.05-13.41.02:017][388]LogShaderCompilers: Display: === FShaderJobCache stats ===
[2022.04.05-13.41.02:017][388]LogShaderCompilers: Display: Total job queries 25, among them cache hits 0 (0.00%)
[2022.04.05-13.41.02:017][388]LogShaderCompilers: Display: Tracking 1 distinct input hashes that result in 1 distinct outputs (100.00%)
[2022.04.05-13.41.02:017][388]LogShaderCompilers: Display: RAM used: 0.04 MB (0.00 GB) of 819.20 MB (0.80 GB) budget. Usage: 0.00%
[2022.04.05-13.41.02:017][388]LogShaderCompilers: Display: ================================================
[2022.04.05-13.41.06:632][634]LogEditorViewport: Clicking on Actor (LMB): torque_wheell_C (torque_wheell)
[2022.04.05-13.41.28:581][940]LogAssetEditorSubsystem: Opening Asset editor for Blueprint /Game/ScriptsBluePrints/torque_wheel_fridge.torque_wheel_fridge
[2022.04.05-13.41.28:731][940]LogEnum: Warning: Enum name collision: 'GrabType::NewEnumerator0' is in both '/Game/ScriptsBluePrints/VRTemplate/Blueprints/GrabType.GrabType' and '/Game/VRTemplate/Blueprints/GrabType.GrabType'
[2022.04.05-13.41.28:731][940]LogEnum: Warning: Enum name collision: 'GrabType::NewEnumerator4' is in both '/Game/ScriptsBluePrints/VRTemplate/Blueprints/GrabType.GrabType' and '/Game/VRTemplate/Blueprints/GrabType.GrabType'
[2022.04.05-13.41.28:731][940]LogEnum: Warning: Enum name collision: 'GrabType::NewEnumerator1' is in both '/Game/ScriptsBluePrints/VRTemplate/Blueprints/GrabType.GrabType' and '/Game/VRTemplate/Blueprints/GrabType.GrabType'
[2022.04.05-13.41.28:731][940]LogEnum: Warning: Enum name collision: 'GrabType::NewEnumerator3' is in both '/Game/ScriptsBluePrints/VRTemplate/Blueprints/GrabType.GrabType' and '/Game/VRTemplate/Blueprints/GrabType.GrabType'
[2022.04.05-13.41.28:731][940]LogEnum: Warning: Enum name collision: 'GrabType::GrabType_MAX' is in both '/Game/ScriptsBluePrints/VRTemplate/Blueprints/GrabType.GrabType' and '/Game/VRTemplate/Blueprints/GrabType.GrabType'
[2022.04.05-13.41.28:732][940]LogEnum: Warning: Enum name collision: 'GrabType::NewEnumerator0' is in both '/Game/ScriptsBluePrints/VRTemplate/Blueprints/GrabType.GrabType' and '/Game/VRTemplate/Blueprints/GrabType.GrabType'
[2022.04.05-13.41.28:732][940]LogEnum: Warning: Enum name collision: 'GrabType::NewEnumerator4' is in both '/Game/ScriptsBluePrints/VRTemplate/Blueprints/GrabType.GrabType' and '/Game/VRTemplate/Blueprints/GrabType.GrabType'
[2022.04.05-13.41.28:732][940]LogEnum: Warning: Enum name collision: 'GrabType::NewEnumerator1' is in both '/Game/ScriptsBluePrints/VRTemplate/Blueprints/GrabType.GrabType' and '/Game/VRTemplate/Blueprints/GrabType.GrabType'
[2022.04.05-13.41.28:732][940]LogEnum: Warning: Enum name collision: 'GrabType::NewEnumerator3' is in both '/Game/ScriptsBluePrints/VRTemplate/Blueprints/GrabType.GrabType' and '/Game/VRTemplate/Blueprints/GrabType.GrabType'
[2022.04.05-13.41.29:000][940]LogNativeClassHierarchy: Verbose: Native class hierarchy updated for 'BlueprintGraph' in 0.0006 seconds. Added 126 classes and 0 folders.
[2022.04.05-13.41.29:729][940]LogSlate: Took 0.000124 seconds to synchronously load lazily loaded font '../../../Engine/Content/Slate/Fonts/Roboto-BoldCondensed.ttf' (158K)
[2022.04.05-13.41.29:786][941]LogSlate: Took 0.003553 seconds to synchronously load lazily loaded font '../../../Engine/Content/Slate/Fonts/Roboto-Italic.ttf' (157K)
[2022.04.05-13.41.42:779][700]LogRenderer: Reallocating scene render targets to support 1232x712 Format 10 NumSamples 4 (Frame:1).
[2022.04.05-13.41.52:105][256]LogAssetEditorSubsystem: Opening Asset editor for Blueprint /Game/ScriptsBluePrints/torque_wheell.torque_wheell
[2022.04.05-13.43.10:251][880]BlueprintLog: New page: Compile torque_wheell
[2022.04.05-13.43.10:307][880]LogUObjectHash: Compacting FUObjectHashTables data took   2.55ms
[2022.04.05-13.43.10:356][880]LogSlate: Took 0.005771 seconds to synchronously load lazily loaded font '../../../Engine/Content/Slate/Fonts/DroidSansMono.ttf' (77K)
[2022.04.05-13.44.32:167][764]BlueprintLog: New page: Compile torque_wheell
[2022.04.05-13.44.32:210][764]LogUObjectHash: Compacting FUObjectHashTables data took   2.38ms
[2022.04.05-13.44.46:123][595]LogEditorViewport: Clicking on Actor (LMB): CameraActor (CameraActor)
[2022.04.05-13.44.55:935][177]LogTemp: Repeating last play command: Selected Viewport
[2022.04.05-13.44.55:949][177]LogPlayLevel: PlayLevel: No blueprints needed recompiling
[2022.04.05-13.44.55:952][177]PIE: New page: PIE session: VRTemplateMap (5. apr. 2022 17.44.55)
[2022.04.05-13.44.55:953][177]LogOnline: OSS: Creating online subsystem instance for: NULL
[2022.04.05-13.44.55:955][177]LogOnline: OSS: TryLoadSubsystemAndSetDefault: Loaded subsystem for module [NULL]
[2022.04.05-13.44.55:955][177]LogPlayLevel: Creating play world package: /Game/VRTemplate/Maps/UEDPIE_0_VRTemplateMap
[2022.04.05-13.44.55:978][177]LogPlayLevel: PIE: StaticDuplicateObject took: (0.023842s)
[2022.04.05-13.44.55:979][177]LogAIModule: Creating AISystem for world VRTemplateMap
[2022.04.05-13.44.55:979][177]LogPlayLevel: PIE: World Init took: (0.000887s)
[2022.04.05-13.44.55:979][177]LogPlayLevel: PIE: Created PIE world by copying editor world from /Game/VRTemplate/Maps/VRTemplateMap.VRTemplateMap to /Game/VRTemplate/Maps/UEDPIE_0_VRTemplateMap.VRTemplateMap (0.024876s)
[2022.04.05-13.44.55:999][177]LogUObjectHash: Compacting FUObjectHashTables data took   2.35ms
[2022.04.05-13.44.56:000][177]LogAudio: Display: Creating Audio Device:                 Id: 2, Scope: Unique, Realtime: True
[2022.04.05-13.44.56:000][177]LogAudioMixer: Display: Audio Mixer Platform Settings:
[2022.04.05-13.44.56:000][177]LogAudioMixer: Display: 	Sample Rate:						  48000
[2022.04.05-13.44.56:000][177]LogAudioMixer: Display: 	Callback Buffer Frame Size Requested: 1024
[2022.04.05-13.44.56:000][177]LogAudioMixer: Display: 	Callback Buffer Frame Size To Use:	  1024
[2022.04.05-13.44.56:000][177]LogAudioMixer: Display: 	Number of buffers to queue:			  1
[2022.04.05-13.44.56:000][177]LogAudioMixer: Display: 	Max Channels (voices):				  0
[2022.04.05-13.44.56:000][177]LogAudioMixer: Display: 	Number of Async Source Workers:		  4
[2022.04.05-13.44.56:001][177]LogAudio: Display: AudioDevice MaxSources: 32
[2022.04.05-13.44.56:001][177]LogAudio: Display: Audio Spatialization Plugin: Resonance Audio is external send: 1
[2022.04.05-13.44.56:001][177]LogAudio: Display: Audio Reverb Plugin: Resonance Audio
[2022.04.05-13.44.56:001][177]LogAudio: Display: Audio Occlusion Plugin: None (built-in).
[2022.04.05-13.44.56:001][177]LogAudioMixer: Display: Initializing audio mixer.
[2022.04.05-13.44.56:003][177]LogAudioMixer: Display: 0: FrontLeft
[2022.04.05-13.44.56:003][177]LogAudioMixer: Display: 1: FrontRight
[2022.04.05-13.44.56:007][177]LogAudioMixer: Display: Using Audio Device Headphones (Oculus Virtual Audio Device)
[2022.04.05-13.44.56:007][177]LogAudioMixer: Display: Initializing Sound Submixes...
[2022.04.05-13.44.56:007][177]LogAudioMixer: Display: Creating Master Submix 'MasterSubmixDefault'
[2022.04.05-13.44.56:008][177]LogAudioMixer: Display: Creating Master Submix 'MasterReverbSubmixDefault'
[2022.04.05-13.44.56:008][177]LogAudioMixer: Display: Creating Master Submix 'MasterEQSubmixDefault'
[2022.04.05-13.44.56:008][177]LogAudioMixer: FMixerPlatformXAudio2::StartAudioStream() called
[2022.04.05-13.44.56:008][177]LogAudioMixer: Display: Output buffers initialized: Frames=1024, Channels=2, Samples=2048
[2022.04.05-13.44.56:009][177]LogAudioMixer: Display: Starting AudioMixerPlatformInterface::RunInternal()
[2022.04.05-13.44.56:009][177]LogAudioMixer: Display: FMixerPlatformXAudio2::SubmitBuffer() called for the first time
[2022.04.05-13.44.56:009][177]LogInit: FAudioDevice initialized.
[2022.04.05-13.44.56:009][177]LogAudio: Display: Audio Device (ID: 2) registered with world 'VRTemplateMap'.
[2022.04.05-13.44.56:016][177]LogLoad: Game class is 'VRGameMode_C'
[2022.04.05-13.44.56:023][177]LogWorld: Bringing World /Game/VRTemplate/Maps/UEDPIE_0_VRTemplateMap.VRTemplateMap up for play (max tick rate 60) at 2022.04.05-15.44.56
[2022.04.05-13.44.56:023][177]LogWorld: Bringing up level for play took: 0.005931
[2022.04.05-13.44.56:023][177]LogOnline: OSS: Creating online subsystem instance for: :Context_7
[2022.04.05-13.44.56:025][177]LogSpawn: Warning: SpawnActor failed because no class was specified
[2022.04.05-13.44.56:030][177]LogNativeClassHierarchy: Verbose: Native class hierarchy updated for 'MovieSceneCapture' in 0.0003 seconds. Added 20 classes and 0 folders.
[2022.04.05-13.44.56:036][177]LogSlate: New Slate User Created.  User Index 8, Is Virtual User: 1
[2022.04.05-13.44.56:037][177]LogSlate: Slate User Registered.  User Index 8, Is Virtual User: 1
[2022.04.05-13.44.56:039][177]PIE: Server logged in
[2022.04.05-13.44.56:040][177]PIE: Play in editor total start time 0,092 seconds.
[2022.04.05-13.44.56:042][177]PIE: Warning: torque_wheell_2.Cylinder Cylinder has to have 'Simulate Physics' enabled if you'd like to AddTorque. 
[2022.04.05-13.44.56:042][177]LogBlueprintUserMessages: [torque_wheell_2] 1
[2022.04.05-13.44.56:054][177]LogResonanceAudio: Display: Resonance Audio Listener is initialized
[2022.04.05-13.44.56:313][178]PIE: Warning: torque_wheell_2.Cylinder Cylinder has to have 'Simulate Physics' enabled if you'd like to AddTorque. 
[2022.04.05-13.44.56:313][178]LogBlueprintUserMessages: [torque_wheell_2] 2
[2022.04.05-13.44.56:335][179]PIE: Warning: torque_wheell_2.Cylinder Cylinder has to have 'Simulate Physics' enabled if you'd like to AddTorque. 
[2022.04.05-13.44.56:335][179]LogBlueprintUserMessages: [torque_wheell_2] 3
[2022.04.05-13.44.56:358][180]PIE: Warning: torque_wheell_2.Cylinder Cylinder has to have 'Simulate Physics' enabled if you'd like to AddTorque. 
[2022.04.05-13.44.56:358][180]LogBlueprintUserMessages: [torque_wheell_2] 4
[2022.04.05-13.44.56:374][181]PIE: Warning: torque_wheell_2.Cylinder Cylinder has to have 'Simulate Physics' enabled if you'd like to AddTorque. 
[2022.04.05-13.44.56:374][181]LogBlueprintUserMessages: [torque_wheell_2] 5
[2022.04.05-13.44.56:391][182]PIE: Warning: torque_wheell_2.Cylinder Cylinder has to have 'Simulate Physics' enabled if you'd like to AddTorque. 
[2022.04.05-13.44.56:391][182]LogBlueprintUserMessages: [torque_wheell_2] 6
[2022.04.05-13.44.56:408][183]PIE: Warning: torque_wheell_2.Cylinder Cylinder has to have 'Simulate Physics' enabled if you'd like to AddTorque. 
[2022.04.05-13.44.56:408][183]LogBlueprintUserMessages: [torque_wheell_2] 7
[2022.04.05-13.44.56:419][184]PIE: Warning: torque_wheell_2.Cylinder Cylinder has to have 'Simulate Physics' enabled if you'd like to AddTorque. 
[2022.04.05-13.44.56:419][184]LogBlueprintUserMessages: [torque_wheell_2] 8
[2022.04.05-13.44.56:435][185]PIE: Warning: torque_wheell_2.Cylinder Cylinder has to have 'Simulate Physics' enabled if you'd like to AddTorque. 
[2022.04.05-13.44.56:435][185]LogBlueprintUserMessages: [torque_wheell_2] 9
[2022.04.05-13.44.56:452][186]PIE: Warning: torque_wheell_2.Cylinder Cylinder has to have 'Simulate Physics' enabled if you'd like to AddTorque. 
[2022.04.05-13.44.56:452][186]LogBlueprintUserMessages: [torque_wheell_2] 10
[2022.04.05-13.44.56:468][187]PIE: Warning: torque_wheell_2.Cylinder Cylinder has to have 'Simulate Physics' enabled if you'd like to AddTorque. 
[2022.04.05-13.44.56:468][187]LogBlueprintUserMessages: [torque_wheell_2] 11
[2022.04.05-13.44.56:485][188]PIE: Warning: torque_wheell_2.Cylinder Cylinder has to have 'Simulate Physics' enabled if you'd like to AddTorque. 
[2022.04.05-13.44.56:485][188]LogBlueprintUserMessages: [torque_wheell_2] 12
[2022.04.05-13.44.56:502][189]PIE: Warning: torque_wheell_2.Cylinder Cylinder has to have 'Simulate Physics' enabled if you'd like to AddTorque. 
[2022.04.05-13.44.56:502][189]LogBlueprintUserMessages: [torque_wheell_2] 13
[2022.04.05-13.44.56:519][190]PIE: Warning: torque_wheell_2.Cylinder Cylinder has to have 'Simulate Physics' enabled if you'd like to AddTorque. 
[2022.04.05-13.44.56:519][190]LogBlueprintUserMessages: [torque_wheell_2] 14
[2022.04.05-13.44.56:535][191]PIE: Warning: torque_wheell_2.Cylinder Cylinder has to have 'Simulate Physics' enabled if you'd like to AddTorque. 
[2022.04.05-13.44.56:535][191]LogBlueprintUserMessages: [torque_wheell_2] 15
[2022.04.05-13.44.56:552][192]PIE: Warning: torque_wheell_2.Cylinder Cylinder has to have 'Simulate Physics' enabled if you'd like to AddTorque. 
[2022.04.05-13.44.56:552][192]LogBlueprintUserMessages: [torque_wheell_2] 16
[2022.04.05-13.44.56:569][193]PIE: Warning: torque_wheell_2.Cylinder Cylinder has to have 'Simulate Physics' enabled if you'd like to AddTorque. 
[2022.04.05-13.44.56:569][193]LogBlueprintUserMessages: [torque_wheell_2] 17
[2022.04.05-13.44.56:585][194]PIE: Warning: torque_wheell_2.Cylinder Cylinder has to have 'Simulate Physics' enabled if you'd like to AddTorque. 
[2022.04.05-13.44.56:585][194]LogBlueprintUserMessages: [torque_wheell_2] 18
[2022.04.05-13.44.56:602][195]PIE: Warning: torque_wheell_2.Cylinder Cylinder has to have 'Simulate Physics' enabled if you'd like to AddTorque. 
[2022.04.05-13.44.56:602][195]LogBlueprintUserMessages: [torque_wheell_2] 19
[2022.04.05-13.44.56:619][196]PIE: Warning: torque_wheell_2.Cylinder Cylinder has to have 'Simulate Physics' enabled if you'd like to AddTorque. 
[2022.04.05-13.44.56:619][196]LogBlueprintUserMessages: [torque_wheell_2] 20
[2022.04.05-13.44.56:635][197]PIE: Warning: torque_wheell_2.Cylinder Cylinder has to have 'Simulate Physics' enabled if you'd like to AddTorque. 
[2022.04.05-13.44.56:635][197]LogBlueprintUserMessages: [torque_wheell_2] 21
[2022.04.05-13.44.56:652][198]PIE: Warning: torque_wheell_2.Cylinder Cylinder has to have 'Simulate Physics' enabled if you'd like to AddTorque. 
[2022.04.05-13.44.56:652][198]LogBlueprintUserMessages: [torque_wheell_2] 22
[2022.04.05-13.44.56:669][199]PIE: Warning: torque_wheell_2.Cylinder Cylinder has to have 'Simulate Physics' enabled if you'd like to AddTorque. 
[2022.04.05-13.44.56:669][199]LogBlueprintUserMessages: [torque_wheell_2] 23
[2022.04.05-13.44.56:685][200]PIE: Warning: torque_wheell_2.Cylinder Cylinder has to have 'Simulate Physics' enabled if you'd like to AddTorque. 
[2022.04.05-13.44.56:685][200]LogBlueprintUserMessages: [torque_wheell_2] 24
[2022.04.05-13.44.56:702][201]PIE: Warning: torque_wheell_2.Cylinder Cylinder has to have 'Simulate Physics' enabled if you'd like to AddTorque. 
[2022.04.05-13.44.56:702][201]LogBlueprintUserMessages: [torque_wheell_2] 25
[2022.04.05-13.44.56:719][202]PIE: Warning: torque_wheell_2.Cylinder Cylinder has to have 'Simulate Physics' enabled if you'd like to AddTorque. 
[2022.04.05-13.44.56:719][202]LogBlueprintUserMessages: [torque_wheell_2] 26
[2022.04.05-13.44.56:735][203]PIE: Warning: torque_wheell_2.Cylinder Cylinder has to have 'Simulate Physics' enabled if you'd like to AddTorque. 
[2022.04.05-13.44.56:735][203]LogBlueprintUserMessages: [torque_wheell_2] 27
[2022.04.05-13.44.56:752][204]PIE: Warning: torque_wheell_2.Cylinder Cylinder has to have 'Simulate Physics' enabled if you'd like to AddTorque. 
[2022.04.05-13.44.56:752][204]LogBlueprintUserMessages: [torque_wheell_2] 28
[2022.04.05-13.44.56:769][205]PIE: Warning: torque_wheell_2.Cylinder Cylinder has to have 'Simulate Physics' enabled if you'd like to AddTorque. 
[2022.04.05-13.44.56:769][205]LogBlueprintUserMessages: [torque_wheell_2] 29
[2022.04.05-13.44.56:785][206]PIE: Warning: torque_wheell_2.Cylinder Cylinder has to have 'Simulate Physics' enabled if you'd like to AddTorque. 
[2022.04.05-13.44.56:786][206]LogBlueprintUserMessages: [torque_wheell_2] 30
[2022.04.05-13.44.56:802][207]PIE: Warning: torque_wheell_2.Cylinder Cylinder has to have 'Simulate Physics' enabled if you'd like to AddTorque. 
[2022.04.05-13.44.56:802][207]LogBlueprintUserMessages: [torque_wheell_2] 31
[2022.04.05-13.44.56:819][208]PIE: Warning: torque_wheell_2.Cylinder Cylinder has to have 'Simulate Physics' enabled if you'd like to AddTorque. 
[2022.04.05-13.44.56:819][208]LogBlueprintUserMessages: [torque_wheell_2] 32
[2022.04.05-13.44.56:835][209]PIE: Warning: torque_wheell_2.Cylinder Cylinder has to have 'Simulate Physics' enabled if you'd like to AddTorque. 
[2022.04.05-13.44.56:835][209]LogBlueprintUserMessages: [torque_wheell_2] 33
[2022.04.05-13.44.56:852][210]PIE: Warning: torque_wheell_2.Cylinder Cylinder has to have 'Simulate Physics' enabled if you'd like to AddTorque. 
[2022.04.05-13.44.56:852][210]LogBlueprintUserMessages: [torque_wheell_2] 34
[2022.04.05-13.44.56:869][211]PIE: Warning: torque_wheell_2.Cylinder Cylinder has to have 'Simulate Physics' enabled if you'd like to AddTorque. 
[2022.04.05-13.44.56:869][211]LogBlueprintUserMessages: [torque_wheell_2] 35
[2022.04.05-13.44.56:885][212]PIE: Warning: torque_wheell_2.Cylinder Cylinder has to have 'Simulate Physics' enabled if you'd like to AddTorque. 
[2022.04.05-13.44.56:885][212]LogBlueprintUserMessages: [torque_wheell_2] 36
[2022.04.05-13.44.56:902][213]PIE: Warning: torque_wheell_2.Cylinder Cylinder has to have 'Simulate Physics' enabled if you'd like to AddTorque. 
[2022.04.05-13.44.56:902][213]LogBlueprintUserMessages: [torque_wheell_2] 37
[2022.04.05-13.44.56:919][214]PIE: Warning: torque_wheell_2.Cylinder Cylinder has to have 'Simulate Physics' enabled if you'd like to AddTorque. 
[2022.04.05-13.44.56:919][214]LogBlueprintUserMessages: [torque_wheell_2] 38
[2022.04.05-13.44.56:935][215]PIE: Warning: torque_wheell_2.Cylinder Cylinder has to have 'Simulate Physics' enabled if you'd like to AddTorque. 
[2022.04.05-13.44.56:935][215]LogBlueprintUserMessages: [torque_wheell_2] 39
[2022.04.05-13.44.56:952][216]PIE: Warning: torque_wheell_2.Cylinder Cylinder has to have 'Simulate Physics' enabled if you'd like to AddTorque. 
[2022.04.05-13.44.56:952][216]LogBlueprintUserMessages: [torque_wheell_2] 40
[2022.04.05-13.44.56:969][217]PIE: Warning: torque_wheell_2.Cylinder Cylinder has to have 'Simulate Physics' enabled if you'd like to AddTorque. 
[2022.04.05-13.44.56:969][217]LogBlueprintUserMessages: [torque_wheell_2] 41
[2022.04.05-13.44.56:985][218]PIE: Warning: torque_wheell_2.Cylinder Cylinder has to have 'Simulate Physics' enabled if you'd like to AddTorque. 
[2022.04.05-13.44.56:985][218]LogBlueprintUserMessages: [torque_wheell_2] 42
[2022.04.05-13.44.57:002][219]PIE: Warning: torque_wheell_2.Cylinder Cylinder has to have 'Simulate Physics' enabled if you'd like to AddTorque. 
[2022.04.05-13.44.57:002][219]LogBlueprintUserMessages: [torque_wheell_2] 43
[2022.04.05-13.44.59:619][376]PIE: Warning: torque_wheell_2.Cylinder Cylinder has to have 'Simulate Physics' enabled if you'd like to AddTorque. 
[2022.04.05-13.44.59:619][376]LogBlueprintUserMessages: [torque_wheell_2] 44
[2022.04.05-13.44.59:651][376]LogSlate: Updating window title bar state: overlay mode, drag disabled, window buttons hidden, title bar hidden
[2022.04.05-13.44.59:651][376]LogWorld: BeginTearingDown for /Game/VRTemplate/Maps/UEDPIE_0_VRTemplateMap
[2022.04.05-13.44.59:652][376]LogWorld: UWorld::CleanupWorld for VRTemplateMap, bSessionEnded=true, bCleanupResources=true
[2022.04.05-13.44.59:653][376]LogSlate: InvalidateAllWidgets triggered.  All widgets were invalidated
[2022.04.05-13.44.59:665][376]LogPlayLevel: Display: Shutting down PIE online subsystems
[2022.04.05-13.44.59:702][376]LogSlate: InvalidateAllWidgets triggered.  All widgets were invalidated
[2022.04.05-13.44.59:727][376]LogAudio: Display: Audio Device unregistered from world 'None'.
[2022.04.05-13.44.59:727][376]LogResonanceAudio: Display: Resonance Audio Listener is shutdown
[2022.04.05-13.44.59:727][376]LogAudioMixer: FMixerPlatformXAudio2::StopAudioStream() called
[2022.04.05-13.44.59:729][376]LogAudioMixer: FMixerPlatformXAudio2::StopAudioStream() called
[2022.04.05-13.44.59:731][376]LogSlate: Updating window title bar state: overlay mode, drag disabled, window buttons hidden, title bar hidden
[2022.04.05-13.44.59:751][376]LogSlate: Slate User Unregistered.  User Index 8
[2022.04.05-13.44.59:751][376]LogSlate: Slate User Destroyed.  User Index 8, Is Virtual User: 1
[2022.04.05-13.44.59:754][376]LogUObjectHash: Compacting FUObjectHashTables data took   3.19ms
[2022.04.05-13.44.59:830][377]LogPlayLevel: Display: Destroying online subsystem :Context_7
[2022.04.05-13.45.01:690][481]LogSlate: Window 'Message Log' being destroyed
[2022.04.05-13.45.01:693][481]LogSlate: Window 'Message Log' being destroyed
[2022.04.05-13.45.17:642][434]LogTemp: Repeating last play command: Selected Viewport
[2022.04.05-13.45.17:649][434]LogPlayLevel: PlayLevel: No blueprints needed recompiling
[2022.04.05-13.45.17:649][434]PIE: New page: PIE session: VRTemplateMap (5. apr. 2022 17.45.17)
[2022.04.05-13.45.17:649][434]LogPlayLevel: Creating play world package: /Game/VRTemplate/Maps/UEDPIE_0_VRTemplateMap
[2022.04.05-13.45.17:673][434]LogPlayLevel: PIE: StaticDuplicateObject took: (0.023409s)
[2022.04.05-13.45.17:673][434]LogAIModule: Creating AISystem for world VRTemplateMap
[2022.04.05-13.45.17:674][434]LogPlayLevel: PIE: World Init took: (0.000857s)
[2022.04.05-13.45.17:674][434]LogPlayLevel: PIE: Created PIE world by copying editor world from /Game/VRTemplate/Maps/VRTemplateMap.VRTemplateMap to /Game/VRTemplate/Maps/UEDPIE_0_VRTemplateMap.VRTemplateMap (0.024376s)
[2022.04.05-13.45.17:701][434]LogUObjectHash: Compacting FUObjectHashTables data took   2.78ms
[2022.04.05-13.45.17:703][434]LogAudio: Display: Creating Audio Device:                 Id: 3, Scope: Unique, Realtime: True
[2022.04.05-13.45.17:703][434]LogAudioMixer: Display: Audio Mixer Platform Settings:
[2022.04.05-13.45.17:703][434]LogAudioMixer: Display: 	Sample Rate:						  48000
[2022.04.05-13.45.17:703][434]LogAudioMixer: Display: 	Callback Buffer Frame Size Requested: 1024
[2022.04.05-13.45.17:703][434]LogAudioMixer: Display: 	Callback Buffer Frame Size To Use:	  1024
[2022.04.05-13.45.17:703][434]LogAudioMixer: Display: 	Number of buffers to queue:			  1
[2022.04.05-13.45.17:703][434]LogAudioMixer: Display: 	Max Channels (voices):				  0
[2022.04.05-13.45.17:703][434]LogAudioMixer: Display: 	Number of Async Source Workers:		  4
[2022.04.05-13.45.17:703][434]LogAudio: Display: AudioDevice MaxSources: 32
[2022.04.05-13.45.17:704][434]LogAudio: Display: Audio Spatialization Plugin: Resonance Audio is external send: 1
[2022.04.05-13.45.17:704][434]LogAudio: Display: Audio Reverb Plugin: Resonance Audio
[2022.04.05-13.45.17:704][434]LogAudio: Display: Audio Occlusion Plugin: None (built-in).
[2022.04.05-13.45.17:704][434]LogAudioMixer: Display: Initializing audio mixer.
[2022.04.05-13.45.17:705][434]LogAudioMixer: Display: 0: FrontLeft
[2022.04.05-13.45.17:705][434]LogAudioMixer: Display: 1: FrontRight
[2022.04.05-13.45.17:709][434]LogAudioMixer: Display: Using Audio Device Headphones (Oculus Virtual Audio Device)
[2022.04.05-13.45.17:709][434]LogAudioMixer: Display: Initializing Sound Submixes...
[2022.04.05-13.45.17:709][434]LogAudioMixer: Display: Creating Master Submix 'MasterSubmixDefault'
[2022.04.05-13.45.17:709][434]LogAudioMixer: Display: Creating Master Submix 'MasterReverbSubmixDefault'
[2022.04.05-13.45.17:710][434]LogAudioMixer: Display: Creating Master Submix 'MasterEQSubmixDefault'
[2022.04.05-13.45.17:710][434]LogAudioMixer: FMixerPlatformXAudio2::StartAudioStream() called
[2022.04.05-13.45.17:710][434]LogAudioMixer: Display: Output buffers initialized: Frames=1024, Channels=2, Samples=2048
[2022.04.05-13.45.17:711][434]LogAudioMixer: Display: Starting AudioMixerPlatformInterface::RunInternal()
[2022.04.05-13.45.17:711][434]LogAudioMixer: Display: FMixerPlatformXAudio2::SubmitBuffer() called for the first time
[2022.04.05-13.45.17:711][434]LogInit: FAudioDevice initialized.
[2022.04.05-13.45.17:711][434]LogAudio: Display: Audio Device (ID: 3) registered with world 'VRTemplateMap'.
[2022.04.05-13.45.17:720][434]LogLoad: Game class is 'VRGameMode_C'
[2022.04.05-13.45.17:726][434]LogWorld: Bringing World /Game/VRTemplate/Maps/UEDPIE_0_VRTemplateMap.VRTemplateMap up for play (max tick rate 60) at 2022.04.05-15.45.17
[2022.04.05-13.45.17:726][434]LogWorld: Bringing up level for play took: 0.005962
[2022.04.05-13.45.17:726][434]LogOnline: OSS: Creating online subsystem instance for: :Context_8
[2022.04.05-13.45.17:728][434]LogSpawn: Warning: SpawnActor failed because no class was specified
[2022.04.05-13.45.17:729][434]LogSlate: New Slate User Created.  User Index 8, Is Virtual User: 1
[2022.04.05-13.45.17:729][434]LogSlate: Slate User Registered.  User Index 8, Is Virtual User: 1
[2022.04.05-13.45.17:730][434]PIE: Server logged in
[2022.04.05-13.45.17:731][434]PIE: Play in editor total start time 0,082 seconds.
[2022.04.05-13.45.17:731][434]PIE: Warning: torque_wheell_2.Cylinder Cylinder has to have 'Simulate Physics' enabled if you'd like to AddTorque. 
[2022.04.05-13.45.17:731][434]LogBlueprintUserMessages: [torque_wheell_2] 1
[2022.04.05-13.45.17:740][434]LogResonanceAudio: Display: Resonance Audio Listener is initialized
[2022.04.05-13.45.17:763][435]PIE: Warning: torque_wheell_2.Cylinder Cylinder has to have 'Simulate Physics' enabled if you'd like to AddTorque. 
[2022.04.05-13.45.17:763][435]LogBlueprintUserMessages: [torque_wheell_2] 2
[2022.04.05-13.45.17:782][436]PIE: Warning: torque_wheell_2.Cylinder Cylinder has to have 'Simulate Physics' enabled if you'd like to AddTorque. 
[2022.04.05-13.45.17:782][436]LogBlueprintUserMessages: [torque_wheell_2] 3
[2022.04.05-13.45.17:797][437]PIE: Warning: torque_wheell_2.Cylinder Cylinder has to have 'Simulate Physics' enabled if you'd like to AddTorque. 
[2022.04.05-13.45.17:797][437]LogBlueprintUserMessages: [torque_wheell_2] 4
[2022.04.05-13.45.17:815][438]PIE: Warning: torque_wheell_2.Cylinder Cylinder has to have 'Simulate Physics' enabled if you'd like to AddTorque. 
[2022.04.05-13.45.17:815][438]LogBlueprintUserMessages: [torque_wheell_2] 5
[2022.04.05-13.45.17:831][439]PIE: Warning: torque_wheell_2.Cylinder Cylinder has to have 'Simulate Physics' enabled if you'd like to AddTorque. 
[2022.04.05-13.45.17:831][439]LogBlueprintUserMessages: [torque_wheell_2] 6
[2022.04.05-13.45.17:847][440]PIE: Warning: torque_wheell_2.Cylinder Cylinder has to have 'Simulate Physics' enabled if you'd like to AddTorque. 
[2022.04.05-13.45.17:847][440]LogBlueprintUserMessages: [torque_wheell_2] 7
[2022.04.05-13.45.17:864][441]PIE: Warning: torque_wheell_2.Cylinder Cylinder has to have 'Simulate Physics' enabled if you'd like to AddTorque. 
[2022.04.05-13.45.17:864][441]LogBlueprintUserMessages: [torque_wheell_2] 8
[2022.04.05-13.45.17:880][442]PIE: Warning: torque_wheell_2.Cylinder Cylinder has to have 'Simulate Physics' enabled if you'd like to AddTorque. 
[2022.04.05-13.45.17:880][442]LogBlueprintUserMessages: [torque_wheell_2] 9
[2022.04.05-13.45.17:897][443]PIE: Warning: torque_wheell_2.Cylinder Cylinder has to have 'Simulate Physics' enabled if you'd like to AddTorque. 
[2022.04.05-13.45.17:897][443]LogBlueprintUserMessages: [torque_wheell_2] 10
[2022.04.05-13.45.17:914][444]PIE: Warning: torque_wheell_2.Cylinder Cylinder has to have 'Simulate Physics' enabled if you'd like to AddTorque. 
[2022.04.05-13.45.17:914][444]LogBlueprintUserMessages: [torque_wheell_2] 11
[2022.04.05-13.45.17:930][445]PIE: Warning: torque_wheell_2.Cylinder Cylinder has to have 'Simulate Physics' enabled if you'd like to AddTorque. 
[2022.04.05-13.45.17:930][445]LogBlueprintUserMessages: [torque_wheell_2] 12
[2022.04.05-13.45.17:947][446]PIE: Warning: torque_wheell_2.Cylinder Cylinder has to have 'Simulate Physics' enabled if you'd like to AddTorque. 
[2022.04.05-13.45.17:948][446]LogBlueprintUserMessages: [torque_wheell_2] 13
[2022.04.05-13.45.17:964][447]PIE: Warning: torque_wheell_2.Cylinder Cylinder has to have 'Simulate Physics' enabled if you'd like to AddTorque. 
[2022.04.05-13.45.17:964][447]LogBlueprintUserMessages: [torque_wheell_2] 14
[2022.04.05-13.45.17:981][448]PIE: Warning: torque_wheell_2.Cylinder Cylinder has to have 'Simulate Physics' enabled if you'd like to AddTorque. 
[2022.04.05-13.45.17:981][448]LogBlueprintUserMessages: [torque_wheell_2] 15
[2022.04.05-13.45.17:997][449]PIE: Warning: torque_wheell_2.Cylinder Cylinder has to have 'Simulate Physics' enabled if you'd like to AddTorque. 
[2022.04.05-13.45.17:997][449]LogBlueprintUserMessages: [torque_wheell_2] 16
[2022.04.05-13.45.18:014][450]PIE: Warning: torque_wheell_2.Cylinder Cylinder has to have 'Simulate Physics' enabled if you'd like to AddTorque. 
[2022.04.05-13.45.18:014][450]LogBlueprintUserMessages: [torque_wheell_2] 17
[2022.04.05-13.45.18:031][451]PIE: Warning: torque_wheell_2.Cylinder Cylinder has to have 'Simulate Physics' enabled if you'd like to AddTorque. 
[2022.04.05-13.45.18:031][451]LogBlueprintUserMessages: [torque_wheell_2] 18
[2022.04.05-13.45.18:046][452]PIE: Warning: torque_wheell_2.Cylinder Cylinder has to have 'Simulate Physics' enabled if you'd like to AddTorque. 
[2022.04.05-13.45.18:046][452]LogBlueprintUserMessages: [torque_wheell_2] 19
[2022.04.05-13.45.18:063][453]PIE: Warning: torque_wheell_2.Cylinder Cylinder has to have 'Simulate Physics' enabled if you'd like to AddTorque. 
[2022.04.05-13.45.18:063][453]LogBlueprintUserMessages: [torque_wheell_2] 20
[2022.04.05-13.45.18:080][454]PIE: Warning: torque_wheell_2.Cylinder Cylinder has to have 'Simulate Physics' enabled if you'd like to AddTorque. 
[2022.04.05-13.45.18:080][454]LogBlueprintUserMessages: [torque_wheell_2] 21
[2022.04.05-13.45.18:096][455]PIE: Warning: torque_wheell_2.Cylinder Cylinder has to have 'Simulate Physics' enabled if you'd like to AddTorque. 
[2022.04.05-13.45.18:097][455]LogBlueprintUserMessages: [torque_wheell_2] 22
[2022.04.05-13.45.18:113][456]PIE: Warning: torque_wheell_2.Cylinder Cylinder has to have 'Simulate Physics' enabled if you'd like to AddTorque. 
[2022.04.05-13.45.18:113][456]LogBlueprintUserMessages: [torque_wheell_2] 23
[2022.04.05-13.45.18:130][457]PIE: Warning: torque_wheell_2.Cylinder Cylinder has to have 'Simulate Physics' enabled if you'd like to AddTorque. 
[2022.04.05-13.45.18:130][457]LogBlueprintUserMessages: [torque_wheell_2] 24
[2022.04.05-13.45.18:147][458]PIE: Warning: torque_wheell_2.Cylinder Cylinder has to have 'Simulate Physics' enabled if you'd like to AddTorque. 
[2022.04.05-13.45.18:147][458]LogBlueprintUserMessages: [torque_wheell_2] 25
[2022.04.05-13.45.18:164][459]PIE: Warning: torque_wheell_2.Cylinder Cylinder has to have 'Simulate Physics' enabled if you'd like to AddTorque. 
[2022.04.05-13.45.18:164][459]LogBlueprintUserMessages: [torque_wheell_2] 26
[2022.04.05-13.45.18:180][460]PIE: Warning: torque_wheell_2.Cylinder Cylinder has to have 'Simulate Physics' enabled if you'd like to AddTorque. 
[2022.04.05-13.45.18:180][460]LogBlueprintUserMessages: [torque_wheell_2] 27
[2022.04.05-13.45.18:197][461]PIE: Warning: torque_wheell_2.Cylinder Cylinder has to have 'Simulate Physics' enabled if you'd like to AddTorque. 
[2022.04.05-13.45.18:197][461]LogBlueprintUserMessages: [torque_wheell_2] 28
[2022.04.05-13.45.18:213][462]PIE: Warning: torque_wheell_2.Cylinder Cylinder has to have 'Simulate Physics' enabled if you'd like to AddTorque. 
[2022.04.05-13.45.18:213][462]LogBlueprintUserMessages: [torque_wheell_2] 29
[2022.04.05-13.45.18:230][463]PIE: Warning: torque_wheell_2.Cylinder Cylinder has to have 'Simulate Physics' enabled if you'd like to AddTorque. 
[2022.04.05-13.45.18:230][463]LogBlueprintUserMessages: [torque_wheell_2] 30
[2022.04.05-13.45.18:247][464]PIE: Warning: torque_wheell_2.Cylinder Cylinder has to have 'Simulate Physics' enabled if you'd like to AddTorque. 
[2022.04.05-13.45.18:247][464]LogBlueprintUserMessages: [torque_wheell_2] 31
[2022.04.05-13.45.18:263][465]PIE: Warning: torque_wheell_2.Cylinder Cylinder has to have 'Simulate Physics' enabled if you'd like to AddTorque. 
[2022.04.05-13.45.18:263][465]LogBlueprintUserMessages: [torque_wheell_2] 32
[2022.04.05-13.45.18:280][466]PIE: Warning: torque_wheell_2.Cylinder Cylinder has to have 'Simulate Physics' enabled if you'd like to AddTorque. 
[2022.04.05-13.45.18:280][466]LogBlueprintUserMessages: [torque_wheell_2] 33
[2022.04.05-13.45.18:297][467]PIE: Warning: torque_wheell_2.Cylinder Cylinder has to have 'Simulate Physics' enabled if you'd like to AddTorque. 
[2022.04.05-13.45.18:297][467]LogBlueprintUserMessages: [torque_wheell_2] 34
[2022.04.05-13.45.18:313][468]PIE: Warning: torque_wheell_2.Cylinder Cylinder has to have 'Simulate Physics' enabled if you'd like to AddTorque. 
[2022.04.05-13.45.18:313][468]LogBlueprintUserMessages: [torque_wheell_2] 35
[2022.04.05-13.45.18:330][469]PIE: Warning: torque_wheell_2.Cylinder Cylinder has to have 'Simulate Physics' enabled if you'd like to AddTorque. 
[2022.04.05-13.45.18:330][469]LogBlueprintUserMessages: [torque_wheell_2] 36
[2022.04.05-13.45.18:346][470]PIE: Warning: torque_wheell_2.Cylinder Cylinder has to have 'Simulate Physics' enabled if you'd like to AddTorque. 
[2022.04.05-13.45.18:346][470]LogBlueprintUserMessages: [torque_wheell_2] 37
[2022.04.05-13.45.18:363][471]PIE: Warning: torque_wheell_2.Cylinder Cylinder has to have 'Simulate Physics' enabled if you'd like to AddTorque. 
[2022.04.05-13.45.18:363][471]LogBlueprintUserMessages: [torque_wheell_2] 38
[2022.04.05-13.45.18:380][472]PIE: Warning: torque_wheell_2.Cylinder Cylinder has to have 'Simulate Physics' enabled if you'd like to AddTorque. 
[2022.04.05-13.45.18:380][472]LogBlueprintUserMessages: [torque_wheell_2] 39
[2022.04.05-13.45.18:397][473]PIE: Warning: torque_wheell_2.Cylinder Cylinder has to have 'Simulate Physics' enabled if you'd like to AddTorque. 
[2022.04.05-13.45.18:397][473]LogBlueprintUserMessages: [torque_wheell_2] 40
[2022.04.05-13.45.18:413][474]PIE: Warning: torque_wheell_2.Cylinder Cylinder has to have 'Simulate Physics' enabled if you'd like to AddTorque. 
[2022.04.05-13.45.18:413][474]LogBlueprintUserMessages: [torque_wheell_2] 41
[2022.04.05-13.45.18:430][475]PIE: Warning: torque_wheell_2.Cylinder Cylinder has to have 'Simulate Physics' enabled if you'd like to AddTorque. 
[2022.04.05-13.45.18:430][475]LogBlueprintUserMessages: [torque_wheell_2] 42
[2022.04.05-13.45.18:446][476]PIE: Warning: torque_wheell_2.Cylinder Cylinder has to have 'Simulate Physics' enabled if you'd like to AddTorque. 
[2022.04.05-13.45.18:446][476]LogBlueprintUserMessages: [torque_wheell_2] 43
[2022.04.05-13.45.18:463][477]PIE: Warning: torque_wheell_2.Cylinder Cylinder has to have 'Simulate Physics' enabled if you'd like to AddTorque. 
[2022.04.05-13.45.18:463][477]LogBlueprintUserMessages: [torque_wheell_2] 44
[2022.04.05-13.45.18:480][478]PIE: Warning: torque_wheell_2.Cylinder Cylinder has to have 'Simulate Physics' enabled if you'd like to AddTorque. 
[2022.04.05-13.45.18:480][478]LogBlueprintUserMessages: [torque_wheell_2] 45
[2022.04.05-13.45.18:497][479]PIE: Warning: torque_wheell_2.Cylinder Cylinder has to have 'Simulate Physics' enabled if you'd like to AddTorque. 
[2022.04.05-13.45.18:497][479]LogBlueprintUserMessages: [torque_wheell_2] 46
[2022.04.05-13.45.18:513][480]PIE: Warning: torque_wheell_2.Cylinder Cylinder has to have 'Simulate Physics' enabled if you'd like to AddTorque. 
[2022.04.05-13.45.18:513][480]LogBlueprintUserMessages: [torque_wheell_2] 47
[2022.04.05-13.45.18:530][481]PIE: Warning: torque_wheell_2.Cylinder Cylinder has to have 'Simulate Physics' enabled if you'd like to AddTorque. 
[2022.04.05-13.45.18:530][481]LogBlueprintUserMessages: [torque_wheell_2] 48
[2022.04.05-13.45.18:547][482]PIE: Warning: torque_wheell_2.Cylinder Cylinder has to have 'Simulate Physics' enabled if you'd like to AddTorque. 
[2022.04.05-13.45.18:547][482]LogBlueprintUserMessages: [torque_wheell_2] 49
[2022.04.05-13.45.18:563][483]PIE: Warning: torque_wheell_2.Cylinder Cylinder has to have 'Simulate Physics' enabled if you'd like to AddTorque. 
[2022.04.05-13.45.18:563][483]LogBlueprintUserMessages: [torque_wheell_2] 50
[2022.04.05-13.45.18:580][484]PIE: Warning: torque_wheell_2.Cylinder Cylinder has to have 'Simulate Physics' enabled if you'd like to AddTorque. 
[2022.04.05-13.45.18:580][484]LogBlueprintUserMessages: [torque_wheell_2] 51
[2022.04.05-13.45.18:596][485]PIE: Warning: torque_wheell_2.Cylinder Cylinder has to have 'Simulate Physics' enabled if you'd like to AddTorque. 
[2022.04.05-13.45.18:597][485]LogBlueprintUserMessages: [torque_wheell_2] 52
[2022.04.05-13.45.18:613][486]PIE: Warning: torque_wheell_2.Cylinder Cylinder has to have 'Simulate Physics' enabled if you'd like to AddTorque. 
[2022.04.05-13.45.18:613][486]LogBlueprintUserMessages: [torque_wheell_2] 53
[2022.04.05-13.45.18:630][487]PIE: Warning: torque_wheell_2.Cylinder Cylinder has to have 'Simulate Physics' enabled if you'd like to AddTorque. 
[2022.04.05-13.45.18:630][487]LogBlueprintUserMessages: [torque_wheell_2] 54
[2022.04.05-13.45.18:646][488]PIE: Warning: torque_wheell_2.Cylinder Cylinder has to have 'Simulate Physics' enabled if you'd like to AddTorque. 
[2022.04.05-13.45.18:646][488]LogBlueprintUserMessages: [torque_wheell_2] 55
[2022.04.05-13.45.18:663][489]PIE: Warning: torque_wheell_2.Cylinder Cylinder has to have 'Simulate Physics' enabled if you'd like to AddTorque. 
[2022.04.05-13.45.18:663][489]LogBlueprintUserMessages: [torque_wheell_2] 56
[2022.04.05-13.45.18:680][490]PIE: Warning: torque_wheell_2.Cylinder Cylinder has to have 'Simulate Physics' enabled if you'd like to AddTorque. 
[2022.04.05-13.45.18:680][490]LogBlueprintUserMessages: [torque_wheell_2] 57
[2022.04.05-13.45.18:696][491]PIE: Warning: torque_wheell_2.Cylinder Cylinder has to have 'Simulate Physics' enabled if you'd like to AddTorque. 
[2022.04.05-13.45.18:696][491]LogBlueprintUserMessages: [torque_wheell_2] 58
[2022.04.05-13.45.18:713][492]PIE: Warning: torque_wheell_2.Cylinder Cylinder has to have 'Simulate Physics' enabled if you'd like to AddTorque. 
[2022.04.05-13.45.18:713][492]LogBlueprintUserMessages: [torque_wheell_2] 59
[2022.04.05-13.45.18:730][493]PIE: Warning: torque_wheell_2.Cylinder Cylinder has to have 'Simulate Physics' enabled if you'd like to AddTorque. 
[2022.04.05-13.45.18:730][493]LogBlueprintUserMessages: [torque_wheell_2] 60
[2022.04.05-13.45.18:746][494]PIE: Warning: torque_wheell_2.Cylinder Cylinder has to have 'Simulate Physics' enabled if you'd like to AddTorque. 
[2022.04.05-13.45.18:746][494]LogBlueprintUserMessages: [torque_wheell_2] 61
[2022.04.05-13.45.18:763][495]PIE: Warning: torque_wheell_2.Cylinder Cylinder has to have 'Simulate Physics' enabled if you'd like to AddTorque. 
[2022.04.05-13.45.18:763][495]LogBlueprintUserMessages: [torque_wheell_2] 62
[2022.04.05-13.45.18:779][496]PIE: Warning: torque_wheell_2.Cylinder Cylinder has to have 'Simulate Physics' enabled if you'd like to AddTorque. 
[2022.04.05-13.45.18:779][496]LogBlueprintUserMessages: [torque_wheell_2] 63
[2022.04.05-13.45.18:796][497]PIE: Warning: torque_wheell_2.Cylinder Cylinder has to have 'Simulate Physics' enabled if you'd like to AddTorque. 
[2022.04.05-13.45.18:796][497]LogBlueprintUserMessages: [torque_wheell_2] 64
[2022.04.05-13.45.18:813][498]PIE: Warning: torque_wheell_2.Cylinder Cylinder has to have 'Simulate Physics' enabled if you'd like to AddTorque. 
[2022.04.05-13.45.18:813][498]LogBlueprintUserMessages: [torque_wheell_2] 65
[2022.04.05-13.45.18:830][499]PIE: Warning: torque_wheell_2.Cylinder Cylinder has to have 'Simulate Physics' enabled if you'd like to AddTorque. 
[2022.04.05-13.45.18:830][499]LogBlueprintUserMessages: [torque_wheell_2] 66
[2022.04.05-13.45.18:846][500]PIE: Warning: torque_wheell_2.Cylinder Cylinder has to have 'Simulate Physics' enabled if you'd like to AddTorque. 
[2022.04.05-13.45.18:846][500]LogBlueprintUserMessages: [torque_wheell_2] 67
[2022.04.05-13.45.18:863][501]PIE: Warning: torque_wheell_2.Cylinder Cylinder has to have 'Simulate Physics' enabled if you'd like to AddTorque. 
[2022.04.05-13.45.18:863][501]LogBlueprintUserMessages: [torque_wheell_2] 68
[2022.04.05-13.45.18:880][502]PIE: Warning: torque_wheell_2.Cylinder Cylinder has to have 'Simulate Physics' enabled if you'd like to AddTorque. 
[2022.04.05-13.45.18:880][502]LogBlueprintUserMessages: [torque_wheell_2] 69
[2022.04.05-13.45.18:896][503]PIE: Warning: torque_wheell_2.Cylinder Cylinder has to have 'Simulate Physics' enabled if you'd like to AddTorque. 
[2022.04.05-13.45.18:896][503]LogBlueprintUserMessages: [torque_wheell_2] 70
[2022.04.05-13.45.18:913][504]PIE: Warning: torque_wheell_2.Cylinder Cylinder has to have 'Simulate Physics' enabled if you'd like to AddTorque. 
[2022.04.05-13.45.18:913][504]LogBlueprintUserMessages: [torque_wheell_2] 71
[2022.04.05-13.45.18:930][505]PIE: Warning: torque_wheell_2.Cylinder Cylinder has to have 'Simulate Physics' enabled if you'd like to AddTorque. 
[2022.04.05-13.45.18:930][505]LogBlueprintUserMessages: [torque_wheell_2] 72
[2022.04.05-13.45.18:946][506]PIE: Warning: torque_wheell_2.Cylinder Cylinder has to have 'Simulate Physics' enabled if you'd like to AddTorque. 
[2022.04.05-13.45.18:946][506]LogBlueprintUserMessages: [torque_wheell_2] 73
[2022.04.05-13.45.18:963][507]PIE: Warning: torque_wheell_2.Cylinder Cylinder has to have 'Simulate Physics' enabled if you'd like to AddTorque. 
[2022.04.05-13.45.18:963][507]LogBlueprintUserMessages: [torque_wheell_2] 74
[2022.04.05-13.45.18:980][508]PIE: Warning: torque_wheell_2.Cylinder Cylinder has to have 'Simulate Physics' enabled if you'd like to AddTorque. 
[2022.04.05-13.45.18:980][508]LogBlueprintUserMessages: [torque_wheell_2] 75
[2022.04.05-13.45.18:997][509]PIE: Warning: torque_wheell_2.Cylinder Cylinder has to have 'Simulate Physics' enabled if you'd like to AddTorque. 
[2022.04.05-13.45.18:997][509]LogBlueprintUserMessages: [torque_wheell_2] 76
[2022.04.05-13.45.19:013][510]PIE: Warning: torque_wheell_2.Cylinder Cylinder has to have 'Simulate Physics' enabled if you'd like to AddTorque. 
[2022.04.05-13.45.19:013][510]LogBlueprintUserMessages: [torque_wheell_2] 77
[2022.04.05-13.45.19:030][511]PIE: Warning: torque_wheell_2.Cylinder Cylinder has to have 'Simulate Physics' enabled if you'd like to AddTorque. 
[2022.04.05-13.45.19:030][511]LogBlueprintUserMessages: [torque_wheell_2] 78
[2022.04.05-13.45.19:047][512]PIE: Warning: torque_wheell_2.Cylinder Cylinder has to have 'Simulate Physics' enabled if you'd like to AddTorque. 
[2022.04.05-13.45.19:047][512]LogBlueprintUserMessages: [torque_wheell_2] 79
[2022.04.05-13.45.19:063][513]PIE: Warning: torque_wheell_2.Cylinder Cylinder has to have 'Simulate Physics' enabled if you'd like to AddTorque. 
[2022.04.05-13.45.19:063][513]LogBlueprintUserMessages: [torque_wheell_2] 80
[2022.04.05-13.45.19:080][514]PIE: Warning: torque_wheell_2.Cylinder Cylinder has to have 'Simulate Physics' enabled if you'd like to AddTorque. 
[2022.04.05-13.45.19:080][514]LogBlueprintUserMessages: [torque_wheell_2] 81
[2022.04.05-13.45.19:097][515]PIE: Warning: torque_wheell_2.Cylinder Cylinder has to have 'Simulate Physics' enabled if you'd like to AddTorque. 
[2022.04.05-13.45.19:097][515]LogBlueprintUserMessages: [torque_wheell_2] 82
[2022.04.05-13.45.19:113][516]PIE: Warning: torque_wheell_2.Cylinder Cylinder has to have 'Simulate Physics' enabled if you'd like to AddTorque. 
[2022.04.05-13.45.19:113][516]LogBlueprintUserMessages: [torque_wheell_2] 83
[2022.04.05-13.45.19:130][517]PIE: Warning: torque_wheell_2.Cylinder Cylinder has to have 'Simulate Physics' enabled if you'd like to AddTorque. 
[2022.04.05-13.45.19:130][517]LogBlueprintUserMessages: [torque_wheell_2] 84
[2022.04.05-13.45.19:146][518]PIE: Warning: torque_wheell_2.Cylinder Cylinder has to have 'Simulate Physics' enabled if you'd like to AddTorque. 
[2022.04.05-13.45.19:146][518]LogBlueprintUserMessages: [torque_wheell_2] 85
[2022.04.05-13.45.19:163][519]PIE: Warning: torque_wheell_2.Cylinder Cylinder has to have 'Simulate Physics' enabled if you'd like to AddTorque. 
[2022.04.05-13.45.19:163][519]LogBlueprintUserMessages: [torque_wheell_2] 86
[2022.04.05-13.45.19:180][520]PIE: Warning: torque_wheell_2.Cylinder Cylinder has to have 'Simulate Physics' enabled if you'd like to AddTorque. 
[2022.04.05-13.45.19:180][520]LogBlueprintUserMessages: [torque_wheell_2] 87
[2022.04.05-13.45.19:197][521]PIE: Warning: torque_wheell_2.Cylinder Cylinder has to have 'Simulate Physics' enabled if you'd like to AddTorque. 
[2022.04.05-13.45.19:197][521]LogBlueprintUserMessages: [torque_wheell_2] 88
[2022.04.05-13.45.19:213][522]PIE: Warning: torque_wheell_2.Cylinder Cylinder has to have 'Simulate Physics' enabled if you'd like to AddTorque. 
[2022.04.05-13.45.19:213][522]LogBlueprintUserMessages: [torque_wheell_2] 89
[2022.04.05-13.45.19:230][523]PIE: Warning: torque_wheell_2.Cylinder Cylinder has to have 'Simulate Physics' enabled if you'd like to AddTorque. 
[2022.04.05-13.45.19:230][523]LogBlueprintUserMessages: [torque_wheell_2] 90
[2022.04.05-13.45.19:246][524]PIE: Warning: torque_wheell_2.Cylinder Cylinder has to have 'Simulate Physics' enabled if you'd like to AddTorque. 
[2022.04.05-13.45.19:246][524]LogBlueprintUserMessages: [torque_wheell_2] 91
[2022.04.05-13.45.19:263][525]PIE: Warning: torque_wheell_2.Cylinder Cylinder has to have 'Simulate Physics' enabled if you'd like to AddTorque. 
[2022.04.05-13.45.19:263][525]LogBlueprintUserMessages: [torque_wheell_2] 92
[2022.04.05-13.45.19:280][526]PIE: Warning: torque_wheell_2.Cylinder Cylinder has to have 'Simulate Physics' enabled if you'd like to AddTorque. 
[2022.04.05-13.45.19:280][526]LogBlueprintUserMessages: [torque_wheell_2] 93
[2022.04.05-13.45.19:296][527]PIE: Warning: torque_wheell_2.Cylinder Cylinder has to have 'Simulate Physics' enabled if you'd like to AddTorque. 
[2022.04.05-13.45.19:296][527]LogBlueprintUserMessages: [torque_wheell_2] 94
[2022.04.05-13.45.19:313][528]PIE: Warning: torque_wheell_2.Cylinder Cylinder has to have 'Simulate Physics' enabled if you'd like to AddTorque. 
[2022.04.05-13.45.19:313][528]LogBlueprintUserMessages: [torque_wheell_2] 95
[2022.04.05-13.45.19:330][529]PIE: Warning: torque_wheell_2.Cylinder Cylinder has to have 'Simulate Physics' enabled if you'd like to AddTorque. 
[2022.04.05-13.45.19:330][529]LogBlueprintUserMessages: [torque_wheell_2] 96
[2022.04.05-13.45.19:346][530]PIE: Warning: torque_wheell_2.Cylinder Cylinder has to have 'Simulate Physics' enabled if you'd like to AddTorque. 
[2022.04.05-13.45.19:346][530]LogBlueprintUserMessages: [torque_wheell_2] 97
[2022.04.05-13.45.19:363][531]PIE: Warning: torque_wheell_2.Cylinder Cylinder has to have 'Simulate Physics' enabled if you'd like to AddTorque. 
[2022.04.05-13.45.19:363][531]LogBlueprintUserMessages: [torque_wheell_2] 98
[2022.04.05-13.45.19:380][532]PIE: Warning: torque_wheell_2.Cylinder Cylinder has to have 'Simulate Physics' enabled if you'd like to AddTorque. 
[2022.04.05-13.45.19:380][532]LogBlueprintUserMessages: [torque_wheell_2] 99
[2022.04.05-13.45.19:396][533]PIE: Warning: torque_wheell_2.Cylinder Cylinder has to have 'Simulate Physics' enabled if you'd like to AddTorque. 
[2022.04.05-13.45.19:396][533]LogBlueprintUserMessages: [torque_wheell_2] 100
[2022.04.05-13.45.19:413][534]PIE: Warning: torque_wheell_2.Cylinder Cylinder has to have 'Simulate Physics' enabled if you'd like to AddTorque. 
[2022.04.05-13.45.19:413][534]LogBlueprintUserMessages: [torque_wheell_2] 101
[2022.04.05-13.45.19:429][535]PIE: Warning: torque_wheell_2.Cylinder Cylinder has to have 'Simulate Physics' enabled if you'd like to AddTorque. 
[2022.04.05-13.45.19:430][535]LogBlueprintUserMessages: [torque_wheell_2] 102
[2022.04.05-13.45.19:446][536]PIE: Warning: torque_wheell_2.Cylinder Cylinder has to have 'Simulate Physics' enabled if you'd like to AddTorque. 
[2022.04.05-13.45.19:446][536]LogBlueprintUserMessages: [torque_wheell_2] 103
[2022.04.05-13.45.19:463][537]PIE: Warning: torque_wheell_2.Cylinder Cylinder has to have 'Simulate Physics' enabled if you'd like to AddTorque. 
[2022.04.05-13.45.19:463][537]LogBlueprintUserMessages: [torque_wheell_2] 104
[2022.04.05-13.45.19:479][538]PIE: Warning: torque_wheell_2.Cylinder Cylinder has to have 'Simulate Physics' enabled if you'd like to AddTorque. 
[2022.04.05-13.45.19:479][538]LogBlueprintUserMessages: [torque_wheell_2] 105
[2022.04.05-13.45.19:496][539]PIE: Warning: torque_wheell_2.Cylinder Cylinder has to have 'Simulate Physics' enabled if you'd like to AddTorque. 
[2022.04.05-13.45.19:496][539]LogBlueprintUserMessages: [torque_wheell_2] 106
[2022.04.05-13.45.19:513][540]PIE: Warning: torque_wheell_2.Cylinder Cylinder has to have 'Simulate Physics' enabled if you'd like to AddTorque. 
[2022.04.05-13.45.19:513][540]LogBlueprintUserMessages: [torque_wheell_2] 107
[2022.04.05-13.45.19:529][541]PIE: Warning: torque_wheell_2.Cylinder Cylinder has to have 'Simulate Physics' enabled if you'd like to AddTorque. 
[2022.04.05-13.45.19:529][541]LogBlueprintUserMessages: [torque_wheell_2] 108
[2022.04.05-13.45.19:546][542]PIE: Warning: torque_wheell_2.Cylinder Cylinder has to have 'Simulate Physics' enabled if you'd like to AddTorque. 
[2022.04.05-13.45.19:546][542]LogBlueprintUserMessages: [torque_wheell_2] 109
[2022.04.05-13.45.19:563][543]PIE: Warning: torque_wheell_2.Cylinder Cylinder has to have 'Simulate Physics' enabled if you'd like to AddTorque. 
[2022.04.05-13.45.19:563][543]LogBlueprintUserMessages: [torque_wheell_2] 110
[2022.04.05-13.45.19:579][544]PIE: Warning: torque_wheell_2.Cylinder Cylinder has to have 'Simulate Physics' enabled if you'd like to AddTorque. 
[2022.04.05-13.45.19:580][544]LogBlueprintUserMessages: [torque_wheell_2] 111
[2022.04.05-13.45.19:596][545]PIE: Warning: torque_wheell_2.Cylinder Cylinder has to have 'Simulate Physics' enabled if you'd like to AddTorque. 
[2022.04.05-13.45.19:596][545]LogBlueprintUserMessages: [torque_wheell_2] 112
[2022.04.05-13.45.19:613][546]PIE: Warning: torque_wheell_2.Cylinder Cylinder has to have 'Simulate Physics' enabled if you'd like to AddTorque. 
[2022.04.05-13.45.19:613][546]LogBlueprintUserMessages: [torque_wheell_2] 113
[2022.04.05-13.45.19:630][547]PIE: Warning: torque_wheell_2.Cylinder Cylinder has to have 'Simulate Physics' enabled if you'd like to AddTorque. 
[2022.04.05-13.45.19:630][547]LogBlueprintUserMessages: [torque_wheell_2] 114
[2022.04.05-13.45.19:646][548]PIE: Warning: torque_wheell_2.Cylinder Cylinder has to have 'Simulate Physics' enabled if you'd like to AddTorque. 
[2022.04.05-13.45.19:646][548]LogBlueprintUserMessages: [torque_wheell_2] 115
[2022.04.05-13.45.19:663][549]PIE: Warning: torque_wheell_2.Cylinder Cylinder has to have 'Simulate Physics' enabled if you'd like to AddTorque. 
[2022.04.05-13.45.19:663][549]LogBlueprintUserMessages: [torque_wheell_2] 116
[2022.04.05-13.45.19:680][550]PIE: Warning: torque_wheell_2.Cylinder Cylinder has to have 'Simulate Physics' enabled if you'd like to AddTorque. 
[2022.04.05-13.45.19:680][550]LogBlueprintUserMessages: [torque_wheell_2] 117
[2022.04.05-13.45.19:696][551]PIE: Warning: torque_wheell_2.Cylinder Cylinder has to have 'Simulate Physics' enabled if you'd like to AddTorque. 
[2022.04.05-13.45.19:696][551]LogBlueprintUserMessages: [torque_wheell_2] 118
[2022.04.05-13.45.19:713][552]PIE: Warning: torque_wheell_2.Cylinder Cylinder has to have 'Simulate Physics' enabled if you'd like to AddTorque. 
[2022.04.05-13.45.19:713][552]LogBlueprintUserMessages: [torque_wheell_2] 119
[2022.04.05-13.45.19:730][553]PIE: Warning: torque_wheell_2.Cylinder Cylinder has to have 'Simulate Physics' enabled if you'd like to AddTorque. 
[2022.04.05-13.45.19:730][553]LogBlueprintUserMessages: [torque_wheell_2] 120
[2022.04.05-13.45.19:746][554]PIE: Warning: torque_wheell_2.Cylinder Cylinder has to have 'Simulate Physics' enabled if you'd like to AddTorque. 
[2022.04.05-13.45.19:746][554]LogBlueprintUserMessages: [torque_wheell_2] 121
[2022.04.05-13.45.19:763][555]PIE: Warning: torque_wheell_2.Cylinder Cylinder has to have 'Simulate Physics' enabled if you'd like to AddTorque. 
[2022.04.05-13.45.19:763][555]LogBlueprintUserMessages: [torque_wheell_2] 122
[2022.04.05-13.45.19:779][556]PIE: Warning: torque_wheell_2.Cylinder Cylinder has to have 'Simulate Physics' enabled if you'd like to AddTorque. 
[2022.04.05-13.45.19:779][556]LogBlueprintUserMessages: [torque_wheell_2] 123
[2022.04.05-13.45.19:796][557]PIE: Warning: torque_wheell_2.Cylinder Cylinder has to have 'Simulate Physics' enabled if you'd like to AddTorque. 
[2022.04.05-13.45.19:796][557]LogBlueprintUserMessages: [torque_wheell_2] 124
[2022.04.05-13.45.19:813][558]PIE: Warning: torque_wheell_2.Cylinder Cylinder has to have 'Simulate Physics' enabled if you'd like to AddTorque. 
[2022.04.05-13.45.19:813][558]LogBlueprintUserMessages: [torque_wheell_2] 125
[2022.04.05-13.45.19:830][559]PIE: Warning: torque_wheell_2.Cylinder Cylinder has to have 'Simulate Physics' enabled if you'd like to AddTorque. 
[2022.04.05-13.45.19:830][559]LogBlueprintUserMessages: [torque_wheell_2] 126
[2022.04.05-13.45.19:846][560]PIE: Warning: torque_wheell_2.Cylinder Cylinder has to have 'Simulate Physics' enabled if you'd like to AddTorque. 
[2022.04.05-13.45.19:846][560]LogBlueprintUserMessages: [torque_wheell_2] 127
[2022.04.05-13.45.19:863][561]PIE: Warning: torque_wheell_2.Cylinder Cylinder has to have 'Simulate Physics' enabled if you'd like to AddTorque. 
[2022.04.05-13.45.19:863][561]LogBlueprintUserMessages: [torque_wheell_2] 128
[2022.04.05-13.45.19:879][562]PIE: Warning: torque_wheell_2.Cylinder Cylinder has to have 'Simulate Physics' enabled if you'd like to AddTorque. 
[2022.04.05-13.45.19:879][562]LogBlueprintUserMessages: [torque_wheell_2] 129
[2022.04.05-13.45.19:896][563]PIE: Warning: torque_wheell_2.Cylinder Cylinder has to have 'Simulate Physics' enabled if you'd like to AddTorque. 
[2022.04.05-13.45.19:896][563]LogBlueprintUserMessages: [torque_wheell_2] 130
[2022.04.05-13.45.19:913][564]PIE: Warning: torque_wheell_2.Cylinder Cylinder has to have 'Simulate Physics' enabled if you'd like to AddTorque. 
[2022.04.05-13.45.19:913][564]LogBlueprintUserMessages: [torque_wheell_2] 131
[2022.04.05-13.45.19:930][565]PIE: Warning: torque_wheell_2.Cylinder Cylinder has to have 'Simulate Physics' enabled if you'd like to AddTorque. 
[2022.04.05-13.45.19:930][565]LogBlueprintUserMessages: [torque_wheell_2] 132
[2022.04.05-13.45.19:946][566]PIE: Warning: torque_wheell_2.Cylinder Cylinder has to have 'Simulate Physics' enabled if you'd like to AddTorque. 
[2022.04.05-13.45.19:946][566]LogBlueprintUserMessages: [torque_wheell_2] 133
[2022.04.05-13.45.19:963][567]PIE: Warning: torque_wheell_2.Cylinder Cylinder has to have 'Simulate Physics' enabled if you'd like to AddTorque. 
[2022.04.05-13.45.19:963][567]LogBlueprintUserMessages: [torque_wheell_2] 134
[2022.04.05-13.45.19:979][568]PIE: Warning: torque_wheell_2.Cylinder Cylinder has to have 'Simulate Physics' enabled if you'd like to AddTorque. 
[2022.04.05-13.45.19:979][568]LogBlueprintUserMessages: [torque_wheell_2] 135
[2022.04.05-13.45.19:996][569]PIE: Warning: torque_wheell_2.Cylinder Cylinder has to have 'Simulate Physics' enabled if you'd like to AddTorque. 
[2022.04.05-13.45.19:996][569]LogBlueprintUserMessages: [torque_wheell_2] 136
[2022.04.05-13.45.20:013][570]PIE: Warning: torque_wheell_2.Cylinder Cylinder has to have 'Simulate Physics' enabled if you'd like to AddTorque. 
[2022.04.05-13.45.20:013][570]LogBlueprintUserMessages: [torque_wheell_2] 137
[2022.04.05-13.45.20:097][575]PIE: Warning: torque_wheell_2.Cylinder Cylinder has to have 'Simulate Physics' enabled if you'd like to AddTorque. 
[2022.04.05-13.45.20:097][575]LogBlueprintUserMessages: [torque_wheell_2] 138
[2022.04.05-13.45.20:130][575]LogSlate: Updating window title bar state: overlay mode, drag disabled, window buttons hidden, title bar hidden
[2022.04.05-13.45.20:130][575]LogWorld: BeginTearingDown for /Game/VRTemplate/Maps/UEDPIE_0_VRTemplateMap
[2022.04.05-13.45.20:131][575]LogWorld: UWorld::CleanupWorld for VRTemplateMap, bSessionEnded=true, bCleanupResources=true
[2022.04.05-13.45.20:132][575]LogSlate: InvalidateAllWidgets triggered.  All widgets were invalidated
[2022.04.05-13.45.20:142][575]LogPlayLevel: Display: Shutting down PIE online subsystems
[2022.04.05-13.45.20:180][575]LogSlate: InvalidateAllWidgets triggered.  All widgets were invalidated
[2022.04.05-13.45.20:202][575]LogAudio: Display: Audio Device unregistered from world 'None'.
[2022.04.05-13.45.20:202][575]LogResonanceAudio: Display: Resonance Audio Listener is shutdown
[2022.04.05-13.45.20:202][575]LogAudioMixer: FMixerPlatformXAudio2::StopAudioStream() called
[2022.04.05-13.45.20:204][575]LogAudioMixer: FMixerPlatformXAudio2::StopAudioStream() called
[2022.04.05-13.45.20:206][575]LogSlate: Updating window title bar state: overlay mode, drag disabled, window buttons hidden, title bar hidden
[2022.04.05-13.45.20:209][575]LogSlate: Slate User Unregistered.  User Index 8
[2022.04.05-13.45.20:209][575]LogSlate: Slate User Destroyed.  User Index 8, Is Virtual User: 1
[2022.04.05-13.45.20:211][575]LogUObjectHash: Compacting FUObjectHashTables data took   2.70ms
[2022.04.05-13.45.20:284][576]LogPlayLevel: Display: Destroying online subsystem :Context_8
[2022.04.05-13.45.21:657][651]LogSlate: Window 'Message Log' being destroyed
[2022.04.05-13.45.21:661][651]LogSlate: Window 'Message Log' being destroyed
[2022.04.05-13.45.23:279][748]LogTemp: Repeating last play command: Selected Viewport
[2022.04.05-13.45.23:285][748]LogPlayLevel: PlayLevel: No blueprints needed recompiling
[2022.04.05-13.45.23:285][748]PIE: New page: PIE session: VRTemplateMap (5. apr. 2022 17.45.23)
[2022.04.05-13.45.23:285][748]LogPlayLevel: Creating play world package: /Game/VRTemplate/Maps/UEDPIE_0_VRTemplateMap
[2022.04.05-13.45.23:310][748]LogPlayLevel: PIE: StaticDuplicateObject took: (0.024764s)
[2022.04.05-13.45.23:310][748]LogAIModule: Creating AISystem for world VRTemplateMap
[2022.04.05-13.45.23:311][748]LogPlayLevel: PIE: World Init took: (0.000851s)
[2022.04.05-13.45.23:311][748]LogPlayLevel: PIE: Created PIE world by copying editor world from /Game/VRTemplate/Maps/VRTemplateMap.VRTemplateMap to /Game/VRTemplate/Maps/UEDPIE_0_VRTemplateMap.VRTemplateMap (0.025735s)
[2022.04.05-13.45.23:333][748]LogUObjectHash: Compacting FUObjectHashTables data took   2.32ms
[2022.04.05-13.45.23:335][748]LogAudio: Display: Creating Audio Device:                 Id: 4, Scope: Unique, Realtime: True
[2022.04.05-13.45.23:335][748]LogAudioMixer: Display: Audio Mixer Platform Settings:
[2022.04.05-13.45.23:335][748]LogAudioMixer: Display: 	Sample Rate:						  48000
[2022.04.05-13.45.23:336][748]LogAudioMixer: Display: 	Callback Buffer Frame Size Requested: 1024
[2022.04.05-13.45.23:336][748]LogAudioMixer: Display: 	Callback Buffer Frame Size To Use:	  1024
[2022.04.05-13.45.23:336][748]LogAudioMixer: Display: 	Number of buffers to queue:			  1
[2022.04.05-13.45.23:336][748]LogAudioMixer: Display: 	Max Channels (voices):				  0
[2022.04.05-13.45.23:336][748]LogAudioMixer: Display: 	Number of Async Source Workers:		  4
[2022.04.05-13.45.23:336][748]LogAudio: Display: AudioDevice MaxSources: 32
[2022.04.05-13.45.23:336][748]LogAudio: Display: Audio Spatialization Plugin: Resonance Audio is external send: 1
[2022.04.05-13.45.23:336][748]LogAudio: Display: Audio Reverb Plugin: Resonance Audio
[2022.04.05-13.45.23:336][748]LogAudio: Display: Audio Occlusion Plugin: None (built-in).
[2022.04.05-13.45.23:336][748]LogAudioMixer: Display: Initializing audio mixer.
[2022.04.05-13.45.23:338][748]LogAudioMixer: Display: 0: FrontLeft
[2022.04.05-13.45.23:338][748]LogAudioMixer: Display: 1: FrontRight
[2022.04.05-13.45.23:341][748]LogAudioMixer: Display: Using Audio Device Headphones (Oculus Virtual Audio Device)
[2022.04.05-13.45.23:342][748]LogAudioMixer: Display: Initializing Sound Submixes...
[2022.04.05-13.45.23:342][748]LogAudioMixer: Display: Creating Master Submix 'MasterSubmixDefault'
[2022.04.05-13.45.23:342][748]LogAudioMixer: Display: Creating Master Submix 'MasterReverbSubmixDefault'
[2022.04.05-13.45.23:342][748]LogAudioMixer: Display: Creating Master Submix 'MasterEQSubmixDefault'
[2022.04.05-13.45.23:342][748]LogAudioMixer: FMixerPlatformXAudio2::StartAudioStream() called
[2022.04.05-13.45.23:342][748]LogAudioMixer: Display: Output buffers initialized: Frames=1024, Channels=2, Samples=2048
[2022.04.05-13.45.23:343][748]LogAudioMixer: Display: Starting AudioMixerPlatformInterface::RunInternal()
[2022.04.05-13.45.23:343][748]LogAudioMixer: Display: FMixerPlatformXAudio2::SubmitBuffer() called for the first time
[2022.04.05-13.45.23:343][748]LogInit: FAudioDevice initialized.
[2022.04.05-13.45.23:343][748]LogAudio: Display: Audio Device (ID: 4) registered with world 'VRTemplateMap'.
[2022.04.05-13.45.23:351][748]LogLoad: Game class is 'VRGameMode_C'
[2022.04.05-13.45.23:357][748]LogWorld: Bringing World /Game/VRTemplate/Maps/UEDPIE_0_VRTemplateMap.VRTemplateMap up for play (max tick rate 60) at 2022.04.05-15.45.23
[2022.04.05-13.45.23:357][748]LogWorld: Bringing up level for play took: 0.005822
[2022.04.05-13.45.23:358][748]LogOnline: OSS: Creating online subsystem instance for: :Context_9
[2022.04.05-13.45.23:359][748]LogSpawn: Warning: SpawnActor failed because no class was specified
[2022.04.05-13.45.23:360][748]LogSlate: New Slate User Created.  User Index 8, Is Virtual User: 1
[2022.04.05-13.45.23:360][748]LogSlate: Slate User Registered.  User Index 8, Is Virtual User: 1
[2022.04.05-13.45.23:361][748]PIE: Server logged in
[2022.04.05-13.45.23:362][748]PIE: Play in editor total start time 0,078 seconds.
[2022.04.05-13.45.23:363][748]PIE: Warning: torque_wheell_2.Cylinder Cylinder has to have 'Simulate Physics' enabled if you'd like to AddTorque. 
[2022.04.05-13.45.23:363][748]LogBlueprintUserMessages: [torque_wheell_2] 1
[2022.04.05-13.45.23:371][748]LogResonanceAudio: Display: Resonance Audio Listener is initialized
[2022.04.05-13.45.23:390][749]PIE: Warning: torque_wheell_2.Cylinder Cylinder has to have 'Simulate Physics' enabled if you'd like to AddTorque. 
[2022.04.05-13.45.23:390][749]LogBlueprintUserMessages: [torque_wheell_2] 2
[2022.04.05-13.45.23:409][750]PIE: Warning: torque_wheell_2.Cylinder Cylinder has to have 'Simulate Physics' enabled if you'd like to AddTorque. 
[2022.04.05-13.45.23:409][750]LogBlueprintUserMessages: [torque_wheell_2] 3
[2022.04.05-13.45.23:425][751]PIE: Warning: torque_wheell_2.Cylinder Cylinder has to have 'Simulate Physics' enabled if you'd like to AddTorque. 
[2022.04.05-13.45.23:425][751]LogBlueprintUserMessages: [torque_wheell_2] 4
[2022.04.05-13.45.23:442][752]PIE: Warning: torque_wheell_2.Cylinder Cylinder has to have 'Simulate Physics' enabled if you'd like to AddTorque. 
[2022.04.05-13.45.23:442][752]LogBlueprintUserMessages: [torque_wheell_2] 5
[2022.04.05-13.45.23:459][753]PIE: Warning: torque_wheell_2.Cylinder Cylinder has to have 'Simulate Physics' enabled if you'd like to AddTorque. 
[2022.04.05-13.45.23:459][753]LogBlueprintUserMessages: [torque_wheell_2] 6
[2022.04.05-13.45.23:475][754]PIE: Warning: torque_wheell_2.Cylinder Cylinder has to have 'Simulate Physics' enabled if you'd like to AddTorque. 
[2022.04.05-13.45.23:475][754]LogBlueprintUserMessages: [torque_wheell_2] 7
[2022.04.05-13.45.23:493][755]PIE: Warning: torque_wheell_2.Cylinder Cylinder has to have 'Simulate Physics' enabled if you'd like to AddTorque. 
[2022.04.05-13.45.23:493][755]LogBlueprintUserMessages: [torque_wheell_2] 8
[2022.04.05-13.45.23:509][756]PIE: Warning: torque_wheell_2.Cylinder Cylinder has to have 'Simulate Physics' enabled if you'd like to AddTorque. 
[2022.04.05-13.45.23:509][756]LogBlueprintUserMessages: [torque_wheell_2] 9
[2022.04.05-13.45.23:526][757]PIE: Warning: torque_wheell_2.Cylinder Cylinder has to have 'Simulate Physics' enabled if you'd like to AddTorque. 
[2022.04.05-13.45.23:526][757]LogBlueprintUserMessages: [torque_wheell_2] 10
[2022.04.05-13.45.23:542][758]PIE: Warning: torque_wheell_2.Cylinder Cylinder has to have 'Simulate Physics' enabled if you'd like to AddTorque. 
[2022.04.05-13.45.23:542][758]LogBlueprintUserMessages: [torque_wheell_2] 11
[2022.04.05-13.45.23:559][759]PIE: Warning: torque_wheell_2.Cylinder Cylinder has to have 'Simulate Physics' enabled if you'd like to AddTorque. 
[2022.04.05-13.45.23:559][759]LogBlueprintUserMessages: [torque_wheell_2] 12
[2022.04.05-13.45.23:576][760]PIE: Warning: torque_wheell_2.Cylinder Cylinder has to have 'Simulate Physics' enabled if you'd like to AddTorque. 
[2022.04.05-13.45.23:576][760]LogBlueprintUserMessages: [torque_wheell_2] 13
[2022.04.05-13.45.23:592][761]PIE: Warning: torque_wheell_2.Cylinder Cylinder has to have 'Simulate Physics' enabled if you'd like to AddTorque. 
[2022.04.05-13.45.23:592][761]LogBlueprintUserMessages: [torque_wheell_2] 14
[2022.04.05-13.45.23:609][762]PIE: Warning: torque_wheell_2.Cylinder Cylinder has to have 'Simulate Physics' enabled if you'd like to AddTorque. 
[2022.04.05-13.45.23:609][762]LogBlueprintUserMessages: [torque_wheell_2] 15
[2022.04.05-13.45.23:626][763]PIE: Warning: torque_wheell_2.Cylinder Cylinder has to have 'Simulate Physics' enabled if you'd like to AddTorque. 
[2022.04.05-13.45.23:626][763]LogBlueprintUserMessages: [torque_wheell_2] 16
[2022.04.05-13.45.23:642][764]PIE: Warning: torque_wheell_2.Cylinder Cylinder has to have 'Simulate Physics' enabled if you'd like to AddTorque. 
[2022.04.05-13.45.23:642][764]LogBlueprintUserMessages: [torque_wheell_2] 17
[2022.04.05-13.45.23:659][765]PIE: Warning: torque_wheell_2.Cylinder Cylinder has to have 'Simulate Physics' enabled if you'd like to AddTorque. 
[2022.04.05-13.45.23:659][765]LogBlueprintUserMessages: [torque_wheell_2] 18
[2022.04.05-13.45.23:676][766]PIE: Warning: torque_wheell_2.Cylinder Cylinder has to have 'Simulate Physics' enabled if you'd like to AddTorque. 
[2022.04.05-13.45.23:676][766]LogBlueprintUserMessages: [torque_wheell_2] 19
[2022.04.05-13.45.23:693][767]PIE: Warning: torque_wheell_2.Cylinder Cylinder has to have 'Simulate Physics' enabled if you'd like to AddTorque. 
[2022.04.05-13.45.23:693][767]LogBlueprintUserMessages: [torque_wheell_2] 20
[2022.04.05-13.45.23:709][768]PIE: Warning: torque_wheell_2.Cylinder Cylinder has to have 'Simulate Physics' enabled if you'd like to AddTorque. 
[2022.04.05-13.45.23:709][768]LogBlueprintUserMessages: [torque_wheell_2] 21
[2022.04.05-13.45.23:726][769]PIE: Warning: torque_wheell_2.Cylinder Cylinder has to have 'Simulate Physics' enabled if you'd like to AddTorque. 
[2022.04.05-13.45.23:726][769]LogBlueprintUserMessages: [torque_wheell_2] 22
[2022.04.05-13.45.23:743][770]PIE: Warning: torque_wheell_2.Cylinder Cylinder has to have 'Simulate Physics' enabled if you'd like to AddTorque. 
[2022.04.05-13.45.23:743][770]LogBlueprintUserMessages: [torque_wheell_2] 23
[2022.04.05-13.45.23:759][771]PIE: Warning: torque_wheell_2.Cylinder Cylinder has to have 'Simulate Physics' enabled if you'd like to AddTorque. 
[2022.04.05-13.45.23:759][771]LogBlueprintUserMessages: [torque_wheell_2] 24
[2022.04.05-13.45.23:776][772]PIE: Warning: torque_wheell_2.Cylinder Cylinder has to have 'Simulate Physics' enabled if you'd like to AddTorque. 
[2022.04.05-13.45.23:776][772]LogBlueprintUserMessages: [torque_wheell_2] 25
[2022.04.05-13.45.23:792][773]PIE: Warning: torque_wheell_2.Cylinder Cylinder has to have 'Simulate Physics' enabled if you'd like to AddTorque. 
[2022.04.05-13.45.23:792][773]LogBlueprintUserMessages: [torque_wheell_2] 26
[2022.04.05-13.45.23:809][774]PIE: Warning: torque_wheell_2.Cylinder Cylinder has to have 'Simulate Physics' enabled if you'd like to AddTorque. 
[2022.04.05-13.45.23:809][774]LogBlueprintUserMessages: [torque_wheell_2] 27
[2022.04.05-13.45.23:826][775]PIE: Warning: torque_wheell_2.Cylinder Cylinder has to have 'Simulate Physics' enabled if you'd like to AddTorque. 
[2022.04.05-13.45.23:826][775]LogBlueprintUserMessages: [torque_wheell_2] 28
[2022.04.05-13.45.23:842][776]PIE: Warning: torque_wheell_2.Cylinder Cylinder has to have 'Simulate Physics' enabled if you'd like to AddTorque. 
[2022.04.05-13.45.23:842][776]LogBlueprintUserMessages: [torque_wheell_2] 29
[2022.04.05-13.45.23:859][777]PIE: Warning: torque_wheell_2.Cylinder Cylinder has to have 'Simulate Physics' enabled if you'd like to AddTorque. 
[2022.04.05-13.45.23:859][777]LogBlueprintUserMessages: [torque_wheell_2] 30
[2022.04.05-13.45.23:876][778]PIE: Warning: torque_wheell_2.Cylinder Cylinder has to have 'Simulate Physics' enabled if you'd like to AddTorque. 
[2022.04.05-13.45.23:876][778]LogBlueprintUserMessages: [torque_wheell_2] 31
[2022.04.05-13.45.23:892][779]PIE: Warning: torque_wheell_2.Cylinder Cylinder has to have 'Simulate Physics' enabled if you'd like to AddTorque. 
[2022.04.05-13.45.23:892][779]LogBlueprintUserMessages: [torque_wheell_2] 32
[2022.04.05-13.45.23:909][780]PIE: Warning: torque_wheell_2.Cylinder Cylinder has to have 'Simulate Physics' enabled if you'd like to AddTorque. 
[2022.04.05-13.45.23:909][780]LogBlueprintUserMessages: [torque_wheell_2] 33
[2022.04.05-13.45.23:926][781]PIE: Warning: torque_wheell_2.Cylinder Cylinder has to have 'Simulate Physics' enabled if you'd like to AddTorque. 
[2022.04.05-13.45.23:926][781]LogBlueprintUserMessages: [torque_wheell_2] 34
[2022.04.05-13.45.23:943][782]PIE: Warning: torque_wheell_2.Cylinder Cylinder has to have 'Simulate Physics' enabled if you'd like to AddTorque. 
[2022.04.05-13.45.23:943][782]LogBlueprintUserMessages: [torque_wheell_2] 35
[2022.04.05-13.45.23:959][783]PIE: Warning: torque_wheell_2.Cylinder Cylinder has to have 'Simulate Physics' enabled if you'd like to AddTorque. 
[2022.04.05-13.45.23:959][783]LogBlueprintUserMessages: [torque_wheell_2] 36
[2022.04.05-13.45.23:976][784]PIE: Warning: torque_wheell_2.Cylinder Cylinder has to have 'Simulate Physics' enabled if you'd like to AddTorque. 
[2022.04.05-13.45.23:976][784]LogBlueprintUserMessages: [torque_wheell_2] 37
[2022.04.05-13.45.23:992][785]PIE: Warning: torque_wheell_2.Cylinder Cylinder has to have 'Simulate Physics' enabled if you'd like to AddTorque. 
[2022.04.05-13.45.23:992][785]LogBlueprintUserMessages: [torque_wheell_2] 38
[2022.04.05-13.45.24:009][786]PIE: Warning: torque_wheell_2.Cylinder Cylinder has to have 'Simulate Physics' enabled if you'd like to AddTorque. 
[2022.04.05-13.45.24:009][786]LogBlueprintUserMessages: [torque_wheell_2] 39
[2022.04.05-13.45.24:026][787]PIE: Warning: torque_wheell_2.Cylinder Cylinder has to have 'Simulate Physics' enabled if you'd like to AddTorque. 
[2022.04.05-13.45.24:026][787]LogBlueprintUserMessages: [torque_wheell_2] 40
[2022.04.05-13.45.24:042][788]PIE: Warning: torque_wheell_2.Cylinder Cylinder has to have 'Simulate Physics' enabled if you'd like to AddTorque. 
[2022.04.05-13.45.24:042][788]LogBlueprintUserMessages: [torque_wheell_2] 41
[2022.04.05-13.45.24:059][789]PIE: Warning: torque_wheell_2.Cylinder Cylinder has to have 'Simulate Physics' enabled if you'd like to AddTorque. 
[2022.04.05-13.45.24:059][789]LogBlueprintUserMessages: [torque_wheell_2] 42
[2022.04.05-13.45.24:076][790]PIE: Warning: torque_wheell_2.Cylinder Cylinder has to have 'Simulate Physics' enabled if you'd like to AddTorque. 
[2022.04.05-13.45.24:076][790]LogBlueprintUserMessages: [torque_wheell_2] 43
[2022.04.05-13.45.24:093][791]PIE: Warning: torque_wheell_2.Cylinder Cylinder has to have 'Simulate Physics' enabled if you'd like to AddTorque. 
[2022.04.05-13.45.24:093][791]LogBlueprintUserMessages: [torque_wheell_2] 44
[2022.04.05-13.45.24:109][792]PIE: Warning: torque_wheell_2.Cylinder Cylinder has to have 'Simulate Physics' enabled if you'd like to AddTorque. 
[2022.04.05-13.45.24:109][792]LogBlueprintUserMessages: [torque_wheell_2] 45
[2022.04.05-13.45.24:126][793]PIE: Warning: torque_wheell_2.Cylinder Cylinder has to have 'Simulate Physics' enabled if you'd like to AddTorque. 
[2022.04.05-13.45.24:126][793]LogBlueprintUserMessages: [torque_wheell_2] 46
[2022.04.05-13.45.24:142][794]PIE: Warning: torque_wheell_2.Cylinder Cylinder has to have 'Simulate Physics' enabled if you'd like to AddTorque. 
[2022.04.05-13.45.24:142][794]LogBlueprintUserMessages: [torque_wheell_2] 47
[2022.04.05-13.45.24:159][795]PIE: Warning: torque_wheell_2.Cylinder Cylinder has to have 'Simulate Physics' enabled if you'd like to AddTorque. 
[2022.04.05-13.45.24:159][795]LogBlueprintUserMessages: [torque_wheell_2] 48
[2022.04.05-13.45.24:176][796]PIE: Warning: torque_wheell_2.Cylinder Cylinder has to have 'Simulate Physics' enabled if you'd like to AddTorque. 
[2022.04.05-13.45.24:176][796]LogBlueprintUserMessages: [torque_wheell_2] 49
[2022.04.05-13.45.24:192][797]PIE: Warning: torque_wheell_2.Cylinder Cylinder has to have 'Simulate Physics' enabled if you'd like to AddTorque. 
[2022.04.05-13.45.24:192][797]LogBlueprintUserMessages: [torque_wheell_2] 50
[2022.04.05-13.45.24:209][798]PIE: Warning: torque_wheell_2.Cylinder Cylinder has to have 'Simulate Physics' enabled if you'd like to AddTorque. 
[2022.04.05-13.45.24:209][798]LogBlueprintUserMessages: [torque_wheell_2] 51
[2022.04.05-13.45.24:226][799]PIE: Warning: torque_wheell_2.Cylinder Cylinder has to have 'Simulate Physics' enabled if you'd like to AddTorque. 
[2022.04.05-13.45.24:226][799]LogBlueprintUserMessages: [torque_wheell_2] 52
[2022.04.05-13.45.24:242][800]PIE: Warning: torque_wheell_2.Cylinder Cylinder has to have 'Simulate Physics' enabled if you'd like to AddTorque. 
[2022.04.05-13.45.24:242][800]LogBlueprintUserMessages: [torque_wheell_2] 53
[2022.04.05-13.45.24:259][801]PIE: Warning: torque_wheell_2.Cylinder Cylinder has to have 'Simulate Physics' enabled if you'd like to AddTorque. 
[2022.04.05-13.45.24:259][801]LogBlueprintUserMessages: [torque_wheell_2] 54
[2022.04.05-13.45.24:276][802]PIE: Warning: torque_wheell_2.Cylinder Cylinder has to have 'Simulate Physics' enabled if you'd like to AddTorque. 
[2022.04.05-13.45.24:276][802]LogBlueprintUserMessages: [torque_wheell_2] 55
[2022.04.05-13.45.24:292][803]PIE: Warning: torque_wheell_2.Cylinder Cylinder has to have 'Simulate Physics' enabled if you'd like to AddTorque. 
[2022.04.05-13.45.24:292][803]LogBlueprintUserMessages: [torque_wheell_2] 56
[2022.04.05-13.45.24:309][804]PIE: Warning: torque_wheell_2.Cylinder Cylinder has to have 'Simulate Physics' enabled if you'd like to AddTorque. 
[2022.04.05-13.45.24:309][804]LogBlueprintUserMessages: [torque_wheell_2] 57
[2022.04.05-13.45.24:326][805]PIE: Warning: torque_wheell_2.Cylinder Cylinder has to have 'Simulate Physics' enabled if you'd like to AddTorque. 
[2022.04.05-13.45.24:326][805]LogBlueprintUserMessages: [torque_wheell_2] 58
[2022.04.05-13.45.24:342][806]PIE: Warning: torque_wheell_2.Cylinder Cylinder has to have 'Simulate Physics' enabled if you'd like to AddTorque. 
[2022.04.05-13.45.24:342][806]LogBlueprintUserMessages: [torque_wheell_2] 59
[2022.04.05-13.45.24:359][807]PIE: Warning: torque_wheell_2.Cylinder Cylinder has to have 'Simulate Physics' enabled if you'd like to AddTorque. 
[2022.04.05-13.45.24:359][807]LogBlueprintUserMessages: [torque_wheell_2] 60
[2022.04.05-13.45.24:376][808]PIE: Warning: torque_wheell_2.Cylinder Cylinder has to have 'Simulate Physics' enabled if you'd like to AddTorque. 
[2022.04.05-13.45.24:376][808]LogBlueprintUserMessages: [torque_wheell_2] 61
[2022.04.05-13.45.24:392][809]PIE: Warning: torque_wheell_2.Cylinder Cylinder has to have 'Simulate Physics' enabled if you'd like to AddTorque. 
[2022.04.05-13.45.24:392][809]LogBlueprintUserMessages: [torque_wheell_2] 62
[2022.04.05-13.45.24:409][810]PIE: Warning: torque_wheell_2.Cylinder Cylinder has to have 'Simulate Physics' enabled if you'd like to AddTorque. 
[2022.04.05-13.45.24:409][810]LogBlueprintUserMessages: [torque_wheell_2] 63
[2022.04.05-13.45.24:426][811]PIE: Warning: torque_wheell_2.Cylinder Cylinder has to have 'Simulate Physics' enabled if you'd like to AddTorque. 
[2022.04.05-13.45.24:426][811]LogBlueprintUserMessages: [torque_wheell_2] 64
[2022.04.05-13.45.24:443][812]PIE: Warning: torque_wheell_2.Cylinder Cylinder has to have 'Simulate Physics' enabled if you'd like to AddTorque. 
[2022.04.05-13.45.24:443][812]LogBlueprintUserMessages: [torque_wheell_2] 65
[2022.04.05-13.45.24:459][813]PIE: Warning: torque_wheell_2.Cylinder Cylinder has to have 'Simulate Physics' enabled if you'd like to AddTorque. 
[2022.04.05-13.45.24:460][813]LogBlueprintUserMessages: [torque_wheell_2] 66
[2022.04.05-13.45.24:476][814]PIE: Warning: torque_wheell_2.Cylinder Cylinder has to have 'Simulate Physics' enabled if you'd like to AddTorque. 
[2022.04.05-13.45.24:476][814]LogBlueprintUserMessages: [torque_wheell_2] 67
[2022.04.05-13.45.24:492][815]PIE: Warning: torque_wheell_2.Cylinder Cylinder has to have 'Simulate Physics' enabled if you'd like to AddTorque. 
[2022.04.05-13.45.24:492][815]LogBlueprintUserMessages: [torque_wheell_2] 68
[2022.04.05-13.45.24:509][816]PIE: Warning: torque_wheell_2.Cylinder Cylinder has to have 'Simulate Physics' enabled if you'd like to AddTorque. 
[2022.04.05-13.45.24:509][816]LogBlueprintUserMessages: [torque_wheell_2] 69
[2022.04.05-13.45.24:525][817]PIE: Warning: torque_wheell_2.Cylinder Cylinder has to have 'Simulate Physics' enabled if you'd like to AddTorque. 
[2022.04.05-13.45.24:525][817]LogBlueprintUserMessages: [torque_wheell_2] 70
[2022.04.05-13.45.24:542][818]PIE: Warning: torque_wheell_2.Cylinder Cylinder has to have 'Simulate Physics' enabled if you'd like to AddTorque. 
[2022.04.05-13.45.24:542][818]LogBlueprintUserMessages: [torque_wheell_2] 71
[2022.04.05-13.45.24:559][819]PIE: Warning: torque_wheell_2.Cylinder Cylinder has to have 'Simulate Physics' enabled if you'd like to AddTorque. 
[2022.04.05-13.45.24:559][819]LogBlueprintUserMessages: [torque_wheell_2] 72
[2022.04.05-13.45.24:576][820]PIE: Warning: torque_wheell_2.Cylinder Cylinder has to have 'Simulate Physics' enabled if you'd like to AddTorque. 
[2022.04.05-13.45.24:576][820]LogBlueprintUserMessages: [torque_wheell_2] 73
[2022.04.05-13.45.24:592][821]PIE: Warning: torque_wheell_2.Cylinder Cylinder has to have 'Simulate Physics' enabled if you'd like to AddTorque. 
[2022.04.05-13.45.24:592][821]LogBlueprintUserMessages: [torque_wheell_2] 74
[2022.04.05-13.45.24:609][822]PIE: Warning: torque_wheell_2.Cylinder Cylinder has to have 'Simulate Physics' enabled if you'd like to AddTorque. 
[2022.04.05-13.45.24:609][822]LogBlueprintUserMessages: [torque_wheell_2] 75
[2022.04.05-13.45.24:626][823]PIE: Warning: torque_wheell_2.Cylinder Cylinder has to have 'Simulate Physics' enabled if you'd like to AddTorque. 
[2022.04.05-13.45.24:626][823]LogBlueprintUserMessages: [torque_wheell_2] 76
[2022.04.05-13.45.24:643][824]PIE: Warning: torque_wheell_2.Cylinder Cylinder has to have 'Simulate Physics' enabled if you'd like to AddTorque. 
[2022.04.05-13.45.24:643][824]LogBlueprintUserMessages: [torque_wheell_2] 77
[2022.04.05-13.45.24:659][825]PIE: Warning: torque_wheell_2.Cylinder Cylinder has to have 'Simulate Physics' enabled if you'd like to AddTorque. 
[2022.04.05-13.45.24:659][825]LogBlueprintUserMessages: [torque_wheell_2] 78
[2022.04.05-13.45.24:676][826]PIE: Warning: torque_wheell_2.Cylinder Cylinder has to have 'Simulate Physics' enabled if you'd like to AddTorque. 
[2022.04.05-13.45.24:676][826]LogBlueprintUserMessages: [torque_wheell_2] 79
[2022.04.05-13.45.24:693][827]PIE: Warning: torque_wheell_2.Cylinder Cylinder has to have 'Simulate Physics' enabled if you'd like to AddTorque. 
[2022.04.05-13.45.24:693][827]LogBlueprintUserMessages: [torque_wheell_2] 80
[2022.04.05-13.45.24:709][828]PIE: Warning: torque_wheell_2.Cylinder Cylinder has to have 'Simulate Physics' enabled if you'd like to AddTorque. 
[2022.04.05-13.45.24:709][828]LogBlueprintUserMessages: [torque_wheell_2] 81
[2022.04.05-13.45.24:726][829]PIE: Warning: torque_wheell_2.Cylinder Cylinder has to have 'Simulate Physics' enabled if you'd like to AddTorque. 
[2022.04.05-13.45.24:726][829]LogBlueprintUserMessages: [torque_wheell_2] 82
[2022.04.05-13.45.24:743][830]PIE: Warning: torque_wheell_2.Cylinder Cylinder has to have 'Simulate Physics' enabled if you'd like to AddTorque. 
[2022.04.05-13.45.24:743][830]LogBlueprintUserMessages: [torque_wheell_2] 83
[2022.04.05-13.45.24:759][831]PIE: Warning: torque_wheell_2.Cylinder Cylinder has to have 'Simulate Physics' enabled if you'd like to AddTorque. 
[2022.04.05-13.45.24:759][831]LogBlueprintUserMessages: [torque_wheell_2] 84
[2022.04.05-13.45.24:776][832]PIE: Warning: torque_wheell_2.Cylinder Cylinder has to have 'Simulate Physics' enabled if you'd like to AddTorque. 
[2022.04.05-13.45.24:776][832]LogBlueprintUserMessages: [torque_wheell_2] 85
[2022.04.05-13.45.24:793][833]PIE: Warning: torque_wheell_2.Cylinder Cylinder has to have 'Simulate Physics' enabled if you'd like to AddTorque. 
[2022.04.05-13.45.24:793][833]LogBlueprintUserMessages: [torque_wheell_2] 86
[2022.04.05-13.45.24:809][834]PIE: Warning: torque_wheell_2.Cylinder Cylinder has to have 'Simulate Physics' enabled if you'd like to AddTorque. 
[2022.04.05-13.45.24:809][834]LogBlueprintUserMessages: [torque_wheell_2] 87
[2022.04.05-13.45.24:826][835]PIE: Warning: torque_wheell_2.Cylinder Cylinder has to have 'Simulate Physics' enabled if you'd like to AddTorque. 
[2022.04.05-13.45.24:826][835]LogBlueprintUserMessages: [torque_wheell_2] 88
[2022.04.05-13.45.24:842][836]PIE: Warning: torque_wheell_2.Cylinder Cylinder has to have 'Simulate Physics' enabled if you'd like to AddTorque. 
[2022.04.05-13.45.24:842][836]LogBlueprintUserMessages: [torque_wheell_2] 89
[2022.04.05-13.45.24:859][837]PIE: Warning: torque_wheell_2.Cylinder Cylinder has to have 'Simulate Physics' enabled if you'd like to AddTorque. 
[2022.04.05-13.45.24:859][837]LogBlueprintUserMessages: [torque_wheell_2] 90
[2022.04.05-13.45.24:875][838]PIE: Warning: torque_wheell_2.Cylinder Cylinder has to have 'Simulate Physics' enabled if you'd like to AddTorque. 
[2022.04.05-13.45.24:875][838]LogBlueprintUserMessages: [torque_wheell_2] 91
[2022.04.05-13.45.24:892][839]PIE: Warning: torque_wheell_2.Cylinder Cylinder has to have 'Simulate Physics' enabled if you'd like to AddTorque. 
[2022.04.05-13.45.24:892][839]LogBlueprintUserMessages: [torque_wheell_2] 92
[2022.04.05-13.45.24:909][840]PIE: Warning: torque_wheell_2.Cylinder Cylinder has to have 'Simulate Physics' enabled if you'd like to AddTorque. 
[2022.04.05-13.45.24:909][840]LogBlueprintUserMessages: [torque_wheell_2] 93
[2022.04.05-13.45.24:925][841]PIE: Warning: torque_wheell_2.Cylinder Cylinder has to have 'Simulate Physics' enabled if you'd like to AddTorque. 
[2022.04.05-13.45.24:926][841]LogBlueprintUserMessages: [torque_wheell_2] 94
[2022.04.05-13.45.24:942][842]PIE: Warning: torque_wheell_2.Cylinder Cylinder has to have 'Simulate Physics' enabled if you'd like to AddTorque. 
[2022.04.05-13.45.24:942][842]LogBlueprintUserMessages: [torque_wheell_2] 95
[2022.04.05-13.45.24:959][843]PIE: Warning: torque_wheell_2.Cylinder Cylinder has to have 'Simulate Physics' enabled if you'd like to AddTorque. 
[2022.04.05-13.45.24:959][843]LogBlueprintUserMessages: [torque_wheell_2] 96
[2022.04.05-13.45.24:975][844]PIE: Warning: torque_wheell_2.Cylinder Cylinder has to have 'Simulate Physics' enabled if you'd like to AddTorque. 
[2022.04.05-13.45.24:975][844]LogBlueprintUserMessages: [torque_wheell_2] 97
[2022.04.05-13.45.24:992][845]PIE: Warning: torque_wheell_2.Cylinder Cylinder has to have 'Simulate Physics' enabled if you'd like to AddTorque. 
[2022.04.05-13.45.24:992][845]LogBlueprintUserMessages: [torque_wheell_2] 98
[2022.04.05-13.45.25:009][846]PIE: Warning: torque_wheell_2.Cylinder Cylinder has to have 'Simulate Physics' enabled if you'd like to AddTorque. 
[2022.04.05-13.45.25:009][846]LogBlueprintUserMessages: [torque_wheell_2] 99
[2022.04.05-13.45.25:025][847]PIE: Warning: torque_wheell_2.Cylinder Cylinder has to have 'Simulate Physics' enabled if you'd like to AddTorque. 
[2022.04.05-13.45.25:026][847]LogBlueprintUserMessages: [torque_wheell_2] 100
[2022.04.05-13.45.25:042][848]PIE: Warning: torque_wheell_2.Cylinder Cylinder has to have 'Simulate Physics' enabled if you'd like to AddTorque. 
[2022.04.05-13.45.25:042][848]LogBlueprintUserMessages: [torque_wheell_2] 101
[2022.04.05-13.45.25:059][849]PIE: Warning: torque_wheell_2.Cylinder Cylinder has to have 'Simulate Physics' enabled if you'd like to AddTorque. 
[2022.04.05-13.45.25:059][849]LogBlueprintUserMessages: [torque_wheell_2] 102
[2022.04.05-13.45.25:075][850]PIE: Warning: torque_wheell_2.Cylinder Cylinder has to have 'Simulate Physics' enabled if you'd like to AddTorque. 
[2022.04.05-13.45.25:075][850]LogBlueprintUserMessages: [torque_wheell_2] 103
[2022.04.05-13.45.25:092][851]PIE: Warning: torque_wheell_2.Cylinder Cylinder has to have 'Simulate Physics' enabled if you'd like to AddTorque. 
[2022.04.05-13.45.25:092][851]LogBlueprintUserMessages: [torque_wheell_2] 104
[2022.04.05-13.45.25:109][852]PIE: Warning: torque_wheell_2.Cylinder Cylinder has to have 'Simulate Physics' enabled if you'd like to AddTorque. 
[2022.04.05-13.45.25:109][852]LogBlueprintUserMessages: [torque_wheell_2] 105
[2022.04.05-13.45.25:126][853]PIE: Warning: torque_wheell_2.Cylinder Cylinder has to have 'Simulate Physics' enabled if you'd like to AddTorque. 
[2022.04.05-13.45.25:126][853]LogBlueprintUserMessages: [torque_wheell_2] 106
[2022.04.05-13.45.25:142][854]PIE: Warning: torque_wheell_2.Cylinder Cylinder has to have 'Simulate Physics' enabled if you'd like to AddTorque. 
[2022.04.05-13.45.25:142][854]LogBlueprintUserMessages: [torque_wheell_2] 107
[2022.04.05-13.45.25:159][855]PIE: Warning: torque_wheell_2.Cylinder Cylinder has to have 'Simulate Physics' enabled if you'd like to AddTorque. 
[2022.04.05-13.45.25:159][855]LogBlueprintUserMessages: [torque_wheell_2] 108
[2022.04.05-13.45.25:176][856]PIE: Warning: torque_wheell_2.Cylinder Cylinder has to have 'Simulate Physics' enabled if you'd like to AddTorque. 
[2022.04.05-13.45.25:176][856]LogBlueprintUserMessages: [torque_wheell_2] 109
[2022.04.05-13.45.25:192][857]PIE: Warning: torque_wheell_2.Cylinder Cylinder has to have 'Simulate Physics' enabled if you'd like to AddTorque. 
[2022.04.05-13.45.25:192][857]LogBlueprintUserMessages: [torque_wheell_2] 110
[2022.04.05-13.45.25:209][858]PIE: Warning: torque_wheell_2.Cylinder Cylinder has to have 'Simulate Physics' enabled if you'd like to AddTorque. 
[2022.04.05-13.45.25:209][858]LogBlueprintUserMessages: [torque_wheell_2] 111
[2022.04.05-13.45.25:226][859]PIE: Warning: torque_wheell_2.Cylinder Cylinder has to have 'Simulate Physics' enabled if you'd like to AddTorque. 
[2022.04.05-13.45.25:226][859]LogBlueprintUserMessages: [torque_wheell_2] 112
[2022.04.05-13.45.25:242][860]PIE: Warning: torque_wheell_2.Cylinder Cylinder has to have 'Simulate Physics' enabled if you'd like to AddTorque. 
[2022.04.05-13.45.25:242][860]LogBlueprintUserMessages: [torque_wheell_2] 113
[2022.04.05-13.45.25:259][861]PIE: Warning: torque_wheell_2.Cylinder Cylinder has to have 'Simulate Physics' enabled if you'd like to AddTorque. 
[2022.04.05-13.45.25:259][861]LogBlueprintUserMessages: [torque_wheell_2] 114
[2022.04.05-13.45.25:275][862]PIE: Warning: torque_wheell_2.Cylinder Cylinder has to have 'Simulate Physics' enabled if you'd like to AddTorque. 
[2022.04.05-13.45.25:276][862]LogBlueprintUserMessages: [torque_wheell_2] 115
[2022.04.05-13.45.25:292][863]PIE: Warning: torque_wheell_2.Cylinder Cylinder has to have 'Simulate Physics' enabled if you'd like to AddTorque. 
[2022.04.05-13.45.25:292][863]LogBlueprintUserMessages: [torque_wheell_2] 116
[2022.04.05-13.45.25:309][864]PIE: Warning: torque_wheell_2.Cylinder Cylinder has to have 'Simulate Physics' enabled if you'd like to AddTorque. 
[2022.04.05-13.45.25:309][864]LogBlueprintUserMessages: [torque_wheell_2] 117
[2022.04.05-13.45.25:325][865]PIE: Warning: torque_wheell_2.Cylinder Cylinder has to have 'Simulate Physics' enabled if you'd like to AddTorque. 
[2022.04.05-13.45.25:326][865]LogBlueprintUserMessages: [torque_wheell_2] 118
[2022.04.05-13.45.25:342][866]PIE: Warning: torque_wheell_2.Cylinder Cylinder has to have 'Simulate Physics' enabled if you'd like to AddTorque. 
[2022.04.05-13.45.25:342][866]LogBlueprintUserMessages: [torque_wheell_2] 119
[2022.04.05-13.45.25:359][867]PIE: Warning: torque_wheell_2.Cylinder Cylinder has to have 'Simulate Physics' enabled if you'd like to AddTorque. 
[2022.04.05-13.45.25:359][867]LogBlueprintUserMessages: [torque_wheell_2] 120
[2022.04.05-13.45.25:375][868]PIE: Warning: torque_wheell_2.Cylinder Cylinder has to have 'Simulate Physics' enabled if you'd like to AddTorque. 
[2022.04.05-13.45.25:376][868]LogBlueprintUserMessages: [torque_wheell_2] 121
[2022.04.05-13.45.25:392][869]PIE: Warning: torque_wheell_2.Cylinder Cylinder has to have 'Simulate Physics' enabled if you'd like to AddTorque. 
[2022.04.05-13.45.25:392][869]LogBlueprintUserMessages: [torque_wheell_2] 122
[2022.04.05-13.45.25:409][870]PIE: Warning: torque_wheell_2.Cylinder Cylinder has to have 'Simulate Physics' enabled if you'd like to AddTorque. 
[2022.04.05-13.45.25:409][870]LogBlueprintUserMessages: [torque_wheell_2] 123
[2022.04.05-13.45.25:426][871]PIE: Warning: torque_wheell_2.Cylinder Cylinder has to have 'Simulate Physics' enabled if you'd like to AddTorque. 
[2022.04.05-13.45.25:426][871]LogBlueprintUserMessages: [torque_wheell_2] 124
[2022.04.05-13.45.25:442][872]PIE: Warning: torque_wheell_2.Cylinder Cylinder has to have 'Simulate Physics' enabled if you'd like to AddTorque. 
[2022.04.05-13.45.25:442][872]LogBlueprintUserMessages: [torque_wheell_2] 125
[2022.04.05-13.45.25:459][873]PIE: Warning: torque_wheell_2.Cylinder Cylinder has to have 'Simulate Physics' enabled if you'd like to AddTorque. 
[2022.04.05-13.45.25:459][873]LogBlueprintUserMessages: [torque_wheell_2] 126
[2022.04.05-13.45.25:476][874]PIE: Warning: torque_wheell_2.Cylinder Cylinder has to have 'Simulate Physics' enabled if you'd like to AddTorque. 
[2022.04.05-13.45.25:476][874]LogBlueprintUserMessages: [torque_wheell_2] 127
[2022.04.05-13.45.25:492][875]PIE: Warning: torque_wheell_2.Cylinder Cylinder has to have 'Simulate Physics' enabled if you'd like to AddTorque. 
[2022.04.05-13.45.25:492][875]LogBlueprintUserMessages: [torque_wheell_2] 128
[2022.04.05-13.45.25:509][876]PIE: Warning: torque_wheell_2.Cylinder Cylinder has to have 'Simulate Physics' enabled if you'd like to AddTorque. 
[2022.04.05-13.45.25:509][876]LogBlueprintUserMessages: [torque_wheell_2] 129
[2022.04.05-13.45.25:526][877]PIE: Warning: torque_wheell_2.Cylinder Cylinder has to have 'Simulate Physics' enabled if you'd like to AddTorque. 
[2022.04.05-13.45.25:526][877]LogBlueprintUserMessages: [torque_wheell_2] 130
[2022.04.05-13.45.25:542][878]PIE: Warning: torque_wheell_2.Cylinder Cylinder has to have 'Simulate Physics' enabled if you'd like to AddTorque. 
[2022.04.05-13.45.25:542][878]LogBlueprintUserMessages: [torque_wheell_2] 131
[2022.04.05-13.45.25:559][879]PIE: Warning: torque_wheell_2.Cylinder Cylinder has to have 'Simulate Physics' enabled if you'd like to AddTorque. 
[2022.04.05-13.45.25:559][879]LogBlueprintUserMessages: [torque_wheell_2] 132
[2022.04.05-13.45.25:576][880]PIE: Warning: torque_wheell_2.Cylinder Cylinder has to have 'Simulate Physics' enabled if you'd like to AddTorque. 
[2022.04.05-13.45.25:576][880]LogBlueprintUserMessages: [torque_wheell_2] 133
[2022.04.05-13.45.25:592][881]PIE: Warning: torque_wheell_2.Cylinder Cylinder has to have 'Simulate Physics' enabled if you'd like to AddTorque. 
[2022.04.05-13.45.25:592][881]LogBlueprintUserMessages: [torque_wheell_2] 134
[2022.04.05-13.45.25:609][882]PIE: Warning: torque_wheell_2.Cylinder Cylinder has to have 'Simulate Physics' enabled if you'd like to AddTorque. 
[2022.04.05-13.45.25:609][882]LogBlueprintUserMessages: [torque_wheell_2] 135
[2022.04.05-13.45.25:625][883]PIE: Warning: torque_wheell_2.Cylinder Cylinder has to have 'Simulate Physics' enabled if you'd like to AddTorque. 
[2022.04.05-13.45.25:626][883]LogBlueprintUserMessages: [torque_wheell_2] 136
[2022.04.05-13.45.25:642][884]PIE: Warning: torque_wheell_2.Cylinder Cylinder has to have 'Simulate Physics' enabled if you'd like to AddTorque. 
[2022.04.05-13.45.25:642][884]LogBlueprintUserMessages: [torque_wheell_2] 137
[2022.04.05-13.45.25:659][885]PIE: Warning: torque_wheell_2.Cylinder Cylinder has to have 'Simulate Physics' enabled if you'd like to AddTorque. 
[2022.04.05-13.45.25:659][885]LogBlueprintUserMessages: [torque_wheell_2] 138
[2022.04.05-13.45.25:675][886]PIE: Warning: torque_wheell_2.Cylinder Cylinder has to have 'Simulate Physics' enabled if you'd like to AddTorque. 
[2022.04.05-13.45.25:676][886]LogBlueprintUserMessages: [torque_wheell_2] 139
[2022.04.05-13.45.25:692][887]PIE: Warning: torque_wheell_2.Cylinder Cylinder has to have 'Simulate Physics' enabled if you'd like to AddTorque. 
[2022.04.05-13.45.25:692][887]LogBlueprintUserMessages: [torque_wheell_2] 140
[2022.04.05-13.45.25:709][888]PIE: Warning: torque_wheell_2.Cylinder Cylinder has to have 'Simulate Physics' enabled if you'd like to AddTorque. 
[2022.04.05-13.45.25:709][888]LogBlueprintUserMessages: [torque_wheell_2] 141
[2022.04.05-13.45.25:725][889]PIE: Warning: torque_wheell_2.Cylinder Cylinder has to have 'Simulate Physics' enabled if you'd like to AddTorque. 
[2022.04.05-13.45.25:726][889]LogBlueprintUserMessages: [torque_wheell_2] 142
[2022.04.05-13.45.25:742][890]PIE: Warning: torque_wheell_2.Cylinder Cylinder has to have 'Simulate Physics' enabled if you'd like to AddTorque. 
[2022.04.05-13.45.25:742][890]LogBlueprintUserMessages: [torque_wheell_2] 143
[2022.04.05-13.45.25:759][891]PIE: Warning: torque_wheell_2.Cylinder Cylinder has to have 'Simulate Physics' enabled if you'd like to AddTorque. 
[2022.04.05-13.45.25:759][891]LogBlueprintUserMessages: [torque_wheell_2] 144
[2022.04.05-13.45.25:775][892]PIE: Warning: torque_wheell_2.Cylinder Cylinder has to have 'Simulate Physics' enabled if you'd like to AddTorque. 
[2022.04.05-13.45.25:776][892]LogBlueprintUserMessages: [torque_wheell_2] 145
[2022.04.05-13.45.25:792][893]PIE: Warning: torque_wheell_2.Cylinder Cylinder has to have 'Simulate Physics' enabled if you'd like to AddTorque. 
[2022.04.05-13.45.25:792][893]LogBlueprintUserMessages: [torque_wheell_2] 146
[2022.04.05-13.45.25:809][894]PIE: Warning: torque_wheell_2.Cylinder Cylinder has to have 'Simulate Physics' enabled if you'd like to AddTorque. 
[2022.04.05-13.45.25:809][894]LogBlueprintUserMessages: [torque_wheell_2] 147
[2022.04.05-13.45.25:826][895]PIE: Warning: torque_wheell_2.Cylinder Cylinder has to have 'Simulate Physics' enabled if you'd like to AddTorque. 
[2022.04.05-13.45.25:826][895]LogBlueprintUserMessages: [torque_wheell_2] 148
[2022.04.05-13.45.25:842][896]PIE: Warning: torque_wheell_2.Cylinder Cylinder has to have 'Simulate Physics' enabled if you'd like to AddTorque. 
[2022.04.05-13.45.25:842][896]LogBlueprintUserMessages: [torque_wheell_2] 149
[2022.04.05-13.45.25:859][897]PIE: Warning: torque_wheell_2.Cylinder Cylinder has to have 'Simulate Physics' enabled if you'd like to AddTorque. 
[2022.04.05-13.45.25:859][897]LogBlueprintUserMessages: [torque_wheell_2] 150
[2022.04.05-13.45.25:876][898]PIE: Warning: torque_wheell_2.Cylinder Cylinder has to have 'Simulate Physics' enabled if you'd like to AddTorque. 
[2022.04.05-13.45.25:876][898]LogBlueprintUserMessages: [torque_wheell_2] 151
[2022.04.05-13.45.25:892][899]PIE: Warning: torque_wheell_2.Cylinder Cylinder has to have 'Simulate Physics' enabled if you'd like to AddTorque. 
[2022.04.05-13.45.25:892][899]LogBlueprintUserMessages: [torque_wheell_2] 152
[2022.04.05-13.45.25:909][900]PIE: Warning: torque_wheell_2.Cylinder Cylinder has to have 'Simulate Physics' enabled if you'd like to AddTorque. 
[2022.04.05-13.45.25:909][900]LogBlueprintUserMessages: [torque_wheell_2] 153
[2022.04.05-13.45.25:926][901]PIE: Warning: torque_wheell_2.Cylinder Cylinder has to have 'Simulate Physics' enabled if you'd like to AddTorque. 
[2022.04.05-13.45.25:926][901]LogBlueprintUserMessages: [torque_wheell_2] 154
[2022.04.05-13.45.25:942][902]PIE: Warning: torque_wheell_2.Cylinder Cylinder has to have 'Simulate Physics' enabled if you'd like to AddTorque. 
[2022.04.05-13.45.25:942][902]LogBlueprintUserMessages: [torque_wheell_2] 155
[2022.04.05-13.45.25:959][903]PIE: Warning: torque_wheell_2.Cylinder Cylinder has to have 'Simulate Physics' enabled if you'd like to AddTorque. 
[2022.04.05-13.45.25:959][903]LogBlueprintUserMessages: [torque_wheell_2] 156
[2022.04.05-13.45.25:976][904]PIE: Warning: torque_wheell_2.Cylinder Cylinder has to have 'Simulate Physics' enabled if you'd like to AddTorque. 
[2022.04.05-13.45.25:976][904]LogBlueprintUserMessages: [torque_wheell_2] 157
[2022.04.05-13.45.25:992][905]PIE: Warning: torque_wheell_2.Cylinder Cylinder has to have 'Simulate Physics' enabled if you'd like to AddTorque. 
[2022.04.05-13.45.25:992][905]LogBlueprintUserMessages: [torque_wheell_2] 158
[2022.04.05-13.45.26:009][906]PIE: Warning: torque_wheell_2.Cylinder Cylinder has to have 'Simulate Physics' enabled if you'd like to AddTorque. 
[2022.04.05-13.45.26:009][906]LogBlueprintUserMessages: [torque_wheell_2] 159
[2022.04.05-13.45.26:025][907]PIE: Warning: torque_wheell_2.Cylinder Cylinder has to have 'Simulate Physics' enabled if you'd like to AddTorque. 
[2022.04.05-13.45.26:026][907]LogBlueprintUserMessages: [torque_wheell_2] 160
[2022.04.05-13.45.26:042][908]PIE: Warning: torque_wheell_2.Cylinder Cylinder has to have 'Simulate Physics' enabled if you'd like to AddTorque. 
[2022.04.05-13.45.26:042][908]LogBlueprintUserMessages: [torque_wheell_2] 161
[2022.04.05-13.45.26:059][909]PIE: Warning: torque_wheell_2.Cylinder Cylinder has to have 'Simulate Physics' enabled if you'd like to AddTorque. 
[2022.04.05-13.45.26:059][909]LogBlueprintUserMessages: [torque_wheell_2] 162
[2022.04.05-13.45.26:075][910]PIE: Warning: torque_wheell_2.Cylinder Cylinder has to have 'Simulate Physics' enabled if you'd like to AddTorque. 
[2022.04.05-13.45.26:076][910]LogBlueprintUserMessages: [torque_wheell_2] 163
[2022.04.05-13.45.26:092][911]PIE: Warning: torque_wheell_2.Cylinder Cylinder has to have 'Simulate Physics' enabled if you'd like to AddTorque. 
[2022.04.05-13.45.26:092][911]LogBlueprintUserMessages: [torque_wheell_2] 164
[2022.04.05-13.45.26:109][912]PIE: Warning: torque_wheell_2.Cylinder Cylinder has to have 'Simulate Physics' enabled if you'd like to AddTorque. 
[2022.04.05-13.45.26:109][912]LogBlueprintUserMessages: [torque_wheell_2] 165
[2022.04.05-13.45.26:126][913]PIE: Warning: torque_wheell_2.Cylinder Cylinder has to have 'Simulate Physics' enabled if you'd like to AddTorque. 
[2022.04.05-13.45.26:126][913]LogBlueprintUserMessages: [torque_wheell_2] 166
[2022.04.05-13.45.26:143][914]PIE: Warning: torque_wheell_2.Cylinder Cylinder has to have 'Simulate Physics' enabled if you'd like to AddTorque. 
[2022.04.05-13.45.26:143][914]LogBlueprintUserMessages: [torque_wheell_2] 167
[2022.04.05-13.45.26:159][915]PIE: Warning: torque_wheell_2.Cylinder Cylinder has to have 'Simulate Physics' enabled if you'd like to AddTorque. 
[2022.04.05-13.45.26:159][915]LogBlueprintUserMessages: [torque_wheell_2] 168
[2022.04.05-13.45.26:176][916]PIE: Warning: torque_wheell_2.Cylinder Cylinder has to have 'Simulate Physics' enabled if you'd like to AddTorque. 
[2022.04.05-13.45.26:176][916]LogBlueprintUserMessages: [torque_wheell_2] 169
[2022.04.05-13.45.26:192][917]PIE: Warning: torque_wheell_2.Cylinder Cylinder has to have 'Simulate Physics' enabled if you'd like to AddTorque. 
[2022.04.05-13.45.26:193][917]LogBlueprintUserMessages: [torque_wheell_2] 170
[2022.04.05-13.45.26:209][918]PIE: Warning: torque_wheell_2.Cylinder Cylinder has to have 'Simulate Physics' enabled if you'd like to AddTorque. 
[2022.04.05-13.45.26:209][918]LogBlueprintUserMessages: [torque_wheell_2] 171
[2022.04.05-13.45.26:226][919]PIE: Warning: torque_wheell_2.Cylinder Cylinder has to have 'Simulate Physics' enabled if you'd like to AddTorque. 
[2022.04.05-13.45.26:226][919]LogBlueprintUserMessages: [torque_wheell_2] 172
[2022.04.05-13.45.26:242][920]PIE: Warning: torque_wheell_2.Cylinder Cylinder has to have 'Simulate Physics' enabled if you'd like to AddTorque. 
[2022.04.05-13.45.26:243][920]LogBlueprintUserMessages: [torque_wheell_2] 173
[2022.04.05-13.45.26:259][921]PIE: Warning: torque_wheell_2.Cylinder Cylinder has to have 'Simulate Physics' enabled if you'd like to AddTorque. 
[2022.04.05-13.45.26:259][921]LogBlueprintUserMessages: [torque_wheell_2] 174
[2022.04.05-13.45.26:276][922]PIE: Warning: torque_wheell_2.Cylinder Cylinder has to have 'Simulate Physics' enabled if you'd like to AddTorque. 
[2022.04.05-13.45.26:276][922]LogBlueprintUserMessages: [torque_wheell_2] 175
[2022.04.05-13.45.26:292][923]PIE: Warning: torque_wheell_2.Cylinder Cylinder has to have 'Simulate Physics' enabled if you'd like to AddTorque. 
[2022.04.05-13.45.26:292][923]LogBlueprintUserMessages: [torque_wheell_2] 176
[2022.04.05-13.45.26:309][924]PIE: Warning: torque_wheell_2.Cylinder Cylinder has to have 'Simulate Physics' enabled if you'd like to AddTorque. 
[2022.04.05-13.45.26:309][924]LogBlueprintUserMessages: [torque_wheell_2] 177
[2022.04.05-13.45.26:325][925]PIE: Warning: torque_wheell_2.Cylinder Cylinder has to have 'Simulate Physics' enabled if you'd like to AddTorque. 
[2022.04.05-13.45.26:325][925]LogBlueprintUserMessages: [torque_wheell_2] 178
[2022.04.05-13.45.26:342][926]PIE: Warning: torque_wheell_2.Cylinder Cylinder has to have 'Simulate Physics' enabled if you'd like to AddTorque. 
[2022.04.05-13.45.26:342][926]LogBlueprintUserMessages: [torque_wheell_2] 179
[2022.04.05-13.45.26:359][927]PIE: Warning: torque_wheell_2.Cylinder Cylinder has to have 'Simulate Physics' enabled if you'd like to AddTorque. 
[2022.04.05-13.45.26:359][927]LogBlueprintUserMessages: [torque_wheell_2] 180
[2022.04.05-13.45.26:375][928]PIE: Warning: torque_wheell_2.Cylinder Cylinder has to have 'Simulate Physics' enabled if you'd like to AddTorque. 
[2022.04.05-13.45.26:375][928]LogBlueprintUserMessages: [torque_wheell_2] 181
[2022.04.05-13.45.26:392][929]PIE: Warning: torque_wheell_2.Cylinder Cylinder has to have 'Simulate Physics' enabled if you'd like to AddTorque. 
[2022.04.05-13.45.26:392][929]LogBlueprintUserMessages: [torque_wheell_2] 182
[2022.04.05-13.45.26:409][930]PIE: Warning: torque_wheell_2.Cylinder Cylinder has to have 'Simulate Physics' enabled if you'd like to AddTorque. 
[2022.04.05-13.45.26:409][930]LogBlueprintUserMessages: [torque_wheell_2] 183
[2022.04.05-13.45.26:425][931]PIE: Warning: torque_wheell_2.Cylinder Cylinder has to have 'Simulate Physics' enabled if you'd like to AddTorque. 
[2022.04.05-13.45.26:426][931]LogBlueprintUserMessages: [torque_wheell_2] 184
[2022.04.05-13.45.26:442][932]PIE: Warning: torque_wheell_2.Cylinder Cylinder has to have 'Simulate Physics' enabled if you'd like to AddTorque. 
[2022.04.05-13.45.26:442][932]LogBlueprintUserMessages: [torque_wheell_2] 185
[2022.04.05-13.45.26:459][933]PIE: Warning: torque_wheell_2.Cylinder Cylinder has to have 'Simulate Physics' enabled if you'd like to AddTorque. 
[2022.04.05-13.45.26:459][933]LogBlueprintUserMessages: [torque_wheell_2] 186
[2022.04.05-13.45.26:475][934]PIE: Warning: torque_wheell_2.Cylinder Cylinder has to have 'Simulate Physics' enabled if you'd like to AddTorque. 
[2022.04.05-13.45.26:475][934]LogBlueprintUserMessages: [torque_wheell_2] 187
[2022.04.05-13.45.26:492][935]PIE: Warning: torque_wheell_2.Cylinder Cylinder has to have 'Simulate Physics' enabled if you'd like to AddTorque. 
[2022.04.05-13.45.26:492][935]LogBlueprintUserMessages: [torque_wheell_2] 188
[2022.04.05-13.45.26:509][936]PIE: Warning: torque_wheell_2.Cylinder Cylinder has to have 'Simulate Physics' enabled if you'd like to AddTorque. 
[2022.04.05-13.45.26:509][936]LogBlueprintUserMessages: [torque_wheell_2] 189
[2022.04.05-13.45.26:526][937]PIE: Warning: torque_wheell_2.Cylinder Cylinder has to have 'Simulate Physics' enabled if you'd like to AddTorque. 
[2022.04.05-13.45.26:526][937]LogBlueprintUserMessages: [torque_wheell_2] 190
[2022.04.05-13.45.26:542][938]PIE: Warning: torque_wheell_2.Cylinder Cylinder has to have 'Simulate Physics' enabled if you'd like to AddTorque. 
[2022.04.05-13.45.26:542][938]LogBlueprintUserMessages: [torque_wheell_2] 191
[2022.04.05-13.45.26:559][939]PIE: Warning: torque_wheell_2.Cylinder Cylinder has to have 'Simulate Physics' enabled if you'd like to AddTorque. 
[2022.04.05-13.45.26:559][939]LogBlueprintUserMessages: [torque_wheell_2] 192
[2022.04.05-13.45.26:576][940]PIE: Warning: torque_wheell_2.Cylinder Cylinder has to have 'Simulate Physics' enabled if you'd like to AddTorque. 
[2022.04.05-13.45.26:576][940]LogBlueprintUserMessages: [torque_wheell_2] 193
[2022.04.05-13.45.26:592][941]PIE: Warning: torque_wheell_2.Cylinder Cylinder has to have 'Simulate Physics' enabled if you'd like to AddTorque. 
[2022.04.05-13.45.26:592][941]LogBlueprintUserMessages: [torque_wheell_2] 194
[2022.04.05-13.45.26:609][942]PIE: Warning: torque_wheell_2.Cylinder Cylinder has to have 'Simulate Physics' enabled if you'd like to AddTorque. 
[2022.04.05-13.45.26:609][942]LogBlueprintUserMessages: [torque_wheell_2] 195
[2022.04.05-13.45.26:626][943]PIE: Warning: torque_wheell_2.Cylinder Cylinder has to have 'Simulate Physics' enabled if you'd like to AddTorque. 
[2022.04.05-13.45.26:626][943]LogBlueprintUserMessages: [torque_wheell_2] 196
[2022.04.05-13.45.26:642][944]PIE: Warning: torque_wheell_2.Cylinder Cylinder has to have 'Simulate Physics' enabled if you'd like to AddTorque. 
[2022.04.05-13.45.26:642][944]LogBlueprintUserMessages: [torque_wheell_2] 197
[2022.04.05-13.45.26:659][945]PIE: Warning: torque_wheell_2.Cylinder Cylinder has to have 'Simulate Physics' enabled if you'd like to AddTorque. 
[2022.04.05-13.45.26:659][945]LogBlueprintUserMessages: [torque_wheell_2] 198
[2022.04.05-13.45.26:676][946]PIE: Warning: torque_wheell_2.Cylinder Cylinder has to have 'Simulate Physics' enabled if you'd like to AddTorque. 
[2022.04.05-13.45.26:676][946]LogBlueprintUserMessages: [torque_wheell_2] 199
[2022.04.05-13.45.26:692][947]PIE: Warning: torque_wheell_2.Cylinder Cylinder has to have 'Simulate Physics' enabled if you'd like to AddTorque. 
[2022.04.05-13.45.26:692][947]LogBlueprintUserMessages: [torque_wheell_2] 200
[2022.04.05-13.45.26:709][948]PIE: Warning: torque_wheell_2.Cylinder Cylinder has to have 'Simulate Physics' enabled if you'd like to AddTorque. 
[2022.04.05-13.45.26:709][948]LogBlueprintUserMessages: [torque_wheell_2] 201
[2022.04.05-13.45.26:726][949]PIE: Warning: torque_wheell_2.Cylinder Cylinder has to have 'Simulate Physics' enabled if you'd like to AddTorque. 
[2022.04.05-13.45.26:726][949]LogBlueprintUserMessages: [torque_wheell_2] 202
[2022.04.05-13.45.26:742][950]PIE: Warning: torque_wheell_2.Cylinder Cylinder has to have 'Simulate Physics' enabled if you'd like to AddTorque. 
[2022.04.05-13.45.26:742][950]LogBlueprintUserMessages: [torque_wheell_2] 203
[2022.04.05-13.45.26:759][951]PIE: Warning: torque_wheell_2.Cylinder Cylinder has to have 'Simulate Physics' enabled if you'd like to AddTorque. 
[2022.04.05-13.45.26:759][951]LogBlueprintUserMessages: [torque_wheell_2] 204
[2022.04.05-13.45.26:776][952]PIE: Warning: torque_wheell_2.Cylinder Cylinder has to have 'Simulate Physics' enabled if you'd like to AddTorque. 
[2022.04.05-13.45.26:776][952]LogBlueprintUserMessages: [torque_wheell_2] 205
[2022.04.05-13.45.26:792][953]PIE: Warning: torque_wheell_2.Cylinder Cylinder has to have 'Simulate Physics' enabled if you'd like to AddTorque. 
[2022.04.05-13.45.26:792][953]LogBlueprintUserMessages: [torque_wheell_2] 206
[2022.04.05-13.45.26:809][954]PIE: Warning: torque_wheell_2.Cylinder Cylinder has to have 'Simulate Physics' enabled if you'd like to AddTorque. 
[2022.04.05-13.45.26:809][954]LogBlueprintUserMessages: [torque_wheell_2] 207
[2022.04.05-13.45.26:826][955]PIE: Warning: torque_wheell_2.Cylinder Cylinder has to have 'Simulate Physics' enabled if you'd like to AddTorque. 
[2022.04.05-13.45.26:826][955]LogBlueprintUserMessages: [torque_wheell_2] 208
[2022.04.05-13.45.26:842][956]PIE: Warning: torque_wheell_2.Cylinder Cylinder has to have 'Simulate Physics' enabled if you'd like to AddTorque. 
[2022.04.05-13.45.26:842][956]LogBlueprintUserMessages: [torque_wheell_2] 209
[2022.04.05-13.45.26:859][957]PIE: Warning: torque_wheell_2.Cylinder Cylinder has to have 'Simulate Physics' enabled if you'd like to AddTorque. 
[2022.04.05-13.45.26:859][957]LogBlueprintUserMessages: [torque_wheell_2] 210
[2022.04.05-13.45.26:876][958]PIE: Warning: torque_wheell_2.Cylinder Cylinder has to have 'Simulate Physics' enabled if you'd like to AddTorque. 
[2022.04.05-13.45.26:876][958]LogBlueprintUserMessages: [torque_wheell_2] 211
[2022.04.05-13.45.26:892][959]PIE: Warning: torque_wheell_2.Cylinder Cylinder has to have 'Simulate Physics' enabled if you'd like to AddTorque. 
[2022.04.05-13.45.26:892][959]LogBlueprintUserMessages: [torque_wheell_2] 212
[2022.04.05-13.45.26:909][960]PIE: Warning: torque_wheell_2.Cylinder Cylinder has to have 'Simulate Physics' enabled if you'd like to AddTorque. 
[2022.04.05-13.45.26:909][960]LogBlueprintUserMessages: [torque_wheell_2] 213
[2022.04.05-13.45.26:926][961]PIE: Warning: torque_wheell_2.Cylinder Cylinder has to have 'Simulate Physics' enabled if you'd like to AddTorque. 
[2022.04.05-13.45.26:926][961]LogBlueprintUserMessages: [torque_wheell_2] 214
[2022.04.05-13.45.26:942][962]PIE: Warning: torque_wheell_2.Cylinder Cylinder has to have 'Simulate Physics' enabled if you'd like to AddTorque. 
[2022.04.05-13.45.26:942][962]LogBlueprintUserMessages: [torque_wheell_2] 215
[2022.04.05-13.45.26:959][963]PIE: Warning: torque_wheell_2.Cylinder Cylinder has to have 'Simulate Physics' enabled if you'd like to AddTorque. 
[2022.04.05-13.45.26:959][963]LogBlueprintUserMessages: [torque_wheell_2] 216
[2022.04.05-13.45.26:975][964]PIE: Warning: torque_wheell_2.Cylinder Cylinder has to have 'Simulate Physics' enabled if you'd like to AddTorque. 
[2022.04.05-13.45.26:975][964]LogBlueprintUserMessages: [torque_wheell_2] 217
[2022.04.05-13.45.26:992][965]PIE: Warning: torque_wheell_2.Cylinder Cylinder has to have 'Simulate Physics' enabled if you'd like to AddTorque. 
[2022.04.05-13.45.26:992][965]LogBlueprintUserMessages: [torque_wheell_2] 218
[2022.04.05-13.45.27:009][966]PIE: Warning: torque_wheell_2.Cylinder Cylinder has to have 'Simulate Physics' enabled if you'd like to AddTorque. 
[2022.04.05-13.45.27:009][966]LogBlueprintUserMessages: [torque_wheell_2] 219
[2022.04.05-13.45.27:025][967]PIE: Warning: torque_wheell_2.Cylinder Cylinder has to have 'Simulate Physics' enabled if you'd like to AddTorque. 
[2022.04.05-13.45.27:025][967]LogBlueprintUserMessages: [torque_wheell_2] 220
[2022.04.05-13.45.27:042][968]PIE: Warning: torque_wheell_2.Cylinder Cylinder has to have 'Simulate Physics' enabled if you'd like to AddTorque. 
[2022.04.05-13.45.27:042][968]LogBlueprintUserMessages: [torque_wheell_2] 221
[2022.04.05-13.45.27:059][969]PIE: Warning: torque_wheell_2.Cylinder Cylinder has to have 'Simulate Physics' enabled if you'd like to AddTorque. 
[2022.04.05-13.45.27:059][969]LogBlueprintUserMessages: [torque_wheell_2] 222
[2022.04.05-13.45.27:076][970]PIE: Warning: torque_wheell_2.Cylinder Cylinder has to have 'Simulate Physics' enabled if you'd like to AddTorque. 
[2022.04.05-13.45.27:076][970]LogBlueprintUserMessages: [torque_wheell_2] 223
[2022.04.05-13.45.27:092][971]PIE: Warning: torque_wheell_2.Cylinder Cylinder has to have 'Simulate Physics' enabled if you'd like to AddTorque. 
[2022.04.05-13.45.27:092][971]LogBlueprintUserMessages: [torque_wheell_2] 224
[2022.04.05-13.45.27:109][972]PIE: Warning: torque_wheell_2.Cylinder Cylinder has to have 'Simulate Physics' enabled if you'd like to AddTorque. 
[2022.04.05-13.45.27:109][972]LogBlueprintUserMessages: [torque_wheell_2] 225
[2022.04.05-13.45.27:125][973]PIE: Warning: torque_wheell_2.Cylinder Cylinder has to have 'Simulate Physics' enabled if you'd like to AddTorque. 
[2022.04.05-13.45.27:125][973]LogBlueprintUserMessages: [torque_wheell_2] 226
[2022.04.05-13.45.27:142][974]PIE: Warning: torque_wheell_2.Cylinder Cylinder has to have 'Simulate Physics' enabled if you'd like to AddTorque. 
[2022.04.05-13.45.27:142][974]LogBlueprintUserMessages: [torque_wheell_2] 227
[2022.04.05-13.45.27:159][975]PIE: Warning: torque_wheell_2.Cylinder Cylinder has to have 'Simulate Physics' enabled if you'd like to AddTorque. 
[2022.04.05-13.45.27:159][975]LogBlueprintUserMessages: [torque_wheell_2] 228
[2022.04.05-13.45.27:176][976]PIE: Warning: torque_wheell_2.Cylinder Cylinder has to have 'Simulate Physics' enabled if you'd like to AddTorque. 
[2022.04.05-13.45.27:176][976]LogBlueprintUserMessages: [torque_wheell_2] 229
[2022.04.05-13.45.27:192][977]PIE: Warning: torque_wheell_2.Cylinder Cylinder has to have 'Simulate Physics' enabled if you'd like to AddTorque. 
[2022.04.05-13.45.27:192][977]LogBlueprintUserMessages: [torque_wheell_2] 230
[2022.04.05-13.45.27:209][978]PIE: Warning: torque_wheell_2.Cylinder Cylinder has to have 'Simulate Physics' enabled if you'd like to AddTorque. 
[2022.04.05-13.45.27:209][978]LogBlueprintUserMessages: [torque_wheell_2] 231
[2022.04.05-13.45.27:225][979]PIE: Warning: torque_wheell_2.Cylinder Cylinder has to have 'Simulate Physics' enabled if you'd like to AddTorque. 
[2022.04.05-13.45.27:226][979]LogBlueprintUserMessages: [torque_wheell_2] 232
[2022.04.05-13.45.27:242][980]PIE: Warning: torque_wheell_2.Cylinder Cylinder has to have 'Simulate Physics' enabled if you'd like to AddTorque. 
[2022.04.05-13.45.27:242][980]LogBlueprintUserMessages: [torque_wheell_2] 233
[2022.04.05-13.45.27:259][981]PIE: Warning: torque_wheell_2.Cylinder Cylinder has to have 'Simulate Physics' enabled if you'd like to AddTorque. 
[2022.04.05-13.45.27:259][981]LogBlueprintUserMessages: [torque_wheell_2] 234
[2022.04.05-13.45.27:275][982]PIE: Warning: torque_wheell_2.Cylinder Cylinder has to have 'Simulate Physics' enabled if you'd like to AddTorque. 
[2022.04.05-13.45.27:275][982]LogBlueprintUserMessages: [torque_wheell_2] 235
[2022.04.05-13.45.27:292][983]PIE: Warning: torque_wheell_2.Cylinder Cylinder has to have 'Simulate Physics' enabled if you'd like to AddTorque. 
[2022.04.05-13.45.27:292][983]LogBlueprintUserMessages: [torque_wheell_2] 236
[2022.04.05-13.45.27:309][984]PIE: Warning: torque_wheell_2.Cylinder Cylinder has to have 'Simulate Physics' enabled if you'd like to AddTorque. 
[2022.04.05-13.45.27:309][984]LogBlueprintUserMessages: [torque_wheell_2] 237
[2022.04.05-13.45.27:325][985]PIE: Warning: torque_wheell_2.Cylinder Cylinder has to have 'Simulate Physics' enabled if you'd like to AddTorque. 
[2022.04.05-13.45.27:325][985]LogBlueprintUserMessages: [torque_wheell_2] 238
[2022.04.05-13.45.27:342][986]PIE: Warning: torque_wheell_2.Cylinder Cylinder has to have 'Simulate Physics' enabled if you'd like to AddTorque. 
[2022.04.05-13.45.27:342][986]LogBlueprintUserMessages: [torque_wheell_2] 239
[2022.04.05-13.45.27:359][987]PIE: Warning: torque_wheell_2.Cylinder Cylinder has to have 'Simulate Physics' enabled if you'd like to AddTorque. 
[2022.04.05-13.45.27:359][987]LogBlueprintUserMessages: [torque_wheell_2] 240
[2022.04.05-13.45.27:375][988]PIE: Warning: torque_wheell_2.Cylinder Cylinder has to have 'Simulate Physics' enabled if you'd like to AddTorque. 
[2022.04.05-13.45.27:375][988]LogBlueprintUserMessages: [torque_wheell_2] 241
[2022.04.05-13.45.27:392][989]PIE: Warning: torque_wheell_2.Cylinder Cylinder has to have 'Simulate Physics' enabled if you'd like to AddTorque. 
[2022.04.05-13.45.27:392][989]LogBlueprintUserMessages: [torque_wheell_2] 242
[2022.04.05-13.45.27:409][990]PIE: Warning: torque_wheell_2.Cylinder Cylinder has to have 'Simulate Physics' enabled if you'd like to AddTorque. 
[2022.04.05-13.45.27:409][990]LogBlueprintUserMessages: [torque_wheell_2] 243
[2022.04.05-13.45.27:426][991]PIE: Warning: torque_wheell_2.Cylinder Cylinder has to have 'Simulate Physics' enabled if you'd like to AddTorque. 
[2022.04.05-13.45.27:426][991]LogBlueprintUserMessages: [torque_wheell_2] 244
[2022.04.05-13.45.27:443][992]PIE: Warning: torque_wheell_2.Cylinder Cylinder has to have 'Simulate Physics' enabled if you'd like to AddTorque. 
[2022.04.05-13.45.27:443][992]LogBlueprintUserMessages: [torque_wheell_2] 245
[2022.04.05-13.45.27:459][993]PIE: Warning: torque_wheell_2.Cylinder Cylinder has to have 'Simulate Physics' enabled if you'd like to AddTorque. 
[2022.04.05-13.45.27:459][993]LogBlueprintUserMessages: [torque_wheell_2] 246
[2022.04.05-13.45.27:475][994]PIE: Warning: torque_wheell_2.Cylinder Cylinder has to have 'Simulate Physics' enabled if you'd like to AddTorque. 
[2022.04.05-13.45.27:475][994]LogBlueprintUserMessages: [torque_wheell_2] 247
[2022.04.05-13.45.27:492][995]PIE: Warning: torque_wheell_2.Cylinder Cylinder has to have 'Simulate Physics' enabled if you'd like to AddTorque. 
[2022.04.05-13.45.27:492][995]LogBlueprintUserMessages: [torque_wheell_2] 248
[2022.04.05-13.45.27:509][996]PIE: Warning: torque_wheell_2.Cylinder Cylinder has to have 'Simulate Physics' enabled if you'd like to AddTorque. 
[2022.04.05-13.45.27:509][996]LogBlueprintUserMessages: [torque_wheell_2] 249
[2022.04.05-13.45.27:525][997]PIE: Warning: torque_wheell_2.Cylinder Cylinder has to have 'Simulate Physics' enabled if you'd like to AddTorque. 
[2022.04.05-13.45.27:525][997]LogBlueprintUserMessages: [torque_wheell_2] 250
[2022.04.05-13.45.27:542][998]PIE: Warning: torque_wheell_2.Cylinder Cylinder has to have 'Simulate Physics' enabled if you'd like to AddTorque. 
[2022.04.05-13.45.27:542][998]LogBlueprintUserMessages: [torque_wheell_2] 251
[2022.04.05-13.45.27:559][999]PIE: Warning: torque_wheell_2.Cylinder Cylinder has to have 'Simulate Physics' enabled if you'd like to AddTorque. 
[2022.04.05-13.45.27:559][999]LogBlueprintUserMessages: [torque_wheell_2] 252
[2022.04.05-13.45.27:575][  0]PIE: Warning: torque_wheell_2.Cylinder Cylinder has to have 'Simulate Physics' enabled if you'd like to AddTorque. 
[2022.04.05-13.45.27:575][  0]LogBlueprintUserMessages: [torque_wheell_2] 253
[2022.04.05-13.45.27:592][  1]PIE: Warning: torque_wheell_2.Cylinder Cylinder has to have 'Simulate Physics' enabled if you'd like to AddTorque. 
[2022.04.05-13.45.27:592][  1]LogBlueprintUserMessages: [torque_wheell_2] 254
[2022.04.05-13.45.27:609][  2]PIE: Warning: torque_wheell_2.Cylinder Cylinder has to have 'Simulate Physics' enabled if you'd like to AddTorque. 
[2022.04.05-13.45.27:609][  2]LogBlueprintUserMessages: [torque_wheell_2] 255
[2022.04.05-13.45.27:626][  3]PIE: Warning: torque_wheell_2.Cylinder Cylinder has to have 'Simulate Physics' enabled if you'd like to AddTorque. 
[2022.04.05-13.45.27:626][  3]LogBlueprintUserMessages: [torque_wheell_2] 256
[2022.04.05-13.45.27:642][  4]PIE: Warning: torque_wheell_2.Cylinder Cylinder has to have 'Simulate Physics' enabled if you'd like to AddTorque. 
[2022.04.05-13.45.27:642][  4]LogBlueprintUserMessages: [torque_wheell_2] 257
[2022.04.05-13.45.27:659][  5]PIE: Warning: torque_wheell_2.Cylinder Cylinder has to have 'Simulate Physics' enabled if you'd like to AddTorque. 
[2022.04.05-13.45.27:659][  5]LogBlueprintUserMessages: [torque_wheell_2] 258
[2022.04.05-13.45.27:676][  6]PIE: Warning: torque_wheell_2.Cylinder Cylinder has to have 'Simulate Physics' enabled if you'd like to AddTorque. 
[2022.04.05-13.45.27:676][  6]LogBlueprintUserMessages: [torque_wheell_2] 259
[2022.04.05-13.45.27:692][  7]PIE: Warning: torque_wheell_2.Cylinder Cylinder has to have 'Simulate Physics' enabled if you'd like to AddTorque. 
[2022.04.05-13.45.27:692][  7]LogBlueprintUserMessages: [torque_wheell_2] 260
[2022.04.05-13.45.27:709][  8]PIE: Warning: torque_wheell_2.Cylinder Cylinder has to have 'Simulate Physics' enabled if you'd like to AddTorque. 
[2022.04.05-13.45.27:709][  8]LogBlueprintUserMessages: [torque_wheell_2] 261
[2022.04.05-13.45.27:726][  9]PIE: Warning: torque_wheell_2.Cylinder Cylinder has to have 'Simulate Physics' enabled if you'd like to AddTorque. 
[2022.04.05-13.45.27:726][  9]LogBlueprintUserMessages: [torque_wheell_2] 262
[2022.04.05-13.45.27:742][ 10]PIE: Warning: torque_wheell_2.Cylinder Cylinder has to have 'Simulate Physics' enabled if you'd like to AddTorque. 
[2022.04.05-13.45.27:743][ 10]LogBlueprintUserMessages: [torque_wheell_2] 263
[2022.04.05-13.45.27:759][ 11]PIE: Warning: torque_wheell_2.Cylinder Cylinder has to have 'Simulate Physics' enabled if you'd like to AddTorque. 
[2022.04.05-13.45.27:759][ 11]LogBlueprintUserMessages: [torque_wheell_2] 264
[2022.04.05-13.45.27:776][ 12]PIE: Warning: torque_wheell_2.Cylinder Cylinder has to have 'Simulate Physics' enabled if you'd like to AddTorque. 
[2022.04.05-13.45.27:776][ 12]LogBlueprintUserMessages: [torque_wheell_2] 265
[2022.04.05-13.45.27:792][ 13]PIE: Warning: torque_wheell_2.Cylinder Cylinder has to have 'Simulate Physics' enabled if you'd like to AddTorque. 
[2022.04.05-13.45.27:793][ 13]LogBlueprintUserMessages: [torque_wheell_2] 266
[2022.04.05-13.45.27:809][ 14]PIE: Warning: torque_wheell_2.Cylinder Cylinder has to have 'Simulate Physics' enabled if you'd like to AddTorque. 
[2022.04.05-13.45.27:809][ 14]LogBlueprintUserMessages: [torque_wheell_2] 267
[2022.04.05-13.45.27:826][ 15]PIE: Warning: torque_wheell_2.Cylinder Cylinder has to have 'Simulate Physics' enabled if you'd like to AddTorque. 
[2022.04.05-13.45.27:826][ 15]LogBlueprintUserMessages: [torque_wheell_2] 268
[2022.04.05-13.45.27:842][ 16]PIE: Warning: torque_wheell_2.Cylinder Cylinder has to have 'Simulate Physics' enabled if you'd like to AddTorque. 
[2022.04.05-13.45.27:842][ 16]LogBlueprintUserMessages: [torque_wheell_2] 269
[2022.04.05-13.45.27:859][ 17]PIE: Warning: torque_wheell_2.Cylinder Cylinder has to have 'Simulate Physics' enabled if you'd like to AddTorque. 
[2022.04.05-13.45.27:859][ 17]LogBlueprintUserMessages: [torque_wheell_2] 270
[2022.04.05-13.45.27:876][ 18]PIE: Warning: torque_wheell_2.Cylinder Cylinder has to have 'Simulate Physics' enabled if you'd like to AddTorque. 
[2022.04.05-13.45.27:876][ 18]LogBlueprintUserMessages: [torque_wheell_2] 271
[2022.04.05-13.45.27:892][ 19]PIE: Warning: torque_wheell_2.Cylinder Cylinder has to have 'Simulate Physics' enabled if you'd like to AddTorque. 
[2022.04.05-13.45.27:892][ 19]LogBlueprintUserMessages: [torque_wheell_2] 272
[2022.04.05-13.45.27:909][ 20]PIE: Warning: torque_wheell_2.Cylinder Cylinder has to have 'Simulate Physics' enabled if you'd like to AddTorque. 
[2022.04.05-13.45.27:909][ 20]LogBlueprintUserMessages: [torque_wheell_2] 273
[2022.04.05-13.45.27:926][ 21]PIE: Warning: torque_wheell_2.Cylinder Cylinder has to have 'Simulate Physics' enabled if you'd like to AddTorque. 
[2022.04.05-13.45.27:926][ 21]LogBlueprintUserMessages: [torque_wheell_2] 274
[2022.04.05-13.45.27:942][ 22]PIE: Warning: torque_wheell_2.Cylinder Cylinder has to have 'Simulate Physics' enabled if you'd like to AddTorque. 
[2022.04.05-13.45.27:942][ 22]LogBlueprintUserMessages: [torque_wheell_2] 275
[2022.04.05-13.45.27:959][ 23]PIE: Warning: torque_wheell_2.Cylinder Cylinder has to have 'Simulate Physics' enabled if you'd like to AddTorque. 
[2022.04.05-13.45.27:959][ 23]LogBlueprintUserMessages: [torque_wheell_2] 276
[2022.04.05-13.45.27:976][ 24]PIE: Warning: torque_wheell_2.Cylinder Cylinder has to have 'Simulate Physics' enabled if you'd like to AddTorque. 
[2022.04.05-13.45.27:976][ 24]LogBlueprintUserMessages: [torque_wheell_2] 277
[2022.04.05-13.45.27:992][ 25]PIE: Warning: torque_wheell_2.Cylinder Cylinder has to have 'Simulate Physics' enabled if you'd like to AddTorque. 
[2022.04.05-13.45.27:992][ 25]LogBlueprintUserMessages: [torque_wheell_2] 278
[2022.04.05-13.45.28:009][ 26]PIE: Warning: torque_wheell_2.Cylinder Cylinder has to have 'Simulate Physics' enabled if you'd like to AddTorque. 
[2022.04.05-13.45.28:009][ 26]LogBlueprintUserMessages: [torque_wheell_2] 279
[2022.04.05-13.45.28:026][ 27]PIE: Warning: torque_wheell_2.Cylinder Cylinder has to have 'Simulate Physics' enabled if you'd like to AddTorque. 
[2022.04.05-13.45.28:026][ 27]LogBlueprintUserMessages: [torque_wheell_2] 280
[2022.04.05-13.45.28:042][ 28]PIE: Warning: torque_wheell_2.Cylinder Cylinder has to have 'Simulate Physics' enabled if you'd like to AddTorque. 
[2022.04.05-13.45.28:042][ 28]LogBlueprintUserMessages: [torque_wheell_2] 281
[2022.04.05-13.45.28:059][ 29]PIE: Warning: torque_wheell_2.Cylinder Cylinder has to have 'Simulate Physics' enabled if you'd like to AddTorque. 
[2022.04.05-13.45.28:059][ 29]LogBlueprintUserMessages: [torque_wheell_2] 282
[2022.04.05-13.45.28:076][ 30]PIE: Warning: torque_wheell_2.Cylinder Cylinder has to have 'Simulate Physics' enabled if you'd like to AddTorque. 
[2022.04.05-13.45.28:076][ 30]LogBlueprintUserMessages: [torque_wheell_2] 283
[2022.04.05-13.45.28:092][ 31]PIE: Warning: torque_wheell_2.Cylinder Cylinder has to have 'Simulate Physics' enabled if you'd like to AddTorque. 
[2022.04.05-13.45.28:092][ 31]LogBlueprintUserMessages: [torque_wheell_2] 284
[2022.04.05-13.45.28:109][ 32]PIE: Warning: torque_wheell_2.Cylinder Cylinder has to have 'Simulate Physics' enabled if you'd like to AddTorque. 
[2022.04.05-13.45.28:109][ 32]LogBlueprintUserMessages: [torque_wheell_2] 285
[2022.04.05-13.45.28:126][ 33]PIE: Warning: torque_wheell_2.Cylinder Cylinder has to have 'Simulate Physics' enabled if you'd like to AddTorque. 
[2022.04.05-13.45.28:126][ 33]LogBlueprintUserMessages: [torque_wheell_2] 286
[2022.04.05-13.45.28:142][ 34]PIE: Warning: torque_wheell_2.Cylinder Cylinder has to have 'Simulate Physics' enabled if you'd like to AddTorque. 
[2022.04.05-13.45.28:142][ 34]LogBlueprintUserMessages: [torque_wheell_2] 287
[2022.04.05-13.45.28:159][ 35]PIE: Warning: torque_wheell_2.Cylinder Cylinder has to have 'Simulate Physics' enabled if you'd like to AddTorque. 
[2022.04.05-13.45.28:159][ 35]LogBlueprintUserMessages: [torque_wheell_2] 288
[2022.04.05-13.45.28:176][ 36]PIE: Warning: torque_wheell_2.Cylinder Cylinder has to have 'Simulate Physics' enabled if you'd like to AddTorque. 
[2022.04.05-13.45.28:176][ 36]LogBlueprintUserMessages: [torque_wheell_2] 289
[2022.04.05-13.45.28:192][ 37]PIE: Warning: torque_wheell_2.Cylinder Cylinder has to have 'Simulate Physics' enabled if you'd like to AddTorque. 
[2022.04.05-13.45.28:192][ 37]LogBlueprintUserMessages: [torque_wheell_2] 290
[2022.04.05-13.45.28:209][ 38]PIE: Warning: torque_wheell_2.Cylinder Cylinder has to have 'Simulate Physics' enabled if you'd like to AddTorque. 
[2022.04.05-13.45.28:209][ 38]LogBlueprintUserMessages: [torque_wheell_2] 291
[2022.04.05-13.45.28:226][ 39]PIE: Warning: torque_wheell_2.Cylinder Cylinder has to have 'Simulate Physics' enabled if you'd like to AddTorque. 
[2022.04.05-13.45.28:226][ 39]LogBlueprintUserMessages: [torque_wheell_2] 292
[2022.04.05-13.45.28:242][ 40]PIE: Warning: torque_wheell_2.Cylinder Cylinder has to have 'Simulate Physics' enabled if you'd like to AddTorque. 
[2022.04.05-13.45.28:243][ 40]LogBlueprintUserMessages: [torque_wheell_2] 293
[2022.04.05-13.45.28:259][ 41]PIE: Warning: torque_wheell_2.Cylinder Cylinder has to have 'Simulate Physics' enabled if you'd like to AddTorque. 
[2022.04.05-13.45.28:259][ 41]LogBlueprintUserMessages: [torque_wheell_2] 294
[2022.04.05-13.45.28:276][ 42]PIE: Warning: torque_wheell_2.Cylinder Cylinder has to have 'Simulate Physics' enabled if you'd like to AddTorque. 
[2022.04.05-13.45.28:276][ 42]LogBlueprintUserMessages: [torque_wheell_2] 295
[2022.04.05-13.45.28:292][ 43]PIE: Warning: torque_wheell_2.Cylinder Cylinder has to have 'Simulate Physics' enabled if you'd like to AddTorque. 
[2022.04.05-13.45.28:293][ 43]LogBlueprintUserMessages: [torque_wheell_2] 296
[2022.04.05-13.45.28:309][ 44]PIE: Warning: torque_wheell_2.Cylinder Cylinder has to have 'Simulate Physics' enabled if you'd like to AddTorque. 
[2022.04.05-13.45.28:309][ 44]LogBlueprintUserMessages: [torque_wheell_2] 297
[2022.04.05-13.45.28:326][ 45]PIE: Warning: torque_wheell_2.Cylinder Cylinder has to have 'Simulate Physics' enabled if you'd like to AddTorque. 
[2022.04.05-13.45.28:326][ 45]LogBlueprintUserMessages: [torque_wheell_2] 298
[2022.04.05-13.45.28:342][ 46]PIE: Warning: torque_wheell_2.Cylinder Cylinder has to have 'Simulate Physics' enabled if you'd like to AddTorque. 
[2022.04.05-13.45.28:342][ 46]LogBlueprintUserMessages: [torque_wheell_2] 299
[2022.04.05-13.45.28:359][ 47]PIE: Warning: torque_wheell_2.Cylinder Cylinder has to have 'Simulate Physics' enabled if you'd like to AddTorque. 
[2022.04.05-13.45.28:359][ 47]LogBlueprintUserMessages: [torque_wheell_2] 300
[2022.04.05-13.45.28:376][ 48]PIE: Warning: torque_wheell_2.Cylinder Cylinder has to have 'Simulate Physics' enabled if you'd like to AddTorque. 
[2022.04.05-13.45.28:376][ 48]LogBlueprintUserMessages: [torque_wheell_2] 301
[2022.04.05-13.45.28:392][ 49]PIE: Warning: torque_wheell_2.Cylinder Cylinder has to have 'Simulate Physics' enabled if you'd like to AddTorque. 
[2022.04.05-13.45.28:392][ 49]LogBlueprintUserMessages: [torque_wheell_2] 302
[2022.04.05-13.45.28:409][ 50]PIE: Warning: torque_wheell_2.Cylinder Cylinder has to have 'Simulate Physics' enabled if you'd like to AddTorque. 
[2022.04.05-13.45.28:409][ 50]LogBlueprintUserMessages: [torque_wheell_2] 303
[2022.04.05-13.45.28:426][ 51]PIE: Warning: torque_wheell_2.Cylinder Cylinder has to have 'Simulate Physics' enabled if you'd like to AddTorque. 
[2022.04.05-13.45.28:426][ 51]LogBlueprintUserMessages: [torque_wheell_2] 304
[2022.04.05-13.45.28:442][ 52]PIE: Warning: torque_wheell_2.Cylinder Cylinder has to have 'Simulate Physics' enabled if you'd like to AddTorque. 
[2022.04.05-13.45.28:442][ 52]LogBlueprintUserMessages: [torque_wheell_2] 305
[2022.04.05-13.45.28:459][ 53]PIE: Warning: torque_wheell_2.Cylinder Cylinder has to have 'Simulate Physics' enabled if you'd like to AddTorque. 
[2022.04.05-13.45.28:459][ 53]LogBlueprintUserMessages: [torque_wheell_2] 306
[2022.04.05-13.45.28:476][ 54]PIE: Warning: torque_wheell_2.Cylinder Cylinder has to have 'Simulate Physics' enabled if you'd like to AddTorque. 
[2022.04.05-13.45.28:476][ 54]LogBlueprintUserMessages: [torque_wheell_2] 307
[2022.04.05-13.45.28:492][ 55]PIE: Warning: torque_wheell_2.Cylinder Cylinder has to have 'Simulate Physics' enabled if you'd like to AddTorque. 
[2022.04.05-13.45.28:492][ 55]LogBlueprintUserMessages: [torque_wheell_2] 308
[2022.04.05-13.45.28:509][ 56]PIE: Warning: torque_wheell_2.Cylinder Cylinder has to have 'Simulate Physics' enabled if you'd like to AddTorque. 
[2022.04.05-13.45.28:509][ 56]LogBlueprintUserMessages: [torque_wheell_2] 309
[2022.04.05-13.45.28:525][ 57]PIE: Warning: torque_wheell_2.Cylinder Cylinder has to have 'Simulate Physics' enabled if you'd like to AddTorque. 
[2022.04.05-13.45.28:525][ 57]LogBlueprintUserMessages: [torque_wheell_2] 310
[2022.04.05-13.45.28:542][ 58]PIE: Warning: torque_wheell_2.Cylinder Cylinder has to have 'Simulate Physics' enabled if you'd like to AddTorque. 
[2022.04.05-13.45.28:542][ 58]LogBlueprintUserMessages: [torque_wheell_2] 311
[2022.04.05-13.45.28:559][ 59]PIE: Warning: torque_wheell_2.Cylinder Cylinder has to have 'Simulate Physics' enabled if you'd like to AddTorque. 
[2022.04.05-13.45.28:559][ 59]LogBlueprintUserMessages: [torque_wheell_2] 312
[2022.04.05-13.45.28:575][ 60]PIE: Warning: torque_wheell_2.Cylinder Cylinder has to have 'Simulate Physics' enabled if you'd like to AddTorque. 
[2022.04.05-13.45.28:575][ 60]LogBlueprintUserMessages: [torque_wheell_2] 313
[2022.04.05-13.45.28:592][ 61]PIE: Warning: torque_wheell_2.Cylinder Cylinder has to have 'Simulate Physics' enabled if you'd like to AddTorque. 
[2022.04.05-13.45.28:592][ 61]LogBlueprintUserMessages: [torque_wheell_2] 314
[2022.04.05-13.45.28:609][ 62]PIE: Warning: torque_wheell_2.Cylinder Cylinder has to have 'Simulate Physics' enabled if you'd like to AddTorque. 
[2022.04.05-13.45.28:609][ 62]LogBlueprintUserMessages: [torque_wheell_2] 315
[2022.04.05-13.45.28:625][ 63]PIE: Warning: torque_wheell_2.Cylinder Cylinder has to have 'Simulate Physics' enabled if you'd like to AddTorque. 
[2022.04.05-13.45.28:625][ 63]LogBlueprintUserMessages: [torque_wheell_2] 316
[2022.04.05-13.45.28:642][ 64]PIE: Warning: torque_wheell_2.Cylinder Cylinder has to have 'Simulate Physics' enabled if you'd like to AddTorque. 
[2022.04.05-13.45.28:642][ 64]LogBlueprintUserMessages: [torque_wheell_2] 317
[2022.04.05-13.45.28:659][ 65]PIE: Warning: torque_wheell_2.Cylinder Cylinder has to have 'Simulate Physics' enabled if you'd like to AddTorque. 
[2022.04.05-13.45.28:659][ 65]LogBlueprintUserMessages: [torque_wheell_2] 318
[2022.04.05-13.45.28:675][ 66]PIE: Warning: torque_wheell_2.Cylinder Cylinder has to have 'Simulate Physics' enabled if you'd like to AddTorque. 
[2022.04.05-13.45.28:675][ 66]LogBlueprintUserMessages: [torque_wheell_2] 319
[2022.04.05-13.45.28:693][ 67]PIE: Warning: torque_wheell_2.Cylinder Cylinder has to have 'Simulate Physics' enabled if you'd like to AddTorque. 
[2022.04.05-13.45.28:693][ 67]LogBlueprintUserMessages: [torque_wheell_2] 320
[2022.04.05-13.45.28:709][ 68]PIE: Warning: torque_wheell_2.Cylinder Cylinder has to have 'Simulate Physics' enabled if you'd like to AddTorque. 
[2022.04.05-13.45.28:709][ 68]LogBlueprintUserMessages: [torque_wheell_2] 321
[2022.04.05-13.45.28:726][ 69]PIE: Warning: torque_wheell_2.Cylinder Cylinder has to have 'Simulate Physics' enabled if you'd like to AddTorque. 
[2022.04.05-13.45.28:726][ 69]LogBlueprintUserMessages: [torque_wheell_2] 322
[2022.04.05-13.45.28:743][ 70]PIE: Warning: torque_wheell_2.Cylinder Cylinder has to have 'Simulate Physics' enabled if you'd like to AddTorque. 
[2022.04.05-13.45.28:743][ 70]LogBlueprintUserMessages: [torque_wheell_2] 323
[2022.04.05-13.45.28:759][ 71]PIE: Warning: torque_wheell_2.Cylinder Cylinder has to have 'Simulate Physics' enabled if you'd like to AddTorque. 
[2022.04.05-13.45.28:759][ 71]LogBlueprintUserMessages: [torque_wheell_2] 324
[2022.04.05-13.45.28:776][ 72]PIE: Warning: torque_wheell_2.Cylinder Cylinder has to have 'Simulate Physics' enabled if you'd like to AddTorque. 
[2022.04.05-13.45.28:776][ 72]LogBlueprintUserMessages: [torque_wheell_2] 325
[2022.04.05-13.45.28:793][ 73]PIE: Warning: torque_wheell_2.Cylinder Cylinder has to have 'Simulate Physics' enabled if you'd like to AddTorque. 
[2022.04.05-13.45.28:793][ 73]LogBlueprintUserMessages: [torque_wheell_2] 326
[2022.04.05-13.45.28:809][ 74]PIE: Warning: torque_wheell_2.Cylinder Cylinder has to have 'Simulate Physics' enabled if you'd like to AddTorque. 
[2022.04.05-13.45.28:809][ 74]LogBlueprintUserMessages: [torque_wheell_2] 327
[2022.04.05-13.45.28:826][ 75]PIE: Warning: torque_wheell_2.Cylinder Cylinder has to have 'Simulate Physics' enabled if you'd like to AddTorque. 
[2022.04.05-13.45.28:826][ 75]LogBlueprintUserMessages: [torque_wheell_2] 328
[2022.04.05-13.45.28:842][ 76]PIE: Warning: torque_wheell_2.Cylinder Cylinder has to have 'Simulate Physics' enabled if you'd like to AddTorque. 
[2022.04.05-13.45.28:842][ 76]LogBlueprintUserMessages: [torque_wheell_2] 329
[2022.04.05-13.45.28:859][ 77]PIE: Warning: torque_wheell_2.Cylinder Cylinder has to have 'Simulate Physics' enabled if you'd like to AddTorque. 
[2022.04.05-13.45.28:859][ 77]LogBlueprintUserMessages: [torque_wheell_2] 330
[2022.04.05-13.45.28:876][ 78]PIE: Warning: torque_wheell_2.Cylinder Cylinder has to have 'Simulate Physics' enabled if you'd like to AddTorque. 
[2022.04.05-13.45.28:876][ 78]LogBlueprintUserMessages: [torque_wheell_2] 331
[2022.04.05-13.45.28:892][ 79]PIE: Warning: torque_wheell_2.Cylinder Cylinder has to have 'Simulate Physics' enabled if you'd like to AddTorque. 
[2022.04.05-13.45.28:892][ 79]LogBlueprintUserMessages: [torque_wheell_2] 332
[2022.04.05-13.45.28:909][ 80]PIE: Warning: torque_wheell_2.Cylinder Cylinder has to have 'Simulate Physics' enabled if you'd like to AddTorque. 
[2022.04.05-13.45.28:909][ 80]LogBlueprintUserMessages: [torque_wheell_2] 333
[2022.04.05-13.45.28:926][ 81]PIE: Warning: torque_wheell_2.Cylinder Cylinder has to have 'Simulate Physics' enabled if you'd like to AddTorque. 
[2022.04.05-13.45.28:926][ 81]LogBlueprintUserMessages: [torque_wheell_2] 334
[2022.04.05-13.45.28:943][ 82]PIE: Warning: torque_wheell_2.Cylinder Cylinder has to have 'Simulate Physics' enabled if you'd like to AddTorque. 
[2022.04.05-13.45.28:943][ 82]LogBlueprintUserMessages: [torque_wheell_2] 335
[2022.04.05-13.45.28:959][ 83]PIE: Warning: torque_wheell_2.Cylinder Cylinder has to have 'Simulate Physics' enabled if you'd like to AddTorque. 
[2022.04.05-13.45.28:959][ 83]LogBlueprintUserMessages: [torque_wheell_2] 336
[2022.04.05-13.45.29:026][ 87]PIE: Warning: torque_wheell_2.Cylinder Cylinder has to have 'Simulate Physics' enabled if you'd like to AddTorque. 
[2022.04.05-13.45.29:026][ 87]LogBlueprintUserMessages: [torque_wheell_2] 337
[2022.04.05-13.45.29:061][ 87]LogSlate: Updating window title bar state: overlay mode, drag disabled, window buttons hidden, title bar hidden
[2022.04.05-13.45.29:061][ 87]LogWorld: BeginTearingDown for /Game/VRTemplate/Maps/UEDPIE_0_VRTemplateMap
[2022.04.05-13.45.29:061][ 87]LogWorld: UWorld::CleanupWorld for VRTemplateMap, bSessionEnded=true, bCleanupResources=true
[2022.04.05-13.45.29:063][ 87]LogSlate: InvalidateAllWidgets triggered.  All widgets were invalidated
[2022.04.05-13.45.29:072][ 87]LogPlayLevel: Display: Shutting down PIE online subsystems
[2022.04.05-13.45.29:109][ 87]LogSlate: InvalidateAllWidgets triggered.  All widgets were invalidated
[2022.04.05-13.45.29:132][ 87]LogAudio: Display: Audio Device unregistered from world 'None'.
[2022.04.05-13.45.29:132][ 87]LogResonanceAudio: Display: Resonance Audio Listener is shutdown
[2022.04.05-13.45.29:132][ 87]LogAudioMixer: FMixerPlatformXAudio2::StopAudioStream() called
[2022.04.05-13.45.29:133][ 87]LogAudioMixer: FMixerPlatformXAudio2::StopAudioStream() called
[2022.04.05-13.45.29:135][ 87]LogSlate: Updating window title bar state: overlay mode, drag disabled, window buttons hidden, title bar hidden
[2022.04.05-13.45.29:139][ 87]LogSlate: Slate User Unregistered.  User Index 8
[2022.04.05-13.45.29:139][ 87]LogSlate: Slate User Destroyed.  User Index 8, Is Virtual User: 1
[2022.04.05-13.45.29:141][ 87]LogUObjectHash: Compacting FUObjectHashTables data took   2.37ms
[2022.04.05-13.45.29:214][ 88]LogPlayLevel: Display: Destroying online subsystem :Context_9
[2022.04.05-13.45.30:535][159]LogSlate: Window 'Message Log' being destroyed
[2022.04.05-13.45.30:538][159]LogSlate: Window 'Message Log' being destroyed
[2022.04.05-13.46.10:331][483]BlueprintLog: New page: Compile torque_wheell
[2022.04.05-13.46.10:370][483]LogUObjectHash: Compacting FUObjectHashTables data took   2.84ms
[2022.04.05-13.46.13:950][695]LogTemp: Repeating last play command: Selected Viewport
[2022.04.05-13.46.13:956][695]LogPlayLevel: PlayLevel: No blueprints needed recompiling
[2022.04.05-13.46.13:956][695]PIE: New page: PIE session: VRTemplateMap (5. apr. 2022 17.46.13)
[2022.04.05-13.46.13:956][695]LogPlayLevel: Creating play world package: /Game/VRTemplate/Maps/UEDPIE_0_VRTemplateMap
[2022.04.05-13.46.13:979][695]LogPlayLevel: PIE: StaticDuplicateObject took: (0.022963s)
[2022.04.05-13.46.13:980][695]LogAIModule: Creating AISystem for world VRTemplateMap
[2022.04.05-13.46.13:980][695]LogPlayLevel: PIE: World Init took: (0.000787s)
[2022.04.05-13.46.13:980][695]LogPlayLevel: PIE: Created PIE world by copying editor world from /Game/VRTemplate/Maps/VRTemplateMap.VRTemplateMap to /Game/VRTemplate/Maps/UEDPIE_0_VRTemplateMap.VRTemplateMap (0.023860s)
[2022.04.05-13.46.14:003][695]LogUObjectHash: Compacting FUObjectHashTables data took   3.35ms
[2022.04.05-13.46.14:004][695]LogAudio: Display: Creating Audio Device:                 Id: 5, Scope: Unique, Realtime: True
[2022.04.05-13.46.14:004][695]LogAudioMixer: Display: Audio Mixer Platform Settings:
[2022.04.05-13.46.14:004][695]LogAudioMixer: Display: 	Sample Rate:						  48000
[2022.04.05-13.46.14:004][695]LogAudioMixer: Display: 	Callback Buffer Frame Size Requested: 1024
[2022.04.05-13.46.14:004][695]LogAudioMixer: Display: 	Callback Buffer Frame Size To Use:	  1024
[2022.04.05-13.46.14:004][695]LogAudioMixer: Display: 	Number of buffers to queue:			  1
[2022.04.05-13.46.14:005][695]LogAudioMixer: Display: 	Max Channels (voices):				  0
[2022.04.05-13.46.14:005][695]LogAudioMixer: Display: 	Number of Async Source Workers:		  4
[2022.04.05-13.46.14:005][695]LogAudio: Display: AudioDevice MaxSources: 32
[2022.04.05-13.46.14:005][695]LogAudio: Display: Audio Spatialization Plugin: Resonance Audio is external send: 1
[2022.04.05-13.46.14:005][695]LogAudio: Display: Audio Reverb Plugin: Resonance Audio
[2022.04.05-13.46.14:005][695]LogAudio: Display: Audio Occlusion Plugin: None (built-in).
[2022.04.05-13.46.14:005][695]LogAudioMixer: Display: Initializing audio mixer.
[2022.04.05-13.46.14:007][695]LogAudioMixer: Display: 0: FrontLeft
[2022.04.05-13.46.14:007][695]LogAudioMixer: Display: 1: FrontRight
[2022.04.05-13.46.14:011][695]LogAudioMixer: Display: Using Audio Device Headphones (Oculus Virtual Audio Device)
[2022.04.05-13.46.14:011][695]LogAudioMixer: Display: Initializing Sound Submixes...
[2022.04.05-13.46.14:011][695]LogAudioMixer: Display: Creating Master Submix 'MasterSubmixDefault'
[2022.04.05-13.46.14:011][695]LogAudioMixer: Display: Creating Master Submix 'MasterReverbSubmixDefault'
[2022.04.05-13.46.14:011][695]LogAudioMixer: Display: Creating Master Submix 'MasterEQSubmixDefault'
[2022.04.05-13.46.14:011][695]LogAudioMixer: FMixerPlatformXAudio2::StartAudioStream() called
[2022.04.05-13.46.14:011][695]LogAudioMixer: Display: Output buffers initialized: Frames=1024, Channels=2, Samples=2048
[2022.04.05-13.46.14:012][695]LogAudioMixer: Display: Starting AudioMixerPlatformInterface::RunInternal()
[2022.04.05-13.46.14:012][695]LogAudioMixer: Display: FMixerPlatformXAudio2::SubmitBuffer() called for the first time
[2022.04.05-13.46.14:012][695]LogInit: FAudioDevice initialized.
[2022.04.05-13.46.14:012][695]LogAudio: Display: Audio Device (ID: 5) registered with world 'VRTemplateMap'.
[2022.04.05-13.46.14:022][695]LogLoad: Game class is 'VRGameMode_C'
[2022.04.05-13.46.14:027][695]LogWorld: Bringing World /Game/VRTemplate/Maps/UEDPIE_0_VRTemplateMap.VRTemplateMap up for play (max tick rate 60) at 2022.04.05-15.46.14
[2022.04.05-13.46.14:028][695]LogWorld: Bringing up level for play took: 0.005683
[2022.04.05-13.46.14:028][695]LogOnline: OSS: Creating online subsystem instance for: :Context_10
[2022.04.05-13.46.14:029][695]LogSpawn: Warning: SpawnActor failed because no class was specified
[2022.04.05-13.46.14:030][695]LogSlate: New Slate User Created.  User Index 8, Is Virtual User: 1
[2022.04.05-13.46.14:030][695]LogSlate: Slate User Registered.  User Index 8, Is Virtual User: 1
[2022.04.05-13.46.14:031][695]PIE: Server logged in
[2022.04.05-13.46.14:032][695]PIE: Play in editor total start time 0,076 seconds.
[2022.04.05-13.46.14:033][695]PIE: Warning: torque_wheell_2.Cylinder Cylinder has to have 'Simulate Physics' enabled if you'd like to AddTorque. 
[2022.04.05-13.46.14:033][695]LogBlueprintUserMessages: [torque_wheell_2] 1
[2022.04.05-13.46.14:041][695]LogResonanceAudio: Display: Resonance Audio Listener is initialized
[2022.04.05-13.46.14:061][696]PIE: Warning: torque_wheell_2.Cylinder Cylinder has to have 'Simulate Physics' enabled if you'd like to AddTorque. 
[2022.04.05-13.46.14:061][696]LogBlueprintUserMessages: [torque_wheell_2] 2
[2022.04.05-13.46.14:080][697]PIE: Warning: torque_wheell_2.Cylinder Cylinder has to have 'Simulate Physics' enabled if you'd like to AddTorque. 
[2022.04.05-13.46.14:080][697]LogBlueprintUserMessages: [torque_wheell_2] 3
[2022.04.05-13.46.14:096][698]PIE: Warning: torque_wheell_2.Cylinder Cylinder has to have 'Simulate Physics' enabled if you'd like to AddTorque. 
[2022.04.05-13.46.14:096][698]LogBlueprintUserMessages: [torque_wheell_2] 4
[2022.04.05-13.46.14:113][699]PIE: Warning: torque_wheell_2.Cylinder Cylinder has to have 'Simulate Physics' enabled if you'd like to AddTorque. 
[2022.04.05-13.46.14:113][699]LogBlueprintUserMessages: [torque_wheell_2] 5
[2022.04.05-13.46.14:130][700]PIE: Warning: torque_wheell_2.Cylinder Cylinder has to have 'Simulate Physics' enabled if you'd like to AddTorque. 
[2022.04.05-13.46.14:130][700]LogBlueprintUserMessages: [torque_wheell_2] 6
[2022.04.05-13.46.14:146][701]PIE: Warning: torque_wheell_2.Cylinder Cylinder has to have 'Simulate Physics' enabled if you'd like to AddTorque. 
[2022.04.05-13.46.14:146][701]LogBlueprintUserMessages: [torque_wheell_2] 7
[2022.04.05-13.46.14:163][702]PIE: Warning: torque_wheell_2.Cylinder Cylinder has to have 'Simulate Physics' enabled if you'd like to AddTorque. 
[2022.04.05-13.46.14:163][702]LogBlueprintUserMessages: [torque_wheell_2] 8
[2022.04.05-13.46.14:180][703]PIE: Warning: torque_wheell_2.Cylinder Cylinder has to have 'Simulate Physics' enabled if you'd like to AddTorque. 
[2022.04.05-13.46.14:180][703]LogBlueprintUserMessages: [torque_wheell_2] 9
[2022.04.05-13.46.14:196][704]PIE: Warning: torque_wheell_2.Cylinder Cylinder has to have 'Simulate Physics' enabled if you'd like to AddTorque. 
[2022.04.05-13.46.14:196][704]LogBlueprintUserMessages: [torque_wheell_2] 10
[2022.04.05-13.46.14:213][705]PIE: Warning: torque_wheell_2.Cylinder Cylinder has to have 'Simulate Physics' enabled if you'd like to AddTorque. 
[2022.04.05-13.46.14:213][705]LogBlueprintUserMessages: [torque_wheell_2] 11
[2022.04.05-13.46.14:230][706]PIE: Warning: torque_wheell_2.Cylinder Cylinder has to have 'Simulate Physics' enabled if you'd like to AddTorque. 
[2022.04.05-13.46.14:230][706]LogBlueprintUserMessages: [torque_wheell_2] 12
[2022.04.05-13.46.14:246][707]PIE: Warning: torque_wheell_2.Cylinder Cylinder has to have 'Simulate Physics' enabled if you'd like to AddTorque. 
[2022.04.05-13.46.14:247][707]LogBlueprintUserMessages: [torque_wheell_2] 13
[2022.04.05-13.46.14:263][708]PIE: Warning: torque_wheell_2.Cylinder Cylinder has to have 'Simulate Physics' enabled if you'd like to AddTorque. 
[2022.04.05-13.46.14:263][708]LogBlueprintUserMessages: [torque_wheell_2] 14
[2022.04.05-13.46.14:280][709]PIE: Warning: torque_wheell_2.Cylinder Cylinder has to have 'Simulate Physics' enabled if you'd like to AddTorque. 
[2022.04.05-13.46.14:280][709]LogBlueprintUserMessages: [torque_wheell_2] 15
[2022.04.05-13.46.14:297][710]PIE: Warning: torque_wheell_2.Cylinder Cylinder has to have 'Simulate Physics' enabled if you'd like to AddTorque. 
[2022.04.05-13.46.14:297][710]LogBlueprintUserMessages: [torque_wheell_2] 16
[2022.04.05-13.46.14:313][711]PIE: Warning: torque_wheell_2.Cylinder Cylinder has to have 'Simulate Physics' enabled if you'd like to AddTorque. 
[2022.04.05-13.46.14:313][711]LogBlueprintUserMessages: [torque_wheell_2] 17
[2022.04.05-13.46.14:330][712]PIE: Warning: torque_wheell_2.Cylinder Cylinder has to have 'Simulate Physics' enabled if you'd like to AddTorque. 
[2022.04.05-13.46.14:330][712]LogBlueprintUserMessages: [torque_wheell_2] 18
[2022.04.05-13.46.14:346][713]PIE: Warning: torque_wheell_2.Cylinder Cylinder has to have 'Simulate Physics' enabled if you'd like to AddTorque. 
[2022.04.05-13.46.14:347][713]LogBlueprintUserMessages: [torque_wheell_2] 19
[2022.04.05-13.46.14:363][714]PIE: Warning: torque_wheell_2.Cylinder Cylinder has to have 'Simulate Physics' enabled if you'd like to AddTorque. 
[2022.04.05-13.46.14:363][714]LogBlueprintUserMessages: [torque_wheell_2] 20
[2022.04.05-13.46.14:380][715]PIE: Warning: torque_wheell_2.Cylinder Cylinder has to have 'Simulate Physics' enabled if you'd like to AddTorque. 
[2022.04.05-13.46.14:380][715]LogBlueprintUserMessages: [torque_wheell_2] 21
[2022.04.05-13.46.14:396][716]PIE: Warning: torque_wheell_2.Cylinder Cylinder has to have 'Simulate Physics' enabled if you'd like to AddTorque. 
[2022.04.05-13.46.14:397][716]LogBlueprintUserMessages: [torque_wheell_2] 22
[2022.04.05-13.46.14:413][717]PIE: Warning: torque_wheell_2.Cylinder Cylinder has to have 'Simulate Physics' enabled if you'd like to AddTorque. 
[2022.04.05-13.46.14:413][717]LogBlueprintUserMessages: [torque_wheell_2] 23
[2022.04.05-13.46.14:430][718]PIE: Warning: torque_wheell_2.Cylinder Cylinder has to have 'Simulate Physics' enabled if you'd like to AddTorque. 
[2022.04.05-13.46.14:430][718]LogBlueprintUserMessages: [torque_wheell_2] 24
[2022.04.05-13.46.14:446][719]PIE: Warning: torque_wheell_2.Cylinder Cylinder has to have 'Simulate Physics' enabled if you'd like to AddTorque. 
[2022.04.05-13.46.14:446][719]LogBlueprintUserMessages: [torque_wheell_2] 25
[2022.04.05-13.46.14:463][720]PIE: Warning: torque_wheell_2.Cylinder Cylinder has to have 'Simulate Physics' enabled if you'd like to AddTorque. 
[2022.04.05-13.46.14:463][720]LogBlueprintUserMessages: [torque_wheell_2] 26
[2022.04.05-13.46.14:479][721]PIE: Warning: torque_wheell_2.Cylinder Cylinder has to have 'Simulate Physics' enabled if you'd like to AddTorque. 
[2022.04.05-13.46.14:480][721]LogBlueprintUserMessages: [torque_wheell_2] 27
[2022.04.05-13.46.14:496][722]PIE: Warning: torque_wheell_2.Cylinder Cylinder has to have 'Simulate Physics' enabled if you'd like to AddTorque. 
[2022.04.05-13.46.14:496][722]LogBlueprintUserMessages: [torque_wheell_2] 28
[2022.04.05-13.46.14:513][723]PIE: Warning: torque_wheell_2.Cylinder Cylinder has to have 'Simulate Physics' enabled if you'd like to AddTorque. 
[2022.04.05-13.46.14:513][723]LogBlueprintUserMessages: [torque_wheell_2] 29
[2022.04.05-13.46.14:529][724]PIE: Warning: torque_wheell_2.Cylinder Cylinder has to have 'Simulate Physics' enabled if you'd like to AddTorque. 
[2022.04.05-13.46.14:530][724]LogBlueprintUserMessages: [torque_wheell_2] 30
[2022.04.05-13.46.14:546][725]PIE: Warning: torque_wheell_2.Cylinder Cylinder has to have 'Simulate Physics' enabled if you'd like to AddTorque. 
[2022.04.05-13.46.14:546][725]LogBlueprintUserMessages: [torque_wheell_2] 31
[2022.04.05-13.46.14:564][726]PIE: Warning: torque_wheell_2.Cylinder Cylinder has to have 'Simulate Physics' enabled if you'd like to AddTorque. 
[2022.04.05-13.46.14:564][726]LogBlueprintUserMessages: [torque_wheell_2] 32
[2022.04.05-13.46.14:580][727]PIE: Warning: torque_wheell_2.Cylinder Cylinder has to have 'Simulate Physics' enabled if you'd like to AddTorque. 
[2022.04.05-13.46.14:580][727]LogBlueprintUserMessages: [torque_wheell_2] 33
[2022.04.05-13.46.14:596][728]PIE: Warning: torque_wheell_2.Cylinder Cylinder has to have 'Simulate Physics' enabled if you'd like to AddTorque. 
[2022.04.05-13.46.14:596][728]LogBlueprintUserMessages: [torque_wheell_2] 34
[2022.04.05-13.46.14:613][729]PIE: Warning: torque_wheell_2.Cylinder Cylinder has to have 'Simulate Physics' enabled if you'd like to AddTorque. 
[2022.04.05-13.46.14:613][729]LogBlueprintUserMessages: [torque_wheell_2] 35
[2022.04.05-13.46.14:630][730]PIE: Warning: torque_wheell_2.Cylinder Cylinder has to have 'Simulate Physics' enabled if you'd like to AddTorque. 
[2022.04.05-13.46.14:630][730]LogBlueprintUserMessages: [torque_wheell_2] 36
[2022.04.05-13.46.14:646][731]PIE: Warning: torque_wheell_2.Cylinder Cylinder has to have 'Simulate Physics' enabled if you'd like to AddTorque. 
[2022.04.05-13.46.14:646][731]LogBlueprintUserMessages: [torque_wheell_2] 37
[2022.04.05-13.46.14:663][732]PIE: Warning: torque_wheell_2.Cylinder Cylinder has to have 'Simulate Physics' enabled if you'd like to AddTorque. 
[2022.04.05-13.46.14:663][732]LogBlueprintUserMessages: [torque_wheell_2] 38
[2022.04.05-13.46.14:680][733]PIE: Warning: torque_wheell_2.Cylinder Cylinder has to have 'Simulate Physics' enabled if you'd like to AddTorque. 
[2022.04.05-13.46.14:680][733]LogBlueprintUserMessages: [torque_wheell_2] 39
[2022.04.05-13.46.14:697][734]PIE: Warning: torque_wheell_2.Cylinder Cylinder has to have 'Simulate Physics' enabled if you'd like to AddTorque. 
[2022.04.05-13.46.14:697][734]LogBlueprintUserMessages: [torque_wheell_2] 40
[2022.04.05-13.46.14:713][735]PIE: Warning: torque_wheell_2.Cylinder Cylinder has to have 'Simulate Physics' enabled if you'd like to AddTorque. 
[2022.04.05-13.46.14:713][735]LogBlueprintUserMessages: [torque_wheell_2] 41
[2022.04.05-13.46.14:730][736]PIE: Warning: torque_wheell_2.Cylinder Cylinder has to have 'Simulate Physics' enabled if you'd like to AddTorque. 
[2022.04.05-13.46.14:730][736]LogBlueprintUserMessages: [torque_wheell_2] 42
[2022.04.05-13.46.14:747][737]PIE: Warning: torque_wheell_2.Cylinder Cylinder has to have 'Simulate Physics' enabled if you'd like to AddTorque. 
[2022.04.05-13.46.14:747][737]LogBlueprintUserMessages: [torque_wheell_2] 43
[2022.04.05-13.46.14:763][738]PIE: Warning: torque_wheell_2.Cylinder Cylinder has to have 'Simulate Physics' enabled if you'd like to AddTorque. 
[2022.04.05-13.46.14:763][738]LogBlueprintUserMessages: [torque_wheell_2] 44
[2022.04.05-13.46.14:780][739]PIE: Warning: torque_wheell_2.Cylinder Cylinder has to have 'Simulate Physics' enabled if you'd like to AddTorque. 
[2022.04.05-13.46.14:780][739]LogBlueprintUserMessages: [torque_wheell_2] 45
[2022.04.05-13.46.14:796][740]PIE: Warning: torque_wheell_2.Cylinder Cylinder has to have 'Simulate Physics' enabled if you'd like to AddTorque. 
[2022.04.05-13.46.14:796][740]LogBlueprintUserMessages: [torque_wheell_2] 46
[2022.04.05-13.46.14:813][741]PIE: Warning: torque_wheell_2.Cylinder Cylinder has to have 'Simulate Physics' enabled if you'd like to AddTorque. 
[2022.04.05-13.46.14:813][741]LogBlueprintUserMessages: [torque_wheell_2] 47
[2022.04.05-13.46.14:830][742]PIE: Warning: torque_wheell_2.Cylinder Cylinder has to have 'Simulate Physics' enabled if you'd like to AddTorque. 
[2022.04.05-13.46.14:830][742]LogBlueprintUserMessages: [torque_wheell_2] 48
[2022.04.05-13.46.14:846][743]PIE: Warning: torque_wheell_2.Cylinder Cylinder has to have 'Simulate Physics' enabled if you'd like to AddTorque. 
[2022.04.05-13.46.14:846][743]LogBlueprintUserMessages: [torque_wheell_2] 49
[2022.04.05-13.46.14:863][744]PIE: Warning: torque_wheell_2.Cylinder Cylinder has to have 'Simulate Physics' enabled if you'd like to AddTorque. 
[2022.04.05-13.46.14:863][744]LogBlueprintUserMessages: [torque_wheell_2] 50
[2022.04.05-13.46.14:880][745]PIE: Warning: torque_wheell_2.Cylinder Cylinder has to have 'Simulate Physics' enabled if you'd like to AddTorque. 
[2022.04.05-13.46.14:880][745]LogBlueprintUserMessages: [torque_wheell_2] 51
[2022.04.05-13.46.14:896][746]PIE: Warning: torque_wheell_2.Cylinder Cylinder has to have 'Simulate Physics' enabled if you'd like to AddTorque. 
[2022.04.05-13.46.14:896][746]LogBlueprintUserMessages: [torque_wheell_2] 52
[2022.04.05-13.46.14:913][747]PIE: Warning: torque_wheell_2.Cylinder Cylinder has to have 'Simulate Physics' enabled if you'd like to AddTorque. 
[2022.04.05-13.46.14:913][747]LogBlueprintUserMessages: [torque_wheell_2] 53
[2022.04.05-13.46.14:930][748]PIE: Warning: torque_wheell_2.Cylinder Cylinder has to have 'Simulate Physics' enabled if you'd like to AddTorque. 
[2022.04.05-13.46.14:930][748]LogBlueprintUserMessages: [torque_wheell_2] 54
[2022.04.05-13.46.14:946][749]PIE: Warning: torque_wheell_2.Cylinder Cylinder has to have 'Simulate Physics' enabled if you'd like to AddTorque. 
[2022.04.05-13.46.14:946][749]LogBlueprintUserMessages: [torque_wheell_2] 55
[2022.04.05-13.46.14:963][750]PIE: Warning: torque_wheell_2.Cylinder Cylinder has to have 'Simulate Physics' enabled if you'd like to AddTorque. 
[2022.04.05-13.46.14:963][750]LogBlueprintUserMessages: [torque_wheell_2] 56
[2022.04.05-13.46.14:980][751]PIE: Warning: torque_wheell_2.Cylinder Cylinder has to have 'Simulate Physics' enabled if you'd like to AddTorque. 
[2022.04.05-13.46.14:980][751]LogBlueprintUserMessages: [torque_wheell_2] 57
[2022.04.05-13.46.14:996][752]PIE: Warning: torque_wheell_2.Cylinder Cylinder has to have 'Simulate Physics' enabled if you'd like to AddTorque. 
[2022.04.05-13.46.14:996][752]LogBlueprintUserMessages: [torque_wheell_2] 58
[2022.04.05-13.46.15:013][753]PIE: Warning: torque_wheell_2.Cylinder Cylinder has to have 'Simulate Physics' enabled if you'd like to AddTorque. 
[2022.04.05-13.46.15:013][753]LogBlueprintUserMessages: [torque_wheell_2] 59
[2022.04.05-13.46.15:030][754]PIE: Warning: torque_wheell_2.Cylinder Cylinder has to have 'Simulate Physics' enabled if you'd like to AddTorque. 
[2022.04.05-13.46.15:030][754]LogBlueprintUserMessages: [torque_wheell_2] 60
[2022.04.05-13.46.15:046][755]PIE: Warning: torque_wheell_2.Cylinder Cylinder has to have 'Simulate Physics' enabled if you'd like to AddTorque. 
[2022.04.05-13.46.15:046][755]LogBlueprintUserMessages: [torque_wheell_2] 61
[2022.04.05-13.46.15:063][756]PIE: Warning: torque_wheell_2.Cylinder Cylinder has to have 'Simulate Physics' enabled if you'd like to AddTorque. 
[2022.04.05-13.46.15:063][756]LogBlueprintUserMessages: [torque_wheell_2] 62
[2022.04.05-13.46.15:080][757]PIE: Warning: torque_wheell_2.Cylinder Cylinder has to have 'Simulate Physics' enabled if you'd like to AddTorque. 
[2022.04.05-13.46.15:080][757]LogBlueprintUserMessages: [torque_wheell_2] 63
[2022.04.05-13.46.15:096][758]PIE: Warning: torque_wheell_2.Cylinder Cylinder has to have 'Simulate Physics' enabled if you'd like to AddTorque. 
[2022.04.05-13.46.15:096][758]LogBlueprintUserMessages: [torque_wheell_2] 64
[2022.04.05-13.46.15:113][759]PIE: Warning: torque_wheell_2.Cylinder Cylinder has to have 'Simulate Physics' enabled if you'd like to AddTorque. 
[2022.04.05-13.46.15:113][759]LogBlueprintUserMessages: [torque_wheell_2] 65
[2022.04.05-13.46.15:130][760]PIE: Warning: torque_wheell_2.Cylinder Cylinder has to have 'Simulate Physics' enabled if you'd like to AddTorque. 
[2022.04.05-13.46.15:130][760]LogBlueprintUserMessages: [torque_wheell_2] 66
[2022.04.05-13.46.15:146][761]PIE: Warning: torque_wheell_2.Cylinder Cylinder has to have 'Simulate Physics' enabled if you'd like to AddTorque. 
[2022.04.05-13.46.15:146][761]LogBlueprintUserMessages: [torque_wheell_2] 67
[2022.04.05-13.46.15:163][762]PIE: Warning: torque_wheell_2.Cylinder Cylinder has to have 'Simulate Physics' enabled if you'd like to AddTorque. 
[2022.04.05-13.46.15:163][762]LogBlueprintUserMessages: [torque_wheell_2] 68
[2022.04.05-13.46.15:179][763]PIE: Warning: torque_wheell_2.Cylinder Cylinder has to have 'Simulate Physics' enabled if you'd like to AddTorque. 
[2022.04.05-13.46.15:179][763]LogBlueprintUserMessages: [torque_wheell_2] 69
[2022.04.05-13.46.15:196][764]PIE: Warning: torque_wheell_2.Cylinder Cylinder has to have 'Simulate Physics' enabled if you'd like to AddTorque. 
[2022.04.05-13.46.15:196][764]LogBlueprintUserMessages: [torque_wheell_2] 70
[2022.04.05-13.46.15:213][765]PIE: Warning: torque_wheell_2.Cylinder Cylinder has to have 'Simulate Physics' enabled if you'd like to AddTorque. 
[2022.04.05-13.46.15:213][765]LogBlueprintUserMessages: [torque_wheell_2] 71
[2022.04.05-13.46.15:229][766]PIE: Warning: torque_wheell_2.Cylinder Cylinder has to have 'Simulate Physics' enabled if you'd like to AddTorque. 
[2022.04.05-13.46.15:229][766]LogBlueprintUserMessages: [torque_wheell_2] 72
[2022.04.05-13.46.15:247][767]PIE: Warning: torque_wheell_2.Cylinder Cylinder has to have 'Simulate Physics' enabled if you'd like to AddTorque. 
[2022.04.05-13.46.15:247][767]LogBlueprintUserMessages: [torque_wheell_2] 73
[2022.04.05-13.46.15:263][768]PIE: Warning: torque_wheell_2.Cylinder Cylinder has to have 'Simulate Physics' enabled if you'd like to AddTorque. 
[2022.04.05-13.46.15:263][768]LogBlueprintUserMessages: [torque_wheell_2] 74
[2022.04.05-13.46.15:280][769]PIE: Warning: torque_wheell_2.Cylinder Cylinder has to have 'Simulate Physics' enabled if you'd like to AddTorque. 
[2022.04.05-13.46.15:280][769]LogBlueprintUserMessages: [torque_wheell_2] 75
[2022.04.05-13.46.15:296][770]PIE: Warning: torque_wheell_2.Cylinder Cylinder has to have 'Simulate Physics' enabled if you'd like to AddTorque. 
[2022.04.05-13.46.15:296][770]LogBlueprintUserMessages: [torque_wheell_2] 76
[2022.04.05-13.46.15:313][771]PIE: Warning: torque_wheell_2.Cylinder Cylinder has to have 'Simulate Physics' enabled if you'd like to AddTorque. 
[2022.04.05-13.46.15:313][771]LogBlueprintUserMessages: [torque_wheell_2] 77
[2022.04.05-13.46.15:330][772]PIE: Warning: torque_wheell_2.Cylinder Cylinder has to have 'Simulate Physics' enabled if you'd like to AddTorque. 
[2022.04.05-13.46.15:330][772]LogBlueprintUserMessages: [torque_wheell_2] 78
[2022.04.05-13.46.15:347][773]PIE: Warning: torque_wheell_2.Cylinder Cylinder has to have 'Simulate Physics' enabled if you'd like to AddTorque. 
[2022.04.05-13.46.15:347][773]LogBlueprintUserMessages: [torque_wheell_2] 79
[2022.04.05-13.46.15:363][774]PIE: Warning: torque_wheell_2.Cylinder Cylinder has to have 'Simulate Physics' enabled if you'd like to AddTorque. 
[2022.04.05-13.46.15:363][774]LogBlueprintUserMessages: [torque_wheell_2] 80
[2022.04.05-13.46.15:380][775]PIE: Warning: torque_wheell_2.Cylinder Cylinder has to have 'Simulate Physics' enabled if you'd like to AddTorque. 
[2022.04.05-13.46.15:380][775]LogBlueprintUserMessages: [torque_wheell_2] 81
[2022.04.05-13.46.15:397][776]PIE: Warning: torque_wheell_2.Cylinder Cylinder has to have 'Simulate Physics' enabled if you'd like to AddTorque. 
[2022.04.05-13.46.15:397][776]LogBlueprintUserMessages: [torque_wheell_2] 82
[2022.04.05-13.46.15:413][777]PIE: Warning: torque_wheell_2.Cylinder Cylinder has to have 'Simulate Physics' enabled if you'd like to AddTorque. 
[2022.04.05-13.46.15:413][777]LogBlueprintUserMessages: [torque_wheell_2] 83
[2022.04.05-13.46.15:430][778]PIE: Warning: torque_wheell_2.Cylinder Cylinder has to have 'Simulate Physics' enabled if you'd like to AddTorque. 
[2022.04.05-13.46.15:430][778]LogBlueprintUserMessages: [torque_wheell_2] 84
[2022.04.05-13.46.15:446][779]PIE: Warning: torque_wheell_2.Cylinder Cylinder has to have 'Simulate Physics' enabled if you'd like to AddTorque. 
[2022.04.05-13.46.15:446][779]LogBlueprintUserMessages: [torque_wheell_2] 85
[2022.04.05-13.46.15:463][780]PIE: Warning: torque_wheell_2.Cylinder Cylinder has to have 'Simulate Physics' enabled if you'd like to AddTorque. 
[2022.04.05-13.46.15:463][780]LogBlueprintUserMessages: [torque_wheell_2] 86
[2022.04.05-13.46.15:480][781]PIE: Warning: torque_wheell_2.Cylinder Cylinder has to have 'Simulate Physics' enabled if you'd like to AddTorque. 
[2022.04.05-13.46.15:480][781]LogBlueprintUserMessages: [torque_wheell_2] 87
[2022.04.05-13.46.15:496][782]PIE: Warning: torque_wheell_2.Cylinder Cylinder has to have 'Simulate Physics' enabled if you'd like to AddTorque. 
[2022.04.05-13.46.15:497][782]LogBlueprintUserMessages: [torque_wheell_2] 88
[2022.04.05-13.46.15:513][783]PIE: Warning: torque_wheell_2.Cylinder Cylinder has to have 'Simulate Physics' enabled if you'd like to AddTorque. 
[2022.04.05-13.46.15:513][783]LogBlueprintUserMessages: [torque_wheell_2] 89
[2022.04.05-13.46.15:530][784]PIE: Warning: torque_wheell_2.Cylinder Cylinder has to have 'Simulate Physics' enabled if you'd like to AddTorque. 
[2022.04.05-13.46.15:530][784]LogBlueprintUserMessages: [torque_wheell_2] 90
[2022.04.05-13.46.15:547][785]PIE: Warning: torque_wheell_2.Cylinder Cylinder has to have 'Simulate Physics' enabled if you'd like to AddTorque. 
[2022.04.05-13.46.15:547][785]LogBlueprintUserMessages: [torque_wheell_2] 91
[2022.04.05-13.46.15:563][786]PIE: Warning: torque_wheell_2.Cylinder Cylinder has to have 'Simulate Physics' enabled if you'd like to AddTorque. 
[2022.04.05-13.46.15:563][786]LogBlueprintUserMessages: [torque_wheell_2] 92
[2022.04.05-13.46.15:580][787]PIE: Warning: torque_wheell_2.Cylinder Cylinder has to have 'Simulate Physics' enabled if you'd like to AddTorque. 
[2022.04.05-13.46.15:580][787]LogBlueprintUserMessages: [torque_wheell_2] 93
[2022.04.05-13.46.15:597][788]PIE: Warning: torque_wheell_2.Cylinder Cylinder has to have 'Simulate Physics' enabled if you'd like to AddTorque. 
[2022.04.05-13.46.15:597][788]LogBlueprintUserMessages: [torque_wheell_2] 94
[2022.04.05-13.46.15:613][789]PIE: Warning: torque_wheell_2.Cylinder Cylinder has to have 'Simulate Physics' enabled if you'd like to AddTorque. 
[2022.04.05-13.46.15:613][789]LogBlueprintUserMessages: [torque_wheell_2] 95
[2022.04.05-13.46.15:630][790]PIE: Warning: torque_wheell_2.Cylinder Cylinder has to have 'Simulate Physics' enabled if you'd like to AddTorque. 
[2022.04.05-13.46.15:630][790]LogBlueprintUserMessages: [torque_wheell_2] 96
[2022.04.05-13.46.15:647][791]PIE: Warning: torque_wheell_2.Cylinder Cylinder has to have 'Simulate Physics' enabled if you'd like to AddTorque. 
[2022.04.05-13.46.15:647][791]LogBlueprintUserMessages: [torque_wheell_2] 97
[2022.04.05-13.46.15:663][792]PIE: Warning: torque_wheell_2.Cylinder Cylinder has to have 'Simulate Physics' enabled if you'd like to AddTorque. 
[2022.04.05-13.46.15:663][792]LogBlueprintUserMessages: [torque_wheell_2] 98
[2022.04.05-13.46.15:680][793]PIE: Warning: torque_wheell_2.Cylinder Cylinder has to have 'Simulate Physics' enabled if you'd like to AddTorque. 
[2022.04.05-13.46.15:680][793]LogBlueprintUserMessages: [torque_wheell_2] 99
[2022.04.05-13.46.15:697][794]PIE: Warning: torque_wheell_2.Cylinder Cylinder has to have 'Simulate Physics' enabled if you'd like to AddTorque. 
[2022.04.05-13.46.15:697][794]LogBlueprintUserMessages: [torque_wheell_2] 100
[2022.04.05-13.46.15:713][795]PIE: Warning: torque_wheell_2.Cylinder Cylinder has to have 'Simulate Physics' enabled if you'd like to AddTorque. 
[2022.04.05-13.46.15:713][795]LogBlueprintUserMessages: [torque_wheell_2] 101
[2022.04.05-13.46.15:730][796]PIE: Warning: torque_wheell_2.Cylinder Cylinder has to have 'Simulate Physics' enabled if you'd like to AddTorque. 
[2022.04.05-13.46.15:730][796]LogBlueprintUserMessages: [torque_wheell_2] 102
[2022.04.05-13.46.15:747][797]PIE: Warning: torque_wheell_2.Cylinder Cylinder has to have 'Simulate Physics' enabled if you'd like to AddTorque. 
[2022.04.05-13.46.15:747][797]LogBlueprintUserMessages: [torque_wheell_2] 103
[2022.04.05-13.46.15:763][798]PIE: Warning: torque_wheell_2.Cylinder Cylinder has to have 'Simulate Physics' enabled if you'd like to AddTorque. 
[2022.04.05-13.46.15:763][798]LogBlueprintUserMessages: [torque_wheell_2] 104
[2022.04.05-13.46.15:780][799]PIE: Warning: torque_wheell_2.Cylinder Cylinder has to have 'Simulate Physics' enabled if you'd like to AddTorque. 
[2022.04.05-13.46.15:780][799]LogBlueprintUserMessages: [torque_wheell_2] 105
[2022.04.05-13.46.15:797][800]PIE: Warning: torque_wheell_2.Cylinder Cylinder has to have 'Simulate Physics' enabled if you'd like to AddTorque. 
[2022.04.05-13.46.15:797][800]LogBlueprintUserMessages: [torque_wheell_2] 106
[2022.04.05-13.46.15:813][801]PIE: Warning: torque_wheell_2.Cylinder Cylinder has to have 'Simulate Physics' enabled if you'd like to AddTorque. 
[2022.04.05-13.46.15:813][801]LogBlueprintUserMessages: [torque_wheell_2] 107
[2022.04.05-13.46.15:830][802]PIE: Warning: torque_wheell_2.Cylinder Cylinder has to have 'Simulate Physics' enabled if you'd like to AddTorque. 
[2022.04.05-13.46.15:830][802]LogBlueprintUserMessages: [torque_wheell_2] 108
[2022.04.05-13.46.15:847][803]PIE: Warning: torque_wheell_2.Cylinder Cylinder has to have 'Simulate Physics' enabled if you'd like to AddTorque. 
[2022.04.05-13.46.15:847][803]LogBlueprintUserMessages: [torque_wheell_2] 109
[2022.04.05-13.46.15:863][804]PIE: Warning: torque_wheell_2.Cylinder Cylinder has to have 'Simulate Physics' enabled if you'd like to AddTorque. 
[2022.04.05-13.46.15:863][804]LogBlueprintUserMessages: [torque_wheell_2] 110
[2022.04.05-13.46.15:880][805]PIE: Warning: torque_wheell_2.Cylinder Cylinder has to have 'Simulate Physics' enabled if you'd like to AddTorque. 
[2022.04.05-13.46.15:880][805]LogBlueprintUserMessages: [torque_wheell_2] 111
[2022.04.05-13.46.15:897][806]PIE: Warning: torque_wheell_2.Cylinder Cylinder has to have 'Simulate Physics' enabled if you'd like to AddTorque. 
[2022.04.05-13.46.15:897][806]LogBlueprintUserMessages: [torque_wheell_2] 112
[2022.04.05-13.46.15:913][807]PIE: Warning: torque_wheell_2.Cylinder Cylinder has to have 'Simulate Physics' enabled if you'd like to AddTorque. 
[2022.04.05-13.46.15:913][807]LogBlueprintUserMessages: [torque_wheell_2] 113
[2022.04.05-13.46.15:930][808]PIE: Warning: torque_wheell_2.Cylinder Cylinder has to have 'Simulate Physics' enabled if you'd like to AddTorque. 
[2022.04.05-13.46.15:930][808]LogBlueprintUserMessages: [torque_wheell_2] 114
[2022.04.05-13.46.15:946][809]PIE: Warning: torque_wheell_2.Cylinder Cylinder has to have 'Simulate Physics' enabled if you'd like to AddTorque. 
[2022.04.05-13.46.15:946][809]LogBlueprintUserMessages: [torque_wheell_2] 115
[2022.04.05-13.46.15:963][810]PIE: Warning: torque_wheell_2.Cylinder Cylinder has to have 'Simulate Physics' enabled if you'd like to AddTorque. 
[2022.04.05-13.46.15:963][810]LogBlueprintUserMessages: [torque_wheell_2] 116
[2022.04.05-13.46.15:980][811]PIE: Warning: torque_wheell_2.Cylinder Cylinder has to have 'Simulate Physics' enabled if you'd like to AddTorque. 
[2022.04.05-13.46.15:980][811]LogBlueprintUserMessages: [torque_wheell_2] 117
[2022.04.05-13.46.15:996][812]PIE: Warning: torque_wheell_2.Cylinder Cylinder has to have 'Simulate Physics' enabled if you'd like to AddTorque. 
[2022.04.05-13.46.15:996][812]LogBlueprintUserMessages: [torque_wheell_2] 118
[2022.04.05-13.46.16:013][813]PIE: Warning: torque_wheell_2.Cylinder Cylinder has to have 'Simulate Physics' enabled if you'd like to AddTorque. 
[2022.04.05-13.46.16:013][813]LogBlueprintUserMessages: [torque_wheell_2] 119
[2022.04.05-13.46.16:030][814]PIE: Warning: torque_wheell_2.Cylinder Cylinder has to have 'Simulate Physics' enabled if you'd like to AddTorque. 
[2022.04.05-13.46.16:030][814]LogBlueprintUserMessages: [torque_wheell_2] 120
[2022.04.05-13.46.16:047][815]PIE: Warning: torque_wheell_2.Cylinder Cylinder has to have 'Simulate Physics' enabled if you'd like to AddTorque. 
[2022.04.05-13.46.16:047][815]LogBlueprintUserMessages: [torque_wheell_2] 121
[2022.04.05-13.46.16:063][816]PIE: Warning: torque_wheell_2.Cylinder Cylinder has to have 'Simulate Physics' enabled if you'd like to AddTorque. 
[2022.04.05-13.46.16:063][816]LogBlueprintUserMessages: [torque_wheell_2] 122
[2022.04.05-13.46.16:080][817]PIE: Warning: torque_wheell_2.Cylinder Cylinder has to have 'Simulate Physics' enabled if you'd like to AddTorque. 
[2022.04.05-13.46.16:080][817]LogBlueprintUserMessages: [torque_wheell_2] 123
[2022.04.05-13.46.16:097][818]PIE: Warning: torque_wheell_2.Cylinder Cylinder has to have 'Simulate Physics' enabled if you'd like to AddTorque. 
[2022.04.05-13.46.16:097][818]LogBlueprintUserMessages: [torque_wheell_2] 124
[2022.04.05-13.46.16:113][819]PIE: Warning: torque_wheell_2.Cylinder Cylinder has to have 'Simulate Physics' enabled if you'd like to AddTorque. 
[2022.04.05-13.46.16:113][819]LogBlueprintUserMessages: [torque_wheell_2] 125
[2022.04.05-13.46.16:130][820]PIE: Warning: torque_wheell_2.Cylinder Cylinder has to have 'Simulate Physics' enabled if you'd like to AddTorque. 
[2022.04.05-13.46.16:130][820]LogBlueprintUserMessages: [torque_wheell_2] 126
[2022.04.05-13.46.16:147][821]PIE: Warning: torque_wheell_2.Cylinder Cylinder has to have 'Simulate Physics' enabled if you'd like to AddTorque. 
[2022.04.05-13.46.16:147][821]LogBlueprintUserMessages: [torque_wheell_2] 127
[2022.04.05-13.46.16:163][822]PIE: Warning: torque_wheell_2.Cylinder Cylinder has to have 'Simulate Physics' enabled if you'd like to AddTorque. 
[2022.04.05-13.46.16:163][822]LogBlueprintUserMessages: [torque_wheell_2] 128
[2022.04.05-13.46.16:179][823]PIE: Warning: torque_wheell_2.Cylinder Cylinder has to have 'Simulate Physics' enabled if you'd like to AddTorque. 
[2022.04.05-13.46.16:180][823]LogBlueprintUserMessages: [torque_wheell_2] 129
[2022.04.05-13.46.16:196][824]PIE: Warning: torque_wheell_2.Cylinder Cylinder has to have 'Simulate Physics' enabled if you'd like to AddTorque. 
[2022.04.05-13.46.16:196][824]LogBlueprintUserMessages: [torque_wheell_2] 130
[2022.04.05-13.46.16:213][825]PIE: Warning: torque_wheell_2.Cylinder Cylinder has to have 'Simulate Physics' enabled if you'd like to AddTorque. 
[2022.04.05-13.46.16:213][825]LogBlueprintUserMessages: [torque_wheell_2] 131
[2022.04.05-13.46.16:230][826]PIE: Warning: torque_wheell_2.Cylinder Cylinder has to have 'Simulate Physics' enabled if you'd like to AddTorque. 
[2022.04.05-13.46.16:230][826]LogBlueprintUserMessages: [torque_wheell_2] 132
[2022.04.05-13.46.16:246][827]PIE: Warning: torque_wheell_2.Cylinder Cylinder has to have 'Simulate Physics' enabled if you'd like to AddTorque. 
[2022.04.05-13.46.16:246][827]LogBlueprintUserMessages: [torque_wheell_2] 133
[2022.04.05-13.46.16:263][828]PIE: Warning: torque_wheell_2.Cylinder Cylinder has to have 'Simulate Physics' enabled if you'd like to AddTorque. 
[2022.04.05-13.46.16:263][828]LogBlueprintUserMessages: [torque_wheell_2] 134
[2022.04.05-13.46.16:280][829]PIE: Warning: torque_wheell_2.Cylinder Cylinder has to have 'Simulate Physics' enabled if you'd like to AddTorque. 
[2022.04.05-13.46.16:280][829]LogBlueprintUserMessages: [torque_wheell_2] 135
[2022.04.05-13.46.16:296][830]PIE: Warning: torque_wheell_2.Cylinder Cylinder has to have 'Simulate Physics' enabled if you'd like to AddTorque. 
[2022.04.05-13.46.16:296][830]LogBlueprintUserMessages: [torque_wheell_2] 136
[2022.04.05-13.46.16:315][831]PIE: Warning: torque_wheell_2.Cylinder Cylinder has to have 'Simulate Physics' enabled if you'd like to AddTorque. 
[2022.04.05-13.46.16:315][831]LogBlueprintUserMessages: [torque_wheell_2] 137
[2022.04.05-13.46.16:330][832]PIE: Warning: torque_wheell_2.Cylinder Cylinder has to have 'Simulate Physics' enabled if you'd like to AddTorque. 
[2022.04.05-13.46.16:330][832]LogBlueprintUserMessages: [torque_wheell_2] 138
[2022.04.05-13.46.16:346][833]PIE: Warning: torque_wheell_2.Cylinder Cylinder has to have 'Simulate Physics' enabled if you'd like to AddTorque. 
[2022.04.05-13.46.16:346][833]LogBlueprintUserMessages: [torque_wheell_2] 139
[2022.04.05-13.46.16:363][834]PIE: Warning: torque_wheell_2.Cylinder Cylinder has to have 'Simulate Physics' enabled if you'd like to AddTorque. 
[2022.04.05-13.46.16:363][834]LogBlueprintUserMessages: [torque_wheell_2] 140
[2022.04.05-13.46.16:380][835]PIE: Warning: torque_wheell_2.Cylinder Cylinder has to have 'Simulate Physics' enabled if you'd like to AddTorque. 
[2022.04.05-13.46.16:380][835]LogBlueprintUserMessages: [torque_wheell_2] 141
[2022.04.05-13.46.16:396][836]PIE: Warning: torque_wheell_2.Cylinder Cylinder has to have 'Simulate Physics' enabled if you'd like to AddTorque. 
[2022.04.05-13.46.16:397][836]LogBlueprintUserMessages: [torque_wheell_2] 142
[2022.04.05-13.46.16:413][837]PIE: Warning: torque_wheell_2.Cylinder Cylinder has to have 'Simulate Physics' enabled if you'd like to AddTorque. 
[2022.04.05-13.46.16:413][837]LogBlueprintUserMessages: [torque_wheell_2] 143
[2022.04.05-13.46.16:430][838]PIE: Warning: torque_wheell_2.Cylinder Cylinder has to have 'Simulate Physics' enabled if you'd like to AddTorque. 
[2022.04.05-13.46.16:430][838]LogBlueprintUserMessages: [torque_wheell_2] 144
[2022.04.05-13.46.16:446][839]PIE: Warning: torque_wheell_2.Cylinder Cylinder has to have 'Simulate Physics' enabled if you'd like to AddTorque. 
[2022.04.05-13.46.16:446][839]LogBlueprintUserMessages: [torque_wheell_2] 145
[2022.04.05-13.46.16:463][840]PIE: Warning: torque_wheell_2.Cylinder Cylinder has to have 'Simulate Physics' enabled if you'd like to AddTorque. 
[2022.04.05-13.46.16:463][840]LogBlueprintUserMessages: [torque_wheell_2] 146
[2022.04.05-13.46.16:480][841]PIE: Warning: torque_wheell_2.Cylinder Cylinder has to have 'Simulate Physics' enabled if you'd like to AddTorque. 
[2022.04.05-13.46.16:480][841]LogBlueprintUserMessages: [torque_wheell_2] 147
[2022.04.05-13.46.16:496][842]PIE: Warning: torque_wheell_2.Cylinder Cylinder has to have 'Simulate Physics' enabled if you'd like to AddTorque. 
[2022.04.05-13.46.16:496][842]LogBlueprintUserMessages: [torque_wheell_2] 148
[2022.04.05-13.46.16:513][843]PIE: Warning: torque_wheell_2.Cylinder Cylinder has to have 'Simulate Physics' enabled if you'd like to AddTorque. 
[2022.04.05-13.46.16:513][843]LogBlueprintUserMessages: [torque_wheell_2] 149
[2022.04.05-13.46.16:530][844]PIE: Warning: torque_wheell_2.Cylinder Cylinder has to have 'Simulate Physics' enabled if you'd like to AddTorque. 
[2022.04.05-13.46.16:530][844]LogBlueprintUserMessages: [torque_wheell_2] 150
[2022.04.05-13.46.16:547][845]PIE: Warning: torque_wheell_2.Cylinder Cylinder has to have 'Simulate Physics' enabled if you'd like to AddTorque. 
[2022.04.05-13.46.16:547][845]LogBlueprintUserMessages: [torque_wheell_2] 151
[2022.04.05-13.46.16:563][846]PIE: Warning: torque_wheell_2.Cylinder Cylinder has to have 'Simulate Physics' enabled if you'd like to AddTorque. 
[2022.04.05-13.46.16:563][846]LogBlueprintUserMessages: [torque_wheell_2] 152
[2022.04.05-13.46.16:580][847]PIE: Warning: torque_wheell_2.Cylinder Cylinder has to have 'Simulate Physics' enabled if you'd like to AddTorque. 
[2022.04.05-13.46.16:580][847]LogBlueprintUserMessages: [torque_wheell_2] 153
[2022.04.05-13.46.16:597][848]PIE: Warning: torque_wheell_2.Cylinder Cylinder has to have 'Simulate Physics' enabled if you'd like to AddTorque. 
[2022.04.05-13.46.16:597][848]LogBlueprintUserMessages: [torque_wheell_2] 154
[2022.04.05-13.46.16:613][849]PIE: Warning: torque_wheell_2.Cylinder Cylinder has to have 'Simulate Physics' enabled if you'd like to AddTorque. 
[2022.04.05-13.46.16:613][849]LogBlueprintUserMessages: [torque_wheell_2] 155
[2022.04.05-13.46.16:630][850]PIE: Warning: torque_wheell_2.Cylinder Cylinder has to have 'Simulate Physics' enabled if you'd like to AddTorque. 
[2022.04.05-13.46.16:630][850]LogBlueprintUserMessages: [torque_wheell_2] 156
[2022.04.05-13.46.16:647][851]PIE: Warning: torque_wheell_2.Cylinder Cylinder has to have 'Simulate Physics' enabled if you'd like to AddTorque. 
[2022.04.05-13.46.16:647][851]LogBlueprintUserMessages: [torque_wheell_2] 157
[2022.04.05-13.46.16:663][852]PIE: Warning: torque_wheell_2.Cylinder Cylinder has to have 'Simulate Physics' enabled if you'd like to AddTorque. 
[2022.04.05-13.46.16:663][852]LogBlueprintUserMessages: [torque_wheell_2] 158
[2022.04.05-13.46.16:680][853]PIE: Warning: torque_wheell_2.Cylinder Cylinder has to have 'Simulate Physics' enabled if you'd like to AddTorque. 
[2022.04.05-13.46.16:680][853]LogBlueprintUserMessages: [torque_wheell_2] 159
[2022.04.05-13.46.16:697][854]PIE: Warning: torque_wheell_2.Cylinder Cylinder has to have 'Simulate Physics' enabled if you'd like to AddTorque. 
[2022.04.05-13.46.16:697][854]LogBlueprintUserMessages: [torque_wheell_2] 160
[2022.04.05-13.46.16:713][855]PIE: Warning: torque_wheell_2.Cylinder Cylinder has to have 'Simulate Physics' enabled if you'd like to AddTorque. 
[2022.04.05-13.46.16:714][855]LogBlueprintUserMessages: [torque_wheell_2] 161
[2022.04.05-13.46.16:730][856]PIE: Warning: torque_wheell_2.Cylinder Cylinder has to have 'Simulate Physics' enabled if you'd like to AddTorque. 
[2022.04.05-13.46.16:730][856]LogBlueprintUserMessages: [torque_wheell_2] 162
[2022.04.05-13.46.16:747][857]PIE: Warning: torque_wheell_2.Cylinder Cylinder has to have 'Simulate Physics' enabled if you'd like to AddTorque. 
[2022.04.05-13.46.16:747][857]LogBlueprintUserMessages: [torque_wheell_2] 163
[2022.04.05-13.46.16:764][858]PIE: Warning: torque_wheell_2.Cylinder Cylinder has to have 'Simulate Physics' enabled if you'd like to AddTorque. 
[2022.04.05-13.46.16:764][858]LogBlueprintUserMessages: [torque_wheell_2] 164
[2022.04.05-13.46.16:780][859]PIE: Warning: torque_wheell_2.Cylinder Cylinder has to have 'Simulate Physics' enabled if you'd like to AddTorque. 
[2022.04.05-13.46.16:780][859]LogBlueprintUserMessages: [torque_wheell_2] 165
[2022.04.05-13.46.16:796][860]PIE: Warning: torque_wheell_2.Cylinder Cylinder has to have 'Simulate Physics' enabled if you'd like to AddTorque. 
[2022.04.05-13.46.16:797][860]LogBlueprintUserMessages: [torque_wheell_2] 166
[2022.04.05-13.46.16:813][861]PIE: Warning: torque_wheell_2.Cylinder Cylinder has to have 'Simulate Physics' enabled if you'd like to AddTorque. 
[2022.04.05-13.46.16:813][861]LogBlueprintUserMessages: [torque_wheell_2] 167
[2022.04.05-13.46.16:830][862]PIE: Warning: torque_wheell_2.Cylinder Cylinder has to have 'Simulate Physics' enabled if you'd like to AddTorque. 
[2022.04.05-13.46.16:830][862]LogBlueprintUserMessages: [torque_wheell_2] 168
[2022.04.05-13.46.16:846][863]PIE: Warning: torque_wheell_2.Cylinder Cylinder has to have 'Simulate Physics' enabled if you'd like to AddTorque. 
[2022.04.05-13.46.16:847][863]LogBlueprintUserMessages: [torque_wheell_2] 169
[2022.04.05-13.46.16:863][864]PIE: Warning: torque_wheell_2.Cylinder Cylinder has to have 'Simulate Physics' enabled if you'd like to AddTorque. 
[2022.04.05-13.46.16:863][864]LogBlueprintUserMessages: [torque_wheell_2] 170
[2022.04.05-13.46.16:880][865]PIE: Warning: torque_wheell_2.Cylinder Cylinder has to have 'Simulate Physics' enabled if you'd like to AddTorque. 
[2022.04.05-13.46.16:880][865]LogBlueprintUserMessages: [torque_wheell_2] 171
[2022.04.05-13.46.16:897][866]PIE: Warning: torque_wheell_2.Cylinder Cylinder has to have 'Simulate Physics' enabled if you'd like to AddTorque. 
[2022.04.05-13.46.16:897][866]LogBlueprintUserMessages: [torque_wheell_2] 172
[2022.04.05-13.46.16:913][867]PIE: Warning: torque_wheell_2.Cylinder Cylinder has to have 'Simulate Physics' enabled if you'd like to AddTorque. 
[2022.04.05-13.46.16:913][867]LogBlueprintUserMessages: [torque_wheell_2] 173
[2022.04.05-13.46.16:930][868]PIE: Warning: torque_wheell_2.Cylinder Cylinder has to have 'Simulate Physics' enabled if you'd like to AddTorque. 
[2022.04.05-13.46.16:930][868]LogBlueprintUserMessages: [torque_wheell_2] 174
[2022.04.05-13.46.16:947][869]PIE: Warning: torque_wheell_2.Cylinder Cylinder has to have 'Simulate Physics' enabled if you'd like to AddTorque. 
[2022.04.05-13.46.16:947][869]LogBlueprintUserMessages: [torque_wheell_2] 175
[2022.04.05-13.46.16:963][870]PIE: Warning: torque_wheell_2.Cylinder Cylinder has to have 'Simulate Physics' enabled if you'd like to AddTorque. 
[2022.04.05-13.46.16:963][870]LogBlueprintUserMessages: [torque_wheell_2] 176
[2022.04.05-13.46.16:980][871]PIE: Warning: torque_wheell_2.Cylinder Cylinder has to have 'Simulate Physics' enabled if you'd like to AddTorque. 
[2022.04.05-13.46.16:980][871]LogBlueprintUserMessages: [torque_wheell_2] 177
[2022.04.05-13.46.16:997][872]PIE: Warning: torque_wheell_2.Cylinder Cylinder has to have 'Simulate Physics' enabled if you'd like to AddTorque. 
[2022.04.05-13.46.16:997][872]LogBlueprintUserMessages: [torque_wheell_2] 178
[2022.04.05-13.46.17:013][873]PIE: Warning: torque_wheell_2.Cylinder Cylinder has to have 'Simulate Physics' enabled if you'd like to AddTorque. 
[2022.04.05-13.46.17:013][873]LogBlueprintUserMessages: [torque_wheell_2] 179
[2022.04.05-13.46.17:030][874]PIE: Warning: torque_wheell_2.Cylinder Cylinder has to have 'Simulate Physics' enabled if you'd like to AddTorque. 
[2022.04.05-13.46.17:030][874]LogBlueprintUserMessages: [torque_wheell_2] 180
[2022.04.05-13.46.17:047][875]PIE: Warning: torque_wheell_2.Cylinder Cylinder has to have 'Simulate Physics' enabled if you'd like to AddTorque. 
[2022.04.05-13.46.17:047][875]LogBlueprintUserMessages: [torque_wheell_2] 181
[2022.04.05-13.46.17:063][876]PIE: Warning: torque_wheell_2.Cylinder Cylinder has to have 'Simulate Physics' enabled if you'd like to AddTorque. 
[2022.04.05-13.46.17:063][876]LogBlueprintUserMessages: [torque_wheell_2] 182
[2022.04.05-13.46.17:080][877]PIE: Warning: torque_wheell_2.Cylinder Cylinder has to have 'Simulate Physics' enabled if you'd like to AddTorque. 
[2022.04.05-13.46.17:080][877]LogBlueprintUserMessages: [torque_wheell_2] 183
[2022.04.05-13.46.17:097][878]PIE: Warning: torque_wheell_2.Cylinder Cylinder has to have 'Simulate Physics' enabled if you'd like to AddTorque. 
[2022.04.05-13.46.17:097][878]LogBlueprintUserMessages: [torque_wheell_2] 184
[2022.04.05-13.46.17:113][879]PIE: Warning: torque_wheell_2.Cylinder Cylinder has to have 'Simulate Physics' enabled if you'd like to AddTorque. 
[2022.04.05-13.46.17:113][879]LogBlueprintUserMessages: [torque_wheell_2] 185
[2022.04.05-13.46.17:130][880]PIE: Warning: torque_wheell_2.Cylinder Cylinder has to have 'Simulate Physics' enabled if you'd like to AddTorque. 
[2022.04.05-13.46.17:130][880]LogBlueprintUserMessages: [torque_wheell_2] 186
[2022.04.05-13.46.17:147][881]PIE: Warning: torque_wheell_2.Cylinder Cylinder has to have 'Simulate Physics' enabled if you'd like to AddTorque. 
[2022.04.05-13.46.17:147][881]LogBlueprintUserMessages: [torque_wheell_2] 187
[2022.04.05-13.46.17:163][882]PIE: Warning: torque_wheell_2.Cylinder Cylinder has to have 'Simulate Physics' enabled if you'd like to AddTorque. 
[2022.04.05-13.46.17:163][882]LogBlueprintUserMessages: [torque_wheell_2] 188
[2022.04.05-13.46.17:180][883]PIE: Warning: torque_wheell_2.Cylinder Cylinder has to have 'Simulate Physics' enabled if you'd like to AddTorque. 
[2022.04.05-13.46.17:180][883]LogBlueprintUserMessages: [torque_wheell_2] 189
[2022.04.05-13.46.17:197][884]PIE: Warning: torque_wheell_2.Cylinder Cylinder has to have 'Simulate Physics' enabled if you'd like to AddTorque. 
[2022.04.05-13.46.17:197][884]LogBlueprintUserMessages: [torque_wheell_2] 190
[2022.04.05-13.46.17:213][885]PIE: Warning: torque_wheell_2.Cylinder Cylinder has to have 'Simulate Physics' enabled if you'd like to AddTorque. 
[2022.04.05-13.46.17:213][885]LogBlueprintUserMessages: [torque_wheell_2] 191
[2022.04.05-13.46.17:230][886]PIE: Warning: torque_wheell_2.Cylinder Cylinder has to have 'Simulate Physics' enabled if you'd like to AddTorque. 
[2022.04.05-13.46.17:230][886]LogBlueprintUserMessages: [torque_wheell_2] 192
[2022.04.05-13.46.17:247][887]PIE: Warning: torque_wheell_2.Cylinder Cylinder has to have 'Simulate Physics' enabled if you'd like to AddTorque. 
[2022.04.05-13.46.17:247][887]LogBlueprintUserMessages: [torque_wheell_2] 193
[2022.04.05-13.46.17:263][888]PIE: Warning: torque_wheell_2.Cylinder Cylinder has to have 'Simulate Physics' enabled if you'd like to AddTorque. 
[2022.04.05-13.46.17:263][888]LogBlueprintUserMessages: [torque_wheell_2] 194
[2022.04.05-13.46.17:280][889]PIE: Warning: torque_wheell_2.Cylinder Cylinder has to have 'Simulate Physics' enabled if you'd like to AddTorque. 
[2022.04.05-13.46.17:280][889]LogBlueprintUserMessages: [torque_wheell_2] 195
[2022.04.05-13.46.17:297][890]PIE: Warning: torque_wheell_2.Cylinder Cylinder has to have 'Simulate Physics' enabled if you'd like to AddTorque. 
[2022.04.05-13.46.17:297][890]LogBlueprintUserMessages: [torque_wheell_2] 196
[2022.04.05-13.46.17:313][891]PIE: Warning: torque_wheell_2.Cylinder Cylinder has to have 'Simulate Physics' enabled if you'd like to AddTorque. 
[2022.04.05-13.46.17:313][891]LogBlueprintUserMessages: [torque_wheell_2] 197
[2022.04.05-13.46.17:330][892]PIE: Warning: torque_wheell_2.Cylinder Cylinder has to have 'Simulate Physics' enabled if you'd like to AddTorque. 
[2022.04.05-13.46.17:330][892]LogBlueprintUserMessages: [torque_wheell_2] 198
[2022.04.05-13.46.17:347][893]PIE: Warning: torque_wheell_2.Cylinder Cylinder has to have 'Simulate Physics' enabled if you'd like to AddTorque. 
[2022.04.05-13.46.17:347][893]LogBlueprintUserMessages: [torque_wheell_2] 199
[2022.04.05-13.46.17:363][894]PIE: Warning: torque_wheell_2.Cylinder Cylinder has to have 'Simulate Physics' enabled if you'd like to AddTorque. 
[2022.04.05-13.46.17:363][894]LogBlueprintUserMessages: [torque_wheell_2] 200
[2022.04.05-13.46.17:380][895]PIE: Warning: torque_wheell_2.Cylinder Cylinder has to have 'Simulate Physics' enabled if you'd like to AddTorque. 
[2022.04.05-13.46.17:380][895]LogBlueprintUserMessages: [torque_wheell_2] 201
[2022.04.05-13.46.17:397][896]PIE: Warning: torque_wheell_2.Cylinder Cylinder has to have 'Simulate Physics' enabled if you'd like to AddTorque. 
[2022.04.05-13.46.17:397][896]LogBlueprintUserMessages: [torque_wheell_2] 202
[2022.04.05-13.46.17:413][897]PIE: Warning: torque_wheell_2.Cylinder Cylinder has to have 'Simulate Physics' enabled if you'd like to AddTorque. 
[2022.04.05-13.46.17:413][897]LogBlueprintUserMessages: [torque_wheell_2] 203
[2022.04.05-13.46.17:430][898]PIE: Warning: torque_wheell_2.Cylinder Cylinder has to have 'Simulate Physics' enabled if you'd like to AddTorque. 
[2022.04.05-13.46.17:430][898]LogBlueprintUserMessages: [torque_wheell_2] 204
[2022.04.05-13.46.17:447][899]PIE: Warning: torque_wheell_2.Cylinder Cylinder has to have 'Simulate Physics' enabled if you'd like to AddTorque. 
[2022.04.05-13.46.17:447][899]LogBlueprintUserMessages: [torque_wheell_2] 205
[2022.04.05-13.46.17:463][900]PIE: Warning: torque_wheell_2.Cylinder Cylinder has to have 'Simulate Physics' enabled if you'd like to AddTorque. 
[2022.04.05-13.46.17:463][900]LogBlueprintUserMessages: [torque_wheell_2] 206
[2022.04.05-13.46.17:480][901]PIE: Warning: torque_wheell_2.Cylinder Cylinder has to have 'Simulate Physics' enabled if you'd like to AddTorque. 
[2022.04.05-13.46.17:480][901]LogBlueprintUserMessages: [torque_wheell_2] 207
[2022.04.05-13.46.17:497][902]PIE: Warning: torque_wheell_2.Cylinder Cylinder has to have 'Simulate Physics' enabled if you'd like to AddTorque. 
[2022.04.05-13.46.17:497][902]LogBlueprintUserMessages: [torque_wheell_2] 208
[2022.04.05-13.46.17:513][903]PIE: Warning: torque_wheell_2.Cylinder Cylinder has to have 'Simulate Physics' enabled if you'd like to AddTorque. 
[2022.04.05-13.46.17:513][903]LogBlueprintUserMessages: [torque_wheell_2] 209
[2022.04.05-13.46.17:530][904]PIE: Warning: torque_wheell_2.Cylinder Cylinder has to have 'Simulate Physics' enabled if you'd like to AddTorque. 
[2022.04.05-13.46.17:530][904]LogBlueprintUserMessages: [torque_wheell_2] 210
[2022.04.05-13.46.17:547][905]PIE: Warning: torque_wheell_2.Cylinder Cylinder has to have 'Simulate Physics' enabled if you'd like to AddTorque. 
[2022.04.05-13.46.17:547][905]LogBlueprintUserMessages: [torque_wheell_2] 211
[2022.04.05-13.46.17:564][906]PIE: Warning: torque_wheell_2.Cylinder Cylinder has to have 'Simulate Physics' enabled if you'd like to AddTorque. 
[2022.04.05-13.46.17:564][906]LogBlueprintUserMessages: [torque_wheell_2] 212
[2022.04.05-13.46.17:581][907]PIE: Warning: torque_wheell_2.Cylinder Cylinder has to have 'Simulate Physics' enabled if you'd like to AddTorque. 
[2022.04.05-13.46.17:581][907]LogBlueprintUserMessages: [torque_wheell_2] 213
[2022.04.05-13.46.17:597][908]PIE: Warning: torque_wheell_2.Cylinder Cylinder has to have 'Simulate Physics' enabled if you'd like to AddTorque. 
[2022.04.05-13.46.17:597][908]LogBlueprintUserMessages: [torque_wheell_2] 214
[2022.04.05-13.46.17:614][909]PIE: Warning: torque_wheell_2.Cylinder Cylinder has to have 'Simulate Physics' enabled if you'd like to AddTorque. 
[2022.04.05-13.46.17:614][909]LogBlueprintUserMessages: [torque_wheell_2] 215
[2022.04.05-13.46.17:630][910]PIE: Warning: torque_wheell_2.Cylinder Cylinder has to have 'Simulate Physics' enabled if you'd like to AddTorque. 
[2022.04.05-13.46.17:630][910]LogBlueprintUserMessages: [torque_wheell_2] 216
[2022.04.05-13.46.17:647][911]PIE: Warning: torque_wheell_2.Cylinder Cylinder has to have 'Simulate Physics' enabled if you'd like to AddTorque. 
[2022.04.05-13.46.17:647][911]LogBlueprintUserMessages: [torque_wheell_2] 217
[2022.04.05-13.46.17:664][912]PIE: Warning: torque_wheell_2.Cylinder Cylinder has to have 'Simulate Physics' enabled if you'd like to AddTorque. 
[2022.04.05-13.46.17:664][912]LogBlueprintUserMessages: [torque_wheell_2] 218
[2022.04.05-13.46.17:680][913]PIE: Warning: torque_wheell_2.Cylinder Cylinder has to have 'Simulate Physics' enabled if you'd like to AddTorque. 
[2022.04.05-13.46.17:680][913]LogBlueprintUserMessages: [torque_wheell_2] 219
[2022.04.05-13.46.17:697][914]PIE: Warning: torque_wheell_2.Cylinder Cylinder has to have 'Simulate Physics' enabled if you'd like to AddTorque. 
[2022.04.05-13.46.17:697][914]LogBlueprintUserMessages: [torque_wheell_2] 220
[2022.04.05-13.46.17:713][915]PIE: Warning: torque_wheell_2.Cylinder Cylinder has to have 'Simulate Physics' enabled if you'd like to AddTorque. 
[2022.04.05-13.46.17:713][915]LogBlueprintUserMessages: [torque_wheell_2] 221
[2022.04.05-13.46.17:730][916]PIE: Warning: torque_wheell_2.Cylinder Cylinder has to have 'Simulate Physics' enabled if you'd like to AddTorque. 
[2022.04.05-13.46.17:730][916]LogBlueprintUserMessages: [torque_wheell_2] 222
[2022.04.05-13.46.17:747][917]PIE: Warning: torque_wheell_2.Cylinder Cylinder has to have 'Simulate Physics' enabled if you'd like to AddTorque. 
[2022.04.05-13.46.17:747][917]LogBlueprintUserMessages: [torque_wheell_2] 223
[2022.04.05-13.46.17:763][918]PIE: Warning: torque_wheell_2.Cylinder Cylinder has to have 'Simulate Physics' enabled if you'd like to AddTorque. 
[2022.04.05-13.46.17:763][918]LogBlueprintUserMessages: [torque_wheell_2] 224
[2022.04.05-13.46.17:780][919]PIE: Warning: torque_wheell_2.Cylinder Cylinder has to have 'Simulate Physics' enabled if you'd like to AddTorque. 
[2022.04.05-13.46.17:780][919]LogBlueprintUserMessages: [torque_wheell_2] 225
[2022.04.05-13.46.17:797][920]PIE: Warning: torque_wheell_2.Cylinder Cylinder has to have 'Simulate Physics' enabled if you'd like to AddTorque. 
[2022.04.05-13.46.17:797][920]LogBlueprintUserMessages: [torque_wheell_2] 226
[2022.04.05-13.46.17:813][921]PIE: Warning: torque_wheell_2.Cylinder Cylinder has to have 'Simulate Physics' enabled if you'd like to AddTorque. 
[2022.04.05-13.46.17:813][921]LogBlueprintUserMessages: [torque_wheell_2] 227
[2022.04.05-13.46.17:829][922]PIE: Warning: torque_wheell_2.Cylinder Cylinder has to have 'Simulate Physics' enabled if you'd like to AddTorque. 
[2022.04.05-13.46.17:830][922]LogBlueprintUserMessages: [torque_wheell_2] 228
[2022.04.05-13.46.17:846][923]PIE: Warning: torque_wheell_2.Cylinder Cylinder has to have 'Simulate Physics' enabled if you'd like to AddTorque. 
[2022.04.05-13.46.17:847][923]LogBlueprintUserMessages: [torque_wheell_2] 229
[2022.04.05-13.46.17:863][924]PIE: Warning: torque_wheell_2.Cylinder Cylinder has to have 'Simulate Physics' enabled if you'd like to AddTorque. 
[2022.04.05-13.46.17:863][924]LogBlueprintUserMessages: [torque_wheell_2] 230
[2022.04.05-13.46.17:879][925]PIE: Warning: torque_wheell_2.Cylinder Cylinder has to have 'Simulate Physics' enabled if you'd like to AddTorque. 
[2022.04.05-13.46.17:880][925]LogBlueprintUserMessages: [torque_wheell_2] 231
[2022.04.05-13.46.17:896][926]PIE: Warning: torque_wheell_2.Cylinder Cylinder has to have 'Simulate Physics' enabled if you'd like to AddTorque. 
[2022.04.05-13.46.17:896][926]LogBlueprintUserMessages: [torque_wheell_2] 232
[2022.04.05-13.46.17:913][927]PIE: Warning: torque_wheell_2.Cylinder Cylinder has to have 'Simulate Physics' enabled if you'd like to AddTorque. 
[2022.04.05-13.46.17:913][927]LogBlueprintUserMessages: [torque_wheell_2] 233
[2022.04.05-13.46.17:930][928]PIE: Warning: torque_wheell_2.Cylinder Cylinder has to have 'Simulate Physics' enabled if you'd like to AddTorque. 
[2022.04.05-13.46.17:930][928]LogBlueprintUserMessages: [torque_wheell_2] 234
[2022.04.05-13.46.17:947][929]PIE: Warning: torque_wheell_2.Cylinder Cylinder has to have 'Simulate Physics' enabled if you'd like to AddTorque. 
[2022.04.05-13.46.17:947][929]LogBlueprintUserMessages: [torque_wheell_2] 235
[2022.04.05-13.46.17:963][930]PIE: Warning: torque_wheell_2.Cylinder Cylinder has to have 'Simulate Physics' enabled if you'd like to AddTorque. 
[2022.04.05-13.46.17:963][930]LogBlueprintUserMessages: [torque_wheell_2] 236
[2022.04.05-13.46.17:980][931]PIE: Warning: torque_wheell_2.Cylinder Cylinder has to have 'Simulate Physics' enabled if you'd like to AddTorque. 
[2022.04.05-13.46.17:980][931]LogBlueprintUserMessages: [torque_wheell_2] 237
[2022.04.05-13.46.17:996][932]PIE: Warning: torque_wheell_2.Cylinder Cylinder has to have 'Simulate Physics' enabled if you'd like to AddTorque. 
[2022.04.05-13.46.17:997][932]LogBlueprintUserMessages: [torque_wheell_2] 238
[2022.04.05-13.46.18:014][933]PIE: Warning: torque_wheell_2.Cylinder Cylinder has to have 'Simulate Physics' enabled if you'd like to AddTorque. 
[2022.04.05-13.46.18:014][933]LogBlueprintUserMessages: [torque_wheell_2] 239
[2022.04.05-13.46.18:030][934]PIE: Warning: torque_wheell_2.Cylinder Cylinder has to have 'Simulate Physics' enabled if you'd like to AddTorque. 
[2022.04.05-13.46.18:030][934]LogBlueprintUserMessages: [torque_wheell_2] 240
[2022.04.05-13.46.18:047][935]PIE: Warning: torque_wheell_2.Cylinder Cylinder has to have 'Simulate Physics' enabled if you'd like to AddTorque. 
[2022.04.05-13.46.18:047][935]LogBlueprintUserMessages: [torque_wheell_2] 241
[2022.04.05-13.46.18:064][936]PIE: Warning: torque_wheell_2.Cylinder Cylinder has to have 'Simulate Physics' enabled if you'd like to AddTorque. 
[2022.04.05-13.46.18:064][936]LogBlueprintUserMessages: [torque_wheell_2] 242
[2022.04.05-13.46.18:080][937]PIE: Warning: torque_wheell_2.Cylinder Cylinder has to have 'Simulate Physics' enabled if you'd like to AddTorque. 
[2022.04.05-13.46.18:080][937]LogBlueprintUserMessages: [torque_wheell_2] 243
[2022.04.05-13.46.18:097][938]PIE: Warning: torque_wheell_2.Cylinder Cylinder has to have 'Simulate Physics' enabled if you'd like to AddTorque. 
[2022.04.05-13.46.18:097][938]LogBlueprintUserMessages: [torque_wheell_2] 244
[2022.04.05-13.46.18:114][939]PIE: Warning: torque_wheell_2.Cylinder Cylinder has to have 'Simulate Physics' enabled if you'd like to AddTorque. 
[2022.04.05-13.46.18:114][939]LogBlueprintUserMessages: [torque_wheell_2] 245
[2022.04.05-13.46.18:130][940]PIE: Warning: torque_wheell_2.Cylinder Cylinder has to have 'Simulate Physics' enabled if you'd like to AddTorque. 
[2022.04.05-13.46.18:130][940]LogBlueprintUserMessages: [torque_wheell_2] 246
[2022.04.05-13.46.18:147][941]PIE: Warning: torque_wheell_2.Cylinder Cylinder has to have 'Simulate Physics' enabled if you'd like to AddTorque. 
[2022.04.05-13.46.18:147][941]LogBlueprintUserMessages: [torque_wheell_2] 247
[2022.04.05-13.46.18:164][942]PIE: Warning: torque_wheell_2.Cylinder Cylinder has to have 'Simulate Physics' enabled if you'd like to AddTorque. 
[2022.04.05-13.46.18:164][942]LogBlueprintUserMessages: [torque_wheell_2] 248
[2022.04.05-13.46.18:180][943]PIE: Warning: torque_wheell_2.Cylinder Cylinder has to have 'Simulate Physics' enabled if you'd like to AddTorque. 
[2022.04.05-13.46.18:180][943]LogBlueprintUserMessages: [torque_wheell_2] 249
[2022.04.05-13.46.18:197][944]PIE: Warning: torque_wheell_2.Cylinder Cylinder has to have 'Simulate Physics' enabled if you'd like to AddTorque. 
[2022.04.05-13.46.18:197][944]LogBlueprintUserMessages: [torque_wheell_2] 250
[2022.04.05-13.46.18:213][945]PIE: Warning: torque_wheell_2.Cylinder Cylinder has to have 'Simulate Physics' enabled if you'd like to AddTorque. 
[2022.04.05-13.46.18:213][945]LogBlueprintUserMessages: [torque_wheell_2] 251
[2022.04.05-13.46.18:230][946]PIE: Warning: torque_wheell_2.Cylinder Cylinder has to have 'Simulate Physics' enabled if you'd like to AddTorque. 
[2022.04.05-13.46.18:230][946]LogBlueprintUserMessages: [torque_wheell_2] 252
[2022.04.05-13.46.18:247][947]PIE: Warning: torque_wheell_2.Cylinder Cylinder has to have 'Simulate Physics' enabled if you'd like to AddTorque. 
[2022.04.05-13.46.18:247][947]LogBlueprintUserMessages: [torque_wheell_2] 253
[2022.04.05-13.46.18:263][948]PIE: Warning: torque_wheell_2.Cylinder Cylinder has to have 'Simulate Physics' enabled if you'd like to AddTorque. 
[2022.04.05-13.46.18:263][948]LogBlueprintUserMessages: [torque_wheell_2] 254
[2022.04.05-13.46.18:280][949]PIE: Warning: torque_wheell_2.Cylinder Cylinder has to have 'Simulate Physics' enabled if you'd like to AddTorque. 
[2022.04.05-13.46.18:280][949]LogBlueprintUserMessages: [torque_wheell_2] 255
[2022.04.05-13.46.18:296][950]PIE: Warning: torque_wheell_2.Cylinder Cylinder has to have 'Simulate Physics' enabled if you'd like to AddTorque. 
[2022.04.05-13.46.18:297][950]LogBlueprintUserMessages: [torque_wheell_2] 256
[2022.04.05-13.46.18:313][951]PIE: Warning: torque_wheell_2.Cylinder Cylinder has to have 'Simulate Physics' enabled if you'd like to AddTorque. 
[2022.04.05-13.46.18:313][951]LogBlueprintUserMessages: [torque_wheell_2] 257
[2022.04.05-13.46.18:330][952]PIE: Warning: torque_wheell_2.Cylinder Cylinder has to have 'Simulate Physics' enabled if you'd like to AddTorque. 
[2022.04.05-13.46.18:330][952]LogBlueprintUserMessages: [torque_wheell_2] 258
[2022.04.05-13.46.18:346][953]PIE: Warning: torque_wheell_2.Cylinder Cylinder has to have 'Simulate Physics' enabled if you'd like to AddTorque. 
[2022.04.05-13.46.18:347][953]LogBlueprintUserMessages: [torque_wheell_2] 259
[2022.04.05-13.46.18:363][954]PIE: Warning: torque_wheell_2.Cylinder Cylinder has to have 'Simulate Physics' enabled if you'd like to AddTorque. 
[2022.04.05-13.46.18:363][954]LogBlueprintUserMessages: [torque_wheell_2] 260
[2022.04.05-13.46.18:380][955]PIE: Warning: torque_wheell_2.Cylinder Cylinder has to have 'Simulate Physics' enabled if you'd like to AddTorque. 
[2022.04.05-13.46.18:380][955]LogBlueprintUserMessages: [torque_wheell_2] 261
[2022.04.05-13.46.18:397][956]PIE: Warning: torque_wheell_2.Cylinder Cylinder has to have 'Simulate Physics' enabled if you'd like to AddTorque. 
[2022.04.05-13.46.18:397][956]LogBlueprintUserMessages: [torque_wheell_2] 262
[2022.04.05-13.46.18:413][957]PIE: Warning: torque_wheell_2.Cylinder Cylinder has to have 'Simulate Physics' enabled if you'd like to AddTorque. 
[2022.04.05-13.46.18:413][957]LogBlueprintUserMessages: [torque_wheell_2] 263
[2022.04.05-13.46.18:430][958]PIE: Warning: torque_wheell_2.Cylinder Cylinder has to have 'Simulate Physics' enabled if you'd like to AddTorque. 
[2022.04.05-13.46.18:430][958]LogBlueprintUserMessages: [torque_wheell_2] 264
[2022.04.05-13.46.18:446][959]PIE: Warning: torque_wheell_2.Cylinder Cylinder has to have 'Simulate Physics' enabled if you'd like to AddTorque. 
[2022.04.05-13.46.18:446][959]LogBlueprintUserMessages: [torque_wheell_2] 265
[2022.04.05-13.46.18:463][960]PIE: Warning: torque_wheell_2.Cylinder Cylinder has to have 'Simulate Physics' enabled if you'd like to AddTorque. 
[2022.04.05-13.46.18:463][960]LogBlueprintUserMessages: [torque_wheell_2] 266
[2022.04.05-13.46.18:480][961]PIE: Warning: torque_wheell_2.Cylinder Cylinder has to have 'Simulate Physics' enabled if you'd like to AddTorque. 
[2022.04.05-13.46.18:480][961]LogBlueprintUserMessages: [torque_wheell_2] 267
[2022.04.05-13.46.18:496][962]PIE: Warning: torque_wheell_2.Cylinder Cylinder has to have 'Simulate Physics' enabled if you'd like to AddTorque. 
[2022.04.05-13.46.18:497][962]LogBlueprintUserMessages: [torque_wheell_2] 268
[2022.04.05-13.46.18:513][963]PIE: Warning: torque_wheell_2.Cylinder Cylinder has to have 'Simulate Physics' enabled if you'd like to AddTorque. 
[2022.04.05-13.46.18:513][963]LogBlueprintUserMessages: [torque_wheell_2] 269
[2022.04.05-13.46.18:530][964]PIE: Warning: torque_wheell_2.Cylinder Cylinder has to have 'Simulate Physics' enabled if you'd like to AddTorque. 
[2022.04.05-13.46.18:530][964]LogBlueprintUserMessages: [torque_wheell_2] 270
[2022.04.05-13.46.18:546][965]PIE: Warning: torque_wheell_2.Cylinder Cylinder has to have 'Simulate Physics' enabled if you'd like to AddTorque. 
[2022.04.05-13.46.18:546][965]LogBlueprintUserMessages: [torque_wheell_2] 271
[2022.04.05-13.46.18:563][966]PIE: Warning: torque_wheell_2.Cylinder Cylinder has to have 'Simulate Physics' enabled if you'd like to AddTorque. 
[2022.04.05-13.46.18:563][966]LogBlueprintUserMessages: [torque_wheell_2] 272
[2022.04.05-13.46.18:580][967]PIE: Warning: torque_wheell_2.Cylinder Cylinder has to have 'Simulate Physics' enabled if you'd like to AddTorque. 
[2022.04.05-13.46.18:580][967]LogBlueprintUserMessages: [torque_wheell_2] 273
[2022.04.05-13.46.18:596][968]PIE: Warning: torque_wheell_2.Cylinder Cylinder has to have 'Simulate Physics' enabled if you'd like to AddTorque. 
[2022.04.05-13.46.18:596][968]LogBlueprintUserMessages: [torque_wheell_2] 274
[2022.04.05-13.46.18:613][969]PIE: Warning: torque_wheell_2.Cylinder Cylinder has to have 'Simulate Physics' enabled if you'd like to AddTorque. 
[2022.04.05-13.46.18:613][969]LogBlueprintUserMessages: [torque_wheell_2] 275
[2022.04.05-13.46.18:630][970]PIE: Warning: torque_wheell_2.Cylinder Cylinder has to have 'Simulate Physics' enabled if you'd like to AddTorque. 
[2022.04.05-13.46.18:630][970]LogBlueprintUserMessages: [torque_wheell_2] 276
[2022.04.05-13.46.18:646][971]PIE: Warning: torque_wheell_2.Cylinder Cylinder has to have 'Simulate Physics' enabled if you'd like to AddTorque. 
[2022.04.05-13.46.18:646][971]LogBlueprintUserMessages: [torque_wheell_2] 277
[2022.04.05-13.46.18:663][972]PIE: Warning: torque_wheell_2.Cylinder Cylinder has to have 'Simulate Physics' enabled if you'd like to AddTorque. 
[2022.04.05-13.46.18:663][972]LogBlueprintUserMessages: [torque_wheell_2] 278
[2022.04.05-13.46.18:680][973]PIE: Warning: torque_wheell_2.Cylinder Cylinder has to have 'Simulate Physics' enabled if you'd like to AddTorque. 
[2022.04.05-13.46.18:680][973]LogBlueprintUserMessages: [torque_wheell_2] 279
[2022.04.05-13.46.18:696][974]PIE: Warning: torque_wheell_2.Cylinder Cylinder has to have 'Simulate Physics' enabled if you'd like to AddTorque. 
[2022.04.05-13.46.18:696][974]LogBlueprintUserMessages: [torque_wheell_2] 280
[2022.04.05-13.46.18:713][975]PIE: Warning: torque_wheell_2.Cylinder Cylinder has to have 'Simulate Physics' enabled if you'd like to AddTorque. 
[2022.04.05-13.46.18:713][975]LogBlueprintUserMessages: [torque_wheell_2] 281
[2022.04.05-13.46.18:730][976]PIE: Warning: torque_wheell_2.Cylinder Cylinder has to have 'Simulate Physics' enabled if you'd like to AddTorque. 
[2022.04.05-13.46.18:730][976]LogBlueprintUserMessages: [torque_wheell_2] 282
[2022.04.05-13.46.18:746][977]PIE: Warning: torque_wheell_2.Cylinder Cylinder has to have 'Simulate Physics' enabled if you'd like to AddTorque. 
[2022.04.05-13.46.18:746][977]LogBlueprintUserMessages: [torque_wheell_2] 283
[2022.04.05-13.46.18:763][978]PIE: Warning: torque_wheell_2.Cylinder Cylinder has to have 'Simulate Physics' enabled if you'd like to AddTorque. 
[2022.04.05-13.46.18:763][978]LogBlueprintUserMessages: [torque_wheell_2] 284
[2022.04.05-13.46.18:780][979]PIE: Warning: torque_wheell_2.Cylinder Cylinder has to have 'Simulate Physics' enabled if you'd like to AddTorque. 
[2022.04.05-13.46.18:780][979]LogBlueprintUserMessages: [torque_wheell_2] 285
[2022.04.05-13.46.18:797][980]PIE: Warning: torque_wheell_2.Cylinder Cylinder has to have 'Simulate Physics' enabled if you'd like to AddTorque. 
[2022.04.05-13.46.18:797][980]LogBlueprintUserMessages: [torque_wheell_2] 286
[2022.04.05-13.46.18:813][981]PIE: Warning: torque_wheell_2.Cylinder Cylinder has to have 'Simulate Physics' enabled if you'd like to AddTorque. 
[2022.04.05-13.46.18:813][981]LogBlueprintUserMessages: [torque_wheell_2] 287
[2022.04.05-13.46.18:829][982]PIE: Warning: torque_wheell_2.Cylinder Cylinder has to have 'Simulate Physics' enabled if you'd like to AddTorque. 
[2022.04.05-13.46.18:829][982]LogBlueprintUserMessages: [torque_wheell_2] 288
[2022.04.05-13.46.18:846][983]PIE: Warning: torque_wheell_2.Cylinder Cylinder has to have 'Simulate Physics' enabled if you'd like to AddTorque. 
[2022.04.05-13.46.18:846][983]LogBlueprintUserMessages: [torque_wheell_2] 289
[2022.04.05-13.46.18:863][984]PIE: Warning: torque_wheell_2.Cylinder Cylinder has to have 'Simulate Physics' enabled if you'd like to AddTorque. 
[2022.04.05-13.46.18:863][984]LogBlueprintUserMessages: [torque_wheell_2] 290
[2022.04.05-13.46.18:880][985]PIE: Warning: torque_wheell_2.Cylinder Cylinder has to have 'Simulate Physics' enabled if you'd like to AddTorque. 
[2022.04.05-13.46.18:880][985]LogBlueprintUserMessages: [torque_wheell_2] 291
[2022.04.05-13.46.18:896][986]PIE: Warning: torque_wheell_2.Cylinder Cylinder has to have 'Simulate Physics' enabled if you'd like to AddTorque. 
[2022.04.05-13.46.18:896][986]LogBlueprintUserMessages: [torque_wheell_2] 292
[2022.04.05-13.46.18:913][987]PIE: Warning: torque_wheell_2.Cylinder Cylinder has to have 'Simulate Physics' enabled if you'd like to AddTorque. 
[2022.04.05-13.46.18:913][987]LogBlueprintUserMessages: [torque_wheell_2] 293
[2022.04.05-13.46.18:930][988]PIE: Warning: torque_wheell_2.Cylinder Cylinder has to have 'Simulate Physics' enabled if you'd like to AddTorque. 
[2022.04.05-13.46.18:930][988]LogBlueprintUserMessages: [torque_wheell_2] 294
[2022.04.05-13.46.18:946][989]PIE: Warning: torque_wheell_2.Cylinder Cylinder has to have 'Simulate Physics' enabled if you'd like to AddTorque. 
[2022.04.05-13.46.18:946][989]LogBlueprintUserMessages: [torque_wheell_2] 295
[2022.04.05-13.46.18:963][990]PIE: Warning: torque_wheell_2.Cylinder Cylinder has to have 'Simulate Physics' enabled if you'd like to AddTorque. 
[2022.04.05-13.46.18:963][990]LogBlueprintUserMessages: [torque_wheell_2] 296
[2022.04.05-13.46.18:980][991]PIE: Warning: torque_wheell_2.Cylinder Cylinder has to have 'Simulate Physics' enabled if you'd like to AddTorque. 
[2022.04.05-13.46.18:980][991]LogBlueprintUserMessages: [torque_wheell_2] 297
[2022.04.05-13.46.18:997][992]PIE: Warning: torque_wheell_2.Cylinder Cylinder has to have 'Simulate Physics' enabled if you'd like to AddTorque. 
[2022.04.05-13.46.18:997][992]LogBlueprintUserMessages: [torque_wheell_2] 298
[2022.04.05-13.46.19:013][993]PIE: Warning: torque_wheell_2.Cylinder Cylinder has to have 'Simulate Physics' enabled if you'd like to AddTorque. 
[2022.04.05-13.46.19:013][993]LogBlueprintUserMessages: [torque_wheell_2] 299
[2022.04.05-13.46.19:030][994]PIE: Warning: torque_wheell_2.Cylinder Cylinder has to have 'Simulate Physics' enabled if you'd like to AddTorque. 
[2022.04.05-13.46.19:030][994]LogBlueprintUserMessages: [torque_wheell_2] 300
[2022.04.05-13.46.19:047][995]PIE: Warning: torque_wheell_2.Cylinder Cylinder has to have 'Simulate Physics' enabled if you'd like to AddTorque. 
[2022.04.05-13.46.19:047][995]LogBlueprintUserMessages: [torque_wheell_2] 301
[2022.04.05-13.46.19:064][996]PIE: Warning: torque_wheell_2.Cylinder Cylinder has to have 'Simulate Physics' enabled if you'd like to AddTorque. 
[2022.04.05-13.46.19:064][996]LogBlueprintUserMessages: [torque_wheell_2] 302
[2022.04.05-13.46.19:080][997]PIE: Warning: torque_wheell_2.Cylinder Cylinder has to have 'Simulate Physics' enabled if you'd like to AddTorque. 
[2022.04.05-13.46.19:080][997]LogBlueprintUserMessages: [torque_wheell_2] 303
[2022.04.05-13.46.19:096][998]PIE: Warning: torque_wheell_2.Cylinder Cylinder has to have 'Simulate Physics' enabled if you'd like to AddTorque. 
[2022.04.05-13.46.19:096][998]LogBlueprintUserMessages: [torque_wheell_2] 304
[2022.04.05-13.46.19:113][999]PIE: Warning: torque_wheell_2.Cylinder Cylinder has to have 'Simulate Physics' enabled if you'd like to AddTorque. 
[2022.04.05-13.46.19:113][999]LogBlueprintUserMessages: [torque_wheell_2] 305
[2022.04.05-13.46.19:130][  0]PIE: Warning: torque_wheell_2.Cylinder Cylinder has to have 'Simulate Physics' enabled if you'd like to AddTorque. 
[2022.04.05-13.46.19:130][  0]LogBlueprintUserMessages: [torque_wheell_2] 306
[2022.04.05-13.46.19:146][  1]PIE: Warning: torque_wheell_2.Cylinder Cylinder has to have 'Simulate Physics' enabled if you'd like to AddTorque. 
[2022.04.05-13.46.19:146][  1]LogBlueprintUserMessages: [torque_wheell_2] 307
[2022.04.05-13.46.19:163][  2]PIE: Warning: torque_wheell_2.Cylinder Cylinder has to have 'Simulate Physics' enabled if you'd like to AddTorque. 
[2022.04.05-13.46.19:163][  2]LogBlueprintUserMessages: [torque_wheell_2] 308
[2022.04.05-13.46.19:199][  2]LogSlate: Updating window title bar state: overlay mode, drag disabled, window buttons hidden, title bar hidden
[2022.04.05-13.46.19:200][  2]LogWorld: BeginTearingDown for /Game/VRTemplate/Maps/UEDPIE_0_VRTemplateMap
[2022.04.05-13.46.19:200][  2]LogWorld: UWorld::CleanupWorld for VRTemplateMap, bSessionEnded=true, bCleanupResources=true
[2022.04.05-13.46.19:201][  2]LogSlate: InvalidateAllWidgets triggered.  All widgets were invalidated
[2022.04.05-13.46.19:214][  2]LogPlayLevel: Display: Shutting down PIE online subsystems
[2022.04.05-13.46.19:251][  2]LogSlate: InvalidateAllWidgets triggered.  All widgets were invalidated
[2022.04.05-13.46.19:272][  2]LogAudio: Display: Audio Device unregistered from world 'None'.
[2022.04.05-13.46.19:272][  2]LogResonanceAudio: Display: Resonance Audio Listener is shutdown
[2022.04.05-13.46.19:272][  2]LogAudioMixer: FMixerPlatformXAudio2::StopAudioStream() called
[2022.04.05-13.46.19:273][  2]LogAudioMixer: FMixerPlatformXAudio2::StopAudioStream() called
[2022.04.05-13.46.19:275][  2]LogSlate: Updating window title bar state: overlay mode, drag disabled, window buttons hidden, title bar hidden
[2022.04.05-13.46.19:279][  2]LogSlate: Slate User Unregistered.  User Index 8
[2022.04.05-13.46.19:279][  2]LogSlate: Slate User Destroyed.  User Index 8, Is Virtual User: 1
[2022.04.05-13.46.19:282][  2]LogUObjectHash: Compacting FUObjectHashTables data took   2.40ms
[2022.04.05-13.46.19:355][  3]LogPlayLevel: Display: Destroying online subsystem :Context_10
[2022.04.05-13.46.20:703][ 77]LogSlate: Window 'Message Log' being destroyed
[2022.04.05-13.46.20:706][ 77]LogSlate: Window 'Message Log' being destroyed
[2022.04.05-13.46.38:339][113]BlueprintLog: New page: Compile torque_wheell
[2022.04.05-13.46.38:379][113]LogUObjectHash: Compacting FUObjectHashTables data took   2.55ms
[2022.04.05-13.47.13:821][222]LogUObjectHash: Compacting FUObjectHashTables data took   3.14ms
[2022.04.05-13.47.13:928][222]LogSavePackage: Moving '../../../../../../Users/qwe_o/Documents/GitHub/P8ToBeAnnounced/P8_VR_Home/Saved/VRTemplateMap_Auto280B5963843B51D97648D0E9CD78C2254.tmp' to '../../../../../../Users/qwe_o/Documents/GitHub/P8ToBeAnnounced/P8_VR_Home/Saved/Autosaves/Game/VRTemplate/Maps/VRTemplateMap_Auto2.umap'
[2022.04.05-13.47.13:933][222]LogFileHelpers: Editor autosave (incl. external actors) for '/Game/VRTemplate/Maps/VRTemplateMap' took 0.135
[2022.04.05-13.47.13:933][222]LogFileHelpers: Editor autosave (incl. sublevels & external actors) for all levels took 0.135
[2022.04.05-13.47.13:933][222]OBJ SavePackage: Generating thumbnails for [2] asset(s) in package [/Game/ScriptsBluePrints/torque_wheell] ([2] browsable assets)...
[2022.04.05-13.47.13:940][222]OBJ SavePackage:     Rendered thumbnail for [Blueprint /Game/ScriptsBluePrints/torque_wheell.torque_wheell]
[2022.04.05-13.47.13:940][222]OBJ SavePackage: Finished generating thumbnails for package [/Game/ScriptsBluePrints/torque_wheell]
[2022.04.05-13.47.13:956][222]LogSavePackage: Moving '../../../../../../Users/qwe_o/Documents/GitHub/P8ToBeAnnounced/P8_VR_Home/Saved/torque_wheell_Auto27DC828164EFD8A9667C3EB9F2685C2EB.tmp' to '../../../../../../Users/qwe_o/Documents/GitHub/P8ToBeAnnounced/P8_VR_Home/Saved/Autosaves/Game/ScriptsBluePrints/torque_wheell_Auto2.uasset'
[2022.04.05-13.47.13:957][222]LogFileHelpers: Auto-saving content packages took 0.024
[2022.04.05-13.47.31:842][288]BlueprintLog: New page: Compile torque_wheell
[2022.04.05-13.47.31:883][288]LogUObjectHash: Compacting FUObjectHashTables data took   2.65ms
[2022.04.05-13.48.10:069][574]BlueprintLog: New page: Compile torque_wheell
[2022.04.05-13.48.10:110][574]LogUObjectHash: Compacting FUObjectHashTables data took   3.21ms
[2022.04.05-13.48.11:503][655]LogSlate: Window 'torque_wheell' being destroyed
[2022.04.05-13.48.11:506][655]LogSlate: Window 'torque_wheell' being destroyed
[2022.04.05-13.48.11:510][655]LogWorld: UWorld::CleanupWorld for World_2, bSessionEnded=true, bCleanupResources=true
[2022.04.05-13.48.11:510][655]LogSlate: InvalidateAllWidgets triggered.  All widgets were invalidated
[2022.04.05-13.48.11:563][655]LogActorComponent: UnregisterComponent: (/Engine/Transient.EditorFloorComp) Not registered. Aborting.
[2022.04.05-13.48.11:564][655]LogWorld: UWorld::CleanupWorld for World_5, bSessionEnded=true, bCleanupResources=true
[2022.04.05-13.48.11:564][655]LogSlate: InvalidateAllWidgets triggered.  All widgets were invalidated
[2022.04.05-13.48.13:570][770]LogUObjectHash: Compacting FUObjectHashTables data took   2.97ms
[2022.04.05-13.48.15:189][770]LogSlate: Window 'Save Content' being destroyed
[2022.04.05-13.48.15:241][770]LogSavePackage: Moving '../../../../../../Users/qwe_o/Documents/GitHub/P8ToBeAnnounced/P8_VR_Home/Saved/torque_wheellC3E7A7184B38FC79D875C59FAA4D5F6D.tmp' to '../../../../../../Users/qwe_o/Documents/GitHub/P8ToBeAnnounced/P8_VR_Home/Content/ScriptsBluePrints/torque_wheell.uasset'
[2022.04.05-13.48.15:280][770]LogUObjectHash: Compacting FUObjectHashTables data took   2.83ms
[2022.04.05-13.48.15:384][770]LogSavePackage: Moving '../../../../../../Users/qwe_o/Documents/GitHub/P8ToBeAnnounced/P8_VR_Home/Saved/VRTemplateMap4DC505DB486EAD801840B080CE1BFBFE.tmp' to '../../../../../../Users/qwe_o/Documents/GitHub/P8ToBeAnnounced/P8_VR_Home/Content/VRTemplate/Maps/VRTemplateMap.umap'
[2022.04.05-13.48.15:393][770]LogFileHelpers: Saving map 'VRTemplateMap' took 0.151
[2022.04.05-13.48.15:418][770]LogSlate: Window 'P8_VR_Home - Unreal Editor' being destroyed
[2022.04.05-13.48.15:418][770]LogWindowsTextInputMethodSystem: Display: IME system deactivated.
[2022.04.05-13.48.15:518][770]AssetCheck: New page: Asset Save: multiple assets
[2022.04.05-13.48.15:518][770]LogContentValidation: Display: Validating Blueprint /Game/ScriptsBluePrints/torque_wheell.torque_wheell
[2022.04.05-13.48.15:518][770]LogContentValidation: Display: Validating World /Game/VRTemplate/Maps/VRTemplateMap.VRTemplateMap
[2022.04.05-13.48.15:522][771]Cmd: QUIT_EDITOR
[2022.04.05-13.48.15:522][771]LogCore: Engine exit requested (reason: UUnrealEdEngine::CloseEditor())
[2022.04.05-13.48.15:524][771]LogCore: Engine exit requested (reason: EngineExit() was called; note: exit was already requested)
[2022.04.05-13.48.15:658][771]LogAudio: Display: Beginning Audio Device Manager Shutdown (Module: AudioMixerXAudio2)...
[2022.04.05-13.48.15:658][771]LogAudio: Display: Destroying 1 Remaining Audio Device(s)...
[2022.04.05-13.48.15:658][771]LogAudio: Display: Audio Device unregistered from world 'VRTemplateMap'.
[2022.04.05-13.48.15:658][771]LogResonanceAudio: Display: Resonance Audio Listener is shutdown
[2022.04.05-13.48.15:658][771]LogAudioMixer: FMixerPlatformXAudio2::StopAudioStream() called
[2022.04.05-13.48.15:659][771]LogAudioMixer: FMixerPlatformXAudio2::StopAudioStream() called
[2022.04.05-13.48.16:357][771]LogAudio: Display: Audio Device Manager Shutdown
[2022.04.05-13.48.16:368][771]LogExit: Preparing to exit.
[2022.04.05-13.48.16:385][771]LogUObjectHash: Compacting FUObjectHashTables data took   1.85ms
[2022.04.05-13.48.17:517][771]LogWorld: UWorld::CleanupWorld for World_0, bSessionEnded=true, bCleanupResources=true
[2022.04.05-13.48.17:518][771]LogWorld: UWorld::CleanupWorld for World_1, bSessionEnded=true, bCleanupResources=true
[2022.04.05-13.48.17:519][771]LogWorld: UWorld::CleanupWorld for World_3, bSessionEnded=true, bCleanupResources=true
[2022.04.05-13.48.17:520][771]LogWorld: UWorld::CleanupWorld for World_4, bSessionEnded=true, bCleanupResources=true
[2022.04.05-13.48.17:526][771]LogDirectoryWatcher: Display: A directory notification failed, and we were unable to create a new request. GetLastError code [6] Handle [FFFFFFFFFFFFFFFF], Path [C:/Users/qwe_o/Documents/GitHub/P8ToBeAnnounced/P8_VR_Home/Content/] 
[2022.04.05-13.48.17:558][771]LogDemo: Cleaned up 0 splitscreen connections with owner deletion
[2022.04.05-13.48.17:564][771]LogWorld: UWorld::CleanupWorld for None, bSessionEnded=true, bCleanupResources=true
[2022.04.05-13.48.17:565][771]LogExit: Editor shut down
[2022.04.05-13.48.17:568][771]LogExit: Transaction tracking system shut down
[2022.04.05-13.48.17:851][771]LogExit: Object subsystem successfully closed.
[2022.04.05-13.48.17:868][771]LogShaderCompilers: Display: === FShaderJobCache stats ===
[2022.04.05-13.48.17:868][771]LogShaderCompilers: Display: Total job queries 25, among them cache hits 0 (0.00%)
[2022.04.05-13.48.17:868][771]LogShaderCompilers: Display: Tracking 25 distinct input hashes that result in 21 distinct outputs (84.00%)
[2022.04.05-13.48.17:868][771]LogShaderCompilers: Display: RAM used: 0.59 MB (0.00 GB) of 819.20 MB (0.80 GB) budget. Usage: 0.07%
[2022.04.05-13.48.17:868][771]LogShaderCompilers: Display: ================================================
[2022.04.05-13.48.17:877][771]LogShaderCompilers: Display: Shaders left to compile 0
[2022.04.05-13.48.17:903][771]LogModuleManager: Shutting down and abandoning module MovieSceneCapture (910)
[2022.04.05-13.48.17:903][771]LogModuleManager: Shutting down and abandoning module Voice (908)
[2022.04.05-13.48.17:903][771]LogModuleManager: Shutting down and abandoning module BlueprintGraph (906)
[2022.04.05-13.48.17:903][771]LogModuleManager: Shutting down and abandoning module HierarchicalLODOutliner (904)
[2022.04.05-13.48.17:903][771]LogModuleManager: Shutting down and abandoning module AddContentDialog (902)
[2022.04.05-13.48.17:903][771]LogModuleManager: Shutting down and abandoning module WidgetCarousel (901)
[2022.04.05-13.48.17:903][771]LogModuleManager: Shutting down and abandoning module EditorWidgets (898)
[2022.04.05-13.48.17:903][771]LogModuleManager: Shutting down and abandoning module SceneOutliner (896)
[2022.04.05-13.48.17:903][771]LogModuleManager: Shutting down and abandoning module StatsViewer (894)
[2022.04.05-13.48.17:903][771]LogModuleManager: Shutting down and abandoning module PIEPreviewDeviceProfileSelector (892)
[2022.04.05-13.48.17:903][771]LogModuleManager: Shutting down and abandoning module SequenceRecorderSections (890)
[2022.04.05-13.48.17:903][771]LogModuleManager: Shutting down and abandoning module AutomationWorker (888)
[2022.04.05-13.48.17:903][771]LogModuleManager: Shutting down and abandoning module OculusMR (886)
[2022.04.05-13.48.17:903][771]LogModuleManager: Shutting down and abandoning module TakeRecorderSources (884)
[2022.04.05-13.48.17:903][771]LogModuleManager: Shutting down and abandoning module TakeRecorder (883)
[2022.04.05-13.48.17:903][771]LogModuleManager: Shutting down and abandoning module TakeTrackRecorders (880)
[2022.04.05-13.48.17:903][771]LogModuleManager: Shutting down and abandoning module TakesCore (878)
[2022.04.05-13.48.17:903][771]LogModuleManager: Shutting down and abandoning module ResonanceAudioEditor (876)
[2022.04.05-13.48.17:903][771]LogModuleManager: Shutting down and abandoning module OpenXRInput (874)
[2022.04.05-13.48.17:903][771]LogModuleManager: Shutting down and abandoning module GooglePADEditor (872)
[2022.04.05-13.48.17:903][771]LogModuleManager: Shutting down and abandoning module AudioCaptureEditor (870)
[2022.04.05-13.48.17:903][771]LogModuleManager: Shutting down and abandoning module TemplateSequenceEditor (868)
[2022.04.05-13.48.17:903][771]LogModuleManager: Shutting down and abandoning module LevelSequenceEditor (866)
[2022.04.05-13.48.17:903][771]LogModuleManager: Shutting down and abandoning module MatineeToLevelSequence (864)
[2022.04.05-13.48.17:904][771]LogModuleManager: Shutting down and abandoning module ActorSequenceEditor (862)
[2022.04.05-13.48.17:904][771]LogModuleManager: Shutting down and abandoning module PlanarCut (860)
[2022.04.05-13.48.17:904][771]LogModuleManager: Shutting down and abandoning module WmfMediaFactory (858)
[2022.04.05-13.48.17:904][771]LogModuleManager: Shutting down and abandoning module WmfMediaEditor (856)
[2022.04.05-13.48.17:904][771]LogModuleManager: Shutting down and abandoning module WebMMediaFactory (854)
[2022.04.05-13.48.17:904][771]LogModuleManager: Shutting down and abandoning module WebMMediaEditor (852)
[2022.04.05-13.48.17:904][771]LogModuleManager: Shutting down and abandoning module WebMMedia (850)
[2022.04.05-13.48.17:904][771]LogModuleManager: Shutting down and abandoning module MediaCompositingEditor (848)
[2022.04.05-13.48.17:904][771]LogModuleManager: Shutting down and abandoning module SequenceRecorder (847)
[2022.04.05-13.48.17:904][771]LogModuleManager: Shutting down and abandoning module MediaPlayerEditor (844)
[2022.04.05-13.48.17:904][771]LogModuleManager: Shutting down and abandoning module OpenExrWrapper (842)
[2022.04.05-13.48.17:904][771]LogModuleManager: Shutting down and abandoning module ImgMediaFactory (840)
[2022.04.05-13.48.17:904][771]LogModuleManager: Shutting down and abandoning module ImgMediaEditor (838)
[2022.04.05-13.48.17:904][771]LogModuleManager: Shutting down and abandoning module AvfMediaFactory (836)
[2022.04.05-13.48.17:904][771]LogModuleManager: Shutting down and abandoning module AvfMediaEditor (834)
[2022.04.05-13.48.17:904][771]LogModuleManager: Shutting down and abandoning module AndroidMediaFactory (832)
[2022.04.05-13.48.17:904][771]LogModuleManager: Shutting down and abandoning module AndroidMediaEditor (830)
[2022.04.05-13.48.17:904][771]LogModuleManager: Shutting down and abandoning module CharacterAI (828)
[2022.04.05-13.48.17:904][771]LogModuleManager: Shutting down and abandoning module MagicLeapMediaCodecFactory (826)
[2022.04.05-13.48.17:904][771]LogModuleManager: Shutting down and abandoning module MagicLeapMediaFactory (824)
[2022.04.05-13.48.17:904][771]LogModuleManager: Shutting down and abandoning module MagicLeapMediaEditor (822)
[2022.04.05-13.48.17:904][771]LogModuleManager: Shutting down and abandoning module CameraShakePreviewer (820)
[2022.04.05-13.48.17:904][771]LogModuleManager: Shutting down and abandoning module TextureAlignMode (818)
[2022.04.05-13.48.17:904][771]LogModuleManager: Shutting down and abandoning module BspMode (816)
[2022.04.05-13.48.17:904][771]LogModuleManager: Shutting down and abandoning module GeometryMode (814)
[2022.04.05-13.48.17:904][771]LogModuleManager: Shutting down and abandoning module SmartSnapping (812)
[2022.04.05-13.48.17:904][771]LogModuleManager: Shutting down and abandoning module SessionServices (810)
[2022.04.05-13.48.17:904][771]LogModuleManager: Shutting down and abandoning module MeshPaint (808)
[2022.04.05-13.48.17:904][771]LogModuleManager: Shutting down and abandoning module VirtualTexturingEditor (806)
[2022.04.05-13.48.17:904][771]LogModuleManager: Shutting down and abandoning module FoliageEdit (804)
[2022.04.05-13.48.17:904][771]LogModuleManager: Shutting down and abandoning module LandscapeEditor (802)
[2022.04.05-13.48.17:904][771]LogModuleManager: Shutting down and abandoning module MeshPaintMode (800)
[2022.04.05-13.48.17:904][771]LogModuleManager: Shutting down and abandoning module SceneDepthPickerMode (798)
[2022.04.05-13.48.17:904][771]LogModuleManager: Shutting down and abandoning module ActorPickerMode (796)
[2022.04.05-13.48.17:904][771]LogModuleManager: Shutting down and abandoning module PlacementMode (794)
[2022.04.05-13.48.17:904][771]LogModuleManager: Shutting down and abandoning module ViewportSnapping (792)
[2022.04.05-13.48.17:904][771]LogModuleManager: Shutting down and abandoning module ViewportInteraction (790)
[2022.04.05-13.48.17:904][771]LogModuleManager: Shutting down and abandoning module ClothPainter (788)
[2022.04.05-13.48.17:904][771]LogModuleManager: Shutting down and abandoning module SkeletalMeshEditor (787)
[2022.04.05-13.48.17:904][771]LogModuleManager: Shutting down and abandoning module LogVisualizer (784)
[2022.04.05-13.48.17:904][771]LogModuleManager: Shutting down and abandoning module IntroTutorials (782)
[2022.04.05-13.48.17:904][771]LogModuleManager: Shutting down and abandoning module GameProjectGeneration (781)
[2022.04.05-13.48.17:904][771]LogModuleManager: Shutting down and abandoning module LuminPlatformEditor (778)
[2022.04.05-13.48.17:904][771]LogModuleManager: Shutting down and abandoning module IOSPlatformEditor (776)
[2022.04.05-13.48.17:904][771]LogModuleManager: Shutting down and abandoning module AndroidPlatformEditor (774)
[2022.04.05-13.48.17:904][771]LogModuleManager: Shutting down and abandoning module AndroidDeviceDetection (773)
[2022.04.05-13.48.18:155][771]LogModuleManager: Shutting down and abandoning module WindowsPlatformEditor (770)
[2022.04.05-13.48.18:155][771]LogModuleManager: Shutting down and abandoning module LuminRuntimeSettings (768)
[2022.04.05-13.48.18:155][771]LogModuleManager: Shutting down and abandoning module IOSRuntimeSettings (766)
[2022.04.05-13.48.18:155][771]LogModuleManager: Shutting down and abandoning module AndroidRuntimeSettings (764)
[2022.04.05-13.48.18:155][771]LogModuleManager: Shutting down and abandoning module TraceInsights (762)
[2022.04.05-13.48.18:156][771]MemoryProfiler: Shutdown
[2022.04.05-13.48.18:156][771]NetworkingProfiler: Shutdown
[2022.04.05-13.48.18:156][771]LoadingProfiler: Shutdown
[2022.04.05-13.48.18:156][771]TimingProfiler: Shutdown
[2022.04.05-13.48.18:156][771]LogModuleManager: Shutting down and abandoning module TraceServices (761)
[2022.04.05-13.48.18:156][771]LogModuleManager: Shutting down and abandoning module EditorInteractiveToolsFramework (758)
[2022.04.05-13.48.18:156][771]LogModuleManager: Shutting down and abandoning module TimeManagementEditor (756)
[2022.04.05-13.48.18:156][771]LogModuleManager: Shutting down and abandoning module InputBindingEditor (754)
[2022.04.05-13.48.18:156][771]LogModuleManager: Shutting down and abandoning module MergeActors (752)
[2022.04.05-13.48.18:156][771]LogModuleManager: Shutting down and abandoning module LocalizationDashboard (750)
[2022.04.05-13.48.18:156][771]LogModuleManager: Shutting down and abandoning module LocalizationService (749)
[2022.04.05-13.48.18:156][771]LogModuleManager: Shutting down and abandoning module HardwareTargeting (746)
[2022.04.05-13.48.18:156][771]LogModuleManager: Shutting down and abandoning module DeviceProfileEditor (744)
[2022.04.05-13.48.18:156][771]LogModuleManager: Shutting down and abandoning module UndoHistory (742)
[2022.04.05-13.48.18:156][771]LogModuleManager: Shutting down and abandoning module XmlParser (740)
[2022.04.05-13.48.18:156][771]LogModuleManager: Shutting down and abandoning module Blutility (738)
[2022.04.05-13.48.18:156][771]LogModuleManager: Shutting down and abandoning module ProjectSettingsViewer (736)
[2022.04.05-13.48.18:156][771]LogModuleManager: Shutting down and abandoning module ProjectTargetPlatformEditor (735)
[2022.04.05-13.48.18:156][771]LogModuleManager: Shutting down and abandoning module EditorSettingsViewer (732)
[2022.04.05-13.48.18:156][771]LogModuleManager: Shutting down and abandoning module InternationalizationSettings (731)
[2022.04.05-13.48.18:156][771]LogModuleManager: Shutting down and abandoning module SettingsEditor (728)
[2022.04.05-13.48.18:156][771]LogModuleManager: Shutting down and abandoning module ProjectLauncher (726)
[2022.04.05-13.48.18:156][771]LogModuleManager: Shutting down and abandoning module SessionFrontend (724)
[2022.04.05-13.48.18:156][771]LogModuleManager: Shutting down and abandoning module ProfilerClient (722)
[2022.04.05-13.48.18:156][771]LogModuleManager: Shutting down and abandoning module DeviceManager (720)
[2022.04.05-13.48.18:156][771]LogModuleManager: Shutting down and abandoning module TargetDeviceServices (719)
[2022.04.05-13.48.18:187][771]LogModuleManager: Shutting down and abandoning module AutomationController (716)
[2022.04.05-13.48.18:187][771]LogModuleManager: Shutting down and abandoning module AutomationWindow (714)
[2022.04.05-13.48.18:187][771]LogModuleManager: Shutting down and abandoning module Layers (712)
[2022.04.05-13.48.18:187][771]LogModuleManager: Shutting down and abandoning module ComponentVisualizers (710)
[2022.04.05-13.48.18:187][771]LogModuleManager: Shutting down and abandoning module DetailCustomizations (708)
[2022.04.05-13.48.18:187][771]LogModuleManager: Shutting down and abandoning module PackagesDialog (706)
[2022.04.05-13.48.18:187][771]LogModuleManager: Shutting down and abandoning module AnimationBlueprintEditor (704)
[2022.04.05-13.48.18:187][771]LogModuleManager: Shutting down and abandoning module Persona (702)
[2022.04.05-13.48.18:187][771]LogModuleManager: Shutting down and abandoning module AnimGraph (701)
[2022.04.05-13.48.18:187][771]LogModuleManager: Shutting down and abandoning module Kismet (698)
[2022.04.05-13.48.18:195][771]LogModuleManager: Shutting down and abandoning module KismetWidgets (697)
[2022.04.05-13.48.18:195][771]LogModuleManager: Shutting down and abandoning module GraphEditor (694)
[2022.04.05-13.48.18:195][771]LogModuleManager: Shutting down and abandoning module StructViewer (692)
[2022.04.05-13.48.18:195][771]LogModuleManager: Shutting down and abandoning module ClassViewer (690)
[2022.04.05-13.48.18:195][771]LogModuleManager: Shutting down and abandoning module Toolbox (688)
[2022.04.05-13.48.18:195][771]LogModuleManager: Shutting down and abandoning module ModuleUI (686)
[2022.04.05-13.48.18:195][771]LogModuleManager: Shutting down and abandoning module OutputLog (684)
[2022.04.05-13.48.18:196][771]LogModuleManager: Shutting down and abandoning module GammaUI (682)
[2022.04.05-13.48.18:196][771]LogModuleManager: Shutting down and abandoning module Documentation (680)
[2022.04.05-13.48.18:196][771]LogModuleManager: Shutting down and abandoning module LiveCoding (678)
[2022.04.05-13.48.18:196][771]LogModuleManager: Shutting down and abandoning module LevelSequence (676)
[2022.04.05-13.48.18:196][771]LogModuleManager: Shutting down and abandoning module MovieSceneTracks (674)
[2022.04.05-13.48.18:196][771]LogModuleManager: Shutting down and abandoning module MovieScene (672)
[2022.04.05-13.48.18:196][771]LogModuleManager: Shutting down and abandoning module StreamingPauseRendering (670)
[2022.04.05-13.48.18:196][771]LogModuleManager: Shutting down and abandoning module LauncherPlatform (668)
[2022.04.05-13.48.18:196][771]LogModuleManager: Shutting down and abandoning module AnalyticsET (666)
[2022.04.05-13.48.18:196][771]LogModuleManager: Shutting down and abandoning module PortalServices (664)
[2022.04.05-13.48.18:196][771]LogModuleManager: Shutting down and abandoning module PortalRpc (662)
[2022.04.05-13.48.18:196][771]LogModuleManager: Shutting down and abandoning module MessagingRpc (660)
[2022.04.05-13.48.18:196][771]LogModuleManager: Shutting down and abandoning module AudioMixerXAudio2 (658)
[2022.04.05-13.48.18:196][771]LogModuleManager: Shutting down and abandoning module AudioMixerCore (657)
[2022.04.05-13.48.18:196][771]LogModuleManager: Shutting down and abandoning module AIModule (654)
[2022.04.05-13.48.18:196][771]LogModuleManager: Shutting down and abandoning module GameplayDebugger (653)
[2022.04.05-13.48.18:196][771]LogModuleManager: Shutting down and abandoning module AITestSuite (651)
[2022.04.05-13.48.18:196][771]LogModuleManager: Shutting down and abandoning module NavigationSystem (649)
[2022.04.05-13.48.18:196][771]LogModuleManager: Shutting down and abandoning module ImageWriteQueue (646)
[2022.04.05-13.48.18:202][771]LogModuleManager: Shutting down and abandoning module ProfilerService (644)
[2022.04.05-13.48.18:409][771]LogModuleManager: Shutting down and abandoning module TaskGraph (642)
[2022.04.05-13.48.18:409][771]LogModuleManager: Shutting down and abandoning module AudioSynesthesiaEditor (640)
[2022.04.05-13.48.18:409][771]LogModuleManager: Shutting down and abandoning module OculusEditor (638)
[2022.04.05-13.48.18:409][771]LogModuleManager: Shutting down and abandoning module OculusInput (636)
[2022.04.05-13.48.18:409][771]LogModuleManager: Shutting down and abandoning module ContentBrowserAssetDataSource (634)
[2022.04.05-13.48.18:409][771]LogModuleManager: Shutting down and abandoning module ContentBrowserFileDataSource (632)
[2022.04.05-13.48.18:409][771]LogModuleManager: Shutting down and abandoning module ContentBrowserClassDataSource (630)
[2022.04.05-13.48.18:409][771]LogModuleManager: Shutting down and abandoning module CollectionManager (629)
[2022.04.05-13.48.18:410][771]LogModuleManager: Shutting down and abandoning module TakeSequencer (626)
[2022.04.05-13.48.18:410][771]LogModuleManager: Shutting down and abandoning module TakeMovieScene (624)
[2022.04.05-13.48.18:410][771]LogModuleManager: Shutting down and abandoning module SynthesisEditor (622)
[2022.04.05-13.48.18:410][771]LogModuleManager: Shutting down and abandoning module Synthesis (620)
[2022.04.05-13.48.18:410][771]LogModuleManager: Shutting down and abandoning module ResonanceAudio (618)
[2022.04.05-13.48.18:410][771]LogModuleManager: Shutting down and abandoning module ProceduralMeshComponentEditor (616)
[2022.04.05-13.48.18:410][771]LogModuleManager: Shutting down and abandoning module ProceduralMeshComponent (614)
[2022.04.05-13.48.18:410][771]LogModuleManager: Shutting down and abandoning module OpenXREditor (612)
[2022.04.05-13.48.18:410][771]LogModuleManager: Shutting down and abandoning module MobilePatchingUtils (610)
[2022.04.05-13.48.18:410][771]LogModuleManager: Shutting down and abandoning module ScreenshotTools (608)
[2022.04.05-13.48.18:410][771]LogModuleManager: Shutting down and abandoning module GooglePAD (606)
[2022.04.05-13.48.18:410][771]LogModuleManager: Shutting down and abandoning module EditableMesh (604)
[2022.04.05-13.48.18:410][771]LogModuleManager: Shutting down and abandoning module CustomMeshComponent (602)
[2022.04.05-13.48.18:410][771]LogModuleManager: Shutting down and abandoning module CableComponent (600)
[2022.04.05-13.48.18:410][771]LogModuleManager: Shutting down and abandoning module AudioCapture (598)
[2022.04.05-13.48.18:410][771]LogModuleManager: Shutting down and abandoning module AudioCaptureRtAudio (597)
[2022.04.05-13.48.18:410][771]LogModuleManager: Shutting down and abandoning module ArchVisCharacter (594)
[2022.04.05-13.48.18:410][771]LogModuleManager: Shutting down and abandoning module AssetTags (592)
[2022.04.05-13.48.18:410][771]LogModuleManager: Shutting down and abandoning module AppleImageUtilsBlueprintSupport (590)
[2022.04.05-13.48.18:410][771]LogModuleManager: Shutting down and abandoning module AppleImageUtils (588)
[2022.04.05-13.48.18:410][771]LogModuleManager: Shutting down and abandoning module AndroidPermission (586)
[2022.04.05-13.48.18:410][771]LogModuleManager: Shutting down and abandoning module ActorLayerUtilitiesEditor (584)
[2022.04.05-13.48.18:410][771]LogModuleManager: Shutting down and abandoning module ActorLayerUtilities (582)
[2022.04.05-13.48.18:410][771]LogModuleManager: Shutting down and abandoning module TemplateSequence (580)
[2022.04.05-13.48.18:410][771]LogModuleManager: Shutting down and abandoning module MotoSynthEditor (578)
[2022.04.05-13.48.18:410][771]LogModuleManager: Shutting down and abandoning module MotoSynth (576)
[2022.04.05-13.48.18:410][771]LogModuleManager: Shutting down and abandoning module OpenImageDenoise (574)
[2022.04.05-13.48.18:410][771]LogOpenImageDenoise: OIDN shutting down
[2022.04.05-13.48.18:410][771]LogModuleManager: Shutting down and abandoning module MeshConversion (572)
[2022.04.05-13.48.18:410][771]LogModuleManager: Shutting down and abandoning module DynamicMesh (570)
[2022.04.05-13.48.18:410][771]LogModuleManager: Shutting down and abandoning module GeometryAlgorithms (568)
[2022.04.05-13.48.18:410][771]LogModuleManager: Shutting down and abandoning module GeometricObjects (566)
[2022.04.05-13.48.18:410][771]LogModuleManager: Shutting down and abandoning module MediaCompositing (564)
[2022.04.05-13.48.18:410][771]LogModuleManager: Shutting down and abandoning module ImgMedia (562)
[2022.04.05-13.48.18:410][771]LogModuleManager: Shutting down and abandoning module GeometryCollectionTracks (560)
[2022.04.05-13.48.18:410][771]LogModuleManager: Shutting down and abandoning module GeometryCollectionSequencer (559)
[2022.04.05-13.48.18:410][771]LogModuleManager: Shutting down and abandoning module GeometryCollectionEditor (556)
[2022.04.05-13.48.18:410][771]LogModuleManager: Shutting down and abandoning module GeometryCacheTracks (554)
[2022.04.05-13.48.18:410][771]LogModuleManager: Shutting down and abandoning module GeometryCacheStreamer (552)
[2022.04.05-13.48.18:410][771]LogModuleManager: Shutting down and abandoning module GeometryCacheSequencer (550)
[2022.04.05-13.48.18:410][771]LogModuleManager: Shutting down and abandoning module ChaosNiagara (548)
[2022.04.05-13.48.18:410][771]LogModuleManager: Shutting down and abandoning module ChaosSolverEditor (546)
[2022.04.05-13.48.18:410][771]LogModuleManager: Shutting down and abandoning module FractureEditor (544)
[2022.04.05-13.48.18:410][771]LogModuleManager: Shutting down and abandoning module ChaosClothEditor (542)
[2022.04.05-13.48.18:410][771]LogModuleManager: Shutting down and abandoning module BackChannel (540)
[2022.04.05-13.48.18:410][771]LogModuleManager: Shutting down and abandoning module BlastCore (538)
[2022.04.05-13.48.18:410][771]LogModuleManager: Shutting down and abandoning module BlastAuthoring (536)
[2022.04.05-13.48.18:410][771]LogModuleManager: Shutting down and abandoning module AutomationUtilsEditor (534)
[2022.04.05-13.48.18:410][771]LogModuleManager: Shutting down and abandoning module AutomationUtils (532)
[2022.04.05-13.48.18:410][771]LogModuleManager: Shutting down and abandoning module AlembicImporter (530)
[2022.04.05-13.48.18:410][771]LogModuleManager: Shutting down and abandoning module AlembicLibrary (529)
[2022.04.05-13.48.18:410][771]LogModuleManager: Shutting down and abandoning module GeometryCache (528)
[2022.04.05-13.48.18:410][771]LogModuleManager: Shutting down and abandoning module GeometryCacheEd (527)
[2022.04.05-13.48.18:410][771]LogModuleManager: Shutting down and abandoning module MagicLeapSharedWorld (522)
[2022.04.05-13.48.18:410][771]LogModuleManager: Shutting down and abandoning module MagicLeapLightEstimation (520)
[2022.04.05-13.48.18:410][771]LogModuleManager: Shutting down and abandoning module MagicLeapHelperVulkan (518)
[2022.04.05-13.48.18:410][771]LogModuleManager: Shutting down and abandoning module MagicLeapHelperOpenGL (516)
[2022.04.05-13.48.18:410][771]LogModuleManager: Shutting down and abandoning module MagicLeapAudio (514)
[2022.04.05-13.48.18:410][771]LogModuleManager: Shutting down and abandoning module VisualStudioSourceCodeAccess (512)
[2022.04.05-13.48.18:410][771]LogModuleManager: Shutting down and abandoning module UObjectPlugin (510)
[2022.04.05-13.48.18:410][771]LogModuleManager: Shutting down and abandoning module VisualStudioCodeSourceCodeAccess (508)
[2022.04.05-13.48.18:410][771]LogModuleManager: Shutting down and abandoning module SubversionSourceControl (506)
[2022.04.05-13.48.18:410][771]LogModuleManager: Shutting down and abandoning module RiderSourceCodeAccess (504)
[2022.04.05-13.48.18:410][771]LogModuleManager: Shutting down and abandoning module PlasticSourceControl (502)
[2022.04.05-13.48.18:410][771]LogModuleManager: Shutting down and abandoning module PluginUtils (500)
[2022.04.05-13.48.18:410][771]LogModuleManager: Shutting down and abandoning module PerforceSourceControl (498)
[2022.04.05-13.48.18:411][771]LogModuleManager: Shutting down and abandoning module GitSourceControl (496)
[2022.04.05-13.48.18:411][771]LogModuleManager: Shutting down and abandoning module SourceControl (495)
[2022.04.05-13.48.18:411][771]LogModuleManager: Shutting down and abandoning module VariantManager (492)
[2022.04.05-13.48.18:412][771]LogModuleManager: Shutting down and abandoning module CLionSourceCodeAccess (490)
[2022.04.05-13.48.18:412][771]LogModuleManager: Shutting down and abandoning module VariantManagerContentEditor (488)
[2022.04.05-13.48.18:412][771]LogModuleManager: Shutting down and abandoning module AnimationSharingEd (486)
[2022.04.05-13.48.18:412][771]LogModuleManager: Shutting down and abandoning module StaticMeshEditorExtension (484)
[2022.04.05-13.48.18:412][771]LogModuleManager: Shutting down and abandoning module StaticMeshEditor (483)
[2022.04.05-13.48.18:413][771]LogModuleManager: Shutting down and abandoning module AdvancedPreviewScene (482)
[2022.04.05-13.48.18:413][771]LogModuleManager: Shutting down and abandoning module MeshProcessingLibrary (479)
[2022.04.05-13.48.18:413][771]LogModuleManager: Shutting down and abandoning module DirectLinkTest (476)
[2022.04.05-13.48.18:413][771]LogModuleManager: Shutting down and abandoning module DatasmithNativeTranslator (474)
[2022.04.05-13.48.18:413][771]LogModuleManager: Shutting down and abandoning module DatasmithTranslator (472)
[2022.04.05-13.48.18:413][771]LogModuleManager: Shutting down and abandoning module DatasmithImporter (470)
[2022.04.05-13.48.18:413][771]LogModuleManager: Shutting down and abandoning module DatasmithContentEditor (468)
[2022.04.05-13.48.18:413][771]LogModuleManager: Shutting down and abandoning module DataprepEditorScriptingUtilities (466)
[2022.04.05-13.48.18:413][771]LogModuleManager: Shutting down and abandoning module DataprepLibraries (464)
[2022.04.05-13.48.18:413][771]LogModuleManager: Shutting down and abandoning module DataprepCore (462)
[2022.04.05-13.48.18:413][771]LogModuleManager: Shutting down and abandoning module DataprepEditor (460)
[2022.04.05-13.48.18:413][771]LogModuleManager: Shutting down and abandoning module NiagaraEditorWidgets (458)
[2022.04.05-13.48.18:414][771]LogModuleManager: Shutting down and abandoning module SpeedTreeImporter (456)
[2022.04.05-13.48.18:414][771]LogModuleManager: Shutting down and abandoning module MobileLauncherProfileWizard (454)
[2022.04.05-13.48.18:414][771]LogModuleManager: Shutting down and abandoning module PluginBrowser (452)
[2022.04.05-13.48.18:414][771]LogModuleManager: Shutting down and abandoning module PolygonModeling (450)
[2022.04.05-13.48.18:414][771]LogModuleManager: Shutting down and abandoning module MeshEditor (448)
[2022.04.05-13.48.18:414][771]LogModuleManager: Shutting down and abandoning module FieldSystemEngine (447)
[2022.04.05-13.48.18:414][771]LogModuleManager: Shutting down and abandoning module MaterialAnalyzer (444)
[2022.04.05-13.48.18:414][771]LogModuleManager: Shutting down and abandoning module EditorScriptingUtilities (442)
[2022.04.05-13.48.18:414][771]LogModuleManager: Shutting down and abandoning module CurveEditorTools (440)
[2022.04.05-13.48.18:414][771]LogModuleManager: Shutting down and abandoning module CryptoKeysOpenSSL (438)
[2022.04.05-13.48.18:414][771]LogModuleManager: Shutting down and abandoning module CryptoKeys (436)
[2022.04.05-13.48.18:414][771]LogModuleManager: Shutting down and abandoning module OodleNetworkHandlerComponent (434)
[2022.04.05-13.48.18:414][771]LogModuleManager: Shutting down and abandoning module LightPropagationVolumeEditor (432)
[2022.04.05-13.48.18:414][771]LogModuleManager: Shutting down and abandoning module LiveLinkSequencer (430)
[2022.04.05-13.48.18:414][771]LogModuleManager: Shutting down and abandoning module LiveLinkMovieScene (428)
[2022.04.05-13.48.18:414][771]LogModuleManager: Shutting down and abandoning module LiveLinkGraphNode (426)
[2022.04.05-13.48.18:414][771]LogModuleManager: Shutting down and abandoning module LiveLinkEditor (424)
[2022.04.05-13.48.18:414][771]LogModuleManager: Shutting down and abandoning module LiveLinkComponents (422)
[2022.04.05-13.48.18:414][771]LogModuleManager: Shutting down and abandoning module LiveLink (420)
[2022.04.05-13.48.18:792][771]LogModuleManager: Shutting down and abandoning module PaperTiledImporter (418)
[2022.04.05-13.48.18:792][771]LogModuleManager: Shutting down and abandoning module PaperSpriteSheetImporter (416)
[2022.04.05-13.48.18:792][771]LogModuleManager: Shutting down and abandoning module Paper2DEditor (414)
[2022.04.05-13.48.18:792][771]LogModuleManager: Shutting down and abandoning module MeshPaintingToolset (412)
[2022.04.05-13.48.18:792][771]LogModuleManager: Shutting down and abandoning module MeshPaintEditorMode (410)
[2022.04.05-13.48.18:792][771]LogModuleManager: Shutting down and abandoning module P8_VR_Home (408)
[2022.04.05-13.48.18:792][771]LogModuleManager: Shutting down and abandoning module SoundFields (406)
[2022.04.05-13.48.18:792][771]LogModuleManager: Shutting down and abandoning module RuntimePhysXCooking (404)
[2022.04.05-13.48.18:792][771]LogModuleManager: Shutting down and abandoning module SignificanceManager (402)
[2022.04.05-13.48.18:792][771]LogModuleManager: Shutting down and abandoning module PropertyAccessEditor (400)
[2022.04.05-13.48.18:792][771]LogModuleManager: Shutting down and abandoning module PhysXVehiclesEditor (398)
[2022.04.05-13.48.18:792][771]LogModuleManager: Shutting down and abandoning module LocationServicesBPLibrary (394)
[2022.04.05-13.48.18:792][771]LogModuleManager: Shutting down and abandoning module AudioSynesthesia (392)
[2022.04.05-13.48.18:792][771]LogModuleManager: Shutting down and abandoning module AudioSynesthesiaCore (390)
[2022.04.05-13.48.18:792][771]LogModuleManager: Shutting down and abandoning module ActorSequence (388)
[2022.04.05-13.48.18:792][771]LogModuleManager: Shutting down and abandoning module PythonScriptPlugin (386)
[2022.04.05-13.48.18:792][771]LogModuleManager: Shutting down and abandoning module TcpMessaging (384)
[2022.04.05-13.48.18:893][771]LogModuleManager: Shutting down and abandoning module UdpMessaging (382)
[2022.04.05-13.48.18:993][771]LogModuleManager: Shutting down and abandoning module ImgMediaEngine (380)
[2022.04.05-13.48.18:993][771]LogModuleManager: Shutting down and abandoning module MagicLeapARPin (378)
[2022.04.05-13.48.18:993][771]LogModuleManager: Shutting down and abandoning module MagicLeapHandMeshing (376)
[2022.04.05-13.48.18:993][771]LogModuleManager: Shutting down and abandoning module MagicLeapSecureStorage (374)
[2022.04.05-13.48.18:993][771]LogModuleManager: Shutting down and abandoning module MagicLeapPrivileges (372)
[2022.04.05-13.48.18:993][771]LogModuleManager: Shutting down and abandoning module MagicLeapPlanes (370)
[2022.04.05-13.48.18:993][771]LogMagicLeapPlanes: Planes tracker already destroyed.
[2022.04.05-13.48.18:993][771]LogModuleManager: Shutting down and abandoning module MagicLeapImageTracker (368)
[2022.04.05-13.48.18:993][771]LogModuleManager: Shutting down and abandoning module MagicLeapIdentity (366)
[2022.04.05-13.48.18:993][771]LogModuleManager: Shutting down and abandoning module MagicLeapHandTracking (364)
[2022.04.05-13.48.18:993][771]LogModuleManager: Shutting down and abandoning module MagicLeapEyeTracker (362)
[2022.04.05-13.48.18:993][771]LogModuleManager: Shutting down and abandoning module MagicLeapController (360)
[2022.04.05-13.48.18:993][771]LogModuleManager: Shutting down and abandoning module MagicLeapARPinImpl (358)
[2022.04.05-13.48.18:993][771]LogModuleManager: Shutting down and abandoning module MagicLeapAR (356)
[2022.04.05-13.48.18:993][771]LogModuleManager: Shutting down and abandoning module PropertyAccessNode (354)
[2022.04.05-13.48.18:993][771]LogModuleManager: Shutting down and abandoning module AnimationSharing (352)
[2022.04.05-13.48.18:993][771]LogModuleManager: Shutting down and abandoning module NiagaraAnimNotifies (350)
[2022.04.05-13.48.18:993][771]LogModuleManager: Shutting down and abandoning module Niagara (348)
[2022.04.05-13.48.18:993][771]LogModuleManager: Shutting down and abandoning module SignalProcessing (347)
[2022.04.05-13.48.18:993][771]LogModuleManager: Shutting down and abandoning module NiagaraEditor (345)
[2022.04.05-13.48.18:993][771]LogModuleManager: Shutting down and abandoning module NiagaraCore (342)
[2022.04.05-13.48.18:993][771]LogModuleManager: Shutting down and abandoning module GameplayCameras (340)
[2022.04.05-13.48.18:993][771]LogModuleManager: Shutting down and abandoning module GameplayTagsEditor (338)
[2022.04.05-13.48.18:993][771]LogModuleManager: Shutting down and abandoning module FacialAnimationEditor (336)
[2022.04.05-13.48.18:993][771]LogModuleManager: Shutting down and abandoning module FacialAnimation (334)
[2022.04.05-13.48.18:993][771]LogModuleManager: Shutting down and abandoning module DataValidation (332)
[2022.04.05-13.48.18:993][771]LogModuleManager: Shutting down and abandoning module AssetManagerEditor (330)
[2022.04.05-13.48.18:993][771]LogModuleManager: Shutting down and abandoning module LevelEditor (329)
[2022.04.05-13.48.18:994][771]LogModuleManager: Shutting down and abandoning module PixelInspectorModule (328)
[2022.04.05-13.48.18:994][771]LogModuleManager: Shutting down and abandoning module CommonMenuExtensions (326)
[2022.04.05-13.48.18:994][771]LogModuleManager: Shutting down and abandoning module MainFrame (324)
[2022.04.05-13.48.18:994][771]LogModuleManager: Shutting down and abandoning module HotReload (323)
[2022.04.05-13.48.18:995][771]LogModuleManager: Shutting down and abandoning module ToolMenus (319)
[2022.04.05-13.48.18:995][771]LogModuleManager: Shutting down and abandoning module ContentBrowser (317)
[2022.04.05-13.48.18:995][771]LogModuleManager: Shutting down and abandoning module ContentBrowserData (316)
[2022.04.05-13.48.18:995][771]LogModuleManager: Shutting down and abandoning module TreeMap (313)
[2022.04.05-13.48.18:995][771]LogModuleManager: Shutting down and abandoning module LightPropagationVolumeRuntime (310)
[2022.04.05-13.48.18:995][771]LogModuleManager: Shutting down and abandoning module EnvironmentQueryEditor (308)
[2022.04.05-13.48.18:995][771]LogModuleManager: Shutting down and abandoning module Paper2D (306)
[2022.04.05-13.48.18:995][771]LogModuleManager: Shutting down and abandoning module WindowsMoviePlayer (304)
[2022.04.05-13.48.18:996][771]LogModuleManager: Shutting down and abandoning module WebMMoviePlayer (302)
[2022.04.05-13.48.18:996][771]LogModuleManager: Shutting down and abandoning module NetworkReplayStreaming (300)
[2022.04.05-13.48.18:996][771]LogModuleManager: Shutting down and abandoning module PacketHandler (298)
[2022.04.05-13.48.18:996][771]LogModuleManager: Shutting down and abandoning module ClothingSystemEditor (296)
[2022.04.05-13.48.18:996][771]LogModuleManager: Shutting down and abandoning module ClothingSystemRuntimeNv (294)
[2022.04.05-13.48.18:996][771]LogModuleManager: Shutting down and abandoning module MediaAssets (292)
[2022.04.05-13.48.18:996][771]LogModuleManager: Shutting down and abandoning module Overlay (290)
[2022.04.05-13.48.18:996][771]LogModuleManager: Shutting down and abandoning module OverlayEditor (289)
[2022.04.05-13.48.18:996][771]LogModuleManager: Shutting down and abandoning module VREditor (286)
[2022.04.05-13.48.18:996][771]LogModuleManager: Shutting down and abandoning module StringTableEditor (284)
[2022.04.05-13.48.18:996][771]LogModuleManager: Shutting down and abandoning module GameplayTasksEditor (282)
[2022.04.05-13.48.18:997][771]LogModuleManager: Shutting down and abandoning module BehaviorTreeEditor (280)
[2022.04.05-13.48.18:997][771]LogModuleManager: Shutting down and abandoning module FunctionalTesting (278)
[2022.04.05-13.48.18:997][771]LogModuleManager: Shutting down and abandoning module CollisionAnalyzer (276)
[2022.04.05-13.48.18:997][771]LogModuleManager: Shutting down and abandoning module WorkspaceMenuStructure (275)
[2022.04.05-13.48.18:997][771]LogModuleManager: Shutting down and abandoning module UMG (272)
[2022.04.05-13.48.18:997][771]LogModuleManager: Shutting down and abandoning module UMGEditor (271)
[2022.04.05-13.48.18:997][771]LogModuleManager: Shutting down and abandoning module MessageLog (269)
[2022.04.05-13.48.18:997][771]LogModuleManager: Shutting down and abandoning module SlateReflector (264)
[2022.04.05-13.48.18:997][771]LogModuleManager: Shutting down and abandoning module Slate (262)
[2022.04.05-13.48.18:997][771]LogModuleManager: Shutting down and abandoning module SlateCore (260)
[2022.04.05-13.48.18:997][771]LogModuleManager: Shutting down and abandoning module LandscapeEditorUtilities (258)
[2022.04.05-13.48.18:998][771]LogModuleManager: Shutting down and abandoning module UnrealEd (256)
[2022.04.05-13.48.18:998][771]LogModuleManager: Shutting down and abandoning module MRMesh (254)
[2022.04.05-13.48.18:998][771]LogModuleManager: Shutting down and abandoning module SourceCodeAccess (252)
[2022.04.05-13.48.18:998][771]LogModuleManager: Shutting down and abandoning module HeadMountedDisplay (250)
[2022.04.05-13.48.18:998][771]LogModuleManager: Shutting down and abandoning module XAudio2 (248)
[2022.04.05-13.48.18:998][771]LogModuleManager: Shutting down and abandoning module Networking (246)
[2022.04.05-13.48.18:998][771]LogModuleManager: Shutting down and abandoning module Core (244)
[2022.04.05-13.48.18:998][771]LogModuleManager: Shutting down and abandoning module MaterialEditor (242)
[2022.04.05-13.48.18:998][771]LogModuleManager: Shutting down and abandoning module MovieSceneTools (240)
[2022.04.05-13.48.18:998][771]LogModuleManager: Shutting down and abandoning module CurveEditor (239)
[2022.04.05-13.48.18:998][771]LogModuleManager: Shutting down and abandoning module Sequencer (237)
[2022.04.05-13.48.18:998][771]LogModuleManager: Shutting down and abandoning module EditorStyle (236)
[2022.04.05-13.48.18:999][771]LogModuleManager: Shutting down and abandoning module KismetCompiler (232)
[2022.04.05-13.48.18:999][771]LogModuleManager: Shutting down and abandoning module MeshBuilder (230)
[2022.04.05-13.48.18:999][771]LogModuleManager: Shutting down and abandoning module MeshUtilities (228)
[2022.04.05-13.48.18:999][771]LogModuleManager: Shutting down and abandoning module MeshMergeUtilities (227)
[2022.04.05-13.48.18:999][771]LogModuleManager: Shutting down and abandoning module MeshReductionInterface (226)
[2022.04.05-13.48.18:999][771]LogModuleManager: Shutting down and abandoning module MeshBoneReduction (225)
[2022.04.05-13.48.18:999][771]LogModuleManager: Shutting down and abandoning module SkeletalMeshReduction (223)
[2022.04.05-13.48.18:999][771]LogModuleManager: Shutting down and abandoning module ProxyLODMeshReduction (221)
[2022.04.05-13.48.18:999][771]LogModuleManager: Shutting down and abandoning module QuadricMeshReduction (219)
[2022.04.05-13.48.18:999][771]LogModuleManager: Shutting down and abandoning module MaterialBaking (215)
[2022.04.05-13.48.18:999][771]LogModuleManager: Shutting down and abandoning module NullInstallBundleManager (210)
[2022.04.05-13.48.18:999][771]LogModuleManager: Shutting down and abandoning module DerivedDataCache (208)
[2022.04.05-13.48.18:999][771]LogModuleManager: Shutting down and abandoning module TargetPlatform (206)
[2022.04.05-13.48.18:999][771]LogModuleManager: Shutting down and abandoning module VulkanShaderFormat (205)
[2022.04.05-13.48.18:999][771]LogModuleManager: Shutting down and abandoning module ShaderFormatVectorVM (203)
[2022.04.05-13.48.18:999][771]LogModuleManager: Shutting down and abandoning module ShaderFormatOpenGL (201)
[2022.04.05-13.48.18:999][771]LogModuleManager: Shutting down and abandoning module ShaderFormatD3D (199)
[2022.04.05-13.48.18:999][771]LogModuleManager: Shutting down and abandoning module MetalShaderFormat (197)
[2022.04.05-13.48.18:999][771]LogModuleManager: Shutting down and abandoning module TextureFormatOodle (195)
[2022.04.05-13.48.18:999][771]LogModuleManager: Shutting down and abandoning module TextureFormatUncompressed (193)
[2022.04.05-13.48.18:999][771]LogModuleManager: Shutting down and abandoning module TextureFormatPVR (191)
[2022.04.05-13.48.18:999][771]LogModuleManager: Shutting down and abandoning module TextureFormatETC2 (189)
[2022.04.05-13.48.18:999][771]LogModuleManager: Shutting down and abandoning module TextureFormatDXT (187)
[2022.04.05-13.48.18:999][771]LogModuleManager: Shutting down and abandoning module TextureFormatIntelISPCTexComp (185)
[2022.04.05-13.48.18:999][771]LogModuleManager: Shutting down and abandoning module TextureFormatASTC (183)
[2022.04.05-13.48.18:999][771]LogModuleManager: Shutting down and abandoning module ImageWrapper (182)
[2022.04.05-13.48.18:999][771]LogModuleManager: Shutting down and abandoning module AudioFormatOpus (179)
[2022.04.05-13.48.18:999][771]LogModuleManager: Shutting down and abandoning module AudioFormatOgg (177)
[2022.04.05-13.48.18:999][771]LogModuleManager: Shutting down and abandoning module AudioFormatADPCM (175)
[2022.04.05-13.48.18:999][771]LogModuleManager: Shutting down and abandoning module WindowsServerTargetPlatform (173)
[2022.04.05-13.48.18:999][771]LogModuleManager: Shutting down and abandoning module WindowsClientTargetPlatform (171)
[2022.04.05-13.48.18:999][771]LogModuleManager: Shutting down and abandoning module WindowsTargetPlatform (169)
[2022.04.05-13.48.18:999][771]LogModuleManager: Shutting down and abandoning module WindowsNoEditorTargetPlatform (167)
[2022.04.05-13.48.18:999][771]LogModuleManager: Shutting down and abandoning module TVOSTargetPlatform (165)
[2022.04.05-13.48.19:000][771]LogModuleManager: Shutting down and abandoning module MacServerTargetPlatform (163)
[2022.04.05-13.48.19:000][771]LogModuleManager: Shutting down and abandoning module MacClientTargetPlatform (161)
[2022.04.05-13.48.19:000][771]LogModuleManager: Shutting down and abandoning module MacTargetPlatform (159)
[2022.04.05-13.48.19:000][771]LogModuleManager: Shutting down and abandoning module MacNoEditorTargetPlatform (157)
[2022.04.05-13.48.19:000][771]LogModuleManager: Shutting down and abandoning module LuminTargetPlatform (155)
[2022.04.05-13.48.19:001][771]LogModuleManager: Shutting down and abandoning module LinuxAArch64ServerTargetPlatform (153)
[2022.04.05-13.48.19:001][771]LogModuleManager: Shutting down and abandoning module LinuxAArch64ClientTargetPlatform (151)
[2022.04.05-13.48.19:001][771]LogModuleManager: Shutting down and abandoning module LinuxAArch64NoEditorTargetPlatform (149)
[2022.04.05-13.48.19:001][771]LogModuleManager: Shutting down and abandoning module LinuxServerTargetPlatform (147)
[2022.04.05-13.48.19:001][771]LogModuleManager: Shutting down and abandoning module LinuxClientTargetPlatform (145)
[2022.04.05-13.48.19:001][771]LogModuleManager: Shutting down and abandoning module LinuxNoEditorTargetPlatform (143)
[2022.04.05-13.48.19:001][771]LogModuleManager: Shutting down and abandoning module LinuxTargetPlatform (141)
[2022.04.05-13.48.19:001][771]LogModuleManager: Shutting down and abandoning module Messaging (139)
[2022.04.05-13.48.19:001][771]LogModuleManager: Shutting down and abandoning module IOSTargetPlatform (137)
[2022.04.05-13.48.19:001][771]LogModuleManager: Shutting down and abandoning module AndroidTargetPlatform (135)
[2022.04.05-13.48.19:005][771]LogModuleManager: Shutting down and abandoning module AllDesktopTargetPlatform (133)
[2022.04.05-13.48.19:005][771]LogModuleManager: Shutting down and abandoning module D3D11RHI (130)
[2022.04.05-13.48.19:005][771]LogModuleManager: Shutting down and abandoning module InputCore (128)
[2022.04.05-13.48.19:005][771]LogModuleManager: Shutting down and abandoning module Settings (126)
[2022.04.05-13.48.19:005][771]LogModuleManager: Shutting down and abandoning module DirectoryWatcher (124)
[2022.04.05-13.48.19:005][771]LogModuleManager: Shutting down and abandoning module PhysXCooking (122)
[2022.04.05-13.48.19:005][771]LogModuleManager: Shutting down and abandoning module Chaos (120)
[2022.04.05-13.48.19:005][771]LogModuleManager: Shutting down and abandoning module WindowsPlatformFeatures (118)
[2022.04.05-13.48.19:005][771]LogModuleManager: Shutting down and abandoning module GameplayMediaEncoder (117)
[2022.04.05-13.48.19:005][771]LogModuleManager: Shutting down and abandoning module AVEncoder (116)
[2022.04.05-13.48.19:005][771]LogModuleManager: Shutting down and abandoning module OculusHMD (112)
[2022.04.05-13.48.19:005][771]LogModuleManager: Shutting down and abandoning module OculusOpenXRHMD (110)
[2022.04.05-13.48.19:005][771]LogModuleManager: Shutting down and abandoning module OpenXREyeTracker (108)
[2022.04.05-13.48.19:005][771]LogModuleManager: Shutting down and abandoning module OpenXRHandTracking (106)
[2022.04.05-13.48.19:005][771]LogSlate: Slate User Destroyed.  User Index 0, Is Virtual User: 0
[2022.04.05-13.48.19:005][771]LogModuleManager: Shutting down and abandoning module OpenXRAR (104)
[2022.04.05-13.48.19:006][771]LogModuleManager: Shutting down and abandoning module AugmentedReality (103)
[2022.04.05-13.48.19:006][771]LogModuleManager: Shutting down and abandoning module OpenXRHMD (100)
[2022.04.05-13.48.19:008][771]LogModuleManager: Shutting down and abandoning module ExampleDeviceProfileSelector (98)
[2022.04.05-13.48.19:008][771]LogModuleManager: Shutting down and abandoning module ChunkDownloader (96)
[2022.04.05-13.48.19:008][771]LogModuleManager: Shutting down and abandoning module OnlineBlueprintSupport (94)
[2022.04.05-13.48.19:008][771]LogModuleManager: Shutting down and abandoning module OnlineSubsystem (90)
[2022.04.05-13.48.19:009][771]LogModuleManager: Shutting down and abandoning module XMPP (85)
[2022.04.05-13.48.19:009][771]LogModuleManager: Shutting down and abandoning module WebSockets (84)
[2022.04.05-13.48.19:036][771]LogModuleManager: Shutting down and abandoning module HTTP (81)
[2022.04.05-13.48.19:036][771]LogHttp: Display: Http module shutting down, but needs to wait on 1 outstanding Http requests:
[2022.04.05-13.48.19:036][771]LogHttp: Display: 	verb=[POST] url=[https://datarouter.ol.epicgames.com/datarouter/api/v1/public/data?SessionID=%7BEDF09774-46FF-EBF5-AD1E-6FA01BFB3A98%7D&AppID=UEEditor.Rocket.Release&AppVersion=4.27.2-18319896%2B%2B%2BUE4%2BRelease-4.27&UserID=9eb240cc43959d023ba9548660786b6c%7C32bc89cd799e41ec8c630bba4abf8911%7Cd033f29d-7c09-4a5d-b15c-bdf9ea2728a7&AppEnvironment=datacollector-binary&UploadType=eteventstream] refs=[1] status=Processing
[2022.04.05-13.48.19:036][771]LogHttp: Display: cleaning up 1 outstanding Http requests.
[2022.04.05-13.48.19:062][771]LogModuleManager: Shutting down and abandoning module SSL (80)
[2022.04.05-13.48.19:063][771]LogModuleManager: Shutting down and abandoning module LauncherChunkInstaller (76)
[2022.04.05-13.48.19:063][771]LogModuleManager: Shutting down and abandoning module WmfMedia (74)
[2022.04.05-13.48.19:065][771]LogModuleManager: Shutting down and abandoning module Media (73)
[2022.04.05-13.48.19:066][771]LogModuleManager: Shutting down and abandoning module MediaInfo (72)
[2022.04.05-13.48.19:066][771]LogModuleManager: Shutting down and abandoning module ExrReaderGpu (68)
[2022.04.05-13.48.19:066][771]LogModuleManager: Shutting down and abandoning module ChaosCloth (66)
[2022.04.05-13.48.19:066][771]LogModuleManager: Shutting down and abandoning module MLSDK (64)
[2022.04.05-13.48.19:066][771]LogModuleManager: Shutting down and abandoning module MagicLeap (62)
[2022.04.05-13.48.19:066][771]LogModuleManager: Shutting down and abandoning module PixWinPlugin (60)
[2022.04.05-13.48.19:066][771]LogModuleManager: Shutting down and abandoning module VariantManagerContent (58)
[2022.04.05-13.48.19:066][771]LogModuleManager: Shutting down and abandoning module DatasmithContent (56)
[2022.04.05-13.48.19:066][771]LogModuleManager: Shutting down and abandoning module NiagaraVertexFactories (54)
[2022.04.05-13.48.19:066][771]LogModuleManager: Shutting down and abandoning module NiagaraShader (52)
[2022.04.05-13.48.19:066][771]LogModuleManager: Shutting down and abandoning module AISupportModule (50)
[2022.04.05-13.48.19:066][771]LogModuleManager: Shutting down and abandoning module DesktopPlatform (48)
[2022.04.05-13.48.19:066][771]LogModuleManager: Shutting down and abandoning module PlatformCryptoOpenSSL (46)
[2022.04.05-13.48.19:066][771]LogModuleManager: Shutting down and abandoning module PlatformCryptoTypes (44)
[2022.04.05-13.48.19:066][771]LogModuleManager: Shutting down and abandoning module PlatformCrypto (42)
[2022.04.05-13.48.19:066][771]LogModuleManager: Shutting down and abandoning module PythonScriptPluginPreload (40)
[2022.04.05-13.48.19:066][771]LogModuleManager: Shutting down and abandoning module OodleDataCompressionFormat (38)
[2022.04.05-13.48.19:066][771]LogModuleManager: Shutting down and abandoning module XGEController (36)
[2022.04.05-13.48.19:066][771]LogModuleManager: Shutting down and abandoning module AnimationModifiers (34)
[2022.04.05-13.48.19:066][771]LogModuleManager: Shutting down and abandoning module AudioEditor (32)
[2022.04.05-13.48.19:067][771]LogModuleManager: Shutting down and abandoning module PropertyEditor (31)
[2022.04.05-13.48.19:067][771]LogModuleManager: Shutting down and abandoning module TextureCompressor (28)
[2022.04.05-13.48.19:067][771]LogModuleManager: Shutting down and abandoning module RenderCore (26)
[2022.04.05-13.48.19:067][771]LogModuleManager: Shutting down and abandoning module Landscape (24)
[2022.04.05-13.48.19:067][771]LogModuleManager: Shutting down and abandoning module SlateRHIRenderer (22)
[2022.04.05-13.48.19:068][771]LogModuleManager: Shutting down and abandoning module AnimGraphRuntime (20)
[2022.04.05-13.48.19:068][771]LogModuleManager: Shutting down and abandoning module Renderer (18)
[2022.04.05-13.48.19:068][771]LogModuleManager: Shutting down and abandoning module Engine (16)
[2022.04.05-13.48.19:068][771]LogModuleManager: Shutting down and abandoning module CoreUObject (14)
[2022.04.05-13.48.19:068][771]LogModuleManager: Shutting down and abandoning module NetworkFile (12)
[2022.04.05-13.48.19:068][771]LogModuleManager: Shutting down and abandoning module CookedIterativeFile (10)
[2022.04.05-13.48.19:068][771]LogModuleManager: Shutting down and abandoning module StreamingFile (8)
[2022.04.05-13.48.19:068][771]LogModuleManager: Shutting down and abandoning module SandboxFile (6)
[2022.04.05-13.48.19:068][771]LogModuleManager: Shutting down and abandoning module PakFile (4)
[2022.04.05-13.48.19:068][771]LogModuleManager: Shutting down and abandoning module RSA (3)
[2022.04.05-13.48.19:068][771]LogContentStreaming: Display: There are 1 unreleased StreamingManagers
[2022.04.05-13.48.19:086][771]LogD3D11RHI: Shutdown
[2022.04.05-13.48.19:086][771]LogD3D11RHI: CleanupD3DDevice
[2022.04.05-13.48.19:089][771]LogExit: Exiting.
[2022.04.05-13.48.19:092][771]Log file closed, 04/05/22 15:48:19
